timestamp,BTC_market_cap,ETH_market_cap,USDT_market_cap,USDC_market_cap
2013-04-27 23:59:59.999000+00:00,1515587582.88,0.0,0.0,0.0
2013-04-28 07:59:59.999000+00:00,1291704235.36,0.0,0.0,0.0
2013-04-28 19:59:59.999000+00:00,1469491250.0,0.0,0.0,0.0
2013-04-29 07:59:59.999000+00:00,1503054075.0,0.0,0.0,0.0
2013-04-29 19:59:59.999000+00:00,1569977875.0,0.0,0.0,0.0
2013-04-30 07:59:59.999000+00:00,1614473432.0,0.0,0.0,0.0
2013-04-30 19:59:59.999000+00:00,1520428036.75,0.0,0.0,0.0
2013-05-01 03:59:59.999000+00:00,1431687673.5,0.0,0.0,0.0
2013-05-01 15:59:59.999000+00:00,1426590937.5,0.0,0.0,0.0
2013-05-02 03:59:59.999000+00:00,1296368078.7,0.0,0.0,0.0
2013-05-02 15:59:59.999000+00:00,1083241839.33,0.0,0.0,0.0
2013-05-03 03:59:59.999000+00:00,1100930796.0,0.0,0.0,0.0
2013-05-03 15:59:59.999000+00:00,1019354885.78,0.0,0.0,0.0
2013-05-04 03:59:59.999000+00:00,1063058273.33,0.0,0.0,0.0
2013-05-04 11:59:59.999000+00:00,1130826336.15,0.0,0.0,0.0
2013-05-04 23:59:59.999000+00:00,1250316562.5,0.0,0.0,0.0
2013-05-05 11:59:59.999000+00:00,1236796683.52,0.0,0.0,0.0
2013-05-05 23:59:59.999000+00:00,1288693175.5,0.0,0.0,0.0
2013-05-06 11:59:59.999000+00:00,1363549727.5,0.0,0.0,0.0
2013-05-06 23:59:59.999000+00:00,1249023060.0,0.0,0.0,0.0
2013-05-07 11:59:59.999000+00:00,1210332000.0,0.0,0.0,0.0
2013-05-07 19:59:59.999000+00:00,1186553238.75,0.0,0.0,0.0
2013-05-08 07:59:59.999000+00:00,1288382473.0,0.0,0.0,0.0
2013-05-08 19:59:59.999000+00:00,1273249120.0,0.0,0.0,0.0
2013-05-09 07:59:59.999000+00:00,1241209637.5,0.0,0.0,0.0
2013-05-09 19:59:59.999000+00:00,1261916226.0,0.0,0.0,0.0
2013-05-10 07:59:59.999000+00:00,1263735976.0,0.0,0.0,0.0
2013-05-10 19:59:59.999000+00:00,1322989457.0,0.0,0.0,0.0
2013-05-11 03:59:59.999000+00:00,1286972429.25,0.0,0.0,0.0
2013-05-11 15:59:59.999000+00:00,1300070317.7,0.0,0.0,0.0
2013-05-12 03:59:59.999000+00:00,1289378155.0,0.0,0.0,0.0
2013-05-12 15:59:59.999000+00:00,1271909998.5,0.0,0.0,0.0
2013-05-13 03:59:59.999000+00:00,1289421052.5,0.0,0.0,0.0
2013-05-13 15:59:59.999000+00:00,1304623125.0,0.0,0.0,0.0
2013-05-14 03:59:59.999000+00:00,1309872870.0,0.0,0.0,0.0
2013-05-14 11:59:59.999000+00:00,1327331950.0,0.0,0.0,0.0
2013-05-14 23:59:59.999000+00:00,1243874487.5,0.0,0.0,0.0
2013-05-15 11:59:59.999000+00:00,1268002817.7,0.0,0.0,0.0
2013-05-15 23:59:59.999000+00:00,1274623812.5,0.0,0.0,0.0
2013-05-16 11:59:59.999000+00:00,1273716144.0,0.0,0.0,0.0
2013-05-16 23:59:59.999000+00:00,1325726787.0,0.0,0.0,0.0
2013-05-17 11:59:59.999000+00:00,1329748522.5,0.0,0.0,0.0
2013-05-17 19:59:59.999000+00:00,1368451511.25,0.0,0.0,0.0
2013-05-18 07:59:59.999000+00:00,1378140455.0,0.0,0.0,0.0
2013-05-18 19:59:59.999000+00:00,1383171812.75,0.0,0.0,0.0
2013-05-19 07:59:59.999000+00:00,1371052384.0,0.0,0.0,0.0
2013-05-19 19:59:59.999000+00:00,1352621778.75,0.0,0.0,0.0
2013-05-20 07:59:59.999000+00:00,1372824096.2,0.0,0.0,0.0
2013-05-20 15:59:59.999000+00:00,1369158000.0,0.0,0.0,0.0
2013-05-21 03:59:59.999000+00:00,1369481097.75,0.0,0.0,0.0
2013-05-21 15:59:59.999000+00:00,1360787783.25,0.0,0.0,0.0
2013-05-22 03:59:59.999000+00:00,1366598048.75,0.0,0.0,0.0
2013-05-22 15:59:59.999000+00:00,1375149643.75,0.0,0.0,0.0
2013-05-23 03:59:59.999000+00:00,1393803635.0,0.0,0.0,0.0
2013-05-23 15:59:59.999000+00:00,1410326181.25,0.0,0.0,0.0
2013-05-23 23:59:59.999000+00:00,1417769832.5,0.0,0.0,0.0
2013-05-24 11:59:59.999000+00:00,1428362946.72,0.0,0.0,0.0
2013-05-24 23:59:59.999000+00:00,1491070770.0,0.0,0.0,0.0
2013-05-25 11:59:59.999000+00:00,1451021040.0,0.0,0.0,0.0
2013-05-25 23:59:59.999000+00:00,1477958233.0,0.0,0.0,0.0
2013-05-26 11:59:59.999000+00:00,1496229993.0,0.0,0.0,0.0
2013-05-26 23:59:59.999000+00:00,1495293015.0,0.0,0.0,0.0
2013-05-27 07:59:59.999000+00:00,1506938000.0,0.0,0.0,0.0
2013-05-27 19:59:59.999000+00:00,1397406905.0,0.0,0.0,0.0
2013-05-28 07:59:59.999000+00:00,1434620800.0,0.0,0.0,0.0
2013-05-28 19:59:59.999000+00:00,1443119350.0,0.0,0.0,0.0
2013-05-29 07:59:59.999000+00:00,1448593630.0,0.0,0.0,0.0
2013-05-29 19:59:59.999000+00:00,1475801880.0,0.0,0.0,0.0
2013-05-30 07:59:59.999000+00:00,1464172538.5,0.0,0.0,0.0
2013-05-30 15:59:59.999000+00:00,1478506040.0,0.0,0.0,0.0
2013-05-31 03:59:59.999000+00:00,1450197925.0,0.0,0.0,0.0
2013-05-31 15:59:59.999000+00:00,1449299323.55,0.0,0.0,0.0
2013-06-01 03:59:59.999000+00:00,1445734920.0,0.0,0.0,0.0
2013-06-01 15:59:59.999000+00:00,1447304797.5,0.0,0.0,0.0
2013-06-02 03:59:59.999000+00:00,1440297237.25,0.0,0.0,0.0
2013-06-02 15:59:59.999000+00:00,1314173250.0,0.0,0.0,0.0
2013-06-02 23:59:59.999000+00:00,1373837499.9,0.0,0.0,0.0
2013-06-03 11:59:59.999000+00:00,1341561552.0,0.0,0.0,0.0
2013-06-03 23:59:59.999000+00:00,1373708057.9,0.0,0.0,0.0
2013-06-04 11:59:59.999000+00:00,1368133145.0,0.0,0.0,0.0
2013-06-04 23:59:59.999000+00:00,1365337545.0,0.0,0.0,0.0
2013-06-05 11:59:59.999000+00:00,1363498056.0,0.0,0.0,0.0
2013-06-05 23:59:59.999000+00:00,1368486468.75,0.0,0.0,0.0
2013-06-06 07:59:59.999000+00:00,1377672705.0,0.0,0.0,0.0
2013-06-06 19:59:59.999000+00:00,1354874026.8,0.0,0.0,0.0
2013-06-07 07:59:59.999000+00:00,1331460585.0,0.0,0.0,0.0
2013-06-07 19:59:59.999000+00:00,1260817600.0,0.0,0.0,0.0
2013-06-08 07:59:59.999000+00:00,1234011060.0,0.0,0.0,0.0
2013-06-08 19:59:59.999000+00:00,1232498450.75,0.0,0.0,0.0
2013-06-09 07:59:59.999000+00:00,1119551420.25,0.0,0.0,0.0
2013-06-09 15:59:59.999000+00:00,1110444910.62,0.0,0.0,0.0
2013-06-10 03:59:59.999000+00:00,1239405750.0,0.0,0.0,0.0
2013-06-10 15:59:59.999000+00:00,1155126312.5,0.0,0.0,0.0
2013-06-11 03:59:59.999000+00:00,1188363609.0,0.0,0.0,0.0
2013-06-11 15:59:59.999000+00:00,1217551500.0,0.0,0.0,0.0
2013-06-12 03:59:59.999000+00:00,1215668255.25,0.0,0.0,0.0
2013-06-12 11:59:59.999000+00:00,1236035920.0,0.0,0.0,0.0
2013-06-12 23:59:59.999000+00:00,1219969852.5,0.0,0.0,0.0
2013-06-13 11:59:59.999000+00:00,1226434925.0,0.0,0.0,0.0
2013-06-13 23:59:59.999000+00:00,1173637400.0,0.0,0.0,0.0
2013-06-14 11:59:59.999000+00:00,1162563575.0,0.0,0.0,0.0
2013-06-14 23:59:59.999000+00:00,1128709292.08,0.0,0.0,0.0
2013-06-15 11:59:59.999000+00:00,1160644563.22,0.0,0.0,0.0
2013-06-15 19:59:59.999000+00:00,1126823023.5,0.0,0.0,0.0
2013-06-16 07:59:59.999000+00:00,1124012717.25,0.0,0.0,0.0
2013-06-16 19:59:59.999000+00:00,1129757500.0,0.0,0.0,0.0
2013-06-17 07:59:59.999000+00:00,1144205090.5,0.0,0.0,0.0
2013-06-17 19:59:59.999000+00:00,1141677530.0,0.0,0.0,0.0
2013-06-18 07:59:59.999000+00:00,1163841263.2,0.0,0.0,0.0
2013-06-18 19:59:59.999000+00:00,1206703705.5,0.0,0.0,0.0
2013-06-19 03:59:59.999000+00:00,1205860735.2,0.0,0.0,0.0
2013-06-19 15:59:59.999000+00:00,1226758811.75,0.0,0.0,0.0
2013-06-20 03:59:59.999000+00:00,1232559585.95,0.0,0.0,0.0
2013-06-20 15:59:59.999000+00:00,1266874000.0,0.0,0.0,0.0
2013-06-21 03:59:59.999000+00:00,1280693846.7,0.0,0.0,0.0
2013-06-21 15:59:59.999000+00:00,1224337100.0,0.0,0.0,0.0
2013-06-22 03:59:59.999000+00:00,1228879040.12,0.0,0.0,0.0
2013-06-22 11:59:59.999000+00:00,1233555518.0,0.0,0.0,0.0
2013-06-22 23:59:59.999000+00:00,1226110327.5,0.0,0.0,0.0
2013-06-23 11:59:59.999000+00:00,1217191610.85,0.0,0.0,0.0
2013-06-23 23:59:59.999000+00:00,1218626490.0,0.0,0.0,0.0
2013-06-24 11:59:59.999000+00:00,1176459512.25,0.0,0.0,0.0
2013-06-24 23:59:59.999000+00:00,1163935725.67,0.0,0.0,0.0
2013-06-25 11:59:59.999000+00:00,1183994475.75,0.0,0.0,0.0
2013-06-25 19:59:59.999000+00:00,1167218142.67,0.0,0.0,0.0
2013-06-26 07:59:59.999000+00:00,1181915299.6,0.0,0.0,0.0
2013-06-26 19:59:59.999000+00:00,1180977894.25,0.0,0.0,0.0
2013-06-27 07:59:59.999000+00:00,1167893825.0,0.0,0.0,0.0
2013-06-27 19:59:59.999000+00:00,1160752802.62,0.0,0.0,0.0
2013-06-28 07:59:59.999000+00:00,1117092669.0,0.0,0.0,0.0
2013-06-28 19:59:59.999000+00:00,1070434220.78,0.0,0.0,0.0
2013-06-29 03:59:59.999000+00:00,1103943123.25,0.0,0.0,0.0
2013-06-29 15:59:59.999000+00:00,1099557080.12,0.0,0.0,0.0
2013-06-30 03:59:59.999000+00:00,1083979912.5,0.0,0.0,0.0
2013-06-30 15:59:59.999000+00:00,1104632305.0,0.0,0.0,0.0
2013-07-01 03:59:59.999000+00:00,1099109532.6,0.0,0.0,0.0
2013-07-01 15:59:59.999000+00:00,1055146351.5,0.0,0.0,0.0
2013-07-01 23:59:59.999000+00:00,1000065296.25,0.0,0.0,0.0
2013-07-02 11:59:59.999000+00:00,1036811227.75,0.0,0.0,0.0
2013-07-02 23:59:59.999000+00:00,1024082227.85,0.0,0.0,0.0
2013-07-03 11:59:59.999000+00:00,1001507116.75,0.0,0.0,0.0
2013-07-03 23:59:59.999000+00:00,881233115.5,0.0,0.0,0.0
2013-07-04 11:59:59.999000+00:00,924268385.98,0.0,0.0,0.0
2013-07-04 23:59:59.999000+00:00,915618608.9,0.0,0.0,0.0
2013-07-05 07:59:59.999000+00:00,842714649.5,0.0,0.0,0.0
2013-07-05 19:59:59.999000+00:00,762672437.01,0.0,0.0,0.0
2013-07-06 07:59:59.999000+00:00,800334597.78,0.0,0.0,0.0
2013-07-06 19:59:59.999000+00:00,786435689.1,0.0,0.0,0.0
2013-07-07 07:59:59.999000+00:00,773928400.0,0.0,0.0,0.0
2013-07-07 19:59:59.999000+00:00,807604470.55,0.0,0.0,0.0
2013-07-08 07:59:59.999000+00:00,895412430.16,0.0,0.0,0.0
2013-07-08 15:59:59.999000+00:00,853614496.0,0.0,0.0,0.0
2013-07-09 03:59:59.999000+00:00,873726900.0,0.0,0.0,0.0
2013-07-09 15:59:59.999000+00:00,848061422.0,0.0,0.0,0.0
2013-07-10 03:59:59.999000+00:00,877388050.0,0.0,0.0,0.0
2013-07-10 15:59:59.999000+00:00,885240868.75,0.0,0.0,0.0
2013-07-11 03:59:59.999000+00:00,989689396.5,0.0,0.0,0.0
2013-07-11 15:59:59.999000+00:00,981315814.75,0.0,0.0,0.0
2013-07-11 23:59:59.999000+00:00,1014650062.5,0.0,0.0,0.0
2013-07-12 11:59:59.999000+00:00,1127416375.48,0.0,0.0,0.0
2013-07-12 23:59:59.999000+00:00,1067634684.43,0.0,0.0,0.0
2013-07-13 11:59:59.999000+00:00,1050748177.5,0.0,0.0,0.0
2013-07-13 23:59:59.999000+00:00,1119796119.51,0.0,0.0,0.0
2013-07-14 11:59:59.999000+00:00,1088170000.34,0.0,0.0,0.0
2013-07-14 23:59:59.999000+00:00,1080917760.48,0.0,0.0,0.0
2013-07-15 07:59:59.999000+00:00,1084567500.0,0.0,0.0,0.0
2013-07-15 19:59:59.999000+00:00,1129306957.5,0.0,0.0,0.0
2013-07-16 07:59:59.999000+00:00,1124400601.6,0.0,0.0,0.0
2013-07-16 19:59:59.999000+00:00,1112796460.0,0.0,0.0,0.0
2013-07-17 07:59:59.999000+00:00,1135260017.75,0.0,0.0,0.0
2013-07-17 19:59:59.999000+00:00,1119162828.5,0.0,0.0,0.0
2013-07-18 07:59:59.999000+00:00,1000751231.89,0.0,0.0,0.0
2013-07-18 15:59:59.999000+00:00,1016180340.0,0.0,0.0,0.0
2013-07-19 03:59:59.999000+00:00,1011677410.75,0.0,0.0,0.0
2013-07-19 15:59:59.999000+00:00,1078311070.0,0.0,0.0,0.0
2013-07-20 03:59:59.999000+00:00,1047488538.48,0.0,0.0,0.0
2013-07-20 15:59:59.999000+00:00,1048183087.4,0.0,0.0,0.0
2013-07-21 03:59:59.999000+00:00,1030879150.0,0.0,0.0,0.0
2013-07-21 15:59:59.999000+00:00,1007424123.0,0.0,0.0,0.0
2013-07-21 23:59:59.999000+00:00,1038798980.07,0.0,0.0,0.0
2013-07-22 11:59:59.999000+00:00,1050930990.0,0.0,0.0,0.0
2013-07-22 23:59:59.999000+00:00,1048939080.5,0.0,0.0,0.0
2013-07-23 11:59:59.999000+00:00,1062344866.13,0.0,0.0,0.0
2013-07-23 23:59:59.999000+00:00,1094484057.67,0.0,0.0,0.0
2013-07-24 11:59:59.999000+00:00,1070312567.1,0.0,0.0,0.0
2013-07-24 19:59:59.999000+00:00,1083832200.0,0.0,0.0,0.0
2013-07-25 07:59:59.999000+00:00,1083092865.0,0.0,0.0,0.0
2013-07-25 19:59:59.999000+00:00,1101237968.46,0.0,0.0,0.0
2013-07-26 07:59:59.999000+00:00,1105572592.5,0.0,0.0,0.0
2013-07-26 19:59:59.999000+00:00,1102913760.0,0.0,0.0,0.0
2013-07-27 07:59:59.999000+00:00,1076400249.75,0.0,0.0,0.0
2013-07-27 19:59:59.999000+00:00,1081257115.38,0.0,0.0,0.0
2013-07-28 03:59:59.999000+00:00,1086275290.0,0.0,0.0,0.0
2013-07-28 15:59:59.999000+00:00,1124329500.0,0.0,0.0,0.0
2013-07-29 03:59:59.999000+00:00,1135992825.0,0.0,0.0,0.0
2013-07-29 15:59:59.999000+00:00,1159161850.0,0.0,0.0,0.0
2013-07-30 03:59:59.999000+00:00,1162945088.25,0.0,0.0,0.0
2013-07-30 15:59:59.999000+00:00,1173871116.0,0.0,0.0,0.0
2013-07-31 03:59:59.999000+00:00,1214638804.7,0.0,0.0,0.0
2013-07-31 11:59:59.999000+00:00,1253065322.5,0.0,0.0,0.0
2013-07-31 23:59:59.999000+00:00,1218777833.5,0.0,0.0,0.0
2013-08-01 11:59:59.999000+00:00,1227286953.75,0.0,0.0,0.0
2013-08-01 23:59:59.999000+00:00,1195225200.0,0.0,0.0,0.0
2013-08-02 11:59:59.999000+00:00,1227647310.0,0.0,0.0,0.0
2013-08-02 23:59:59.999000+00:00,1201487184.88,0.0,0.0,0.0
2013-08-03 11:59:59.999000+00:00,1189147159.5,0.0,0.0,0.0
2013-08-03 19:59:59.999000+00:00,1200484334.25,0.0,0.0,0.0
2013-08-04 07:59:59.999000+00:00,1196408122.05,0.0,0.0,0.0
2013-08-04 19:59:59.999000+00:00,1208177807.75,0.0,0.0,0.0
2013-08-05 07:59:59.999000+00:00,1219023902.25,0.0,0.0,0.0
2013-08-05 19:59:59.999000+00:00,1225833637.5,0.0,0.0,0.0
2013-08-06 07:59:59.999000+00:00,1228597992.0,0.0,0.0,0.0
2013-08-06 19:59:59.999000+00:00,1229098150.0,0.0,0.0,0.0
2013-08-07 03:59:59.999000+00:00,1229098150.0,0.0,0.0,0.0
2013-08-07 15:59:59.999000+00:00,1229098150.0,0.0,0.0,0.0
2013-08-08 03:59:59.999000+00:00,1224896772.0,0.0,0.0,0.0
2013-08-08 15:59:59.999000+00:00,1169753022.75,0.0,0.0,0.0
2013-08-09 03:59:59.999000+00:00,1196438871.28,0.0,0.0,0.0
2013-08-09 15:59:59.999000+00:00,1179380895.0,0.0,0.0,0.0
2013-08-10 03:59:59.999000+00:00,1181281764.0,0.0,0.0,0.0
2013-08-10 11:59:59.999000+00:00,1184198172.0,0.0,0.0,0.0
2013-08-10 23:59:59.999000+00:00,1188153925.0,0.0,0.0,0.0
2013-08-11 11:59:59.999000+00:00,1199847019.0,0.0,0.0,0.0
2013-08-11 23:59:59.999000+00:00,1211789250.0,0.0,0.0,0.0
2013-08-12 11:59:59.999000+00:00,1201943059.0,0.0,0.0,0.0
2013-08-12 23:59:59.999000+00:00,1231248580.9,0.0,0.0,0.0
2013-08-13 07:59:59.999000+00:00,1234441112.5,0.0,0.0,0.0
2013-08-13 19:59:59.999000+00:00,1253094759.25,0.0,0.0,0.0
2013-08-14 07:59:59.999000+00:00,1293857600.0,0.0,0.0,0.0
2013-08-14 19:59:59.999000+00:00,1300546380.0,0.0,0.0,0.0
2013-08-15 07:59:59.999000+00:00,1284730985.85,0.0,0.0,0.0
2013-08-15 19:59:59.999000+00:00,1286345465.0,0.0,0.0,0.0
2013-08-16 07:59:59.999000+00:00,1260267907.5,0.0,0.0,0.0
2013-08-16 15:59:59.999000+00:00,1274938983.25,0.0,0.0,0.0
2013-08-17 03:59:59.999000+00:00,1252195939.0,0.0,0.0,0.0
2013-08-17 15:59:59.999000+00:00,1290274162.92,0.0,0.0,0.0
2013-08-18 03:59:59.999000+00:00,1301509687.5,0.0,0.0,0.0
2013-08-18 15:59:59.999000+00:00,1324592466.75,0.0,0.0,0.0
2013-08-19 03:59:59.999000+00:00,1340228670.0,0.0,0.0,0.0
2013-08-19 15:59:59.999000+00:00,1368998205.58,0.0,0.0,0.0
2013-08-19 23:59:59.999000+00:00,1377725475.0,0.0,0.0,0.0
2013-08-20 11:59:59.999000+00:00,1400006887.5,0.0,0.0,0.0
2013-08-20 23:59:59.999000+00:00,1403829641.38,0.0,0.0,0.0
2013-08-21 11:59:59.999000+00:00,1407704368.8,0.0,0.0,0.0
2013-08-21 23:59:59.999000+00:00,1428698677.5,0.0,0.0,0.0
2013-08-22 11:59:59.999000+00:00,1415173149.6,0.0,0.0,0.0
2013-08-22 23:59:59.999000+00:00,1404437432.5,0.0,0.0,0.0
2013-08-23 07:59:59.999000+00:00,1396278360.4,0.0,0.0,0.0
2013-08-23 19:59:59.999000+00:00,1379109294.0,0.0,0.0,0.0
2013-08-24 07:59:59.999000+00:00,1374505200.0,0.0,0.0,0.0
2013-08-24 19:59:59.999000+00:00,1401823867.28,0.0,0.0,0.0
2013-08-25 07:59:59.999000+00:00,1398826337.5,0.0,0.0,0.0
2013-08-25 19:59:59.999000+00:00,1416994920.0,0.0,0.0,0.0
2013-08-26 07:59:59.999000+00:00,1420707245.45,0.0,0.0,0.0
2013-08-26 15:59:59.999000+00:00,1416698289.0,0.0,0.0,0.0
2013-08-27 03:59:59.999000+00:00,1403608456.25,0.0,0.0,0.0
2013-08-27 15:59:59.999000+00:00,1450090336.0,0.0,0.0,0.0
2013-08-28 03:59:59.999000+00:00,1448610328.0,0.0,0.0,0.0
2013-08-28 15:59:59.999000+00:00,1428197053.5,0.0,0.0,0.0
2013-08-29 03:59:59.999000+00:00,1427550269.5,0.0,0.0,0.0
2013-08-29 15:59:59.999000+00:00,1431460185.25,0.0,0.0,0.0
2013-08-29 23:59:59.999000+00:00,1422584866.25,0.0,0.0,0.0
2013-08-30 11:59:59.999000+00:00,1407568900.25,0.0,0.0,0.0
2013-08-30 23:59:59.999000+00:00,1552288465.0,0.0,0.0,0.0
2013-08-31 11:59:59.999000+00:00,1572627510.0,0.0,0.0,0.0
2013-08-31 23:59:59.999000+00:00,1574672051.25,0.0,0.0,0.0
2013-09-01 11:59:59.999000+00:00,1602295087.75,0.0,0.0,0.0
2013-09-01 23:59:59.999000+00:00,1610215347.0,0.0,0.0,0.0
2013-09-02 07:59:59.999000+00:00,1581374568.0,0.0,0.0,0.0
2013-09-02 19:59:59.999000+00:00,1586998239.75,0.0,0.0,0.0
2013-09-03 07:59:59.999000+00:00,1580892516.5,0.0,0.0,0.0
2013-09-03 19:59:59.999000+00:00,1590886858.75,0.0,0.0,0.0
2013-09-04 07:59:59.999000+00:00,1588658163.75,0.0,0.0,0.0
2013-09-04 19:59:59.999000+00:00,1499886589.75,0.0,0.0,0.0
2013-09-05 03:59:59.999000+00:00,1471405875.0,0.0,0.0,0.0
2013-09-05 15:59:59.999000+00:00,1524230092.0,0.0,0.0,0.0
2013-09-06 03:59:59.999000+00:00,1469049750.0,0.0,0.0,0.0
2013-09-06 15:59:59.999000+00:00,1469824913.0,0.0,0.0,0.0
2013-09-07 03:59:59.999000+00:00,1407539112.0,0.0,0.0,0.0
2013-09-07 15:59:59.999000+00:00,1445699218.5,0.0,0.0,0.0
2013-09-08 03:59:59.999000+00:00,1449425573.25,0.0,0.0,0.0
2013-09-08 11:59:59.999000+00:00,1433610339.0,0.0,0.0,0.0
2013-09-08 23:59:59.999000+00:00,1419836071.5,0.0,0.0,0.0
2013-09-09 11:59:59.999000+00:00,1408380628.75,0.0,0.0,0.0
2013-09-09 23:59:59.999000+00:00,1484085516.0,0.0,0.0,0.0
2013-09-10 11:59:59.999000+00:00,1495964610.0,0.0,0.0,0.0
2013-09-10 23:59:59.999000+00:00,1470679164.0,0.0,0.0,0.0
2013-09-11 11:59:59.999000+00:00,1488840102.0,0.0,0.0,0.0
2013-09-11 19:59:59.999000+00:00,1545408502.5,0.0,0.0,0.0
2013-09-12 07:59:59.999000+00:00,1560131002.5,0.0,0.0,0.0
2013-09-12 19:59:59.999000+00:00,1583032716.0,0.0,0.0,0.0
2013-09-13 07:59:59.999000+00:00,1589925753.0,0.0,0.0,0.0
2013-09-13 19:59:59.999000+00:00,1588053865.75,0.0,0.0,0.0
2013-09-14 07:59:59.999000+00:00,1558708531.25,0.0,0.0,0.0
2013-09-14 19:59:59.999000+00:00,1517554850.0,0.0,0.0,0.0
2013-09-15 03:59:59.999000+00:00,1508166648.0,0.0,0.0,0.0
2013-09-15 15:59:59.999000+00:00,1527641973.0,0.0,0.0,0.0
2013-09-16 03:59:59.999000+00:00,1521965315.25,0.0,0.0,0.0
2013-09-16 15:59:59.999000+00:00,1537697004.5,0.0,0.0,0.0
2013-09-17 03:59:59.999000+00:00,1475184282.0,0.0,0.0,0.0
2013-09-17 15:59:59.999000+00:00,1539550148.0,0.0,0.0,0.0
2013-09-18 03:59:59.999000+00:00,1535543214.0,0.0,0.0,0.0
2013-09-18 11:59:59.999000+00:00,1552236278.75,0.0,0.0,0.0
2013-09-18 23:59:59.999000+00:00,1540598327.5,0.0,0.0,0.0
2013-09-19 11:59:59.999000+00:00,1528177461.0,0.0,0.0,0.0
2013-09-19 23:59:59.999000+00:00,1519883708.75,0.0,0.0,0.0
2013-09-20 11:59:59.999000+00:00,1507313025.0,0.0,0.0,0.0
2013-09-20 23:59:59.999000+00:00,1489921944.0,0.0,0.0,0.0
2013-09-21 11:59:59.999000+00:00,1495720989.75,0.0,0.0,0.0
2013-09-21 19:59:59.999000+00:00,1496273772.0,0.0,0.0,0.0
2013-09-22 07:59:59.999000+00:00,1503404922.0,0.0,0.0,0.0
2013-09-22 19:59:59.999000+00:00,1499036868.0,0.0,0.0,0.0
2013-09-23 07:59:59.999000+00:00,1511943084.0,0.0,0.0,0.0
2013-09-23 19:59:59.999000+00:00,1481303760.0,0.0,0.0,0.0
2013-09-24 07:59:59.999000+00:00,1482558727.0,0.0,0.0,0.0
2013-09-24 19:59:59.999000+00:00,1485700001.5,0.0,0.0,0.0
2013-09-25 03:59:59.999000+00:00,1514331832.25,0.0,0.0,0.0
2013-09-25 15:59:59.999000+00:00,1502617113.0,0.0,0.0,0.0
2013-09-26 03:59:59.999000+00:00,1520291461.5,0.0,0.0,0.0
2013-09-26 15:59:59.999000+00:00,1513385280.75,0.0,0.0,0.0
2013-09-27 03:59:59.999000+00:00,1535666630.0,0.0,0.0,0.0
2013-09-27 15:59:59.999000+00:00,1558884098.75,0.0,0.0,0.0
2013-09-27 23:59:59.999000+00:00,1573520360.0,0.0,0.0,0.0
2013-09-28 11:59:59.999000+00:00,1565448787.0,0.0,0.0,0.0
2013-09-28 23:59:59.999000+00:00,1585878761.5,0.0,0.0,0.0
2013-09-29 11:59:59.999000+00:00,1646195265.0,0.0,0.0,0.0
2013-09-29 23:59:59.999000+00:00,1616584504.5,0.0,0.0,0.0
2013-09-30 11:59:59.999000+00:00,1556576477.5,0.0,0.0,0.0
2013-09-30 23:59:59.999000+00:00,1566038425.0,0.0,0.0,0.0
2013-10-01 07:59:59.999000+00:00,1578740832.5,0.0,0.0,0.0
2013-10-01 19:59:59.999000+00:00,1556326237.5,0.0,0.0,0.0
2013-10-02 07:59:59.999000+00:00,1562265149.0,0.0,0.0,0.0
2013-10-02 19:59:59.999000+00:00,1412829660.0,0.0,0.0,0.0
2013-10-03 07:59:59.999000+00:00,1422204553.0,0.0,0.0,0.0
2013-10-03 19:59:59.999000+00:00,1453742405.0,0.0,0.0,0.0
2013-10-04 07:59:59.999000+00:00,1479034816.0,0.0,0.0,0.0
2013-10-04 15:59:59.999000+00:00,1510099527.5,0.0,0.0,0.0
2013-10-05 03:59:59.999000+00:00,1514987468.75,0.0,0.0,0.0
2013-10-05 15:59:59.999000+00:00,1525387657.5,0.0,0.0,0.0
2013-10-06 03:59:59.999000+00:00,1508888377.25,0.0,0.0,0.0
2013-10-06 15:59:59.999000+00:00,1517300474.0,0.0,0.0,0.0
2013-10-07 03:59:59.999000+00:00,1532080097.0,0.0,0.0,0.0
2013-10-07 15:59:59.999000+00:00,1513219879.5,0.0,0.0,0.0
2013-10-07 23:59:59.999000+00:00,1498859917.5,0.0,0.0,0.0
2013-10-08 11:59:59.999000+00:00,1482229171.5,0.0,0.0,0.0
2013-10-08 23:59:59.999000+00:00,1488277350.0,0.0,0.0,0.0
2013-10-09 11:59:59.999000+00:00,1512109057.25,0.0,0.0,0.0
2013-10-09 23:59:59.999000+00:00,1544249376.25,0.0,0.0,0.0
2013-10-10 11:59:59.999000+00:00,1544677950.0,0.0,0.0,0.0
2013-10-10 23:59:59.999000+00:00,1543701125.25,0.0,0.0,0.0
2013-10-11 07:59:59.999000+00:00,1539542227.5,0.0,0.0,0.0
2013-10-11 19:59:59.999000+00:00,1539818945.0,0.0,0.0,0.0
2013-10-12 07:59:59.999000+00:00,1572656135.5,0.0,0.0,0.0
2013-10-12 19:59:59.999000+00:00,1595694744.0,0.0,0.0,0.0
2013-10-13 07:59:59.999000+00:00,1596467884.0,0.0,0.0,0.0
2013-10-13 19:59:59.999000+00:00,1614017362.75,0.0,0.0,0.0
2013-10-14 07:59:59.999000+00:00,1654124122.0,0.0,0.0,0.0
2013-10-14 15:59:59.999000+00:00,1673083845.0,0.0,0.0,0.0
2013-10-15 03:59:59.999000+00:00,1659417304.25,0.0,0.0,0.0
2013-10-15 15:59:59.999000+00:00,1675531817.25,0.0,0.0,0.0
2013-10-16 03:59:59.999000+00:00,1763417101.25,0.0,0.0,0.0
2013-10-16 15:59:59.999000+00:00,1763607870.0,0.0,0.0,0.0
2013-10-17 03:59:59.999000+00:00,1693396768.0,0.0,0.0,0.0
2013-10-17 11:59:59.999000+00:00,1716336083.0,0.0,0.0,0.0
2013-10-17 23:59:59.999000+00:00,1734327562.5,0.0,0.0,0.0
2013-10-18 11:59:59.999000+00:00,1769164386.0,0.0,0.0,0.0
2013-10-18 23:59:59.999000+00:00,1850219763.0,0.0,0.0,0.0
2013-10-19 11:59:59.999000+00:00,2046796525.75,0.0,0.0,0.0
2013-10-19 23:59:59.999000+00:00,2046457290.5,0.0,0.0,0.0
2013-10-20 11:59:59.999000+00:00,2035338671.25,0.0,0.0,0.0
2013-10-20 19:59:59.999000+00:00,2044226061.0,0.0,0.0,0.0
2013-10-21 07:59:59.999000+00:00,2131688150.0,0.0,0.0,0.0
2013-10-21 19:59:59.999000+00:00,2177173607.0,0.0,0.0,0.0
2013-10-22 07:59:59.999000+00:00,2273981146.0,0.0,0.0,0.0
2013-10-22 19:59:59.999000+00:00,2281248970.0,0.0,0.0,0.0
2013-10-23 07:59:59.999000+00:00,2317851004.75,0.0,0.0,0.0
2013-10-23 19:59:59.999000+00:00,2483908563.5,0.0,0.0,0.0
2013-10-24 03:59:59.999000+00:00,2557320837.5,0.0,0.0,0.0
2013-10-24 15:59:59.999000+00:00,2433310321.5,0.0,0.0,0.0
2013-10-25 03:59:59.999000+00:00,2269414743.75,0.0,0.0,0.0
2013-10-25 15:59:59.999000+00:00,2099988588.25,0.0,0.0,0.0
2013-10-26 03:59:59.999000+00:00,2135773233.0,0.0,0.0,0.0
2013-10-26 15:59:59.999000+00:00,2136300490.0,0.0,0.0,0.0
2013-10-27 03:59:59.999000+00:00,2156654704.0,0.0,0.0,0.0
2013-10-27 11:59:59.999000+00:00,2185974739.0,0.0,0.0,0.0
2013-10-28 03:59:59.999000+00:00,2312809650.0,0.0,0.0,0.0
2013-10-28 15:59:59.999000+00:00,2354017515.0,0.0,0.0,0.0
2013-10-29 03:59:59.999000+00:00,2365951582.5,0.0,0.0,0.0
2013-10-29 15:59:59.999000+00:00,2410674087.0,0.0,0.0,0.0
2013-10-30 03:59:59.999000+00:00,2436420775.5,0.0,0.0,0.0
2013-10-30 15:59:59.999000+00:00,2453359700.25,0.0,0.0,0.0
2013-10-30 23:59:59.999000+00:00,2384492272.5,0.0,0.0,0.0
2013-10-31 11:59:59.999000+00:00,2407898465.0,0.0,0.0,0.0
2013-10-31 23:59:59.999000+00:00,2433658800.0,0.0,0.0,0.0
2013-11-01 11:59:59.999000+00:00,2437359853.5,0.0,0.0,0.0
2013-11-01 23:59:59.999000+00:00,2460742836.5,0.0,0.0,0.0
2013-11-02 11:59:59.999000+00:00,2470450103.75,0.0,0.0,0.0
2013-11-02 23:59:59.999000+00:00,2462261644.5,0.0,0.0,0.0
2013-11-03 07:59:59.999000+00:00,2455047845.25,0.0,0.0,0.0
2013-11-03 19:59:59.999000+00:00,2534792818.5,0.0,0.0,0.0
2013-11-04 07:59:59.999000+00:00,2574704292.0,0.0,0.0,0.0
2013-11-04 19:59:59.999000+00:00,2722078909.0,0.0,0.0,0.0
2013-11-05 07:59:59.999000+00:00,2765359244.25,0.0,0.0,0.0
2013-11-05 19:59:59.999000+00:00,2940977630.0,0.0,0.0,0.0
2013-11-06 07:59:59.999000+00:00,3009721600.0,0.0,0.0,0.0
2013-11-06 15:59:59.999000+00:00,3071146590.0,0.0,0.0,0.0
2013-11-07 03:59:59.999000+00:00,3268186290.75,0.0,0.0,0.0
2013-11-07 15:59:59.999000+00:00,3613476048.0,0.0,0.0,0.0
2013-11-08 03:59:59.999000+00:00,3668493874.5,0.0,0.0,0.0
2013-11-08 15:59:59.999000+00:00,4002411469.5,0.0,0.0,0.0
2013-11-09 03:59:59.999000+00:00,4129046113.0,0.0,0.0,0.0
2013-11-09 11:59:59.999000+00:00,4262897541.0,0.0,0.0,0.0
2013-11-09 23:59:59.999000+00:00,4058705857.0,0.0,0.0,0.0
2013-11-10 11:59:59.999000+00:00,3794240996.0,0.0,0.0,0.0
2013-11-10 23:59:59.999000+00:00,3910613094.5,0.0,0.0,0.0
2013-11-11 11:59:59.999000+00:00,3929999835.0,0.0,0.0,0.0
2013-11-11 23:59:59.999000+00:00,4101635027.0,0.0,0.0,0.0
2013-11-12 11:59:59.999000+00:00,4250002556.25,0.0,0.0,0.0
2013-11-12 19:59:59.999000+00:00,4206921020.25,0.0,0.0,0.0
2013-11-13 07:59:59.999000+00:00,4432651534.5,0.0,0.0,0.0
2013-11-13 19:59:59.999000+00:00,4831208154.5,0.0,0.0,0.0
2013-11-14 07:59:59.999000+00:00,4924146221.5,0.0,0.0,0.0
2013-11-14 19:59:59.999000+00:00,4938380091.25,0.0,0.0,0.0
2013-11-15 07:59:59.999000+00:00,5025311556.75,0.0,0.0,0.0
2013-11-15 19:59:59.999000+00:00,5121246438.0,0.0,0.0,0.0
2013-11-16 03:59:59.999000+00:00,5138317284.75,0.0,0.0,0.0
2013-11-16 15:59:59.999000+00:00,5321032194.0,0.0,0.0,0.0
2013-11-17 03:59:59.999000+00:00,5420301005.0,0.0,0.0,0.0
2013-11-17 15:59:59.999000+00:00,5702165114.0,0.0,0.0,0.0
2013-11-18 03:59:59.999000+00:00,5942187772.5,0.0,0.0,0.0
2013-11-18 15:59:59.999000+00:00,6923769555.0,0.0,0.0,0.0
2013-11-19 03:59:59.999000+00:00,8773733376.0,0.0,0.0,0.0
2013-11-19 11:59:59.999000+00:00,7675333122.0,0.0,0.0,0.0
2013-11-19 23:59:59.999000+00:00,7022949160.5,0.0,0.0,0.0
2013-11-20 11:59:59.999000+00:00,5911188898.0,0.0,0.0,0.0
2013-11-20 23:59:59.999000+00:00,7100077963.75,0.0,0.0,0.0
2013-11-21 11:59:59.999000+00:00,7662216752.25,0.0,0.0,0.0
2013-11-21 23:59:59.999000+00:00,8684240726.25,0.0,0.0,0.0
2013-11-22 11:59:59.999000+00:00,8683425457.25,0.0,0.0,0.0
2013-11-23 07:59:59.999000+00:00,9879992703.75,0.0,0.0,0.0
2013-11-23 19:59:59.999000+00:00,9825400782.0,0.0,0.0,0.0
2013-11-24 07:59:59.999000+00:00,9194145438.0,0.0,0.0,0.0
2013-11-24 19:59:59.999000+00:00,9582419823.75,0.0,0.0,0.0
2013-11-25 07:59:59.999000+00:00,9533985322.5,0.0,0.0,0.0
2013-11-25 19:59:59.999000+00:00,9409098582.25,0.0,0.0,0.0
2013-11-26 03:59:59.999000+00:00,9747415774.0,0.0,0.0,0.0
2013-11-26 15:59:59.999000+00:00,10145033256.0,0.0,0.0,0.0
2013-11-27 03:59:59.999000+00:00,11025934839.0,0.0,0.0,0.0
2013-11-27 15:59:59.999000+00:00,11666231311.5,0.0,0.0,0.0
2013-11-28 03:59:59.999000+00:00,11777749550.0,0.0,0.0,0.0
2013-11-28 15:59:59.999000+00:00,12918683798.8,0.0,0.0,0.0
2013-11-28 23:59:59.999000+00:00,12435823060.0,0.0,0.0,0.0
2013-11-29 11:59:59.999000+00:00,13255950779.5,0.0,0.0,0.0
2013-11-29 23:59:59.999000+00:00,13646039846.2,0.0,0.0,0.0
2013-11-30 11:59:59.999000+00:00,13596104241.3,0.0,0.0,0.0
2013-11-30 23:59:59.999000+00:00,13620389320.8,0.0,0.0,0.0
2013-12-01 11:59:59.999000+00:00,12367435473.0,0.0,0.0,0.0
2013-12-01 23:59:59.999000+00:00,11531708947.5,0.0,0.0,0.0
2013-12-02 07:59:59.999000+00:00,12524506669.5,0.0,0.0,0.0
2013-12-02 19:59:59.999000+00:00,12112833198.0,0.0,0.0,0.0
2013-12-03 07:59:59.999000+00:00,12489173872.0,0.0,0.0,0.0
2013-12-03 19:59:59.999000+00:00,12957414250.0,0.0,0.0,0.0
2013-12-04 07:59:59.999000+00:00,13154314355.0,0.0,0.0,0.0
2013-12-04 19:59:59.999000+00:00,13834670369.0,0.0,0.0,0.0
2013-12-05 07:59:59.999000+00:00,13663047735.0,0.0,0.0,0.0
2013-12-05 15:59:59.999000+00:00,12020822330.0,0.0,0.0,0.0
2013-12-06 03:59:59.999000+00:00,12159737307.0,0.0,0.0,0.0
2013-12-06 15:59:59.999000+00:00,11595553830.0,0.0,0.0,0.0
2013-12-07 03:59:59.999000+00:00,9080457457.75,0.0,0.0,0.0
2013-12-07 15:59:59.999000+00:00,9008715199.5,0.0,0.0,0.0
2013-12-08 03:59:59.999000+00:00,8337484651.5,0.0,0.0,0.0
2013-12-08 15:59:59.999000+00:00,8641439118.0,0.0,0.0,0.0
2013-12-08 23:59:59.999000+00:00,9627500112.75,0.0,0.0,0.0
2013-12-09 11:59:59.999000+00:00,10787866413.5,0.0,0.0,0.0
2013-12-09 23:59:59.999000+00:00,10808715487.5,0.0,0.0,0.0
2013-12-10 11:59:59.999000+00:00,11147126830.5,0.0,0.0,0.0
2013-12-10 23:59:59.999000+00:00,11966951485.5,0.0,0.0,0.0
2013-12-11 11:59:59.999000+00:00,10635446999.5,0.0,0.0,0.0
2013-12-11 23:59:59.999000+00:00,10638546534.0,0.0,0.0,0.0
2013-12-12 07:59:59.999000+00:00,10569979889.2,0.0,0.0,0.0
2013-12-12 19:59:59.999000+00:00,10523811136.0,0.0,0.0,0.0
2013-12-13 07:59:59.999000+00:00,10958619942.0,0.0,0.0,0.0
2013-12-13 19:59:59.999000+00:00,10504656792.0,0.0,0.0,0.0
2013-12-14 07:59:59.999000+00:00,10781941998.8,0.0,0.0,0.0
2013-12-14 19:59:59.999000+00:00,10583589909.8,0.0,0.0,0.0
2013-12-15 07:59:59.999000+00:00,10207394184.0,0.0,0.0,0.0
2013-12-15 15:59:59.999000+00:00,10451595835.5,0.0,0.0,0.0
2013-12-16 03:59:59.999000+00:00,10549179399.0,0.0,0.0,0.0
2013-12-16 15:59:59.999000+00:00,9740281864.75,0.0,0.0,0.0
2013-12-17 03:59:59.999000+00:00,8045713258.0,0.0,0.0,0.0
2013-12-17 15:59:59.999000+00:00,8389564569.0,0.0,0.0,0.0
2013-12-18 03:59:59.999000+00:00,7894153190.0,0.0,0.0,0.0
2013-12-18 15:59:59.999000+00:00,6776236754.0,0.0,0.0,0.0
2013-12-18 23:59:59.999000+00:00,6347159167.5,0.0,0.0,0.0
2013-12-19 11:59:59.999000+00:00,8126155460.25,0.0,0.0,0.0
2013-12-19 23:59:59.999000+00:00,8406397153.0,0.0,0.0,0.0
2013-12-20 11:59:59.999000+00:00,8402380924.0,0.0,0.0,0.0
2013-12-20 23:59:59.999000+00:00,7599576492.0,0.0,0.0,0.0
2013-12-21 11:59:59.999000+00:00,7454844381.0,0.0,0.0,0.0
2013-12-21 19:59:59.999000+00:00,7408611973.75,0.0,0.0,0.0
2013-12-22 07:59:59.999000+00:00,7649731986.5,0.0,0.0,0.0
2013-12-22 19:59:59.999000+00:00,7690415741.25,0.0,0.0,0.0
2013-12-23 07:59:59.999000+00:00,7816285726.0,0.0,0.0,0.0
2013-12-23 19:59:59.999000+00:00,7842938210.0,0.0,0.0,0.0
2013-12-24 07:59:59.999000+00:00,8132942902.0,0.0,0.0,0.0
2013-12-24 19:59:59.999000+00:00,8079082087.5,0.0,0.0,0.0
2013-12-25 03:59:59.999000+00:00,8023800204.0,0.0,0.0,0.0
2013-12-25 15:59:59.999000+00:00,8135729063.0,0.0,0.0,0.0
2013-12-26 03:59:59.999000+00:00,8509281108.0,0.0,0.0,0.0
2013-12-26 15:59:59.999000+00:00,8963969723.75,0.0,0.0,0.0
2013-12-27 03:59:59.999000+00:00,9200719981.25,0.0,0.0,0.0
2013-12-27 15:59:59.999000+00:00,8935964615.75,0.0,0.0,0.0
2013-12-28 03:59:59.999000+00:00,8874705070.0,0.0,0.0,0.0
2013-12-28 11:59:59.999000+00:00,9072098050.0,0.0,0.0,0.0
2013-12-28 23:59:59.999000+00:00,8869918644.0,0.0,0.0,0.0
2013-12-29 11:59:59.999000+00:00,8804367499.5,0.0,0.0,0.0
2013-12-29 23:59:59.999000+00:00,9082103621.25,0.0,0.0,0.0
2013-12-30 11:59:59.999000+00:00,9186083681.5,0.0,0.0,0.0
2013-12-30 23:59:59.999000+00:00,9217167990.25,0.0,0.0,0.0
2013-12-31 11:59:59.999000+00:00,9172187167.0,0.0,0.0,0.0
2013-12-31 19:59:59.999000+00:00,9187790271.0,0.0,0.0,0.0
2014-01-01 07:59:59.999000+00:00,9396847484.75,0.0,0.0,0.0
2014-01-01 19:59:59.999000+00:00,9373564728.0,0.0,0.0,0.0
2014-01-02 07:59:59.999000+00:00,9463038777.5,0.0,0.0,0.0
2014-01-02 19:59:59.999000+00:00,9540079103.5,0.0,0.0,0.0
2014-01-03 07:59:59.999000+00:00,9836903777.25,0.0,0.0,0.0
2014-01-03 19:59:59.999000+00:00,9900900883.5,0.0,0.0,0.0
2014-01-04 03:59:59.999000+00:00,9833978195.25,0.0,0.0,0.0
2014-01-04 15:59:59.999000+00:00,10169201132.8,0.0,0.0,0.0
2014-01-05 03:59:59.999000+00:00,10596579903.2,0.0,0.0,0.0
2014-01-05 15:59:59.999000+00:00,11232040693.5,0.0,0.0,0.0
2014-01-06 03:59:59.999000+00:00,11783025303.5,0.0,0.0,0.0
2014-01-06 15:59:59.999000+00:00,11265684886.5,0.0,0.0,0.0
2014-01-07 03:59:59.999000+00:00,11721770956.5,0.0,0.0,0.0
2014-01-07 11:59:59.999000+00:00,11267107825.5,0.0,0.0,0.0
2014-01-07 23:59:59.999000+00:00,9808299600.0,0.0,0.0,0.0
2014-01-08 11:59:59.999000+00:00,10538291848.5,0.0,0.0,0.0
2014-01-08 23:59:59.999000+00:00,10310363180.0,0.0,0.0,0.0
2014-01-09 11:59:59.999000+00:00,10241473732.0,0.0,0.0,0.0
2014-01-09 23:59:59.999000+00:00,10365397028.0,0.0,0.0,0.0
2014-01-10 11:59:59.999000+00:00,10249516175.2,0.0,0.0,0.0
2014-01-10 19:59:59.999000+00:00,10331782956.2,0.0,0.0,0.0
2014-01-11 07:59:59.999000+00:00,10677688074.0,0.0,0.0,0.0
2014-01-11 19:59:59.999000+00:00,11152500961.0,0.0,0.0,0.0
2014-01-12 07:59:59.999000+00:00,10986298017.5,0.0,0.0,0.0
2014-01-12 19:59:59.999000+00:00,10718333257.5,0.0,0.0,0.0
2014-01-13 07:59:59.999000+00:00,10286040155.0,0.0,0.0,0.0
2014-01-13 15:59:59.999000+00:00,10198938310.0,0.0,0.0,0.0
2014-01-14 03:59:59.999000+00:00,10383378532.5,0.0,0.0,0.0
2014-01-14 15:59:59.999000+00:00,10268378238.2,0.0,0.0,0.0
2014-01-15 03:59:59.999000+00:00,10249369105.5,0.0,0.0,0.0
2014-01-15 15:59:59.999000+00:00,10650409308.0,0.0,0.0,0.0
2014-01-16 03:59:59.999000+00:00,10574443972.0,0.0,0.0,0.0
2014-01-16 15:59:59.999000+00:00,10408892427.5,0.0,0.0,0.0
2014-01-16 23:59:59.999000+00:00,10255185612.0,0.0,0.0,0.0
2014-01-17 11:59:59.999000+00:00,10155593072.0,0.0,0.0,0.0
2014-01-17 23:59:59.999000+00:00,10000663202.0,0.0,0.0,0.0
2014-01-18 11:59:59.999000+00:00,10296606350.2,0.0,0.0,0.0
2014-01-18 23:59:59.999000+00:00,10315662000.0,0.0,0.0,0.0
2014-01-19 11:59:59.999000+00:00,10243095118.8,0.0,0.0,0.0
2014-01-19 23:59:59.999000+00:00,10699504086.0,0.0,0.0,0.0
2014-01-20 07:59:59.999000+00:00,10750078288.2,0.0,0.0,0.0
2014-01-20 19:59:59.999000+00:00,10779366696.0,0.0,0.0,0.0
2014-01-21 07:59:59.999000+00:00,10574070210.0,0.0,0.0,0.0
2014-01-21 19:59:59.999000+00:00,10636460213.0,0.0,0.0,0.0
2014-01-22 07:59:59.999000+00:00,10625069910.0,0.0,0.0,0.0
2014-01-22 19:59:59.999000+00:00,10358826932.2,0.0,0.0,0.0
2014-01-23 07:59:59.999000+00:00,10363494762.0,0.0,0.0,0.0
2014-01-23 15:59:59.999000+00:00,10231363736.0,0.0,0.0,0.0
2014-01-24 03:59:59.999000+00:00,10007643477.2,0.0,0.0,0.0
2014-01-24 15:59:59.999000+00:00,9861507545.25,0.0,0.0,0.0
2014-01-25 03:59:59.999000+00:00,9935935718.75,0.0,0.0,0.0
2014-01-25 15:59:59.999000+00:00,10248675021.0,0.0,0.0,0.0
2014-01-26 03:59:59.999000+00:00,10474265017.5,0.0,0.0,0.0
2014-01-26 15:59:59.999000+00:00,10944624849.5,0.0,0.0,0.0
2014-01-26 23:59:59.999000+00:00,10902798632.0,0.0,0.0,0.0
2014-01-27 11:59:59.999000+00:00,10695335733.0,0.0,0.0,0.0
2014-01-27 23:59:59.999000+00:00,9503544084.75,0.0,0.0,0.0
2014-01-28 11:59:59.999000+00:00,9969423079.0,0.0,0.0,0.0
2014-01-28 23:59:59.999000+00:00,10013251363.5,0.0,0.0,0.0
2014-01-29 11:59:59.999000+00:00,10084147120.0,0.0,0.0,0.0
2014-01-29 23:59:59.999000+00:00,10182659550.0,0.0,0.0,0.0
2014-01-30 07:59:59.999000+00:00,9964932402.0,0.0,0.0,0.0
2014-01-30 19:59:59.999000+00:00,10119393687.5,0.0,0.0,0.0
2014-01-31 07:59:59.999000+00:00,10158487275.0,0.0,0.0,0.0
2014-01-31 19:59:59.999000+00:00,10188117098.2,0.0,0.0,0.0
2014-02-01 07:59:59.999000+00:00,10322941161.5,0.0,0.0,0.0
2014-02-01 19:59:59.999000+00:00,10413784080.0,0.0,0.0,0.0
2014-02-02 03:59:59.999000+00:00,10305921217.5,0.0,0.0,0.0
2014-02-02 15:59:59.999000+00:00,10425523122.0,0.0,0.0,0.0
2014-02-03 03:59:59.999000+00:00,10165470291.0,0.0,0.0,0.0
2014-02-03 15:59:59.999000+00:00,10107140631.0,0.0,0.0,0.0
2014-02-04 03:59:59.999000+00:00,10199312356.8,0.0,0.0,0.0
2014-02-04 15:59:59.999000+00:00,10271914462.5,0.0,0.0,0.0
2014-02-05 03:59:59.999000+00:00,10281755412.0,0.0,0.0,0.0
2014-02-05 11:59:59.999000+00:00,10270500872.5,0.0,0.0,0.0
2014-02-05 23:59:59.999000+00:00,10034436285.5,0.0,0.0,0.0
2014-02-06 11:59:59.999000+00:00,9937332487.5,0.0,0.0,0.0
2014-02-06 23:59:59.999000+00:00,9662791118.75,0.0,0.0,0.0
2014-02-07 11:59:59.999000+00:00,8820098333.75,0.0,0.0,0.0
2014-02-07 23:59:59.999000+00:00,8810607000.0,0.0,0.0,0.0
2014-02-08 11:59:59.999000+00:00,8749018159.75,0.0,0.0,0.0
2014-02-08 19:59:59.999000+00:00,8577695232.0,0.0,0.0,0.0
2014-02-09 07:59:59.999000+00:00,8319542644.5,0.0,0.0,0.0
2014-02-09 19:59:59.999000+00:00,8528533582.0,0.0,0.0,0.0
2014-02-10 07:59:59.999000+00:00,8587573295.0,0.0,0.0,0.0
2014-02-10 19:59:59.999000+00:00,8226438714.0,0.0,0.0,0.0
2014-02-11 07:59:59.999000+00:00,8696520649.75,0.0,0.0,0.0
2014-02-11 19:59:59.999000+00:00,8150779811.25,0.0,0.0,0.0
2014-02-12 03:59:59.999000+00:00,8275905800.25,0.0,0.0,0.0
2014-02-12 15:59:59.999000+00:00,8115461795.75,0.0,0.0,0.0
2014-02-13 03:59:59.999000+00:00,8044709998.0,0.0,0.0,0.0
2014-02-13 15:59:59.999000+00:00,8008971326.25,0.0,0.0,0.0
2014-02-14 03:59:59.999000+00:00,7151204918.75,0.0,0.0,0.0
2014-02-14 15:59:59.999000+00:00,8250280087.5,0.0,0.0,0.0
2014-02-15 03:59:59.999000+00:00,8017829741.25,0.0,0.0,0.0
2014-02-15 11:59:59.999000+00:00,7972065640.0,0.0,0.0,0.0
2014-02-15 23:59:59.999000+00:00,8072579656.0,0.0,0.0,0.0
2014-02-16 11:59:59.999000+00:00,7998600286.0,0.0,0.0,0.0
2014-02-16 23:59:59.999000+00:00,7650358836.75,0.0,0.0,0.0
2014-02-17 11:59:59.999000+00:00,8029173422.0,0.0,0.0,0.0
2014-02-17 23:59:59.999000+00:00,7772386462.0,0.0,0.0,0.0
2014-02-18 11:59:59.999000+00:00,7822777142.25,0.0,0.0,0.0
2014-02-18 19:59:59.999000+00:00,7682062421.0,0.0,0.0,0.0
2014-02-19 07:59:59.999000+00:00,7765853940.0,0.0,0.0,0.0
2014-02-19 19:59:59.999000+00:00,7823518683.75,0.0,0.0,0.0
2014-02-20 07:59:59.999000+00:00,7505682990.25,0.0,0.0,0.0
2014-02-20 19:59:59.999000+00:00,7207706680.5,0.0,0.0,0.0
2014-02-21 07:59:59.999000+00:00,7086052851.5,0.0,0.0,0.0
2014-02-21 19:59:59.999000+00:00,6965114819.25,0.0,0.0,0.0
2014-02-22 03:59:59.999000+00:00,7036547868.0,0.0,0.0,0.0
2014-02-22 15:59:59.999000+00:00,7086575006.25,0.0,0.0,0.0
2014-02-23 03:59:59.999000+00:00,7689172747.0,0.0,0.0,0.0
2014-02-23 15:59:59.999000+00:00,7749119232.0,0.0,0.0,0.0
2014-02-24 03:59:59.999000+00:00,7134508784.25,0.0,0.0,0.0
2014-02-24 15:59:59.999000+00:00,7165903586.25,0.0,0.0,0.0
2014-02-24 23:59:59.999000+00:00,6796971990.0,0.0,0.0,0.0
2014-02-25 11:59:59.999000+00:00,6274086714.0,0.0,0.0,0.0
2014-02-25 23:59:59.999000+00:00,6704461434.0,0.0,0.0,0.0
2014-02-26 11:59:59.999000+00:00,7201501125.0,0.0,0.0,0.0
2014-02-26 23:59:59.999000+00:00,7254505067.25,0.0,0.0,0.0
2014-02-27 11:59:59.999000+00:00,7134133129.5,0.0,0.0,0.0
2014-02-27 23:59:59.999000+00:00,7208406719.0,0.0,0.0,0.0
2014-02-28 07:59:59.999000+00:00,7097845217.25,0.0,0.0,0.0
2014-02-28 19:59:59.999000+00:00,7078588557.75,0.0,0.0,0.0
2014-03-01 07:59:59.999000+00:00,6976216776.0,0.0,0.0,0.0
2014-03-01 19:59:59.999000+00:00,7112483856.0,0.0,0.0,0.0
2014-03-02 07:59:59.999000+00:00,7030984707.5,0.0,0.0,0.0
2014-03-02 19:59:59.999000+00:00,6993563116.0,0.0,0.0,0.0
2014-03-03 07:59:59.999000+00:00,7157275132.0,0.0,0.0,0.0
2014-03-03 15:59:59.999000+00:00,7742407719.0,0.0,0.0,0.0
2014-03-04 03:59:59.999000+00:00,8329089217.5,0.0,0.0,0.0
2014-03-04 15:59:59.999000+00:00,8549710237.5,0.0,0.0,0.0
2014-03-05 03:59:59.999000+00:00,8260771755.5,0.0,0.0,0.0
2014-03-05 15:59:59.999000+00:00,8183346330.75,0.0,0.0,0.0
2014-03-06 03:59:59.999000+00:00,8324490140.0,0.0,0.0,0.0
2014-03-06 15:59:59.999000+00:00,8150976077.5,0.0,0.0,0.0
2014-03-06 23:59:59.999000+00:00,8286267327.0,0.0,0.0,0.0
2014-03-07 11:59:59.999000+00:00,8009420562.0,0.0,0.0,0.0
2014-03-07 23:59:59.999000+00:00,7855629815.0,0.0,0.0,0.0
2014-03-08 11:59:59.999000+00:00,7786611288.0,0.0,0.0,0.0
2014-03-08 23:59:59.999000+00:00,7712151171.25,0.0,0.0,0.0
2014-03-09 11:59:59.999000+00:00,7766806014.0,0.0,0.0,0.0
2014-03-09 23:59:59.999000+00:00,7958687808.0,0.0,0.0,0.0
2014-03-10 07:59:59.999000+00:00,8007279800.5,0.0,0.0,0.0
2014-03-10 19:59:59.999000+00:00,7717516478.0,0.0,0.0,0.0
2014-03-11 07:59:59.999000+00:00,7818921810.0,0.0,0.0,0.0
2014-03-11 19:59:59.999000+00:00,7828752400.0,0.0,0.0,0.0
2014-03-12 07:59:59.999000+00:00,7955467637.25,0.0,0.0,0.0
2014-03-12 19:59:59.999000+00:00,8017490723.0,0.0,0.0,0.0
2014-03-13 07:59:59.999000+00:00,7978001025.0,0.0,0.0,0.0
2014-03-13 15:59:59.999000+00:00,7978454867.25,0.0,0.0,0.0
2014-03-14 03:59:59.999000+00:00,7975287491.5,0.0,0.0,0.0
2014-03-14 15:59:59.999000+00:00,7924047225.0,0.0,0.0,0.0
2014-03-15 03:59:59.999000+00:00,7919480392.75,0.0,0.0,0.0
2014-03-15 15:59:59.999000+00:00,7959864355.75,0.0,0.0,0.0
2014-03-16 03:59:59.999000+00:00,7954828644.0,0.0,0.0,0.0
2014-03-16 11:59:59.999000+00:00,7930376800.5,0.0,0.0,0.0
2014-03-16 23:59:59.999000+00:00,7903422085.5,0.0,0.0,0.0
2014-03-17 11:59:59.999000+00:00,7742651162.4,0.0,0.0,0.0
2014-03-17 23:59:59.999000+00:00,7796513248.98,0.0,0.0,0.0
2014-03-18 11:59:59.999000+00:00,7664560104.6,0.0,0.0,0.0
2014-03-18 23:59:59.999000+00:00,7704183117.6,0.0,0.0,0.0
2014-03-19 11:59:59.999000+00:00,7707806498.65,0.0,0.0,0.0
2014-03-19 19:59:59.999000+00:00,7657021757.75,0.0,0.0,0.0
2014-03-20 07:59:59.999000+00:00,7576150256.68,0.0,0.0,0.0
2014-03-20 19:59:59.999000+00:00,7441359219.95,0.0,0.0,0.0
2014-03-21 07:59:59.999000+00:00,7445798772.98,0.0,0.0,0.0
2014-03-21 19:59:59.999000+00:00,7295233133.45,0.0,0.0,0.0
2014-03-22 07:59:59.999000+00:00,7101153855.0,0.0,0.0,0.0
2014-03-22 19:59:59.999000+00:00,7041615595.02,0.0,0.0,0.0
2014-03-23 03:59:59.999000+00:00,7047995262.0,0.0,0.0,0.0
2014-03-23 15:59:59.999000+00:00,7088045403.6,0.0,0.0,0.0
2014-03-24 03:59:59.999000+00:00,7009797871.88,0.0,0.0,0.0
2014-03-24 15:59:59.999000+00:00,7070710877.25,0.0,0.0,0.0
2014-03-25 03:59:59.999000+00:00,7216839067.2,0.0,0.0,0.0
2014-03-25 15:59:59.999000+00:00,7260869573.3,0.0,0.0,0.0
2014-03-26 03:59:59.999000+00:00,7213426980.05,0.0,0.0,0.0
2014-03-26 11:59:59.999000+00:00,7335068661.9,0.0,0.0,0.0
2014-03-26 23:59:59.999000+00:00,7298672082.0,0.0,0.0,0.0
2014-03-27 11:59:59.999000+00:00,6974404799.85,0.0,0.0,0.0
2014-03-27 23:59:59.999000+00:00,5923615601.7,0.0,0.0,0.0
2014-03-28 11:59:59.999000+00:00,6252379685.0,0.0,0.0,0.0
2014-03-28 23:59:59.999000+00:00,6232801683.6,0.0,0.0,0.0
2014-03-29 11:59:59.999000+00:00,6274000825.5,0.0,0.0,0.0
2014-03-29 19:59:59.999000+00:00,6275465652.0,0.0,0.0,0.0
2014-03-30 07:59:59.999000+00:00,5996181520.0,0.0,0.0,0.0
2014-03-30 19:59:59.999000+00:00,5752215901.0,0.0,0.0,0.0
2014-03-31 07:59:59.999000+00:00,5706799896.38,0.0,0.0,0.0
2014-03-31 19:59:59.999000+00:00,5737260410.1,0.0,0.0,0.0
2014-04-01 07:59:59.999000+00:00,6046002453.6,0.0,0.0,0.0
2014-04-01 19:59:59.999000+00:00,6054681611.75,0.0,0.0,0.0
2014-04-02 03:59:59.999000+00:00,6037440713.2,0.0,0.0,0.0
2014-04-02 15:59:59.999000+00:00,5661065378.8,0.0,0.0,0.0
2014-04-03 03:59:59.999000+00:00,5396177539.68,0.0,0.0,0.0
2014-04-03 15:59:59.999000+00:00,5530648069.8,0.0,0.0,0.0
2014-04-04 03:59:59.999000+00:00,5489660367.95,0.0,0.0,0.0
2014-04-04 15:59:59.999000+00:00,5577004563.62,0.0,0.0,0.0
2014-04-05 03:59:59.999000+00:00,5705125862.8,0.0,0.0,0.0
2014-04-05 11:59:59.999000+00:00,5663294143.65,0.0,0.0,0.0
2014-04-05 23:59:59.999000+00:00,5824866675.82,0.0,0.0,0.0
2014-04-06 11:59:59.999000+00:00,5722209312.75,0.0,0.0,0.0
2014-04-06 23:59:59.999000+00:00,5808861023.23,0.0,0.0,0.0
2014-04-07 11:59:59.999000+00:00,5779434246.38,0.0,0.0,0.0
2014-04-07 23:59:59.999000+00:00,5670830649.57,0.0,0.0,0.0
2014-04-08 07:59:59.999000+00:00,5729693539.3,0.0,0.0,0.0
2014-04-08 19:59:59.999000+00:00,5725711082.1,0.0,0.0,0.0
2014-04-09 07:59:59.999000+00:00,5730927919.2,0.0,0.0,0.0
2014-04-09 19:59:59.999000+00:00,5600864382.75,0.0,0.0,0.0
2014-04-10 07:59:59.999000+00:00,5171522293.8,0.0,0.0,0.0
2014-04-10 19:59:59.999000+00:00,4956770293.12,0.0,0.0,0.0
2014-04-11 07:59:59.999000+00:00,5042850780.98,0.0,0.0,0.0
2014-04-11 15:59:59.999000+00:00,5250212896.0,0.0,0.0,0.0
2014-04-12 03:59:59.999000+00:00,5536785652.1,0.0,0.0,0.0
2014-04-12 15:59:59.999000+00:00,5368967178.9,0.0,0.0,0.0
2014-04-13 03:59:59.999000+00:00,5374890047.62,0.0,0.0,0.0
2014-04-13 15:59:59.999000+00:00,5146585819.2,0.0,0.0,0.0
2014-04-14 03:59:59.999000+00:00,5191486813.43,0.0,0.0,0.0
2014-04-14 15:59:59.999000+00:00,5792636800.95,0.0,0.0,0.0
2014-04-14 23:59:59.999000+00:00,5802302128.35,0.0,0.0,0.0
2014-04-15 11:59:59.999000+00:00,6329658983.38,0.0,0.0,0.0
2014-04-15 23:59:59.999000+00:00,6522974947.95,0.0,0.0,0.0
2014-04-16 11:59:59.999000+00:00,6541190484.65,0.0,0.0,0.0
2014-04-16 23:59:59.999000+00:00,6674473792.25,0.0,0.0,0.0
2014-04-17 11:59:59.999000+00:00,6232408893.75,0.0,0.0,0.0
2014-04-17 23:59:59.999000+00:00,6278792387.4,0.0,0.0,0.0
2014-04-18 07:59:59.999000+00:00,6254762208.52,0.0,0.0,0.0
2014-04-18 19:59:59.999000+00:00,6091812190.8,0.0,0.0,0.0
2014-04-19 07:59:59.999000+00:00,6248492062.3,0.0,0.0,0.0
2014-04-19 19:59:59.999000+00:00,6372362084.88,0.0,0.0,0.0
2014-04-20 07:59:59.999000+00:00,6421067282.25,0.0,0.0,0.0
2014-04-20 19:59:59.999000+00:00,6299321382.9,0.0,0.0,0.0
2014-04-21 07:59:59.999000+00:00,6415350916.62,0.0,0.0,0.0
2014-04-21 15:59:59.999000+00:00,6317819991.5,0.0,0.0,0.0
2014-04-22 03:59:59.999000+00:00,6363662440.85,0.0,0.0,0.0
2014-04-22 15:59:59.999000+00:00,6275051724.55,0.0,0.0,0.0
2014-04-23 03:59:59.999000+00:00,6226569431.38,0.0,0.0,0.0
2014-04-23 15:59:59.999000+00:00,6182956550.4,0.0,0.0,0.0
2014-04-24 03:59:59.999000+00:00,6230880227.25,0.0,0.0,0.0
2014-04-24 15:59:59.999000+00:00,6211446990.38,0.0,0.0,0.0
2014-04-24 23:59:59.999000+00:00,6350012524.62,0.0,0.0,0.0
2014-04-25 11:59:59.999000+00:00,5675832778.2,0.0,0.0,0.0
2014-04-25 23:59:59.999000+00:00,5857079867.2,0.0,0.0,0.0
2014-04-26 11:59:59.999000+00:00,5734708064.75,0.0,0.0,0.0
2014-04-26 23:59:59.999000+00:00,5822776641.82,0.0,0.0,0.0
2014-04-27 11:59:59.999000+00:00,5780122356.0,0.0,0.0,0.0
2014-04-27 19:59:59.999000+00:00,5614535436.0,0.0,0.0,0.0
2014-04-28 03:59:59.999000+00:00,5453765963.12,0.0,0.0,0.0
2014-04-28 11:59:59.999000+00:00,5509437634.75,0.0,0.0,0.0
2014-04-28 23:59:59.999000+00:00,5593864953.5,0.0,0.0,0.0
2014-04-29 11:59:59.999000+00:00,5726506884.12,0.0,0.0,0.0
2014-04-29 23:59:59.999000+00:00,5683724523.93,0.0,0.0,0.0
2014-04-30 11:59:59.999000+00:00,5645798702.25,0.0,0.0,0.0
2014-04-30 23:59:59.999000+00:00,5690810164.88,0.0,0.0,0.0
2014-05-01 07:59:59.999000+00:00,5793336201.62,0.0,0.0,0.0
2014-05-01 19:59:59.999000+00:00,5810874720.0,0.0,0.0,0.0
2014-05-02 07:59:59.999000+00:00,5689460239.5,0.0,0.0,0.0
2014-05-02 19:59:59.999000+00:00,5690345697.05,0.0,0.0,0.0
2014-05-03 07:59:59.999000+00:00,5634992685.6,0.0,0.0,0.0
2014-05-03 19:59:59.999000+00:00,5506766551.8,0.0,0.0,0.0
2014-05-04 07:59:59.999000+00:00,5504107620.7,0.0,0.0,0.0
2014-05-04 15:59:59.999000+00:00,5535055570.5,0.0,0.0,0.0
2014-05-05 03:59:59.999000+00:00,5534349088.05,0.0,0.0,0.0
2014-05-05 15:59:59.999000+00:00,5493768950.07,0.0,0.0,0.0
2014-05-06 03:59:59.999000+00:00,5391976123.35,0.0,0.0,0.0
2014-05-06 15:59:59.999000+00:00,5484506040.0,0.0,0.0,0.0
2014-05-07 03:59:59.999000+00:00,5499016674.8,0.0,0.0,0.0
2014-05-07 15:59:59.999000+00:00,5609342476.5,0.0,0.0,0.0
2014-05-07 23:59:59.999000+00:00,5590798950.5,0.0,0.0,0.0
2014-05-08 11:59:59.999000+00:00,5646392887.5,0.0,0.0,0.0
2014-05-08 23:59:59.999000+00:00,5609810850.07,0.0,0.0,0.0
2014-05-09 11:59:59.999000+00:00,5667773761.65,0.0,0.0,0.0
2014-05-09 23:59:59.999000+00:00,5730133342.9,0.0,0.0,0.0
2014-05-10 11:59:59.999000+00:00,5753895621.7,0.0,0.0,0.0
2014-05-10 23:59:59.999000+00:00,5795543100.55,0.0,0.0,0.0
2014-05-11 07:59:59.999000+00:00,5710889854.57,0.0,0.0,0.0
2014-05-11 19:59:59.999000+00:00,5592431453.7,0.0,0.0,0.0
2014-05-12 07:59:59.999000+00:00,5578734330.1,0.0,0.0,0.0
2014-05-12 19:59:59.999000+00:00,5619464984.0,0.0,0.0,0.0
2014-05-13 07:59:59.999000+00:00,5630599770.4,0.0,0.0,0.0
2014-05-13 19:59:59.999000+00:00,5623134171.75,0.0,0.0,0.0
2014-05-14 07:59:59.999000+00:00,5644715603.1,0.0,0.0,0.0
2014-05-14 15:59:59.999000+00:00,5681921428.88,0.0,0.0,0.0
2014-05-15 03:59:59.999000+00:00,5703517784.12,0.0,0.0,0.0
2014-05-15 15:59:59.999000+00:00,5719173880.0,0.0,0.0,0.0
2014-05-16 03:59:59.999000+00:00,5705270734.8,0.0,0.0,0.0
2014-05-16 15:59:59.999000+00:00,5734826125.5,0.0,0.0,0.0
2014-05-17 03:59:59.999000+00:00,5741506289.23,0.0,0.0,0.0
2014-05-17 15:59:59.999000+00:00,5732652522.6,0.0,0.0,0.0
2014-05-17 23:59:59.999000+00:00,5737967926.6,0.0,0.0,0.0
2014-05-18 11:59:59.999000+00:00,5728857418.75,0.0,0.0,0.0
2014-05-18 23:59:59.999000+00:00,5706165792.6,0.0,0.0,0.0
2014-05-19 11:59:59.999000+00:00,5679042035.62,0.0,0.0,0.0
2014-05-19 23:59:59.999000+00:00,5706978471.22,0.0,0.0,0.0
2014-05-20 11:59:59.999000+00:00,5840122767.02,0.0,0.0,0.0
2014-05-20 19:59:59.999000+00:00,6187076158.75,0.0,0.0,0.0
2014-05-21 07:59:59.999000+00:00,6319895681.55,0.0,0.0,0.0
2014-05-21 19:59:59.999000+00:00,6312724185.28,0.0,0.0,0.0
2014-05-22 07:59:59.999000+00:00,6557043414.6,0.0,0.0,0.0
2014-05-22 19:59:59.999000+00:00,6623005608.45,0.0,0.0,0.0
2014-05-23 07:59:59.999000+00:00,6758125516.68,0.0,0.0,0.0
2014-05-23 19:59:59.999000+00:00,6745062690.0,0.0,0.0,0.0
2014-05-24 03:59:59.999000+00:00,6628551026.68,0.0,0.0,0.0
2014-05-24 15:59:59.999000+00:00,6641207648.1,0.0,0.0,0.0
2014-05-25 03:59:59.999000+00:00,6824088232.3,0.0,0.0,0.0
2014-05-25 15:59:59.999000+00:00,7256643632.7,0.0,0.0,0.0
2014-05-26 03:59:59.999000+00:00,7411687311.8,0.0,0.0,0.0
2014-05-26 15:59:59.999000+00:00,7408956889.95,0.0,0.0,0.0
2014-05-27 03:59:59.999000+00:00,7464941919.05,0.0,0.0,0.0
2014-05-27 11:59:59.999000+00:00,7202499600.88,0.0,0.0,0.0
2014-05-27 23:59:59.999000+00:00,7325147498.6,0.0,0.0,0.0
2014-05-28 11:59:59.999000+00:00,7323027037.0,0.0,0.0,0.0
2014-05-28 23:59:59.999000+00:00,7402205098.8,0.0,0.0,0.0
2014-05-29 11:59:59.999000+00:00,7247797455.6,0.0,0.0,0.0
2014-05-29 23:59:59.999000+00:00,7290260762.0,0.0,0.0,0.0
2014-05-30 11:59:59.999000+00:00,7589507341.32,0.0,0.0,0.0
2014-05-30 19:59:59.999000+00:00,7812117215.62,0.0,0.0,0.0
2014-05-31 07:59:59.999000+00:00,7960771676.0,0.0,0.0,0.0
2014-05-31 19:59:59.999000+00:00,7942503860.03,0.0,0.0,0.0
2014-06-01 07:59:59.999000+00:00,8276202270.8,0.0,0.0,0.0
2014-06-01 19:59:59.999000+00:00,8203474191.15,0.0,0.0,0.0
2014-06-02 07:59:59.999000+00:00,8029971454.25,0.0,0.0,0.0
2014-06-02 19:59:59.999000+00:00,8216397642.6,0.0,0.0,0.0
2014-06-03 03:59:59.999000+00:00,8485494382.5,0.0,0.0,0.0
2014-06-03 15:59:59.999000+00:00,8579700279.0,0.0,0.0,0.0
2014-06-04 03:59:59.999000+00:00,8110938825.0,0.0,0.0,0.0
2014-06-04 15:59:59.999000+00:00,8333613638.18,0.0,0.0,0.0
2014-06-05 03:59:59.999000+00:00,8313135280.27,0.0,0.0,0.0
2014-06-05 15:59:59.999000+00:00,8505368811.22,0.0,0.0,0.0
2014-06-06 03:59:59.999000+00:00,8441469904.4,0.0,0.0,0.0
2014-06-06 11:59:59.999000+00:00,8457728278.95,0.0,0.0,0.0
2014-06-06 23:59:59.999000+00:00,8409353268.4,0.0,0.0,0.0
2014-06-07 11:59:59.999000+00:00,8407735557.07,0.0,0.0,0.0
2014-06-07 23:59:59.999000+00:00,8428206588.9,0.0,0.0,0.0
2014-06-08 11:59:59.999000+00:00,8457110855.85,0.0,0.0,0.0
2014-06-08 23:59:59.999000+00:00,8445489606.5,0.0,0.0,0.0
2014-06-09 11:59:59.999000+00:00,8365743742.55,0.0,0.0,0.0
2014-06-09 19:59:59.999000+00:00,8384019425.25,0.0,0.0,0.0
2014-06-10 07:59:59.999000+00:00,8478035067.9,0.0,0.0,0.0
2014-06-10 19:59:59.999000+00:00,8426332896.53,0.0,0.0,0.0
2014-06-11 07:59:59.999000+00:00,8369826760.6,0.0,0.0,0.0
2014-06-11 19:59:59.999000+00:00,8289019076.25,0.0,0.0,0.0
2014-06-12 07:59:59.999000+00:00,8170585736.77,0.0,0.0,0.0
2014-06-12 15:59:59.999000+00:00,8079576333.08,0.0,0.0,0.0
2014-06-13 03:59:59.999000+00:00,7603730544.38,0.0,0.0,0.0
2014-06-13 15:59:59.999000+00:00,7613023599.15,0.0,0.0,0.0
2014-06-14 03:59:59.999000+00:00,7603880467.5,0.0,0.0,0.0
2014-06-14 15:59:59.999000+00:00,7247830821.5,0.0,0.0,0.0
2014-06-15 03:59:59.999000+00:00,7398210729.92,0.0,0.0,0.0
2014-06-15 15:59:59.999000+00:00,7187941952.0,0.0,0.0,0.0
2014-06-15 23:59:59.999000+00:00,7649361649.6,0.0,0.0,0.0
2014-06-16 11:59:59.999000+00:00,7792343511.07,0.0,0.0,0.0
2014-06-16 23:59:59.999000+00:00,7642482234.0,0.0,0.0,0.0
2014-06-17 11:59:59.999000+00:00,7760229826.4,0.0,0.0,0.0
2014-06-17 23:59:59.999000+00:00,7886300054.8,0.0,0.0,0.0
2014-06-18 11:59:59.999000+00:00,7894742006.2,0.0,0.0,0.0
2014-06-18 23:59:59.999000+00:00,7851200009.9,0.0,0.0,0.0
2014-06-19 07:59:59.999000+00:00,7881093318.6,0.0,0.0,0.0
2014-06-19 19:59:59.999000+00:00,7836256459.28,0.0,0.0,0.0
2014-06-20 07:59:59.999000+00:00,7681793281.18,0.0,0.0,0.0
2014-06-20 19:59:59.999000+00:00,7684659766.57,0.0,0.0,0.0
2014-06-21 07:59:59.999000+00:00,7630364552.7,0.0,0.0,0.0
2014-06-21 19:59:59.999000+00:00,7705635675.0,0.0,0.0,0.0
2014-06-22 07:59:59.999000+00:00,7816742472.25,0.0,0.0,0.0
2014-06-22 15:59:59.999000+00:00,7780505375.85,0.0,0.0,0.0
2014-06-23 03:59:59.999000+00:00,7732238612.52,0.0,0.0,0.0
2014-06-23 15:59:59.999000+00:00,7632313537.88,0.0,0.0,0.0
2014-06-24 03:59:59.999000+00:00,7642641741.62,0.0,0.0,0.0
2014-06-24 15:59:59.999000+00:00,7686335165.78,0.0,0.0,0.0
2014-06-25 03:59:59.999000+00:00,7533305244.0,0.0,0.0,0.0
2014-06-25 15:59:59.999000+00:00,7397540692.8,0.0,0.0,0.0
2014-06-25 23:59:59.999000+00:00,7331658430.4,0.0,0.0,0.0
2014-06-26 11:59:59.999000+00:00,7450413003.45,0.0,0.0,0.0
2014-06-26 23:59:59.999000+00:00,7525767735.27,0.0,0.0,0.0
2014-06-27 11:59:59.999000+00:00,7602680558.2,0.0,0.0,0.0
2014-06-27 23:59:59.999000+00:00,7737366939.75,0.0,0.0,0.0
2014-06-28 11:59:59.999000+00:00,7827312888.45,0.0,0.0,0.0
2014-06-28 23:59:59.999000+00:00,7730991679.22,0.0,0.0,0.0
2014-06-29 07:59:59.999000+00:00,7783816579.88,0.0,0.0,0.0
2014-06-29 19:59:59.999000+00:00,7745561019.0,0.0,0.0,0.0
2014-06-30 07:59:59.999000+00:00,8092057009.95,0.0,0.0,0.0
2014-06-30 19:59:59.999000+00:00,8342806286.85,0.0,0.0,0.0
2014-07-01 07:59:59.999000+00:00,8479466250.12,0.0,0.0,0.0
2014-07-01 19:59:59.999000+00:00,8524732161.7,0.0,0.0,0.0
2014-07-02 03:59:59.999000+00:00,8333645716.83,0.0,0.0,0.0
2014-07-02 15:59:59.999000+00:00,8483840139.2,0.0,0.0,0.0
2014-07-03 03:59:59.999000+00:00,8390895185.4,0.0,0.0,0.0
2014-07-03 15:59:59.999000+00:00,8364586814.02,0.0,0.0,0.0
2014-07-04 03:59:59.999000+00:00,8410980449.25,0.0,0.0,0.0
2014-07-04 15:59:59.999000+00:00,8232112254.93,0.0,0.0,0.0
2014-07-05 03:59:59.999000+00:00,8196823587.6,0.0,0.0,0.0
2014-07-05 11:59:59.999000+00:00,8218948611.83,0.0,0.0,0.0
2014-07-05 23:59:59.999000+00:00,8199437572.15,0.0,0.0,0.0
2014-07-06 11:59:59.999000+00:00,8218765796.78,0.0,0.0,0.0
2014-07-06 23:59:59.999000+00:00,8258179219.5,0.0,0.0,0.0
2014-07-07 11:59:59.999000+00:00,8151652470.6,0.0,0.0,0.0
2014-07-07 23:59:59.999000+00:00,8108140914.15,0.0,0.0,0.0
2014-07-08 11:59:59.999000+00:00,8096582220.8,0.0,0.0,0.0
2014-07-08 19:59:59.999000+00:00,8132339384.4,0.0,0.0,0.0
2014-07-09 07:59:59.999000+00:00,8111529185.38,0.0,0.0,0.0
2014-07-09 19:59:59.999000+00:00,8131696869.45,0.0,0.0,0.0
2014-07-10 07:59:59.999000+00:00,8121061796.25,0.0,0.0,0.0
2014-07-10 19:59:59.999000+00:00,8038247510.03,0.0,0.0,0.0
2014-07-11 07:59:59.999000+00:00,8018422531.8,0.0,0.0,0.0
2014-07-11 19:59:59.999000+00:00,8202310765.25,0.0,0.0,0.0
2014-07-12 03:59:59.999000+00:00,8253790774.8,0.0,0.0,0.0
2014-07-12 15:59:59.999000+00:00,8160666988.5,0.0,0.0,0.0
2014-07-13 03:59:59.999000+00:00,8170923009.6,0.0,0.0,0.0
2014-07-13 15:59:59.999000+00:00,8182145170.47,0.0,0.0,0.0
2014-07-14 03:59:59.999000+00:00,8095381122.32,0.0,0.0,0.0
2014-07-14 15:59:59.999000+00:00,8055906863.23,0.0,0.0,0.0
2014-07-15 03:59:59.999000+00:00,8076018821.2,0.0,0.0,0.0
2014-07-15 11:59:59.999000+00:00,8112520849.65,0.0,0.0,0.0
2014-07-15 23:59:59.999000+00:00,8094883398.7,0.0,0.0,0.0
2014-07-16 11:59:59.999000+00:00,8040584790.85,0.0,0.0,0.0
2014-07-16 23:59:59.999000+00:00,8034806880.0,0.0,0.0,0.0
2014-07-17 11:59:59.999000+00:00,7973786488.5,0.0,0.0,0.0
2014-07-17 23:59:59.999000+00:00,8119394872.88,0.0,0.0,0.0
2014-07-18 11:59:59.999000+00:00,8092468372.95,0.0,0.0,0.0
2014-07-18 19:59:59.999000+00:00,8153124078.47,0.0,0.0,0.0
2014-07-19 07:59:59.999000+00:00,8177684604.03,0.0,0.0,0.0
2014-07-19 19:59:59.999000+00:00,8193586944.9,0.0,0.0,0.0
2014-07-20 07:59:59.999000+00:00,8157489760.2,0.0,0.0,0.0
2014-07-20 19:59:59.999000+00:00,8128916781.97,0.0,0.0,0.0
2014-07-21 07:59:59.999000+00:00,8123427438.4,0.0,0.0,0.0
2014-07-21 19:59:59.999000+00:00,8109030379.5,0.0,0.0,0.0
2014-07-22 03:59:59.999000+00:00,8138666449.67,0.0,0.0,0.0
2014-07-22 15:59:59.999000+00:00,8129908375.97,0.0,0.0,0.0
2014-07-23 03:59:59.999000+00:00,8112635265.75,0.0,0.0,0.0
2014-07-23 15:59:59.999000+00:00,8120073826.12,0.0,0.0,0.0
2014-07-24 03:59:59.999000+00:00,8090095248.7,0.0,0.0,0.0
2014-07-24 15:59:59.999000+00:00,7854388103.62,0.0,0.0,0.0
2014-07-24 23:59:59.999000+00:00,7857489687.3,0.0,0.0,0.0
2014-07-25 11:59:59.999000+00:00,7837917019.9,0.0,0.0,0.0
2014-07-25 23:59:59.999000+00:00,7851574790.25,0.0,0.0,0.0
2014-07-26 11:59:59.999000+00:00,7794406104.3,0.0,0.0,0.0
2014-07-26 23:59:59.999000+00:00,7784669228.12,0.0,0.0,0.0
2014-07-27 11:59:59.999000+00:00,7795586859.62,0.0,0.0,0.0
2014-07-27 23:59:59.999000+00:00,7761289328.8,0.0,0.0,0.0
2014-07-28 07:59:59.999000+00:00,7602421525.3,0.0,0.0,0.0
2014-07-28 19:59:59.999000+00:00,7685721494.0,0.0,0.0,0.0
2014-07-29 07:59:59.999000+00:00,7673656194.0,0.0,0.0,0.0
2014-07-29 19:59:59.999000+00:00,7648414764.75,0.0,0.0,0.0
2014-07-30 07:59:59.999000+00:00,7645274915.2,0.0,0.0,0.0
2014-07-30 19:59:59.999000+00:00,7476652216.5,0.0,0.0,0.0
2014-07-31 07:59:59.999000+00:00,7464244177.3,0.0,0.0,0.0
2014-07-31 15:59:59.999000+00:00,7627869975.0,0.0,0.0,0.0
2014-08-01 03:59:59.999000+00:00,7670731615.95,0.0,0.0,0.0
2014-08-01 15:59:59.999000+00:00,7825349019.15,0.0,0.0,0.0
2014-08-02 03:59:59.999000+00:00,7773171639.28,0.0,0.0,0.0
2014-08-02 15:59:59.999000+00:00,7690378780.8,0.0,0.0,0.0
2014-08-03 03:59:59.999000+00:00,7642782593.75,0.0,0.0,0.0
2014-08-03 15:59:59.999000+00:00,7690196251.25,0.0,0.0,0.0
2014-08-03 23:59:59.999000+00:00,7683520602.05,0.0,0.0,0.0
2014-08-04 11:59:59.999000+00:00,7678432389.5,0.0,0.0,0.0
2014-08-04 23:59:59.999000+00:00,7713117797.75,0.0,0.0,0.0
2014-08-05 11:59:59.999000+00:00,7689541274.25,0.0,0.0,0.0
2014-08-05 23:59:59.999000+00:00,7671275261.9,0.0,0.0,0.0
2014-08-06 11:59:59.999000+00:00,7652187975.6,0.0,0.0,0.0
2014-08-06 23:59:59.999000+00:00,7663383046.48,0.0,0.0,0.0
2014-08-07 07:59:59.999000+00:00,7675396625.32,0.0,0.0,0.0
2014-08-07 19:59:59.999000+00:00,7743004139.32,0.0,0.0,0.0
2014-08-08 07:59:59.999000+00:00,7787371035.9,0.0,0.0,0.0
2014-08-08 19:59:59.999000+00:00,7782612566.33,0.0,0.0,0.0
2014-08-09 07:59:59.999000+00:00,7741914101.48,0.0,0.0,0.0
2014-08-09 19:59:59.999000+00:00,7728224058.22,0.0,0.0,0.0
2014-08-10 07:59:59.999000+00:00,7735468642.2,0.0,0.0,0.0
2014-08-10 15:59:59.999000+00:00,7755090907.65,0.0,0.0,0.0
2014-08-11 03:59:59.999000+00:00,7745720281.5,0.0,0.0,0.0
2014-08-11 15:59:59.999000+00:00,7717387419.45,0.0,0.0,0.0
2014-08-12 03:59:59.999000+00:00,7482849296.9,0.0,0.0,0.0
2014-08-12 15:59:59.999000+00:00,7461876024.85,0.0,0.0,0.0
2014-08-13 03:59:59.999000+00:00,7455869718.0,0.0,0.0,0.0
2014-08-13 11:59:59.999000+00:00,7237747329.5,0.0,0.0,0.0
2014-08-13 23:59:59.999000+00:00,7181459812.45,0.0,0.0,0.0
2014-08-14 11:59:59.999000+00:00,6756860161.28,0.0,0.0,0.0
2014-08-14 23:59:59.999000+00:00,6649282619.7,0.0,0.0,0.0
2014-08-15 11:59:59.999000+00:00,6672666696.0,0.0,0.0,0.0
2014-08-15 23:59:59.999000+00:00,6533519506.5,0.0,0.0,0.0
2014-08-16 11:59:59.999000+00:00,6556388492.5,0.0,0.0,0.0
2014-08-16 19:59:59.999000+00:00,6690010098.6,0.0,0.0,0.0
2014-08-17 07:59:59.999000+00:00,6675066682.7,0.0,0.0,0.0
2014-08-17 19:59:59.999000+00:00,6440550980.85,0.0,0.0,0.0
2014-08-18 07:59:59.999000+00:00,6399738954.0,0.0,0.0,0.0
2014-08-18 19:59:59.999000+00:00,6026461229.25,0.0,0.0,0.0
2014-08-19 07:59:59.999000+00:00,6186255177.62,0.0,0.0,0.0
2014-08-19 19:59:59.999000+00:00,6387574677.0,0.0,0.0,0.0
2014-08-20 03:59:59.999000+00:00,6220798067.4,0.0,0.0,0.0
2014-08-20 15:59:59.999000+00:00,6643480744.72,0.0,0.0,0.0
2014-08-21 03:59:59.999000+00:00,6845817289.3,0.0,0.0,0.0
2014-08-21 15:59:59.999000+00:00,6834529433.55,0.0,0.0,0.0
2014-08-22 03:59:59.999000+00:00,6705327166.88,0.0,0.0,0.0
2014-08-22 15:59:59.999000+00:00,6869632371.62,0.0,0.0,0.0
2014-08-23 03:59:59.999000+00:00,6664053871.8,0.0,0.0,0.0
2014-08-23 11:59:59.999000+00:00,6650625936.5,0.0,0.0,0.0
2014-08-23 23:59:59.999000+00:00,6564528885.0,0.0,0.0,0.0
2014-08-24 11:59:59.999000+00:00,6597179224.88,0.0,0.0,0.0
2014-08-24 23:59:59.999000+00:00,6700963066.7,0.0,0.0,0.0
2014-08-25 11:59:59.999000+00:00,6613118109.88,0.0,0.0,0.0
2014-08-25 23:59:59.999000+00:00,6626339377.6,0.0,0.0,0.0
2014-08-26 11:59:59.999000+00:00,6719916456.75,0.0,0.0,0.0
2014-08-26 19:59:59.999000+00:00,6726439618.82,0.0,0.0,0.0
2014-08-27 07:59:59.999000+00:00,6850100507.8,0.0,0.0,0.0
2014-08-27 19:59:59.999000+00:00,6777975066.5,0.0,0.0,0.0
2014-08-28 07:59:59.999000+00:00,6778603014.75,0.0,0.0,0.0
2014-08-28 19:59:59.999000+00:00,6731318862.3,0.0,0.0,0.0
2014-08-29 07:59:59.999000+00:00,6682781287.8,0.0,0.0,0.0
2014-08-29 19:59:59.999000+00:00,6724849522.25,0.0,0.0,0.0
2014-08-30 03:59:59.999000+00:00,6683332770.75,0.0,0.0,0.0
2014-08-30 15:59:59.999000+00:00,6652265774.28,0.0,0.0,0.0
2014-08-31 03:59:59.999000+00:00,6656005921.88,0.0,0.0,0.0
2014-08-31 15:59:59.999000+00:00,6370858117.2,0.0,0.0,0.0
2014-09-01 03:59:59.999000+00:00,6274377408.75,0.0,0.0,0.0
2014-09-01 15:59:59.999000+00:00,6365985643.0,0.0,0.0,0.0
2014-09-02 03:59:59.999000+00:00,6317953772.0,0.0,0.0,0.0
2014-09-02 11:59:59.999000+00:00,6309601108.7,0.0,0.0,0.0
2014-09-02 23:59:59.999000+00:00,6311703012.15,0.0,0.0,0.0
2014-09-03 11:59:59.999000+00:00,6324987929.6,0.0,0.0,0.0
2014-09-03 23:59:59.999000+00:00,6315859936.3,0.0,0.0,0.0
2014-09-04 11:59:59.999000+00:00,6363099636.28,0.0,0.0,0.0
2014-09-04 23:59:59.999000+00:00,6477467310.0,0.0,0.0,0.0
2014-09-05 07:59:59.999000+00:00,6466841269.5,0.0,0.0,0.0
2014-09-05 19:59:59.999000+00:00,6411006887.32,0.0,0.0,0.0
2014-09-06 07:59:59.999000+00:00,6409275187.0,0.0,0.0,0.0
2014-09-06 19:59:59.999000+00:00,6443567017.5,0.0,0.0,0.0
2014-09-07 07:59:59.999000+00:00,6454643281.5,0.0,0.0,0.0
2014-09-07 19:59:59.999000+00:00,6413305030.88,0.0,0.0,0.0
2014-09-08 07:59:59.999000+00:00,6285407130.38,0.0,0.0,0.0
2014-09-08 15:59:59.999000+00:00,6295661078.5,0.0,0.0,0.0
2014-09-09 03:59:59.999000+00:00,6244343345.5,0.0,0.0,0.0
2014-09-09 15:59:59.999000+00:00,6224967484.5,0.0,0.0,0.0
2014-09-10 03:59:59.999000+00:00,6319425864.5,0.0,0.0,0.0
2014-09-10 15:59:59.999000+00:00,6423581913.6,0.0,0.0,0.0
2014-09-11 03:59:59.999000+00:00,6381654771.8,0.0,0.0,0.0
2014-09-11 15:59:59.999000+00:00,6339816511.05,0.0,0.0,0.0
2014-09-11 23:59:59.999000+00:00,6359504769.1,0.0,0.0,0.0
2014-09-12 11:59:59.999000+00:00,6310193028.15,0.0,0.0,0.0
2014-09-12 23:59:59.999000+00:00,6334873397.93,0.0,0.0,0.0
2014-09-13 11:59:59.999000+00:00,6352678521.0,0.0,0.0,0.0
2014-09-13 23:59:59.999000+00:00,6353614253.55,0.0,0.0,0.0
2014-09-14 11:59:59.999000+00:00,6332578106.25,0.0,0.0,0.0
2014-09-14 23:59:59.999000+00:00,6340778581.7,0.0,0.0,0.0
2014-09-15 07:59:59.999000+00:00,6341998229.75,0.0,0.0,0.0
2014-09-15 19:59:59.999000+00:00,6325632148.05,0.0,0.0,0.0
2014-09-16 07:59:59.999000+00:00,6284075980.4,0.0,0.0,0.0
2014-09-16 19:59:59.999000+00:00,6221990256.3,0.0,0.0,0.0
2014-09-17 07:59:59.999000+00:00,6160165404.8,0.0,0.0,0.0
2014-09-17 19:59:59.999000+00:00,6023723832.0,0.0,0.0,0.0
2014-09-18 07:59:59.999000+00:00,6017350280.18,0.0,0.0,0.0
2014-09-18 15:59:59.999000+00:00,5809831585.8,0.0,0.0,0.0
2014-09-19 03:59:59.999000+00:00,5681001206.25,0.0,0.0,0.0
2014-09-19 15:59:59.999000+00:00,5349033689.57,0.0,0.0,0.0
2014-09-20 03:59:59.999000+00:00,5422670195.5,0.0,0.0,0.0
2014-09-20 15:59:59.999000+00:00,5559289123.85,0.0,0.0,0.0
2014-09-21 03:59:59.999000+00:00,5423033597.48,0.0,0.0,0.0
2014-09-21 15:59:59.999000+00:00,5366499078.12,0.0,0.0,0.0
2014-09-21 23:59:59.999000+00:00,5303651274.83,0.0,0.0,0.0
2014-09-22 11:59:59.999000+00:00,5367195731.6,0.0,0.0,0.0
2014-09-22 23:59:59.999000+00:00,5349637033.8,0.0,0.0,0.0
2014-09-23 11:59:59.999000+00:00,5288585559.8,0.0,0.0,0.0
2014-09-23 23:59:59.999000+00:00,5798754888.52,0.0,0.0,0.0
2014-09-24 11:59:59.999000+00:00,5671433166.0,0.0,0.0,0.0
2014-09-24 23:59:59.999000+00:00,5632911450.62,0.0,0.0,0.0
2014-09-25 07:59:59.999000+00:00,5479744972.8,0.0,0.0,0.0
2014-09-25 19:59:59.999000+00:00,5466521170.5,0.0,0.0,0.0
2014-09-26 07:59:59.999000+00:00,5398655994.35,0.0,0.0,0.0
2014-09-26 19:59:59.999000+00:00,5392667510.1,0.0,0.0,0.0
2014-09-27 07:59:59.999000+00:00,5391304255.4,0.0,0.0,0.0
2014-09-27 19:59:59.999000+00:00,5321146787.95,0.0,0.0,0.0
2014-09-28 03:59:59.999000+00:00,5330345306.1,0.0,0.0,0.0
2014-09-28 15:59:59.999000+00:00,5176946408.55,0.0,0.0,0.0
2014-09-29 03:59:59.999000+00:00,5069088817.93,0.0,0.0,0.0
2014-09-29 15:59:59.999000+00:00,5093468762.6,0.0,0.0,0.0
2014-09-30 03:59:59.999000+00:00,5040945783.23,0.0,0.0,0.0
2014-09-30 15:59:59.999000+00:00,5134324283.55,0.0,0.0,0.0
2014-10-01 03:59:59.999000+00:00,5189130068.8,0.0,0.0,0.0
2014-10-01 11:59:59.999000+00:00,5103924979.25,0.0,0.0,0.0
2014-10-01 23:59:59.999000+00:00,5115688242.12,0.0,0.0,0.0
2014-10-02 11:59:59.999000+00:00,5094042602.25,0.0,0.0,0.0
2014-10-02 23:59:59.999000+00:00,5003085408.0,0.0,0.0,0.0
2014-10-03 11:59:59.999000+00:00,4997603624.45,0.0,0.0,0.0
2014-10-03 23:59:59.999000+00:00,4796851774.6,0.0,0.0,0.0
2014-10-04 11:59:59.999000+00:00,4655246267.5,0.0,0.0,0.0
2014-10-04 19:59:59.999000+00:00,4395816888.3,0.0,0.0,0.0
2014-10-05 07:59:59.999000+00:00,4369381673.4,0.0,0.0,0.0
2014-10-05 19:59:59.999000+00:00,4208469116.48,0.0,0.0,0.0
2014-10-06 07:59:59.999000+00:00,4291087029.6,0.0,0.0,0.0
2014-10-06 19:59:59.999000+00:00,4443453305.1,0.0,0.0,0.0
2014-10-07 07:59:59.999000+00:00,4358156292.0,0.0,0.0,0.0
2014-10-07 19:59:59.999000+00:00,4395966702.73,0.0,0.0,0.0
2014-10-08 03:59:59.999000+00:00,4388325723.6,0.0,0.0,0.0
2014-10-08 15:59:59.999000+00:00,4628428533.75,0.0,0.0,0.0
2014-10-09 03:59:59.999000+00:00,4692497309.4,0.0,0.0,0.0
2014-10-09 15:59:59.999000+00:00,5091901662.57,0.0,0.0,0.0
2014-10-10 03:59:59.999000+00:00,4940191916.05,0.0,0.0,0.0
2014-10-10 15:59:59.999000+00:00,4742699167.35,0.0,0.0,0.0
2014-10-11 03:59:59.999000+00:00,4832622276.3,0.0,0.0,0.0
2014-10-11 11:59:59.999000+00:00,4765874544.1,0.0,0.0,0.0
2014-10-11 23:59:59.999000+00:00,4844961124.67,0.0,0.0,0.0
2014-10-12 11:59:59.999000+00:00,4786238964.33,0.0,0.0,0.0
2014-10-12 23:59:59.999000+00:00,5063689089.67,0.0,0.0,0.0
2014-10-13 11:59:59.999000+00:00,5078589516.27,0.0,0.0,0.0
2014-10-13 23:59:59.999000+00:00,5223924766.65,0.0,0.0,0.0
2014-10-14 11:59:59.999000+00:00,5414347085.0,0.0,0.0,0.0
2014-10-14 19:59:59.999000+00:00,5458893202.95,0.0,0.0,0.0
2014-10-15 07:59:59.999000+00:00,5289664679.6,0.0,0.0,0.0
2014-10-15 19:59:59.999000+00:00,5248628656.8,0.0,0.0,0.0
2014-10-16 07:59:59.999000+00:00,5278336357.88,0.0,0.0,0.0
2014-10-16 19:59:59.999000+00:00,4998400151.8,0.0,0.0,0.0
2014-10-17 07:59:59.999000+00:00,5137137146.4,0.0,0.0,0.0
2014-10-17 15:59:59.999000+00:00,5069238847.5,0.0,0.0,0.0
2014-10-18 03:59:59.999000+00:00,5119928435.62,0.0,0.0,0.0
2014-10-18 15:59:59.999000+00:00,5246677936.05,0.0,0.0,0.0
2014-10-19 03:59:59.999000+00:00,5276100434.75,0.0,0.0,0.0
2014-10-19 15:59:59.999000+00:00,5253416216.4,0.0,0.0,0.0
2014-10-20 03:59:59.999000+00:00,5175282679.05,0.0,0.0,0.0
2014-10-20 15:59:59.999000+00:00,5146954490.0,0.0,0.0,0.0
2014-10-20 23:59:59.999000+00:00,5132276503.12,0.0,0.0,0.0
2014-10-21 11:59:59.999000+00:00,5204319047.0,0.0,0.0,0.0
2014-10-21 23:59:59.999000+00:00,5182426850.62,0.0,0.0,0.0
2014-10-22 11:59:59.999000+00:00,5176562756.62,0.0,0.0,0.0
2014-10-22 23:59:59.999000+00:00,5139461096.15,0.0,0.0,0.0
2014-10-23 11:59:59.999000+00:00,4985235887.2,0.0,0.0,0.0
2014-10-23 23:59:59.999000+00:00,4808952572.4,0.0,0.0,0.0
2014-10-24 07:59:59.999000+00:00,4837611387.2,0.0,0.0,0.0
2014-10-24 19:59:59.999000+00:00,4823278339.6,0.0,0.0,0.0
2014-10-25 07:59:59.999000+00:00,4728198127.4,0.0,0.0,0.0
2014-10-25 19:59:59.999000+00:00,4683339560.15,0.0,0.0,0.0
2014-10-26 07:59:59.999000+00:00,4815467791.5,0.0,0.0,0.0
2014-10-26 19:59:59.999000+00:00,4750886612.93,0.0,0.0,0.0
2014-10-27 07:59:59.999000+00:00,4734616380.0,0.0,0.0,0.0
2014-10-27 15:59:59.999000+00:00,4793072044.75,0.0,0.0,0.0
2014-10-28 07:59:59.999000+00:00,4802704777.83,0.0,0.0,0.0
2014-10-28 19:59:59.999000+00:00,4797114353.55,0.0,0.0,0.0
2014-10-29 07:59:59.999000+00:00,4793986705.73,0.0,0.0,0.0
2014-10-29 19:59:59.999000+00:00,4598946714.6,0.0,0.0,0.0
2014-10-30 07:59:59.999000+00:00,4561706376.5,0.0,0.0,0.0
2014-10-30 19:59:59.999000+00:00,4667163709.85,0.0,0.0,0.0
2014-10-31 03:59:59.999000+00:00,4626599324.38,0.0,0.0,0.0
2014-10-31 15:59:59.999000+00:00,4583486098.5,0.0,0.0,0.0
2014-11-01 03:59:59.999000+00:00,4575305892.1,0.0,0.0,0.0
2014-11-01 15:59:59.999000+00:00,4380256204.85,0.0,0.0,0.0
2014-11-02 03:59:59.999000+00:00,4394253318.5,0.0,0.0,0.0
2014-11-02 15:59:59.999000+00:00,4361632280.77,0.0,0.0,0.0
2014-11-03 03:59:59.999000+00:00,4471267508.32,0.0,0.0,0.0
2014-11-03 11:59:59.999000+00:00,4427504803.88,0.0,0.0,0.0
2014-11-03 23:59:59.999000+00:00,4409040617.0,0.0,0.0,0.0
2014-11-04 11:59:59.999000+00:00,4395077889.75,0.0,0.0,0.0
2014-11-04 23:59:59.999000+00:00,4449934320.9,0.0,0.0,0.0
2014-11-05 11:59:59.999000+00:00,4552983536.4,0.0,0.0,0.0
2014-11-05 23:59:59.999000+00:00,4572205935.15,0.0,0.0,0.0
2014-11-06 11:59:59.999000+00:00,4617953154.9,0.0,0.0,0.0
2014-11-06 19:59:59.999000+00:00,4687805558.8,0.0,0.0,0.0
2014-11-07 07:59:59.999000+00:00,4666322490.65,0.0,0.0,0.0
2014-11-07 19:59:59.999000+00:00,4615754709.2,0.0,0.0,0.0
2014-11-08 07:59:59.999000+00:00,4630532958.12,0.0,0.0,0.0
2014-11-08 19:59:59.999000+00:00,4654349889.62,0.0,0.0,0.0
2014-11-09 07:59:59.999000+00:00,4693201260.0,0.0,0.0,0.0
2014-11-09 15:59:59.999000+00:00,4811785069.28,0.0,0.0,0.0
2014-11-10 03:59:59.999000+00:00,4831991582.9,0.0,0.0,0.0
2014-11-10 15:59:59.999000+00:00,5029486653.15,0.0,0.0,0.0
2014-11-11 03:59:59.999000+00:00,4980280655.62,0.0,0.0,0.0
2014-11-11 15:59:59.999000+00:00,4937838249.0,0.0,0.0,0.0
2014-11-12 03:59:59.999000+00:00,5095438735.95,0.0,0.0,0.0
2014-11-12 15:59:59.999000+00:00,5379442124.38,0.0,0.0,0.0
2014-11-12 23:59:59.999000+00:00,5715426243.75,0.0,0.0,0.0
2014-11-13 11:59:59.999000+00:00,5791121482.5,0.0,0.0,0.0
2014-11-13 23:59:59.999000+00:00,5678828589.0,0.0,0.0,0.0
2014-11-14 11:59:59.999000+00:00,5326898544.75,0.0,0.0,0.0
2014-11-14 23:59:59.999000+00:00,5371040272.5,0.0,0.0,0.0
2014-11-15 11:59:59.999000+00:00,5307483029.95,0.0,0.0,0.0
2014-11-15 23:59:59.999000+00:00,5079582131.75,0.0,0.0,0.0
2014-11-16 07:59:59.999000+00:00,5246239832.93,0.0,0.0,0.0
2014-11-16 19:59:59.999000+00:00,5244154305.75,0.0,0.0,0.0
2014-11-17 07:59:59.999000+00:00,5398806824.25,0.0,0.0,0.0
2014-11-17 19:59:59.999000+00:00,5189805560.0,0.0,0.0,0.0
2014-11-18 07:59:59.999000+00:00,5283615481.73,0.0,0.0,0.0
2014-11-18 19:59:59.999000+00:00,5147146879.88,0.0,0.0,0.0
2014-11-19 07:59:59.999000+00:00,5204753619.55,0.0,0.0,0.0
2014-11-19 15:59:59.999000+00:00,5138329923.9,0.0,0.0,0.0
2014-11-20 03:59:59.999000+00:00,5108529401.9,0.0,0.0,0.0
2014-11-20 15:59:59.999000+00:00,4884898835.52,0.0,0.0,0.0
2014-11-21 03:59:59.999000+00:00,4738319364.1,0.0,0.0,0.0
2014-11-21 15:59:59.999000+00:00,4787733950.7,0.0,0.0,0.0
2014-11-22 03:59:59.999000+00:00,4788675569.5,0.0,0.0,0.0
2014-11-22 15:59:59.999000+00:00,4846751475.9,0.0,0.0,0.0
2014-11-22 23:59:59.999000+00:00,4774989954.0,0.0,0.0,0.0
2014-11-23 11:59:59.999000+00:00,4838232518.75,0.0,0.0,0.0
2014-11-23 23:59:59.999000+00:00,4974540006.18,0.0,0.0,0.0
2014-11-24 11:59:59.999000+00:00,5035402306.0,0.0,0.0,0.0
2014-11-24 23:59:59.999000+00:00,5102174794.68,0.0,0.0,0.0
2014-11-25 11:59:59.999000+00:00,5328712838.05,0.0,0.0,0.0
2014-11-25 23:59:59.999000+00:00,5082390210.3,0.0,0.0,0.0
2014-11-26 07:59:59.999000+00:00,5015001811.32,0.0,0.0,0.0
2014-11-26 19:59:59.999000+00:00,4978725066.9,0.0,0.0,0.0
2014-11-27 07:59:59.999000+00:00,5006657463.5,0.0,0.0,0.0
2014-11-27 19:59:59.999000+00:00,5016713740.5,0.0,0.0,0.0
2014-11-28 07:59:59.999000+00:00,4921610681.25,0.0,0.0,0.0
2014-11-28 19:59:59.999000+00:00,5100097665.62,0.0,0.0,0.0
2014-11-29 03:59:59.999000+00:00,5099039807.12,0.0,0.0,0.0
2014-11-29 15:59:59.999000+00:00,5166333078.07,0.0,0.0,0.0
2014-11-30 03:59:59.999000+00:00,5125507552.55,0.0,0.0,0.0
2014-11-30 15:59:59.999000+00:00,5104247714.7,0.0,0.0,0.0
2014-12-01 03:59:59.999000+00:00,5113091676.0,0.0,0.0,0.0
2014-12-01 15:59:59.999000+00:00,5149212048.7,0.0,0.0,0.0
2014-12-02 03:59:59.999000+00:00,5132552404.57,0.0,0.0,0.0
2014-12-02 11:59:59.999000+00:00,5169360220.65,0.0,0.0,0.0
2014-12-02 23:59:59.999000+00:00,5172928822.88,0.0,0.0,0.0
2014-12-03 11:59:59.999000+00:00,5093963865.73,0.0,0.0,0.0
2014-12-03 23:59:59.999000+00:00,5088491939.5,0.0,0.0,0.0
2014-12-04 11:59:59.999000+00:00,5020572348.0,0.0,0.0,0.0
2014-12-04 23:59:59.999000+00:00,5016487250.4,0.0,0.0,0.0
2014-12-05 11:59:59.999000+00:00,5055505264.6,0.0,0.0,0.0
2014-12-05 19:59:59.999000+00:00,5102860206.25,0.0,0.0,0.0
2014-12-06 07:59:59.999000+00:00,5067733091.7,0.0,0.0,0.0
2014-12-06 19:59:59.999000+00:00,5109245076.83,0.0,0.0,0.0
2014-12-07 07:59:59.999000+00:00,5092195950.0,0.0,0.0,0.0
2014-12-07 19:59:59.999000+00:00,5095313825.1,0.0,0.0,0.0
2014-12-08 07:59:59.999000+00:00,5020355742.5,0.0,0.0,0.0
2014-12-08 19:59:59.999000+00:00,4969551873.6,0.0,0.0,0.0
2014-12-09 03:59:59.999000+00:00,4869746117.27,0.0,0.0,0.0
2014-12-09 15:59:59.999000+00:00,4724138585.7,0.0,0.0,0.0
2014-12-10 03:59:59.999000+00:00,4743126772.0,0.0,0.0,0.0
2014-12-10 15:59:59.999000+00:00,4752814821.75,0.0,0.0,0.0
2014-12-11 03:59:59.999000+00:00,4641354823.95,0.0,0.0,0.0
2014-12-11 15:59:59.999000+00:00,4858785799.8,0.0,0.0,0.0
2014-12-12 03:59:59.999000+00:00,4778241773.35,0.0,0.0,0.0
2014-12-12 11:59:59.999000+00:00,4762796580.45,0.0,0.0,0.0
2014-12-12 23:59:59.999000+00:00,4795055945.25,0.0,0.0,0.0
2014-12-13 11:59:59.999000+00:00,4728092927.8,0.0,0.0,0.0
2014-12-13 23:59:59.999000+00:00,4726102586.4,0.0,0.0,0.0
2014-12-14 11:59:59.999000+00:00,4745189723.2,0.0,0.0,0.0
2014-12-14 23:59:59.999000+00:00,4785245607.6,0.0,0.0,0.0
2014-12-15 11:59:59.999000+00:00,4731504697.57,0.0,0.0,0.0
2014-12-15 19:59:59.999000+00:00,4727109656.15,0.0,0.0,0.0
2014-12-16 07:59:59.999000+00:00,4609679705.33,0.0,0.0,0.0
2014-12-16 19:59:59.999000+00:00,4490352790.88,0.0,0.0,0.0
2014-12-17 07:59:59.999000+00:00,4464246197.4,0.0,0.0,0.0
2014-12-17 19:59:59.999000+00:00,4341530984.68,0.0,0.0,0.0
2014-12-18 07:59:59.999000+00:00,4143691489.12,0.0,0.0,0.0
2014-12-18 19:59:59.999000+00:00,4270293976.4,0.0,0.0,0.0
2014-12-19 03:59:59.999000+00:00,4186732504.5,0.0,0.0,0.0
2014-12-19 15:59:59.999000+00:00,4249314032.15,0.0,0.0,0.0
2014-12-20 03:59:59.999000+00:00,4368203036.25,0.0,0.0,0.0
2014-12-20 15:59:59.999000+00:00,4462777483.53,0.0,0.0,0.0
2014-12-21 03:59:59.999000+00:00,4409418386.45,0.0,0.0,0.0
2014-12-21 15:59:59.999000+00:00,4426952906.25,0.0,0.0,0.0
2014-12-21 23:59:59.999000+00:00,4373820007.82,0.0,0.0,0.0
2014-12-22 11:59:59.999000+00:00,4484999738.0,0.0,0.0,0.0
2014-12-22 23:59:59.999000+00:00,4525705358.95,0.0,0.0,0.0
2014-12-23 11:59:59.999000+00:00,4516657678.5,0.0,0.0,0.0
2014-12-23 23:59:59.999000+00:00,4563595537.2,0.0,0.0,0.0
2014-12-24 11:59:59.999000+00:00,4518925179.75,0.0,0.0,0.0
2014-12-24 23:59:59.999000+00:00,4400637769.3,0.0,0.0,0.0
2014-12-25 07:59:59.999000+00:00,4391504681.62,0.0,0.0,0.0
2014-12-25 19:59:59.999000+00:00,4334669073.3,0.0,0.0,0.0
2014-12-26 07:59:59.999000+00:00,4378932404.38,0.0,0.0,0.0
2014-12-26 19:59:59.999000+00:00,4473241577.88,0.0,0.0,0.0
2014-12-27 07:59:59.999000+00:00,4378798178.0,0.0,0.0,0.0
2014-12-27 19:59:59.999000+00:00,4268923571.25,0.0,0.0,0.0
2014-12-28 07:59:59.999000+00:00,4307973506.7,0.0,0.0,0.0
2014-12-28 15:59:59.999000+00:00,4312017279.38,0.0,0.0,0.0
2014-12-29 03:59:59.999000+00:00,4315724409.82,0.0,0.0,0.0
2014-12-29 15:59:59.999000+00:00,4297914060.55,0.0,0.0,0.0
2014-12-30 03:59:59.999000+00:00,4298416108.12,0.0,0.0,0.0
2014-12-30 15:59:59.999000+00:00,4280185652.62,0.0,0.0,0.0
2014-12-31 03:59:59.999000+00:00,4249610622.3,0.0,0.0,0.0
2014-12-31 15:59:59.999000+00:00,4287541027.35,0.0,0.0,0.0
2014-12-31 23:59:59.999000+00:00,4377510594.68,0.0,0.0,0.0
2015-01-01 11:59:59.999000+00:00,4314749181.38,0.0,0.0,0.0
2015-01-01 23:59:59.999000+00:00,4297535768.18,0.0,0.0,0.0
2015-01-02 11:59:59.999000+00:00,4301017382.07,0.0,0.0,0.0
2015-01-02 23:59:59.999000+00:00,4309551126.2,0.0,0.0,0.0
2015-01-03 11:59:59.999000+00:00,4175121505.3,0.0,0.0,0.0
2015-01-03 23:59:59.999000+00:00,3846269871.6,0.0,0.0,0.0
2015-01-04 07:59:59.999000+00:00,3850817036.62,0.0,0.0,0.0
2015-01-04 19:59:59.999000+00:00,3661975677.15,0.0,0.0,0.0
2015-01-05 07:59:59.999000+00:00,3760471221.05,0.0,0.0,0.0
2015-01-05 19:59:59.999000+00:00,3702202565.5,0.0,0.0,0.0
2015-01-06 07:59:59.999000+00:00,3783869342.4,0.0,0.0,0.0
2015-01-06 19:59:59.999000+00:00,3886739340.5,0.0,0.0,0.0
2015-01-07 07:59:59.999000+00:00,3927225344.0,0.0,0.0,0.0
2015-01-07 15:59:59.999000+00:00,3924502247.25,0.0,0.0,0.0
2015-01-08 03:59:59.999000+00:00,3977990785.6,0.0,0.0,0.0
2015-01-08 15:59:59.999000+00:00,3906443454.23,0.0,0.0,0.0
2015-01-09 03:59:59.999000+00:00,3857222289.8,0.0,0.0,0.0
2015-01-09 15:59:59.999000+00:00,3899140148.47,0.0,0.0,0.0
2015-01-10 03:59:59.999000+00:00,3939244334.0,0.0,0.0,0.0
2015-01-10 15:59:59.999000+00:00,3770132632.7,0.0,0.0,0.0
2015-01-10 23:59:59.999000+00:00,3767535598.8,0.0,0.0,0.0
2015-01-11 11:59:59.999000+00:00,3783435901.65,0.0,0.0,0.0
2015-01-11 23:59:59.999000+00:00,3643307730.5,0.0,0.0,0.0
2015-01-12 11:59:59.999000+00:00,3687066540.0,0.0,0.0,0.0
2015-01-12 23:59:59.999000+00:00,3673551884.1,0.0,0.0,0.0
2015-01-13 11:59:59.999000+00:00,3151563138.0,0.0,0.0,0.0
2015-01-13 19:59:59.999000+00:00,3255930651.1,0.0,0.0,0.0
2015-01-14 07:59:59.999000+00:00,2548084193.2,0.0,0.0,0.0
2015-01-14 19:59:59.999000+00:00,2540925513.2,0.0,0.0,0.0
2015-01-15 07:59:59.999000+00:00,2720954174.38,0.0,0.0,0.0
2015-01-15 19:59:59.999000+00:00,2927515987.0,0.0,0.0,0.0
2015-01-16 07:59:59.999000+00:00,2984524430.8,0.0,0.0,0.0
2015-01-16 19:59:59.999000+00:00,2866399806.0,0.0,0.0,0.0
2015-01-17 03:59:59.999000+00:00,2877383748.2,0.0,0.0,0.0
2015-01-17 15:59:59.999000+00:00,2730464126.8,0.0,0.0,0.0
2015-01-18 03:59:59.999000+00:00,2682047426.5,0.0,0.0,0.0
2015-01-18 15:59:59.999000+00:00,2886146121.6,0.0,0.0,0.0
2015-01-19 03:59:59.999000+00:00,2922744885.03,0.0,0.0,0.0
2015-01-19 15:59:59.999000+00:00,2890533852.9,0.0,0.0,0.0
2015-01-20 03:59:59.999000+00:00,2916555376.5,0.0,0.0,0.0
2015-01-20 11:59:59.999000+00:00,2875267665.83,0.0,0.0,0.0
2015-01-20 23:59:59.999000+00:00,2904651464.0,0.0,0.0,0.0
2015-01-21 11:59:59.999000+00:00,2918970470.4,0.0,0.0,0.0
2015-01-21 23:59:59.999000+00:00,3119680594.53,0.0,0.0,0.0
2015-01-22 11:59:59.999000+00:00,3186438888.75,0.0,0.0,0.0
2015-01-22 23:59:59.999000+00:00,3209962696.2,0.0,0.0,0.0
2015-01-23 11:59:59.999000+00:00,3114952506.0,0.0,0.0,0.0
2015-01-23 19:59:59.999000+00:00,3196481988.35,0.0,0.0,0.0
2015-01-24 07:59:59.999000+00:00,3195118278.0,0.0,0.0,0.0
2015-01-24 19:59:59.999000+00:00,3382413943.5,0.0,0.0,0.0
2015-01-25 07:59:59.999000+00:00,3398287265.78,0.0,0.0,0.0
2015-01-25 19:59:59.999000+00:00,3413780222.18,0.0,0.0,0.0
2015-01-26 07:59:59.999000+00:00,4258082930.4,0.0,0.0,0.0
2015-01-26 19:59:59.999000+00:00,3640143196.5,0.0,0.0,0.0
2015-01-27 03:59:59.999000+00:00,3552675940.2,0.0,0.0,0.0
2015-01-27 15:59:59.999000+00:00,3597451471.6,0.0,0.0,0.0
2015-01-28 03:59:59.999000+00:00,3554044780.95,0.0,0.0,0.0
2015-01-28 15:59:59.999000+00:00,3507040707.62,0.0,0.0,0.0
2015-01-29 03:59:59.999000+00:00,3259008930.7,0.0,0.0,0.0
2015-01-29 15:59:59.999000+00:00,3178997801.1,0.0,0.0,0.0
2015-01-30 03:59:59.999000+00:00,3213610907.65,0.0,0.0,0.0
2015-01-30 11:59:59.999000+00:00,3195379841.85,0.0,0.0,0.0
2015-01-30 23:59:59.999000+00:00,3120272355.0,0.0,0.0,0.0
2015-01-31 11:59:59.999000+00:00,3150399142.8,0.0,0.0,0.0
2015-01-31 23:59:59.999000+00:00,2997692310.6,0.0,0.0,0.0
2015-02-01 11:59:59.999000+00:00,2954987637.7,0.0,0.0,0.0
2015-02-01 23:59:59.999000+00:00,3129637467.8,0.0,0.0,0.0
2015-02-02 07:59:59.999000+00:00,3102515026.88,0.0,0.0,0.0
2015-02-02 19:59:59.999000+00:00,3119854388.5,0.0,0.0,0.0
2015-02-03 07:59:59.999000+00:00,3293302905.75,0.0,0.0,0.0
2015-02-03 19:59:59.999000+00:00,3162738068.6,0.0,0.0,0.0
2015-02-04 07:59:59.999000+00:00,3071328604.1,0.0,0.0,0.0
2015-02-04 19:59:59.999000+00:00,3135525657.9,0.0,0.0,0.0
2015-02-05 07:59:59.999000+00:00,3124405211.67,0.0,0.0,0.0
2015-02-05 15:59:59.999000+00:00,2980631284.85,0.0,0.0,0.0
2015-02-06 03:59:59.999000+00:00,3035504488.5,0.0,0.0,0.0
2015-02-06 15:59:59.999000+00:00,3147879593.45,0.0,0.0,0.0
2015-02-07 03:59:59.999000+00:00,3109525918.2,0.0,0.0,0.0
2015-02-07 15:59:59.999000+00:00,3102212553.38,0.0,0.0,0.0
2015-02-08 03:59:59.999000+00:00,3122684178.93,0.0,0.0,0.0
2015-02-08 15:59:59.999000+00:00,3060594003.25,0.0,0.0,0.0
2015-02-08 23:59:59.999000+00:00,3086537315.4,0.0,0.0,0.0
2015-02-09 11:59:59.999000+00:00,3050069473.7,0.0,0.0,0.0
2015-02-09 23:59:59.999000+00:00,3041799139.5,0.0,0.0,0.0
2015-02-10 11:59:59.999000+00:00,2988839906.25,0.0,0.0,0.0
2015-02-10 23:59:59.999000+00:00,3038850984.93,0.0,0.0,0.0
2015-02-11 11:59:59.999000+00:00,3041079750.75,0.0,0.0,0.0
2015-02-11 23:59:59.999000+00:00,3030676474.62,0.0,0.0,0.0
2015-02-12 07:59:59.999000+00:00,3014886135.5,0.0,0.0,0.0
2015-02-12 19:59:59.999000+00:00,3058128391.5,0.0,0.0,0.0
2015-02-13 07:59:59.999000+00:00,3178553817.25,0.0,0.0,0.0
2015-02-13 19:59:59.999000+00:00,3268459220.95,0.0,0.0,0.0
2015-02-14 07:59:59.999000+00:00,3434634172.8,0.0,0.0,0.0
2015-02-14 19:59:59.999000+00:00,3420086854.05,0.0,0.0,0.0
2015-02-15 07:59:59.999000+00:00,3570600506.62,0.0,0.0,0.0
2015-02-15 15:59:59.999000+00:00,3365732001.8,0.0,0.0,0.0
2015-02-16 03:59:59.999000+00:00,3193004507.35,0.0,0.0,0.0
2015-02-16 15:59:59.999000+00:00,3258284727.78,0.0,0.0,0.0
2015-02-17 03:59:59.999000+00:00,3267492133.8,0.0,0.0,0.0
2015-02-17 15:59:59.999000+00:00,3321659357.97,0.0,0.0,0.0
2015-02-18 03:59:59.999000+00:00,3362605852.25,0.0,0.0,0.0
2015-02-18 15:59:59.999000+00:00,3281659742.7,0.0,0.0,0.0
2015-02-18 23:59:59.999000+00:00,3273812261.7,0.0,0.0,0.0
2015-02-19 11:59:59.999000+00:00,3299801951.68,0.0,0.0,0.0
2015-02-19 23:59:59.999000+00:00,3329631566.38,0.0,0.0,0.0
2015-02-20 11:59:59.999000+00:00,3373961742.05,0.0,0.0,0.0
2015-02-20 23:59:59.999000+00:00,3379032907.95,0.0,0.0,0.0
2015-02-21 11:59:59.999000+00:00,3390754854.3,0.0,0.0,0.0
2015-02-21 23:59:59.999000+00:00,3390372209.75,0.0,0.0,0.0
2015-02-22 07:59:59.999000+00:00,3407521928.25,0.0,0.0,0.0
2015-02-22 19:59:59.999000+00:00,3273460553.2,0.0,0.0,0.0
2015-02-23 07:59:59.999000+00:00,3268985309.78,0.0,0.0,0.0
2015-02-23 19:59:59.999000+00:00,3283382396.0,0.0,0.0,0.0
2015-02-24 07:59:59.999000+00:00,3285830032.1,0.0,0.0,0.0
2015-02-24 19:59:59.999000+00:00,3310320974.68,0.0,0.0,0.0
2015-02-25 03:59:59.999000+00:00,3303048931.05,0.0,0.0,0.0
2015-02-25 15:59:59.999000+00:00,3302238368.0,0.0,0.0,0.0
2015-02-25 19:59:59.999000+00:00,3302238368.0,0.0,305480.14,0.0
2015-02-25 23:59:59.999000+00:00,3302238368.0,0.0,304712.76,0.0
2015-02-26 03:59:59.999000+00:00,3272167034.4,0.0,302508.75,0.0
2015-02-26 07:59:59.999000+00:00,3272167034.4,0.0,303364.19,0.0
2015-02-26 15:59:59.999000+00:00,3287309657.33,0.0,303364.19,0.0
2015-02-27 03:59:59.999000+00:00,3461940259.9,0.0,303364.19,0.0
2015-02-27 15:59:59.999000+00:00,3501346212.95,0.0,303364.19,0.0
2015-02-28 03:59:59.999000+00:00,3498919122.3,0.0,303364.19,0.0
2015-02-28 11:59:59.999000+00:00,3517886954.25,0.0,303364.19,0.0
2015-02-28 23:59:59.999000+00:00,3531776635.75,0.0,303364.19,0.0
2015-03-01 11:59:59.999000+00:00,3504539868.18,0.0,303364.19,0.0
2015-03-01 23:59:59.999000+00:00,3615181537.5,0.0,303364.19,0.0
2015-03-02 03:59:59.999000+00:00,3615181537.5,0.0,143901.37,0.0
2015-03-02 07:59:59.999000+00:00,3615181537.5,0.0,144289.84,0.0
2015-03-02 11:59:59.999000+00:00,3597257713.12,0.0,143300.04,0.0
2015-03-02 15:59:59.999000+00:00,3597257713.12,0.0,144653.65,0.0
2015-03-02 19:59:59.999000+00:00,3597257713.12,0.0,149252.4,0.0
2015-03-02 23:59:59.999000+00:00,3831178959.0,0.0,152595.91,0.0
2015-03-03 03:59:59.999000+00:00,3831178959.0,0.0,152527.22,0.0
2015-03-03 11:59:59.999000+00:00,3760904563.12,0.0,152527.22,0.0
2015-03-03 19:59:59.999000+00:00,3919692574.35,0.0,152527.22,0.0
2015-03-04 07:59:59.999000+00:00,3875551532.12,0.0,152527.22,0.0
2015-03-04 19:59:59.999000+00:00,3882060117.92,0.0,152527.22,0.0
2015-03-05 07:59:59.999000+00:00,3778982675.0,0.0,152527.22,0.0
2015-03-05 19:59:59.999000+00:00,3723189166.2,0.0,152527.22,0.0
2015-03-06 07:59:59.999000+00:00,3765932856.22,0.0,152527.22,0.0
2015-03-06 15:59:59.999000+00:00,3765932856.22,0.0,251600.0,0.0
2015-03-06 19:59:59.999000+00:00,3791300809.95,0.0,251600.0,0.0
2015-03-06 23:59:59.999000+00:00,3791300809.95,0.0,251600.0,0.0
2015-03-07 03:59:59.999000+00:00,3776268510.2,0.0,251600.0,0.0
2015-03-07 07:59:59.999000+00:00,3776268510.2,0.0,251600.0,0.0
2015-03-07 11:59:59.999000+00:00,3776268510.2,0.0,251600.0,0.0
2015-03-07 15:59:59.999000+00:00,3798735161.85,0.0,251600.0,0.0
2015-03-07 19:59:59.999000+00:00,3798735161.85,0.0,251600.0,0.0
2015-03-07 23:59:59.999000+00:00,3798735161.85,0.0,251600.0,0.0
2015-03-08 03:59:59.999000+00:00,3849060753.42,0.0,251600.0,0.0
2015-03-08 07:59:59.999000+00:00,3849060753.42,0.0,251600.0,0.0
2015-03-08 11:59:59.999000+00:00,3849060753.42,0.0,251600.0,0.0
2015-03-08 15:59:59.999000+00:00,3815750974.87,0.0,251600.0,0.0
2015-03-08 19:59:59.999000+00:00,3815750974.87,0.0,251600.0,0.0
2015-03-08 23:59:59.999000+00:00,3815750974.87,0.0,251600.0,0.0
2015-03-09 03:59:59.999000+00:00,3877520434.43,0.0,251600.0,0.0
2015-03-09 07:59:59.999000+00:00,3877520434.43,0.0,251600.0,0.0
2015-03-09 11:59:59.999000+00:00,3877520434.43,0.0,251600.0,0.0
2015-03-09 15:59:59.999000+00:00,3949029944.4,0.0,251600.0,0.0
2015-03-09 19:59:59.999000+00:00,3949029944.4,0.0,251600.0,0.0
2015-03-09 23:59:59.999000+00:00,3949029944.4,0.0,251600.0,0.0
2015-03-10 03:59:59.999000+00:00,4113037132.05,0.0,251600.0,0.0
2015-03-10 07:59:59.999000+00:00,4113037132.05,0.0,251600.0,0.0
2015-03-10 11:59:59.999000+00:00,4094132943.5,0.0,251600.0,0.0
2015-03-10 15:59:59.999000+00:00,4094132943.5,0.0,251600.0,0.0
2015-03-10 19:59:59.999000+00:00,4094132943.5,0.0,251600.0,0.0
2015-03-10 23:59:59.999000+00:00,4063305050.0,0.0,251600.0,0.0
2015-03-11 03:59:59.999000+00:00,4063305050.0,0.0,251600.0,0.0
2015-03-11 07:59:59.999000+00:00,4063305050.0,0.0,251600.0,0.0
2015-03-11 11:59:59.999000+00:00,4078117270.9,0.0,251600.0,0.0
2015-03-11 15:59:59.999000+00:00,4078117270.9,0.0,251600.0,0.0
2015-03-11 19:59:59.999000+00:00,4078117270.9,0.0,251600.0,0.0
2015-03-11 23:59:59.999000+00:00,4128796573.2,0.0,251600.0,0.0
2015-03-12 03:59:59.999000+00:00,4128796573.2,0.0,251600.0,0.0
2015-03-12 07:59:59.999000+00:00,4128796573.2,0.0,251600.0,0.0
2015-03-12 11:59:59.999000+00:00,4078298038.65,0.0,251600.0,0.0
2015-03-12 15:59:59.999000+00:00,4078298038.65,0.0,251600.0,0.0
2015-03-12 19:59:59.999000+00:00,4078298038.65,0.0,251600.0,0.0
2015-03-12 23:59:59.999000+00:00,4101535994.85,0.0,251600.0,0.0
2015-03-13 03:59:59.999000+00:00,4101535994.85,0.0,251600.0,0.0
2015-03-13 07:59:59.999000+00:00,4101535994.85,0.0,251600.0,0.0
2015-03-13 11:59:59.999000+00:00,4044531490.8,0.0,251600.0,0.0
2015-03-13 15:59:59.999000+00:00,4044531490.8,0.0,251600.0,0.0
2015-03-13 19:59:59.999000+00:00,4016414147.65,0.0,251600.0,0.0
2015-03-13 23:59:59.999000+00:00,4016414147.65,0.0,251600.0,0.0
2015-03-14 03:59:59.999000+00:00,4016414147.65,0.0,251600.0,0.0
2015-03-14 07:59:59.999000+00:00,3957448083.75,0.0,251600.0,0.0
2015-03-14 11:59:59.999000+00:00,3957448083.75,0.0,251600.0,0.0
2015-03-14 15:59:59.999000+00:00,3957448083.75,0.0,251600.0,0.0
2015-03-14 19:59:59.999000+00:00,3953873589.8,0.0,251600.0,0.0
2015-03-14 23:59:59.999000+00:00,3953873589.8,0.0,251600.0,0.0
2015-03-15 03:59:59.999000+00:00,3953873589.8,0.0,251600.0,0.0
2015-03-15 07:59:59.999000+00:00,3961669026.25,0.0,251600.0,0.0
2015-03-15 11:59:59.999000+00:00,3961669026.25,0.0,251600.0,0.0
2015-03-15 15:59:59.999000+00:00,3961669026.25,0.0,251600.0,0.0
2015-03-15 19:59:59.999000+00:00,3977337914.9,0.0,251600.0,0.0
2015-03-15 23:59:59.999000+00:00,3977337914.9,0.0,251600.0,0.0
2015-03-16 03:59:59.999000+00:00,3977337914.9,0.0,251600.0,0.0
2015-03-16 07:59:59.999000+00:00,4065751243.5,0.0,251600.0,0.0
2015-03-16 11:59:59.999000+00:00,4065751243.5,0.0,251600.0,0.0
2015-03-16 15:59:59.999000+00:00,4068923753.25,0.0,251600.0,0.0
2015-03-16 19:59:59.999000+00:00,4068923753.25,0.0,251600.0,0.0
2015-03-16 23:59:59.999000+00:00,4068923753.25,0.0,251600.0,0.0
2015-03-17 03:59:59.999000+00:00,4060033555.5,0.0,251600.0,0.0
2015-03-17 07:59:59.999000+00:00,4060033555.5,0.0,251600.0,0.0
2015-03-17 11:59:59.999000+00:00,4060033555.5,0.0,251600.0,0.0
2015-03-17 15:59:59.999000+00:00,4020016558.1,0.0,251600.0,0.0
2015-03-17 19:59:59.999000+00:00,4020016558.1,0.0,251600.0,0.0
2015-03-17 23:59:59.999000+00:00,4020016558.1,0.0,251600.0,0.0
2015-03-18 03:59:59.999000+00:00,3967049028.37,0.0,251600.0,0.0
2015-03-18 07:59:59.999000+00:00,3967049028.37,0.0,251600.0,0.0
2015-03-18 11:59:59.999000+00:00,3967049028.37,0.0,251600.0,0.0
2015-03-18 15:59:59.999000+00:00,3791394159.03,0.0,251600.0,0.0
2015-03-18 19:59:59.999000+00:00,3791394159.03,0.0,251600.0,0.0
2015-03-18 23:59:59.999000+00:00,3791394159.03,0.0,251600.0,0.0
2015-03-19 03:59:59.999000+00:00,3544428075.7,0.0,251600.0,0.0
2015-03-19 07:59:59.999000+00:00,3544428075.7,0.0,251600.0,0.0
2015-03-19 11:59:59.999000+00:00,3544428075.7,0.0,251600.0,0.0
2015-03-19 15:59:59.999000+00:00,3636069256.95,0.0,251600.0,0.0
2015-03-19 19:59:59.999000+00:00,3636069256.95,0.0,251600.0,0.0
2015-03-19 23:59:59.999000+00:00,3642156964.8,0.0,251600.0,0.0
2015-03-20 03:59:59.999000+00:00,3642156964.8,0.0,251600.0,0.0
2015-03-20 07:59:59.999000+00:00,3642156964.8,0.0,251600.0,0.0
2015-03-20 11:59:59.999000+00:00,3633141102.25,0.0,251600.0,0.0
2015-03-20 15:59:59.999000+00:00,3633141102.25,0.0,251600.0,0.0
2015-03-20 19:59:59.999000+00:00,3633141102.25,0.0,251600.0,0.0
2015-03-20 23:59:59.999000+00:00,3654506819.38,0.0,251600.0,0.0
2015-03-21 03:59:59.999000+00:00,3654506819.38,0.0,251600.0,0.0
2015-03-21 07:59:59.999000+00:00,3654506819.38,0.0,251600.0,0.0
2015-03-21 11:59:59.999000+00:00,3626851217.62,0.0,251600.0,0.0
2015-03-21 15:59:59.999000+00:00,3626851217.62,0.0,251600.0,0.0
2015-03-21 19:59:59.999000+00:00,3626851217.62,0.0,251600.0,0.0
2015-03-21 23:59:59.999000+00:00,3631424641.87,0.0,251600.0,0.0
2015-03-22 03:59:59.999000+00:00,3631424641.87,0.0,251600.0,0.0
2015-03-22 07:59:59.999000+00:00,3631424641.87,0.0,251600.0,0.0
2015-03-22 11:59:59.999000+00:00,3642821739.75,0.0,251600.0,0.0
2015-03-22 15:59:59.999000+00:00,3642821739.75,0.0,251600.0,0.0
2015-03-22 19:59:59.999000+00:00,3642821739.75,0.0,251600.0,0.0
2015-03-22 23:59:59.999000+00:00,3743193531.0,0.0,251600.0,0.0
2015-03-23 03:59:59.999000+00:00,3743193531.0,0.0,251600.0,0.0
2015-03-23 07:59:59.999000+00:00,3753232319.95,0.0,251600.0,0.0
2015-03-23 11:59:59.999000+00:00,3753232319.95,0.0,251600.0,0.0
2015-03-23 15:59:59.999000+00:00,3753232319.95,0.0,251600.0,0.0
2015-03-23 19:59:59.999000+00:00,3674173276.5,0.0,251600.0,0.0
2015-03-23 23:59:59.999000+00:00,3674173276.5,0.0,251600.0,0.0
2015-03-24 03:59:59.999000+00:00,3674173276.5,0.0,251600.0,0.0
2015-03-24 07:59:59.999000+00:00,3701951681.25,0.0,251600.0,0.0
2015-03-24 11:59:59.999000+00:00,3701951681.25,0.0,251600.0,0.0
2015-03-24 15:59:59.999000+00:00,3701951681.25,0.0,251600.0,0.0
2015-03-24 19:59:59.999000+00:00,3451989106.8,0.0,251600.0,0.0
2015-03-24 23:59:59.999000+00:00,3451989106.8,0.0,251600.0,0.0
2015-03-25 03:59:59.999000+00:00,3451989106.8,0.0,251600.0,0.0
2015-03-25 07:59:59.999000+00:00,3317984629.57,0.0,251600.0,0.0
2015-03-25 11:59:59.999000+00:00,3317984629.57,0.0,251600.0,0.0
2015-03-25 15:59:59.999000+00:00,3317984629.57,0.0,251600.0,0.0
2015-03-25 19:59:59.999000+00:00,3405378765.7,0.0,251600.0,0.0
2015-03-25 23:59:59.999000+00:00,3405378765.7,0.0,251600.0,0.0
2015-03-26 03:59:59.999000+00:00,3405378765.7,0.0,251600.0,0.0
2015-03-26 07:59:59.999000+00:00,3486373302.77,0.0,251600.0,0.0
2015-03-26 11:59:59.999000+00:00,3486373302.77,0.0,251600.0,0.0
2015-03-26 15:59:59.999000+00:00,3524103538.4,0.0,251600.0,0.0
2015-03-26 19:59:59.999000+00:00,3524103538.4,0.0,251600.0,0.0
2015-03-26 23:59:59.999000+00:00,3524103538.4,0.0,251600.0,0.0
2015-03-27 03:59:59.999000+00:00,3455356808.2,0.0,251600.0,0.0
2015-03-27 07:59:59.999000+00:00,3455356808.2,0.0,251600.0,0.0
2015-03-27 11:59:59.999000+00:00,3455356808.2,0.0,251600.0,0.0
2015-03-27 15:59:59.999000+00:00,3477370179.15,0.0,251600.0,0.0
2015-03-27 19:59:59.999000+00:00,3477370179.15,0.0,251600.0,0.0
2015-03-27 23:59:59.999000+00:00,3477370179.15,0.0,251600.0,0.0
2015-03-28 03:59:59.999000+00:00,3483094924.05,0.0,251600.0,0.0
2015-03-28 07:59:59.999000+00:00,3483094924.05,0.0,251600.0,0.0
2015-03-28 11:59:59.999000+00:00,3483094924.05,0.0,251600.0,0.0
2015-03-28 15:59:59.999000+00:00,3525535530.3,0.0,251600.0,0.0
2015-03-28 19:59:59.999000+00:00,3525535530.3,0.0,251600.0,0.0
2015-03-28 23:59:59.999000+00:00,3525535530.3,0.0,251600.0,0.0
2015-03-29 03:59:59.999000+00:00,3470384812.8,0.0,251600.0,0.0
2015-03-29 07:59:59.999000+00:00,3470384812.8,0.0,251600.0,0.0
2015-03-29 11:59:59.999000+00:00,3470384812.8,0.0,251600.0,0.0
2015-03-29 15:59:59.999000+00:00,3422875087.68,0.0,251600.0,0.0
2015-03-29 19:59:59.999000+00:00,3422875087.68,0.0,251600.0,0.0
2015-03-29 23:59:59.999000+00:00,3397187114.92,0.0,251600.0,0.0
2015-03-30 03:59:59.999000+00:00,3397187114.92,0.0,251600.0,0.0
2015-03-30 07:59:59.999000+00:00,3397187114.92,0.0,251600.0,0.0
2015-03-30 11:59:59.999000+00:00,3410010240.0,0.0,251600.0,0.0
2015-03-30 15:59:59.999000+00:00,3410010240.0,0.0,251600.0,0.0
2015-03-30 19:59:59.999000+00:00,3410010240.0,0.0,251600.0,0.0
2015-03-30 23:59:59.999000+00:00,3465419693.35,0.0,251600.0,0.0
2015-03-31 03:59:59.999000+00:00,3465419693.35,0.0,251600.0,0.0
2015-03-31 07:59:59.999000+00:00,3465419693.35,0.0,251600.0,0.0
2015-03-31 11:59:59.999000+00:00,3424315909.3,0.0,251600.0,0.0
2015-03-31 15:59:59.999000+00:00,3424315909.3,0.0,251600.0,0.0
2015-03-31 19:59:59.999000+00:00,3424315909.3,0.0,251600.0,0.0
2015-03-31 23:59:59.999000+00:00,3420112896.0,0.0,251600.0,0.0
2015-04-01 03:59:59.999000+00:00,3420112896.0,0.0,251600.0,0.0
2015-04-01 07:59:59.999000+00:00,3420112896.0,0.0,251600.0,0.0
2015-04-01 11:59:59.999000+00:00,3397152132.95,0.0,251600.0,0.0
2015-04-01 15:59:59.999000+00:00,3397152132.95,0.0,251600.0,0.0
2015-04-01 19:59:59.999000+00:00,3397152132.95,0.0,251600.0,0.0
2015-04-01 23:59:59.999000+00:00,3463619267.4,0.0,251600.0,0.0
2015-04-02 03:59:59.999000+00:00,3463619267.4,0.0,251600.0,0.0
2015-04-02 07:59:59.999000+00:00,3446868652.4,0.0,251600.0,0.0
2015-04-02 11:59:59.999000+00:00,3446868652.4,0.0,251600.0,0.0
2015-04-02 15:59:59.999000+00:00,3446868652.4,0.0,251600.0,0.0
2015-04-02 19:59:59.999000+00:00,3551870572.7,0.0,251600.0,0.0
2015-04-02 23:59:59.999000+00:00,3551870572.7,0.0,251600.0,0.0
2015-04-03 03:59:59.999000+00:00,3551870572.7,0.0,251600.0,0.0
2015-04-03 07:59:59.999000+00:00,3543521669.1,0.0,251600.0,0.0
2015-04-03 11:59:59.999000+00:00,3543521669.1,0.0,251600.0,0.0
2015-04-03 15:59:59.999000+00:00,3543521669.1,0.0,251600.0,0.0
2015-04-03 19:59:59.999000+00:00,3558727618.88,0.0,251600.0,0.0
2015-04-03 23:59:59.999000+00:00,3558727618.88,0.0,251600.0,0.0
2015-04-04 03:59:59.999000+00:00,3558727618.88,0.0,251600.0,0.0
2015-04-04 07:59:59.999000+00:00,3534031317.38,0.0,251600.0,0.0
2015-04-04 11:59:59.999000+00:00,3534031317.38,0.0,251600.0,0.0
2015-04-04 15:59:59.999000+00:00,3534031317.38,0.0,251600.0,0.0
2015-04-04 19:59:59.999000+00:00,3546020789.17,0.0,251600.0,0.0
2015-04-04 23:59:59.999000+00:00,3546020789.17,0.0,251600.0,0.0
2015-04-05 03:59:59.999000+00:00,3546020789.17,0.0,251600.0,0.0
2015-04-05 07:59:59.999000+00:00,3537666600.0,0.0,251600.0,0.0
2015-04-05 11:59:59.999000+00:00,3537666600.0,0.0,251600.0,0.0
2015-04-05 15:59:59.999000+00:00,3610218345.3,0.0,251600.0,0.0
2015-04-05 19:59:59.999000+00:00,3610218345.3,0.0,251600.0,0.0
2015-04-05 23:59:59.999000+00:00,3610218345.3,0.0,251600.0,0.0
2015-04-06 03:59:59.999000+00:00,3664142483.47,0.0,251600.0,0.0
2015-04-06 07:59:59.999000+00:00,3664142483.47,0.0,251600.0,0.0
2015-04-06 11:59:59.999000+00:00,3664142483.47,0.0,251600.0,0.0
2015-04-06 15:59:59.999000+00:00,3619935794.47,0.0,251600.0,0.0
2015-04-06 19:59:59.999000+00:00,3619935794.47,0.0,251600.0,0.0
2015-04-06 23:59:59.999000+00:00,3619935794.47,0.0,251600.0,0.0
2015-04-07 03:59:59.999000+00:00,3542475335.25,0.0,251600.0,0.0
2015-04-07 07:59:59.999000+00:00,3542475335.25,0.0,251600.0,0.0
2015-04-07 11:59:59.999000+00:00,3542475335.25,0.0,251600.0,0.0
2015-04-07 15:59:59.999000+00:00,3572165015.65,0.0,251600.0,0.0
2015-04-07 19:59:59.999000+00:00,3572165015.65,0.0,251600.0,0.0
2015-04-07 23:59:59.999000+00:00,3572165015.65,0.0,251600.0,0.0
2015-04-08 03:59:59.999000+00:00,3553972328.33,0.0,251600.0,0.0
2015-04-08 07:59:59.999000+00:00,3553972328.33,0.0,251600.0,0.0
2015-04-08 11:59:59.999000+00:00,3440142512.45,0.0,251600.0,0.0
2015-04-08 15:59:59.999000+00:00,3440142512.45,0.0,251600.0,0.0
2015-04-08 19:59:59.999000+00:00,3440142512.45,0.0,251600.0,0.0
2015-04-08 23:59:59.999000+00:00,3438326344.95,0.0,251600.0,0.0
2015-04-09 03:59:59.999000+00:00,3438326344.95,0.0,251600.0,0.0
2015-04-09 07:59:59.999000+00:00,3438326344.95,0.0,251600.0,0.0
2015-04-09 11:59:59.999000+00:00,3396962399.12,0.0,251600.0,0.0
2015-04-09 15:59:59.999000+00:00,3396962399.12,0.0,251600.0,0.0
2015-04-09 19:59:59.999000+00:00,3396962399.12,0.0,251600.0,0.0
2015-04-09 23:59:59.999000+00:00,3420248519.8,0.0,251600.0,0.0
2015-04-10 03:59:59.999000+00:00,3420248519.8,0.0,251600.0,0.0
2015-04-10 07:59:59.999000+00:00,3420248519.8,0.0,251600.0,0.0
2015-04-10 11:59:59.999000+00:00,3343501082.85,0.0,251600.0,0.0
2015-04-10 15:59:59.999000+00:00,3343501082.85,0.0,251600.0,0.0
2015-04-10 19:59:59.999000+00:00,3343501082.85,0.0,251600.0,0.0
2015-04-10 23:59:59.999000+00:00,3314409567.4,0.0,251600.0,0.0
2015-04-11 03:59:59.999000+00:00,3314409567.4,0.0,251600.0,0.0
2015-04-11 07:59:59.999000+00:00,3314409567.4,0.0,251600.0,0.0
2015-04-11 11:59:59.999000+00:00,3296801482.95,0.0,251600.0,0.0
2015-04-11 15:59:59.999000+00:00,3296801482.95,0.0,251600.0,0.0
2015-04-11 19:59:59.999000+00:00,3317619636.53,0.0,251600.0,0.0
2015-04-11 23:59:59.999000+00:00,3317619636.53,0.0,251600.0,0.0
2015-04-12 03:59:59.999000+00:00,3317619636.53,0.0,251600.0,0.0
2015-04-12 07:59:59.999000+00:00,3316257562.5,0.0,251600.0,0.0
2015-04-12 11:59:59.999000+00:00,3316257562.5,0.0,251600.0,0.0
2015-04-12 15:59:59.999000+00:00,3316257562.5,0.0,251600.0,0.0
2015-04-12 19:59:59.999000+00:00,3316623556.25,0.0,251600.0,0.0
2015-04-12 23:59:59.999000+00:00,3316623556.25,0.0,251600.0,0.0
2015-04-13 03:59:59.999000+00:00,3316623556.25,0.0,251600.0,0.0
2015-04-13 07:59:59.999000+00:00,3306993544.12,0.0,251600.0,0.0
2015-04-13 11:59:59.999000+00:00,3306993544.12,0.0,251600.0,0.0
2015-04-13 15:59:59.999000+00:00,3306993544.12,0.0,251600.0,0.0
2015-04-13 19:59:59.999000+00:00,3164947819.6,0.0,251600.0,0.0
2015-04-13 23:59:59.999000+00:00,3164947819.6,0.0,251600.0,0.0
2015-04-14 03:59:59.999000+00:00,3164947819.6,0.0,251600.0,0.0
2015-04-14 07:59:59.999000+00:00,3084612720.0,0.0,251600.0,0.0
2015-04-14 11:59:59.999000+00:00,3084612720.0,0.0,251600.0,0.0
2015-04-14 15:59:59.999000+00:00,3084612720.0,0.0,251600.0,0.0
2015-04-14 19:59:59.999000+00:00,3060899023.65,0.0,251600.0,0.0
2015-04-14 23:59:59.999000+00:00,3060899023.65,0.0,251600.0,0.0
2015-04-15 03:59:59.999000+00:00,3112284698.0,0.0,251600.0,0.0
2015-04-15 07:59:59.999000+00:00,3112284698.0,0.0,251600.0,0.0
2015-04-15 11:59:59.999000+00:00,3112284698.0,0.0,251600.0,0.0
2015-04-15 15:59:59.999000+00:00,3099266144.97,0.0,251600.0,0.0
2015-04-15 19:59:59.999000+00:00,3099266144.97,0.0,251600.0,0.0
2015-04-15 23:59:59.999000+00:00,3099266144.97,0.0,251600.0,0.0
2015-04-16 03:59:59.999000+00:00,3185067352.42,0.0,251600.0,0.0
2015-04-16 07:59:59.999000+00:00,3185067352.42,0.0,251600.0,0.0
2015-04-16 11:59:59.999000+00:00,3185067352.42,0.0,251600.0,0.0
2015-04-16 15:59:59.999000+00:00,3187381398.82,0.0,251600.0,0.0
2015-04-16 19:59:59.999000+00:00,3187381398.82,0.0,251600.0,0.0
2015-04-16 23:59:59.999000+00:00,3187381398.82,0.0,251600.0,0.0
2015-04-17 03:59:59.999000+00:00,3212286851.25,0.0,251600.0,0.0
2015-04-17 07:59:59.999000+00:00,3212286851.25,0.0,251600.0,0.0
2015-04-17 11:59:59.999000+00:00,3212286851.25,0.0,251600.0,0.0
2015-04-17 15:59:59.999000+00:00,3122248019.85,0.0,251600.0,0.0
2015-04-17 19:59:59.999000+00:00,3122248019.85,0.0,251600.0,0.0
2015-04-17 23:59:59.999000+00:00,3122248019.85,0.0,251600.0,0.0
2015-04-18 03:59:59.999000+00:00,3149964207.85,0.0,251600.0,0.0
2015-04-18 07:59:59.999000+00:00,3149964207.85,0.0,251600.0,0.0
2015-04-18 11:59:59.999000+00:00,3118304303.9,0.0,251600.0,0.0
2015-04-18 15:59:59.999000+00:00,3118304303.9,0.0,251600.0,0.0
2015-04-18 19:59:59.999000+00:00,3118304303.9,0.0,251600.0,0.0
2015-04-18 23:59:59.999000+00:00,3142049362.2,0.0,251600.0,0.0
2015-04-19 03:59:59.999000+00:00,3142049362.2,0.0,251600.0,0.0
2015-04-19 07:59:59.999000+00:00,3142049362.2,0.0,251600.0,0.0
2015-04-19 11:59:59.999000+00:00,3179003420.0,0.0,251600.0,0.0
2015-04-19 15:59:59.999000+00:00,3179003420.0,0.0,251600.0,0.0
2015-04-19 19:59:59.999000+00:00,3179003420.0,0.0,251600.0,0.0
2015-04-19 23:59:59.999000+00:00,3132226860.0,0.0,251600.0,0.0
2015-04-20 03:59:59.999000+00:00,3132226860.0,0.0,251600.0,0.0
2015-04-20 07:59:59.999000+00:00,3132226860.0,0.0,251600.0,0.0
2015-04-20 11:59:59.999000+00:00,3175617398.2,0.0,251600.0,0.0
2015-04-20 15:59:59.999000+00:00,3175617398.2,0.0,251600.0,0.0
2015-04-20 19:59:59.999000+00:00,3175617398.2,0.0,251600.0,0.0
2015-04-20 23:59:59.999000+00:00,3161599718.7,0.0,251600.0,0.0
2015-04-21 03:59:59.999000+00:00,3161599718.7,0.0,251600.0,0.0
2015-04-21 07:59:59.999000+00:00,3161599718.7,0.0,251600.0,0.0
2015-04-21 11:59:59.999000+00:00,3167431962.6,0.0,251600.0,0.0
2015-04-21 15:59:59.999000+00:00,3167431962.6,0.0,251600.0,0.0
2015-04-21 19:59:59.999000+00:00,3179941581.4,0.0,251600.0,0.0
2015-04-21 23:59:59.999000+00:00,3179941581.4,0.0,251600.0,0.0
2015-04-22 03:59:59.999000+00:00,3179941581.4,0.0,251600.0,0.0
2015-04-22 07:59:59.999000+00:00,3310254889.5,0.0,251600.0,0.0
2015-04-22 11:59:59.999000+00:00,3310254889.5,0.0,251600.0,0.0
2015-04-22 15:59:59.999000+00:00,3310254889.5,0.0,251600.0,0.0
2015-04-22 19:59:59.999000+00:00,3338532396.0,0.0,251600.0,0.0
2015-04-22 23:59:59.999000+00:00,3338532396.0,0.0,251600.0,0.0
2015-04-23 03:59:59.999000+00:00,3338532396.0,0.0,251600.0,0.0
2015-04-23 07:59:59.999000+00:00,3303469163.62,0.0,251600.0,0.0
2015-04-23 11:59:59.999000+00:00,3303469163.62,0.0,251600.0,0.0
2015-04-23 15:59:59.999000+00:00,3303469163.62,0.0,251600.0,0.0
2015-04-23 19:59:59.999000+00:00,3311589005.25,0.0,251600.0,0.0
2015-04-23 23:59:59.999000+00:00,3311589005.25,0.0,251600.0,0.0
2015-04-24 03:59:59.999000+00:00,3311589005.25,0.0,251600.0,0.0
2015-04-24 07:59:59.999000+00:00,3255538223.15,0.0,251600.0,0.0
2015-04-24 11:59:59.999000+00:00,3255538223.15,0.0,251600.0,0.0
2015-04-24 15:59:59.999000+00:00,3255538223.15,0.0,251600.0,0.0
2015-04-24 19:59:59.999000+00:00,3264893874.78,0.0,251600.0,0.0
2015-04-24 23:59:59.999000+00:00,3264893874.78,0.0,251600.0,0.0
2015-04-25 03:59:59.999000+00:00,3228626111.25,0.0,251600.0,0.0
2015-04-25 07:59:59.999000+00:00,3228626111.25,0.0,251600.0,0.0
2015-04-25 11:59:59.999000+00:00,3228626111.25,0.0,251600.0,0.0
2015-04-25 15:59:59.999000+00:00,3220220810.57,0.0,251600.0,0.0
2015-04-25 19:59:59.999000+00:00,3220220810.57,0.0,251600.0,0.0
2015-04-25 23:59:59.999000+00:00,3220220810.57,0.0,251600.0,0.0
2015-04-26 03:59:59.999000+00:00,3105571906.25,0.0,251600.0,0.0
2015-04-26 07:59:59.999000+00:00,3105571906.25,0.0,251600.0,0.0
2015-04-26 11:59:59.999000+00:00,3105571906.25,0.0,251600.0,0.0
2015-04-26 15:59:59.999000+00:00,3029076619.65,0.0,251600.0,0.0
2015-04-26 19:59:59.999000+00:00,3029076619.65,0.0,251600.0,0.0
2015-04-26 23:59:59.999000+00:00,3029076619.65,0.0,251600.0,0.0
2015-04-27 03:59:59.999000+00:00,3098485471.65,0.0,251600.0,0.0
2015-04-27 07:59:59.999000+00:00,3098485471.65,0.0,251600.0,0.0
2015-04-27 11:59:59.999000+00:00,3098485471.65,0.0,251600.0,0.0
2015-04-27 15:59:59.999000+00:00,3157229082.15,0.0,251600.0,0.0
2015-04-27 19:59:59.999000+00:00,3157229082.15,0.0,251600.0,0.0
2015-04-27 23:59:59.999000+00:00,3232938332.15,0.0,251600.0,0.0
2015-04-28 07:59:59.999000+00:00,3187398595.33,0.0,251600.0,0.0
2015-04-28 15:59:59.999000+00:00,3198424753.35,0.0,251600.0,0.0
2015-04-29 03:59:59.999000+00:00,3183312301.4,0.0,251600.0,0.0
2015-04-29 15:59:59.999000+00:00,3172952934.2,0.0,251600.0,0.0
2015-04-30 03:59:59.999000+00:00,3182166666.45,0.0,251600.0,0.0
2015-04-30 15:59:59.999000+00:00,3300432325.17,0.0,251600.0,0.0
2015-05-01 03:59:59.999000+00:00,3337539633.0,0.0,251600.0,0.0
2015-05-01 11:59:59.999000+00:00,3304869008.6,0.0,251600.0,0.0
2015-05-01 23:59:59.999000+00:00,3275574609.95,0.0,251600.0,0.0
2015-05-02 11:59:59.999000+00:00,3316254260.25,0.0,251600.0,0.0
2015-05-02 23:59:59.999000+00:00,3316683007.5,0.0,251600.0,0.0
2015-05-03 11:59:59.999000+00:00,3418689976.8,0.0,251600.0,0.0
2015-05-03 23:59:59.999000+00:00,3394161416.45,0.0,251600.0,0.0
2015-05-04 11:59:59.999000+00:00,3412964180.0,0.0,251600.0,0.0
2015-05-04 19:59:59.999000+00:00,3371386865.0,0.0,251600.0,0.0
2015-05-05 07:59:59.999000+00:00,3322099764.5,0.0,251600.0,0.0
2015-05-05 19:59:59.999000+00:00,3318196386.0,0.0,251600.0,0.0
2015-05-06 07:59:59.999000+00:00,3319345634.62,0.0,251600.0,0.0
2015-05-06 19:59:59.999000+00:00,3324186888.8,0.0,251600.0,0.0
2015-05-07 07:59:59.999000+00:00,3243066757.7,0.0,251600.0,0.0
2015-05-07 19:59:59.999000+00:00,3357727432.6,0.0,251600.0,0.0
2015-05-08 03:59:59.999000+00:00,3352755982.95,0.0,251600.0,0.0
2015-05-08 15:59:59.999000+00:00,3448676787.3,0.0,251600.0,0.0
2015-05-09 03:59:59.999000+00:00,3462195466.12,0.0,251600.0,0.0
2015-05-09 15:59:59.999000+00:00,3412877368.07,0.0,251600.0,0.0
2015-05-10 03:59:59.999000+00:00,3422555397.6,0.0,251600.0,0.0
2015-05-10 15:59:59.999000+00:00,3396156197.75,0.0,251600.0,0.0
2015-05-11 03:59:59.999000+00:00,3394569697.28,0.0,251600.0,0.0
2015-05-11 11:59:59.999000+00:00,3404099703.15,0.0,251600.0,0.0
2015-05-11 23:59:59.999000+00:00,3426529646.05,0.0,251600.0,0.0
2015-05-12 11:59:59.999000+00:00,3404918836.2,0.0,251600.0,0.0
2015-05-12 23:59:59.999000+00:00,3412644997.8,0.0,251600.0,0.0
2015-05-13 11:59:59.999000+00:00,3432383139.95,0.0,251600.0,0.0
2015-05-13 23:59:59.999000+00:00,3346584200.03,0.0,251600.0,0.0
2015-05-14 11:59:59.999000+00:00,3355021713.85,0.0,251600.0,0.0
2015-05-14 19:59:59.999000+00:00,3352426520.85,0.0,251600.0,0.0
2015-05-15 07:59:59.999000+00:00,3357639883.12,0.0,251600.0,0.0
2015-05-15 19:59:59.999000+00:00,3367626818.25,0.0,251600.0,0.0
2015-05-16 07:59:59.999000+00:00,3348912190.57,0.0,251600.0,0.0
2015-05-16 19:59:59.999000+00:00,3343256034.6,0.0,251600.0,0.0
2015-05-17 07:59:59.999000+00:00,3355394845.6,0.0,251600.0,0.0
2015-05-17 19:59:59.999000+00:00,3361354153.28,0.0,251600.0,0.0
2015-05-18 03:59:59.999000+00:00,3354690211.5,0.0,251600.0,0.0
2015-05-18 15:59:59.999000+00:00,3357547200.0,0.0,251600.0,0.0
2015-05-19 03:59:59.999000+00:00,3309703207.75,0.0,451600.0,0.0
2015-05-19 15:59:59.999000+00:00,3305277741.5,0.0,451600.0,0.0
2015-05-20 03:59:59.999000+00:00,3296763766.7,0.0,451600.0,0.0
2015-05-20 15:59:59.999000+00:00,3319245331.2,0.0,451600.0,0.0
2015-05-20 23:59:59.999000+00:00,3319170901.2,0.0,451600.0,0.0
2015-05-21 11:59:59.999000+00:00,3335421409.12,0.0,451600.0,0.0
2015-05-21 23:59:59.999000+00:00,3338890047.6,0.0,451600.0,0.0
2015-05-22 11:59:59.999000+00:00,3339574246.07,0.0,451600.0,0.0
2015-05-22 23:59:59.999000+00:00,3410712372.3,0.0,451600.0,0.0
2015-05-23 11:59:59.999000+00:00,3415470324.68,0.0,451600.0,0.0
2015-05-23 23:59:59.999000+00:00,3390435703.8,0.0,451600.0,0.0
2015-05-24 07:59:59.999000+00:00,3398985902.12,0.0,451600.0,0.0
2015-05-24 19:59:59.999000+00:00,3429693767.95,0.0,451600.0,0.0
2015-05-25 07:59:59.999000+00:00,3420864826.78,0.0,451600.0,0.0
2015-05-25 19:59:59.999000+00:00,3365585826.38,0.0,451600.0,0.0
2015-05-26 07:59:59.999000+00:00,3363360246.0,0.0,451600.0,0.0
2015-05-26 19:59:59.999000+00:00,3376198038.55,0.0,451600.0,0.0
2015-05-27 07:59:59.999000+00:00,3386405140.88,0.0,451600.0,0.0
2015-05-27 15:59:59.999000+00:00,3363556984.55,0.0,451600.0,0.0
2015-05-28 03:59:59.999000+00:00,3373891045.0,0.0,451600.0,0.0
2015-05-28 15:59:59.999000+00:00,3373696651.5,0.0,451600.0,0.0
2015-05-29 03:59:59.999000+00:00,3372153412.35,0.0,451600.0,0.0
2015-05-29 15:59:59.999000+00:00,3365369454.53,0.0,451600.0,0.0
2015-05-30 03:59:59.999000+00:00,3355990669.9,0.0,451600.0,0.0
2015-05-30 15:59:59.999000+00:00,3311454644.85,0.0,451600.0,0.0
2015-05-30 23:59:59.999000+00:00,3317769213.5,0.0,451600.0,0.0
2015-05-31 11:59:59.999000+00:00,3293525279.35,0.0,451600.0,0.0
2015-05-31 23:59:59.999000+00:00,3273756425.25,0.0,451600.0,0.0
2015-06-01 11:59:59.999000+00:00,3240898492.4,0.0,451600.0,0.0
2015-06-01 23:59:59.999000+00:00,3171172508.35,0.0,451600.0,0.0
2015-06-02 11:59:59.999000+00:00,3178541961.12,0.0,451600.0,0.0
2015-06-02 23:59:59.999000+00:00,3212962177.15,0.0,451600.0,0.0
2015-06-03 07:59:59.999000+00:00,3199187884.0,0.0,451600.0,0.0
2015-06-03 19:59:59.999000+00:00,3235938387.72,0.0,451600.0,0.0
2015-06-04 07:59:59.999000+00:00,3212602770.15,0.0,451600.0,0.0
2015-06-04 19:59:59.999000+00:00,3208200660.15,0.0,451600.0,0.0
2015-06-05 07:59:59.999000+00:00,3178741019.12,0.0,451600.0,0.0
2015-06-05 19:59:59.999000+00:00,3212232687.0,0.0,451600.0,0.0
2015-06-06 07:59:59.999000+00:00,3205161569.02,0.0,451600.0,0.0
2015-06-06 15:59:59.999000+00:00,3200085136.8,0.0,451600.0,0.0
2015-06-07 03:59:59.999000+00:00,3216733031.2,0.0,451600.0,0.0
2015-06-07 15:59:59.999000+00:00,3177370882.52,0.0,451600.0,0.0
2015-06-08 03:59:59.999000+00:00,3184674690.08,0.0,451600.0,0.0
2015-06-08 15:59:59.999000+00:00,3228659228.02,0.0,451600.0,0.0
2015-06-09 03:59:59.999000+00:00,3253144456.8,0.0,451600.0,0.0
2015-06-09 15:59:59.999000+00:00,3275492616.97,0.0,451600.0,0.0
2015-06-09 23:59:59.999000+00:00,3265176585.4,0.0,451600.0,0.0
2015-06-10 11:59:59.999000+00:00,3275549132.12,0.0,451600.0,0.0
2015-06-10 23:59:59.999000+00:00,3262644978.88,0.0,451600.0,0.0
2015-06-11 11:59:59.999000+00:00,3279922565.6,0.0,451600.0,0.0
2015-06-11 23:59:59.999000+00:00,3276293900.25,0.0,451600.0,0.0
2015-06-12 11:59:59.999000+00:00,3287805422.55,0.0,451600.0,0.0
2015-06-12 19:59:59.999000+00:00,3291094870.0,0.0,451600.0,0.0
2015-06-13 07:59:59.999000+00:00,3281970930.8,0.0,451600.0,0.0
2015-06-13 19:59:59.999000+00:00,3297557125.8,0.0,451600.0,0.0
2015-06-14 07:59:59.999000+00:00,3334098783.4,0.0,451600.0,0.0
2015-06-14 19:59:59.999000+00:00,3336274286.62,0.0,451600.0,0.0
2015-06-15 07:59:59.999000+00:00,3356279213.6,0.0,451600.0,0.0
2015-06-15 19:59:59.999000+00:00,3391666617.17,0.0,451600.0,0.0
2015-06-16 03:59:59.999000+00:00,3382669620.15,0.0,451600.0,0.0
2015-06-16 15:59:59.999000+00:00,3594863172.9,0.0,451600.0,0.0
2015-06-17 03:59:59.999000+00:00,3555907840.5,0.0,451600.0,0.0
2015-06-17 15:59:59.999000+00:00,3563489620.95,0.0,451600.0,0.0
2015-06-18 03:59:59.999000+00:00,3536581243.45,0.0,451600.0,0.0
2015-06-18 15:59:59.999000+00:00,3564358182.0,0.0,451600.0,0.0
2015-06-19 03:59:59.999000+00:00,3565388451.62,0.0,451600.0,0.0
2015-06-19 11:59:59.999000+00:00,3532387200.22,0.0,451600.0,0.0
2015-06-19 23:59:59.999000+00:00,3495994564.1,0.0,451600.0,0.0
2015-06-20 11:59:59.999000+00:00,3470656823.7,0.0,451600.0,0.0
2015-06-20 23:59:59.999000+00:00,3505477188.4,0.0,451600.0,0.0
2015-06-21 11:59:59.999000+00:00,3498136752.0,0.0,451600.0,0.0
2015-06-21 23:59:59.999000+00:00,3488106467.2,0.0,451600.0,0.0
2015-06-22 11:59:59.999000+00:00,3524041857.4,0.0,451600.0,0.0
2015-06-22 19:59:59.999000+00:00,3523587706.8,0.0,451600.0,0.0
2015-06-23 07:59:59.999000+00:00,3506343627.88,0.0,451600.0,0.0
2015-06-23 19:59:59.999000+00:00,3499867113.05,0.0,451600.0,0.0
2015-06-24 07:59:59.999000+00:00,3490884591.85,0.0,451600.0,0.0
2015-06-24 19:59:59.999000+00:00,3461393265.75,0.0,451600.0,0.0
2015-06-25 07:59:59.999000+00:00,3472499898.0,0.0,451600.0,0.0
2015-06-25 19:59:59.999000+00:00,3470061390.25,0.0,451600.0,0.0
2015-06-26 03:59:59.999000+00:00,3474865258.28,0.0,451600.0,0.0
2015-06-26 15:59:59.999000+00:00,3459036629.25,0.0,451600.0,0.0
2015-06-27 03:59:59.999000+00:00,3481905955.5,0.0,451600.0,0.0
2015-06-27 15:59:59.999000+00:00,3535286298.5,0.0,451600.0,0.0
2015-06-28 03:59:59.999000+00:00,3594505817.9,0.0,451600.0,0.0
2015-06-28 15:59:59.999000+00:00,3577459024.5,0.0,451600.0,0.0
2015-06-29 03:59:59.999000+00:00,3580877550.0,0.0,451600.0,0.0
2015-06-29 11:59:59.999000+00:00,3645145606.0,0.0,451600.0,0.0
2015-06-29 23:59:59.999000+00:00,3683193712.2,0.0,451600.0,0.0
2015-06-30 11:59:59.999000+00:00,3762833522.4,0.0,451600.0,0.0
2015-06-30 23:59:59.999000+00:00,3770229521.6,0.0,451600.0,0.0
2015-07-01 11:59:59.999000+00:00,3691500485.4,0.0,451600.0,0.0
2015-07-01 23:59:59.999000+00:00,3707306172.9,0.0,451600.0,0.0
2015-07-02 07:59:59.999000+00:00,3672346655.8,0.0,451600.0,0.0
2015-07-02 19:59:59.999000+00:00,3670344928.12,0.0,451600.0,0.0
2015-07-03 07:59:59.999000+00:00,3646974092.7,0.0,451600.0,0.0
2015-07-03 19:59:59.999000+00:00,3668894075.8,0.0,451600.0,0.0
2015-07-04 07:59:59.999000+00:00,3655925399.7,0.0,451600.0,0.0
2015-07-04 19:59:59.999000+00:00,3693074421.4,0.0,451600.0,0.0
2015-07-05 07:59:59.999000+00:00,3728349999.7,0.0,451600.0,0.0
2015-07-05 15:59:59.999000+00:00,3776510930.8,0.0,451600.0,0.0
2015-07-06 03:59:59.999000+00:00,3848370864.0,0.0,451600.0,0.0
2015-07-06 15:59:59.999000+00:00,3966627483.7,0.0,451600.0,0.0
2015-07-07 03:59:59.999000+00:00,3887913344.75,0.0,451600.0,0.0
2015-07-07 15:59:59.999000+00:00,3826851686.25,0.0,451600.0,0.0
2015-07-08 03:59:59.999000+00:00,3810157290.22,0.0,451600.0,0.0
2015-07-08 15:59:59.999000+00:00,3883976312.55,0.0,451600.0,0.0
2015-07-08 23:59:59.999000+00:00,3889020939.63,0.0,451600.0,0.0
2015-07-09 11:59:59.999000+00:00,3883886181.25,0.0,451600.0,0.0
2015-07-09 23:59:59.999000+00:00,3867547719.1,0.0,451600.0,0.0
2015-07-10 11:59:59.999000+00:00,4148083822.6,0.0,451600.0,0.0
2015-07-10 23:59:59.999000+00:00,4093705987.15,0.0,451600.0,0.0
2015-07-11 11:59:59.999000+00:00,4198064527.48,0.0,451600.0,0.0
2015-07-11 23:59:59.999000+00:00,4212919911.38,0.0,451600.0,0.0
2015-07-12 07:59:59.999000+00:00,4301988748.88,0.0,451600.0,0.0
2015-07-12 19:59:59.999000+00:00,4434453234.45,0.0,451600.0,0.0
2015-07-13 07:59:59.999000+00:00,4092390687.82,0.0,451600.0,0.0
2015-07-13 19:59:59.999000+00:00,4146609166.67,0.0,451600.0,0.0
2015-07-14 07:59:59.999000+00:00,4144180029.0,0.0,451600.0,0.0
2015-07-14 19:59:59.999000+00:00,4167905527.8,0.0,451600.0,0.0
2015-07-15 07:59:59.999000+00:00,4176921099.75,0.0,451600.0,0.0
2015-07-15 15:59:59.999000+00:00,4194383118.75,0.0,451600.0,0.0
2015-07-16 03:59:59.999000+00:00,4155189679.88,0.0,451600.0,0.0
2015-07-16 15:59:59.999000+00:00,3972308398.65,0.0,451600.0,0.0
2015-07-17 03:59:59.999000+00:00,4002789228.5,0.0,451600.0,0.0
2015-07-17 15:59:59.999000+00:00,4006146667.8,0.0,451600.0,0.0
2015-07-18 03:59:59.999000+00:00,4013102649.6,0.0,451600.0,0.0
2015-07-18 15:59:59.999000+00:00,3963234321.05,0.0,451600.0,0.0
2015-07-18 23:59:59.999000+00:00,3958065833.15,0.0,451600.0,0.0
2015-07-19 11:59:59.999000+00:00,3944781829.53,0.0,451600.0,0.0
2015-07-19 23:59:59.999000+00:00,3940581987.65,0.0,451600.0,0.0
2015-07-20 11:59:59.999000+00:00,3987028891.55,0.0,451600.0,0.0
2015-07-20 23:59:59.999000+00:00,4018965413.38,0.0,451600.0,0.0
2015-07-21 11:59:59.999000+00:00,4010703197.2,0.0,451600.0,0.0
2015-07-21 23:59:59.999000+00:00,3974491488.65,0.0,451600.0,0.0
2015-07-22 07:59:59.999000+00:00,3980241941.65,0.0,451600.0,0.0
2015-07-22 19:59:59.999000+00:00,3978695873.32,0.0,451600.0,0.0
2015-07-23 07:59:59.999000+00:00,3994038724.5,0.0,451600.0,0.0
2015-07-23 19:59:59.999000+00:00,3985817038.42,0.0,451600.0,0.0
2015-07-24 07:59:59.999000+00:00,4003095763.98,0.0,451600.0,0.0
2015-07-24 19:59:59.999000+00:00,4161604804.85,0.0,451600.0,0.0
2015-07-25 03:59:59.999000+00:00,4156427763.55,0.0,451600.0,0.0
2015-07-25 15:59:59.999000+00:00,4169263957.85,0.0,451600.0,0.0
2015-07-26 03:59:59.999000+00:00,4158179338.05,0.0,451600.0,0.0
2015-07-26 15:59:59.999000+00:00,4219174582.8,0.0,451600.0,0.0
2015-07-27 03:59:59.999000+00:00,4213758240.4,0.0,451600.0,0.0
2015-07-27 15:59:59.999000+00:00,4164649516.3,0.0,451600.0,0.0
2015-07-28 03:59:59.999000+00:00,4244649172.65,0.0,451600.0,0.0
2015-07-28 11:59:59.999000+00:00,4240209317.13,0.0,451600.0,0.0
2015-07-28 23:59:59.999000+00:00,4250112630.4,0.0,451600.0,0.0
2015-07-29 11:59:59.999000+00:00,4181828844.6,0.0,451600.0,0.0
2015-07-29 23:59:59.999000+00:00,4181390010.0,0.0,451600.0,0.0
2015-07-30 11:59:59.999000+00:00,4141260725.7,0.0,451600.0,0.0
2015-07-30 23:59:59.999000+00:00,4155381826.7,0.0,451600.0,0.0
2015-07-31 11:59:59.999000+00:00,4110003331.2,0.0,451600.0,0.0
2015-07-31 19:59:59.999000+00:00,4129181399.97,0.0,451600.0,0.0
2015-08-01 07:59:59.999000+00:00,4041586532.1,0.0,451600.0,0.0
2015-08-01 19:59:59.999000+00:00,4063669202.68,0.0,451600.0,0.0
2015-08-02 07:59:59.999000+00:00,4025414482.65,0.0,451600.0,0.0
2015-08-02 19:59:59.999000+00:00,4076416485.45,0.0,451600.0,0.0
2015-08-03 07:59:59.999000+00:00,4089427757.67,0.0,451600.0,0.0
2015-08-03 19:59:59.999000+00:00,4108382659.35,0.0,451600.0,0.0
2015-08-04 03:59:59.999000+00:00,4106749990.3,0.0,451600.0,0.0
2015-08-04 15:59:59.999000+00:00,4125480404.5,0.0,451600.0,0.0
2015-08-05 03:59:59.999000+00:00,4115186482.27,0.0,451600.0,0.0
2015-08-05 15:59:59.999000+00:00,4092189830.05,0.0,451600.0,0.0
2015-08-06 03:59:59.999000+00:00,4066994678.7,0.0,451600.0,0.0
2015-08-06 15:59:59.999000+00:00,4030351360.2,0.0,451600.0,0.0
2015-08-07 03:59:59.999000+00:00,4003793132.7,0.0,451600.0,0.0
2015-08-07 11:59:59.999000+00:00,4042254890.25,0.0,451600.0,0.0
2015-08-07 19:59:59.999000+00:00,4042254890.25,168583109.75,451600.0,0.0
2015-08-07 23:59:59.999000+00:00,4045993358.62,168583109.75,451600.0,0.0
2015-08-08 03:59:59.999000+00:00,4045993358.62,158684274.78,451600.0,0.0
2015-08-08 11:59:59.999000+00:00,4000077706.17,82808232.19,451600.0,0.0
2015-08-08 19:59:59.999000+00:00,4000077706.17,47659355.28,451600.0,0.0
2015-08-08 23:59:59.999000+00:00,3778049023.65,47659355.28,451600.0,0.0
2015-08-09 03:59:59.999000+00:00,3778049023.65,42056804.65,451600.0,0.0
2015-08-09 11:59:59.999000+00:00,3833782190.7,41231162.77,451600.0,0.0
2015-08-09 19:59:59.999000+00:00,3833782190.7,45906378.77,451600.0,0.0
2015-08-09 23:59:59.999000+00:00,3838130129.93,45906378.77,451600.0,0.0
2015-08-10 03:59:59.999000+00:00,3838130129.93,41476346.67,451600.0,0.0
2015-08-10 11:59:59.999000+00:00,3838087683.0,41403842.52,451600.0,0.0
2015-08-10 19:59:59.999000+00:00,3828180315.78,41323664.7,451600.0,0.0
2015-08-11 03:59:59.999000+00:00,3828180315.78,42448998.61,451600.0,0.0
2015-08-11 07:59:59.999000+00:00,3834664993.3,42448998.61,451600.0,0.0
2015-08-11 11:59:59.999000+00:00,3834664993.3,42558610.34,451600.0,0.0
2015-08-11 19:59:59.999000+00:00,3848355036.07,60591024.41,451600.0,0.0
2015-08-12 03:59:59.999000+00:00,3848355036.07,54026442.57,451600.0,0.0
2015-08-12 07:59:59.999000+00:00,3873890576.95,54026442.57,451600.0,0.0
2015-08-12 11:59:59.999000+00:00,3873890576.95,71088909.14,451600.0,0.0
2015-08-12 19:59:59.999000+00:00,3894148239.8,75587582.63,451600.0,0.0
2015-08-13 03:59:59.999000+00:00,3894148239.8,73676821.6,451600.0,0.0
2015-08-13 07:59:59.999000+00:00,3810218421.6,73676821.6,451600.0,0.0
2015-08-13 15:59:59.999000+00:00,3831012487.05,87626106.41,451600.0,0.0
2015-08-13 23:59:59.999000+00:00,3831012487.05,110607191.68,451600.0,0.0
2015-08-14 03:59:59.999000+00:00,3799466721.6,110607191.68,451600.0,0.0
2015-08-14 07:59:59.999000+00:00,3799466721.6,115946552.63,451600.0,0.0
2015-08-14 15:59:59.999000+00:00,3860772524.1,131166959.4,451600.0,0.0
2015-08-14 23:59:59.999000+00:00,3860772524.1,110672321.82,451600.0,0.0
2015-08-15 03:59:59.999000+00:00,3853089350.33,110672321.82,451600.0,0.0
2015-08-15 07:59:59.999000+00:00,3853089350.33,106176487.67,451600.0,0.0
2015-08-15 15:59:59.999000+00:00,3852380578.5,104069842.94,451600.0,0.0
2015-08-15 23:59:59.999000+00:00,3852380578.5,102303608.47,451600.0,0.0
2015-08-16 03:59:59.999000+00:00,3802577767.2,102303608.47,451600.0,0.0
2015-08-16 07:59:59.999000+00:00,3802577767.2,75524877.5,451600.0,0.0
2015-08-16 15:59:59.999000+00:00,3756267680.2,78738261.5,451600.0,0.0
2015-08-16 23:59:59.999000+00:00,3749501856.15,94901005.36,451600.0,0.0
2015-08-17 07:59:59.999000+00:00,3749501856.15,88678926.61,451600.0,0.0
2015-08-17 11:59:59.999000+00:00,3743984094.0,88678926.61,451600.0,0.0
2015-08-17 15:59:59.999000+00:00,3743984094.0,95247288.33,451600.0,0.0
2015-08-17 23:59:59.999000+00:00,3742748055.0,87295366.51,451600.0,0.0
2015-08-18 07:59:59.999000+00:00,3742748055.0,81762209.47,451600.0,0.0
2015-08-18 11:59:59.999000+00:00,3719151936.0,81762209.47,451600.0,0.0
2015-08-18 15:59:59.999000+00:00,3719151936.0,93954131.37,451600.0,0.0
2015-08-18 23:59:59.999000+00:00,3063104570.35,78868413.08,451600.0,0.0
2015-08-19 11:59:59.999000+00:00,3373848890.5,88789933.7,451600.0,0.0
2015-08-19 19:59:59.999000+00:00,3373848890.5,92405858.36,451600.0,0.0
2015-08-19 23:59:59.999000+00:00,3290448603.3,92405858.36,451600.0,0.0
2015-08-20 03:59:59.999000+00:00,3290448603.3,93834506.12,451600.0,0.0
2015-08-20 07:59:59.999000+00:00,3383570118.9,93834506.12,451600.0,0.0
2015-08-20 11:59:59.999000+00:00,3383570118.9,97700161.15,451600.0,0.0
2015-08-20 19:59:59.999000+00:00,3421857485.88,103692804.02,451600.0,0.0
2015-08-21 03:59:59.999000+00:00,3421857485.88,107924783.9,451600.0,0.0
2015-08-21 07:59:59.999000+00:00,3429756620.5,107924783.9,451600.0,0.0
2015-08-21 11:59:59.999000+00:00,3429756620.5,111308623.39,451600.0,0.0
2015-08-21 19:59:59.999000+00:00,3387939733.75,103705213.07,451600.0,0.0
2015-08-22 03:59:59.999000+00:00,3387939733.75,104943753.27,451600.0,0.0
2015-08-22 07:59:59.999000+00:00,3376403031.92,104943753.27,451600.0,0.0
2015-08-22 11:59:59.999000+00:00,3376403031.92,105095705.05,451600.0,0.0
2015-08-22 19:59:59.999000+00:00,3278069312.35,100556863.81,451600.0,0.0
2015-08-23 03:59:59.999000+00:00,3278069312.35,102069731.72,451600.0,0.0
2015-08-23 07:59:59.999000+00:00,3347247678.5,102069731.72,451600.0,0.0
2015-08-23 11:59:59.999000+00:00,3347247678.5,99601272.29,451600.0,0.0
2015-08-23 15:59:59.999000+00:00,3336531416.0,99601272.29,451600.0,0.0
2015-08-23 19:59:59.999000+00:00,3336531416.0,98598354.86,451600.0,0.0
2015-08-24 03:59:59.999000+00:00,3302577826.72,97897154.5,451600.0,0.0
2015-08-24 11:59:59.999000+00:00,3302577826.72,93654424.79,451600.0,0.0
2015-08-24 15:59:59.999000+00:00,3188682249.5,93654424.79,451600.0,0.0
2015-08-24 19:59:59.999000+00:00,3188682249.5,93958223.76,451600.0,0.0
2015-08-25 03:59:59.999000+00:00,2953107128.03,93958223.76,451600.0,0.0
2015-08-25 07:59:59.999000+00:00,2953107128.03,88093479.6,451600.0,0.0
2015-08-25 15:59:59.999000+00:00,3247544608.55,84353694.77,451600.0,0.0
2015-08-25 23:59:59.999000+00:00,3247544608.55,82922632.91,451600.0,0.0
2015-08-26 03:59:59.999000+00:00,3204667387.6,82922632.91,451600.0,0.0
2015-08-26 07:59:59.999000+00:00,3204667387.6,80659621.98,451600.0,0.0
2015-08-26 15:59:59.999000+00:00,3319383749.62,86651604.34,451600.0,0.0
2015-08-26 23:59:59.999000+00:00,3284040047.77,84390923.54,451600.0,0.0
2015-08-27 07:59:59.999000+00:00,3284040047.77,84616277.47,451600.0,0.0
2015-08-27 11:59:59.999000+00:00,3288622266.15,84616277.47,451600.0,0.0
2015-08-27 15:59:59.999000+00:00,3288622266.15,83838006.32,451600.0,0.0
2015-08-27 23:59:59.999000+00:00,3269360631.83,83524585.39,451600.0,0.0
2015-08-28 07:59:59.999000+00:00,3269360631.83,85169367.18,451600.0,0.0
2015-08-28 11:59:59.999000+00:00,3299621792.25,85169367.18,451600.0,0.0
2015-08-28 15:59:59.999000+00:00,3299621792.25,86136478.71,451600.0,0.0
2015-08-28 23:59:59.999000+00:00,3366649822.8,86731076.64,451600.0,0.0
2015-08-29 07:59:59.999000+00:00,3366649822.8,87006596.71,451600.0,0.0
2015-08-29 11:59:59.999000+00:00,3364982147.2,87006596.71,451600.0,0.0
2015-08-29 15:59:59.999000+00:00,3364982147.2,84410587.88,451600.0,0.0
2015-08-29 23:59:59.999000+00:00,3344063018.5,86113894.7,451600.0,0.0
2015-08-30 07:59:59.999000+00:00,3342862606.12,92379726.79,451600.0,0.0
2015-08-30 19:59:59.999000+00:00,3313473332.0,95507857.2,451600.0,0.0
2015-08-31 03:59:59.999000+00:00,3313473332.0,89688036.84,451600.0,0.0
2015-08-31 07:59:59.999000+00:00,3308576073.0,89688036.84,451600.0,0.0
2015-08-31 11:59:59.999000+00:00,3308576073.0,99899289.64,451600.0,0.0
2015-08-31 19:59:59.999000+00:00,3365097725.2,99329396.37,451600.0,0.0
2015-09-01 03:59:59.999000+00:00,3365097725.2,97554925.37,451600.0,0.0
2015-09-01 07:59:59.999000+00:00,3325165598.62,97554925.37,451600.0,0.0
2015-09-01 11:59:59.999000+00:00,3325165598.62,99149665.09,451600.0,0.0
2015-09-01 19:59:59.999000+00:00,3321030833.4,98565660.98,451600.0,0.0
2015-09-02 03:59:59.999000+00:00,3321030833.4,98173767.7,451600.0,0.0
2015-09-02 07:59:59.999000+00:00,3321799105.0,98173767.7,451600.0,0.0
2015-09-02 11:59:59.999000+00:00,3321799105.0,97194257.89,451600.0,0.0
2015-09-02 15:59:59.999000+00:00,3344174448.0,97194257.89,451600.0,0.0
2015-09-02 19:59:59.999000+00:00,3344174448.0,97368323.22,451600.0,0.0
2015-09-03 03:59:59.999000+00:00,3332942783.4,94693403.75,451600.0,0.0
2015-09-03 11:59:59.999000+00:00,3332942783.4,93823487.36,451600.0,0.0
2015-09-03 15:59:59.999000+00:00,3320911449.8,93823487.36,451600.0,0.0
2015-09-03 19:59:59.999000+00:00,3320911449.8,92297922.98,451600.0,0.0
2015-09-04 03:59:59.999000+00:00,3316945261.88,93384070.95,451600.0,0.0
2015-09-04 11:59:59.999000+00:00,3316945261.88,90932639.52,451600.0,0.0
2015-09-04 15:59:59.999000+00:00,3349756949.18,90932639.52,451600.0,0.0
2015-09-04 19:59:59.999000+00:00,3349756949.18,93638487.77,451600.0,0.0
2015-09-05 03:59:59.999000+00:00,3351304444.2,93211256.75,451600.0,0.0
2015-09-05 11:59:59.999000+00:00,3364990235.32,93211256.75,451600.0,0.0
2015-09-05 15:59:59.999000+00:00,3364990235.32,95574711.51,451600.0,0.0
2015-09-05 23:59:59.999000+00:00,3426594646.43,97683882.55,451600.0,0.0
2015-09-06 07:59:59.999000+00:00,3426594646.43,98382974.5,451600.0,0.0
2015-09-06 11:59:59.999000+00:00,3499108718.0,98382974.5,451600.0,0.0
2015-09-06 15:59:59.999000+00:00,3499108718.0,96140808.31,451600.0,0.0
2015-09-06 23:59:59.999000+00:00,3497748612.0,94580163.8,451600.0,0.0
2015-09-07 07:59:59.999000+00:00,3497748612.0,94794900.02,451600.0,0.0
2015-09-07 11:59:59.999000+00:00,3504459793.72,94794900.02,451600.0,0.0
2015-09-07 15:59:59.999000+00:00,3504459793.72,91440020.15,451600.0,0.0
2015-09-07 23:59:59.999000+00:00,3498762116.33,91020734.56,451600.0,0.0
2015-09-08 07:59:59.999000+00:00,3498762116.33,92257957.23,451600.0,0.0
2015-09-08 11:59:59.999000+00:00,3564869654.4,92257957.23,451600.0,0.0
2015-09-08 15:59:59.999000+00:00,3564869654.4,90511387.19,451600.0,0.0
2015-09-08 19:59:59.999000+00:00,3556180074.15,90511387.19,451600.0,0.0
2015-09-08 23:59:59.999000+00:00,3556180074.15,90743242.5,451600.0,0.0
2015-09-09 07:59:59.999000+00:00,3522662284.05,89513247.08,451600.0,0.0
2015-09-09 15:59:59.999000+00:00,3522662284.05,90954754.37,451600.0,0.0
2015-09-09 19:59:59.999000+00:00,3513830769.4,90954754.37,451600.0,0.0
2015-09-09 23:59:59.999000+00:00,3513830769.4,88150124.72,451600.0,0.0
2015-09-10 07:59:59.999000+00:00,3467101928.85,87036107.93,451600.0,0.0
2015-09-10 15:59:59.999000+00:00,3467101928.85,87557771.45,451600.0,0.0
2015-09-10 19:59:59.999000+00:00,3481575300.0,87557771.45,451600.0,0.0
2015-09-10 23:59:59.999000+00:00,3481575300.0,85202731.67,451600.0,0.0
2015-09-11 07:59:59.999000+00:00,3508988034.0,85202731.67,451600.0,0.0
2015-09-11 11:59:59.999000+00:00,3508988034.0,72064211.26,451600.0,0.0
2015-09-11 19:59:59.999000+00:00,3502459706.0,72952317.53,451600.0,0.0
2015-09-12 03:59:59.999000+00:00,3500291564.85,72972532.81,451600.0,0.0
2015-09-12 11:59:59.999000+00:00,3500291564.85,80708002.35,451600.0,0.0
2015-09-12 15:59:59.999000+00:00,3494138033.92,80708002.35,451600.0,0.0
2015-09-12 19:59:59.999000+00:00,3494138033.92,75876084.59,451600.0,0.0
2015-09-13 03:59:59.999000+00:00,3439892680.67,73251137.32,451600.0,0.0
2015-09-13 11:59:59.999000+00:00,3439892680.67,73311341.41,451600.0,0.0
2015-09-13 15:59:59.999000+00:00,3402795806.6,73311341.41,451600.0,0.0
2015-09-13 19:59:59.999000+00:00,3402795806.6,70394630.09,451600.0,0.0
2015-09-14 03:59:59.999000+00:00,3349388671.78,68537328.04,451600.0,0.0
2015-09-14 11:59:59.999000+00:00,3349388671.78,66581929.94,451600.0,0.0
2015-09-14 15:59:59.999000+00:00,3388010169.38,66581929.94,451600.0,0.0
2015-09-14 19:59:59.999000+00:00,3388010169.38,64258645.37,451600.0,0.0
2015-09-15 03:59:59.999000+00:00,3372588165.0,65149005.81,451600.0,0.0
2015-09-15 11:59:59.999000+00:00,3366603372.0,69996684.03,451600.0,0.0
2015-09-15 19:59:59.999000+00:00,3366603372.0,67979891.43,451600.0,0.0
2015-09-15 23:59:59.999000+00:00,3366532053.6,67979891.43,451600.0,0.0
2015-09-16 03:59:59.999000+00:00,3366532053.6,68930366.13,451600.0,0.0
2015-09-16 11:59:59.999000+00:00,3327772708.57,67025607.13,451600.0,0.0
2015-09-16 23:59:59.999000+00:00,3349613965.58,66437873.29,451600.0,0.0
2015-09-17 07:59:59.999000+00:00,3349613965.58,64677552.58,451600.0,0.0
2015-09-17 11:59:59.999000+00:00,3349613965.58,64677552.58,451600.0,0.0
2015-09-17 15:59:59.999000+00:00,3349613965.58,62562747.99,451600.0,0.0
2015-09-17 23:59:59.999000+00:00,3349613965.58,64046215.96,451600.0,0.0
2015-09-18 07:59:59.999000+00:00,3349613965.58,64918856.26,451600.0,0.0
2015-09-18 11:59:59.999000+00:00,3403068465.22,64918856.26,451600.0,0.0
2015-09-18 15:59:59.999000+00:00,3403068465.22,63037730.86,451600.0,0.0
2015-09-18 19:59:59.999000+00:00,3415067508.0,63037730.86,451600.0,0.0
2015-09-18 23:59:59.999000+00:00,3415067508.0,62561883.08,451600.0,0.0
2015-09-19 07:59:59.999000+00:00,3402274405.6,61358339.04,451600.0,0.0
2015-09-19 15:59:59.999000+00:00,3402274405.6,62033822.09,451600.0,0.0
2015-09-19 19:59:59.999000+00:00,3388053090.6,62033822.09,451600.0,0.0
2015-09-19 23:59:59.999000+00:00,3388053090.6,64687992.0,451600.0,0.0
2015-09-20 07:59:59.999000+00:00,3388790046.15,64785592.85,451600.0,0.0
2015-09-20 15:59:59.999000+00:00,3388790046.15,66304885.65,451600.0,0.0
2015-09-20 19:59:59.999000+00:00,3386060503.2,66304885.65,451600.0,0.0
2015-09-20 23:59:59.999000+00:00,3386060503.2,68822183.06,451600.0,0.0
2015-09-21 07:59:59.999000+00:00,3333477475.9,69072309.77,451600.0,0.0
2015-09-21 15:59:59.999000+00:00,3333477475.9,67903601.76,451600.0,0.0
2015-09-21 19:59:59.999000+00:00,3337299612.0,67903601.76,451600.0,0.0
2015-09-21 23:59:59.999000+00:00,3337299612.0,67422915.1,451600.0,0.0
2015-09-22 03:59:59.999000+00:00,3335949959.0,67422915.1,451600.0,0.0
2015-09-22 07:59:59.999000+00:00,3335949959.0,64095378.19,451600.0,0.0
2015-09-22 15:59:59.999000+00:00,3376366319.2,64095378.19,451600.0,0.0
2015-09-22 19:59:59.999000+00:00,3376366319.2,64956628.58,451600.0,0.0
2015-09-23 03:59:59.999000+00:00,3390786203.1,65334245.68,451600.0,0.0
2015-09-23 11:59:59.999000+00:00,3390786203.1,65326151.7,451600.0,0.0
2015-09-23 15:59:59.999000+00:00,3383323789.15,65326151.7,451600.0,0.0
2015-09-23 19:59:59.999000+00:00,3383323789.15,65717315.55,451600.0,0.0
2015-09-24 03:59:59.999000+00:00,3382207090.28,65797779.71,451600.0,0.0
2015-09-24 11:59:59.999000+00:00,3382207090.28,64065457.57,451600.0,0.0
2015-09-24 15:59:59.999000+00:00,3415825269.5,64065457.57,451600.0,0.0
2015-09-24 19:59:59.999000+00:00,3415825269.5,62982459.74,451600.0,0.0
2015-09-25 03:59:59.999000+00:00,3427528539.25,58814740.19,451600.0,0.0
2015-09-25 11:59:59.999000+00:00,3472816067.25,55311298.65,451600.0,0.0
2015-09-25 19:59:59.999000+00:00,3472816067.25,55853501.15,451600.0,0.0
2015-09-25 23:59:59.999000+00:00,3445723754.2,55853501.15,451600.0,0.0
2015-09-26 03:59:59.999000+00:00,3445723754.2,53224328.57,451600.0,0.0
2015-09-26 11:59:59.999000+00:00,3428554458.0,53172761.36,451600.0,0.0
2015-09-26 19:59:59.999000+00:00,3428554458.0,54754528.85,451600.0,0.0
2015-09-26 23:59:59.999000+00:00,3434809257.5,54754528.85,451600.0,0.0
2015-09-27 03:59:59.999000+00:00,3434809257.5,56900473.75,451600.0,0.0
2015-09-27 11:59:59.999000+00:00,3419143960.28,54716995.43,451600.0,0.0
2015-09-27 19:59:59.999000+00:00,3419143960.28,53744670.81,451600.0,0.0
2015-09-27 23:59:59.999000+00:00,3412467833.78,53744670.81,451600.0,0.0
2015-09-28 03:59:59.999000+00:00,3412467833.78,49984474.25,451600.0,0.0
2015-09-28 07:59:59.999000+00:00,3484292722.88,49984474.25,451600.0,0.0
2015-09-28 15:59:59.999000+00:00,3484292722.88,46260552.4,451600.0,0.0
2015-09-28 19:59:59.999000+00:00,3486972772.7,46260552.4,451600.0,0.0
2015-09-28 23:59:59.999000+00:00,3486972772.7,42863006.1,451600.0,0.0
2015-09-29 07:59:59.999000+00:00,3503391247.4,42459195.08,451600.0,0.0
2015-09-29 15:59:59.999000+00:00,3503391247.4,47816781.8,451600.0,0.0
2015-09-29 19:59:59.999000+00:00,3483715312.5,47816781.8,451600.0,0.0
2015-09-29 23:59:59.999000+00:00,3483715312.5,48633258.78,451600.0,0.0
2015-09-30 07:59:59.999000+00:00,3466058044.8,48795417.29,451600.0,0.0
2015-09-30 15:59:59.999000+00:00,3466058044.8,47686547.24,451600.0,0.0
2015-09-30 19:59:59.999000+00:00,3471944215.25,47686547.24,451600.0,0.0
2015-09-30 23:59:59.999000+00:00,3471944215.25,54351468.24,451600.0,0.0
2015-10-01 07:59:59.999000+00:00,3461009640.0,48427269.23,451600.0,0.0
2015-10-01 15:59:59.999000+00:00,3494685537.22,52065604.23,451600.0,0.0
2015-10-01 23:59:59.999000+00:00,3494685537.22,50805918.95,451600.0,0.0
2015-10-02 03:59:59.999000+00:00,3490184283.7,50805918.95,451600.0,0.0
2015-10-02 07:59:59.999000+00:00,3490184283.7,49903869.07,451600.0,0.0
2015-10-02 15:59:59.999000+00:00,3473863762.08,48587077.84,451600.0,0.0
2015-10-02 23:59:59.999000+00:00,3473863762.08,49966501.65,451600.0,0.0
2015-10-03 03:59:59.999000+00:00,3489395809.9,49966501.65,451600.0,0.0
2015-10-03 07:59:59.999000+00:00,3489395809.9,51456699.52,451600.0,0.0
2015-10-03 15:59:59.999000+00:00,3509151307.2,51674713.48,451600.0,0.0
2015-10-04 03:59:59.999000+00:00,3503664804.2,50527199.82,451600.0,0.0
2015-10-04 11:59:59.999000+00:00,3503664804.2,49799672.86,451600.0,0.0
2015-10-04 15:59:59.999000+00:00,3502191067.78,49799672.86,451600.0,0.0
2015-10-04 19:59:59.999000+00:00,3502191067.78,49020925.3,451600.0,0.0
2015-10-04 23:59:59.999000+00:00,3499387367.17,49020925.3,451600.0,0.0
2015-10-05 03:59:59.999000+00:00,3499387367.17,48967325.01,451600.0,0.0
2015-10-05 11:59:59.999000+00:00,3496202708.62,48736978.68,451600.0,0.0
2015-10-05 19:59:59.999000+00:00,3496202708.62,48546668.62,451600.0,0.0
2015-10-05 23:59:59.999000+00:00,3531508720.03,48546668.62,451600.0,0.0
2015-10-06 03:59:59.999000+00:00,3531508720.03,45800157.06,451600.0,0.0
2015-10-06 11:59:59.999000+00:00,3536363295.1,45292926.4,451600.0,0.0
2015-10-06 19:59:59.999000+00:00,3536363295.1,45905240.42,451600.0,0.0
2015-10-06 23:59:59.999000+00:00,3615828117.67,45905240.42,451600.0,0.0
2015-10-07 03:59:59.999000+00:00,3615828117.67,48058627.39,451600.0,0.0
2015-10-07 11:59:59.999000+00:00,3595226885.9,46591714.97,451600.0,0.0
2015-10-07 19:59:59.999000+00:00,3595226885.9,45722955.34,451600.0,0.0
2015-10-07 23:59:59.999000+00:00,3571170510.45,45722955.34,451600.0,0.0
2015-10-08 03:59:59.999000+00:00,3571170510.45,43769423.15,451600.0,0.0
2015-10-08 07:59:59.999000+00:00,3588145985.55,43769423.15,451600.0,0.0
2015-10-08 11:59:59.999000+00:00,3588145985.55,44026231.55,451600.0,0.0
2015-10-08 19:59:59.999000+00:00,3576491218.85,44515861.89,451600.0,0.0
2015-10-09 03:59:59.999000+00:00,3576491218.85,47919136.8,451600.0,0.0
2015-10-09 07:59:59.999000+00:00,3575788393.88,47919136.8,451600.0,0.0
2015-10-09 11:59:59.999000+00:00,3575788393.88,48454823.34,451600.0,0.0
2015-10-09 19:59:59.999000+00:00,3586696166.55,48454823.34,451600.0,0.0
2015-10-09 23:59:59.999000+00:00,3586696166.55,48022036.47,451600.0,0.0
2015-10-10 07:59:59.999000+00:00,3582141704.6,47192054.15,451600.0,0.0
2015-10-10 15:59:59.999000+00:00,3582141704.6,47482465.03,451600.0,0.0
2015-10-10 19:59:59.999000+00:00,3599291518.08,47482465.03,451600.0,0.0
2015-10-10 23:59:59.999000+00:00,3599291518.08,46356710.61,451600.0,0.0
2015-10-11 07:59:59.999000+00:00,3596340162.8,46664460.88,451600.0,0.0
2015-10-11 15:59:59.999000+00:00,3597617846.25,45841334.1,451600.0,0.0
2015-10-11 23:59:59.999000+00:00,3597617846.25,46897253.14,451600.0,0.0
2015-10-12 03:59:59.999000+00:00,3637688609.8,46897253.14,451600.0,0.0
2015-10-12 07:59:59.999000+00:00,3637688609.8,47196463.88,451600.0,0.0
2015-10-12 15:59:59.999000+00:00,3615345361.05,46691933.56,451600.0,0.0
2015-10-12 23:59:59.999000+00:00,3615345361.05,46253823.08,451600.0,0.0
2015-10-13 03:59:59.999000+00:00,3592274319.45,46253823.08,451600.0,0.0
2015-10-13 07:59:59.999000+00:00,3592274319.45,45263009.29,451600.0,0.0
2015-10-13 15:59:59.999000+00:00,3663093977.3,45237387.61,451600.0,0.0
2015-10-13 23:59:59.999000+00:00,3663093977.3,44911717.55,451600.0,0.0
2015-10-14 03:59:59.999000+00:00,3665679128.12,44911717.55,451600.0,0.0
2015-10-14 07:59:59.999000+00:00,3665679128.12,43477653.62,451600.0,0.0
2015-10-14 15:59:59.999000+00:00,3708042909.2,41727941.86,451600.0,0.0
2015-10-14 23:59:59.999000+00:00,3710065545.62,38665409.24,451600.0,0.0
2015-10-15 07:59:59.999000+00:00,3710065545.62,38641954.14,451600.0,0.0
2015-10-15 11:59:59.999000+00:00,3751299625.6,38641954.14,451600.0,0.0
2015-10-15 19:59:59.999000+00:00,3751299625.6,41290149.82,451600.0,0.0
2015-10-15 23:59:59.999000+00:00,3745440578.0,41290149.82,451600.0,0.0
2015-10-16 03:59:59.999000+00:00,3745440578.0,41014564.94,451600.0,0.0
2015-10-16 11:59:59.999000+00:00,3818777817.1,40756766.12,451600.0,0.0
2015-10-16 19:59:59.999000+00:00,3818777817.1,40209941.43,451600.0,0.0
2015-10-16 23:59:59.999000+00:00,3872283808.65,40209941.43,451600.0,0.0
2015-10-17 03:59:59.999000+00:00,3872283808.65,39513666.95,451600.0,0.0
2015-10-17 11:59:59.999000+00:00,3969400204.2,38993196.13,451600.0,0.0
2015-10-17 19:59:59.999000+00:00,3922806266.4,40013161.88,451600.0,0.0
2015-10-18 03:59:59.999000+00:00,3922806266.4,40312998.37,451600.0,0.0
2015-10-18 07:59:59.999000+00:00,3972902582.47,40312998.37,451600.0,0.0
2015-10-18 11:59:59.999000+00:00,3972902582.47,39292998.26,451600.0,0.0
2015-10-18 19:59:59.999000+00:00,3874547495.7,38565652.66,451600.0,0.0
2015-10-19 03:59:59.999000+00:00,3874547495.7,38180928.69,451600.0,0.0
2015-10-19 07:59:59.999000+00:00,3862869192.0,38180928.69,451600.0,0.0
2015-10-19 11:59:59.999000+00:00,3862869192.0,36242773.28,451600.0,0.0
2015-10-19 19:59:59.999000+00:00,3878006944.5,36831882.05,451600.0,0.0
2015-10-20 03:59:59.999000+00:00,3878006944.5,36651331.9,451600.0,0.0
2015-10-20 07:59:59.999000+00:00,3927665041.7,36651331.9,451600.0,0.0
2015-10-20 11:59:59.999000+00:00,3927665041.7,36485750.4,451600.0,0.0
2015-10-20 19:59:59.999000+00:00,3975235156.0,36499123.33,451600.0,0.0
2015-10-21 03:59:59.999000+00:00,3978496845.5,36499123.33,451600.0,0.0
2015-10-21 07:59:59.999000+00:00,3978496845.5,32398831.92,451600.0,0.0
2015-10-21 15:59:59.999000+00:00,3941238494.85,32010404.56,451600.0,0.0
2015-10-21 23:59:59.999000+00:00,3941238494.85,33150825.51,451600.0,0.0
2015-10-22 03:59:59.999000+00:00,3930095152.77,33150825.51,451600.0,0.0
2015-10-22 07:59:59.999000+00:00,3930095152.77,31556375.92,451600.0,0.0
2015-10-22 15:59:59.999000+00:00,4039844731.45,32687000.06,451600.0,0.0
2015-10-22 23:59:59.999000+00:00,4039844731.45,42085191.51,451600.0,0.0
2015-10-23 03:59:59.999000+00:00,4038458225.58,42085191.51,451600.0,0.0
2015-10-23 07:59:59.999000+00:00,4038458225.58,38881204.41,451600.0,0.0
2015-10-23 15:59:59.999000+00:00,4071477070.4,45360480.71,451600.0,0.0
2015-10-23 23:59:59.999000+00:00,4071477070.4,40020348.19,451600.0,0.0
2015-10-24 03:59:59.999000+00:00,4124929460.62,40020348.19,451600.0,0.0
2015-10-24 07:59:59.999000+00:00,4124929460.62,39961023.29,451600.0,0.0
2015-10-24 11:59:59.999000+00:00,4107401443.8,39961023.29,451600.0,0.0
2015-10-24 15:59:59.999000+00:00,4107401443.8,40633082.89,451600.0,0.0
2015-10-24 23:59:59.999000+00:00,4157184874.6,41809763.81,451600.0,0.0
2015-10-25 07:59:59.999000+00:00,4157184874.6,45749821.06,451600.0,0.0
2015-10-25 11:59:59.999000+00:00,4236154152.12,45749821.06,451600.0,0.0
2015-10-25 15:59:59.999000+00:00,4236154152.12,48857725.52,451600.0,0.0
2015-10-25 23:59:59.999000+00:00,4188180600.0,45716386.95,451600.0,0.0
2015-10-26 07:59:59.999000+00:00,4188180600.0,45516186.5,451600.0,0.0
2015-10-26 11:59:59.999000+00:00,4188415439.17,45516186.5,451600.0,0.0
2015-10-26 15:59:59.999000+00:00,4188415439.17,48578778.58,451600.0,0.0
2015-10-26 23:59:59.999000+00:00,4213260472.5,48578778.58,451600.0,0.0
2015-10-27 03:59:59.999000+00:00,4213260472.5,61320766.92,451600.0,0.0
2015-10-27 11:59:59.999000+00:00,4269728579.2,61736756.86,451600.0,0.0
2015-10-27 19:59:59.999000+00:00,4350709336.2,61153404.45,451600.0,0.0
2015-10-28 03:59:59.999000+00:00,4350709336.2,62310429.13,451600.0,0.0
2015-10-28 11:59:59.999000+00:00,4447664471.3,63907946.94,451600.0,0.0
2015-10-28 19:59:59.999000+00:00,4447664471.3,75998217.6,451600.0,0.0
2015-10-28 23:59:59.999000+00:00,4500730950.0,75998217.6,451600.0,0.0
2015-10-29 03:59:59.999000+00:00,4500730950.0,73030855.49,451600.0,0.0
2015-10-29 11:59:59.999000+00:00,4569538977.0,76164704.57,451600.0,0.0
2015-10-29 19:59:59.999000+00:00,4569538977.0,84372014.3,451600.0,0.0
2015-10-29 23:59:59.999000+00:00,4638392427.62,84372014.3,451600.0,0.0
2015-10-30 03:59:59.999000+00:00,4638392427.62,97330713.15,451600.0,0.0
2015-10-30 11:59:59.999000+00:00,4761661718.0,77182771.56,451600.0,0.0
2015-10-30 19:59:59.999000+00:00,4761661718.0,76235428.13,451600.0,0.0
2015-10-30 23:59:59.999000+00:00,4849062145.75,76235428.13,451600.0,0.0
2015-10-31 03:59:59.999000+00:00,4849062145.75,71468742.11,451600.0,0.0
2015-10-31 07:59:59.999000+00:00,4842295182.93,71468742.11,451600.0,0.0
2015-10-31 11:59:59.999000+00:00,4842295182.93,73891554.74,451600.0,0.0
2015-10-31 19:59:59.999000+00:00,4666105743.15,68819421.56,451600.0,0.0
2015-11-01 03:59:59.999000+00:00,4666105743.15,67985320.64,451600.0,0.0
2015-11-01 07:59:59.999000+00:00,4686982660.0,67985320.64,451600.0,0.0
2015-11-01 11:59:59.999000+00:00,4686982660.0,73384007.57,451600.0,0.0
2015-11-01 19:59:59.999000+00:00,4708468194.3,73384007.57,451600.0,0.0
2015-11-01 23:59:59.999000+00:00,4708468194.3,78530262.55,451600.0,0.0
2015-11-02 07:59:59.999000+00:00,4849256561.05,78875539.07,451600.0,0.0
2015-11-02 15:59:59.999000+00:00,4849256561.05,77689521.64,451600.0,0.0
2015-11-02 19:59:59.999000+00:00,5154924763.77,77689521.64,451600.0,0.0
2015-11-02 23:59:59.999000+00:00,5154924763.77,73654327.41,451600.0,0.0
2015-11-03 07:59:59.999000+00:00,5470795157.05,74024984.35,451600.0,0.0
2015-11-03 15:59:59.999000+00:00,5794366794.8,72585832.91,451600.0,0.0
2015-11-03 23:59:59.999000+00:00,5794366794.8,75434113.57,451600.0,0.0
2015-11-04 03:59:59.999000+00:00,6460793139.9,75434113.57,451600.0,0.0
2015-11-04 07:59:59.999000+00:00,6460793139.9,70406063.83,451600.0,0.0
2015-11-04 15:59:59.999000+00:00,7134144609.8,70584211.66,451600.0,0.0
2015-11-04 23:59:59.999000+00:00,7134144609.8,66947929.52,451600.0,0.0
2015-11-05 03:59:59.999000+00:00,6463458701.3,66947929.52,451600.0,0.0
2015-11-05 07:59:59.999000+00:00,6463458701.3,70850275.81,451600.0,0.0
2015-11-05 15:59:59.999000+00:00,5766851036.82,69050707.5,451600.0,0.0
2015-11-05 23:59:59.999000+00:00,5766851036.82,66716645.44,451600.0,0.0
2015-11-06 03:59:59.999000+00:00,5335761764.4,66716645.44,451600.0,0.0
2015-11-06 07:59:59.999000+00:00,5335761764.4,65909662.46,451600.0,0.0
2015-11-06 15:59:59.999000+00:00,5700081933.0,70453933.95,451600.0,0.0
2015-11-06 23:59:59.999000+00:00,5545657294.5,69004594.54,451600.0,0.0
2015-11-07 11:59:59.999000+00:00,5719633966.35,66820545.0,451600.0,0.0
2015-11-07 19:59:59.999000+00:00,5719633966.35,69365800.4,451600.0,0.0
2015-11-07 23:59:59.999000+00:00,5725035162.4,69365800.4,451600.0,0.0
2015-11-08 03:59:59.999000+00:00,5725035162.4,69490192.64,451600.0,0.0
2015-11-08 11:59:59.999000+00:00,5708210599.8,70052497.35,451600.0,0.0
2015-11-08 19:59:59.999000+00:00,5708210599.8,73766940.58,451600.0,0.0
2015-11-08 23:59:59.999000+00:00,5532072311.4,73766940.58,451600.0,0.0
2015-11-09 03:59:59.999000+00:00,5532072311.4,81690936.34,451600.0,0.0
2015-11-09 11:59:59.999000+00:00,5665178048.8,71710071.83,451600.0,0.0
2015-11-09 19:59:59.999000+00:00,5636330926.88,77107481.33,451600.0,0.0
2015-11-10 03:59:59.999000+00:00,5636330926.88,73277478.44,451600.0,0.0
2015-11-10 07:59:59.999000+00:00,5647304847.2,73277478.44,451600.0,0.0
2015-11-10 11:59:59.999000+00:00,5647304847.2,78036978.49,451600.0,0.0
2015-11-10 19:59:59.999000+00:00,5240404000.12,72502796.65,451600.0,0.0
2015-11-11 03:59:59.999000+00:00,5240404000.12,63485042.91,451600.0,0.0
2015-11-11 07:59:59.999000+00:00,4643221000.27,63485042.91,451600.0,0.0
2015-11-11 11:59:59.999000+00:00,4643221000.27,66764801.01,451600.0,0.0
2015-11-11 19:59:59.999000+00:00,4652510961.75,58362931.42,451600.0,0.0
2015-11-12 03:59:59.999000+00:00,4652510961.75,57894988.17,451600.0,0.0
2015-11-12 07:59:59.999000+00:00,4919009734.65,57894988.17,451600.0,0.0
2015-11-12 11:59:59.999000+00:00,4919009734.65,66984566.94,451600.0,0.0
2015-11-12 19:59:59.999000+00:00,4876104361.5,64899391.02,451600.0,0.0
2015-11-13 03:59:59.999000+00:00,4998278387.38,64899391.02,451600.0,0.0
2015-11-13 07:59:59.999000+00:00,4998278387.38,65033693.58,451600.0,0.0
2015-11-13 15:59:59.999000+00:00,4924948198.5,64801637.23,451600.0,0.0
2015-11-13 23:59:59.999000+00:00,4924948198.5,67529353.67,451600.0,0.0
2015-11-14 03:59:59.999000+00:00,4954093768.28,67529353.67,451600.0,0.0
2015-11-14 07:59:59.999000+00:00,4954093768.28,67266295.22,451600.0,0.0
2015-11-14 15:59:59.999000+00:00,4931129121.3,66681314.77,451600.0,0.0
2015-11-14 23:59:59.999000+00:00,4931129121.3,66410517.66,451600.0,0.0
2015-11-15 03:59:59.999000+00:00,4948780828.6,66410517.66,451600.0,0.0
2015-11-15 07:59:59.999000+00:00,4948780828.6,66701012.82,451600.0,0.0
2015-11-15 15:59:59.999000+00:00,4756079340.9,67722164.94,451600.0,0.0
2015-11-15 23:59:59.999000+00:00,4756079340.9,67745801.37,451600.0,0.0
2015-11-16 03:59:59.999000+00:00,4742738930.5,67745801.37,451600.0,0.0
2015-11-16 07:59:59.999000+00:00,4742738930.5,68337965.86,451600.0,0.0
2015-11-16 11:59:59.999000+00:00,4738845427.8,68337965.86,451600.0,0.0
2015-11-16 15:59:59.999000+00:00,4738845427.8,67406285.27,451600.0,0.0
2015-11-16 23:59:59.999000+00:00,4911040460.65,69458010.79,451600.0,0.0
2015-11-17 07:59:59.999000+00:00,4911040460.65,68818132.9,451600.0,0.0
2015-11-17 11:59:59.999000+00:00,4949384049.4,68818132.9,451600.0,0.0
2015-11-17 15:59:59.999000+00:00,4949384049.4,71795195.63,451600.0,0.0
2015-11-17 23:59:59.999000+00:00,4976765823.9,75392161.96,451600.0,0.0
2015-11-18 07:59:59.999000+00:00,4976765823.9,70643074.69,451600.0,0.0
2015-11-18 11:59:59.999000+00:00,4941845598.38,70643074.69,451600.0,0.0
2015-11-18 15:59:59.999000+00:00,4941845598.38,74529281.35,451600.0,0.0
2015-11-18 23:59:59.999000+00:00,4970560298.25,74529281.35,451600.0,0.0
2015-11-19 03:59:59.999000+00:00,4970560298.25,75330018.92,451600.0,0.0
2015-11-19 11:59:59.999000+00:00,4961645427.5,74188213.63,451600.0,0.0
2015-11-19 19:59:59.999000+00:00,4871476558.55,71286552.36,451600.0,0.0
2015-11-20 03:59:59.999000+00:00,4871476558.55,68189296.29,451600.0,0.0
2015-11-20 07:59:59.999000+00:00,4738127627.85,68189296.29,451600.0,0.0
2015-11-20 11:59:59.999000+00:00,4738127627.85,68447690.42,451600.0,0.0
2015-11-20 19:59:59.999000+00:00,4763960615.05,70365249.37,451600.0,0.0
2015-11-21 03:59:59.999000+00:00,4763960615.05,69053502.49,451600.0,0.0
2015-11-21 07:59:59.999000+00:00,4854596214.12,69053502.49,451600.0,0.0
2015-11-21 11:59:59.999000+00:00,4854596214.12,71046602.03,451600.0,0.0
2015-11-21 19:59:59.999000+00:00,4831170814.93,73280040.12,451600.0,0.0
2015-11-22 03:59:59.999000+00:00,4831170814.93,72787759.55,451600.0,0.0
2015-11-22 07:59:59.999000+00:00,4849793431.35,72787759.55,451600.0,0.0
2015-11-22 11:59:59.999000+00:00,4849793431.35,72138896.84,451600.0,0.0
2015-11-22 19:59:59.999000+00:00,4791665462.5,73263269.87,451600.0,0.0
2015-11-23 03:59:59.999000+00:00,4801323995.6,72266229.19,451600.0,0.0
2015-11-23 11:59:59.999000+00:00,4801323995.6,71906125.96,451600.0,0.0
2015-11-23 15:59:59.999000+00:00,4820273634.05,71906125.96,451600.0,0.0
2015-11-23 19:59:59.999000+00:00,4820273634.05,70862391.88,451600.0,0.0
2015-11-24 03:59:59.999000+00:00,4772724524.1,70613286.89,451600.0,0.0
2015-11-24 15:59:59.999000+00:00,4781257455.15,69696489.45,451600.0,0.0
2015-11-24 23:59:59.999000+00:00,4781257455.15,67487355.73,451600.0,0.0
2015-11-25 03:59:59.999000+00:00,4738272691.5,67487355.73,451600.0,0.0
2015-11-25 07:59:59.999000+00:00,4738272691.5,65258667.58,451600.0,0.0
2015-11-25 15:59:59.999000+00:00,4836816522.12,66694302.05,451600.0,0.0
2015-11-25 23:59:59.999000+00:00,4836816522.12,64760707.33,451600.0,0.0
2015-11-26 03:59:59.999000+00:00,4942105115.4,64760707.33,451600.0,0.0
2015-11-26 07:59:59.999000+00:00,4942105115.4,63860689.98,451600.0,0.0
2015-11-26 11:59:59.999000+00:00,5278448645.6,63860689.98,451600.0,0.0
2015-11-26 15:59:59.999000+00:00,5278448645.6,65619179.96,451600.0,0.0
2015-11-26 23:59:59.999000+00:00,5250750574.9,66330891.86,451600.0,0.0
2015-11-27 07:59:59.999000+00:00,5250750574.9,65711334.9,451600.0,0.0
2015-11-27 11:59:59.999000+00:00,5307210219.5,65711334.9,451600.0,0.0
2015-11-27 15:59:59.999000+00:00,5307210219.5,65344393.79,451600.0,0.0
2015-11-27 23:59:59.999000+00:00,5331719785.65,65135634.94,451600.0,0.0
2015-11-28 07:59:59.999000+00:00,5331719785.65,65860793.27,451600.0,0.0
2015-11-28 11:59:59.999000+00:00,5290847694.15,65860793.27,451600.0,0.0
2015-11-28 15:59:59.999000+00:00,5290847694.15,68778111.83,451600.0,0.0
2015-11-28 23:59:59.999000+00:00,5323252536.67,68742122.28,451600.0,0.0
2015-11-29 07:59:59.999000+00:00,5309231772.0,67559382.5,451600.0,0.0
2015-11-29 15:59:59.999000+00:00,5309231772.0,65278468.22,451600.0,0.0
2015-11-29 19:59:59.999000+00:00,5419935363.6,65278468.22,451600.0,0.0
2015-11-29 23:59:59.999000+00:00,5419935363.6,65980041.55,451600.0,0.0
2015-11-30 07:59:59.999000+00:00,5640208146.0,65980041.55,451600.0,0.0
2015-11-30 11:59:59.999000+00:00,5640208146.0,64878062.14,451600.0,0.0
2015-11-30 19:59:59.999000+00:00,5607831228.0,65971366.1,451600.0,0.0
2015-12-01 03:59:59.999000+00:00,5607831228.0,65460236.78,451600.0,0.0
2015-12-01 07:59:59.999000+00:00,5637588986.02,65460236.78,451600.0,0.0
2015-12-01 11:59:59.999000+00:00,5637588986.02,65162039.58,451600.0,0.0
2015-12-01 19:59:59.999000+00:00,5390653468.75,66060836.7,451598.65,0.0
2015-12-02 03:59:59.999000+00:00,5390653468.75,63490068.59,451598.65,0.0
2015-12-02 07:59:59.999000+00:00,5289690923.22,63490068.59,951600.0,0.0
2015-12-02 11:59:59.999000+00:00,5289690923.22,63554189.64,951600.0,0.0
2015-12-02 15:59:59.999000+00:00,5352931453.65,63554189.64,951600.0,0.0
2015-12-02 19:59:59.999000+00:00,5352931453.65,62709210.69,951600.0,0.0
2015-12-03 03:59:59.999000+00:00,5470542948.0,60615816.66,951600.0,0.0
2015-12-03 11:59:59.999000+00:00,5470542948.0,60330355.43,951600.0,0.0
2015-12-03 15:59:59.999000+00:00,5363222697.0,60330355.43,951600.0,0.0
2015-12-03 19:59:59.999000+00:00,5363222697.0,62173716.96,951600.0,0.0
2015-12-04 03:59:59.999000+00:00,5346183535.2,61934686.02,951600.0,0.0
2015-12-04 11:59:59.999000+00:00,5346183535.2,62468456.95,951600.0,0.0
2015-12-04 15:59:59.999000+00:00,5400944894.4,62468456.95,951600.0,0.0
2015-12-04 19:59:59.999000+00:00,5400944894.4,60875387.41,951600.0,0.0
2015-12-05 03:59:59.999000+00:00,5525917345.85,62665565.18,951600.0,0.0
2015-12-05 11:59:59.999000+00:00,5525917345.85,64588415.19,951600.0,0.0
2015-12-05 15:59:59.999000+00:00,5641551039.02,64588415.19,951600.0,0.0
2015-12-05 19:59:59.999000+00:00,5641551039.02,64804061.04,951600.0,0.0
2015-12-05 23:59:59.999000+00:00,5804247032.1,64804061.04,951600.0,0.0
2015-12-06 07:59:59.999000+00:00,5804247032.1,65257202.11,951600.0,0.0
2015-12-06 11:59:59.999000+00:00,5868530019.95,65257202.11,951600.0,0.0
2015-12-06 15:59:59.999000+00:00,5868530019.95,65136810.11,951600.0,0.0
2015-12-06 23:59:59.999000+00:00,5803305523.55,62889050.42,951600.0,0.0
2015-12-07 07:59:59.999000+00:00,5803305523.55,61829050.68,951600.0,0.0
2015-12-07 11:59:59.999000+00:00,5910088154.07,61829050.68,951600.0,0.0
2015-12-07 15:59:59.999000+00:00,5910088154.07,59768202.75,951600.0,0.0
2015-12-07 23:59:59.999000+00:00,5905560136.4,61084950.78,951600.0,0.0
2015-12-08 07:59:59.999000+00:00,5905560136.4,59816552.55,951600.0,0.0
2015-12-08 11:59:59.999000+00:00,5911657116.75,59816552.55,951600.0,0.0
2015-12-08 15:59:59.999000+00:00,5911657116.75,59192887.28,951600.0,0.0
2015-12-08 23:59:59.999000+00:00,6206381459.62,61922409.11,951752.26,0.0
2015-12-09 07:59:59.999000+00:00,6202060864.0,58769506.77,951723.71,0.0
2015-12-09 15:59:59.999000+00:00,6202060864.0,60096487.95,951723.71,0.0
2015-12-09 19:59:59.999000+00:00,6180627400.48,60096487.95,951723.71,0.0
2015-12-09 23:59:59.999000+00:00,6180627400.48,59687098.4,951723.71,0.0
2015-12-10 07:59:59.999000+00:00,6181116997.0,59801280.31,951638.07,0.0
2015-12-10 15:59:59.999000+00:00,6181116997.0,63303054.79,951638.07,0.0
2015-12-10 19:59:59.999000+00:00,6208221858.32,63303054.79,951600.0,0.0
2015-12-10 23:59:59.999000+00:00,6208221858.32,63342630.28,951600.0,0.0
2015-12-11 07:59:59.999000+00:00,6279416467.3,63167381.22,951600.0,0.0
2015-12-11 19:59:59.999000+00:00,6635287880.18,68337705.01,951600.0,0.0
2015-12-12 03:59:59.999000+00:00,6635287880.18,75044100.1,951600.0,0.0
2015-12-12 07:59:59.999000+00:00,6382674043.2,75044100.1,951600.0,0.0
2015-12-12 11:59:59.999000+00:00,6382674043.2,71786626.88,951600.0,0.0
2015-12-12 15:59:59.999000+00:00,6339661378.75,71786626.88,951600.0,0.0
2015-12-12 19:59:59.999000+00:00,6339661378.75,73914569.54,951600.0,0.0
2015-12-13 03:59:59.999000+00:00,6515958796.88,73541453.05,951600.0,0.0
2015-12-13 11:59:59.999000+00:00,6515958796.88,73072928.91,951600.0,0.0
2015-12-13 15:59:59.999000+00:00,6547951930.0,73072928.91,951600.0,0.0
2015-12-13 19:59:59.999000+00:00,6547951930.0,71018217.34,951600.0,0.0
2015-12-14 03:59:59.999000+00:00,6541846655.4,73164289.17,951600.0,0.0
2015-12-14 11:59:59.999000+00:00,6541846655.4,73637469.51,951600.0,0.0
2015-12-14 15:59:59.999000+00:00,6626913947.18,73637469.51,951600.0,0.0
2015-12-14 19:59:59.999000+00:00,6626913947.18,75383193.91,951600.0,0.0
2015-12-15 03:59:59.999000+00:00,6779939240.1,74884768.53,951600.0,0.0
2015-12-15 11:59:59.999000+00:00,6779939240.1,76956895.52,951600.0,0.0
2015-12-15 15:59:59.999000+00:00,6881265469.75,76956895.52,951600.0,0.0
2015-12-15 19:59:59.999000+00:00,6881265469.75,75703429.0,951600.0,0.0
2015-12-15 23:59:59.999000+00:00,6963784691.55,75703429.0,951600.0,0.0
2015-12-16 03:59:59.999000+00:00,6963784691.55,75693300.01,951600.0,0.0
2015-12-16 11:59:59.999000+00:00,6881075329.65,75746142.88,951600.0,0.0
2015-12-16 19:59:59.999000+00:00,6881075329.65,74457890.98,951600.0,0.0
2015-12-16 23:59:59.999000+00:00,6810202753.1,74457890.98,951600.0,0.0
2015-12-17 03:59:59.999000+00:00,6810202753.1,74090946.96,951600.0,0.0
2015-12-17 11:59:59.999000+00:00,6839442533.88,74090946.96,951600.0,0.0
2015-12-17 15:59:59.999000+00:00,6839442533.88,71008090.22,951600.0,0.0
2015-12-17 23:59:59.999000+00:00,6829095334.95,71008090.22,951600.0,0.0
2015-12-18 03:59:59.999000+00:00,6829095334.95,69308743.52,951600.0,0.0
2015-12-18 11:59:59.999000+00:00,6871664310.3,70160556.4,951600.0,0.0
2015-12-18 19:59:59.999000+00:00,6871664310.3,69317328.33,951600.0,0.0
2015-12-18 23:59:59.999000+00:00,6943912953.6,69317328.33,951600.0,0.0
2015-12-19 03:59:59.999000+00:00,6943912953.6,68927628.17,951600.0,0.0
2015-12-19 07:59:59.999000+00:00,6948967806.0,68927628.17,951600.0,0.0
2015-12-19 11:59:59.999000+00:00,6948967806.0,67401872.31,951600.0,0.0
2015-12-19 19:59:59.999000+00:00,6910267439.7,68825548.89,951600.0,0.0
2015-12-20 03:59:59.999000+00:00,6910267439.7,69730027.05,951600.0,0.0
2015-12-20 07:59:59.999000+00:00,6899030702.55,69730027.05,951600.0,0.0
2015-12-20 11:59:59.999000+00:00,6899030702.55,69132743.45,951600.0,0.0
2015-12-20 19:59:59.999000+00:00,6600311149.43,68844031.6,951600.0,0.0
2015-12-21 03:59:59.999000+00:00,6600311149.43,68918042.92,951600.0,0.0
2015-12-21 07:59:59.999000+00:00,6535092251.25,68918042.92,951600.0,0.0
2015-12-21 11:59:59.999000+00:00,6535092251.25,68832326.85,951600.0,0.0
2015-12-21 19:59:59.999000+00:00,6551224438.68,68013257.5,951462.97,0.0
2015-12-22 03:59:59.999000+00:00,6581689280.0,67819593.84,951474.39,0.0
2015-12-22 11:59:59.999000+00:00,6581689280.0,68100231.59,951474.39,0.0
2015-12-22 15:59:59.999000+00:00,6562226124.48,68100231.59,951105.17,0.0
2015-12-22 19:59:59.999000+00:00,6562226124.48,67857187.75,951105.17,0.0
2015-12-23 03:59:59.999000+00:00,6577770895.25,66427121.19,951530.54,0.0
2015-12-23 15:59:59.999000+00:00,6599927538.3,65046808.76,951600.0,0.0
2015-12-23 23:59:59.999000+00:00,6599927538.3,64957356.06,951600.0,0.0
2015-12-24 03:59:59.999000+00:00,6830984363.62,64957356.06,951600.0,0.0
2015-12-24 07:59:59.999000+00:00,6830984363.62,64799938.89,951600.0,0.0
2015-12-24 15:59:59.999000+00:00,6833016114.5,66460898.86,951600.0,0.0
2015-12-24 23:59:59.999000+00:00,6833016114.5,65371538.35,951600.0,0.0
2015-12-25 03:59:59.999000+00:00,6849862945.2,65371538.35,951600.0,0.0
2015-12-25 07:59:59.999000+00:00,6849862945.2,66138946.52,951600.0,0.0
2015-12-25 11:59:59.999000+00:00,6798037512.0,66138946.52,951600.0,0.0
2015-12-25 15:59:59.999000+00:00,6798037512.0,65601333.03,951600.0,0.0
2015-12-25 23:59:59.999000+00:00,6836936569.1,65931377.22,951600.0,0.0
2015-12-26 07:59:59.999000+00:00,6836936569.1,67803969.45,951600.0,0.0
2015-12-26 11:59:59.999000+00:00,6340569181.75,67803969.45,951600.0,0.0
2015-12-26 15:59:59.999000+00:00,6340569181.75,64796755.55,951600.0,0.0
2015-12-26 23:59:59.999000+00:00,6262844602.3,64758910.12,951600.0,0.0
2015-12-27 07:59:59.999000+00:00,6262844602.3,64601805.41,951600.0,0.0
2015-12-27 11:59:59.999000+00:00,6354934710.75,64601805.41,951600.0,0.0
2015-12-27 15:59:59.999000+00:00,6354934710.75,64163105.58,951600.0,0.0
2015-12-27 23:59:59.999000+00:00,6348296233.72,64913918.97,951600.0,0.0
2015-12-28 07:59:59.999000+00:00,6348296233.72,65735728.7,951600.0,0.0
2015-12-28 11:59:59.999000+00:00,6396213444.85,65735728.7,951600.0,0.0
2015-12-28 15:59:59.999000+00:00,6396213444.85,63720588.71,951600.0,0.0
2015-12-28 19:59:59.999000+00:00,6311008334.4,63720588.71,951600.0,0.0
2015-12-29 03:59:59.999000+00:00,6311008334.4,64083721.8,951600.0,0.0
2015-12-29 07:59:59.999000+00:00,6357802136.4,64083721.8,951600.0,0.0
2015-12-29 11:59:59.999000+00:00,6357802136.4,63597358.35,951600.0,0.0
2015-12-29 19:59:59.999000+00:00,6457613752.62,65144154.6,951600.0,0.0
2015-12-30 03:59:59.999000+00:00,6457613752.62,66836637.38,951600.0,0.0
2015-12-30 07:59:59.999000+00:00,6500864945.23,66836637.38,951600.0,0.0
2015-12-30 11:59:59.999000+00:00,6500864945.23,67620600.08,951600.0,0.0
2015-12-30 19:59:59.999000+00:00,6405349335.0,67289016.45,951600.0,0.0
2015-12-31 03:59:59.999000+00:00,6405349335.0,72326612.02,951600.0,0.0
2015-12-31 07:59:59.999000+00:00,6325886187.25,72326612.02,951600.0,0.0
2015-12-31 11:59:59.999000+00:00,6325886187.25,72602807.56,951600.0,0.0
2015-12-31 19:59:59.999000+00:00,6471375696.3,71663773.44,951600.0,0.0
2016-01-01 03:59:59.999000+00:00,6510453146.1,71513936.81,951600.0,0.0
2016-01-01 11:59:59.999000+00:00,6510453146.1,71132252.49,951600.0,0.0
2016-01-01 15:59:59.999000+00:00,6498530383.73,71132252.49,951600.0,0.0
2016-01-01 19:59:59.999000+00:00,6498530383.73,71792310.37,951600.0,0.0
2016-01-02 03:59:59.999000+00:00,6516963866.6,72648345.49,951600.0,0.0
2016-01-02 11:59:59.999000+00:00,6516963866.6,72938205.16,951600.0,0.0
2016-01-02 15:59:59.999000+00:00,6504530067.3,72938205.16,951600.0,0.0
2016-01-02 19:59:59.999000+00:00,6504530067.3,72184667.78,951600.0,0.0
2016-01-03 03:59:59.999000+00:00,6502242235.25,72145720.13,951600.0,0.0
2016-01-03 11:59:59.999000+00:00,6502242235.25,75110334.92,951600.0,0.0
2016-01-03 15:59:59.999000+00:00,6440262868.88,75110334.92,951600.0,0.0
2016-01-03 23:59:59.999000+00:00,6440262868.88,73843291.67,951600.0,0.0
2016-01-04 03:59:59.999000+00:00,6481087224.15,73843291.67,951600.0,0.0
2016-01-04 07:59:59.999000+00:00,6481087224.15,73346327.77,951600.0,0.0
2016-01-04 11:59:59.999000+00:00,6488118321.28,73346327.77,951600.0,0.0
2016-01-04 15:59:59.999000+00:00,6488118321.28,72092206.11,951600.0,0.0
2016-01-04 23:59:59.999000+00:00,6515713340.43,72543706.62,951600.0,0.0
2016-01-05 07:59:59.999000+00:00,6515713340.43,72850721.72,951600.0,0.0
2016-01-05 11:59:59.999000+00:00,6485419699.2,72850721.72,951609.52,0.0
2016-01-05 15:59:59.999000+00:00,6485419699.2,72851614.05,951609.52,0.0
2016-01-05 23:59:59.999000+00:00,6500393256.0,72240974.34,951837.9,0.0
2016-01-06 07:59:59.999000+00:00,6500393256.0,72012647.27,951837.9,0.0
2016-01-06 11:59:59.999000+00:00,6483137930.65,72012647.27,1451600.0,0.0
2016-01-06 15:59:59.999000+00:00,6483137930.65,72012292.79,1451600.0,0.0
2016-01-06 23:59:59.999000+00:00,6458942098.12,72317149.07,1451600.0,0.0
2016-01-07 07:59:59.999000+00:00,6458942098.12,72498596.81,1451600.0,0.0
2016-01-07 11:59:59.999000+00:00,6767225244.3,72498596.81,1451600.0,0.0
2016-01-07 15:59:59.999000+00:00,6767225244.3,72563047.12,1451600.0,0.0
2016-01-07 19:59:59.999000+00:00,6842245257.9,72563047.12,1451600.0,0.0
2016-01-07 23:59:59.999000+00:00,6842245257.9,71667152.12,1451600.0,0.0
2016-01-08 07:59:59.999000+00:00,6811263747.18,73566653.09,1451600.0,0.0
2016-01-08 15:59:59.999000+00:00,6811263747.18,73513687.41,1451600.0,0.0
2016-01-08 19:59:59.999000+00:00,6791815734.42,73513687.41,1451600.0,0.0
2016-01-08 23:59:59.999000+00:00,6791815734.42,75099809.24,1451600.0,0.0
2016-01-09 07:59:59.999000+00:00,6782054556.27,74644929.74,1451600.0,0.0
2016-01-09 19:59:59.999000+00:00,6795032075.0,74582687.11,1451600.0,0.0
2016-01-10 03:59:59.999000+00:00,6795032075.0,74401597.1,1451600.0,0.0
2016-01-10 07:59:59.999000+00:00,6708152328.07,74401597.1,1451600.0,0.0
2016-01-10 11:59:59.999000+00:00,6708152328.07,75595323.67,1451600.0,0.0
2016-01-10 19:59:59.999000+00:00,6708381804.4,75873437.91,1451600.0,0.0
2016-01-11 03:59:59.999000+00:00,6775576124.9,80939529.4,1451600.0,0.0
2016-01-11 11:59:59.999000+00:00,6775576124.9,77742687.78,1451600.0,0.0
2016-01-11 15:59:59.999000+00:00,6730048267.43,77742687.78,1451600.0,0.0
2016-01-11 19:59:59.999000+00:00,6730048267.43,79264420.93,1451600.0,0.0
2016-01-12 03:59:59.999000+00:00,6728812717.2,81145639.91,1451600.0,0.0
2016-01-12 11:59:59.999000+00:00,6728812717.2,86488486.78,1451600.0,0.0
2016-01-12 15:59:59.999000+00:00,6726333521.25,86488486.78,1451600.0,0.0
2016-01-12 19:59:59.999000+00:00,6726333521.25,86150550.4,1451600.0,0.0
2016-01-13 03:59:59.999000+00:00,6495389152.2,86888859.31,1451600.0,0.0
2016-01-13 11:59:59.999000+00:00,6495389152.2,82432367.73,1451600.0,0.0
2016-01-13 15:59:59.999000+00:00,6475434545.97,82432367.73,1451600.0,0.0
2016-01-13 19:59:59.999000+00:00,6475434545.97,82219253.55,1451600.0,0.0
2016-01-13 23:59:59.999000+00:00,6520360056.22,82219253.55,1452253.22,0.0
2016-01-14 03:59:59.999000+00:00,6520360056.22,86021789.64,1452253.22,0.0
2016-01-14 11:59:59.999000+00:00,6480418460.95,84536927.39,1454343.53,0.0
2016-01-14 19:59:59.999000+00:00,6480418460.95,87428955.63,1454343.53,0.0
2016-01-14 23:59:59.999000+00:00,6490638885.15,87428955.63,1451600.0,0.0
2016-01-15 07:59:59.999000+00:00,6490638885.15,96419137.21,1451600.0,0.0
2016-01-15 11:59:59.999000+00:00,6099177921.4,96419137.21,1451600.0,0.0
2016-01-15 15:59:59.999000+00:00,6099177921.4,99152980.7,1451600.0,0.0
2016-01-15 23:59:59.999000+00:00,5496598039.07,92149709.35,1451600.0,0.0
2016-01-16 07:59:59.999000+00:00,5496598039.07,93271972.45,1451600.0,0.0
2016-01-16 11:59:59.999000+00:00,5583047756.62,93271972.45,1451591.3,0.0
2016-01-16 15:59:59.999000+00:00,5583047756.62,94878793.95,1451591.3,0.0
2016-01-16 23:59:59.999000+00:00,5848063566.0,93117298.09,1452195.16,0.0
2016-01-17 07:59:59.999000+00:00,5749983839.25,95197830.92,1451600.0,0.0
2016-01-17 15:59:59.999000+00:00,5749983839.25,94211533.96,1451600.0,0.0
2016-01-17 19:59:59.999000+00:00,5837060913.75,94211533.96,1451600.0,0.0
2016-01-17 23:59:59.999000+00:00,5837060913.75,101329330.11,1451600.0,0.0
2016-01-18 07:59:59.999000+00:00,5686097173.5,106315143.54,1451600.0,0.0
2016-01-18 15:59:59.999000+00:00,5686097173.5,116390720.37,1451600.0,0.0
2016-01-18 19:59:59.999000+00:00,5832463757.4,116390720.37,1451600.0,0.0
2016-01-18 23:59:59.999000+00:00,5832463757.4,108912541.75,1451600.0,0.0
2016-01-19 07:59:59.999000+00:00,5818419465.6,106069132.55,1451600.0,0.0
2016-01-19 15:59:59.999000+00:00,5818419465.6,100412446.45,1451600.0,0.0
2016-01-19 19:59:59.999000+00:00,5730847128.23,100412446.45,1451600.0,0.0
2016-01-19 23:59:59.999000+00:00,5730847128.23,104750745.92,1451600.0,0.0
2016-01-20 07:59:59.999000+00:00,5739654481.6,105209835.98,1451600.0,0.0
2016-01-20 15:59:59.999000+00:00,6238399404.65,121961862.64,1451600.0,0.0
2016-01-21 03:59:59.999000+00:00,6317639433.0,118254966.3,1451600.0,0.0
2016-01-21 11:59:59.999000+00:00,6317639433.0,115719122.53,1451600.0,0.0
2016-01-21 15:59:59.999000+00:00,6289756851.95,115719122.53,1451600.0,0.0
2016-01-21 19:59:59.999000+00:00,6289756851.95,115156847.49,1451600.0,0.0
2016-01-22 03:59:59.999000+00:00,6109703068.23,119400834.71,1451600.0,0.0
2016-01-22 11:59:59.999000+00:00,6109703068.23,115528875.96,1451600.0,0.0
2016-01-22 15:59:59.999000+00:00,5985607847.98,115528875.96,1451600.0,0.0
2016-01-22 19:59:59.999000+00:00,5985607847.98,113813158.53,1451600.0,0.0
2016-01-23 03:59:59.999000+00:00,5873767853.18,116830939.41,1451788.71,0.0
2016-01-23 11:59:59.999000+00:00,5873767853.18,134596746.91,1451788.71,0.0
2016-01-23 15:59:59.999000+00:00,5816367460.8,134596746.91,1451919.36,0.0
2016-01-23 19:59:59.999000+00:00,5816367460.8,141070141.35,1451919.36,0.0
2016-01-23 23:59:59.999000+00:00,5858059876.18,141070141.35,1451817.74,0.0
2016-01-24 03:59:59.999000+00:00,5858059876.18,162346909.83,1451817.74,0.0
2016-01-24 11:59:59.999000+00:00,6051836248.23,172888871.5,1451629.04,0.0
2016-01-24 19:59:59.999000+00:00,6051836248.23,171387725.33,1451629.04,0.0
2016-01-24 23:59:59.999000+00:00,6093787907.65,171387725.33,1451614.52,0.0
2016-01-25 03:59:59.999000+00:00,6093787907.65,161812761.54,1451614.52,0.0
2016-01-25 11:59:59.999000+00:00,6017238181.57,172488617.37,1451614.52,0.0
2016-01-25 19:59:59.999000+00:00,6017238181.57,184913664.88,1451614.52,0.0
2016-01-25 23:59:59.999000+00:00,5925345407.5,184913664.88,1451614.52,0.0
2016-01-26 03:59:59.999000+00:00,5925345407.5,200146440.81,1451614.52,0.0
2016-01-26 11:59:59.999000+00:00,5982364610.0,210186502.55,1451614.52,0.0
2016-01-26 23:59:59.999000+00:00,5933372928.25,174275655.9,1451600.0,0.0
2016-01-27 07:59:59.999000+00:00,5990418860.8,178652468.28,1451600.0,0.0
2016-01-27 15:59:59.999000+00:00,5990418860.8,193339813.63,1451600.0,0.0
2016-01-27 19:59:59.999000+00:00,5973823453.35,193339813.63,1451600.0,0.0
2016-01-27 23:59:59.999000+00:00,5973823453.35,182923579.84,1451600.0,0.0
2016-01-28 07:59:59.999000+00:00,5782061363.62,185782360.57,1451494.04,0.0
2016-01-28 15:59:59.999000+00:00,5782061363.62,194666400.25,1451494.04,0.0
2016-01-28 19:59:59.999000+00:00,5797103058.25,194666400.25,1451598.55,0.0
2016-01-28 23:59:59.999000+00:00,5797103058.25,193551355.75,1451598.55,0.0
2016-01-29 07:59:59.999000+00:00,5681014431.8,198086010.24,1451600.0,0.0
2016-01-29 15:59:59.999000+00:00,5681014431.8,186829256.63,1451600.0,0.0
2016-01-29 19:59:59.999000+00:00,5719315597.8,186829256.63,1451566.62,0.0
2016-01-29 23:59:59.999000+00:00,5719315597.8,191198054.83,1451566.62,0.0
2016-01-30 07:59:59.999000+00:00,5750083684.85,196180949.54,1451586.94,0.0
2016-01-30 15:59:59.999000+00:00,5741819790.0,191755790.6,1451600.0,0.0
2016-01-30 23:59:59.999000+00:00,5741819790.0,187435391.2,1451600.0,0.0
2016-01-31 03:59:59.999000+00:00,5748411832.65,187435391.2,1451600.0,0.0
2016-01-31 07:59:59.999000+00:00,5748411832.65,188062901.2,1451600.0,0.0
2016-01-31 15:59:59.999000+00:00,5734954920.27,172729021.66,1451600.0,0.0
2016-01-31 23:59:59.999000+00:00,5734954920.27,176834423.91,1451600.0,0.0
2016-02-01 03:59:59.999000+00:00,5660461953.9,176834423.91,1451600.0,0.0
2016-02-01 11:59:59.999000+00:00,5660461953.9,174154239.06,1451600.0,0.0
2016-02-01 15:59:59.999000+00:00,5684109506.9,174154239.06,1451600.0,0.0
2016-02-01 19:59:59.999000+00:00,5684109506.9,167665509.11,1451600.0,0.0
2016-02-02 03:59:59.999000+00:00,5668821900.6,166162680.32,1451555.01,0.0
2016-02-02 11:59:59.999000+00:00,5666696556.3,166942786.04,1451560.81,0.0
2016-02-02 19:59:59.999000+00:00,5666696556.3,185258299.04,1451560.81,0.0
2016-02-02 23:59:59.999000+00:00,5676528706.8,185258299.04,1451600.0,0.0
2016-02-03 03:59:59.999000+00:00,5676528706.8,182376218.02,1451600.0,0.0
2016-02-03 11:59:59.999000+00:00,5653906417.12,186788472.37,1451600.0,0.0
2016-02-03 19:59:59.999000+00:00,5653906417.12,191116258.56,1451600.0,0.0
2016-02-03 23:59:59.999000+00:00,5609971377.07,191116258.56,1451600.0,0.0
2016-02-04 03:59:59.999000+00:00,5609971377.07,193634630.93,1451600.0,0.0
2016-02-04 11:59:59.999000+00:00,5685966349.5,189853977.27,1451600.0,0.0
2016-02-04 19:59:59.999000+00:00,5685966349.5,201025449.68,1451600.0,0.0
2016-02-04 23:59:59.999000+00:00,5909517629.6,201025449.68,1451600.0,0.0
2016-02-05 03:59:59.999000+00:00,5909517629.6,196365678.13,1451600.0,0.0
2016-02-05 11:59:59.999000+00:00,5921449349.25,192267601.62,1451600.0,0.0
2016-02-05 19:59:59.999000+00:00,5868127106.9,194951092.07,1451600.0,0.0
2016-02-06 03:59:59.999000+00:00,5868127106.9,194904697.36,1451600.0,0.0
2016-02-06 07:59:59.999000+00:00,5701894247.5,194904697.36,1451600.0,0.0
2016-02-06 11:59:59.999000+00:00,5701894247.5,191236852.43,1451600.0,0.0
2016-02-06 19:59:59.999000+00:00,5701590548.75,194087444.22,1451600.0,0.0
2016-02-07 07:59:59.999000+00:00,5728523407.2,197842226.05,1451600.0,0.0
2016-02-07 15:59:59.999000+00:00,5728523407.2,212299052.97,1451600.0,0.0
2016-02-07 19:59:59.999000+00:00,5717006779.25,212299052.97,1451600.0,0.0
2016-02-07 23:59:59.999000+00:00,5717006779.25,227838892.27,1451600.0,0.0
2016-02-08 07:59:59.999000+00:00,5764795344.0,236627225.92,1451600.0,0.0
2016-02-08 15:59:59.999000+00:00,5764795344.0,249054347.9,1451600.0,0.0
2016-02-08 19:59:59.999000+00:00,5687265355.2,249054347.9,1451600.0,0.0
2016-02-08 23:59:59.999000+00:00,5687265355.2,244479014.29,1451600.0,0.0
2016-02-09 03:59:59.999000+00:00,5678928638.4,244479014.29,1451600.0,0.0
2016-02-09 07:59:59.999000+00:00,5678928638.4,262342581.25,1451600.0,0.0
2016-02-09 15:59:59.999000+00:00,5708386353.0,284413034.87,1451600.0,0.0
2016-02-09 23:59:59.999000+00:00,5708386353.0,311075408.08,1451600.0,0.0
2016-02-10 03:59:59.999000+00:00,5724552179.0,311075408.08,1451600.0,0.0
2016-02-10 07:59:59.999000+00:00,5724552179.0,362197594.68,1451600.0,0.0
2016-02-10 15:59:59.999000+00:00,5820168428.23,328758520.11,1451600.0,0.0
2016-02-10 23:59:59.999000+00:00,5820168428.23,341305129.29,1451600.0,0.0
2016-02-11 03:59:59.999000+00:00,5804280270.82,341305129.29,1451600.0,0.0
2016-02-11 07:59:59.999000+00:00,5804280270.82,343758873.77,1451600.0,0.0
2016-02-11 15:59:59.999000+00:00,5768102649.73,391963020.84,1451600.0,0.0
2016-02-11 23:59:59.999000+00:00,5768102649.73,462770854.84,1451600.0,0.0
2016-02-12 03:59:59.999000+00:00,5778557440.5,462770854.84,1451600.0,0.0
2016-02-12 07:59:59.999000+00:00,5778557440.5,423658513.59,1451600.0,0.0
2016-02-12 11:59:59.999000+00:00,5815792087.62,423658513.59,1451600.0,0.0
2016-02-12 15:59:59.999000+00:00,5815792087.62,439352986.3,1451600.0,0.0
2016-02-12 23:59:59.999000+00:00,5842238586.25,439352986.3,1451600.0,0.0
2016-02-13 03:59:59.999000+00:00,5842238586.25,427097866.42,1451600.0,0.0
2016-02-13 11:59:59.999000+00:00,5933357665.5,390150489.98,1451600.0,0.0
2016-02-13 19:59:59.999000+00:00,5933357665.5,355080713.42,1451600.0,0.0
2016-02-13 23:59:59.999000+00:00,5959279525.5,355080713.42,1451600.0,0.0
2016-02-14 03:59:59.999000+00:00,5959279525.5,381993407.78,1451600.0,0.0
2016-02-14 11:59:59.999000+00:00,6079054193.45,376694212.4,1451658.07,0.0
2016-02-14 19:59:59.999000+00:00,6079054193.45,376106127.66,1451658.07,0.0
2016-02-14 23:59:59.999000+00:00,6194711494.75,376106127.66,1452891.93,0.0
2016-02-15 03:59:59.999000+00:00,6194711494.75,440582264.0,1452891.93,0.0
2016-02-15 11:59:59.999000+00:00,6117854753.6,436708821.41,1451687.1,0.0
2016-02-15 19:59:59.999000+00:00,6115324471.8,393026225.28,1451614.52,0.0
2016-02-16 03:59:59.999000+00:00,6115324471.8,405617686.95,1451614.52,0.0
2016-02-16 07:59:59.999000+00:00,6118680720.1,405617686.95,1451614.52,0.0
2016-02-16 11:59:59.999000+00:00,6118680720.1,372371291.8,1451614.52,0.0
2016-02-16 19:59:59.999000+00:00,6209559228.95,340627142.39,1451614.52,0.0
2016-02-17 03:59:59.999000+00:00,6209559228.95,336542782.66,1451614.52,0.0
2016-02-17 07:59:59.999000+00:00,6283015941.5,336542782.66,1451614.52,0.0
2016-02-17 11:59:59.999000+00:00,6283015941.5,309148625.0,1451614.52,0.0
2016-02-17 19:59:59.999000+00:00,6394779548.55,307252062.51,1451600.0,0.0
2016-02-18 03:59:59.999000+00:00,6394779548.55,282549551.84,1451600.0,0.0
2016-02-18 07:59:59.999000+00:00,6407252109.27,282549551.84,1451600.0,0.0
2016-02-18 15:59:59.999000+00:00,6407252109.27,340584148.5,1451600.0,0.0
2016-02-18 19:59:59.999000+00:00,6403238470.9,340584148.5,1451600.0,0.0
2016-02-18 23:59:59.999000+00:00,6403238470.9,339328346.46,1451600.0,0.0
2016-02-19 03:59:59.999000+00:00,6437349829.2,339328346.46,1451600.0,0.0
2016-02-19 07:59:59.999000+00:00,6437349829.2,361701867.79,1451600.0,0.0
2016-02-19 15:59:59.999000+00:00,6414187456.5,337991161.29,1451600.0,0.0
2016-02-19 23:59:59.999000+00:00,6414187456.5,365577845.27,1451600.0,0.0
2016-02-20 03:59:59.999000+00:00,6431914383.65,365577845.27,1451600.0,0.0
2016-02-20 07:59:59.999000+00:00,6431914383.65,343461843.48,1451600.0,0.0
2016-02-20 15:59:59.999000+00:00,6565477991.38,327787706.75,1451600.0,0.0
2016-02-20 23:59:59.999000+00:00,6565477991.38,335088727.39,1451600.0,0.0
2016-02-21 03:59:59.999000+00:00,6704805852.68,335088727.39,1451600.0,0.0
2016-02-21 07:59:59.999000+00:00,6704805852.68,337589202.72,1451600.0,0.0
2016-02-21 15:59:59.999000+00:00,6584196391.32,344785033.67,1451600.0,0.0
2016-02-21 23:59:59.999000+00:00,6584196391.32,359310563.08,1451600.0,0.0
2016-02-22 03:59:59.999000+00:00,6643796361.9,359310563.08,1451600.0,0.0
2016-02-22 07:59:59.999000+00:00,6643796361.9,397803823.68,1451600.0,0.0
2016-02-22 11:59:59.999000+00:00,6663248764.8,397803823.68,1451600.0,0.0
2016-02-22 15:59:59.999000+00:00,6663248764.8,405825219.95,1451600.0,0.0
2016-02-22 23:59:59.999000+00:00,6671673493.2,433798973.55,1451600.0,0.0
2016-02-23 07:59:59.999000+00:00,6671673493.2,446420912.18,1451600.0,0.0
2016-02-23 11:59:59.999000+00:00,6457082088.6,446420912.18,1451600.0,0.0
2016-02-23 15:59:59.999000+00:00,6457082088.6,450361015.14,1451600.0,0.0
2016-02-23 23:59:59.999000+00:00,6413836323.2,431598156.71,1451600.0,0.0
2016-02-24 11:59:59.999000+00:00,6384564671.4,437152628.02,1451568.07,0.0
2016-02-24 19:59:59.999000+00:00,6384564671.4,473576173.36,1451568.07,0.0
2016-02-24 23:59:59.999000+00:00,6479395123.75,473576173.36,1451373.56,0.0
2016-02-25 03:59:59.999000+00:00,6479395123.75,502462954.12,1451373.56,0.0
2016-02-25 07:59:59.999000+00:00,6473056561.12,502462954.12,1451321.3,0.0
2016-02-25 11:59:59.999000+00:00,6473056561.12,510549387.09,1451321.3,0.0
2016-02-25 19:59:59.999000+00:00,6472911609.0,459752225.03,1451600.0,0.0
2016-02-26 03:59:59.999000+00:00,6472911609.0,450298040.47,1451600.0,0.0
2016-02-26 07:59:59.999000+00:00,6503412774.1,450298040.47,1451600.0,0.0
2016-02-26 11:59:59.999000+00:00,6503412774.1,478628235.98,1451600.0,0.0
2016-02-26 19:59:59.999000+00:00,6477650267.4,461604166.58,1451600.0,0.0
2016-02-27 03:59:59.999000+00:00,6477650267.4,465515518.23,1451600.0,0.0
2016-02-27 07:59:59.999000+00:00,6564017031.97,465515518.23,1451600.0,0.0
2016-02-27 11:59:59.999000+00:00,6564017031.97,480117297.33,1451600.0,0.0
2016-02-27 19:59:59.999000+00:00,6591103876.0,494058786.04,1451600.0,0.0
2016-02-28 03:59:59.999000+00:00,6591103876.0,491012145.29,1451600.0,0.0
2016-02-28 07:59:59.999000+00:00,6516598483.95,491012145.29,1451600.0,0.0
2016-02-28 11:59:59.999000+00:00,6516598483.95,505310659.82,1451600.0,0.0
2016-02-28 15:59:59.999000+00:00,6629712361.75,505310659.82,1451600.0,0.0
2016-02-28 19:59:59.999000+00:00,6629712361.75,510333352.11,1451600.0,0.0
2016-02-29 03:59:59.999000+00:00,6694995338.32,510980987.53,1451600.0,0.0
2016-02-29 11:59:59.999000+00:00,6694995338.32,491265929.3,1451600.0,0.0
2016-02-29 15:59:59.999000+00:00,6677771040.0,491265929.3,1451629.04,0.0
2016-02-29 19:59:59.999000+00:00,6677771040.0,493426607.86,1451629.04,0.0
2016-03-01 03:59:59.999000+00:00,6675346097.0,493426607.86,1451629.04,0.0
2016-03-01 07:59:59.999000+00:00,6675346097.0,488468429.01,1451629.04,0.0
2016-03-01 15:59:59.999000+00:00,6625689600.38,506103934.72,1451578.23,0.0
2016-03-01 23:59:59.999000+00:00,6625689600.38,592677992.72,1451578.23,0.0
2016-03-02 03:59:59.999000+00:00,6642640599.85,592677992.72,1451591.3,0.0
2016-03-02 07:59:59.999000+00:00,6642640599.85,576003443.49,1451591.3,0.0
2016-03-02 15:59:59.999000+00:00,6586164017.12,649664790.04,1451573.88,0.0
2016-03-02 23:59:59.999000+00:00,6475329603.6,655748795.66,1451544.84,0.0
2016-03-03 07:59:59.999000+00:00,6475329603.6,717372846.98,1451544.84,0.0
2016-03-03 11:59:59.999000+00:00,6461292067.38,717372846.98,1451598.55,0.0
2016-03-03 15:59:59.999000+00:00,6461292067.38,676259054.35,1451598.55,0.0
2016-03-03 23:59:59.999000+00:00,6441066887.07,720179291.0,1451598.55,0.0
2016-03-04 07:59:59.999000+00:00,6441066887.07,703638665.2,1451598.55,0.0
2016-03-04 11:59:59.999000+00:00,6431400061.9,703638665.2,1451600.0,0.0
2016-03-04 15:59:59.999000+00:00,6431400061.9,731885332.99,1451600.0,0.0
2016-03-04 23:59:59.999000+00:00,6279024638.3,806593727.42,1451600.0,0.0
2016-03-05 07:59:59.999000+00:00,6279024638.3,809944292.1,1451600.0,0.0
2016-03-05 11:59:59.999000+00:00,6232045358.7,809944292.1,1451600.0,0.0
2016-03-05 15:59:59.999000+00:00,6232045358.7,924522058.46,1451600.0,0.0
2016-03-05 23:59:59.999000+00:00,6122091566.5,853205226.21,1451600.0,0.0
2016-03-06 07:59:59.999000+00:00,6155311604.75,889844085.11,1451600.0,0.0
2016-03-06 19:59:59.999000+00:00,6279673422.75,828824419.09,1451597.1,0.0
2016-03-07 03:59:59.999000+00:00,6279673422.75,837138075.52,1451597.1,0.0
2016-03-07 07:59:59.999000+00:00,6256777816.8,837138075.52,1451597.1,0.0
2016-03-07 11:59:59.999000+00:00,6256777816.8,752168804.76,1451597.1,0.0
2016-03-07 19:59:59.999000+00:00,6340116415.5,734316204.73,1451597.1,0.0
2016-03-08 03:59:59.999000+00:00,6340116415.5,713380927.82,1451597.1,0.0
2016-03-08 07:59:59.999000+00:00,6340901680.62,713380927.82,1451597.1,0.0
2016-03-08 11:59:59.999000+00:00,6340901680.62,734374238.59,1451597.1,0.0
2016-03-08 19:59:59.999000+00:00,6313473364.8,771226999.11,1451598.55,0.0
2016-03-09 03:59:59.999000+00:00,6313473364.8,779492414.33,1451598.55,0.0
2016-03-09 07:59:59.999000+00:00,6296531929.65,779492414.33,1451588.39,0.0
2016-03-09 11:59:59.999000+00:00,6296531929.65,809275746.12,1451588.39,0.0
2016-03-09 15:59:59.999000+00:00,6341494223.7,809275746.12,1451530.33,0.0
2016-03-09 19:59:59.999000+00:00,6341494223.7,838684791.92,1451530.33,0.0
2016-03-10 03:59:59.999000+00:00,6328794423.07,922822295.99,1451549.2,0.0
2016-03-10 11:59:59.999000+00:00,6328794423.07,909800615.74,1451549.2,0.0
2016-03-10 15:59:59.999000+00:00,6366491486.1,909800615.74,1451591.3,0.0
2016-03-10 19:59:59.999000+00:00,6366491486.1,886573992.2,1451591.3,0.0
2016-03-11 03:59:59.999000+00:00,6399053232.6,849488724.22,1451591.3,0.0
2016-03-11 11:59:59.999000+00:00,6399053232.6,867322956.45,1451591.3,0.0
2016-03-11 15:59:59.999000+00:00,6451553031.55,867322956.45,1451591.3,0.0
2016-03-11 19:59:59.999000+00:00,6451553031.55,896776241.6,1451591.3,0.0
2016-03-12 03:59:59.999000+00:00,6374854852.6,1036172040.72,1451592.75,0.0
2016-03-12 15:59:59.999000+00:00,6303618002.55,1011489025.03,1451449.04,0.0
2016-03-12 23:59:59.999000+00:00,6301963440.0,1051728777.62,1451447.59,0.0
2016-03-13 07:59:59.999000+00:00,6301963440.0,1104849087.81,1451447.59,0.0
2016-03-13 11:59:59.999000+00:00,6369937321.35,1104849087.81,1451543.39,0.0
2016-03-13 15:59:59.999000+00:00,6369937321.35,1100216954.25,1451543.39,0.0
2016-03-13 23:59:59.999000+00:00,6340701564.5,1125287882.35,1451480.97,0.0
2016-03-14 07:59:59.999000+00:00,6340701564.5,1032744564.79,1451480.97,0.0
2016-03-14 11:59:59.999000+00:00,6363333222.5,1032744564.79,1451525.97,0.0
2016-03-14 15:59:59.999000+00:00,6363333222.5,1058590423.3,1451525.97,0.0
2016-03-14 23:59:59.999000+00:00,6378632900.75,968384041.31,1451591.3,0.0
2016-03-15 07:59:59.999000+00:00,6378632900.75,995772471.3,1451591.3,0.0
2016-03-15 11:59:59.999000+00:00,6398573602.6,995772471.3,1451600.0,0.0
2016-03-15 15:59:59.999000+00:00,6398573602.6,975382000.24,1451600.0,0.0
2016-03-15 19:59:59.999000+00:00,6387752493.53,975382000.24,1451600.0,0.0
2016-03-15 23:59:59.999000+00:00,6387752493.53,1012119266.35,1451600.0,0.0
2016-03-16 07:59:59.999000+00:00,6374761940.8,1035054220.66,1451600.0,0.0
2016-03-16 15:59:59.999000+00:00,6374761940.8,1030946108.7,1451600.0,0.0
2016-03-16 19:59:59.999000+00:00,6383895534.5,1030946108.7,1451600.0,0.0
2016-03-16 23:59:59.999000+00:00,6383895534.5,974447124.74,1451600.0,0.0
2016-03-17 07:59:59.999000+00:00,6429957158.62,938881614.37,1451600.0,0.0
2016-03-17 15:59:59.999000+00:00,6429957158.62,869579149.48,1451600.0,0.0
2016-03-17 19:59:59.999000+00:00,6452672309.45,869579149.48,1451563.71,0.0
2016-03-17 23:59:59.999000+00:00,6452672309.45,865792702.52,1451563.71,0.0
2016-03-18 07:59:59.999000+00:00,6400681398.15,865792702.52,1451574.23,0.0
2016-03-18 11:59:59.999000+00:00,6400681398.15,697032930.08,1451574.23,0.0
2016-03-18 19:59:59.999000+00:00,6231938311.3,788684623.24,1451593.1,0.0
2016-03-19 03:59:59.999000+00:00,6279384522.3,827410374.56,1451593.1,0.0
2016-03-19 11:59:59.999000+00:00,6279384522.3,826655463.7,1451593.1,0.0
2016-03-19 15:59:59.999000+00:00,6276206229.35,826655463.7,1451593.1,0.0
2016-03-19 19:59:59.999000+00:00,6276206229.35,817149474.15,1451593.1,0.0
2016-03-20 03:59:59.999000+00:00,6313656845.2,837359700.45,1451593.1,0.0
2016-03-20 11:59:59.999000+00:00,6313656845.2,811154586.05,1451593.1,0.0
2016-03-20 15:59:59.999000+00:00,6334859157.15,811154586.05,1451593.1,0.0
2016-03-20 19:59:59.999000+00:00,6334859157.15,778370549.39,1451593.1,0.0
2016-03-21 03:59:59.999000+00:00,6298843427.17,836029662.7,1451588.1,0.0
2016-03-21 11:59:59.999000+00:00,6298843427.17,864431927.59,1451588.1,0.0
2016-03-21 15:59:59.999000+00:00,6336927821.5,864431927.59,1451588.1,0.0
2016-03-21 19:59:59.999000+00:00,6336927821.5,915231644.46,1451588.1,0.0
2016-03-22 03:59:59.999000+00:00,6382821144.2,919787013.62,1451589.55,0.0
2016-03-22 11:59:59.999000+00:00,6401799714.6,936755544.06,1451589.55,0.0
2016-03-22 19:59:59.999000+00:00,6401799714.6,893643578.92,1451589.55,0.0
2016-03-22 23:59:59.999000+00:00,6416025150.68,893643578.92,1451589.55,0.0
2016-03-23 03:59:59.999000+00:00,6416025150.68,907671333.06,1451589.55,0.0
2016-03-23 11:59:59.999000+00:00,6415533878.0,921755410.69,1451589.55,0.0
2016-03-23 23:59:59.999000+00:00,6416845741.8,973296474.84,1451589.55,0.0
2016-03-24 07:59:59.999000+00:00,6416845741.8,895941417.67,1451589.55,0.0
2016-03-24 11:59:59.999000+00:00,6392498349.6,895941417.67,1451586.65,0.0
2016-03-24 15:59:59.999000+00:00,6392498349.6,888655784.51,1451586.65,0.0
2016-03-24 23:59:59.999000+00:00,6393094869.15,881027910.33,1451550.36,0.0
2016-03-25 07:59:59.999000+00:00,6393094869.15,852906830.66,1451550.36,0.0
2016-03-25 11:59:59.999000+00:00,6412481376.88,852906830.66,1451585.2,0.0
2016-03-25 15:59:59.999000+00:00,6412481376.88,826884876.96,1451585.2,0.0
2016-03-25 19:59:59.999000+00:00,6409695604.5,826884876.96,1451591.0,0.0
2016-03-25 23:59:59.999000+00:00,6409695604.5,842804288.77,1451591.0,0.0
2016-03-26 07:59:59.999000+00:00,6425294148.8,857998313.83,1451591.0,0.0
2016-03-26 15:59:59.999000+00:00,6425294148.8,849309860.84,1451591.0,0.0
2016-03-26 19:59:59.999000+00:00,6410988686.7,849309860.84,1451591.0,0.0
2016-03-26 23:59:59.999000+00:00,6410988686.7,861261382.6,1451591.0,0.0
2016-03-27 07:59:59.999000+00:00,6426418135.35,858383215.99,1451591.0,0.0
2016-03-27 15:59:59.999000+00:00,6426418135.35,835724057.29,1451591.0,0.0
2016-03-27 19:59:59.999000+00:00,6566730590.7,835724057.29,1451591.0,0.0
2016-03-27 23:59:59.999000+00:00,6566730590.7,818048966.56,1451591.0,0.0
2016-03-28 07:59:59.999000+00:00,6542459766.5,875967958.12,1451591.0,0.0
2016-03-28 15:59:59.999000+00:00,6542459766.5,895727786.38,1451591.0,0.0
2016-03-28 19:59:59.999000+00:00,6521237391.9,895727786.38,1451591.0,0.0
2016-03-28 23:59:59.999000+00:00,6521237391.9,916272915.53,1451591.0,0.0
2016-03-29 03:59:59.999000+00:00,6539100395.62,916272915.53,1451591.0,0.0
2016-03-29 07:59:59.999000+00:00,6539100395.62,909961781.91,1451591.0,0.0
2016-03-29 15:59:59.999000+00:00,6363948460.82,909961781.91,1451591.0,0.0
2016-03-29 19:59:59.999000+00:00,6363948460.82,918441314.84,1451591.0,0.0
2016-03-30 03:59:59.999000+00:00,6395430705.48,908067439.39,1451591.0,0.0
2016-03-30 11:59:59.999000+00:00,6395430705.48,934306210.09,1451591.0,0.0
2016-03-30 15:59:59.999000+00:00,6366736659.4,934306210.09,1451591.0,0.0
2016-03-30 19:59:59.999000+00:00,6366736659.4,950556881.44,1451591.0,0.0
2016-03-31 03:59:59.999000+00:00,6403002190.95,934321304.87,1451591.0,0.0
2016-03-31 11:59:59.999000+00:00,6403002190.95,932433202.83,1451591.0,0.0
2016-03-31 15:59:59.999000+00:00,6407471381.2,932433202.83,1451591.0,0.0
2016-03-31 19:59:59.999000+00:00,6407471381.2,912354781.55,1451591.0,0.0
2016-04-01 03:59:59.999000+00:00,6417375882.75,917757594.37,1451591.0,0.0
2016-04-01 11:59:59.999000+00:00,6416370296.1,922358372.84,1451591.0,0.0
2016-04-01 19:59:59.999000+00:00,6416370296.1,917188280.71,1451591.0,0.0
2016-04-01 23:59:59.999000+00:00,6429593619.0,917188280.71,1451591.0,0.0
2016-04-02 03:59:59.999000+00:00,6429593619.0,901170059.68,1451591.0,0.0
2016-04-02 11:59:59.999000+00:00,6475464712.35,905170686.94,1451591.0,0.0
2016-04-02 19:59:59.999000+00:00,6475464712.35,915249473.97,1451591.0,0.0
2016-04-02 23:59:59.999000+00:00,6475857110.93,915249473.97,1451591.0,0.0
2016-04-03 03:59:59.999000+00:00,6475857110.93,909711411.74,1451591.0,0.0
2016-04-03 11:59:59.999000+00:00,6479706168.25,920617862.58,1451591.0,0.0
2016-04-03 19:59:59.999000+00:00,6479706168.25,909389358.98,1451591.0,0.0
2016-04-03 23:59:59.999000+00:00,6477828308.6,909389358.98,1451591.0,0.0
2016-04-04 03:59:59.999000+00:00,6477828308.6,911246575.03,1451591.0,0.0
2016-04-04 11:59:59.999000+00:00,6472463655.2,911246575.03,1451591.0,0.0
2016-04-04 15:59:59.999000+00:00,6472463655.2,878628794.89,1451591.0,0.0
2016-04-04 19:59:59.999000+00:00,6489302571.4,878628794.89,1451591.0,0.0
2016-04-04 23:59:59.999000+00:00,6489302571.4,878817014.85,1451591.0,0.0
2016-04-05 07:59:59.999000+00:00,6509513593.8,857978331.42,1451591.0,0.0
2016-04-05 15:59:59.999000+00:00,6509513593.8,855713440.21,1451591.0,0.0
2016-04-05 19:59:59.999000+00:00,6514121100.4,855713440.21,1451591.0,0.0
2016-04-05 23:59:59.999000+00:00,6514121100.4,822498173.2,1451591.0,0.0
2016-04-06 07:59:59.999000+00:00,6531391955.9,810791691.09,1451591.0,0.0
2016-04-06 15:59:59.999000+00:00,6531391955.9,840945249.01,1451591.0,0.0
2016-04-06 19:59:59.999000+00:00,6529573735.5,840945249.01,1451620.04,0.0
2016-04-06 23:59:59.999000+00:00,6529573735.5,842318789.2,1451620.04,0.0
2016-04-07 07:59:59.999000+00:00,6507178222.9,843772931.25,1451620.04,0.0
2016-04-07 15:59:59.999000+00:00,6514578454.5,805233006.69,1451634.55,0.0
2016-04-07 23:59:59.999000+00:00,6514578454.5,794097554.0,1451634.55,0.0
2016-04-08 03:59:59.999000+00:00,6527844778.4,794097554.0,1451620.04,0.0
2016-04-08 07:59:59.999000+00:00,6527844778.4,790062812.54,1451620.04,0.0
2016-04-08 15:59:59.999000+00:00,6542951392.25,772750727.22,1451591.0,0.0
2016-04-08 23:59:59.999000+00:00,6542951392.25,766797893.06,1451591.0,0.0
2016-04-09 03:59:59.999000+00:00,6448206630.0,766797893.06,1451591.0,0.0
2016-04-09 07:59:59.999000+00:00,6448206630.0,782424968.41,1451591.0,0.0
2016-04-09 15:59:59.999000+00:00,6456661386.0,748420968.78,1451591.0,0.0
2016-04-10 03:59:59.999000+00:00,6466842639.6,718448002.31,1451591.0,0.0
2016-04-10 11:59:59.999000+00:00,6466842639.6,661940964.38,1451591.0,0.0
2016-04-10 15:59:59.999000+00:00,6501161624.1,661940964.38,1451591.0,0.0
2016-04-10 19:59:59.999000+00:00,6501161624.1,668102633.84,1451591.0,0.0
2016-04-10 23:59:59.999000+00:00,6499536743.7,668102633.84,1451591.0,0.0
2016-04-11 03:59:59.999000+00:00,6499536743.7,696253053.28,1451591.0,0.0
2016-04-11 11:59:59.999000+00:00,6492247332.0,663807878.16,1451331.17,0.0
2016-04-11 19:59:59.999000+00:00,6492247332.0,687339870.7,1451331.17,0.0
2016-04-11 23:59:59.999000+00:00,6515321584.5,687339870.7,1451389.23,0.0
2016-04-12 03:59:59.999000+00:00,6515321584.5,642181131.14,1451389.23,0.0
2016-04-12 11:59:59.999000+00:00,6559728940.88,633763655.02,1451678.1,0.0
2016-04-12 19:59:59.999000+00:00,6559728940.88,599171698.65,1451678.1,0.0
2016-04-12 23:59:59.999000+00:00,6558651417.75,599171698.65,1451591.0,0.0
2016-04-13 03:59:59.999000+00:00,6558651417.75,562694244.26,1451591.0,0.0
2016-04-13 11:59:59.999000+00:00,6552675349.35,610325740.17,1451591.0,0.0
2016-04-13 19:59:59.999000+00:00,6552675349.35,656185990.06,1451591.0,0.0
2016-04-13 23:59:59.999000+00:00,6537929599.55,656185990.06,1451591.0,0.0
2016-04-14 03:59:59.999000+00:00,6537929599.55,662759549.8,1451591.0,0.0
2016-04-14 07:59:59.999000+00:00,6529417824.9,662759549.8,1451591.0,0.0
2016-04-14 11:59:59.999000+00:00,6529417824.9,661257366.62,1451591.0,0.0
2016-04-14 19:59:59.999000+00:00,6547132003.35,649946127.46,1451591.0,0.0
2016-04-15 03:59:59.999000+00:00,6547132003.35,656625218.25,1451591.0,0.0
2016-04-15 07:59:59.999000+00:00,6562484247.15,656625218.25,1451591.0,0.0
2016-04-15 11:59:59.999000+00:00,6562484247.15,661553842.33,1451591.0,0.0
2016-04-15 19:59:59.999000+00:00,6634546558.75,661553842.33,1451591.0,0.0
2016-04-15 23:59:59.999000+00:00,6634546558.75,652099781.11,1451591.0,0.0
2016-04-16 07:59:59.999000+00:00,6676556742.12,645046574.54,1451591.0,0.0
2016-04-16 15:59:59.999000+00:00,6676556742.12,661480749.37,1451591.0,0.0
2016-04-16 19:59:59.999000+00:00,6644250771.9,661480749.37,1451591.0,0.0
2016-04-16 23:59:59.999000+00:00,6644250771.9,681383665.86,1451591.0,0.0
2016-04-17 07:59:59.999000+00:00,6639753122.62,709899153.8,1451591.0,0.0
2016-04-17 15:59:59.999000+00:00,6606589066.2,757910300.41,1451591.0,0.0
2016-04-17 23:59:59.999000+00:00,6606589066.2,737045140.42,1451591.0,0.0
2016-04-18 03:59:59.999000+00:00,6624974457.15,737045140.42,1451591.0,0.0
2016-04-18 07:59:59.999000+00:00,6624974457.15,728287896.03,1451591.0,0.0
2016-04-18 15:59:59.999000+00:00,6602777502.93,718180852.12,1451591.0,0.0
2016-04-18 23:59:59.999000+00:00,6602777502.93,715710192.65,1451591.0,0.0
2016-04-19 03:59:59.999000+00:00,6619997966.62,715710192.65,1451591.0,0.0
2016-04-19 07:59:59.999000+00:00,6619997966.62,726141649.68,1451591.0,0.0
2016-04-19 15:59:59.999000+00:00,6619906816.5,723234136.43,1451591.0,0.0
2016-04-19 23:59:59.999000+00:00,6619906816.5,690548723.5,1451591.0,0.0
2016-04-20 03:59:59.999000+00:00,6723557804.2,690548723.5,1451591.0,0.0
2016-04-20 07:59:59.999000+00:00,6723557804.2,691279229.53,1451591.0,0.0
2016-04-20 15:59:59.999000+00:00,6781935520.07,682765429.34,1451591.0,0.0
2016-04-20 23:59:59.999000+00:00,6821898724.23,671081004.2,1451591.0,0.0
2016-04-21 07:59:59.999000+00:00,6821898724.23,685013044.02,1451591.0,0.0
2016-04-21 11:59:59.999000+00:00,6833932943.6,685013044.02,1451591.0,0.0
2016-04-21 19:59:59.999000+00:00,6833932943.6,671814730.05,1451591.0,0.0
2016-04-21 23:59:59.999000+00:00,6947795902.5,671814730.05,1451591.0,0.0
2016-04-22 03:59:59.999000+00:00,6947795902.5,647811320.35,1451591.0,0.0
2016-04-22 11:59:59.999000+00:00,6915622744.15,639645833.74,1451591.0,0.0
2016-04-22 19:59:59.999000+00:00,6915622744.15,618159783.8,1451591.0,0.0
2016-04-22 23:59:59.999000+00:00,6892364370.45,618159783.8,1451591.0,0.0
2016-04-23 03:59:59.999000+00:00,6892364370.45,623211114.24,1451591.0,0.0
2016-04-23 11:59:59.999000+00:00,6913944297.2,615008210.58,1451591.0,0.0
2016-04-23 19:59:59.999000+00:00,6913944297.2,663788449.18,1451591.0,0.0
2016-04-23 23:59:59.999000+00:00,6964275295.95,663788449.18,1451591.0,0.0
2016-04-24 03:59:59.999000+00:00,6964275295.95,670151861.2,1451591.0,0.0
2016-04-24 07:59:59.999000+00:00,7010128729.12,670151861.2,1451591.0,0.0
2016-04-24 11:59:59.999000+00:00,7010128729.12,641809078.17,1451591.0,0.0
2016-04-24 19:59:59.999000+00:00,7118044488.6,636188476.36,1451591.0,0.0
2016-04-25 03:59:59.999000+00:00,7118044488.6,633635617.83,1451591.0,0.0
2016-04-25 07:59:59.999000+00:00,7077938735.4,633635617.83,1451591.0,0.0
2016-04-25 11:59:59.999000+00:00,7077938735.4,634755325.02,1451591.0,0.0
2016-04-25 19:59:59.999000+00:00,7128699594.3,597724659.82,1451591.0,0.0
2016-04-26 03:59:59.999000+00:00,7128699594.3,592369054.65,1451591.0,0.0
2016-04-26 07:59:59.999000+00:00,7192001921.0,592369054.65,1451591.0,0.0
2016-04-26 11:59:59.999000+00:00,7192001921.0,586823688.2,1451591.0,0.0
2016-04-26 19:59:59.999000+00:00,7230673652.85,589477441.49,1451591.0,0.0
2016-04-27 03:59:59.999000+00:00,7207612057.27,592318912.71,1451591.0,0.0
2016-04-27 11:59:59.999000+00:00,7197835254.35,607284505.56,1451591.0,0.0
2016-04-27 19:59:59.999000+00:00,7028811651.67,618137232.89,1451591.0,0.0
2016-04-28 07:59:59.999000+00:00,6871573663.5,592443331.12,1451591.0,0.0
2016-04-28 19:59:59.999000+00:00,6942560661.3,588950133.86,1451591.0,0.0
2016-04-29 07:59:59.999000+00:00,6942462747.52,609576695.66,1951591.0,0.0
2016-04-29 19:59:59.999000+00:00,7042221618.0,585170501.19,1951591.0,0.0
2016-04-30 07:59:59.999000+00:00,7037786461.72,615048200.73,1951591.0,0.0
2016-04-30 15:59:59.999000+00:00,7013827909.4,741076940.93,1951591.0,0.0
2016-05-01 03:59:59.999000+00:00,6950530163.95,696692512.74,1951591.0,0.0
2016-05-01 15:59:59.999000+00:00,7004456415.0,687909975.51,1951591.0,0.0
2016-05-02 03:59:59.999000+00:00,7008807716.05,730944796.63,1951591.0,0.0
2016-05-02 15:59:59.999000+00:00,6876455267.25,782524782.43,1951591.0,0.0
2016-05-03 03:59:59.999000+00:00,6877424766.8,793739109.22,1951591.0,0.0
2016-05-03 15:59:59.999000+00:00,6944752018.0,768978224.53,1951591.0,0.0
2016-05-03 23:59:59.999000+00:00,6980826502.4,741932869.16,1951591.0,0.0
2016-05-04 11:59:59.999000+00:00,6917521182.0,765414523.03,1951591.0,0.0
2016-05-04 23:59:59.999000+00:00,6927161701.3,750396087.2,1951591.0,0.0
2016-05-05 11:59:59.999000+00:00,6916811374.05,745986596.63,1951591.0,0.0
2016-05-05 23:59:59.999000+00:00,6948331748.0,783576042.28,1951591.0,0.0
2016-05-06 11:59:59.999000+00:00,6990878762.5,766599949.75,1951591.0,0.0
2016-05-06 23:59:59.999000+00:00,7130556703.8,745638475.91,1951591.0,0.0
2016-05-07 07:59:59.999000+00:00,7108820876.15,753952089.99,1951591.0,0.0
2016-05-07 19:59:59.999000+00:00,7131104423.75,744619537.7,1951591.0,0.0
2016-05-08 07:59:59.999000+00:00,7116880995.12,714389464.33,1951591.0,0.0
2016-05-08 19:59:59.999000+00:00,7112908089.88,754715395.05,1951591.0,0.0
2016-05-09 07:59:59.999000+00:00,7090947261.82,761203663.54,1951591.0,0.0
2016-05-09 19:59:59.999000+00:00,7159413822.9,735061870.4,1951591.0,0.0
2016-05-10 07:59:59.999000+00:00,7142940943.6,746242168.94,1951591.0,0.0
2016-05-10 15:59:59.999000+00:00,7009653532.35,750253687.37,1951591.0,0.0
2016-05-11 03:59:59.999000+00:00,7041575340.8,756157673.23,1951591.0,0.0
2016-05-11 15:59:59.999000+00:00,7047516876.3,790467309.3,1951591.0,0.0
2016-05-12 03:59:59.999000+00:00,7020078679.55,789906290.53,1951591.0,0.0
2016-05-12 15:59:59.999000+00:00,7036442668.55,826647862.15,1951591.0,0.0
2016-05-13 03:59:59.999000+00:00,7054564522.62,831508001.15,1951591.0,0.0
2016-05-13 15:59:59.999000+00:00,7081133530.05,835851986.87,1951630.04,0.0
2016-05-13 23:59:59.999000+00:00,7081726954.5,840514936.02,1957953.19,0.0
2016-05-14 11:59:59.999000+00:00,7076758986.0,800424835.36,1958363.03,0.0
2016-05-14 23:59:59.999000+00:00,7083394303.22,819487228.0,1958577.7,0.0
2016-05-15 11:59:59.999000+00:00,7093352888.7,807657516.77,1952449.71,0.0
2016-05-15 23:59:59.999000+00:00,7114461730.4,797607882.63,1951591.0,0.0
2016-05-16 11:59:59.999000+00:00,7110831596.45,812791027.87,1951591.0,0.0
2016-05-16 23:59:59.999000+00:00,7063120267.85,894750992.03,1951591.0,0.0
2016-05-17 07:59:59.999000+00:00,7063545037.5,924196146.17,1951591.0,0.0
2016-05-17 19:59:59.999000+00:00,7066616747.45,959297233.16,1951591.0,0.0
2016-05-18 07:59:59.999000+00:00,7075137493.38,1041189845.0,1951591.0,0.0
2016-05-18 19:59:59.999000+00:00,7091931766.02,1070950956.92,1951591.0,0.0
2016-05-19 07:59:59.999000+00:00,7071374877.0,1113435592.65,1951591.0,0.0
2016-05-19 19:59:59.999000+00:00,6934922708.25,1145773491.11,1951591.0,0.0
2016-05-20 03:59:59.999000+00:00,6863698663.65,1181179389.72,1951591.0,0.0
2016-05-20 15:59:59.999000+00:00,6901770266.32,1108514822.89,1951591.0,0.0
2016-05-21 03:59:59.999000+00:00,6903435675.4,1081759410.69,1951591.0,0.0
2016-05-21 15:59:59.999000+00:00,6899308000.35,1096388574.45,1951591.0,0.0
2016-05-22 03:59:59.999000+00:00,6896040889.5,1127325573.88,1951591.0,0.0
2016-05-22 15:59:59.999000+00:00,6886565932.25,1128241931.31,1951591.0,0.0
2016-05-23 03:59:59.999000+00:00,6860422826.1,1153547507.27,1951591.0,0.0
2016-05-23 11:59:59.999000+00:00,6902787281.48,1134206639.89,1951591.0,0.0
2016-05-23 23:59:59.999000+00:00,6919346394.62,1081207347.23,1951591.0,0.0
2016-05-24 11:59:59.999000+00:00,6947692153.43,1025116534.74,1951610.52,0.0
2016-05-24 23:59:59.999000+00:00,6949432035.35,1023046506.41,1951630.04,0.0
2016-05-25 11:59:59.999000+00:00,6999099147.77,992954020.93,1951591.0,0.0
2016-05-25 23:59:59.999000+00:00,7007360094.2,1006875563.82,1951591.0,0.0
2016-05-26 11:59:59.999000+00:00,7053591896.32,989278600.89,1951591.0,0.0
2016-05-26 19:59:59.999000+00:00,7057664976.95,992640170.06,1951591.0,0.0
2016-05-27 07:59:59.999000+00:00,7454152193.4,938975830.2,1951591.0,0.0
2016-05-27 19:59:59.999000+00:00,7382292566.4,900055688.18,1951591.0,0.0
2016-05-28 07:59:59.999000+00:00,7752620166.75,884715768.01,1951591.0,0.0
2016-05-28 19:59:59.999000+00:00,7787725242.4,975449585.59,1951591.0,0.0
2016-05-29 07:59:59.999000+00:00,8147852502.4,967435757.94,1951591.0,0.0
2016-05-29 19:59:59.999000+00:00,8594106749.7,999927862.98,1951591.0,0.0
2016-05-30 03:59:59.999000+00:00,8288988334.2,993365985.08,1951591.0,0.0
2016-05-30 15:59:59.999000+00:00,8316673080.0,1009366740.64,1951591.0,0.0
2016-05-31 03:59:59.999000+00:00,8414594566.4,1028679628.68,1951591.0,0.0
2016-05-31 15:59:59.999000+00:00,8237196333.45,1127894287.73,1951591.0,0.0
2016-06-01 03:59:59.999000+00:00,8228766813.17,1126311073.79,1951591.0,0.0
2016-06-01 15:59:59.999000+00:00,8375639387.88,1133364711.35,1951591.0,0.0
2016-06-02 03:59:59.999000+00:00,8396780839.65,1105970869.55,2951591.0,0.0
2016-06-02 11:59:59.999000+00:00,8385113068.88,1121191544.95,2951591.0,0.0
2016-06-02 23:59:59.999000+00:00,8399598923.4,1107823663.33,2951591.0,0.0
2016-06-03 11:59:59.999000+00:00,8641000620.1,1106519944.43,2951591.0,0.0
2016-06-03 23:59:59.999000+00:00,8889102698.0,1117035879.01,2951591.0,0.0
2016-06-04 11:59:59.999000+00:00,8980524439.25,1103209201.13,2951591.0,0.0
2016-06-04 23:59:59.999000+00:00,8945981421.82,1108902326.48,2951591.0,0.0
2016-06-05 11:59:59.999000+00:00,9023978726.0,1121844054.44,2951591.0,0.0
2016-06-05 19:59:59.999000+00:00,8988447044.7,1125702669.61,2951591.0,0.0
2016-06-06 07:59:59.999000+00:00,9136893689.5,1109598144.46,2951591.0,0.0
2016-06-06 19:59:59.999000+00:00,9127920782.2,1123170462.72,2951591.0,0.0
2016-06-07 07:59:59.999000+00:00,9137283988.62,1127989591.11,2951591.0,0.0
2016-06-07 19:59:59.999000+00:00,8956908150.3,1163240184.2,2951591.0,0.0
2016-06-08 07:59:59.999000+00:00,8987999455.62,1167686768.83,2951591.0,0.0
2016-06-08 19:59:59.999000+00:00,9075018552.6,1174086731.29,2951591.0,0.0
2016-06-09 03:59:59.999000+00:00,9058296225.6,1169902824.06,2951591.0,0.0
2016-06-09 15:59:59.999000+00:00,8992972650.75,1172304613.44,2951591.0,0.0
2016-06-10 03:59:59.999000+00:00,8977014778.95,1149824663.98,2951591.0,0.0
2016-06-10 15:59:59.999000+00:00,9011776056.25,1145915289.54,2951591.0,0.0
2016-06-11 03:59:59.999000+00:00,9120679563.6,1122611913.58,2951591.0,0.0
2016-06-11 15:59:59.999000+00:00,9100473444.8,1125728689.38,2951591.0,0.0
2016-06-11 23:59:59.999000+00:00,9493578714.4,1148494818.34,2951591.0,0.0
2016-06-12 11:59:59.999000+00:00,10045200649.0,1159261378.49,2951591.0,0.0
2016-06-12 23:59:59.999000+00:00,10529624646.8,1274609696.64,2951591.0,0.0
2016-06-13 11:59:59.999000+00:00,10897295030.1,1348809465.44,2951591.0,0.0
2016-06-13 23:59:59.999000+00:00,11026918233.0,1425681022.67,2951591.0,0.0
2016-06-14 11:59:59.999000+00:00,10778105146.7,1496351024.39,2951591.0,0.0
2016-06-14 23:59:59.999000+00:00,10734585655.9,1530808957.74,5951591.0,0.0
2016-06-15 07:59:59.999000+00:00,10668937132.8,1499198414.68,5951591.0,0.0
2016-06-15 19:59:59.999000+00:00,10849909478.0,1487679386.84,5951591.0,0.0
2016-06-16 07:59:59.999000+00:00,11492677418.9,1587474979.58,5951591.0,0.0
2016-06-16 19:59:59.999000+00:00,12011429583.0,1676486044.38,5951585.05,0.0
2016-06-17 07:59:59.999000+00:00,11561345658.4,1571730321.31,5951585.05,0.0
2016-06-17 19:59:59.999000+00:00,11860107042.1,1135263871.04,5951585.05,0.0
2016-06-18 07:59:59.999000+00:00,11690252702.4,1040465191.8,5951585.05,0.0
2016-06-18 15:59:59.999000+00:00,11813403033.4,886851072.87,5951585.05,0.0
2016-06-19 03:59:59.999000+00:00,11739947502.3,1007338672.64,5951585.05,0.0
2016-06-19 15:59:59.999000+00:00,11991144858.8,1007136260.86,5951585.05,0.0
2016-06-20 03:59:59.999000+00:00,11900495593.1,996912700.19,5951585.05,0.0
2016-06-20 15:59:59.999000+00:00,11629297461.6,968906429.51,5951591.0,0.0
2016-06-21 03:59:59.999000+00:00,10968807368.4,945180603.13,5951591.0,0.0
2016-06-21 15:59:59.999000+00:00,10473049157.0,1007371914.96,5951591.0,0.0
2016-06-21 23:59:59.999000+00:00,10456853277.5,1081206507.33,5951591.0,0.0
2016-06-22 11:59:59.999000+00:00,10420585244.8,1145755652.91,5951591.0,0.0
2016-06-22 23:59:59.999000+00:00,9352374506.6,1064441460.9,5951591.0,0.0
2016-06-23 11:59:59.999000+00:00,9305496889.0,1053790318.18,5951591.0,0.0
2016-06-23 23:59:59.999000+00:00,9791649876.52,1112111665.09,5951591.0,0.0
2016-06-24 11:59:59.999000+00:00,10352794215.1,1135322668.95,5951650.52,0.0
2016-06-24 23:59:59.999000+00:00,10442233719.4,1165908840.19,5951650.52,0.0
2016-06-25 07:59:59.999000+00:00,10708222478.1,1155556730.66,5951650.52,0.0
2016-06-25 19:59:59.999000+00:00,10259450295.6,1150215873.87,5951650.52,0.0
2016-06-26 07:59:59.999000+00:00,10293285404.9,1147114838.22,5951650.52,0.0
2016-06-26 19:59:59.999000+00:00,9859945191.42,1115110558.46,5951650.52,0.0
2016-06-27 07:59:59.999000+00:00,10179625991.4,1145914848.54,5951650.52,0.0
2016-06-27 19:59:59.999000+00:00,10133531143.8,1132828596.29,5951186.3,0.0
2016-06-28 07:59:59.999000+00:00,10152256335.2,1113352484.98,5951579.1,0.0
2016-06-28 15:59:59.999000+00:00,10121378702.7,1053132213.64,5951591.0,0.0
2016-06-29 03:59:59.999000+00:00,9951945416.0,977020656.61,5951591.0,0.0
2016-06-29 15:59:59.999000+00:00,9952880462.8,1015556829.5,5951591.0,0.0
2016-06-30 03:59:59.999000+00:00,10022728415.0,1026746489.78,5951591.0,0.0
2016-06-30 15:59:59.999000+00:00,10484485797.0,1017541526.69,5951591.0,0.0
2016-07-01 03:59:59.999000+00:00,10759312862.2,1009770013.48,5951591.0,0.0
2016-07-01 11:59:59.999000+00:00,10665255094.0,976607363.43,5951591.0,0.0
2016-07-01 23:59:59.999000+00:00,10632674989.8,995164390.37,5951591.0,0.0
2016-07-02 11:59:59.999000+00:00,10855711520.0,979563478.65,5951591.0,0.0
2016-07-02 23:59:59.999000+00:00,11066171356.3,989751702.19,5951591.0,0.0
2016-07-03 11:59:59.999000+00:00,10714858666.2,979559711.99,5951591.0,0.0
2016-07-03 23:59:59.999000+00:00,10360455388.0,956815986.22,5951591.0,0.0
2016-07-04 11:59:59.999000+00:00,10561027895.0,943960153.35,5951591.0,0.0
2016-07-04 19:59:59.999000+00:00,10638346299.2,932189421.19,5951591.0,0.0
2016-07-05 07:59:59.999000+00:00,10647335506.5,895214393.5,5951591.0,0.0
2016-07-05 19:59:59.999000+00:00,10579799543.7,813404820.62,5951591.0,0.0
2016-07-06 07:59:59.999000+00:00,10618105935.8,879612540.55,5951591.0,0.0
2016-07-06 19:59:59.999000+00:00,10681659098.2,866013553.58,5951591.0,0.0
2016-07-07 07:59:59.999000+00:00,10109063800.9,823192927.34,5951591.0,0.0
2016-07-07 19:59:59.999000+00:00,9777911088.38,808695736.08,5951543.39,0.0
2016-07-08 03:59:59.999000+00:00,10091923393.1,820020538.24,5951537.44,0.0
2016-07-08 15:59:59.999000+00:00,10248539714.3,869672848.35,5951561.25,0.0
2016-07-09 03:59:59.999000+00:00,10351302816.7,894504717.36,5951585.05,0.0
2016-07-09 15:59:59.999000+00:00,10390111560.4,897657476.46,5951585.05,0.0
2016-07-10 03:59:59.999000+00:00,10229233322.9,884698184.19,5951585.05,0.0
2016-07-10 15:59:59.999000+00:00,10150656960.4,893236847.07,5951585.05,0.0
2016-07-11 03:59:59.999000+00:00,10319971894.2,897298434.99,5951585.05,0.0
2016-07-11 11:59:59.999000+00:00,10208871628.8,858218011.83,5951585.05,0.0
2016-07-11 23:59:59.999000+00:00,10203318330.2,856538033.83,5952543.26,0.0
2016-07-12 11:59:59.999000+00:00,10301070538.1,879344877.23,5952186.16,0.0
2016-07-12 23:59:59.999000+00:00,10470577835.3,861548336.66,6951591.0,0.0
2016-07-13 11:59:59.999000+00:00,10507075872.2,861863579.84,6951591.0,0.0
2016-07-13 23:59:59.999000+00:00,10312716681.1,860607720.16,6951591.0,0.0
2016-07-14 11:59:59.999000+00:00,10426008609.8,905745349.48,6951591.0,0.0
2016-07-14 19:59:59.999000+00:00,10403445000.9,944790071.31,6951591.0,0.0
2016-07-15 07:59:59.999000+00:00,10441002208.6,985648051.65,6951591.0,0.0
2016-07-15 19:59:59.999000+00:00,10457902838.9,1006333291.25,6951591.0,0.0
2016-07-16 07:59:59.999000+00:00,10475545806.6,968786240.54,6951591.0,0.0
2016-07-16 19:59:59.999000+00:00,10433373796.7,974202596.89,6951591.0,0.0
2016-07-17 07:59:59.999000+00:00,10482685237.8,932558006.92,6951591.0,0.0
2016-07-17 19:59:59.999000+00:00,10708231312.3,910651102.8,6951591.0,0.0
2016-07-18 03:59:59.999000+00:00,10737163758.3,935386289.96,6951591.0,0.0
2016-07-18 15:59:59.999000+00:00,10730396729.5,928188150.05,6951591.0,0.0
2016-07-19 03:59:59.999000+00:00,10599628752.0,910584453.21,6951591.0,0.0
2016-07-19 15:59:59.999000+00:00,10591715867.3,916433440.38,6951660.52,0.0
2016-07-20 03:59:59.999000+00:00,10587755422.5,964019377.08,6951660.52,0.0
2016-07-20 15:59:59.999000+00:00,10492042810.5,1007221336.83,6951591.0,0.0
2016-07-21 03:59:59.999000+00:00,10417096084.5,1014531935.82,6951591.0,0.0
2016-07-21 11:59:59.999000+00:00,10452619612.3,1011992825.36,6951591.0,0.0
2016-07-21 23:59:59.999000+00:00,10487976073.3,1040082090.36,6951591.0,0.0
2016-07-22 11:59:59.999000+00:00,10430557002.5,1111115123.3,6951591.0,0.0
2016-07-22 23:59:59.999000+00:00,10261989674.1,1205898352.73,6951591.0,0.0
2016-07-23 11:59:59.999000+00:00,10336624533.7,1197401146.66,6951591.0,0.0
2016-07-23 23:59:59.999000+00:00,10340881944.1,1176571489.58,6951591.0,0.0
2016-07-24 07:59:59.999000+00:00,10338372986.0,1136780927.49,6951591.0,0.0
2016-07-24 19:59:59.999000+00:00,10450227689.9,1059751303.93,6951591.0,0.0
2016-07-25 07:59:59.999000+00:00,10341588271.9,1118667732.33,6951591.0,0.0
2016-07-25 19:59:59.999000+00:00,10345073481.8,1093650475.75,6951584.05,0.0
2016-07-26 07:59:59.999000+00:00,10216641224.1,1100508788.85,6951584.05,0.0
2016-07-26 19:59:59.999000+00:00,10350672211.1,1006770285.65,6951591.0,0.0
2016-07-27 07:59:59.999000+00:00,10321952815.1,1022709341.02,6951591.0,0.0
2016-07-27 15:59:59.999000+00:00,10331134775.6,1060308217.32,6951591.0,0.0
2016-07-28 03:59:59.999000+00:00,10358701452.0,1059775424.57,6951591.0,0.0
2016-07-28 15:59:59.999000+00:00,10373108942.8,1041594376.09,6951591.0,0.0
2016-07-29 03:59:59.999000+00:00,10343288001.6,1045621003.37,6951591.0,0.0
2016-07-29 15:59:59.999000+00:00,10360197769.9,1041600149.54,6951660.52,0.0
2016-07-30 03:59:59.999000+00:00,10365026541.9,1051398133.25,6952147.13,0.0
2016-07-30 15:59:59.999000+00:00,10387613783.8,1047566561.19,6951660.52,0.0
2016-07-30 23:59:59.999000+00:00,10340045284.2,1028064458.95,6951660.52,0.0
2016-07-31 11:59:59.999000+00:00,10006725605.9,1016687261.91,6951660.52,0.0
2016-07-31 23:59:59.999000+00:00,9861866432.96,980174931.48,6951333.8,0.0
2016-08-01 11:59:59.999000+00:00,9871455755.5,950168632.46,6951403.31,0.0
2016-08-01 23:59:59.999000+00:00,9572348580.1,903408507.19,6951584.05,0.0
2016-08-02 11:59:59.999000+00:00,9511281217.25,874393525.01,6951556.25,0.0
2016-08-02 23:59:59.999000+00:00,8644864334.94,725809584.35,6951556.25,0.0
2016-08-03 07:59:59.999000+00:00,8761232355.42,791816642.48,6951563.2,0.0
2016-08-03 19:59:59.999000+00:00,8949363496.31,828225051.59,6951563.2,0.0
2016-08-04 07:59:59.999000+00:00,9084810292.37,857247590.56,6951563.2,0.0
2016-08-04 19:59:59.999000+00:00,8946227469.3,908342567.0,6951563.2,0.0
2016-08-05 07:59:59.999000+00:00,9002915683.98,895007569.04,6951563.2,0.0
2016-08-05 19:59:59.999000+00:00,9091688498.88,902321110.74,6950861.09,0.0
2016-08-06 07:59:59.999000+00:00,9000831553.7,869294678.02,6949095.38,0.0
2016-08-06 15:59:59.999000+00:00,9005924814.96,876113586.51,6948511.45,0.0
2016-08-07 03:59:59.999000+00:00,9285164466.48,902913312.47,6948511.45,0.0
2016-08-07 15:59:59.999000+00:00,9440464004.75,910715959.03,6948511.45,0.0
2016-08-08 03:59:59.999000+00:00,9331592626.32,906112789.7,6948511.45,0.0
2016-08-08 15:59:59.999000+00:00,9331170034.44,908417917.99,6948511.45,0.0
2016-08-09 03:59:59.999000+00:00,9276618683.81,932041355.1,6948511.45,0.0
2016-08-09 15:59:59.999000+00:00,9322740230.83,994261205.47,6948511.45,0.0
2016-08-09 23:59:59.999000+00:00,9289374234.8,1014113083.85,6948511.45,0.0
2016-08-10 11:59:59.999000+00:00,9310999345.8,1021657992.98,6907677.8,0.0
2016-08-10 23:59:59.999000+00:00,9358441335.08,1006130317.88,6767790.94,0.0
2016-08-11 11:59:59.999000+00:00,9417147544.58,970929921.11,6694291.77,0.0
2016-08-11 23:59:59.999000+00:00,9312340020.48,969030730.88,6690037.39,0.0
2016-08-12 11:59:59.999000+00:00,9303743572.99,991072739.65,6687833.74,0.0
2016-08-12 19:59:59.999000+00:00,9277792799.36,974859124.53,6687833.74,0.0
2016-08-13 07:59:59.999000+00:00,9311621657.62,973793298.69,6687833.74,0.0
2016-08-13 19:59:59.999000+00:00,9274589359.39,955832439.23,6951584.05,0.0
2016-08-14 07:59:59.999000+00:00,9216055702.92,968468238.69,6951584.05,0.0
2016-08-14 19:59:59.999000+00:00,9001078656.14,929351346.99,6951584.05,0.0
2016-08-15 07:59:59.999000+00:00,9070357805.04,938405652.2,6951584.05,0.0
2016-08-15 19:59:59.999000+00:00,8972819806.61,919333680.7,6951584.05,0.0
2016-08-16 03:59:59.999000+00:00,8987883245.11,925893518.61,6951591.0,0.0
2016-08-16 15:59:59.999000+00:00,9134234030.4,925449329.65,6951591.0,0.0
2016-08-17 03:59:59.999000+00:00,9133891727.8,919351340.89,6951591.0,0.0
2016-08-17 15:59:59.999000+00:00,9075905267.9,911135510.95,6951591.0,0.0
2016-08-18 03:59:59.999000+00:00,9084987439.84,903121713.52,6951591.0,0.0
2016-08-18 15:59:59.999000+00:00,9105188026.97,910047384.36,6951591.0,0.0
2016-08-19 03:59:59.999000+00:00,9100587313.8,894618824.67,6951591.0,0.0
2016-08-19 11:59:59.999000+00:00,9117716032.73,897880559.75,6951591.0,0.0
2016-08-19 23:59:59.999000+00:00,9107313927.36,893697474.17,6951591.0,0.0
2016-08-20 11:59:59.999000+00:00,9196994804.51,924574381.1,6951591.0,0.0
2016-08-20 23:59:59.999000+00:00,9204384754.4,935523907.58,6951591.0,0.0
2016-08-21 11:59:59.999000+00:00,9216876152.45,920085694.15,6951591.0,0.0
2016-08-21 23:59:59.999000+00:00,9199366516.7,930217061.1,6951591.0,0.0
2016-08-22 11:59:59.999000+00:00,9209647468.8,934708772.38,6951591.0,0.0
2016-08-22 19:59:59.999000+00:00,9292712665.8,934921239.56,6951591.0,0.0
2016-08-23 07:59:59.999000+00:00,9318055556.16,931994496.12,6951591.0,0.0
2016-08-23 19:59:59.999000+00:00,9221158151.04,909971598.95,6951591.0,0.0
2016-08-24 07:59:59.999000+00:00,9215382725.02,923114408.03,6951591.0,0.0
2016-08-24 19:59:59.999000+00:00,9196691794.2,918557851.3,6951591.0,0.0
2016-08-25 07:59:59.999000+00:00,9124689300.48,929575623.38,6951591.0,0.0
2016-08-25 19:59:59.999000+00:00,9128521083.72,937790317.76,6951591.0,0.0
2016-08-26 03:59:59.999000+00:00,9136419195.06,949170435.98,6951591.0,0.0
2016-08-26 15:59:59.999000+00:00,9181505575.01,941465625.66,6951591.0,0.0
2016-08-27 03:59:59.999000+00:00,9136943363.41,936859025.78,6951591.0,0.0
2016-08-27 15:59:59.999000+00:00,9027983592.94,933196233.74,6951591.0,0.0
2016-08-28 03:59:59.999000+00:00,9031562026.66,926435103.24,6951591.0,0.0
2016-08-28 15:59:59.999000+00:00,9067668584.93,919414335.57,6951591.0,0.0
2016-08-29 03:59:59.999000+00:00,9121810859.4,901235987.13,6951591.0,0.0
2016-08-29 11:59:59.999000+00:00,9109393468.7,918173934.64,6951591.0,0.0
2016-08-29 23:59:59.999000+00:00,9093420855.11,916781160.51,6951591.0,0.0
2016-08-30 11:59:59.999000+00:00,9154390475.99,925330676.81,6951591.0,0.0
2016-08-30 23:59:59.999000+00:00,9148340523.6,937596563.15,6951591.0,0.0
2016-08-31 11:59:59.999000+00:00,9106016872.18,940530874.5,6951591.0,0.0
2016-08-31 23:59:59.999000+00:00,9117106216.7,975003119.29,6951591.0,0.0
2016-09-01 11:59:59.999000+00:00,9077060906.2,1031775135.72,6951591.0,0.0
2016-09-01 19:59:59.999000+00:00,9077046524.05,1020575254.5,6951591.0,0.0
2016-09-02 07:59:59.999000+00:00,9057871994.4,997963923.04,6951591.0,0.0
2016-09-02 19:59:59.999000+00:00,9105494689.32,1013770693.46,6951591.0,0.0
2016-09-03 07:59:59.999000+00:00,9107557218.67,987283389.31,6951591.0,0.0
2016-09-03 19:59:59.999000+00:00,9354099846.34,963949148.16,6951591.0,0.0
2016-09-04 07:59:59.999000+00:00,9480292212.46,971791029.39,6951591.0,0.0
2016-09-04 15:59:59.999000+00:00,9628081735.68,984068828.49,6951591.0,0.0
2016-09-05 03:59:59.999000+00:00,9597648117.4,980058437.87,6951591.0,0.0
2016-09-05 15:59:59.999000+00:00,9600972299.42,982240070.68,6951591.0,0.0
2016-09-06 03:59:59.999000+00:00,9591822659.99,972434209.68,6951591.0,0.0
2016-09-06 15:59:59.999000+00:00,9659206199.76,970315121.82,6951590.95,0.0
2016-09-07 03:59:59.999000+00:00,9664660655.35,973649474.75,6951590.95,0.0
2016-09-07 15:59:59.999000+00:00,9710782518.36,977280437.23,6951590.95,0.0
2016-09-07 23:59:59.999000+00:00,9743676239.81,967186182.09,6951590.95,0.0
2016-09-08 11:59:59.999000+00:00,9950565463.06,952278833.68,6951590.95,0.0
2016-09-08 23:59:59.999000+00:00,9931412643.55,950629713.97,6951590.95,0.0
2016-09-09 11:59:59.999000+00:00,9856998020.52,966077780.72,6951590.95,0.0
2016-09-09 23:59:59.999000+00:00,9877681031.6,976718523.86,6951590.95,0.0
2016-09-10 11:59:59.999000+00:00,9897938179.78,980493577.93,6951590.95,0.0
2016-09-10 23:59:59.999000+00:00,9889124589.92,1020331771.3,6951590.95,0.0
2016-09-11 07:59:59.999000+00:00,9890480862.77,995591044.21,6951590.95,0.0
2016-09-11 19:59:59.999000+00:00,9551626943.26,973195140.23,6951590.95,0.0
2016-09-12 07:59:59.999000+00:00,9633330081.61,1000669305.53,6951590.95,0.0
2016-09-12 19:59:59.999000+00:00,9640166944.51,989887531.49,6956457.07,0.0
2016-09-13 07:59:59.999000+00:00,9643535630.35,1012535269.53,6957221.74,0.0
2016-09-13 19:59:59.999000+00:00,9686037996.18,1002603979.68,6951660.47,0.0
2016-09-14 07:59:59.999000+00:00,9660643834.92,1001398219.35,6951660.47,0.0
2016-09-14 15:59:59.999000+00:00,9698915417.3,1003087628.57,6951660.47,0.0
2016-09-15 03:59:59.999000+00:00,9667809100.08,1010091895.25,6951590.95,0.0
2016-09-15 15:59:59.999000+00:00,9679911675.84,1008814518.1,6951570.1,0.0
2016-09-16 03:59:59.999000+00:00,9645873118.2,1002722546.95,6951542.29,0.0
2016-09-16 15:59:59.999000+00:00,9647152369.49,1061367980.12,6951577.05,0.0
2016-09-17 03:59:59.999000+00:00,9637162875.84,1050807901.35,6951584.0,0.0
2016-09-17 15:59:59.999000+00:00,9606761432.64,1057918126.35,6951584.0,0.0
2016-09-17 23:59:59.999000+00:00,9619198525.06,1067645132.84,6951584.0,0.0
2016-09-18 11:59:59.999000+00:00,9670166608.03,1075996803.23,6956039.97,0.0
2016-09-18 23:59:59.999000+00:00,9682008336.58,1045462817.11,6951055.68,0.0
2016-09-19 11:59:59.999000+00:00,9674968531.54,1078879946.06,6951556.2,0.0
2016-09-19 23:59:59.999000+00:00,9672709263.54,1109717807.16,6951584.0,0.0
2016-09-20 11:59:59.999000+00:00,9672651692.02,1162395026.96,6951584.0,0.0
2016-09-20 23:59:59.999000+00:00,9659269452.1,1214629780.18,6951584.0,0.0
2016-09-21 07:59:59.999000+00:00,9506844286.34,1161343947.15,6951584.0,0.0
2016-09-21 19:59:59.999000+00:00,9475953830.64,1118394914.08,6951500.58,0.0
2016-09-22 07:59:59.999000+00:00,9482996012.83,1100959712.02,6951535.34,0.0
2016-09-22 19:59:59.999000+00:00,9486889226.06,1096628929.44,6951584.0,0.0
2016-09-23 07:59:59.999000+00:00,9488583758.16,1113956392.21,6951584.0,0.0
2016-09-23 19:59:59.999000+00:00,9563409305.38,1127484553.18,6951584.0,0.0
2016-09-24 07:59:59.999000+00:00,9601128077.16,1111632634.72,6951584.0,0.0
2016-09-24 15:59:59.999000+00:00,9571855022.57,1089754643.61,6951584.0,0.0
2016-09-25 03:59:59.999000+00:00,9580892727.17,1095035078.23,6951584.0,0.0
2016-09-25 15:59:59.999000+00:00,9532644575.38,1093808871.1,6951590.95,0.0
2016-09-26 03:59:59.999000+00:00,9550622935.26,1088149003.36,6951590.95,0.0
2016-09-26 15:59:59.999000+00:00,9629538739.74,1087356889.72,6951590.95,0.0
2016-09-27 03:59:59.999000+00:00,9645972040.2,1090867581.69,6951590.95,0.0
2016-09-27 11:59:59.999000+00:00,9619743066.91,1104554197.41,6951590.95,0.0
2016-09-27 23:59:59.999000+00:00,9633311305.2,1105565482.95,6951590.95,0.0
2016-09-28 11:59:59.999000+00:00,9617353925.26,1120385124.92,6951590.95,0.0
2016-09-28 23:59:59.999000+00:00,9611532318.53,1120893441.39,6951590.95,0.0
2016-09-29 11:59:59.999000+00:00,9635240793.42,1106118983.72,6951590.95,0.0
2016-09-29 23:59:59.999000+00:00,9627902106.24,1104310043.24,6951590.95,0.0
2016-09-30 11:59:59.999000+00:00,9638972896.8,1118786682.18,6951590.95,0.0
2016-09-30 19:59:59.999000+00:00,9644582724.0,1123762079.09,6951590.95,0.0
2016-10-01 07:59:59.999000+00:00,9730895598.22,1112222039.66,6951590.95,0.0
2016-10-01 19:59:59.999000+00:00,9763640791.88,1112779676.05,6951590.95,0.0
2016-10-02 07:59:59.999000+00:00,9733374591.86,1119413468.33,6951590.95,0.0
2016-10-02 19:59:59.999000+00:00,9704555472.65,1117529953.61,6951590.95,0.0
2016-10-03 07:59:59.999000+00:00,9734437156.5,1115962653.29,6951577.05,0.0
2016-10-03 19:59:59.999000+00:00,9730454709.24,1132451454.93,6951570.1,0.0
2016-10-04 03:59:59.999000+00:00,9702225681.12,1140433012.73,6951577.05,0.0
2016-10-04 15:59:59.999000+00:00,9707463919.56,1133892794.92,6951590.95,0.0
2016-10-05 03:59:59.999000+00:00,9700016599.49,1121661023.91,6951590.95,0.0
2016-10-05 15:59:59.999000+00:00,9759304807.39,1122361555.62,6951590.95,0.0
2016-10-06 03:59:59.999000+00:00,9738254390.59,1104758974.55,6951590.95,0.0
2016-10-06 15:59:59.999000+00:00,9762356437.68,1087896604.65,6951590.95,0.0
2016-10-07 03:59:59.999000+00:00,9737340836.76,1094975249.82,6951590.95,0.0
2016-10-07 11:59:59.999000+00:00,9806533553.27,1066930939.59,6951590.95,0.0
2016-10-07 23:59:59.999000+00:00,9818599994.17,1073405274.53,6951590.95,0.0
2016-10-08 11:59:59.999000+00:00,9847576060.02,1032360701.11,6951590.95,0.0
2016-10-08 23:59:59.999000+00:00,9851461945.58,1035883227.82,6951590.95,0.0
2016-10-09 11:59:59.999000+00:00,9825482159.68,1046802871.28,6951590.95,0.0
2016-10-09 23:59:59.999000+00:00,9815156617.54,1022264081.85,6951590.95,0.0
2016-10-10 11:59:59.999000+00:00,9833340459.1,992995187.38,6951590.85,0.0
2016-10-10 19:59:59.999000+00:00,9828539917.68,1004399184.36,6951590.85,0.0
2016-10-11 07:59:59.999000+00:00,10071359293.5,1027717034.59,6951590.85,0.0
2016-10-11 19:59:59.999000+00:00,10196684180.3,1011025663.61,6951590.85,0.0
2016-10-12 07:59:59.999000+00:00,10162982700.5,1020210249.38,6951590.85,0.0
2016-10-12 19:59:59.999000+00:00,10179716699.2,997005386.35,6951590.85,0.0
2016-10-13 07:59:59.999000+00:00,10162392605.0,1016039773.23,6951590.85,0.0
2016-10-13 19:59:59.999000+00:00,10131861639.7,1024143881.81,6951590.85,0.0
2016-10-14 03:59:59.999000+00:00,10162074811.7,1023728416.67,6951590.85,0.0
2016-10-14 15:59:59.999000+00:00,10176500635.6,1012716907.06,6951583.9,0.0
2016-10-15 03:59:59.999000+00:00,10212179860.9,1013092318.67,6951583.9,0.0
2016-10-15 15:59:59.999000+00:00,10209296675.3,1008252451.7,6951590.85,0.0
2016-10-16 03:59:59.999000+00:00,10192549238.3,1016087575.34,6951590.85,0.0
2016-10-16 15:59:59.999000+00:00,10213775138.1,1016836139.02,6951590.85,0.0
2016-10-16 23:59:59.999000+00:00,10218348387.5,1016373308.18,6951590.85,0.0
2016-10-17 11:59:59.999000+00:00,10201284848.1,1011453210.69,6951590.85,0.0
2016-10-17 23:59:59.999000+00:00,10180488273.5,1021302744.06,6951590.85,0.0
2016-10-18 11:59:59.999000+00:00,10195356376.9,1069109742.17,6951590.85,0.0
2016-10-18 23:59:59.999000+00:00,10162029114.2,1071362740.94,6951590.8,0.0
2016-10-19 11:59:59.999000+00:00,10113673723.6,1066677925.74,6951590.8,0.0
2016-10-19 23:59:59.999000+00:00,10044471117.1,1023599501.85,6951590.8,0.0
2016-10-20 07:59:59.999000+00:00,10054235174.2,1030344949.56,6951590.8,0.0
2016-10-20 19:59:59.999000+00:00,10041828667.2,1026310361.09,6951590.8,0.0
2016-10-21 07:59:59.999000+00:00,10070076424.5,1026731223.36,6951589.74,0.0
2016-10-21 19:59:59.999000+00:00,10089005993.2,1029202431.36,6951589.74,0.0
2016-10-22 07:59:59.999000+00:00,10147092681.2,1030570867.74,6951589.74,0.0
2016-10-22 19:59:59.999000+00:00,10481396754.0,1024829232.69,6951589.74,0.0
2016-10-23 07:59:59.999000+00:00,10489415389.7,1024898436.64,6951589.74,0.0
2016-10-23 15:59:59.999000+00:00,10477076792.4,1019799072.76,6951589.74,0.0
2016-10-24 03:59:59.999000+00:00,10442422120.6,1025382494.75,6951589.74,0.0
2016-10-24 15:59:59.999000+00:00,10433098117.2,1022660443.59,6951589.74,0.0
2016-10-25 03:59:59.999000+00:00,10469185685.4,1004979597.88,6951589.74,0.0
2016-10-25 15:59:59.999000+00:00,10504725738.0,961431586.43,6951589.74,0.0
2016-10-26 03:59:59.999000+00:00,10539083241.1,984915212.48,6951589.74,0.0
2016-10-26 15:59:59.999000+00:00,10693973938.9,989153959.28,6951589.74,0.0
2016-10-26 23:59:59.999000+00:00,10813913071.1,984429110.08,6951589.74,0.0
2016-10-27 15:59:59.999000+00:00,10908221814.6,989520185.27,6951589.74,0.0
2016-10-28 03:59:59.999000+00:00,10939032238.2,985499147.95,6951589.74,0.0
2016-10-28 15:59:59.999000+00:00,10996582495.4,963330062.36,6951589.74,0.0
2016-10-29 03:59:59.999000+00:00,11199177042.2,948545541.5,6951589.74,0.0
2016-10-29 15:59:59.999000+00:00,11345001937.9,867510600.56,6951589.74,0.0
2016-10-30 03:59:59.999000+00:00,11276527163.4,896414460.0,6951589.74,0.0
2016-10-30 11:59:59.999000+00:00,11308849322.4,883565109.72,6951589.74,0.0
2016-10-30 23:59:59.999000+00:00,11194834675.9,956007453.66,6951589.74,0.0
2016-10-31 11:59:59.999000+00:00,11169729765.0,967964158.75,6951589.74,0.0
2016-10-31 23:59:59.999000+00:00,11181852070.1,940578263.75,6951589.74,0.0
2016-11-01 11:59:59.999000+00:00,11708903038.9,891596426.19,6951588.74,0.0
2016-11-01 23:59:59.999000+00:00,11642863554.0,921057444.45,6951588.74,0.0
2016-11-02 11:59:59.999000+00:00,11579632404.9,937121027.42,6951588.74,0.0
2016-11-02 19:59:59.999000+00:00,11609805166.3,932991246.4,6951588.74,0.0
2016-11-03 07:59:59.999000+00:00,11723005895.0,934163254.03,6951588.74,0.0
2016-11-03 19:59:59.999000+00:00,11237141804.9,933015429.43,6951588.74,0.0
2016-11-04 07:59:59.999000+00:00,11157096249.3,944476930.11,6951588.74,0.0
2016-11-04 19:59:59.999000+00:00,11115550462.1,942379855.76,6951588.74,0.0
2016-11-05 07:59:59.999000+00:00,11206952155.0,937789629.6,6951588.74,0.0
2016-11-05 19:59:59.999000+00:00,11223181886.0,942106968.26,6951588.74,0.0
2016-11-06 03:59:59.999000+00:00,11382443224.9,945168532.47,6951588.74,0.0
2016-11-06 15:59:59.999000+00:00,11210639332.5,931725591.45,6951588.74,0.0
2016-11-07 03:59:59.999000+00:00,11265046827.6,933490907.24,6951588.74,0.0
2016-11-07 15:59:59.999000+00:00,11212341221.4,928320948.77,6951588.74,0.0
2016-11-08 03:59:59.999000+00:00,11274418448.8,933994902.1,6951588.74,0.0
2016-11-08 15:59:59.999000+00:00,11327182028.1,921439898.35,6951588.74,0.0
2016-11-08 23:59:59.999000+00:00,11333339468.1,929246806.56,6951588.74,0.0
2016-11-09 11:59:59.999000+00:00,11738340954.6,903705255.18,6951588.74,0.0
2016-11-09 23:59:59.999000+00:00,11548965778.8,914292102.72,6951588.74,0.0
2016-11-10 11:59:59.999000+00:00,11475059592.6,909608074.9,6951574.83,0.0
2016-11-10 23:59:59.999000+00:00,11426817525.6,903380023.61,6951567.88,0.0
2016-11-11 11:59:59.999000+00:00,11447692504.1,889670759.03,6951581.79,0.0
2016-11-11 23:59:59.999000+00:00,11442241390.2,883565427.35,6951588.74,0.0
2016-11-12 07:59:59.999000+00:00,11411029102.8,878803847.84,6951588.74,0.0
2016-11-12 19:59:59.999000+00:00,11262673271.8,856941323.32,6951588.74,0.0
2016-11-13 07:59:59.999000+00:00,11076896535.9,856926490.11,6951589.8,0.0
2016-11-13 19:59:59.999000+00:00,11203231414.6,875443489.33,6951589.8,0.0
2016-11-14 07:59:59.999000+00:00,11241874296.6,859576907.24,6951589.8,0.0
2016-11-14 19:59:59.999000+00:00,11220859367.2,860319880.28,6951589.8,0.0
2016-11-15 07:59:59.999000+00:00,11381069082.8,853919357.25,6951589.8,0.0
2016-11-15 15:59:59.999000+00:00,11379201160.5,880868943.69,6951589.8,0.0
2016-11-16 03:59:59.999000+00:00,11362092520.2,884254055.11,6951589.8,0.0
2016-11-16 15:59:59.999000+00:00,11714027737.3,873517266.41,6951589.8,0.0
2016-11-17 03:59:59.999000+00:00,11986401350.0,869670430.92,6951589.8,0.0
2016-11-17 15:59:59.999000+00:00,11969821897.9,858218967.15,6951589.8,0.0
2016-11-18 03:59:59.999000+00:00,11853035751.3,858802628.67,6951589.8,0.0
2016-11-18 15:59:59.999000+00:00,12006219393.9,825659938.71,6951589.8,0.0
2016-11-18 23:59:59.999000+00:00,12021432968.4,815806831.58,6951589.8,0.0
2016-11-19 11:59:59.999000+00:00,11983127934.9,832664387.07,6951589.8,0.0
2016-11-19 23:59:59.999000+00:00,12023262924.8,832183861.17,6951589.8,0.0
2016-11-20 11:59:59.999000+00:00,12037955067.9,827317277.57,6951589.8,0.0
2016-11-20 23:59:59.999000+00:00,11695081877.5,825305262.02,6951589.8,0.0
2016-11-21 11:59:59.999000+00:00,11735368957.4,823442302.99,6951589.8,0.0
2016-11-21 23:59:59.999000+00:00,11827902946.2,829190390.82,6951589.8,0.0
2016-11-22 07:59:59.999000+00:00,11846553099.5,861701416.59,6951589.8,0.0
2016-11-22 19:59:59.999000+00:00,12046858267.0,851897817.21,6951589.8,0.0
2016-11-23 07:59:59.999000+00:00,11959427966.7,847642386.35,6951589.8,0.0
2016-11-23 19:59:59.999000+00:00,11877439359.4,847417662.54,6951589.8,0.0
2016-11-24 07:59:59.999000+00:00,11869254572.0,837091312.18,6951589.8,0.0
2016-11-24 19:59:59.999000+00:00,11839106565.0,794425432.29,6951589.8,0.0
2016-11-25 07:59:59.999000+00:00,11792587798.8,805726862.36,6951589.8,0.0
2016-11-25 15:59:59.999000+00:00,11803802345.2,822224042.09,6951589.8,0.0
2016-11-26 03:59:59.999000+00:00,11873365170.8,813124923.29,6951589.8,0.0
2016-11-26 15:59:59.999000+00:00,11684027307.8,809075982.63,6951589.8,0.0
2016-11-27 03:59:59.999000+00:00,11722953745.8,800594038.84,6951589.8,0.0
2016-11-27 15:59:59.999000+00:00,11810849787.0,788434312.61,6951589.8,0.0
2016-11-28 03:59:59.999000+00:00,11780020971.0,773940690.63,6951589.8,0.0
2016-11-28 11:59:59.999000+00:00,11811347999.7,760279119.75,6951589.8,0.0
2016-11-28 23:59:59.999000+00:00,11782628755.0,753971438.31,6951589.8,0.0
2016-11-29 11:59:59.999000+00:00,11803285203.5,694944660.91,6951589.8,0.0
2016-11-29 23:59:59.999000+00:00,11780661279.8,706651178.64,6951589.73,0.0
2016-11-30 11:59:59.999000+00:00,11965557287.5,721980475.77,6951589.73,0.0
2016-11-30 23:59:59.999000+00:00,11943536630.3,742664775.16,6951589.73,0.0
2016-12-01 11:59:59.999000+00:00,12059753566.6,732924604.72,6951589.73,0.0
2016-12-01 19:59:59.999000+00:00,12134197545.5,732462364.84,6951589.73,0.0
2016-12-02 07:59:59.999000+00:00,12411083449.6,694496055.22,6951589.73,0.0
2016-12-02 19:59:59.999000+00:00,12398377948.2,671482056.92,6951589.73,0.0
2016-12-03 07:59:59.999000+00:00,12256843323.4,697408733.65,6951589.73,0.0
2016-12-03 19:59:59.999000+00:00,12339439704.0,685944524.38,6951659.24,0.0
2016-12-04 07:59:59.999000+00:00,12345939394.3,687342684.14,6951798.27,0.0
2016-12-04 19:59:59.999000+00:00,12348376237.7,665390699.29,6953049.56,0.0
2016-12-05 03:59:59.999000+00:00,12295377188.6,646484552.45,6952562.95,0.0
2016-12-05 15:59:59.999000+00:00,12172999442.5,628747746.79,6951728.76,0.0
2016-12-06 03:59:59.999000+00:00,12198608532.5,600963459.45,6951728.76,0.0
2016-12-06 15:59:59.999000+00:00,12263476659.1,602437241.57,6951589.73,0.0
2016-12-07 03:59:59.999000+00:00,12232168083.3,656990476.4,6951589.73,0.0
2016-12-07 15:59:59.999000+00:00,12305901287.8,680612086.05,6951589.73,0.0
2016-12-08 03:59:59.999000+00:00,12291629132.7,743855616.14,6951589.73,0.0
2016-12-08 11:59:59.999000+00:00,12395449253.9,742520082.43,6951589.73,0.0
2016-12-08 23:59:59.999000+00:00,12357837892.8,713877391.36,6951589.73,0.0
2016-12-09 11:59:59.999000+00:00,12387804339.7,730383943.71,6951589.73,0.0
2016-12-09 23:59:59.999000+00:00,12390863076.9,732836297.33,6951589.73,0.0
2016-12-10 11:59:59.999000+00:00,12432851422.2,721067937.25,6951492.4,0.0
2016-12-10 23:59:59.999000+00:00,12421967469.5,705254560.82,6951589.73,0.0
2016-12-11 11:59:59.999000+00:00,12331205178.4,704890333.14,6951589.73,0.0
2016-12-11 19:59:59.999000+00:00,12342321695.3,708420055.14,6951589.73,0.0
2016-12-12 07:59:59.999000+00:00,12396853261.1,716544881.06,6951589.73,0.0
2016-12-12 19:59:59.999000+00:00,12533515269.5,726284148.15,6951589.73,0.0
2016-12-13 07:59:59.999000+00:00,12507094416.7,733869695.84,6951589.73,0.0
2016-12-13 19:59:59.999000+00:00,12535373197.5,735012829.96,6951589.73,0.0
2016-12-14 07:59:59.999000+00:00,12537398640.5,733804685.83,6951589.73,0.0
2016-12-14 19:59:59.999000+00:00,12532444419.2,727687053.27,6951589.73,0.0
2016-12-15 03:59:59.999000+00:00,12511112216.8,711848164.53,6951589.73,0.0
2016-12-15 15:59:59.999000+00:00,12517781722.8,694694492.96,6951589.73,0.0
2016-12-16 03:59:59.999000+00:00,12535231128.6,688903742.24,6951589.73,0.0
2016-12-16 15:59:59.999000+00:00,12574320822.1,681319014.2,6951659.24,0.0
2016-12-17 03:59:59.999000+00:00,12669557748.5,677293769.2,6951867.79,0.0
2016-12-17 15:59:59.999000+00:00,12682378488.2,656200987.39,6951798.27,0.0
2016-12-18 03:59:59.999000+00:00,12702710559.8,689808308.84,6951798.27,0.0
2016-12-18 11:59:59.999000+00:00,12698919025.3,676217141.98,6951798.27,0.0
2016-12-18 23:59:59.999000+00:00,12688510067.6,684696554.85,6951659.24,0.0
2016-12-19 11:59:59.999000+00:00,12734810771.0,673023451.12,6951589.73,0.0
2016-12-19 23:59:59.999000+00:00,12725090633.3,665654987.24,6951589.73,0.0
2016-12-20 11:59:59.999000+00:00,12731147067.9,673898986.46,6951589.73,0.0
2016-12-20 23:59:59.999000+00:00,12857473133.5,667309961.11,6951589.73,0.0
2016-12-21 07:59:59.999000+00:00,12975696413.0,670743319.96,6951589.73,0.0
2016-12-21 19:59:59.999000+00:00,13238169829.5,678888990.09,6951589.73,0.0
2016-12-22 07:59:59.999000+00:00,13873514851.8,662107486.43,6951589.73,0.0
2016-12-22 19:59:59.999000+00:00,13889403389.8,671702387.52,6951589.73,0.0
2016-12-23 07:59:59.999000+00:00,14647779110.5,658053468.46,6951937.31,0.0
2016-12-23 19:59:59.999000+00:00,14438694894.8,636694819.49,6952980.04,0.0
2016-12-24 07:59:59.999000+00:00,14723694535.9,639550954.24,6951798.27,0.0
2016-12-24 15:59:59.999000+00:00,14391779850.9,639528386.79,6951659.24,0.0
2016-12-25 03:59:59.999000+00:00,14079038141.5,638005296.11,6951659.24,0.0
2016-12-25 15:59:59.999000+00:00,14110614508.2,631182204.21,6951659.24,0.0
2016-12-26 03:59:59.999000+00:00,14570882350.5,635795453.93,6951659.24,0.0
2016-12-26 15:59:59.999000+00:00,14573643067.0,634579904.04,6951659.24,0.0
2016-12-27 03:59:59.999000+00:00,14527771681.1,636818035.52,6951659.24,0.0
2016-12-27 15:59:59.999000+00:00,15058206494.3,630176136.97,6951659.24,0.0
2016-12-27 23:59:59.999000+00:00,14994286713.1,626268701.02,6951659.24,0.0
2016-12-28 11:59:59.999000+00:00,15373804849.1,623107687.94,6951867.79,0.0
2016-12-28 23:59:59.999000+00:00,15682769404.8,657011884.06,6951867.79,0.0
2016-12-29 11:59:59.999000+00:00,15668549125.0,724152182.88,6951728.76,0.0
2016-12-29 23:59:59.999000+00:00,15645617392.3,724028106.51,6951728.76,0.0
2016-12-30 11:59:59.999000+00:00,15132315574.9,713409820.31,6951728.76,0.0
2016-12-30 23:59:59.999000+00:00,15450507054.9,713433620.44,9951788.76,0.0
2016-12-31 07:59:59.999000+00:00,15343088378.8,698836751.94,9951788.76,0.0
2016-12-31 19:59:59.999000+00:00,15408533218.9,693336113.44,9951689.24,0.0
2017-01-01 07:59:59.999000+00:00,15469086338.8,727121519.17,9951689.24,0.0
2017-01-01 19:59:59.999000+00:00,16009433044.2,723765274.22,9951689.24,0.0
2017-01-02 07:59:59.999000+00:00,16320612338.7,713164076.82,9951689.24,0.0
2017-01-02 19:59:59.999000+00:00,16322444577.5,725810942.15,9951689.24,0.0
2017-01-03 07:59:59.999000+00:00,16521801339.0,752519715.55,9951689.24,0.0
2017-01-03 15:59:59.999000+00:00,16536054008.0,817902481.55,9951689.24,0.0
2017-01-04 03:59:59.999000+00:00,16940222958.8,911233934.06,9951689.24,0.0
2017-01-04 15:59:59.999000+00:00,17617642542.9,948720825.37,9951689.24,0.0
2017-01-05 03:59:59.999000+00:00,18857728640.0,1024230818.97,9951689.24,0.0
2017-01-05 15:59:59.999000+00:00,16101722427.8,891215715.07,9951689.24,0.0
2017-01-06 03:59:59.999000+00:00,15948070800.4,887232779.98,14951739.24,0.0
2017-01-06 15:59:59.999000+00:00,14792455472.5,900114860.25,14951740.35,0.0
2017-01-06 23:59:59.999000+00:00,14513695758.4,898845927.7,14951740.35,0.0
2017-01-07 11:59:59.999000+00:00,14171632537.9,875688767.98,14951740.35,0.0
2017-01-07 23:59:59.999000+00:00,14618030536.4,865194523.3,14951740.35,0.0
2017-01-08 11:59:59.999000+00:00,14756433848.1,883408262.32,14951740.35,0.0
2017-01-08 23:59:59.999000+00:00,14661966429.1,902576769.01,14951740.35,0.0
2017-01-09 11:59:59.999000+00:00,14559686666.0,932992020.69,14951740.35,0.0
2017-01-09 23:59:59.999000+00:00,14528815565.3,906044584.41,14951740.35,0.0
2017-01-10 07:59:59.999000+00:00,14586206488.4,908863859.91,14951740.35,0.0
2017-01-10 19:59:59.999000+00:00,14584828108.4,937517514.49,14951720.35,0.0
2017-01-11 07:59:59.999000+00:00,14739785911.8,932875191.52,14951720.35,0.0
2017-01-11 19:59:59.999000+00:00,12732900385.5,850112429.29,14951720.35,0.0
2017-01-12 07:59:59.999000+00:00,12176606452.8,816128027.37,14951720.35,0.0
2017-01-12 19:59:59.999000+00:00,13064174266.1,877493406.46,14951720.35,0.0
2017-01-13 03:59:59.999000+00:00,12705291973.4,848263335.23,14951720.35,0.0
2017-01-13 15:59:59.999000+00:00,13099621381.6,856231763.24,14951720.35,0.0
2017-01-14 03:59:59.999000+00:00,13185950215.7,851771047.86,14951720.35,0.0
2017-01-14 15:59:59.999000+00:00,13376097722.8,848219503.09,14951720.35,0.0
2017-01-15 03:59:59.999000+00:00,13238635981.4,868166284.22,14952168.89,0.0
2017-01-15 15:59:59.999000+00:00,13185083669.5,869296509.95,14952318.41,0.0
2017-01-16 03:59:59.999000+00:00,13374034007.6,866076114.39,14951869.86,0.0
2017-01-16 11:59:59.999000+00:00,13283467925.4,854304957.89,14951869.86,0.0
2017-01-16 23:59:59.999000+00:00,13393372619.5,847706512.71,14951720.35,0.0
2017-01-17 11:59:59.999000+00:00,14212101025.6,866160066.49,14951720.35,0.0
2017-01-17 23:59:59.999000+00:00,14625779851.2,906597925.26,14951720.35,0.0
2017-01-18 11:59:59.999000+00:00,14527754347.6,911574965.7,14951720.35,0.0
2017-01-18 23:59:59.999000+00:00,14284036612.6,900365728.21,14951720.35,0.0
2017-01-19 11:59:59.999000+00:00,14317487177.1,897537379.37,14951720.35,0.0
2017-01-19 19:59:59.999000+00:00,14502039230.2,914641870.15,14951720.35,0.0
2017-01-20 07:59:59.999000+00:00,14444232724.4,940579657.03,14951720.35,0.0
2017-01-20 19:59:59.999000+00:00,14458373958.3,933631887.04,14951720.35,0.0
2017-01-21 07:59:59.999000+00:00,14807753874.7,935234051.21,14951720.35,0.0
2017-01-21 19:59:59.999000+00:00,14831915556.6,960252419.23,14951720.35,0.0
2017-01-22 07:59:59.999000+00:00,15089704695.1,963888042.6,14951740.35,0.0
2017-01-22 19:59:59.999000+00:00,14765955810.6,945388973.02,14951740.35,0.0
2017-01-23 03:59:59.999000+00:00,14853953174.0,941648333.38,14951740.35,0.0
2017-01-23 15:59:59.999000+00:00,14883965781.2,945804624.24,14951740.35,0.0
2017-01-24 03:59:59.999000+00:00,14777613488.6,945185937.23,14951740.35,0.0
2017-01-24 15:59:59.999000+00:00,14623569019.8,936709721.21,14951740.35,0.0
2017-01-25 03:59:59.999000+00:00,14514268216.8,933463320.59,14951740.35,0.0
2017-01-25 15:59:59.999000+00:00,14451875116.5,927841299.0,14951740.35,0.0
2017-01-26 03:59:59.999000+00:00,14605088940.8,934787175.81,14951740.35,0.0
2017-01-26 11:59:59.999000+00:00,14626099862.4,936529210.3,14951740.35,0.0
2017-01-26 23:59:59.999000+00:00,14797955301.3,934844928.0,14951740.35,0.0
2017-01-27 11:59:59.999000+00:00,14846694359.8,929924562.06,14951740.35,0.0
2017-01-27 23:59:59.999000+00:00,14834831700.0,930599698.78,14951740.35,0.0
2017-01-28 11:59:59.999000+00:00,14876927198.4,933575078.55,14951740.35,0.0
2017-01-28 23:59:59.999000+00:00,14866260449.0,933378689.54,14951740.35,0.0
2017-01-29 11:59:59.999000+00:00,14888604911.1,930820755.37,14951889.86,0.0
2017-01-29 19:59:59.999000+00:00,14828418905.5,924249231.41,14951889.86,0.0
2017-01-30 07:59:59.999000+00:00,14886481526.4,927961187.46,14951740.35,0.0
2017-01-30 19:59:59.999000+00:00,14867454879.3,935633385.03,14955627.76,0.0
2017-01-31 07:59:59.999000+00:00,15060366562.7,938940901.97,14959963.72,0.0
2017-01-31 19:59:59.999000+00:00,15445958860.8,950338076.86,24951491.02,0.0
2017-02-01 07:59:59.999000+00:00,15844857566.7,953150431.24,24951540.93,0.0
2017-02-01 15:59:59.999000+00:00,15777336042.8,940240956.66,24951565.88,0.0
2017-02-02 03:59:59.999000+00:00,15910999578.4,944769295.62,24951466.07,0.0
2017-02-02 15:59:59.999000+00:00,16112041442.5,944395950.66,24951391.22,0.0
2017-02-03 03:59:59.999000+00:00,16580032860.2,961593479.25,24951540.93,0.0
2017-02-03 15:59:59.999000+00:00,16575559332.0,963135285.41,24951540.93,0.0
2017-02-04 03:59:59.999000+00:00,16512438124.0,1008276305.22,24951540.93,0.0
2017-02-04 15:59:59.999000+00:00,16577502910.5,1016816433.33,24951565.88,0.0
2017-02-04 23:59:59.999000+00:00,16837411920.0,1012625892.73,24951565.88,0.0
2017-02-05 11:59:59.999000+00:00,16747805667.4,1005252070.47,24951565.88,0.0
2017-02-05 23:59:59.999000+00:00,16588240156.6,1005855020.81,24951565.88,0.0
2017-02-06 11:59:59.999000+00:00,16797431436.0,1012580281.68,24951565.88,0.0
2017-02-06 23:59:59.999000+00:00,16764422010.3,1009440329.89,24951540.93,0.0
2017-02-07 11:59:59.999000+00:00,17095731077.2,1022161055.83,24951546.1,0.0
2017-02-07 23:59:59.999000+00:00,17141080573.7,1020961129.98,24950996.71,0.0
2017-02-08 07:59:59.999000+00:00,17384303330.9,1023653933.24,24950996.71,0.0
2017-02-08 19:59:59.999000+00:00,17272424716.6,1018906083.15,24950971.06,0.0
2017-02-09 07:59:59.999000+00:00,17289041469.0,1013257326.83,24950971.06,0.0
2017-02-09 19:59:59.999000+00:00,15510854303.5,962805928.08,24950971.06,0.0
2017-02-10 07:59:59.999000+00:00,15670975342.4,970192350.57,24950971.06,0.0
2017-02-10 19:59:59.999000+00:00,15845724562.7,1006850944.07,24950971.06,0.0
2017-02-11 07:59:59.999000+00:00,16184899093.8,1007010987.05,24950971.06,0.0
2017-02-11 15:59:59.999000+00:00,16231000230.3,1001343165.46,24950971.06,0.0
2017-02-12 03:59:59.999000+00:00,16141291405.4,1007789727.37,24950971.06,0.0
2017-02-12 15:59:59.999000+00:00,16162068767.4,1004547960.0,24950971.06,0.0
2017-02-13 03:59:59.999000+00:00,16163255571.0,1008287344.39,24950971.06,0.0
2017-02-13 15:59:59.999000+00:00,16029051852.0,995231969.76,24950971.06,0.0
2017-02-14 03:59:59.999000+00:00,16028369423.1,1070742182.07,24950996.01,0.0
2017-02-14 15:59:59.999000+00:00,16245531810.0,1118078656.34,24950996.01,0.0
2017-02-14 23:59:59.999000+00:00,16237219721.2,1157709435.18,24950996.01,0.0
2017-02-15 11:59:59.999000+00:00,16216076793.3,1140027663.85,24950996.01,0.0
2017-02-15 23:59:59.999000+00:00,16286329281.8,1148742628.1,24995159.27,0.0
2017-02-16 11:59:59.999000+00:00,16449536749.6,1131403178.67,24977194.55,0.0
2017-02-16 23:59:59.999000+00:00,16610905026.0,1147726667.72,24952243.56,0.0
2017-02-17 11:59:59.999000+00:00,16734190500.0,1136834368.51,24951994.05,0.0
2017-02-17 23:59:59.999000+00:00,16916338976.0,1127915203.81,24951495.03,0.0
2017-02-18 07:59:59.999000+00:00,17112376798.7,1139017314.96,24951245.52,0.0
2017-02-18 19:59:59.999000+00:00,17106198410.0,1138646844.72,24951245.52,0.0
2017-02-19 07:59:59.999000+00:00,17088552924.8,1141517493.02,24951744.54,0.0
2017-02-19 19:59:59.999000+00:00,16931610976.5,1134516145.58,24948850.22,0.0
2017-02-20 07:59:59.999000+00:00,17002207906.2,1138730279.72,24950721.55,0.0
2017-02-20 19:59:59.999000+00:00,17151227720.0,1138240583.22,24950996.01,0.0
2017-02-21 07:59:59.999000+00:00,17512604944.0,1118698551.0,24950946.11,0.0
2017-02-21 15:59:59.999000+00:00,17693344645.3,1133548381.91,24945481.84,0.0
2017-02-22 03:59:59.999000+00:00,17934843419.4,1132348524.86,24942288.11,0.0
2017-02-22 15:59:59.999000+00:00,18080958061.9,1126236575.14,24950946.11,0.0
2017-02-23 03:59:59.999000+00:00,18110256615.0,1123740555.51,24948675.57,0.0
2017-02-23 15:59:59.999000+00:00,18536556661.0,1139306464.11,24949923.12,0.0
2017-02-24 03:59:59.999000+00:00,19224489184.1,1161842885.02,24950946.11,0.0
2017-02-24 11:59:59.999000+00:00,18724817123.6,1164745136.93,24950946.11,0.0
2017-02-24 23:59:59.999000+00:00,18992415818.2,1165715764.87,24950946.11,0.0
2017-02-25 11:59:59.999000+00:00,18941716010.0,1192960284.11,24951744.54,0.0
2017-02-25 23:59:59.999000+00:00,18511906560.0,1208911982.88,24951994.05,0.0
2017-02-26 11:59:59.999000+00:00,18778012772.5,1213314168.43,24956475.28,0.0
2017-02-26 23:59:59.999000+00:00,18860247630.0,1296040793.88,24951235.57,0.0
2017-02-27 11:59:59.999000+00:00,18973017120.0,1295785774.1,24952491.5,0.0
2017-02-27 19:59:59.999000+00:00,19099719511.7,1318079087.45,24952741.02,0.0
2017-02-28 07:59:59.999000+00:00,19072215928.4,1412685866.97,24948224.89,0.0
2017-02-28 19:59:59.999000+00:00,19166411348.8,1417322458.58,24948873.61,0.0
2017-03-01 07:59:59.999000+00:00,19120597529.4,1409482475.81,24950794.84,0.0
2017-03-01 19:59:59.999000+00:00,19623905785.2,1456183883.5,24951243.96,0.0
2017-03-02 07:59:59.999000+00:00,19750938487.0,1544042278.23,24950994.45,0.0
2017-03-02 19:59:59.999000+00:00,20372237352.5,1684444290.76,24950994.45,0.0
2017-03-03 03:59:59.999000+00:00,20407678800.0,1826855903.04,24950994.45,0.0
2017-03-03 15:59:59.999000+00:00,20611588400.6,1654381422.89,24950994.45,0.0
2017-03-04 03:59:59.999000+00:00,20678147243.8,1787057442.53,24950994.45,0.0
2017-03-04 15:59:59.999000+00:00,20280985088.0,1737170990.58,24951243.96,0.0
2017-03-05 03:59:59.999000+00:00,20246398344.5,1686606121.18,24951243.96,0.0
2017-03-05 15:59:59.999000+00:00,20422744830.0,1726090501.08,24951243.96,0.0
2017-03-06 03:59:59.999000+00:00,20517463934.7,1720499586.72,24951243.96,0.0
2017-03-06 11:59:59.999000+00:00,20645975154.3,1741958142.35,24951243.96,0.0
2017-03-06 23:59:59.999000+00:00,20620991547.0,1754907794.43,24951874.57,0.0
2017-03-07 11:59:59.999000+00:00,19691419037.6,1700748258.35,24950876.55,0.0
2017-03-07 23:59:59.999000+00:00,19824773912.0,1691307055.0,34951076.55,0.0
2017-03-08 11:59:59.999000+00:00,19570620927.0,1651271757.96,34951076.55,0.0
2017-03-08 23:59:59.999000+00:00,18635275050.0,1491498829.93,34950727.05,0.0
2017-03-09 11:59:59.999000+00:00,18869829750.0,1518897063.17,34950727.05,0.0
2017-03-09 19:59:59.999000+00:00,19345487483.8,1589805630.72,34946952.41,0.0
2017-03-10 07:59:59.999000+00:00,19180512425.0,1612199987.11,34946498.06,0.0
2017-03-10 19:59:59.999000+00:00,20288666277.1,1658840765.81,34950167.84,0.0
2017-03-11 07:59:59.999000+00:00,19045619589.0,1735441223.56,34950377.55,0.0
2017-03-11 19:59:59.999000+00:00,19055002872.0,1846160030.13,34950727.05,0.0
2017-03-12 07:59:59.999000+00:00,19112768406.6,2015547449.99,34951426.06,0.0
2017-03-12 19:59:59.999000+00:00,19853092740.0,2048942970.66,34953173.58,0.0
2017-03-13 03:59:59.999000+00:00,19900078540.7,2246662685.16,34957367.62,0.0
2017-03-13 15:59:59.999000+00:00,19876832441.4,2668657529.94,34951775.56,0.0
2017-03-14 03:59:59.999000+00:00,19972851111.6,2534897222.96,34951775.56,0.0
2017-03-14 15:59:59.999000+00:00,20131619256.0,2515988819.74,34951076.55,0.0
2017-03-15 03:59:59.999000+00:00,20137956854.0,2570852573.49,34951061.58,0.0
2017-03-15 15:59:59.999000+00:00,20252871270.8,2740951925.26,34950712.07,0.0
2017-03-15 23:59:59.999000+00:00,20265831337.2,3147689117.94,34950712.07,0.0
2017-03-16 11:59:59.999000+00:00,19945857956.5,3743654350.22,34951411.08,0.0
2017-03-16 23:59:59.999000+00:00,19265847025.0,4162873752.48,34951411.08,0.0
2017-03-17 11:59:59.999000+00:00,18734068591.2,4188993035.22,44952211.09,0.0
2017-03-17 23:59:59.999000+00:00,17847435956.5,4207676008.74,44952211.09,0.0
2017-03-18 11:59:59.999000+00:00,17833317138.0,3795522316.0,44952211.09,0.0
2017-03-18 23:59:59.999000+00:00,15798760668.4,3070500514.63,44952211.09,0.0
2017-03-19 07:59:59.999000+00:00,16509844052.6,3534676627.02,44954458.64,0.0
2017-03-19 19:59:59.999000+00:00,17342845220.0,4055615252.83,44953110.11,0.0
2017-03-20 07:59:59.999000+00:00,16964159423.1,4009356016.54,44952211.09,0.0
2017-03-20 19:59:59.999000+00:00,17048046277.2,3967986776.38,44967494.39,0.0
2017-03-21 07:59:59.999000+00:00,17704812897.2,3925685086.53,44954458.64,0.0
2017-03-21 19:59:59.999000+00:00,18097990807.2,3904565275.46,44952211.09,0.0
2017-03-22 07:59:59.999000+00:00,17570029728.8,3814506810.09,44952211.09,0.0
2017-03-22 15:59:59.999000+00:00,16694012013.8,3590972169.65,44951312.08,0.0
2017-03-23 03:59:59.999000+00:00,16966564301.1,3785909288.07,44952660.6,0.0
2017-03-23 15:59:59.999000+00:00,17068092055.5,3755692281.62,44954908.15,0.0
2017-03-24 03:59:59.999000+00:00,16674307402.5,3924324221.84,44952211.09,0.0
2017-03-24 15:59:59.999000+00:00,16162352874.3,4285053922.33,44955807.16,0.0
2017-03-25 03:59:59.999000+00:00,15207753815.3,4562576530.93,44946052.83,0.0
2017-03-25 15:59:59.999000+00:00,15284748080.2,4457644432.36,44951761.59,0.0
2017-03-25 23:59:59.999000+00:00,15794781101.6,4617794703.12,44947086.7,0.0
2017-03-26 11:59:59.999000+00:00,15800268038.7,4654781389.95,44952660.6,0.0
2017-03-26 23:59:59.999000+00:00,15698465530.7,4553738462.06,44951302.08,0.0
2017-03-27 11:59:59.999000+00:00,16195114475.4,4620749912.48,44951302.08,0.0
2017-03-27 23:59:59.999000+00:00,16983801540.8,4478238273.7,44951302.08,0.0
2017-03-28 11:59:59.999000+00:00,17238986060.5,4446353066.98,44951302.08,0.0
2017-03-28 23:59:59.999000+00:00,17008241725.8,4579693492.83,44951302.08,0.0
2017-03-29 07:59:59.999000+00:00,16591523707.0,4806554584.88,44951302.08,0.0
2017-03-29 19:59:59.999000+00:00,16885981864.9,4798648388.05,54942884.7,0.0
2017-03-30 07:59:59.999000+00:00,16914599134.8,4728712652.37,54950467.91,0.0
2017-03-30 19:59:59.999000+00:00,16620517154.2,4752208490.13,54950852.57,0.0
2017-03-31 07:59:59.999000+00:00,16832497140.0,4569736842.66,54951954.59,0.0
2017-03-31 19:59:59.999000+00:00,17330502540.0,4398871373.07,54950855.57,0.0
2017-04-01 07:59:59.999000+00:00,17564032948.0,4449777236.15,54946416.53,0.0
2017-04-01 15:59:59.999000+00:00,17333783240.0,4612255752.95,54937239.73,0.0
2017-04-02 03:59:59.999000+00:00,17499706731.8,4582803932.0,54931030.28,0.0
2017-04-02 15:59:59.999000+00:00,17835335312.5,4470368150.45,54939987.28,0.0
2017-04-03 03:59:59.999000+00:00,18476664655.9,4042252137.39,54942515.02,0.0
2017-04-03 15:59:59.999000+00:00,18448426863.0,4146376785.48,54950153.19,0.0
2017-04-04 03:59:59.999000+00:00,18667675357.0,3997396476.91,54956362.63,0.0
2017-04-04 15:59:59.999000+00:00,18262359566.9,4077735767.53,54949933.38,0.0
2017-04-04 23:59:59.999000+00:00,18421262062.5,4036201193.54,54951966.56,0.0
2017-04-05 11:59:59.999000+00:00,18248834691.0,4274197005.23,54951417.06,0.0
2017-04-05 23:59:59.999000+00:00,18285857774.5,4097477787.64,54956912.14,0.0
2017-04-06 11:59:59.999000+00:00,18875447401.4,4046251870.81,54954714.11,0.0
2017-04-06 23:59:59.999000+00:00,19229356147.2,3912317958.56,54947515.54,0.0
2017-04-07 11:59:59.999000+00:00,19090008386.1,3901583796.58,54940097.18,0.0
2017-04-07 19:59:59.999000+00:00,19253466442.3,3770614016.91,54944493.25,0.0
2017-04-08 07:59:59.999000+00:00,19168124172.8,3959700526.19,54939987.28,0.0
2017-04-08 19:59:59.999000+00:00,19060934883.8,4043968801.06,54935536.26,0.0
2017-04-09 07:59:59.999000+00:00,19135263852.0,4028467721.34,54882673.52,0.0
2017-04-09 19:59:59.999000+00:00,19427279142.0,3913256477.66,54945921.97,0.0
2017-04-10 07:59:59.999000+00:00,19198553746.0,3901782591.83,54946801.18,0.0
2017-04-10 19:59:59.999000+00:00,19306840712.0,3895810976.5,54928942.15,0.0
2017-04-11 03:59:59.999000+00:00,19340028692.8,3996628484.52,54944497.05,0.0
2017-04-11 15:59:59.999000+00:00,19581526424.0,3930103484.27,54943013.37,0.0
2017-04-12 03:59:59.999000+00:00,19632304850.8,3934413776.54,54939276.71,0.0
2017-04-12 15:59:59.999000+00:00,19561730769.8,3948181902.94,54935155.4,0.0
2017-04-13 03:59:59.999000+00:00,19551007699.2,4389645801.57,50714443.45,0.0
2017-04-13 15:59:59.999000+00:00,18981602916.5,4575207742.4,50728905.42,0.0
2017-04-14 03:59:59.999000+00:00,19179966576.2,4429438674.22,50726165.26,0.0
2017-04-14 11:59:59.999000+00:00,18907837016.0,4391867867.09,50726571.21,0.0
2017-04-14 23:59:59.999000+00:00,19000400017.5,4315878956.94,50692319.16,0.0
2017-04-15 11:59:59.999000+00:00,19297429370.6,4387095515.8,50739815.33,0.0
2017-04-15 23:59:59.999000+00:00,19083656460.2,4455916490.16,50740677.98,0.0
2017-04-16 11:59:59.999000+00:00,19221894465.2,4378293497.99,50740170.54,0.0
2017-04-16 23:59:59.999000+00:00,19255408765.8,4422644315.05,50716270.22,0.0
2017-04-17 11:59:59.999000+00:00,19112586850.0,4393138045.5,50713124.11,0.0
2017-04-17 19:59:59.999000+00:00,19417783810.2,4400341903.22,50718299.97,0.0
2017-04-18 07:59:59.999000+00:00,19708060813.0,4422484770.98,50713783.78,0.0
2017-04-18 19:59:59.999000+00:00,19760953464.0,4572851636.85,60716074.19,0.0
2017-04-19 07:59:59.999000+00:00,19672943097.0,4615426939.19,54745261.87,0.0
2017-04-19 19:59:59.999000+00:00,19639034857.0,4568736799.87,54801856.61,0.0
2017-04-20 07:59:59.999000+00:00,19774443058.4,4473835560.72,54792880.26,0.0
2017-04-20 19:59:59.999000+00:00,19994312008.0,4537045893.44,54671904.08,0.0
2017-04-21 03:59:59.999000+00:00,20064942152.8,4494750100.45,54620080.73,0.0
2017-04-21 15:59:59.999000+00:00,19886478353.0,4458155950.61,54661686.16,0.0
2017-04-22 03:59:59.999000+00:00,19968024870.0,4403484269.72,53452789.39,0.0
2017-04-22 15:59:59.999000+00:00,19811502652.0,4428245318.07,52341237.73,0.0
2017-04-23 03:59:59.999000+00:00,19903391025.3,4426784625.37,51104891.73,0.0
2017-04-23 15:59:59.999000+00:00,19915211430.7,4402502648.17,50523697.97,0.0
2017-04-24 03:59:59.999000+00:00,19820914286.5,4520749809.15,50336371.38,0.0
2017-04-24 11:59:59.999000+00:00,19954769951.2,4556145808.25,50340379.41,0.0
2017-04-24 23:59:59.999000+00:00,20367443800.0,4553943109.04,50231003.96,0.0
2017-04-25 11:59:59.999000+00:00,20552058524.2,4539827406.06,59333420.89,0.0
2017-04-25 23:59:59.999000+00:00,20619704236.5,4542708760.73,59158556.42,0.0
2017-04-26 11:59:59.999000+00:00,20797199596.0,4712278189.52,59398372.37,0.0
2017-04-26 23:59:59.999000+00:00,20876159410.0,4801851007.96,57277757.64,0.0
2017-04-27 07:59:59.999000+00:00,21118423118.3,5030792402.88,57371722.89,0.0
2017-04-27 15:59:59.999000+00:00,21430749438.0,5337608571.33,57425656.12,0.0
2017-04-27 23:59:59.999000+00:00,21475836448.0,5664157654.51,57450802.33,0.0
2017-04-28 11:59:59.999000+00:00,21146163660.0,5776422982.35,57621897.53,0.0
2017-04-28 23:59:59.999000+00:00,21457669552.0,6394355247.08,58064952.19,0.0
2017-04-29 11:59:59.999000+00:00,21472189254.8,6250079234.98,59042830.91,0.0
2017-04-29 23:59:59.999000+00:00,21547126640.2,6233911088.18,59055943.16,0.0
2017-04-30 11:59:59.999000+00:00,21475850713.2,6389455009.2,58975598.27,0.0
2017-04-30 19:59:59.999000+00:00,21617467851.8,7027428076.54,58983902.83,0.0
2017-05-01 07:59:59.999000+00:00,22307390469.0,7388587583.03,59020576.36,0.0
2017-05-01 19:59:59.999000+00:00,23189955387.0,6954693245.2,58992965.7,0.0
2017-05-02 07:59:59.999000+00:00,23400199218.0,7164121562.89,58884068.53,0.0
2017-05-02 19:59:59.999000+00:00,23323687555.0,7114621920.91,58808660.25,0.0
2017-05-03 07:59:59.999000+00:00,23646563655.0,7023010325.86,58797813.72,0.0
2017-05-03 19:59:59.999000+00:00,24184638210.5,7170881466.1,57348757.82,0.0
2017-05-04 03:59:59.999000+00:00,24456310905.0,7385519881.5,57384514.44,0.0
2017-05-04 15:59:59.999000+00:00,25677982262.2,8217325282.14,57884729.19,0.0
2017-05-05 03:59:59.999000+00:00,26170443870.9,9316770022.42,59148610.14,0.0
2017-05-05 15:59:59.999000+00:00,25626152000.0,9054787855.55,59341124.17,0.0
2017-05-06 03:59:59.999000+00:00,25543449272.1,8737757979.68,59829804.04,0.0
2017-05-06 15:59:59.999000+00:00,25313139320.3,8590014016.37,60315426.14,0.0
2017-05-07 03:59:59.999000+00:00,25835231775.9,8810505081.01,60471059.85,0.0
2017-05-07 11:59:59.999000+00:00,25663995809.2,8787962591.94,60515116.55,0.0
2017-05-07 23:59:59.999000+00:00,26053077974.8,8592854298.44,60468126.9,0.0
2017-05-08 11:59:59.999000+00:00,27018034172.0,8438402852.33,60406347.68,0.0
2017-05-08 23:59:59.999000+00:00,28123369330.2,8359085414.16,60360765.98,0.0
2017-05-09 11:59:59.999000+00:00,29881782675.0,7856939717.27,60411699.07,0.0
2017-05-09 23:59:59.999000+00:00,28649119972.3,8338258352.48,60558338.95,0.0
2017-05-10 11:59:59.999000+00:00,28346460754.6,8275882054.64,61079594.8,0.0
2017-05-10 19:59:59.999000+00:00,28748576190.6,8078652860.32,61236333.93,0.0
2017-05-11 07:59:59.999000+00:00,30553183176.9,8223298162.08,60962290.03,0.0
2017-05-11 19:59:59.999000+00:00,30151216235.0,8190930540.96,61036666.24,0.0
2017-05-12 07:59:59.999000+00:00,29502652046.4,8441475822.72,61174940.45,0.0
2017-05-12 19:59:59.999000+00:00,27656619011.2,8140627443.56,59940869.24,0.0
2017-05-13 07:59:59.999000+00:00,27762330444.4,8531526232.91,60621049.76,0.0
2017-05-13 19:59:59.999000+00:00,28566151487.4,8164650634.33,60548857.4,0.0
2017-05-14 03:59:59.999000+00:00,29607897319.0,8304486188.26,61120406.21,0.0
2017-05-14 15:59:59.999000+00:00,29444683755.1,8242690051.81,61164894.67,0.0
2017-05-15 03:59:59.999000+00:00,29220974685.2,8358640374.94,61341974.97,0.0
2017-05-15 15:59:59.999000+00:00,28156522238.0,8524999100.02,61206200.93,0.0
2017-05-16 03:59:59.999000+00:00,27692716220.0,8514096893.97,60421412.83,0.0
2017-05-16 15:59:59.999000+00:00,29170918881.0,8277849633.31,61459877.29,0.0
2017-05-17 03:59:59.999000+00:00,28573471806.2,8183738812.18,59102047.5,0.0
2017-05-17 11:59:59.999000+00:00,29724186550.8,8256779214.63,60299930.86,0.0
2017-05-17 23:59:59.999000+00:00,30043626195.3,8239948168.78,60551133.34,0.0
2017-05-18 11:59:59.999000+00:00,30013448037.0,8572455972.57,60620018.8,0.0
2017-05-18 23:59:59.999000+00:00,30856574835.0,8888797356.92,60346099.25,0.0
2017-05-19 11:59:59.999000+00:00,31763492741.2,10415869676.8,61012501.01,0.0
2017-05-19 23:59:59.999000+00:00,32479082014.5,11884632930.1,62469137.05,0.0
2017-05-20 07:59:59.999000+00:00,32896467769.9,11659385498.9,62334115.87,0.0
2017-05-20 19:59:59.999000+00:00,33201957558.4,11991264495.2,61795840.55,0.0
2017-05-21 07:59:59.999000+00:00,33862632528.8,12174408193.9,62058333.22,0.0
2017-05-21 19:59:59.999000+00:00,33351377375.7,13746864007.0,62076053.19,0.0
2017-05-22 07:59:59.999000+00:00,36681600407.5,17629165221.0,62763014.04,0.0
2017-05-22 19:59:59.999000+00:00,36876310176.2,17086168887.4,63347717.33,0.0
2017-05-23 07:59:59.999000+00:00,36462770232.0,16470829578.2,63095020.28,0.0
2017-05-23 15:59:59.999000+00:00,37569144829.6,16800635439.2,62927179.53,0.0
2017-05-24 03:59:59.999000+00:00,38758757854.1,17671142630.4,64422655.44,0.0
2017-05-24 15:59:59.999000+00:00,39103968874.2,17755613907.9,70863356.96,0.0
2017-05-25 03:59:59.999000+00:00,42184893010.0,18380899860.8,71164291.98,0.0
2017-05-25 15:59:59.999000+00:00,44199966498.0,18678746499.5,69563180.9,0.0
2017-05-26 03:59:59.999000+00:00,39314074712.6,16739717787.1,70060407.62,0.0
2017-05-26 15:59:59.999000+00:00,38928376012.5,16418000848.3,70097340.55,0.0
2017-05-26 23:59:59.999000+00:00,36017660893.5,14749889599.6,98433411.31,0.0
2017-05-27 11:59:59.999000+00:00,32585369776.4,13501224138.9,103109493.18,0.0
2017-05-27 23:59:59.999000+00:00,33347170525.4,14511207045.4,107480990.32,0.0
2017-05-28 11:59:59.999000+00:00,36157113103.9,16055640009.8,108867956.96,0.0
2017-05-28 23:59:59.999000+00:00,35264171109.6,15689192547.8,109449622.0,0.0
2017-05-29 11:59:59.999000+00:00,36025207463.1,16081626544.7,109634410.9,0.0
2017-05-29 23:59:59.999000+00:00,36901102917.0,17939882188.9,107261553.51,0.0
2017-05-30 07:59:59.999000+00:00,37295579393.9,20143318944.8,106065675.38,0.0
2017-05-30 19:59:59.999000+00:00,36635608342.8,19489328342.0,107124011.77,0.0
2017-05-31 07:59:59.999000+00:00,36095159090.1,20488470007.5,109859097.39,0.0
2017-05-31 19:59:59.999000+00:00,37241874453.0,21264248399.0,108578174.38,0.0
2017-06-01 07:59:59.999000+00:00,39078368410.0,21397966004.2,107241604.71,0.0
2017-06-01 19:59:59.999000+00:00,38957774006.3,20110940639.0,108458481.57,0.0
2017-06-02 07:59:59.999000+00:00,39966663065.0,20641661059.8,108845908.29,0.0
2017-06-02 15:59:59.999000+00:00,39665380351.3,20470684040.6,108929903.24,0.0
2017-06-03 03:59:59.999000+00:00,40550746792.0,20708635862.8,107932463.18,0.0
2017-06-03 15:59:59.999000+00:00,41658995040.0,20301541959.3,108268442.99,0.0
2017-06-04 03:59:59.999000+00:00,40819988757.9,21457915554.0,107602783.0,0.0
2017-06-04 15:59:59.999000+00:00,41042182140.3,22944835358.0,106329209.54,0.0
2017-06-05 03:59:59.999000+00:00,41878864759.8,22869348256.3,106687238.02,0.0
2017-06-05 15:59:59.999000+00:00,42684990677.7,22760246754.1,107213256.41,0.0
2017-06-05 23:59:59.999000+00:00,43994968834.2,22917910489.0,106757583.8,0.0
2017-06-06 11:59:59.999000+00:00,46712468407.2,23848315674.9,106157019.89,0.0
2017-06-06 23:59:59.999000+00:00,46888622160.0,24401181120.6,105500809.33,0.0
2017-06-07 11:59:59.999000+00:00,46459943505.0,24183056620.4,105557505.92,0.0
2017-06-07 23:59:59.999000+00:00,44748237217.9,23818300201.8,105936533.14,0.0
2017-06-08 11:59:59.999000+00:00,45525956610.5,24180270483.3,105863037.56,0.0
2017-06-08 23:59:59.999000+00:00,45957247988.5,24157329920.9,128100686.0,0.0
2017-06-09 07:59:59.999000+00:00,46093653732.0,24409660014.2,127761552.45,0.0
2017-06-09 19:59:59.999000+00:00,46992463064.0,25416685352.2,127965542.56,0.0
2017-06-10 07:59:59.999000+00:00,46200840465.0,26787316924.3,128503566.46,0.0
2017-06-10 19:59:59.999000+00:00,47496507149.9,29622111696.5,129174183.93,0.0
2017-06-11 07:59:59.999000+00:00,47679330360.7,32327607409.5,129174183.93,0.0
2017-06-11 19:59:59.999000+00:00,48303088377.7,32086188660.6,127904345.53,0.0
2017-06-12 03:59:59.999000+00:00,48580674351.0,32186160668.7,127810000.1,0.0
2017-06-12 15:59:59.999000+00:00,45276548349.5,36056109935.6,131633539.63,0.0
2017-06-13 03:59:59.999000+00:00,43635672080.0,36798175278.2,132203436.98,0.0
2017-06-13 15:59:59.999000+00:00,44849855222.6,36160930100.1,129453395.38,0.0
2017-06-14 03:59:59.999000+00:00,45007961127.5,36630433271.1,129282553.67,0.0
2017-06-14 15:59:59.999000+00:00,43110423776.3,34864754142.0,131449948.53,0.0
2017-06-15 03:59:59.999000+00:00,41237361805.1,32872959248.3,130999895.36,0.0
2017-06-15 11:59:59.999000+00:00,38512577297.3,29924006455.9,132718512.0,0.0
2017-06-15 23:59:59.999000+00:00,40402259202.0,33485258151.5,129716032.64,0.0
2017-06-16 11:59:59.999000+00:00,40480701332.5,33528599480.5,133055095.67,0.0
2017-06-16 23:59:59.999000+00:00,41291821422.7,34263095461.8,129485268.84,0.0
2017-06-17 11:59:59.999000+00:00,42523285919.9,34499870409.5,126923025.63,0.0
2017-06-17 23:59:59.999000+00:00,43548031451.6,35124053707.0,126038346.04,0.0
2017-06-18 11:59:59.999000+00:00,42450496082.5,35479523232.4,125788075.68,0.0
2017-06-18 19:59:59.999000+00:00,41589770768.0,34557207944.1,128590262.25,0.0
2017-06-19 07:59:59.999000+00:00,42571995216.0,34744800412.6,125906134.96,0.0
2017-06-19 19:59:59.999000+00:00,42354207382.5,34267543776.0,126774495.33,0.0
2017-06-20 07:59:59.999000+00:00,42906589688.0,34788294634.7,142652484.52,0.0
2017-06-20 19:59:59.999000+00:00,45036507259.6,32901168186.1,139307886.76,0.0
2017-06-21 07:59:59.999000+00:00,44852868849.5,32139773711.4,139678592.34,0.0
2017-06-21 19:59:59.999000+00:00,44096127893.5,29984133892.0,139527531.98,0.0
2017-06-22 03:59:59.999000+00:00,44081040718.5,31082021337.2,142432983.99,0.0
2017-06-22 15:59:59.999000+00:00,44673664419.2,31363790616.0,140339553.73,0.0
2017-06-23 03:59:59.999000+00:00,44594533500.8,31328205578.6,140516080.2,0.0
2017-06-23 15:59:59.999000+00:00,45064101961.4,31630939843.0,145339159.46,0.0
2017-06-24 03:59:59.999000+00:00,45101385547.5,31774397489.3,145851375.6,0.0
2017-06-24 15:59:59.999000+00:00,44384230742.5,31169407933.5,147247671.02,0.0
2017-06-25 03:59:59.999000+00:00,42497836588.5,30062696799.6,147353297.51,0.0
2017-06-25 11:59:59.999000+00:00,43890072343.1,30304490418.5,146243495.87,0.0
2017-06-25 23:59:59.999000+00:00,42495001715.8,28138409363.6,146596548.8,0.0
2017-06-26 11:59:59.999000+00:00,41738245279.9,26470686742.4,148079660.51,0.0
2017-06-26 23:59:59.999000+00:00,40677994353.8,25309759967.6,146155232.64,0.0
2017-06-27 11:59:59.999000+00:00,39692646135.0,22916585941.0,147095742.5,0.0
2017-06-27 23:59:59.999000+00:00,41897190525.0,27211279055.1,145725491.98,0.0
2017-06-28 11:59:59.999000+00:00,41458272084.8,27144198265.8,146039477.58,0.0
2017-06-28 19:59:59.999000+00:00,42050791815.7,29449035163.8,146466324.36,0.0
2017-06-29 07:59:59.999000+00:00,42270919739.2,30299936212.4,146793332.41,0.0
2017-06-29 19:59:59.999000+00:00,42242051943.5,29025012732.4,218439628.71,0.0
2017-06-30 07:59:59.999000+00:00,41322072656.0,28059488379.3,218663208.85,0.0
2017-06-30 19:59:59.999000+00:00,41496843130.1,27937488142.4,215438499.98,0.0
2017-07-01 07:59:59.999000+00:00,41182184084.2,26330179990.6,218465426.7,0.0
2017-07-01 15:59:59.999000+00:00,40726608547.0,26280437475.7,218783597.98,0.0
2017-07-02 03:59:59.999000+00:00,39544673977.2,24760315211.7,220473345.43,0.0
2017-07-02 15:59:59.999000+00:00,40180627363.0,25332466186.2,218368685.44,0.0
2017-07-03 03:59:59.999000+00:00,40773883312.5,26569750547.5,223245103.29,0.0
2017-07-03 15:59:59.999000+00:00,42413885214.8,26851136831.5,219834524.21,0.0
2017-07-04 03:59:59.999000+00:00,42974348661.3,26439077916.3,218537288.72,0.0
2017-07-04 15:59:59.999000+00:00,42624167161.3,25873798248.0,220719716.06,0.0
2017-07-04 23:59:59.999000+00:00,42740618672.7,25425860777.0,219722764.07,0.0
2017-07-05 11:59:59.999000+00:00,41953796640.0,24788671191.6,221846016.64,0.0
2017-07-05 23:59:59.999000+00:00,42751085998.5,25011710284.7,219201850.05,0.0
2017-07-06 11:59:59.999000+00:00,42598772373.8,25699746773.7,220752713.15,0.0
2017-07-06 23:59:59.999000+00:00,42863758794.7,25179348910.6,220773285.96,0.0
2017-07-07 11:59:59.999000+00:00,41923121493.0,23907522911.3,224066406.82,0.0
2017-07-07 23:59:59.999000+00:00,41391217674.5,22900134646.4,221739004.1,0.0
2017-07-08 07:59:59.999000+00:00,41090552973.1,23764204440.7,222524337.53,0.0
2017-07-08 19:59:59.999000+00:00,42013542353.5,23103443404.4,220172736.87,0.0
2017-07-09 07:59:59.999000+00:00,42903306338.9,23344204567.1,221615814.54,0.0
2017-07-09 19:59:59.999000+00:00,41893183318.4,22702310978.1,220993267.31,0.0
2017-07-10 07:59:59.999000+00:00,41540228743.5,22601410674.8,221030664.14,0.0
2017-07-10 19:59:59.999000+00:00,40074563499.0,20738501065.8,237317067.74,0.0
2017-07-11 07:59:59.999000+00:00,38509090982.2,18057243572.3,244281450.15,0.0
2017-07-11 15:59:59.999000+00:00,38880736105.9,18714578669.7,262275595.9,0.0
2017-07-12 03:59:59.999000+00:00,37616742872.5,18186262589.7,261734223.81,0.0
2017-07-12 15:59:59.999000+00:00,39292998375.0,19362186438.9,271684514.68,0.0
2017-07-13 03:59:59.999000+00:00,39750249700.0,21374932764.5,270035709.8,0.0
2017-07-13 15:59:59.999000+00:00,38840613945.9,19096210049.3,273193575.69,0.0
2017-07-14 03:59:59.999000+00:00,38292115420.2,19047499950.6,292051922.28,0.0
2017-07-14 15:59:59.999000+00:00,37386324829.5,17947255750.9,291594541.78,0.0
2017-07-14 23:59:59.999000+00:00,36734255487.5,18625794688.3,290349772.07,0.0
2017-07-15 11:59:59.999000+00:00,33992024623.5,17255285632.1,291591646.97,0.0
2017-07-15 23:59:59.999000+00:00,32880721299.8,15923953592.6,295061456.31,0.0
2017-07-16 11:59:59.999000+00:00,31110506867.4,12910451302.1,297125770.42,0.0
2017-07-16 23:59:59.999000+00:00,31748939342.8,14687441604.6,294234258.26,0.0
2017-07-17 11:59:59.999000+00:00,33147748271.0,15368669960.9,295933121.04,0.0
2017-07-17 23:59:59.999000+00:00,36665393516.9,18057735704.2,293584830.0,0.0
2017-07-18 07:59:59.999000+00:00,37467506372.3,18133101851.4,301367211.31,0.0
2017-07-18 19:59:59.999000+00:00,38785905938.8,22034154567.0,298484810.63,0.0
2017-07-19 07:59:59.999000+00:00,39448337720.0,22834305586.2,309257121.56,0.0
2017-07-19 19:59:59.999000+00:00,37627054069.3,19452039279.5,318328295.69,0.0
2017-07-20 07:59:59.999000+00:00,38329714678.2,19319400112.1,319009286.07,0.0
2017-07-20 19:59:59.999000+00:00,43382830462.0,21122331505.5,319358166.56,0.0
2017-07-21 07:59:59.999000+00:00,45276084528.0,21884296257.0,317784637.52,0.0
2017-07-21 15:59:59.999000+00:00,44565711637.2,20819872039.5,318163885.58,0.0
2017-07-22 03:59:59.999000+00:00,44535127712.3,20701932411.1,318224271.33,0.0
2017-07-22 15:59:59.999000+00:00,45665901011.0,20796311702.9,317722015.26,0.0
2017-07-23 03:59:59.999000+00:00,46131671274.0,21436114479.3,318104133.66,0.0
2017-07-23 15:59:59.999000+00:00,45431838629.1,21146938241.2,319279578.99,0.0
2017-07-24 03:59:59.999000+00:00,45184753997.6,21043409330.5,317937673.47,0.0
2017-07-24 11:59:59.999000+00:00,45244138277.2,21050316166.1,318371556.26,0.0
2017-07-24 23:59:59.999000+00:00,45366654309.3,21016755176.6,317583346.52,0.0
2017-07-25 11:59:59.999000+00:00,42589734339.8,19340250208.7,321958278.0,0.0
2017-07-25 23:59:59.999000+00:00,42433788244.0,19338262506.3,319438051.64,0.0
2017-07-26 11:59:59.999000+00:00,41925714502.6,19160933037.5,319875129.44,0.0
2017-07-26 23:59:59.999000+00:00,41663929264.6,19085332800.0,318528431.4,0.0
2017-07-27 11:59:59.999000+00:00,42663906054.9,19233300291.8,319827204.24,0.0
2017-07-27 19:59:59.999000+00:00,42658806085.8,18937567449.0,319206313.28,0.0
2017-07-28 07:59:59.999000+00:00,45164596518.0,18887727671.4,318744953.53,0.0
2017-07-28 19:59:59.999000+00:00,45656620875.0,18313981544.8,319619428.35,0.0
2017-07-29 07:59:59.999000+00:00,45468302480.8,17354346658.5,319804739.05,0.0
2017-07-29 19:59:59.999000+00:00,45140449864.8,18333649447.3,319868639.29,0.0
2017-07-30 07:59:59.999000+00:00,43865225025.5,18552782991.4,319266060.01,0.0
2017-07-30 19:59:59.999000+00:00,45158270222.2,18832521294.0,319862249.27,0.0
2017-07-31 03:59:59.999000+00:00,44990153074.1,18483342632.8,320226480.65,0.0
2017-07-31 15:59:59.999000+00:00,46055726367.5,18616996938.3,319561918.13,0.0
2017-08-01 03:59:59.999000+00:00,47397180270.5,19866036494.7,319334113.76,0.0
2017-08-01 15:59:59.999000+00:00,44523437050.2,20531570527.3,316743597.93,0.0
2017-08-02 03:59:59.999000+00:00,44584050993.8,21269220445.6,318992247.47,0.0
2017-08-02 15:59:59.999000+00:00,44500606106.1,20631970205.1,319162222.11,0.0
2017-08-03 03:59:59.999000+00:00,45261037648.8,20734428071.1,319878224.33,0.0
2017-08-03 11:59:59.999000+00:00,45426235656.0,21329488579.4,318838551.33,0.0
2017-08-03 23:59:59.999000+00:00,46239970790.2,21128736917.8,309693788.07,0.0
2017-08-04 11:59:59.999000+00:00,47272558570.5,21002564312.7,321558784.52,0.0
2017-08-04 23:59:59.999000+00:00,47749461443.0,20920682038.0,320891027.02,0.0
2017-08-05 11:59:59.999000+00:00,51964715319.0,22444702371.3,320341484.96,0.0
2017-08-05 23:59:59.999000+00:00,53643452553.9,24061766193.9,318962522.98,0.0
2017-08-06 11:59:59.999000+00:00,52465498603.7,24213399338.8,319403754.14,0.0
2017-08-06 19:59:59.999000+00:00,53834039907.3,24995374451.6,319156779.71,0.0
2017-08-07 07:59:59.999000+00:00,53326056730.0,24608515169.8,318880730.69,0.0
2017-08-07 19:59:59.999000+00:00,54974882123.5,25134924736.3,316793109.83,0.0
2017-08-08 07:59:59.999000+00:00,56814023131.2,25597108869.4,318819386.45,0.0
2017-08-08 19:59:59.999000+00:00,56445766819.0,27342927253.9,319078182.43,0.0
2017-08-09 07:59:59.999000+00:00,56022722080.6,28779915585.5,319715267.82,0.0
2017-08-09 19:59:59.999000+00:00,55035844995.0,27834780783.5,319629002.5,0.0
2017-08-10 03:59:59.999000+00:00,54944379393.8,27428972577.1,320034769.03,0.0
2017-08-10 15:59:59.999000+00:00,56305363092.0,28686032988.2,319561907.25,0.0
2017-08-11 03:59:59.999000+00:00,56622601060.0,28248441448.2,319526762.12,0.0
2017-08-11 15:59:59.999000+00:00,58225109791.6,28030865902.3,317396008.6,0.0
2017-08-12 03:59:59.999000+00:00,60549248569.2,29324525590.3,319451998.83,0.0
2017-08-12 15:59:59.999000+00:00,63671905826.9,29661346416.1,320376635.31,0.0
2017-08-12 23:59:59.999000+00:00,64111163866.0,29183139234.1,319862238.38,0.0
2017-08-13 11:59:59.999000+00:00,65880891675.6,27557408924.6,318401798.38,0.0
2017-08-13 23:59:59.999000+00:00,67230528988.6,28011760530.6,319059012.36,0.0
2017-08-14 11:59:59.999000+00:00,68745358682.5,28449724079.3,318795204.14,0.0
2017-08-14 23:59:59.999000+00:00,71394704653.5,28209451116.8,318914378.13,0.0
2017-08-15 11:59:59.999000+00:00,68719857398.0,27445417724.0,323581333.65,0.0
2017-08-15 23:59:59.999000+00:00,69038855080.5,27249639651.1,319990139.01,0.0
2017-08-16 07:59:59.999000+00:00,67818263584.5,27155684811.5,320472585.98,0.0
2017-08-16 19:59:59.999000+00:00,71079276711.0,28243112929.5,319923043.74,0.0
2017-08-17 07:59:59.999000+00:00,72024601533.3,29017002918.8,318264192.98,0.0
2017-08-17 19:59:59.999000+00:00,71617260945.0,28414266237.6,318083371.26,0.0
2017-08-18 07:59:59.999000+00:00,71417591499.2,28889312090.3,320910318.92,0.0
2017-08-18 19:59:59.999000+00:00,68625756182.3,28027981924.8,323181973.29,0.0
2017-08-19 07:59:59.999000+00:00,67290662223.8,27766526695.7,320817663.54,0.0
2017-08-19 15:59:59.999000+00:00,66863299878.0,27428152202.3,321207455.15,0.0
2017-08-20 03:59:59.999000+00:00,67673507967.0,27730220097.8,319145074.14,0.0
2017-08-20 15:59:59.999000+00:00,68033722702.5,27893751196.4,319469367.98,0.0
2017-08-21 03:59:59.999000+00:00,67333900928.1,28361742156.6,319351791.49,0.0
2017-08-21 15:59:59.999000+00:00,67008332360.0,31573429071.4,321760192.43,0.0
2017-08-22 03:59:59.999000+00:00,63850133140.1,29294900056.1,319974180.06,0.0
2017-08-22 15:59:59.999000+00:00,64911830648.0,29188992479.8,320760153.3,0.0
2017-08-22 23:59:59.999000+00:00,67743202431.2,29646659313.6,321584466.7,0.0
2017-08-23 11:59:59.999000+00:00,69958639600.0,30285065477.6,319996545.15,0.0
2017-08-23 23:59:59.999000+00:00,68593954170.2,29911326161.9,320143515.76,0.0
2017-08-24 11:59:59.999000+00:00,69280230102.5,30624515874.9,319839989.51,0.0
2017-08-24 23:59:59.999000+00:00,71625870868.2,30680964299.9,321073264.59,0.0
2017-08-25 11:59:59.999000+00:00,72042576371.5,31233554904.5,320616377.71,0.0
2017-08-25 23:59:59.999000+00:00,72241507489.2,31281210162.4,320415041.74,0.0
2017-08-26 07:59:59.999000+00:00,72111937676.8,31257329570.2,320133880.62,0.0
2017-08-26 19:59:59.999000+00:00,71488095412.5,31411048151.1,319641848.67,0.0
2017-08-27 07:59:59.999000+00:00,71726452409.0,31673285453.3,319760064.14,0.0
2017-08-27 19:59:59.999000+00:00,72683861877.0,32115662423.1,320002885.1,0.0
2017-08-28 07:59:59.999000+00:00,70808906894.7,32191314431.5,319820769.38,0.0
2017-08-28 19:59:59.999000+00:00,71929424700.0,32535799369.8,320227015.12,0.0
2017-08-29 07:59:59.999000+00:00,71943263600.3,33269482524.1,320028926.02,0.0
2017-08-29 15:59:59.999000+00:00,75742821686.6,34404832264.8,320258964.98,0.0
2017-08-30 03:59:59.999000+00:00,76020516041.8,35233143136.4,320329203.53,0.0
2017-08-30 15:59:59.999000+00:00,75050985826.6,35554045596.9,319875515.65,0.0
2017-08-31 03:59:59.999000+00:00,76160889062.5,35918233557.0,320012900.01,0.0
2017-08-31 15:59:59.999000+00:00,77114791217.5,36065534540.6,320472978.85,0.0
2017-09-01 03:59:59.999000+00:00,78268883896.0,36739524851.1,320284474.73,0.0
2017-09-01 15:59:59.999000+00:00,79613238482.5,36653485282.0,322584636.24,0.0
2017-09-01 23:59:59.999000+00:00,80905039782.0,36593410761.0,320894490.32,0.0
2017-09-02 11:59:59.999000+00:00,77439249387.5,33863566746.2,328449764.59,0.0
2017-09-02 23:59:59.999000+00:00,75734114961.8,32942250737.6,350148972.12,0.0
2017-09-03 11:59:59.999000+00:00,75305552098.0,32180686069.9,348721379.25,0.0
2017-09-03 23:59:59.999000+00:00,75812181333.5,32807142041.2,364809999.0,0.0
2017-09-04 11:59:59.999000+00:00,71373084252.5,28159458906.3,372159124.33,0.0
2017-09-04 19:59:59.999000+00:00,70395196560.0,28487958589.8,378601783.85,0.0
2017-09-05 07:59:59.999000+00:00,69699663036.0,28171696298.2,391619538.2,0.0
2017-09-05 19:59:59.999000+00:00,72745087751.3,29605698398.9,388276017.11,0.0
2017-09-06 07:59:59.999000+00:00,75209434890.7,30881928010.3,402616949.18,0.0
2017-09-06 19:59:59.999000+00:00,75985140609.9,31444785582.5,386781447.77,0.0
2017-09-07 07:59:59.999000+00:00,74486665752.7,30411211793.4,385940355.66,0.0
2017-09-07 19:59:59.999000+00:00,76055495967.5,31052035721.0,395162337.58,0.0
2017-09-08 03:59:59.999000+00:00,76088776547.1,30790260679.8,394134786.37,0.0
2017-09-08 15:59:59.999000+00:00,71670778986.2,28300102642.2,401461502.09,0.0
2017-09-09 03:59:59.999000+00:00,69504141328.0,27541486564.0,397244998.84,0.0
2017-09-09 15:59:59.999000+00:00,69311174166.5,27672358298.9,406023081.05,0.0
2017-09-10 03:59:59.999000+00:00,68381001052.0,26948263310.2,406119968.52,0.0
2017-09-10 15:59:59.999000+00:00,67352516066.2,26923505266.2,406475222.57,0.0
2017-09-11 03:59:59.999000+00:00,70250768143.1,28309785522.3,404141849.39,0.0
2017-09-11 11:59:59.999000+00:00,68542076948.8,27406551848.9,403867334.9,0.0
2017-09-11 23:59:59.999000+00:00,68907352119.2,27852586150.0,404132451.05,0.0
2017-09-12 11:59:59.999000+00:00,71340772572.4,28921108034.9,404515966.52,0.0
2017-09-12 23:59:59.999000+00:00,68412822896.0,27568017612.9,405836067.13,0.0
2017-09-13 11:59:59.999000+00:00,63892787437.7,25210135880.2,418040209.68,0.0
2017-09-13 23:59:59.999000+00:00,64311123695.2,26215830135.1,414751290.78,0.0
2017-09-14 11:59:59.999000+00:00,58469248275.2,22791315840.0,421581485.89,0.0
2017-09-14 19:59:59.999000+00:00,55158685589.3,21994283599.5,417052067.69,0.0
2017-09-15 07:59:59.999000+00:00,50862435617.2,20329515882.7,414299111.96,0.0
2017-09-15 19:59:59.999000+00:00,60297067423.4,23772813813.1,446556494.74,0.0
2017-09-16 07:59:59.999000+00:00,62364860970.0,24422965349.2,445481265.32,0.0
2017-09-16 19:59:59.999000+00:00,60071567527.4,23357175317.6,445251175.08,0.0
2017-09-17 07:59:59.999000+00:00,57811544241.5,22527570973.5,444830817.9,0.0
2017-09-17 19:59:59.999000+00:00,60105877618.6,24143116267.6,444667099.84,0.0
2017-09-18 03:59:59.999000+00:00,61114999799.2,25976297976.6,442600712.43,0.0
2017-09-18 15:59:59.999000+00:00,66319577167.8,27208536412.7,444113998.28,0.0
2017-09-19 03:59:59.999000+00:00,66212294011.0,27220301630.5,443746738.85,0.0
2017-09-19 15:59:59.999000+00:00,66325340049.2,27326230748.3,443344080.92,0.0
2017-09-20 03:59:59.999000+00:00,64494274964.6,26638384988.5,441799378.9,0.0
2017-09-20 15:59:59.999000+00:00,66191928933.5,27350671686.6,443065317.74,0.0
2017-09-21 03:59:59.999000+00:00,63884294481.4,26587240401.4,443866208.39,0.0
2017-09-21 11:59:59.999000+00:00,64188462398.9,26858412543.3,443260009.09,0.0
2017-09-21 23:59:59.999000+00:00,60202370872.0,24502550354.3,444569753.58,0.0
2017-09-22 11:59:59.999000+00:00,59395977157.3,24313676400.6,446751186.1,0.0
2017-09-22 23:59:59.999000+00:00,60203040223.4,25049676631.9,444512231.02,0.0
2017-09-23 11:59:59.999000+00:00,63060712880.2,26800975784.9,442222833.07,0.0
2017-09-23 23:59:59.999000+00:00,62892069388.8,27125537826.4,443406022.9,0.0
2017-09-24 11:59:59.999000+00:00,61352019921.0,26747891337.0,443671511.64,0.0
2017-09-24 19:59:59.999000+00:00,61427546428.5,27153022665.7,443503368.77,0.0
2017-09-25 07:59:59.999000+00:00,62804642265.0,27419398406.1,443087436.41,0.0
2017-09-25 19:59:59.999000+00:00,65098711564.0,27680723289.3,442835222.1,0.0
2017-09-26 07:59:59.999000+00:00,65065720631.0,27643564799.2,443454695.84,0.0
2017-09-26 19:59:59.999000+00:00,64979260082.3,27298311237.5,426874192.04,0.0
2017-09-27 07:59:59.999000+00:00,65377706363.3,27409607255.3,426978822.15,0.0
2017-09-27 15:59:59.999000+00:00,67472958877.0,28155583086.3,426264775.03,0.0
2017-09-28 03:59:59.999000+00:00,69593986216.2,29023324850.7,426709346.23,0.0
2017-09-28 15:59:59.999000+00:00,68556274977.5,28121023845.9,428573470.43,0.0
2017-09-29 03:59:59.999000+00:00,67284967785.0,26638752029.4,430418376.86,0.0
2017-09-29 15:59:59.999000+00:00,69419241986.2,27701998595.4,436594453.19,0.0
2017-09-30 03:59:59.999000+00:00,69688405785.7,28078826813.2,436374174.1,0.0
2017-09-30 15:59:59.999000+00:00,71987346329.6,28707852179.5,435722078.1,0.0
2017-09-30 23:59:59.999000+00:00,72008428789.3,28607406297.7,435526611.88,0.0
2017-10-01 11:59:59.999000+00:00,71731293336.7,28336355714.2,436357465.93,0.0
2017-10-01 23:59:59.999000+00:00,73094870673.9,28694730559.4,437028355.44,0.0
2017-10-02 11:59:59.999000+00:00,73200757576.5,28466179519.7,438591287.63,0.0
2017-10-02 23:59:59.999000+00:00,73195646775.8,28237763673.8,437804576.8,0.0
2017-10-03 11:59:59.999000+00:00,71681576733.6,27776738637.7,438145484.82,0.0
2017-10-03 23:59:59.999000+00:00,71681069637.0,27766443809.3,437114019.51,0.0
2017-10-04 07:59:59.999000+00:00,72149142955.8,28063460835.0,437092166.43,0.0
2017-10-04 19:59:59.999000+00:00,70233219447.0,27860391508.5,438783594.72,0.0
2017-10-05 07:59:59.999000+00:00,69434638826.8,27517574902.5,438058072.51,0.0
2017-10-05 19:59:59.999000+00:00,72443325541.7,28211892145.8,437690940.79,0.0
2017-10-06 07:59:59.999000+00:00,73063729068.8,28444260516.1,437419962.61,0.0
2017-10-06 19:59:59.999000+00:00,72128698585.3,28625505256.9,437205802.44,0.0
2017-10-07 07:59:59.999000+00:00,71912886212.8,29118357118.3,435755195.09,0.0
2017-10-07 15:59:59.999000+00:00,72087544430.0,29392242222.5,435332556.54,0.0
2017-10-08 03:59:59.999000+00:00,73419742322.5,29565178864.2,435020499.56,0.0
2017-10-08 15:59:59.999000+00:00,75931497543.0,29689891070.2,436495145.32,0.0
2017-10-09 03:59:59.999000+00:00,76855195182.8,28955516459.1,435780112.58,0.0
2017-10-09 15:59:59.999000+00:00,77347255081.2,28489557522.0,437192695.6,0.0
2017-10-10 03:59:59.999000+00:00,79554881851.8,28331006559.6,437568568.55,0.0
2017-10-10 15:59:59.999000+00:00,79901842991.2,29022222222.0,437258254.83,0.0
2017-10-10 23:59:59.999000+00:00,79457603223.9,28501667385.4,436817259.7,0.0
2017-10-11 11:59:59.999000+00:00,79850795120.0,28633211316.6,436856158.18,0.0
2017-10-11 23:59:59.999000+00:00,80205238020.0,28847211567.6,436460617.46,0.0
2017-10-12 11:59:59.999000+00:00,86213686684.4,29189205481.0,437795840.57,0.0
2017-10-12 23:59:59.999000+00:00,90525666971.7,28916525239.7,435935269.44,0.0
2017-10-13 11:59:59.999000+00:00,94189253490.2,31399311865.7,436289726.38,0.0
2017-10-13 23:59:59.999000+00:00,93864253933.5,32213441853.9,437083430.2,0.0
2017-10-14 07:59:59.999000+00:00,93606319773.0,32958444056.6,436907731.45,0.0
2017-10-14 19:59:59.999000+00:00,94745875588.0,32776780770.0,436367086.28,0.0
2017-10-15 07:59:59.999000+00:00,96032616902.2,32307015725.0,436406958.73,0.0
2017-10-15 19:59:59.999000+00:00,91815992040.0,31351333644.0,436543321.98,0.0
2017-10-16 07:59:59.999000+00:00,92970751608.5,32255634047.2,434229954.52,0.0
2017-10-16 19:59:59.999000+00:00,93341619789.0,31786189051.9,432059069.17,0.0
2017-10-17 03:59:59.999000+00:00,92637360757.5,31224357298.1,433404782.07,0.0
2017-10-17 15:59:59.999000+00:00,94118919923.6,30484941018.2,442861485.58,0.0
2017-10-18 03:59:59.999000+00:00,91358951059.0,29256464590.4,436670943.98,0.0
2017-10-18 15:59:59.999000+00:00,88911685836.8,29134289789.8,433340971.07,0.0
2017-10-19 03:59:59.999000+00:00,93707506650.2,29826764123.1,437489997.57,0.0
2017-10-19 15:59:59.999000+00:00,93922918969.3,29414653799.3,440287192.3,0.0
2017-10-20 03:59:59.999000+00:00,94916192295.5,29391496010.0,437175313.16,0.0
2017-10-20 11:59:59.999000+00:00,93955236301.5,29043825085.1,436299773.96,0.0
2017-10-20 23:59:59.999000+00:00,100007083345.0,28947916800.4,437507375.09,0.0
2017-10-21 11:59:59.999000+00:00,101963527792.0,28171803321.4,436851877.68,0.0
2017-10-21 23:59:59.999000+00:00,100353682389.0,28590314193.9,437467634.17,0.0
2017-10-22 11:59:59.999000+00:00,97394103086.5,28080876865.4,437791059.43,0.0
2017-10-22 23:59:59.999000+00:00,99981911326.0,28144794781.6,437904695.33,0.0
2017-10-23 11:59:59.999000+00:00,98748403460.0,27471652878.7,437817283.1,0.0
2017-10-23 19:59:59.999000+00:00,98940779341.0,27275699635.6,438988607.03,0.0
2017-10-24 07:59:59.999000+00:00,95855156497.2,29174155435.9,437039751.28,0.0
2017-10-24 19:59:59.999000+00:00,94789406992.0,29229741891.4,438770076.44,0.0
2017-10-25 07:59:59.999000+00:00,93127271324.7,28704999326.9,437708017.81,0.0
2017-10-25 19:59:59.999000+00:00,93630074791.7,28522213501.9,435249172.55,0.0
2017-10-26 07:59:59.999000+00:00,95708097494.9,28350773951.0,438084391.58,0.0
2017-10-26 19:59:59.999000+00:00,98249597229.0,28196943242.1,437516211.41,0.0
2017-10-27 03:59:59.999000+00:00,98788158382.5,28431804019.6,437066037.9,0.0
2017-10-27 19:59:59.999000+00:00,96193147424.2,28348688618.0,438062538.5,0.0
2017-10-28 07:59:59.999000+00:00,96683772418.6,28238220623.4,438101874.05,0.0
2017-10-28 19:59:59.999000+00:00,96440811108.5,28406708447.9,438237363.16,0.0
2017-10-29 07:59:59.999000+00:00,96800613165.0,28572719080.4,436808171.51,0.0
2017-10-29 19:59:59.999000+00:00,101383587538.0,29175951224.2,437044621.87,0.0
2017-10-30 07:59:59.999000+00:00,102277335922.0,29551925657.1,452319342.43,0.0
2017-10-30 15:59:59.999000+00:00,101323538382.0,29315424049.8,451317573.78,0.0
2017-10-31 03:59:59.999000+00:00,102238834892.0,29482755587.2,451798567.39,0.0
2017-10-31 15:59:59.999000+00:00,106168871344.0,29281117968.5,452473043.4,0.0
2017-11-01 03:59:59.999000+00:00,107297614271.0,29014338261.4,452228930.1,0.0
2017-11-01 15:59:59.999000+00:00,109852750772.0,28620504056.4,451500206.69,0.0
2017-11-02 03:59:59.999000+00:00,115110240832.0,27546328014.5,451673798.37,0.0
2017-11-02 15:59:59.999000+00:00,118893661062.0,27722315020.0,454050738.62,0.0
2017-11-02 23:59:59.999000+00:00,117933380780.0,27445442367.9,452513728.95,0.0
2017-11-03 11:59:59.999000+00:00,121904197980.0,28424867665.4,467832319.03,0.0
2017-11-03 23:59:59.999000+00:00,120097405359.0,29197317355.4,490139897.02,0.0
2017-11-04 11:59:59.999000+00:00,118822461739.0,28906597920.8,488625135.23,0.0
2017-11-04 23:59:59.999000+00:00,122978748805.0,28702737364.9,495094256.16,0.0
2017-11-05 11:59:59.999000+00:00,126010508299.0,28484807931.9,495291880.83,0.0
2017-11-05 23:59:59.999000+00:00,123449206170.0,28307052340.9,493468793.28,0.0
2017-11-06 07:59:59.999000+00:00,122245477207.0,28262424113.3,494950978.28,0.0
2017-11-06 19:59:59.999000+00:00,117691412952.0,29080841811.7,494081429.75,0.0
2017-11-07 07:59:59.999000+00:00,120152783406.0,28759175706.1,493890721.94,0.0
2017-11-07 19:59:59.999000+00:00,118734815745.0,27989451554.7,495864992.37,0.0
2017-11-08 07:59:59.999000+00:00,122863033228.0,28452559464.7,514596291.41,0.0
2017-11-08 19:59:59.999000+00:00,121471617492.0,30174850712.6,517711505.12,0.0
2017-11-09 03:59:59.999000+00:00,122596126220.0,29546424169.5,535765324.0,0.0
2017-11-09 15:59:59.999000+00:00,119660196946.0,31415290658.3,534307335.65,0.0
2017-11-10 03:59:59.999000+00:00,121014904540.0,30572892671.0,565578993.16,0.0
2017-11-10 15:59:59.999000+00:00,114413658005.0,29235514727.8,564608807.1,0.0
2017-11-11 03:59:59.999000+00:00,113131994745.0,28929006058.4,567959333.4,0.0
2017-11-11 15:59:59.999000+00:00,106539006012.0,28982779185.9,602372590.01,0.0
2017-11-12 03:59:59.999000+00:00,100234480804.0,29386976391.0,596954747.6,0.0
2017-11-12 11:59:59.999000+00:00,107769843292.0,29008008109.7,614639963.43,0.0
2017-11-12 23:59:59.999000+00:00,99226193603.2,29463540579.2,601469616.27,0.0
2017-11-13 11:59:59.999000+00:00,109190609921.0,30510459903.7,598047821.07,0.0
2017-11-13 23:59:59.999000+00:00,109400650105.0,30312834755.5,599572201.25,0.0
2017-11-14 11:59:59.999000+00:00,108345770083.0,31170792806.0,597011983.1,0.0
2017-11-14 23:59:59.999000+00:00,110683148744.0,32321383639.1,598075275.56,0.0
2017-11-15 11:59:59.999000+00:00,117804117360.0,32228807092.7,598283181.91,0.0
2017-11-15 19:59:59.999000+00:00,121187535162.0,31768728088.7,596958521.47,0.0
2017-11-16 07:59:59.999000+00:00,123672266196.0,31394002091.3,596916940.2,0.0
2017-11-16 19:59:59.999000+00:00,129505730115.0,31801425601.6,615430373.42,0.0
2017-11-17 07:59:59.999000+00:00,126151682914.0,31426676974.6,616762792.77,0.0
2017-11-17 19:59:59.999000+00:00,130841728381.0,31825913907.3,647334825.1,0.0
2017-11-18 07:59:59.999000+00:00,128619004370.0,31821102981.6,646729448.05,0.0
2017-11-18 19:59:59.999000+00:00,129309378403.0,32350981580.8,645963066.48,0.0
2017-11-19 03:59:59.999000+00:00,130200144883.0,33283216097.5,645890908.45,0.0
2017-11-19 15:59:59.999000+00:00,129576100630.0,34230650482.9,673763363.65,0.0
2017-11-20 03:59:59.999000+00:00,132815066424.0,34563903553.1,672773187.31,0.0
2017-11-20 15:59:59.999000+00:00,137040686296.0,34679689910.8,675203067.9,0.0
2017-11-21 03:59:59.999000+00:00,130683039694.0,33894425673.8,678658898.07,0.0
2017-11-21 15:59:59.999000+00:00,138669337227.0,35428262611.1,673832210.27,0.0
2017-11-22 03:59:59.999000+00:00,136103157657.0,34844081597.6,671746562.77,0.0
2017-11-22 11:59:59.999000+00:00,137917265306.0,35116043046.0,671832958.52,0.0
2017-11-22 23:59:59.999000+00:00,137797862084.0,36501878924.8,675068074.53,0.0
2017-11-23 11:59:59.999000+00:00,136329024061.0,38363684542.6,677869186.88,0.0
2017-11-23 23:59:59.999000+00:00,134227860479.0,39340408035.9,671342932.6,0.0
2017-11-24 11:59:59.999000+00:00,137938137430.0,40322399556.5,675587798.99,0.0
2017-11-24 23:59:59.999000+00:00,137831976173.0,45560021462.3,676539502.22,0.0
2017-11-25 11:59:59.999000+00:00,141554529157.0,44954349749.7,675378559.28,0.0
2017-11-25 19:59:59.999000+00:00,144643803239.0,44977594360.0,678058177.59,0.0
2017-11-26 07:59:59.999000+00:00,150626151542.0,44165027917.5,680143825.09,0.0
2017-11-26 19:59:59.999000+00:00,154850655258.0,44068574331.5,683680651.28,0.0
2017-11-27 07:59:59.999000+00:00,163128991170.0,47099245490.0,677087238.37,0.0
2017-11-27 19:59:59.999000+00:00,160461214331.0,45558423120.8,675926293.69,0.0
2017-11-28 07:59:59.999000+00:00,166683648866.0,46119718737.2,675568560.73,0.0
2017-11-28 15:59:59.999000+00:00,167524763580.0,45513428938.5,675669805.91,0.0
2017-11-29 03:59:59.999000+00:00,175104787838.0,46492673980.8,713569944.2,0.0
2017-11-29 15:59:59.999000+00:00,184090030312.0,47671899958.2,738866109.94,0.0
2017-11-30 03:59:59.999000+00:00,178015705510.0,44356844347.0,744982225.79,0.0
2017-11-30 15:59:59.999000+00:00,156442678736.0,39256014296.8,745795145.97,0.0
2017-12-01 03:59:59.999000+00:00,166346108675.0,42098846595.2,768120120.88,0.0
2017-12-01 15:59:59.999000+00:00,178893005441.0,43900038993.7,765812788.49,0.0
2017-12-01 23:59:59.999000+00:00,183444663767.0,44823457368.9,771489437.39,0.0
2017-12-02 11:59:59.999000+00:00,185399999310.0,44748332576.1,786029339.03,0.0
2017-12-02 23:59:59.999000+00:00,185122039035.0,44535863932.9,813735697.72,0.0
2017-12-03 11:59:59.999000+00:00,194581803293.0,46275755783.0,815734924.33,0.0
2017-12-03 23:59:59.999000+00:00,189302389920.0,44776362723.9,814554599.17,0.0
2017-12-04 11:59:59.999000+00:00,189153911203.0,44434593478.9,819267759.62,0.0
2017-12-04 23:59:59.999000+00:00,194912755450.0,45204145124.6,817004791.39,0.0
2017-12-05 07:59:59.999000+00:00,198341893232.0,45199976159.2,813203330.38,0.0
2017-12-05 19:59:59.999000+00:00,199284510865.0,44479709114.8,815132551.49,0.0
2017-12-06 07:59:59.999000+00:00,212341141706.0,43621966645.5,812077544.38,0.0
2017-12-06 19:59:59.999000+00:00,223671615966.0,42041295808.4,819528245.17,0.0
2017-12-07 07:59:59.999000+00:00,247100669280.0,41628321921.4,818722367.99,0.0
2017-12-07 19:59:59.999000+00:00,273671271619.0,41826279576.4,833407240.95,0.0
2017-12-08 07:59:59.999000+00:00,282520767780.0,41348165576.0,837420346.47,0.0
2017-12-08 15:59:59.999000+00:00,267748295790.0,43637116376.7,833716567.54,0.0
2017-12-09 03:59:59.999000+00:00,269090050665.0,45384913817.5,827806801.59,0.0
2017-12-09 15:59:59.999000+00:00,251407685760.0,47276732690.7,843281271.38,0.0
2017-12-10 03:59:59.999000+00:00,221798968940.0,41750502017.6,845438417.35,0.0
2017-12-10 15:59:59.999000+00:00,262279382475.0,43520172300.2,823158762.54,0.0
2017-12-11 03:59:59.999000+00:00,280900233770.0,44186942504.1,827350951.88,0.0
2017-12-11 15:59:59.999000+00:00,279046536875.0,45630205972.3,849521844.92,0.0
2017-12-11 23:59:59.999000+00:00,283439888520.0,49597927197.8,854589509.7,0.0
2017-12-12 11:59:59.999000+00:00,283091977250.0,51409245400.7,855596330.52,0.0
2017-12-12 23:59:59.999000+00:00,291483935710.0,62733982231.6,904360018.76,0.0
2017-12-13 11:59:59.999000+00:00,284033241704.0,64450880724.8,893226258.56,0.0
2017-12-13 23:59:59.999000+00:00,274663619978.0,67692231422.2,913163058.89,0.0
2017-12-14 11:59:59.999000+00:00,279833359745.0,69075643016.2,970267845.06,0.0
2017-12-14 23:59:59.999000+00:00,277310347000.0,67036917106.7,1027363099.8,0.0
2017-12-15 07:59:59.999000+00:00,289219558635.0,64139543640.6,1025498298.05,0.0
2017-12-15 19:59:59.999000+00:00,298673565208.0,66162279809.4,1023674257.0,0.0
2017-12-16 07:59:59.999000+00:00,300860601842.0,66771704111.5,1029421514.84,0.0
2017-12-16 19:59:59.999000+00:00,323930942865.0,65614729220.2,1125843353.54,0.0
2017-12-17 07:59:59.999000+00:00,329072198624.0,69596540086.5,1127577830.43,0.0
2017-12-17 19:59:59.999000+00:00,318490740765.0,69303469135.5,1127499499.22,0.0
2017-12-18 07:59:59.999000+00:00,317543317579.0,68735174961.5,1126358101.52,0.0
2017-12-18 15:59:59.999000+00:00,316660477880.0,70596616213.1,1126470003.26,0.0
2017-12-19 03:59:59.999000+00:00,320145346911.0,79102248155.1,1126525954.12,0.0
2017-12-19 15:59:59.999000+00:00,302827181580.0,80673662759.2,1202812153.71,0.0
2017-12-20 03:59:59.999000+00:00,288167134828.0,77734044655.9,1182423921.89,0.0
2017-12-20 15:59:59.999000+00:00,279676010583.0,78848885505.1,1164293125.59,0.0
2017-12-21 03:59:59.999000+00:00,283751671600.0,80190235697.5,1167944068.71,0.0
2017-12-21 11:59:59.999000+00:00,282289494298.0,83234677136.9,1172428544.47,0.0
2017-12-21 23:59:59.999000+00:00,264788651530.0,79221896340.7,1229308443.91,0.0
2017-12-22 11:59:59.999000+00:00,231927920667.0,65804613827.2,1228796846.18,0.0
2017-12-22 23:59:59.999000+00:00,231788283457.0,65129109276.5,1239954549.09,0.0
2017-12-23 11:59:59.999000+00:00,254576317878.0,71978824156.6,1257555947.22,0.0
2017-12-23 23:59:59.999000+00:00,246349213910.0,69441297649.2,1273220582.52,0.0
2017-12-24 11:59:59.999000+00:00,218397789675.0,61634551441.7,1266484545.72,0.0
2017-12-24 19:59:59.999000+00:00,218193021900.0,62316989987.7,1268202052.39,0.0
2017-12-25 07:59:59.999000+00:00,236081572100.0,72563997124.8,1245058345.5,0.0
2017-12-25 19:59:59.999000+00:00,237861819030.0,74279516850.0,1234326974.04,0.0
2017-12-26 07:59:59.999000+00:00,259480927122.0,74949968565.9,1235630330.17,0.0
2017-12-26 19:59:59.999000+00:00,272004261141.0,74372506424.1,1221853734.11,0.0
2017-12-27 07:59:59.999000+00:00,278048300145.0,76132615092.0,1227042796.82,0.0
2017-12-27 19:59:59.999000+00:00,257654483128.0,72444682704.7,1225629812.61,0.0
2017-12-28 03:59:59.999000+00:00,248529228062.0,70750726197.3,1231525367.42,0.0
2017-12-28 15:59:59.999000+00:00,245722203328.0,71447699948.6,1234668039.2,0.0
2017-12-29 03:59:59.999000+00:00,253033365912.0,72936858641.9,1281823249.45,0.0
2017-12-29 15:59:59.999000+00:00,247974834310.0,73683310451.0,1274138625.04,0.0
2017-12-30 03:59:59.999000+00:00,229515954815.0,68541991789.0,1373958941.92,0.0
2017-12-30 15:59:59.999000+00:00,213580321552.0,67870123926.7,1389199462.7,0.0
2017-12-31 03:59:59.999000+00:00,224940517007.0,69916830361.4,1383097782.03,0.0
2017-12-31 11:59:59.999000+00:00,223342840080.0,70594166676.4,1381031966.37,0.0
2017-12-31 23:59:59.999000+00:00,237465823980.0,73170170967.3,1384862617.92,0.0
2018-01-01 11:59:59.999000+00:00,227035070926.0,73623428899.6,1382495822.5,0.0
2018-01-01 23:59:59.999000+00:00,229119155396.0,74724233457.5,1378049530.53,0.0
2018-01-02 11:59:59.999000+00:00,231569766000.0,85318529467.1,1378747256.35,0.0
2018-01-02 23:59:59.999000+00:00,251377913955.0,85552984076.5,1374793476.72,0.0
2018-01-03 11:59:59.999000+00:00,253601599332.0,85996777858.1,1383398761.79,0.0
2018-01-03 19:59:59.999000+00:00,251139172086.0,91162663941.1,1377515975.49,0.0
2018-01-04 07:59:59.999000+00:00,253631616018.0,93250862633.6,1376996101.36,0.0
2018-01-04 19:59:59.999000+00:00,260985991041.0,96847165673.9,1470673674.63,0.0
2018-01-05 07:59:59.999000+00:00,256336710161.0,102521956894.0,1463199629.27,0.0
2018-01-05 19:59:59.999000+00:00,283182803064.0,96469667663.6,1460197385.56,0.0
2018-01-06 07:59:59.999000+00:00,285009319490.0,99335024479.1,1470321333.07,0.0
2018-01-06 19:59:59.999000+00:00,290300750328.0,102300557315.0,1475121986.84,0.0
2018-01-07 03:59:59.999000+00:00,287207245189.0,105614897030.0,1478087528.31,0.0
2018-01-07 15:59:59.999000+00:00,281127435415.0,109155414465.0,1470291971.27,0.0
2018-01-08 03:59:59.999000+00:00,267091928949.0,120840313341.0,1469278989.29,0.0
2018-01-08 15:59:59.999000+00:00,247727329000.0,105433505971.0,1488364157.16,0.0
2018-01-09 03:59:59.999000+00:00,258573913620.0,117225168764.0,1472523467.83,0.0
2018-01-09 15:59:59.999000+00:00,248119532395.0,117133224295.0,1471070058.89,0.0
2018-01-10 03:59:59.999000+00:00,240946494876.0,133676379071.0,1473683258.8,0.0
2018-01-10 11:59:59.999000+00:00,238209792323.0,131757581323.0,1476164330.62,0.0
2018-01-10 23:59:59.999000+00:00,251472635522.0,121689425203.0,1469968991.51,0.0
2018-01-11 11:59:59.999000+00:00,229062850295.0,116721456965.0,1468266007.3,0.0
2018-01-11 23:59:59.999000+00:00,225178724050.0,111937424561.0,1470600270.14,0.0
2018-01-12 11:59:59.999000+00:00,238206875100.0,120280548798.0,1483857121.36,0.0
2018-01-12 23:59:59.999000+00:00,234865160377.0,123426938667.0,1477015822.73,0.0
2018-01-13 07:59:59.999000+00:00,243704522655.0,130608993673.0,1480759451.81,0.0
2018-01-13 19:59:59.999000+00:00,240358995529.0,135852955351.0,1474637517.19,0.0
2018-01-14 07:59:59.999000+00:00,234394557188.0,132156571464.0,1481243921.46,0.0
2018-01-14 19:59:59.999000+00:00,227807145310.0,128826050255.0,1501650370.18,0.0
2018-01-15 07:59:59.999000+00:00,232760914170.0,129949202045.0,1497965464.69,0.0
2018-01-15 19:59:59.999000+00:00,237636943170.0,128603689154.0,1486675853.85,0.0
2018-01-16 07:59:59.999000+00:00,218680694969.0,115486831480.0,1492562894.09,0.0
2018-01-16 15:59:59.999000+00:00,206031941178.0,111009483212.0,1495968862.52,0.0
2018-01-17 03:59:59.999000+00:00,179102749475.0,92603956144.6,1693963101.69,0.0
2018-01-17 15:59:59.999000+00:00,162609337275.0,78055274598.2,1656666108.22,0.0
2018-01-18 03:59:59.999000+00:00,194559298080.0,99501972743.5,1660452440.75,0.0
2018-01-18 15:59:59.999000+00:00,201937332500.0,106249282189.0,1656358670.96,0.0
2018-01-19 03:59:59.999000+00:00,190796098294.0,99384906026.4,1656213042.79,0.0
2018-01-19 15:59:59.999000+00:00,196851347880.0,103092683616.0,1639012737.34,0.0
2018-01-19 23:59:59.999000+00:00,195158837709.0,100883462786.0,1625436955.34,0.0
2018-01-20 11:59:59.999000+00:00,211663236855.0,108383407773.0,1630501579.61,0.0
2018-01-20 23:59:59.999000+00:00,216907619830.0,112174461242.0,1619886903.81,0.0
2018-01-21 11:59:59.999000+00:00,205573302632.0,107716686982.0,1621796250.98,0.0
2018-01-21 23:59:59.999000+00:00,195089460991.0,101943726022.0,1617865908.38,0.0
2018-01-22 11:59:59.999000+00:00,194639559400.0,102956253971.0,1643656658.0,0.0
2018-01-22 23:59:59.999000+00:00,183866421285.0,97465684890.1,1626246000.75,0.0
2018-01-23 07:59:59.999000+00:00,175122129625.0,92996383118.9,1626779970.72,0.0
2018-01-23 19:59:59.999000+00:00,186600844765.0,96377758255.6,1619870722.91,0.0
2018-01-24 07:59:59.999000+00:00,185476663970.0,97291757642.1,1624919166.27,0.0
2018-01-24 19:59:59.999000+00:00,190078399350.0,100742575252.0,1619013134.77,0.0
2018-01-25 07:59:59.999000+00:00,194548683225.0,105333242237.0,1619628009.28,0.0
2018-01-25 19:59:59.999000+00:00,190199434370.0,103599263744.0,1621699165.54,0.0
2018-01-26 07:59:59.999000+00:00,188645948831.0,102141200420.0,1636504696.57,0.0
2018-01-26 15:59:59.999000+00:00,185249275108.0,102179598057.0,1612815846.92,0.0
2018-01-27 03:59:59.999000+00:00,186458630260.0,102220392378.0,1625841478.04,0.0
2018-01-27 15:59:59.999000+00:00,193201590060.0,106500189173.0,1619725094.73,0.0
2018-01-28 03:59:59.999000+00:00,194474216880.0,109868485857.0,2225326655.84,0.0
2018-01-28 15:59:59.999000+00:00,197808898769.0,119257105958.0,2220120077.49,0.0
2018-01-29 03:59:59.999000+00:00,194040586635.0,117634996519.0,2253464661.72,0.0
2018-01-29 15:59:59.999000+00:00,190815838870.0,116793089566.0,2253902055.16,0.0
2018-01-29 23:59:59.999000+00:00,190164444830.0,115034583684.0,2267427080.38,0.0
2018-01-30 11:59:59.999000+00:00,185946323934.0,113876871138.0,2238709541.19,0.0
2018-01-30 23:59:59.999000+00:00,170151556678.0,104234481555.0,2216772952.57,0.0
2018-01-31 11:59:59.999000+00:00,173716657380.0,108346734079.0,2245286922.35,0.0
2018-01-31 23:59:59.999000+00:00,172099559942.0,108848638400.0,2195576901.97,0.0
2018-02-01 11:59:59.999000+00:00,162781777148.0,109535741902.0,2218205041.11,0.0
2018-02-01 19:59:59.999000+00:00,150502924836.0,98795067154.4,2190690323.61,0.0
2018-02-02 07:59:59.999000+00:00,144534473870.0,89237746075.9,2193696766.56,0.0
2018-02-02 19:59:59.999000+00:00,145768916536.0,86881468134.9,2205217030.22,0.0
2018-02-03 07:59:59.999000+00:00,146087489116.0,89089475821.9,2215395923.7,0.0
2018-02-03 19:59:59.999000+00:00,156307721304.0,94560987951.2,2220688238.82,0.0
2018-02-04 07:59:59.999000+00:00,154768080639.0,92737537463.0,2212817388.93,0.0
2018-02-04 19:59:59.999000+00:00,140031013782.0,82605769510.9,2221087324.17,0.0
2018-02-05 03:59:59.999000+00:00,137608628875.0,81449407161.9,2212220978.05,0.0
2018-02-05 15:59:59.999000+00:00,125524933074.0,71847319119.0,2227494861.12,0.0
2018-02-06 03:59:59.999000+00:00,105994910218.0,60153291265.9,2193931783.48,0.0
2018-02-06 15:59:59.999000+00:00,122488557156.0,72378979920.3,2195612376.22,0.0
2018-02-07 03:59:59.999000+00:00,122580127363.0,71026213593.9,2220266982.07,0.0
2018-02-07 15:59:59.999000+00:00,137250980797.0,79193164927.2,2209824248.84,0.0
2018-02-08 03:59:59.999000+00:00,135290826676.0,78606851696.1,2241307648.39,0.0
2018-02-08 11:59:59.999000+00:00,142819545283.0,81460789863.2,2274564760.59,0.0
2018-02-08 23:59:59.999000+00:00,139306699929.0,79733609806.2,2259066946.3,0.0
2018-02-09 11:59:59.999000+00:00,140286695372.0,81315610200.9,2276538015.91,0.0
2018-02-09 23:59:59.999000+00:00,147266052809.0,86191922699.4,2221818980.64,0.0
2018-02-10 11:59:59.999000+00:00,146891633914.0,85765594786.0,2227140118.59,0.0
2018-02-10 23:59:59.999000+00:00,145341842785.0,83922989197.7,2225344234.53,0.0
2018-02-11 11:59:59.999000+00:00,138486202396.0,80372888459.5,2220045267.99,0.0
2018-02-11 19:59:59.999000+00:00,140892375741.0,81561528735.0,2222905379.64,0.0
2018-02-12 07:59:59.999000+00:00,143804968101.0,83033066646.5,2223592693.29,0.0
2018-02-12 19:59:59.999000+00:00,148519808876.0,84739333616.6,2216644173.98,0.0
2018-02-13 07:59:59.999000+00:00,147590360518.0,82957936433.8,2224590406.65,0.0
2018-02-13 19:59:59.999000+00:00,145971549453.0,82584286555.4,2218293726.74,0.0
2018-02-14 07:59:59.999000+00:00,150440026708.0,85176840326.9,2221575095.15,0.0
2018-02-14 19:59:59.999000+00:00,156537957695.0,88881207016.9,2223725721.74,0.0
2018-02-15 03:59:59.999000+00:00,163760329178.0,91178097351.3,2224612578.06,0.0
2018-02-15 15:59:59.999000+00:00,166383896586.0,91747555377.4,2224102635.67,0.0
2018-02-16 03:59:59.999000+00:00,171403907455.0,91652551490.6,2215196381.03,0.0
2018-02-16 15:59:59.999000+00:00,170603492441.0,91790983379.5,2227672232.38,0.0
2018-02-17 03:59:59.999000+00:00,177318162840.0,93881468232.1,2222639322.74,0.0
2018-02-17 15:59:59.999000+00:00,182015414518.0,94464422709.8,2220621724.6,0.0
2018-02-18 03:59:59.999000+00:00,185676817012.0,94063283565.4,2232283885.28,0.0
2018-02-18 11:59:59.999000+00:00,180898477645.0,91819055401.1,2231108800.65,0.0
2018-02-18 23:59:59.999000+00:00,178040648022.0,90267805475.7,2228647774.34,0.0
2018-02-19 11:59:59.999000+00:00,185558447760.0,92813903062.5,2220776924.45,0.0
2018-02-19 23:59:59.999000+00:00,189426791571.0,92235641556.0,2218493269.42,0.0
2018-02-20 11:59:59.999000+00:00,194668814935.0,92406036419.4,2219823553.9,0.0
2018-02-20 23:59:59.999000+00:00,192457815912.0,87514997546.3,2218493269.42,0.0
2018-02-21 11:59:59.999000+00:00,188548218326.0,87666561098.6,2215642026.33,0.0
2018-02-21 19:59:59.999000+00:00,179238778929.0,82081015807.5,2220289153.48,0.0
2018-02-22 07:59:59.999000+00:00,181501403952.0,83605172377.1,2214262964.74,0.0
2018-02-22 19:59:59.999000+00:00,171846733757.0,80021111491.2,2219801382.5,0.0
2018-02-23 07:59:59.999000+00:00,168837883995.0,82586393084.5,2220444353.33,0.0
2018-02-23 19:59:59.999000+00:00,172212965840.0,83105585950.6,2223149265.12,0.0
2018-02-24 07:59:59.999000+00:00,172564742646.0,83271005901.5,2215841569.0,0.0
2018-02-24 15:59:59.999000+00:00,166810930972.0,81884171360.2,2217025522.2,0.0
2018-02-25 03:59:59.999000+00:00,163715327742.0,82101793898.0,2222240237.39,0.0
2018-02-25 15:59:59.999000+00:00,160404430339.0,80984042893.1,2216610916.87,0.0
2018-02-26 03:59:59.999000+00:00,163877781732.0,83363579296.0,2223393150.61,0.0
2018-02-26 15:59:59.999000+00:00,174196491405.0,85750037600.4,2211810807.0,0.0
2018-02-27 03:59:59.999000+00:00,174801546942.0,85267125040.8,2222484122.88,0.0
2018-02-27 15:59:59.999000+00:00,179882188685.0,85622367239.7,2217739441.54,0.0
2018-02-27 23:59:59.999000+00:00,181158869820.0,85968788107.6,2218293726.74,0.0
2018-02-28 11:59:59.999000+00:00,179677327726.0,85056701467.5,2220045267.99,0.0
2018-02-28 23:59:59.999000+00:00,175644310997.0,83728564148.6,2214708610.05,0.0
2018-03-01 11:59:59.999000+00:00,181131244490.0,85361212047.1,2218116355.48,0.0
2018-03-01 23:59:59.999000+00:00,185009753075.0,85410827047.4,2218072012.66,0.0
2018-03-02 11:59:59.999000+00:00,185205730500.0,84410744728.7,2217185156.34,0.0
2018-03-02 23:59:59.999000+00:00,187318996197.0,83925690000.9,2216542185.5,0.0
2018-03-03 07:59:59.999000+00:00,191599301652.0,84367071376.2,2213970302.16,0.0
2018-03-03 19:59:59.999000+00:00,194643994727.0,84299873601.0,2215171992.48,0.0
2018-03-04 07:59:59.999000+00:00,188581568665.0,82390534753.0,2219468811.37,0.0
2018-03-04 19:59:59.999000+00:00,192563119420.0,84754701417.9,2212943765.96,0.0
2018-03-05 07:59:59.999000+00:00,195036853871.0,84953312906.6,2216023374.55,0.0
2018-03-05 19:59:59.999000+00:00,197304329650.0,84290137356.9,2217162984.93,0.0
2018-03-06 07:59:59.999000+00:00,191491547032.0,83238987578.9,2218249383.93,0.0
2018-03-06 15:59:59.999000+00:00,186881715300.0,81555116776.7,2219313611.52,0.0
2018-03-07 03:59:59.999000+00:00,182157551258.0,79698441917.1,2212999194.48,0.0
2018-03-07 15:59:59.999000+00:00,181136870335.0,77034299633.8,2209844203.1,0.0
2018-03-08 03:59:59.999000+00:00,163213491285.0,72675929646.7,2239179193.21,0.0
2018-03-08 15:59:59.999000+00:00,168549803602.0,73959217770.6,2229845030.38,0.0
2018-03-09 03:59:59.999000+00:00,153117799027.0,66966275096.3,2220998638.54,0.0
2018-03-09 15:59:59.999000+00:00,153072113942.0,68757579215.7,2224856463.55,0.0
2018-03-09 23:59:59.999000+00:00,157898203939.0,71498733754.0,2220821267.27,0.0
2018-03-10 11:59:59.999000+00:00,159445512546.0,72090504497.5,2223437493.43,0.0
2018-03-10 23:59:59.999000+00:00,149939797150.0,67390487259.0,2228647774.34,0.0
2018-03-11 11:59:59.999000+00:00,153128145308.0,69316279784.8,2207859862.07,0.0
2018-03-11 23:59:59.999000+00:00,162009710243.0,70981343638.5,2225654634.24,0.0
2018-03-12 11:59:59.999000+00:00,167381196224.0,72339612310.6,2212812954.65,0.0
2018-03-12 23:59:59.999000+00:00,155710928717.0,68688764839.3,2222351094.43,0.0
2018-03-13 07:59:59.999000+00:00,156250407656.0,68781373666.3,2219025383.21,0.0
2018-03-13 19:59:59.999000+00:00,153859354476.0,67078466594.4,2217045476.47,0.0
2018-03-14 07:59:59.999000+00:00,154963388142.0,68041120663.1,2228669945.75,0.0
2018-03-14 19:59:59.999000+00:00,141807090456.0,61175559729.3,2225565948.61,0.0
2018-03-15 07:59:59.999000+00:00,134538453556.0,58268226888.0,2222218065.98,0.0
2018-03-15 19:59:59.999000+00:00,140157775396.0,59483142051.8,2225632462.84,0.0
2018-03-16 03:59:59.999000+00:00,136829376613.0,58797909057.1,2214764038.57,0.0
2018-03-16 15:59:59.999000+00:00,145074416416.0,61150855856.4,2217406870.42,0.0
2018-03-17 03:59:59.999000+00:00,139495201047.0,58827975712.6,2213544611.12,0.0
2018-03-17 15:59:59.999000+00:00,134188193579.0,56687776905.4,2216081020.21,0.0
2018-03-18 03:59:59.999000+00:00,130454935673.0,51194563559.9,2213001411.62,0.0
2018-03-18 15:59:59.999000+00:00,125977694731.0,45800980121.1,2223814407.37,0.0
2018-03-19 03:59:59.999000+00:00,138624225885.0,51858129619.8,2224058292.86,0.0
2018-03-19 11:59:59.999000+00:00,141539369528.0,52959414793.3,2219823553.9,0.0
2018-03-19 23:59:59.999000+00:00,146107514353.0,54722473140.3,2194674525.66,0.0
2018-03-20 11:59:59.999000+00:00,145059563078.0,52576276280.6,2214455855.99,0.0
2018-03-20 23:59:59.999000+00:00,150909503835.0,54777982164.4,2210116911.42,0.0
2018-03-21 11:59:59.999000+00:00,154574096626.0,57291851109.8,2222262408.8,0.0
2018-03-21 23:59:59.999000+00:00,151193917440.0,55237391316.0,2215464655.06,0.0
2018-03-22 11:59:59.999000+00:00,147694153982.0,53178146390.3,2224634749.47,0.0
2018-03-22 19:59:59.999000+00:00,146159801222.0,52332326769.3,2284634107.19,0.0
2018-03-23 07:59:59.999000+00:00,142778491482.0,50618049129.0,2287575370.27,0.0
2018-03-23 19:59:59.999000+00:00,146980251340.0,51955014641.9,2284098916.24,0.0
2018-03-24 07:59:59.999000+00:00,151694301102.0,53322926758.0,2291554995.29,0.0
2018-03-24 19:59:59.999000+00:00,151504804966.0,52937113048.1,2288947654.76,0.0
2018-03-25 07:59:59.999000+00:00,144417829481.0,51169769374.0,2289999739.54,0.0
2018-03-25 19:59:59.999000+00:00,146786976384.0,52088099242.1,2294825606.65,0.0
2018-03-26 03:59:59.999000+00:00,143717856798.0,51415052729.6,2288901911.95,0.0
2018-03-26 15:59:59.999000+00:00,137547472545.0,47761504034.4,2289382211.52,0.0
2018-03-27 03:59:59.999000+00:00,133525484394.0,45518768964.7,2290251325.03,0.0
2018-03-27 15:59:59.999000+00:00,137400755988.0,46127450500.4,2291600738.11,0.0
2018-03-28 03:59:59.999000+00:00,133946510413.0,44428871642.1,2289610925.6,0.0
2018-03-28 15:59:59.999000+00:00,133784943834.0,44061897510.4,2288284383.93,0.0
2018-03-29 03:59:59.999000+00:00,133876089017.0,43507255856.6,2290617267.56,0.0
2018-03-29 11:59:59.999000+00:00,127405824363.0,40443726223.7,2291463509.66,0.0
2018-03-29 23:59:59.999000+00:00,121436043045.0,38016727208.9,2283991420.62,0.0
2018-03-30 11:59:59.999000+00:00,119624230902.0,38711371011.7,2286468394.12,0.0
2018-03-30 23:59:59.999000+00:00,116786562165.0,38879465943.6,2284723305.68,0.0
2018-03-31 11:59:59.999000+00:00,120798647433.0,39875218990.8,2294162335.82,0.0
2018-03-31 23:59:59.999000+00:00,118204645927.0,39066085341.7,2288901911.95,0.0
2018-04-01 11:59:59.999000+00:00,114406690590.0,37302638528.2,2294848478.06,0.0
2018-04-01 19:59:59.999000+00:00,117844310316.0,38034345093.1,2303173670.62,0.0
2018-04-02 07:59:59.999000+00:00,120239514907.0,38413915056.9,2273047451.83,0.0
2018-04-02 19:59:59.999000+00:00,119115025505.0,37895296475.8,2288901911.95,0.0
2018-04-03 07:59:59.999000+00:00,125989246439.0,39650664636.1,2290937467.27,0.0
2018-04-03 19:59:59.999000+00:00,127393437215.0,41040454999.5,2291189052.76,0.0
2018-04-04 07:59:59.999000+00:00,124996733972.0,40081550487.2,2291143309.94,0.0
2018-04-04 19:59:59.999000+00:00,117311949004.0,37932486233.4,2286260264.31,0.0
2018-04-05 03:59:59.999000+00:00,115093100042.0,37334899387.5,2273491157.14,0.0
2018-04-05 15:59:59.999000+00:00,115223263973.0,37519115416.6,2296792547.75,0.0
2018-04-06 03:59:59.999000+00:00,115261434977.0,37453663411.8,2289679539.82,0.0
2018-04-06 15:59:59.999000+00:00,112201279615.0,36220960301.3,2290388553.48,0.0
2018-04-07 03:59:59.999000+00:00,116263089293.0,37598207479.9,2286370047.07,0.0
2018-04-07 15:59:59.999000+00:00,118899466457.0,38183694096.4,2282728918.89,0.0
2018-04-07 23:59:59.999000+00:00,117241368688.0,38023057370.7,2286326591.39,0.0
2018-04-08 11:59:59.999000+00:00,119478621388.0,39149972495.0,2280537837.99,0.0
2018-04-08 23:59:59.999000+00:00,119162880482.0,39530560783.8,2279842547.18,0.0
2018-04-09 11:59:59.999000+00:00,115152226024.0,39244153958.8,2281660824.13,0.0
2018-04-09 23:59:59.999000+00:00,114886335694.0,39343018191.4,2281548754.23,0.0
2018-04-10 11:59:59.999000+00:00,114741156465.0,39167541300.3,2290685881.78,0.0
2018-04-10 23:59:59.999000+00:00,115978358964.0,40903130395.8,2281093613.21,0.0
2018-04-11 07:59:59.999000+00:00,116292962370.0,41144380480.8,2288215769.7,0.0
2018-04-11 19:59:59.999000+00:00,117392919086.0,41699602189.5,2284254441.81,0.0
2018-04-12 07:59:59.999000+00:00,116173217752.0,41708057778.2,2288490226.6,0.0
2018-04-12 19:59:59.999000+00:00,130060702249.0,45648914978.9,2284387095.98,0.0
2018-04-13 07:59:59.999000+00:00,137093302500.0,50222075194.6,2262974883.68,0.0
2018-04-13 19:59:59.999000+00:00,137113981538.0,50357589123.6,2286283135.71,0.0
2018-04-14 07:59:59.999000+00:00,138001724365.0,50461089027.3,2292081037.68,0.0
2018-04-14 15:59:59.999000+00:00,135157619974.0,48802359942.0,2289450825.74,0.0
2018-04-15 03:59:59.999000+00:00,136978346813.0,50456255286.2,2289313597.29,0.0
2018-04-15 15:59:59.999000+00:00,140398627712.0,51619872557.6,2290502910.52,0.0
2018-04-16 03:59:59.999000+00:00,138416273737.0,51125261529.9,2285395725.08,0.0
2018-04-16 15:59:59.999000+00:00,135644583334.0,49915497931.5,2287804084.36,0.0
2018-04-17 03:59:59.999000+00:00,136301626679.0,50155092217.2,2280219925.42,0.0
2018-04-17 15:59:59.999000+00:00,136936339880.0,50708571126.6,2282285213.57,0.0
2018-04-17 23:59:59.999000+00:00,134206623206.0,49728519115.3,2283838182.19,0.0
2018-04-18 11:59:59.999000+00:00,137365184734.0,50928499606.7,2283190921.34,0.0
2018-04-18 23:59:59.999000+00:00,138661092884.0,51904227886.3,2281672259.83,0.0
2018-04-19 11:59:59.999000+00:00,139490363383.0,53027438242.6,2283538566.74,0.0
2018-04-19 23:59:59.999000+00:00,140902801023.0,56178772001.3,2280702512.13,0.0
2018-04-20 11:59:59.999000+00:00,144536336117.0,58189573572.0,2286029263.08,0.0
2018-04-20 23:59:59.999000+00:00,150287113368.0,60922818296.2,2283339585.49,0.0
2018-04-21 07:59:59.999000+00:00,151678534665.0,61045399005.5,2294939963.69,0.0
2018-04-21 19:59:59.999000+00:00,149328095712.0,60245321584.8,2286498126.95,0.0
2018-04-22 07:59:59.999000+00:00,150731049529.0,60484479983.1,2297158490.28,0.0
2018-04-22 19:59:59.999000+00:00,151447455340.0,63034672369.9,2293110251.04,0.0
2018-04-23 07:59:59.999000+00:00,151712588506.0,63226678953.9,2274632440.41,0.0
2018-04-23 19:59:59.999000+00:00,150670017370.0,63211348429.0,2289816768.27,0.0
2018-04-24 07:59:59.999000+00:00,156508077758.0,67003651747.5,2283929667.82,0.0
2018-04-24 15:59:59.999000+00:00,158835669562.0,69303049671.9,2287369527.6,0.0
2018-04-25 03:59:59.999000+00:00,162860851162.0,66565841046.3,2325290322.29,0.0
2018-04-25 15:59:59.999000+00:00,152323666032.0,61521214014.4,2409741945.49,0.0
2018-04-26 03:59:59.999000+00:00,150001584426.0,61252155400.7,2411968132.18,0.0
2018-04-26 15:59:59.999000+00:00,150064644077.0,62328608748.0,2412686023.0,0.0
2018-04-27 03:59:59.999000+00:00,156332705120.0,64737300452.0,2429129831.96,0.0
2018-04-27 11:59:59.999000+00:00,158496740834.0,67352952964.6,2425939206.08,0.0
2018-04-27 19:59:59.999000+00:00,155740601964.0,65812373944.9,2425383263.69,0.0
2018-04-28 03:59:59.999000+00:00,155510943232.0,66017509564.9,2412507154.58,0.0
2018-04-28 15:59:59.999000+00:00,158662379060.0,67835919006.1,2414283753.08,0.0
2018-04-29 03:59:59.999000+00:00,160953724248.0,68766006540.5,2410186699.4,0.0
2018-04-29 15:59:59.999000+00:00,158905816772.0,67568421789.7,2411477452.59,0.0
2018-04-30 03:59:59.999000+00:00,159157269986.0,67749733039.8,2435946169.05,0.0
2018-04-30 15:59:59.999000+00:00,158532657182.0,67860024287.6,2415787214.66,0.0
2018-04-30 23:59:59.999000+00:00,157163847314.0,66423712255.5,2414527884.3,0.0
2018-05-01 11:59:59.999000+00:00,153745485743.0,65877450254.0,2427051090.86,0.0
2018-05-01 23:59:59.999000+00:00,155114132125.0,66803233984.4,2425576634.96,0.0
2018-05-02 11:59:59.999000+00:00,156251988850.0,67746195886.1,2315333443.69,0.0
2018-05-02 23:59:59.999000+00:00,157119854754.0,68159979253.2,2311264544.42,0.0
2018-05-03 11:59:59.999000+00:00,156634288075.0,71507708512.8,2311466135.67,0.0
2018-05-03 23:59:59.999000+00:00,165778380092.0,77340839220.0,2312443969.09,0.0
2018-05-04 07:59:59.999000+00:00,164652189442.0,77613538172.5,2308430681.2,0.0
2018-05-04 19:59:59.999000+00:00,164486251598.0,77522790716.0,2262876321.65,0.0
2018-05-05 07:59:59.999000+00:00,166611505323.0,80023561658.9,2264912214.1,0.0
2018-05-05 19:59:59.999000+00:00,167797948527.0,80507101326.9,2258342040.02,0.0
2018-05-06 07:59:59.999000+00:00,164948463054.0,79105662193.4,2256696095.79,0.0
2018-05-06 19:59:59.999000+00:00,162462384203.0,77507003017.3,2189356343.62,0.0
2018-05-07 07:59:59.999000+00:00,158635195656.0,73228638051.2,2198173469.7,0.0
2018-05-07 15:59:59.999000+00:00,159187531103.0,72563568235.1,2153646245.4,0.0
2018-05-08 03:59:59.999000+00:00,160795493438.0,76540931750.1,2155622186.39,0.0
2018-05-08 15:59:59.999000+00:00,156489893201.0,73211205202.4,2101628533.15,0.0
2018-05-09 03:59:59.999000+00:00,154311280952.0,71961327316.3,2108173312.52,0.0
2018-05-09 15:59:59.999000+00:00,158536590768.0,74594806379.3,2107709741.54,0.0
2018-05-10 03:59:59.999000+00:00,159032480606.0,75237382312.1,2108131169.7,0.0
2018-05-10 15:59:59.999000+00:00,159275595623.0,75707461556.2,2103952709.47,0.0
2018-05-10 23:59:59.999000+00:00,153988453198.0,72260117775.0,2109964382.21,0.0
2018-05-11 11:59:59.999000+00:00,147861031220.0,68016844156.1,2114010092.57,0.0
2018-05-11 23:59:59.999000+00:00,143743802092.0,67535702572.4,2111881880.35,0.0
2018-05-12 11:59:59.999000+00:00,145782767626.0,67563835044.6,2106949063.71,0.0
2018-05-12 23:59:59.999000+00:00,144841040789.0,68192028457.7,2209568668.41,0.0
2018-05-13 11:59:59.999000+00:00,146294749270.0,69367885366.4,2207780884.36,0.0
2018-05-13 23:59:59.999000+00:00,148587777457.0,72923278118.9,2214314021.16,0.0
2018-05-14 07:59:59.999000+00:00,143219098541.0,69965778622.2,2208332669.56,0.0
2018-05-14 19:59:59.999000+00:00,149462974980.0,73079935887.0,2206827399.52,0.0
2018-05-15 07:59:59.999000+00:00,149396077142.0,73258144290.3,2209612811.23,0.0
2018-05-15 19:59:59.999000+00:00,145323476785.0,70926210954.0,2199952155.89,0.0
2018-05-16 07:59:59.999000+00:00,140769935404.0,68970885835.1,2209524525.6,0.0
2018-05-16 19:59:59.999000+00:00,141854287137.0,69777546350.0,2311016810.09,0.0
2018-05-17 07:59:59.999000+00:00,141475780698.0,69731133963.7,2309770954.05,0.0
2018-05-17 15:59:59.999000+00:00,142083393921.0,70423049474.0,2308294383.93,0.0
2018-05-18 03:59:59.999000+00:00,136876313472.0,67003574628.5,2310209310.8,0.0
2018-05-18 15:59:59.999000+00:00,138593067299.0,67618380205.1,2513183022.88,0.0
2018-05-19 03:59:59.999000+00:00,140802847821.0,69235917685.6,2513032594.43,0.0
2018-05-19 15:59:59.999000+00:00,141933163829.0,70574888776.2,2512806951.76,0.0
2018-05-20 03:59:59.999000+00:00,141010701156.0,70121548567.7,2514511807.51,0.0
2018-05-20 11:59:59.999000+00:00,142272692289.0,70985504612.1,2504799144.0,0.0
2018-05-20 23:59:59.999000+00:00,145109512565.0,71224213260.1,2504927008.18,0.0
2018-05-21 11:59:59.999000+00:00,144761339999.0,70876445013.3,2513107808.66,0.0
2018-05-21 23:59:59.999000+00:00,143518943480.0,69631032596.2,2514587021.74,0.0
2018-05-22 11:59:59.999000+00:00,140767050541.0,68632328496.6,2518322661.55,0.0
2018-05-22 23:59:59.999000+00:00,137104106176.0,64517663406.1,2514587021.74,0.0
2018-05-23 11:59:59.999000+00:00,134460994027.0,62244553060.5,2510349953.76,0.0
2018-05-23 19:59:59.999000+00:00,130220448095.0,59455415175.2,2512506094.86,0.0
2018-05-24 07:59:59.999000+00:00,129608771755.0,59293631206.6,2520729516.73,0.0
2018-05-24 19:59:59.999000+00:00,129662055114.0,59507151639.9,2510901524.74,0.0
2018-05-25 07:59:59.999000+00:00,127122479944.0,59320814453.7,2502096446.2,0.0
2018-05-25 19:59:59.999000+00:00,127031188100.0,58200112935.0,2508895812.09,0.0
2018-05-26 07:59:59.999000+00:00,129234180980.0,60061135350.3,2513157951.47,0.0
2018-05-26 19:59:59.999000+00:00,128539372594.0,60000599918.6,2506621835.37,0.0
2018-05-27 03:59:59.999000+00:00,124793890178.0,58172224812.5,2505721771.82,0.0
2018-05-27 15:59:59.999000+00:00,125526174364.0,57222555488.9,2506082800.1,0.0
2018-05-28 03:59:59.999000+00:00,126564541570.0,57302317173.5,2516843448.47,0.0
2018-05-28 15:59:59.999000+00:00,123720975786.0,53186092511.7,2508620026.6,0.0
2018-05-29 03:59:59.999000+00:00,121990171743.0,52588287102.8,2510199525.31,0.0
2018-05-29 15:59:59.999000+00:00,126964200454.0,55588336447.9,2507892955.76,0.0
2018-05-30 03:59:59.999000+00:00,127972550608.0,56916346820.6,2508494669.56,0.0
2018-05-30 11:59:59.999000+00:00,128282542300.0,56985616776.8,2508544812.38,0.0
2018-05-30 23:59:59.999000+00:00,126391893474.0,55829809816.9,2506456364.08,0.0
2018-05-31 11:59:59.999000+00:00,129032045740.0,57479055277.4,2511478167.13,0.0
2018-05-31 23:59:59.999000+00:00,127902999390.0,57643138806.7,2502134053.32,0.0
2018-06-01 11:59:59.999000+00:00,127738602377.0,57624358507.7,2518849161.12,0.0
2018-06-01 23:59:59.999000+00:00,128725854692.0,57894350583.0,2509622882.93,0.0
2018-06-02 11:59:59.999000+00:00,130684509944.0,59189945396.8,2510575596.43,0.0
2018-06-02 19:59:59.999000+00:00,130866339276.0,59604825498.2,2482184733.86,0.0
2018-06-03 07:59:59.999000+00:00,131804086155.0,60429819644.5,2495740844.24,0.0
2018-06-03 19:59:59.999000+00:00,131733431592.0,61600475153.6,2501442082.45,0.0
2018-06-04 07:59:59.999000+00:00,130159716213.0,60828407667.9,2512405809.23,0.0
2018-06-04 19:59:59.999000+00:00,127856933449.0,59048670362.0,2503177023.89,0.0
2018-06-05 07:59:59.999000+00:00,126820430853.0,58696043291.2,2508394383.93,0.0
2018-06-05 19:59:59.999000+00:00,130313270070.0,60762951110.8,2507491813.23,0.0
2018-06-06 03:59:59.999000+00:00,130238698724.0,60819700608.9,2513383594.15,0.0
2018-06-06 15:59:59.999000+00:00,130833855280.0,61090400979.9,2508344241.11,0.0
2018-06-07 03:59:59.999000+00:00,131767112874.0,61391758697.5,2511102096.01,0.0
2018-06-07 15:59:59.999000+00:00,131453819220.0,60725760466.2,2507867884.36,0.0
2018-06-08 03:59:59.999000+00:00,130789105609.0,60515082215.6,2517996733.24,0.0
2018-06-08 15:59:59.999000+00:00,129747961050.0,59671338162.8,2512857094.57,0.0
2018-06-09 03:59:59.999000+00:00,131026731998.0,60679758272.3,2513609236.82,0.0
2018-06-09 11:59:59.999000+00:00,130786821484.0,60691982750.0,2512681594.72,0.0
2018-06-09 23:59:59.999000+00:00,128682085689.0,59741701632.7,2522383758.93,0.0
2018-06-10 11:59:59.999000+00:00,124059472342.0,56966245667.3,2513533553.51,0.0
2018-06-10 23:59:59.999000+00:00,115948312827.0,52645885460.5,2502665100.11,0.0
2018-06-11 11:59:59.999000+00:00,116328883588.0,53538369847.3,2511577984.04,0.0
2018-06-11 23:59:59.999000+00:00,118025877189.0,53337466294.1,2511979126.49,0.0
2018-06-12 07:59:59.999000+00:00,117242325744.0,53361704563.7,2520077189.81,0.0
2018-06-12 19:59:59.999000+00:00,112264296733.0,49774605234.6,2510875984.74,0.0
2018-06-13 07:59:59.999000+00:00,112677037667.0,49416573068.6,2526194612.25,0.0
2018-06-13 19:59:59.999000+00:00,107975192176.0,47099464061.6,2516918192.97,0.0
2018-06-14 07:59:59.999000+00:00,111314613069.0,48597243133.3,2511452627.02,0.0
2018-06-14 19:59:59.999000+00:00,114080051954.0,51990391355.9,2516090836.66,0.0
2018-06-15 07:59:59.999000+00:00,112970280046.0,50739368819.9,2518096548.93,0.0
2018-06-15 15:59:59.999000+00:00,112360786941.0,50587633580.1,2507365988.26,0.0
2018-06-16 03:59:59.999000+00:00,110612440396.0,49464884268.0,2616552122.27,0.0
2018-06-16 15:59:59.999000+00:00,109643212460.0,48955997174.8,2612980340.0,0.0
2018-06-17 03:59:59.999000+00:00,112524338171.0,50767223692.9,2613892839.12,0.0
2018-06-17 15:59:59.999000+00:00,111843098581.0,50347908836.4,2608209273.17,0.0
2018-06-18 03:59:59.999000+00:00,110794887106.0,49832181804.9,2621974974.19,0.0
2018-06-18 15:59:59.999000+00:00,111178919264.0,50023122528.4,2615457123.33,0.0
2018-06-18 23:59:59.999000+00:00,115176197712.0,51972519170.6,2614518552.8,0.0
2018-06-19 11:59:59.999000+00:00,115881234958.0,53644844797.1,2612902125.79,0.0
2018-06-19 23:59:59.999000+00:00,115789919278.0,53893191559.4,2607713916.5,0.0
2018-06-20 11:59:59.999000+00:00,113897082199.0,52555900449.4,2610086414.21,0.0
2018-06-20 23:59:59.999000+00:00,115916357344.0,53735032875.1,2604087384.28,0.0
2018-06-21 11:59:59.999000+00:00,115313271476.0,53724682577.3,2609356414.92,0.0
2018-06-21 23:59:59.999000+00:00,115129700024.0,52853921455.3,2608522130.01,0.0
2018-06-22 07:59:59.999000+00:00,111275728783.0,50119993514.9,2606897881.57,0.0
2018-06-22 19:59:59.999000+00:00,106367912067.0,47968575919.5,2611676769.83,0.0
2018-06-23 07:59:59.999000+00:00,104790519213.0,47068682829.7,2604859097.82,0.0
2018-06-23 19:59:59.999000+00:00,104977165036.0,47526580902.7,2607479273.87,0.0
2018-06-24 07:59:59.999000+00:00,100915311074.0,44533195270.4,2623356758.57,0.0
2018-06-24 19:59:59.999000+00:00,106184833418.0,45836655198.9,2616838907.71,0.0
2018-06-25 07:59:59.999000+00:00,105551851644.0,45245403353.7,2608469987.2,0.0
2018-06-25 15:59:59.999000+00:00,107781185336.0,46661722097.1,2602580457.16,0.0
2018-06-26 03:59:59.999000+00:00,107041484139.0,46017493731.8,2707546416.68,0.0
2018-06-26 15:59:59.999000+00:00,104944316867.0,44001743504.2,2694243529.02,0.0
2018-06-27 03:59:59.999000+00:00,103981616143.0,43220390263.8,2713420911.23,0.0
2018-06-27 15:59:59.999000+00:00,104871030360.0,43560820210.5,2698090375.45,0.0
2018-06-28 03:59:59.999000+00:00,104609842497.0,43518077478.6,2709603843.34,0.0
2018-06-28 15:59:59.999000+00:00,104800656617.0,43824248387.8,2700072002.18,0.0
2018-06-28 23:59:59.999000+00:00,101072353482.0,42391125054.3,2699541402.67,0.0
2018-06-29 11:59:59.999000+00:00,101004279687.0,41368257838.7,2704067741.33,0.0
2018-06-29 23:59:59.999000+00:00,106474707240.0,43769409548.2,2716155122.98,0.0
2018-06-30 11:59:59.999000+00:00,110260089828.0,45742426927.9,2712229769.47,0.0
2018-06-30 23:59:59.999000+00:00,109665618200.0,45703302056.4,2704952976.23,0.0
2018-07-01 11:59:59.999000+00:00,109327821960.0,45761621577.5,2706035832.36,0.0
2018-07-01 19:59:59.999000+00:00,108595122436.0,45231703603.4,2706831731.62,0.0
2018-07-02 07:59:59.999000+00:00,108902531003.0,45383859894.4,2703418027.65,0.0
2018-07-02 19:59:59.999000+00:00,112692583167.0,47413838179.5,2694863464.16,0.0
2018-07-03 07:59:59.999000+00:00,113857567386.0,48217401719.4,2704387183.89,0.0
2018-07-03 19:59:59.999000+00:00,113650056868.0,47346467913.0,2707735916.5,0.0
2018-07-04 07:59:59.999000+00:00,111383481282.0,46568270084.5,2706877753.01,0.0
2018-07-04 19:59:59.999000+00:00,114828221501.0,47599632266.0,2710118200.0,0.0
2018-07-05 03:59:59.999000+00:00,113986486055.0,47494820306.4,2716019765.96,0.0
2018-07-05 15:59:59.999000+00:00,114892517392.0,48022002142.4,2727877040.67,0.0
2018-07-06 03:59:59.999000+00:00,113657948125.0,47620351041.4,2724493115.24,0.0
2018-07-06 15:59:59.999000+00:00,113144887204.0,47372445374.9,2621792474.37,0.0
2018-07-07 03:59:59.999000+00:00,114108755713.0,47355378867.1,2613058554.21,0.0
2018-07-07 15:59:59.999000+00:00,113506898312.0,47443190570.5,2617412478.59,0.0
2018-07-08 03:59:59.999000+00:00,116927287768.0,49515533432.5,2625572827.87,0.0
2018-07-08 11:59:59.999000+00:00,117308837022.0,49769998538.8,2624295329.1,0.0
2018-07-08 23:59:59.999000+00:00,116097021279.0,49191161178.1,2618220692.09,0.0
2018-07-09 11:59:59.999000+00:00,116205280633.0,48942164645.7,2633993891.18,0.0
2018-07-09 23:59:59.999000+00:00,115557889495.0,47950212027.3,2626693898.22,0.0
2018-07-10 11:59:59.999000+00:00,109457124876.0,43959044107.9,2608808915.45,0.0
2018-07-10 23:59:59.999000+00:00,108511009626.0,43708241775.1,2610268914.04,0.0
2018-07-11 11:59:59.999000+00:00,110213236392.0,44923158844.3,2619472119.46,0.0
2018-07-11 19:59:59.999000+00:00,109179555638.0,44095977437.0,2613606053.68,0.0
2018-07-12 07:59:59.999000+00:00,106261194005.0,43635219385.6,2607101238.52,0.0
2018-07-12 19:59:59.999000+00:00,106173140282.0,43263054397.8,2714828624.21,0.0
2018-07-13 07:59:59.999000+00:00,107329642120.0,44137326779.8,2706517703.34,0.0
2018-07-13 19:59:59.999000+00:00,106676606218.0,43587105445.9,2715965623.15,0.0
2018-07-14 07:59:59.999000+00:00,107007586594.0,43724537106.0,2711119841.93,0.0
2018-07-14 19:59:59.999000+00:00,107669842236.0,43997306292.4,2708683415.62,0.0
2018-07-15 03:59:59.999000+00:00,107578397151.0,43851907977.0,2711228127.55,0.0
2018-07-15 15:59:59.999000+00:00,109493718340.0,45567048753.1,2704075862.75,0.0
2018-07-16 03:59:59.999000+00:00,109328625006.0,45260520923.7,2710199414.21,0.0
2018-07-16 15:59:59.999000+00:00,113684044277.0,47790439156.8,2703163556.46,0.0
2018-07-17 03:59:59.999000+00:00,115772564329.0,48408910975.9,2707844202.11,0.0
2018-07-17 15:59:59.999000+00:00,116085587470.0,47724231340.5,2707275702.64,0.0
2018-07-18 03:59:59.999000+00:00,127812985525.0,51089024215.6,2707078081.4,0.0
2018-07-18 11:59:59.999000+00:00,127096418475.0,50238146434.6,2702873892.44,0.0
2018-07-18 23:59:59.999000+00:00,126458165406.0,48424155623.5,2713123125.79,0.0
2018-07-19 11:59:59.999000+00:00,127096451560.0,48381894291.9,2700697351.6,0.0
2018-07-19 23:59:59.999000+00:00,128122730711.0,47335899963.0,2701964293.28,0.0
2018-07-20 11:59:59.999000+00:00,128477462338.0,46877640753.2,2702002193.25,0.0
2018-07-20 23:59:59.999000+00:00,126202570251.0,45437819521.9,2659877200.18,0.0
2018-07-21 11:59:59.999000+00:00,125574500348.0,46134590444.0,2654018205.72,0.0
2018-07-21 19:59:59.999000+00:00,127462643719.0,47093986656.1,2652665721.28,0.0
2018-07-22 07:59:59.999000+00:00,126996920589.0,46620665916.0,2655017290.49,0.0
2018-07-22 19:59:59.999000+00:00,129092201752.0,46879918044.5,2650486866.2,0.0
2018-07-23 07:59:59.999000+00:00,132860803842.0,47093883921.7,2647622468.91,0.0
2018-07-23 19:59:59.999000+00:00,133096430829.0,45799051675.0,2606034918.12,0.0
2018-07-24 07:59:59.999000+00:00,137446706250.0,47634469772.1,2597718140.42,0.0
2018-07-24 15:59:59.999000+00:00,140287534328.0,47860373266.8,2501978143.65,0.0
2018-07-25 03:59:59.999000+00:00,142183260619.0,47889570243.8,2475427527.39,0.0
2018-07-25 15:59:59.999000+00:00,138861165008.0,47106218894.6,2499989981.36,0.0
2018-07-26 03:59:59.999000+00:00,141128778130.0,48037569241.0,2499578810.34,0.0
2018-07-26 15:59:59.999000+00:00,140904521996.0,48019532429.3,2500498930.85,0.0
2018-07-27 03:59:59.999000+00:00,135881505162.0,46928423141.4,2505079476.26,0.0
2018-07-27 15:59:59.999000+00:00,139908407957.0,47170730010.9,2498929460.99,0.0
2018-07-27 23:59:59.999000+00:00,140235573607.0,47417755376.4,2499914767.15,0.0
2018-07-28 11:59:59.999000+00:00,140612109278.0,47200129061.4,2507290774.05,0.0
2018-07-28 23:59:59.999000+00:00,140716560550.0,47147853886.3,2501842758.07,0.0
2018-07-29 11:59:59.999000+00:00,140246979892.0,46915454154.0,2501516829.83,0.0
2018-07-29 23:59:59.999000+00:00,141185844808.0,47133881665.7,2504430126.91,0.0
2018-07-30 11:59:59.999000+00:00,139852666611.0,46572935518.1,2500358530.99,0.0
2018-07-30 23:59:59.999000+00:00,140547190784.0,46175217427.0,2504407562.65,0.0
2018-07-31 07:59:59.999000+00:00,139870890838.0,45589025581.8,2507340916.85,0.0
2018-07-31 19:59:59.999000+00:00,133786418433.0,44063988905.4,2461047155.31,0.0
2018-08-01 07:59:59.999000+00:00,130077482590.0,42648840743.6,2436467253.6,0.0
2018-08-01 19:59:59.999000+00:00,130564999858.0,42603305036.2,2397308145.45,0.0
2018-08-02 07:59:59.999000+00:00,132221210280.0,42767820646.0,2395819521.29,0.0
2018-08-02 19:59:59.999000+00:00,129937777552.0,41558202687.5,2417357888.26,0.0
2018-08-03 07:59:59.999000+00:00,126853789541.0,41223317200.1,2415607878.65,0.0
2018-08-03 15:59:59.999000+00:00,129598745422.0,41970884666.9,2417261202.64,0.0
2018-08-04 03:59:59.999000+00:00,128534797586.0,42364062074.8,2434990787.84,0.0
2018-08-04 15:59:59.999000+00:00,120960693064.0,41054205162.1,2430438209.67,0.0
2018-08-05 03:59:59.999000+00:00,120764364548.0,41351785768.4,2429962967.31,0.0
2018-08-05 15:59:59.999000+00:00,121128555508.0,41244141316.3,2440820427.55,0.0
2018-08-06 03:59:59.999000+00:00,122446986394.0,41721122135.0,2441137255.79,0.0
2018-08-06 15:59:59.999000+00:00,120342235115.0,41294961066.9,2441015398.77,0.0
2018-08-06 23:59:59.999000+00:00,119531508535.0,41139790461.5,2439455628.95,0.0
2018-08-07 11:59:59.999000+00:00,122188133366.0,41612077450.9,2434959105.01,0.0
2018-08-07 23:59:59.999000+00:00,116128339800.0,38472420232.6,2440893541.76,0.0
2018-08-08 11:59:59.999000+00:00,112402833732.0,37425434297.1,2408030987.55,0.0
2018-08-08 23:59:59.999000+00:00,108448409560.0,36091566801.1,2411208412.81,0.0
2018-08-09 11:59:59.999000+00:00,109335442948.0,36468424850.7,2414217338.24,0.0
2018-08-09 23:59:59.999000+00:00,112973963230.0,37007391030.6,2417346620.69,0.0
2018-08-10 07:59:59.999000+00:00,111588519029.0,36720434507.1,2410775127.55,0.0
2018-08-10 19:59:59.999000+00:00,110559291391.0,36147332864.7,2412989696.66,0.0
2018-08-11 07:59:59.999000+00:00,105798259690.0,32262275074.5,2413230410.7,0.0
2018-08-11 19:59:59.999000+00:00,110316574519.0,32809648392.8,2414048838.42,0.0
2018-08-12 07:59:59.999000+00:00,109400795436.0,33125872750.2,2412050911.93,0.0
2018-08-12 19:59:59.999000+00:00,108960126841.0,32583895870.9,2417707691.74,0.0
2018-08-13 03:59:59.999000+00:00,109505555456.0,32528186685.2,2412099054.74,0.0
2018-08-13 15:59:59.999000+00:00,108925340180.0,30720840473.1,2410799198.95,0.0
2018-08-14 03:59:59.999000+00:00,103430828825.0,27238017226.7,2407453273.87,0.0
2018-08-14 15:59:59.999000+00:00,104565713116.0,26720073545.5,2408704986.85,0.0
2018-08-15 03:59:59.999000+00:00,108735564218.0,29040509733.5,2412436054.38,0.0
2018-08-15 15:59:59.999000+00:00,111450578586.0,29913436985.8,2415926407.89,0.0
2018-08-16 03:59:59.999000+00:00,108665700187.0,28731122555.4,2406834638.8,0.0
2018-08-16 11:59:59.999000+00:00,111046270286.0,30037536293.9,2406846674.5,0.0
2018-08-16 23:59:59.999000+00:00,109045250379.0,29199228645.6,2410077056.85,0.0
2018-08-17 11:59:59.999000+00:00,111707087216.0,30418429709.2,2679710390.35,0.0
2018-08-17 23:59:59.999000+00:00,113290724406.0,32011921282.7,2696090243.41,0.0
2018-08-18 11:59:59.999000+00:00,112434493473.0,31682368200.0,2723800841.23,0.0
2018-08-18 23:59:59.999000+00:00,110603014928.0,29998584852.4,2729925656.98,0.0
2018-08-19 11:59:59.999000+00:00,111057698762.0,30727273036.1,2718552554.66,0.0
2018-08-19 19:59:59.999000+00:00,110349236232.0,30227713065.7,2726250767.53,0.0
2018-08-20 07:59:59.999000+00:00,111551338175.0,30374358958.1,2726522981.56,0.0
2018-08-20 19:59:59.999000+00:00,111464592619.0,29165699218.9,2727965715.94,0.0
2018-08-21 07:59:59.999000+00:00,110545892614.0,28508477965.9,2730442863.65,0.0
2018-08-21 19:59:59.999000+00:00,111141902628.0,28244171338.4,2827615287.88,0.0
2018-08-22 07:59:59.999000+00:00,115136841419.0,28930399549.8,2831622727.15,0.0
2018-08-22 19:59:59.999000+00:00,111247427864.0,27722309101.0,2826429988.93,0.0
2018-08-23 03:59:59.999000+00:00,110698584244.0,27755968282.2,2825809118.06,0.0
2018-08-23 15:59:59.999000+00:00,111391611672.0,27813895920.8,2794374047.89,0.0
2018-08-24 03:59:59.999000+00:00,112329701970.0,27961348789.6,2791950470.08,0.0
2018-08-24 15:59:59.999000+00:00,112450072052.0,27828393556.3,2791358536.33,0.0
2018-08-25 03:59:59.999000+00:00,116468692951.0,28633700048.3,2795853882.27,0.0
2018-08-25 15:59:59.999000+00:00,116305829872.0,28554556336.1,2787826478.81,0.0
2018-08-26 03:59:59.999000+00:00,114687346267.0,27797551841.7,2803643953.81,0.0
2018-08-26 11:59:59.999000+00:00,115778636289.0,28079001880.3,2797947987.52,0.0
2018-08-26 23:59:59.999000+00:00,115585205491.0,27953028997.1,2789982011.14,0.0
2018-08-27 11:59:59.999000+00:00,115985529799.0,28151086331.3,2793368877.37,0.0
2018-08-27 23:59:59.999000+00:00,118657885712.0,29015874948.4,2805959251.17,0.0
2018-08-28 11:59:59.999000+00:00,121219591868.0,29325694572.4,2811608841.1,0.0
2018-08-28 23:59:59.999000+00:00,122319195736.0,30128902936.5,2810438990.72,0.0
2018-08-29 11:59:59.999000+00:00,121842471862.0,29953830231.8,2770933874.35,0.0
2018-08-29 19:59:59.999000+00:00,121235869119.0,29396478603.7,2789206972.08,0.0
2018-08-30 07:59:59.999000+00:00,120737185733.0,28952995077.3,2781926110.82,0.0
2018-08-30 19:59:59.999000+00:00,117921577536.0,28116457733.2,2781063647.31,0.0
2018-08-31 07:59:59.999000+00:00,120309357897.0,28468621830.2,2788316687.17,0.0
2018-08-31 19:59:59.999000+00:00,121302173756.0,28791137451.2,2739559981.57,0.0
2018-09-01 07:59:59.999000+00:00,121741840465.0,29209279690.4,2744169519.47,0.0
2018-09-01 19:59:59.999000+00:00,124887222011.0,30624470441.8,2727755067.42,0.0
2018-09-02 03:59:59.999000+00:00,123892024880.0,30148887979.2,2735073839.98,0.0
2018-09-02 15:59:59.999000+00:00,124663051850.0,29722208899.4,2744334047.89,0.0
2018-09-03 03:59:59.999000+00:00,125288557712.0,29787667132.5,2839281142.45,0.0
2018-09-03 15:59:59.999000+00:00,125570721738.0,29490055603.3,2792952117.46,0.0
2018-09-04 03:59:59.999000+00:00,125706348916.0,29453937661.2,2803765577.02,0.0
2018-09-04 15:59:59.999000+00:00,127317564678.0,29454947544.4,2765056678.95,0.0
2018-09-04 23:59:59.999000+00:00,126986882925.0,29074743100.6,2765803806.84,0.0
2018-09-05 11:59:59.999000+00:00,120710462584.0,26193538821.5,2760942267.27,0.0
2018-09-05 23:59:59.999000+00:00,117185657641.0,23646371776.6,2778335288.42,0.0
2018-09-06 11:59:59.999000+00:00,111084914090.0,23056859633.8,2764360230.22,0.0
2018-09-06 23:59:59.999000+00:00,112649565532.0,23435751842.0,2758930079.4,0.0
2018-09-07 11:59:59.999000+00:00,110805722261.0,22436671695.7,2770589743.35,0.0
2018-09-07 23:59:59.999000+00:00,111590424587.0,22115522904.4,2773952577.86,0.0
2018-09-08 07:59:59.999000+00:00,112096589978.0,22203136632.4,2768742940.78,0.0
2018-09-08 19:59:59.999000+00:00,107445668704.0,20500216907.5,2769046147.17,0.0
2018-09-09 07:59:59.999000+00:00,107413207528.0,19473559219.7,2766041647.48,0.0
2018-09-09 19:59:59.999000+00:00,110722832476.0,20655604742.6,2762210221.27,0.0
2018-09-10 07:59:59.999000+00:00,109601193851.0,20303476167.3,2759922391.23,0.0
2018-09-10 19:59:59.999000+00:00,108886438724.0,19791058266.1,2758461487.71,0.0
2018-09-11 07:59:59.999000+00:00,109748520681.0,19869170288.0,2770479486.48,0.0
2018-09-11 15:59:59.999000+00:00,108336280559.0,18859854047.2,2762678812.96,0.0
2018-09-12 03:59:59.999000+00:00,108601873242.0,18154438908.8,2761328166.31,0.0
2018-09-12 15:59:59.999000+00:00,108835844587.0,17601141736.2,2759564056.4,0.0
2018-09-13 03:59:59.999000+00:00,110720731578.0,19354450312.9,2761714065.36,0.0
2018-09-13 15:59:59.999000+00:00,112134369957.0,20658629465.7,2761824322.23,0.0
2018-09-14 03:59:59.999000+00:00,113637998975.0,22423164672.8,2765324977.83,0.0
2018-09-14 15:59:59.999000+00:00,111889150200.0,21247616315.5,2750421005.51,0.0
2018-09-14 23:59:59.999000+00:00,112462453186.0,21590366995.5,2762926890.92,0.0
2018-09-15 11:59:59.999000+00:00,112792165728.0,22100586468.7,2755969682.46,0.0
2018-09-15 23:59:59.999000+00:00,113000324618.0,22749647320.9,2758792258.32,0.0
2018-09-16 11:59:59.999000+00:00,112469541905.0,22358020998.3,2760446111.36,0.0
2018-09-16 23:59:59.999000+00:00,112562367224.0,22500748645.5,2759067900.49,0.0
2018-09-17 11:59:59.999000+00:00,112084502385.0,22415354159.7,2762182657.05,0.0
2018-09-17 23:59:59.999000+00:00,108497127334.0,20187902504.8,2767750628.96,0.0
2018-09-18 07:59:59.999000+00:00,108616759630.0,20424427843.4,2754754100.47,0.0
2018-09-18 19:59:59.999000+00:00,109647522332.0,21308794056.2,2769955766.35,0.0
2018-09-19 07:59:59.999000+00:00,109881088393.0,21585561139.0,2757358919.01,0.0
2018-09-19 19:59:59.999000+00:00,111251462920.0,21476168065.0,2754784421.11,0.0
2018-09-20 07:59:59.999000+00:00,110929769613.0,21392552244.2,2759729441.71,0.0
2018-09-20 19:59:59.999000+00:00,111183846468.0,21546806644.1,2759591620.62,0.0
2018-09-21 07:59:59.999000+00:00,114743071415.0,23095840733.9,2755831861.37,0.0
2018-09-21 15:59:59.999000+00:00,115854510904.0,23175267771.9,2819247082.96,0.0
2018-09-22 03:59:59.999000+00:00,116513253030.0,24646485395.5,2803519895.55,0.0
2018-09-22 15:59:59.999000+00:00,115162482777.0,24406815059.2,2784764579.09,0.0
2018-09-23 03:59:59.999000+00:00,115852868679.0,24390349151.0,2801605915.93,0.0
2018-09-23 15:59:59.999000+00:00,115567679070.0,24657296226.4,2801704140.69,0.0
2018-09-24 03:59:59.999000+00:00,115950148707.0,25024361117.8,2803068061.65,0.0
2018-09-24 15:59:59.999000+00:00,114246684598.0,23749264518.5,2807712689.62,0.0
2018-09-24 23:59:59.999000+00:00,114011060309.0,23368514474.6,2808189781.32,0.0
2018-09-25 11:59:59.999000+00:00,111000521425.0,21186040249.4,2808273973.97,0.0
2018-09-25 23:59:59.999000+00:00,111450035114.0,22328327983.4,2807656561.19,0.0
2018-09-26 11:59:59.999000+00:00,112679899187.0,22138571858.7,2806954955.75,0.0
2018-09-26 23:59:59.999000+00:00,112300336125.0,22061164303.3,2812399413.92,0.0
2018-09-27 11:59:59.999000+00:00,112414177333.0,22135136047.8,2803634958.84,0.0
2018-09-27 19:59:59.999000+00:00,113873004840.0,22929425711.9,2777633461.46,0.0
2018-09-28 07:59:59.999000+00:00,117177410324.0,23603755678.1,2800606829.79,0.0
2018-09-28 19:59:59.999000+00:00,115245037526.0,22731465752.0,2804199049.61,0.0
2018-09-29 07:59:59.999000+00:00,113084028074.0,22335985550.6,2806898827.32,0.0
2018-09-29 19:59:59.999000+00:00,114116785882.0,23793156574.9,2806926891.54,0.0
2018-09-30 07:59:59.999000+00:00,113909976686.0,23716521867.7,2803373961.62,0.0
2018-09-30 19:59:59.999000+00:00,114281272558.0,23814857059.7,2801159694.87,0.0
2018-10-01 03:59:59.999000+00:00,114985632932.0,23851418910.6,2800620861.9,0.0
2018-10-01 15:59:59.999000+00:00,113466326776.0,23264628360.2,2804098018.43,0.0
2018-10-02 03:59:59.999000+00:00,114184670245.0,23543991777.0,2802975449.73,0.0
2018-10-02 15:59:59.999000+00:00,113461593787.0,23283891218.9,2802520809.41,0.0
2018-10-03 03:59:59.999000+00:00,111966237104.0,22428248570.2,2806287027.38,0.0
2018-10-03 15:59:59.999000+00:00,112630825733.0,22688703742.3,2802865999.29,0.0
2018-10-04 03:59:59.999000+00:00,113983366117.0,23023802681.1,2800424412.38,0.0
2018-10-04 11:59:59.999000+00:00,113668658883.0,22810794178.9,2802341198.42,0.0
2018-10-04 23:59:59.999000+00:00,113811343543.0,22748580858.8,2795715236.7,0.0
2018-10-05 11:59:59.999000+00:00,114015009654.0,22836008241.1,2798549722.66,0.0
2018-10-05 23:59:59.999000+00:00,114614764674.0,23304234601.1,2794573023.06,0.0
2018-10-06 11:59:59.999000+00:00,114259574886.0,23118481587.4,2804336564.27,0.0
2018-10-06 23:59:59.999000+00:00,114033598927.0,23054817089.3,2798499207.06,0.0
2018-10-07 11:59:59.999000+00:00,113696230200.0,22886070041.6,2806090577.86,0.0
2018-10-07 19:59:59.999000+00:00,114053479284.0,22959409172.3,2803211189.16,0.0
2018-10-08 07:59:59.999000+00:00,113977959472.0,23020709556.6,2799905224.35,0.0
2018-10-08 19:59:59.999000+00:00,115512157742.0,23597533298.9,2792788138.83,0.0
2018-10-08 23:59:59.999000+00:00,115512157742.0,23597533298.9,2792788138.83,0.0
2018-10-09 03:59:59.999000+00:00,115512157742.0,23597533298.9,2792788138.83,0.0
2018-10-09 07:59:59.999000+00:00,114919018704.0,23481640766.6,2690505269.4,0.0
2018-10-09 11:59:59.999000+00:00,114919018704.0,23481640766.6,2690505269.4,0.0
2018-10-09 15:59:59.999000+00:00,114919018704.0,23481640766.6,2690505269.4,0.0
2018-10-09 19:59:59.999000+00:00,114907953969.0,23349094127.5,2689590498.85,0.0
2018-10-09 23:59:59.999000+00:00,114907953969.0,23349094127.5,2689590498.85,0.0
2018-10-10 03:59:59.999000+00:00,114907953969.0,23349094127.5,2689590498.85,0.0
2018-10-10 07:59:59.999000+00:00,113582373134.0,23119763579.7,2698892470.36,0.0
2018-10-10 11:59:59.999000+00:00,113582373134.0,23119763579.7,2698892470.36,0.0
2018-10-10 15:59:59.999000+00:00,113582373134.0,23119763579.7,2698892470.36,0.0
2018-10-10 19:59:59.999000+00:00,114005147164.0,23072141328.6,2685492976.34,0.0
2018-10-10 23:59:59.999000+00:00,114005147164.0,23072141328.6,2685492976.34,0.0
2018-10-11 03:59:59.999000+00:00,109559814786.0,21079899566.2,2698719259.36,0.0
2018-10-11 07:59:59.999000+00:00,109559814786.0,21079899566.2,2698719259.36,0.0
2018-10-11 11:59:59.999000+00:00,109559814786.0,21079899566.2,2698719259.36,0.0
2018-10-11 15:59:59.999000+00:00,108734205368.0,20573684955.4,2698275406.2,0.0
2018-10-11 19:59:59.999000+00:00,108734205368.0,20573684955.4,2698275406.2,0.0
2018-10-11 23:59:59.999000+00:00,108734205368.0,20573684955.4,2698275406.2,0.0
2018-10-12 03:59:59.999000+00:00,108715027639.0,19705889147.0,2666845730.58,0.0
2018-10-12 07:59:59.999000+00:00,108715027639.0,19705889147.0,2666845730.58,0.0
2018-10-12 11:59:59.999000+00:00,108715027639.0,19705889147.0,2666845730.58,0.0
2018-10-12 15:59:59.999000+00:00,109480058155.0,20409235757.6,2688608067.76,0.0
2018-10-12 19:59:59.999000+00:00,109480058155.0,20409235757.6,2688608067.76,0.0
2018-10-13 03:59:59.999000+00:00,108561891904.0,20275786849.4,2688713618.21,0.0
2018-10-13 07:59:59.999000+00:00,108561891904.0,20275786849.4,2688713618.21,0.0
2018-10-13 15:59:59.999000+00:00,108872698776.0,20512873384.3,2678827059.61,0.0
2018-10-13 19:59:59.999000+00:00,108872698776.0,20512873384.3,2678827059.61,0.0
2018-10-14 03:59:59.999000+00:00,109442392080.0,20561959016.6,2678226233.98,0.0
2018-10-14 07:59:59.999000+00:00,109442392080.0,20561959016.6,2678226233.98,0.0
2018-10-14 11:59:59.999000+00:00,109202388667.0,20487443067.3,2474900975.88,0.0
2018-10-14 15:59:59.999000+00:00,109202388667.0,20487443067.3,2474900975.88,0.0
2018-10-14 23:59:59.999000+00:00,108972590373.0,20075397006.8,2480279756.92,0.0
2018-10-15 03:59:59.999000+00:00,108972590373.0,20075397006.8,2480279756.92,0.0
2018-10-15 11:59:59.999000+00:00,115715851587.0,21834863027.6,2403924125.17,0.0
2018-10-15 15:59:59.999000+00:00,115715851587.0,21834863027.6,2403924125.17,0.0
2018-10-15 23:59:59.999000+00:00,114280022340.0,21514574461.5,2456639187.11,0.0
2018-10-16 03:59:59.999000+00:00,114280022340.0,21514574461.5,2456639187.11,0.0
2018-10-16 11:59:59.999000+00:00,114638021669.0,21599704837.3,2201764431.92,0.0
2018-10-16 19:59:59.999000+00:00,114638021669.0,21599704837.3,2201764431.92,0.0
2018-10-16 23:59:59.999000+00:00,114283707152.0,21561538444.9,2200354168.34,24323316.61
2018-10-17 07:59:59.999000+00:00,113924259884.0,21492467659.7,2195205013.94,24284658.77
2018-10-17 11:59:59.999000+00:00,113924259884.0,21492467659.7,2195205013.94,24118927.96
2018-10-17 19:59:59.999000+00:00,113149589890.0,21222728980.1,2141934647.56,24112009.97
2018-10-17 23:59:59.999000+00:00,113149589890.0,21222728980.1,2141934647.56,24107513.28
2018-10-18 07:59:59.999000+00:00,113425604573.0,21324924679.8,2146252614.89,24225889.31
2018-10-18 15:59:59.999000+00:00,113425604573.0,21324924679.8,2146252614.89,24175529.82
2018-10-18 19:59:59.999000+00:00,112626673048.0,20876190916.1,2160104530.55,24224923.54
2018-10-19 03:59:59.999000+00:00,112626673048.0,20876190916.1,2160104530.55,24167480.0
2018-10-19 07:59:59.999000+00:00,111938234086.0,20773446360.8,2087871835.98,24126413.32
2018-10-19 15:59:59.999000+00:00,111938234086.0,20773446360.8,2087871835.98,24068228.22
2018-10-19 19:59:59.999000+00:00,111925264490.0,20927986959.2,2097449239.48,24151402.18
2018-10-20 03:59:59.999000+00:00,111925264490.0,20927986959.2,2097449239.48,24160016.5
2018-10-20 07:59:59.999000+00:00,112387324352.0,21136517640.7,2044492598.6,24160016.5
2018-10-20 11:59:59.999000+00:00,112387324352.0,21136517640.7,2044492598.6,24067982.36
2018-10-20 15:59:59.999000+00:00,112379591192.0,21075606899.9,2043867595.65,24041162.82
2018-10-20 23:59:59.999000+00:00,112379591192.0,21075606899.9,2043867595.65,23994943.93
2018-10-21 03:59:59.999000+00:00,113045958207.0,21297981966.5,2044336866.97,24125702.29
2018-10-21 11:59:59.999000+00:00,113045958207.0,21297981966.5,2044336866.97,24224165.4
2018-10-21 15:59:59.999000+00:00,113064325086.0,21228693934.2,2038508351.15,24175891.64
2018-10-21 23:59:59.999000+00:00,113064325086.0,21228693934.2,2038508351.15,24149104.47
2018-10-22 03:59:59.999000+00:00,112596818776.0,21093501539.8,2044017098.02,24149104.47
2018-10-22 07:59:59.999000+00:00,112596818776.0,21093501539.8,2044017098.02,24024516.4
2018-10-22 11:59:59.999000+00:00,112596818776.0,21093501539.8,2044017098.02,24112753.49
2018-10-22 15:59:59.999000+00:00,112585889241.0,21027447433.4,2050017956.83,24112753.49
2018-10-22 19:59:59.999000+00:00,112585889241.0,21027447433.4,2050017956.83,33722222.93
2018-10-22 23:59:59.999000+00:00,112585889241.0,21027447433.4,2050017956.83,0.0
2018-10-23 03:59:59.999000+00:00,112278454295.0,20998826209.3,2049903753.64,0.0
2018-10-23 07:59:59.999000+00:00,112278454295.0,20998826209.3,2049903753.64,0.0
2018-10-23 11:59:59.999000+00:00,112278454295.0,20998826209.3,2049903753.64,0.0
2018-10-23 15:59:59.999000+00:00,112166653868.0,20789135446.0,2045977240.14,0.0
2018-10-23 19:59:59.999000+00:00,112166653868.0,20789135446.0,2045977240.14,0.0
2018-10-23 23:59:59.999000+00:00,112279779884.0,20997181867.2,2002027670.77,0.0
2018-10-24 03:59:59.999000+00:00,112279779884.0,20997181867.2,2002027670.77,0.0
2018-10-24 07:59:59.999000+00:00,112279779884.0,20997181867.2,2002027670.77,85201694.41
2018-10-24 11:59:59.999000+00:00,112551392529.0,20996891332.8,1992856086.0,85201694.41
2018-10-24 15:59:59.999000+00:00,112551392529.0,20996891332.8,1992856086.0,85014025.95
2018-10-24 19:59:59.999000+00:00,112551392529.0,20996891332.8,1992856086.0,85606773.8
2018-10-24 23:59:59.999000+00:00,112637293966.0,20951603017.5,2003344844.9,85606773.8
2018-10-25 03:59:59.999000+00:00,112637293966.0,20951603017.5,2003344844.9,85671825.33
2018-10-25 07:59:59.999000+00:00,112637293966.0,20951603017.5,2003344844.9,85207240.81
2018-10-25 11:59:59.999000+00:00,112416597839.0,20883549557.3,1954275930.08,85207240.81
2018-10-25 15:59:59.999000+00:00,112416597839.0,20883549557.3,1954275930.08,85564271.58
2018-10-25 23:59:59.999000+00:00,112309554478.0,20839259066.2,1904828474.39,85423469.72
2018-10-26 03:59:59.999000+00:00,112309554478.0,20839259066.2,1904828474.39,85266907.59
2018-10-26 11:59:59.999000+00:00,112365179150.0,20979187877.0,1902223952.2,85308955.18
2018-10-26 15:59:59.999000+00:00,112365179150.0,20979187877.0,1902223952.2,85641850.5
2018-10-26 23:59:59.999000+00:00,112294341019.0,20906130835.2,1906751043.28,125705156.63
2018-10-27 03:59:59.999000+00:00,112294341019.0,20906130835.2,1906751043.28,125572597.84
2018-10-27 07:59:59.999000+00:00,112584922602.0,20971879404.7,1904693624.87,125572597.84
2018-10-27 11:59:59.999000+00:00,112584922602.0,20971879404.7,1904693624.87,125194388.59
2018-10-27 19:59:59.999000+00:00,112584922602.0,20971879404.7,1904693624.87,124981319.78
2018-10-27 23:59:59.999000+00:00,112403001148.0,21000852986.6,1913123646.38,125258557.09
2018-10-28 07:59:59.999000+00:00,112403001148.0,21000852986.6,1913123646.38,125177961.07
2018-10-28 11:59:59.999000+00:00,112111151070.0,21010558086.2,1919582938.46,125359887.1
2018-10-28 19:59:59.999000+00:00,112111151070.0,21010558086.2,1919582938.46,125392939.44
2018-10-28 23:59:59.999000+00:00,112518434372.0,21123907348.8,1923441561.2,125585727.12
2018-10-29 07:59:59.999000+00:00,112518434372.0,21123907348.8,1923441561.2,125359075.74
2018-10-29 11:59:59.999000+00:00,111258418049.0,20875977983.0,1920218657.64,125359075.74
2018-10-29 15:59:59.999000+00:00,111258418049.0,20875977983.0,1920218657.64,126373117.79
2018-10-29 19:59:59.999000+00:00,111258418049.0,20875977983.0,1920218657.64,126237925.91
2018-10-29 23:59:59.999000+00:00,109862898081.0,20292811277.7,1920370844.95,126237925.91
2018-10-30 03:59:59.999000+00:00,109862898081.0,20292811277.7,1920370844.95,126264698.99
2018-10-30 07:59:59.999000+00:00,109862898081.0,20292811277.7,1920370844.95,125912647.17
2018-10-30 11:59:59.999000+00:00,109810975543.0,20285543801.1,1813857780.5,125912647.17
2018-10-30 15:59:59.999000+00:00,109810975543.0,20285543801.1,1813857780.5,128000729.57
2018-10-30 19:59:59.999000+00:00,109699589034.0,20217198845.1,1817622035.7,128019217.51
2018-10-31 03:59:59.999000+00:00,109699589034.0,20217198845.1,1817622035.7,127365045.03
2018-10-31 07:59:59.999000+00:00,109991067989.0,20325019168.2,1821415513.65,127365094.93
2018-10-31 15:59:59.999000+00:00,109991067989.0,20325019168.2,1821415513.65,126091839.89
2018-10-31 19:59:59.999000+00:00,109737282012.0,20326108251.3,1755243235.69,126091839.89
2018-10-31 23:59:59.999000+00:00,109737282012.0,20326108251.3,1755243235.69,127363004.76
2018-11-01 03:59:59.999000+00:00,109737282012.0,20326108251.3,1755243235.69,127363004.76
2018-11-01 07:59:59.999000+00:00,111298807444.0,20545988453.1,1786618242.02,127363004.76
2018-11-01 11:59:59.999000+00:00,111298807444.0,20545988453.1,1786618242.02,127363524.56
2018-11-01 15:59:59.999000+00:00,111298807444.0,20545988453.1,1786618242.02,127363524.56
2018-11-01 19:59:59.999000+00:00,110648225965.0,20446517064.0,1769385329.13,127363524.56
2018-11-01 23:59:59.999000+00:00,110648225965.0,20446517064.0,1769385329.13,126010106.39
2018-11-02 03:59:59.999000+00:00,110648225965.0,20446517064.0,1769385329.13,125986347.28
2018-11-02 07:59:59.999000+00:00,110651534480.0,20502431446.0,1754275085.85,125986347.28
2018-11-02 11:59:59.999000+00:00,110651534480.0,20502431446.0,1754275085.85,127258936.64
2018-11-02 19:59:59.999000+00:00,110942315204.0,20719135750.7,1764912299.2,132268016.15
2018-11-02 23:59:59.999000+00:00,110942315204.0,20719135750.7,1764912299.2,132268016.15
2018-11-03 03:59:59.999000+00:00,110973116263.0,20636568754.0,1770005300.32,132268016.15
2018-11-03 07:59:59.999000+00:00,110973116263.0,20636568754.0,1770005300.32,132243016.17
2018-11-03 11:59:59.999000+00:00,110973116263.0,20636568754.0,1770005300.32,133584616.04
2018-11-03 15:59:59.999000+00:00,110190619085.0,20591956139.4,1778695555.45,133584616.04
2018-11-03 19:59:59.999000+00:00,110190619085.0,20591956139.4,1778695555.45,133581497.57
2018-11-03 23:59:59.999000+00:00,110190619085.0,20591956139.4,1778695555.45,132258908.38
2018-11-04 03:59:59.999000+00:00,110790473159.0,20593565082.1,1776412853.52,132258908.38
2018-11-04 07:59:59.999000+00:00,110790473159.0,20593565082.1,1776412853.52,132258908.38
2018-11-04 15:59:59.999000+00:00,110237518531.0,20924675484.7,1712358638.57,132233908.4
2018-11-04 19:59:59.999000+00:00,110237518531.0,20924675484.7,1712358638.57,129589230.24
2018-11-05 03:59:59.999000+00:00,112122479483.0,21480773805.3,1772300437.2,132258908.3
2018-11-05 07:59:59.999000+00:00,112122479483.0,21480773805.3,1772300437.2,132258908.3
2018-11-05 15:59:59.999000+00:00,111827024344.0,21674092709.6,1768641008.42,132233908.32
2018-11-05 19:59:59.999000+00:00,111827024344.0,21674092709.6,1768641008.42,132233908.32
2018-11-06 03:59:59.999000+00:00,111417162600.0,21432052079.0,1766420481.25,134212006.27
2018-11-06 11:59:59.999000+00:00,111474072188.0,21731331045.6,1760631122.82,134225176.01
2018-11-06 15:59:59.999000+00:00,111474072188.0,21731331045.6,1760631122.82,134225176.01
2018-11-06 23:59:59.999000+00:00,112184616458.25,22509806854.92,1763624393.45,134295223.13
2018-11-07 03:59:59.999000+00:00,112184616458.25,22509806854.92,1763624393.45,134095585.67
2018-11-07 11:59:59.999000+00:00,113393772159.75,22647110150.61,1762729076.89,134742581.78
2018-11-07 15:59:59.999000+00:00,113393772159.75,22647110150.61,1762729076.89,135019053.9
2018-11-07 23:59:59.999000+00:00,113395632954.68,22383497661.84,1764466417.35,134846050.98
2018-11-08 07:59:59.999000+00:00,113395632954.68,22383497661.84,1764466417.35,134858135.17
2018-11-08 11:59:59.999000+00:00,112522855807.83,22073807090.92,1761659671.01,134377453.24
2018-11-08 19:59:59.999000+00:00,112522855807.83,22073807090.92,1761659671.01,134631125.28
2018-11-08 23:59:59.999000+00:00,112078367037.0,21877424056.97,1766354753.65,134582387.31
2018-11-09 07:59:59.999000+00:00,111776617050.0,21913883182.65,1757668051.37,134451001.09
2018-11-09 11:59:59.999000+00:00,111776617050.0,21913883182.65,1757668051.37,135070393.26
2018-11-09 19:59:59.999000+00:00,111202238489.25,21686680803.31,1768388756.54,135547521.43
2018-11-10 03:59:59.999000+00:00,111202238489.25,21686680803.31,1768388756.54,135587763.67
2018-11-10 07:59:59.999000+00:00,111138996639.32,21775207271.71,1764617413.2,134555393.35
2018-11-10 15:59:59.999000+00:00,111138996639.32,21775207271.71,1764617413.2,134591593.35
2018-11-10 19:59:59.999000+00:00,111414172331.0,21944841175.13,1764706234.28,134555393.35
2018-11-11 03:59:59.999000+00:00,111414172331.0,21944841175.13,1764706234.28,135653275.54
2018-11-11 07:59:59.999000+00:00,111425463782.5,21844195734.83,1766246391.93,134702513.15
2018-11-11 15:59:59.999000+00:00,111425463782.5,21844195734.83,1766246391.93,136771661.76
2018-11-11 19:59:59.999000+00:00,110797744970.51,21686358883.81,1697551755.45,136771661.76
2018-11-11 23:59:59.999000+00:00,110797744970.51,21686358883.81,1697551755.45,135307299.95
2018-11-12 03:59:59.999000+00:00,110797744970.51,21686358883.81,1697551755.45,134748106.84
2018-11-12 07:59:59.999000+00:00,111092362672.5,21690527007.58,1694758343.07,134748106.84
2018-11-12 11:59:59.999000+00:00,111092362672.5,21690527007.58,1694758343.07,135378377.36
2018-11-12 15:59:59.999000+00:00,111300675408.75,21815326402.78,1694304434.88,134837958.1
2018-11-12 23:59:59.999000+00:00,111300675408.75,21815326402.78,1694304434.88,135869179.96
2018-11-13 03:59:59.999000+00:00,110592495112.33,21557209011.11,1683598344.92,134984380.47
2018-11-13 11:59:59.999000+00:00,110592495112.33,21557209011.11,1683598344.92,136794967.04
2018-11-13 15:59:59.999000+00:00,110709347574.6,21568155234.38,1684021537.51,136794967.04
2018-11-13 19:59:59.999000+00:00,110709347574.6,21568155234.38,1684021537.51,135130244.43
2018-11-13 23:59:59.999000+00:00,110709347574.6,21568155234.38,1684021537.51,135535719.47
2018-11-14 03:59:59.999000+00:00,110472087257.5,21320375399.48,1676021832.41,135535719.47
2018-11-14 07:59:59.999000+00:00,110472087257.5,21320375399.48,1676021832.41,141067450.92
2018-11-14 11:59:59.999000+00:00,110472087257.5,21320375399.48,1676021832.41,139672807.52
2018-11-14 15:59:59.999000+00:00,107929534055.0,20006264653.22,1709919900.19,139672807.52
2018-11-14 19:59:59.999000+00:00,107929534055.0,20006264653.22,1709919900.19,143028489.04
2018-11-14 23:59:59.999000+00:00,107929534055.0,20006264653.22,1709919900.19,145938457.52
2018-11-15 03:59:59.999000+00:00,98348225548.86,18465987269.21,1678409116.42,145938457.52
2018-11-15 07:59:59.999000+00:00,98348225548.86,18465987269.21,1678409116.42,145074871.49
2018-11-15 15:59:59.999000+00:00,96446480176.75,18311934391.92,1662421651.18,150763047.1
2018-11-15 19:59:59.999000+00:00,96446480176.75,18311934391.92,1662421651.18,144235687.36
2018-11-15 23:59:59.999000+00:00,98151606540.75,18663659629.02,1675743685.67,144235687.36
2018-11-16 03:59:59.999000+00:00,98151606540.75,18663659629.02,1675743685.67,145768030.14
2018-11-16 07:59:59.999000+00:00,98151606540.75,18663659629.02,1675743685.67,145283138.0
2018-11-16 11:59:59.999000+00:00,97385856431.5,18418058166.05,1685268931.79,145283138.0
2018-11-16 15:59:59.999000+00:00,97385856431.5,18418058166.05,1685268931.79,145274546.53
2018-11-16 19:59:59.999000+00:00,97385856431.5,18418058166.05,1685268931.79,144455597.44
2018-11-16 23:59:59.999000+00:00,96900828780.0,18086156169.37,1684284326.45,144455597.44
2018-11-17 03:59:59.999000+00:00,96900828780.0,18086156169.37,1684284326.45,144464950.62
2018-11-17 11:59:59.999000+00:00,96575545039.85,18033998417.12,1687098215.9,144486348.49
2018-11-17 15:59:59.999000+00:00,96575545039.85,18033998417.12,1687098215.9,144756194.93
2018-11-17 23:59:59.999000+00:00,96542098113.96,17968221714.77,1731601740.08,144078009.43
2018-11-18 03:59:59.999000+00:00,96542098113.96,17968221714.77,1731601740.08,144230787.72
2018-11-18 11:59:59.999000+00:00,97227441552.5,18135414054.17,1738096987.66,144647794.56
2018-11-18 15:59:59.999000+00:00,97227441552.5,18135414054.17,1738096987.66,144262299.36
2018-11-18 23:59:59.999000+00:00,97753714643.0,18288411984.4,1743306534.53,144472180.08
2018-11-19 07:59:59.999000+00:00,94764153276.2,16813217687.97,1748951673.99,144829120.08
2018-11-19 11:59:59.999000+00:00,94764153276.2,16813217687.97,1748951673.99,144345109.44
2018-11-19 19:59:59.999000+00:00,86750661419.5,15896812762.23,1728703644.22,144252682.41
2018-11-19 23:59:59.999000+00:00,86750661419.5,15896812762.23,1728703644.22,145433960.32
2018-11-20 07:59:59.999000+00:00,81008361507.42,14270273107.18,1736423117.75,145196265.2
2018-11-20 11:59:59.999000+00:00,81008361507.42,14270273107.18,1736423117.75,146143535.39
2018-11-20 19:59:59.999000+00:00,79550228604.0,14225154583.13,1771973273.13,156502077.41
2018-11-21 03:59:59.999000+00:00,79550228604.0,14225154583.13,1771973273.13,160505129.92
2018-11-21 07:59:59.999000+00:00,78715912621.06,13729094780.54,1764523589.89,160013507.96
2018-11-21 15:59:59.999000+00:00,78715912621.06,13729094780.54,1764523589.89,165060845.69
2018-11-21 19:59:59.999000+00:00,77953401749.0,13681440338.39,1773362411.45,165380263.62
2018-11-22 03:59:59.999000+00:00,77953401749.0,13681440338.39,1773362411.45,165608118.16
2018-11-22 07:59:59.999000+00:00,79580757837.5,13998907676.54,1782869609.04,165422699.39
2018-11-22 15:59:59.999000+00:00,78513406366.5,13646655981.43,1784780803.24,165176568.62
2018-11-22 19:59:59.999000+00:00,78513406366.5,13646655981.43,1784780803.24,164829377.53
2018-11-23 03:59:59.999000+00:00,74521575163.5,12759933713.82,1787884235.78,165386839.28
2018-11-23 11:59:59.999000+00:00,74521575163.5,12759933713.82,1787884235.78,165259698.88
2018-11-23 15:59:59.999000+00:00,75163969712.0,12624918880.53,1781390149.64,165776498.01
2018-11-23 23:59:59.999000+00:00,75163969712.0,12624918880.53,1781390149.64,169431171.77
2018-11-24 03:59:59.999000+00:00,75956320931.0,12950789524.1,1775154381.81,170024917.42
2018-11-24 11:59:59.999000+00:00,75956320931.0,12950789524.1,1775154381.81,170171577.28
2018-11-24 15:59:59.999000+00:00,74696374649.67,12629141798.56,1772576617.99,170512603.5
2018-11-24 23:59:59.999000+00:00,74696374649.67,12629141798.56,1772576617.99,169951729.43
2018-11-25 03:59:59.999000+00:00,64774067267.0,10969611663.17,1775905853.25,169951729.43
2018-11-25 07:59:59.999000+00:00,64774067267.0,10969611663.17,1775905853.25,170212454.35
2018-11-25 11:59:59.999000+00:00,64774067267.0,10969611663.17,1775905853.25,169513208.22
2018-11-25 15:59:59.999000+00:00,65879302736.58,11309680980.15,1763277158.9,169513208.22
2018-11-25 19:59:59.999000+00:00,65879302736.58,11309680980.15,1763277158.9,170048023.24
2018-11-25 23:59:59.999000+00:00,69749265801.14,12043900588.44,1821092173.58,170393048.51
2018-11-26 07:59:59.999000+00:00,69749265801.14,12043900588.44,1821092173.58,170122335.55
2018-11-26 11:59:59.999000+00:00,69424827963.16,11878121955.97,1823646609.89,171869411.27
2018-11-26 19:59:59.999000+00:00,69424827963.16,11878121955.97,1823646609.89,172218092.4
2018-11-26 23:59:59.999000+00:00,65739289045.5,11206775318.03,1814175146.19,172218092.4
2018-11-27 03:59:59.999000+00:00,65739289045.5,11206775318.03,1814175146.19,171089250.25
2018-11-27 07:59:59.999000+00:00,65739289045.5,11206775318.03,1814175146.19,169039666.94
2018-11-27 11:59:59.999000+00:00,64377328975.5,10741656180.71,1827405863.9,169039666.94
2018-11-27 15:59:59.999000+00:00,64377328975.5,10741656180.71,1827405863.9,170394832.53
2018-11-27 19:59:59.999000+00:00,64377328975.5,10741656180.71,1827405863.9,173125008.53
2018-11-27 23:59:59.999000+00:00,66468970322.0,11382216772.81,1827201657.51,173125008.53
2018-11-28 03:59:59.999000+00:00,66468970322.0,11382216772.81,1827201657.51,169946747.09
2018-11-28 07:59:59.999000+00:00,66468970322.0,11382216772.81,1827201657.51,171991371.44
2018-11-28 11:59:59.999000+00:00,70281071245.8,11866429575.8,1835336497.56,171991371.44
2018-11-28 15:59:59.999000+00:00,70281071245.8,11866429575.8,1835336497.56,174805112.17
2018-11-28 19:59:59.999000+00:00,75233738523.02,12818093353.02,1860041758.01,174805112.17
2018-11-28 23:59:59.999000+00:00,75233738523.02,12818093353.02,1860041758.01,173690422.16
2018-11-29 03:59:59.999000+00:00,75233738523.02,12818093353.02,1860041758.01,173580539.33
2018-11-29 07:59:59.999000+00:00,72888514119.75,12249503133.73,1848450260.7,173580539.33
2018-11-29 11:59:59.999000+00:00,72888514119.75,12249503133.73,1848450260.7,174332875.67
2018-11-29 15:59:59.999000+00:00,72888514119.75,12249503133.73,1848450260.7,178763032.77
2018-11-29 19:59:59.999000+00:00,73707493502.94,12187846415.14,1852792793.91,178763032.77
2018-11-29 23:59:59.999000+00:00,73707493502.94,12187846415.14,1852792793.91,179215722.53
2018-11-30 03:59:59.999000+00:00,73707493502.94,12187846415.14,1852792793.91,178227060.09
2018-11-30 07:59:59.999000+00:00,73310614659.66,12100349323.68,1849529401.17,178227060.09
2018-11-30 11:59:59.999000+00:00,73310614659.66,12100349323.68,1849529401.17,179037977.15
2018-11-30 19:59:59.999000+00:00,69885763993.83,11804967921.15,1844720092.05,178391938.81
2018-11-30 23:59:59.999000+00:00,69885763993.83,11804967921.15,1844720092.05,178350743.84
2018-12-01 07:59:59.999000+00:00,69218013936.54,11570084355.2,1845586003.52,177723560.93
2018-12-01 11:59:59.999000+00:00,69218013936.54,11570084355.2,1845586003.52,177242223.43
2018-12-01 19:59:59.999000+00:00,74850063607.27,12476460874.31,1864806563.26,178940862.7
2018-12-01 23:59:59.999000+00:00,74850063607.27,12476460874.31,1864806563.26,177962574.07
2018-12-02 03:59:59.999000+00:00,73229667291.29,12253771150.13,1855123514.08,177962574.07
2018-12-02 07:59:59.999000+00:00,73229667291.29,12253771150.13,1855123514.08,178765330.95
2018-12-02 15:59:59.999000+00:00,72747756823.9,12196204169.89,1851642989.93,178791920.71
2018-12-02 19:59:59.999000+00:00,72747756823.9,12196204169.89,1851642989.93,178705436.56
2018-12-03 03:59:59.999000+00:00,69926678712.94,11763995475.94,1848939455.97,178585883.99
2018-12-03 07:59:59.999000+00:00,69926678712.94,11763995475.94,1848939455.97,178300627.36
2018-12-03 15:59:59.999000+00:00,67520853539.44,11207387843.59,1848726710.25,178424323.66
2018-12-03 19:59:59.999000+00:00,67520853539.44,11207387843.59,1848726710.25,178642596.28
2018-12-04 03:59:59.999000+00:00,67484142871.65,11233205395.83,1857329213.0,179115806.45
2018-12-04 11:59:59.999000+00:00,67484142871.65,11233205395.83,1857329213.0,178268335.52
2018-12-04 15:59:59.999000+00:00,70074682763.94,11629590400.27,1853282727.06,178091244.39
2018-12-04 23:59:59.999000+00:00,70074682763.94,11629590400.27,1853282727.06,178853753.71
2018-12-05 03:59:59.999000+00:00,67919906858.79,11182884596.37,1855576170.28,178707363.96
2018-12-05 11:59:59.999000+00:00,67908438486.07,11232333585.35,1843634473.52,177737049.05
2018-12-05 15:59:59.999000+00:00,67908438486.07,11232333585.35,1843634473.52,178909837.92
2018-12-05 23:59:59.999000+00:00,65352496335.91,10618884099.15,1843363374.48,180498554.86
2018-12-06 07:59:59.999000+00:00,65352496335.91,10618884099.15,1843363374.48,180144160.96
2018-12-06 11:59:59.999000+00:00,66491744525.31,10449832400.02,1858055797.23,180237866.56
2018-12-06 19:59:59.999000+00:00,66491744525.31,10449832400.02,1858055797.23,180648118.84
2018-12-06 23:59:59.999000+00:00,61303965507.84,9510417097.2,1853258431.56,181375784.54
2018-12-07 07:59:59.999000+00:00,61303965507.84,9510417097.2,1853258431.56,183558683.47
2018-12-07 11:59:59.999000+00:00,59588857491.99,8933951128.53,1864322856.32,182977415.18
2018-12-07 19:59:59.999000+00:00,59588857491.99,8933951128.53,1864322856.32,187210406.45
2018-12-07 23:59:59.999000+00:00,59547645578.03,9671177427.26,1859078677.74,187210406.45
2018-12-08 03:59:59.999000+00:00,59547645578.03,9671177427.26,1859078677.74,186673641.01
2018-12-08 07:59:59.999000+00:00,59547645578.03,9671177427.26,1859078677.74,186745474.61
2018-12-08 11:59:59.999000+00:00,60068224080.72,9382027803.43,1873770450.42,186745474.61
2018-12-08 15:59:59.999000+00:00,60068224080.72,9382027803.43,1873770450.42,187351013.36
2018-12-08 19:59:59.999000+00:00,59650930567.94,9263534924.97,1874350195.98,188447394.29
2018-12-09 03:59:59.999000+00:00,59650930567.94,9263534924.97,1874350195.98,189439811.68
2018-12-09 07:59:59.999000+00:00,60814100096.88,9546168068.79,1890666727.98,188782113.24
2018-12-09 15:59:59.999000+00:00,60814100096.88,9546168068.79,1890666727.98,189137664.68
2018-12-09 19:59:59.999000+00:00,63334571427.0,10083294634.92,1884814689.31,189137664.68
2018-12-09 23:59:59.999000+00:00,63334571427.0,10083294634.92,1884814689.31,188363784.2
2018-12-10 03:59:59.999000+00:00,63334571427.0,10083294634.92,1884814689.31,188510898.26
2018-12-10 07:59:59.999000+00:00,62151644606.57,9672051352.37,1886983794.01,188510898.26
2018-12-10 11:59:59.999000+00:00,62151644606.57,9672051352.37,1886983794.01,188494231.55
2018-12-10 15:59:59.999000+00:00,62151644606.57,9672051352.37,1886983794.01,194833099.52
2018-12-10 19:59:59.999000+00:00,60514563532.31,9419627583.55,1895566548.76,194833099.52
2018-12-10 23:59:59.999000+00:00,60514563532.31,9419627583.55,1895566548.76,194659963.6
2018-12-11 03:59:59.999000+00:00,60514563532.31,9419627583.55,1895566548.76,194700233.1
2018-12-11 07:59:59.999000+00:00,60654332780.68,9472043561.39,1883336355.9,194700233.1
2018-12-11 11:59:59.999000+00:00,60654332780.68,9472043561.39,1883336355.9,193438964.85
2018-12-11 19:59:59.999000+00:00,59413543875.36,9153981187.62,1873112586.98,193784550.92
2018-12-11 23:59:59.999000+00:00,59413543875.36,9153981187.62,1873112586.98,193258122.2
2018-12-12 03:59:59.999000+00:00,59630431794.41,9227186395.26,1883580351.36,193258122.2
2018-12-12 07:59:59.999000+00:00,59630431794.41,9227186395.26,1883580351.36,194008876.39
2018-12-12 11:59:59.999000+00:00,59630431794.41,9227186395.26,1883580351.36,193211576.83
2018-12-12 15:59:59.999000+00:00,61269334934.61,9521863696.64,1885815432.03,193211576.83
2018-12-12 19:59:59.999000+00:00,61269334934.61,9521863696.64,1885815432.03,194716540.69
2018-12-12 23:59:59.999000+00:00,61269334934.61,9521863696.64,1885815432.03,195911388.82
2018-12-13 03:59:59.999000+00:00,59908108837.92,9321746183.64,1873353331.76,195911388.82
2018-12-13 07:59:59.999000+00:00,59908108837.92,9321746183.64,1873353331.76,193365854.48
2018-12-13 15:59:59.999000+00:00,59897063275.72,9447423738.26,1864395121.67,194907937.71
2018-12-13 19:59:59.999000+00:00,59897063275.72,9447423738.26,1864395121.67,194509561.85
2018-12-14 03:59:59.999000+00:00,57513955676.69,8977759571.24,1861660254.84,195447914.9
2018-12-14 07:59:59.999000+00:00,57513955676.69,8977759571.24,1861660254.84,196629792.68
2018-12-14 15:59:59.999000+00:00,57282864366.77,8952276962.0,1866160618.17,197080088.64
2018-12-14 19:59:59.999000+00:00,57282864366.77,8952276962.0,1866160618.17,203556838.57
2018-12-15 03:59:59.999000+00:00,56940206320.82,8837382281.94,1858276680.34,204521835.61
2018-12-15 07:59:59.999000+00:00,56940206320.82,8837382281.94,1858276680.34,204756715.99
2018-12-15 11:59:59.999000+00:00,56136976810.22,8725086894.09,1858265491.59,204756715.99
2018-12-15 15:59:59.999000+00:00,56136976810.22,8725086894.09,1858265491.59,205367987.09
2018-12-15 23:59:59.999000+00:00,56400691424.66,8766638124.25,1865684230.69,201408567.15
2018-12-16 03:59:59.999000+00:00,56400691424.66,8766638124.25,1865684230.69,205813418.97
2018-12-16 11:59:59.999000+00:00,57349471059.28,9054637977.36,1868274493.19,203403649.14
2018-12-16 15:59:59.999000+00:00,57349471059.28,9054637977.36,1868274493.19,206986050.61
2018-12-16 23:59:59.999000+00:00,56685436643.77,8853567310.97,1868184262.65,204222546.56
2018-12-17 03:59:59.999000+00:00,56685436643.77,8853567310.97,1868184262.65,205120358.18
2018-12-17 11:59:59.999000+00:00,57305808932.59,8990295249.62,1863935113.66,204857828.5
2018-12-17 19:59:59.999000+00:00,57305808932.59,8990295249.62,1863935113.66,208436968.34
2018-12-17 23:59:59.999000+00:00,61798926686.54,9880456238.62,1874876148.41,214498101.49
2018-12-18 07:59:59.999000+00:00,61798926686.54,9880456238.62,1874876148.41,214599238.48
2018-12-18 11:59:59.999000+00:00,61363830030.03,9790786132.37,1872297904.86,214089234.15
2018-12-18 19:59:59.999000+00:00,62140484182.79,9834446195.1,1870946772.74,214409445.55
2018-12-18 23:59:59.999000+00:00,62140484182.79,9834446195.1,1870946772.74,216113191.27
2018-12-19 07:59:59.999000+00:00,65263418000.05,10592606844.2,1878227664.1,216472366.09
2018-12-19 15:59:59.999000+00:00,65263418000.05,10592606844.2,1878227664.1,217125179.15
2018-12-19 19:59:59.999000+00:00,66905844847.09,10939413483.98,1890454330.08,226595251.86
2018-12-20 03:59:59.999000+00:00,66905844847.09,10939413483.98,1890454330.08,226741963.43
2018-12-20 07:59:59.999000+00:00,66194713867.36,10697315988.99,1890589106.07,227026104.29
2018-12-20 15:59:59.999000+00:00,66194713867.36,10697315988.99,1890589106.07,226493382.59
2018-12-20 19:59:59.999000+00:00,71540908356.34,11871705542.91,1894881272.18,226033322.29
2018-12-21 03:59:59.999000+00:00,71540908356.34,11871705542.91,1894881272.18,229209772.69
2018-12-21 07:59:59.999000+00:00,70589387506.41,11898922835.91,1889739844.25,229209772.69
2018-12-21 11:59:59.999000+00:00,70589387506.41,11898922835.91,1889739844.25,227811835.16
2018-12-21 15:59:59.999000+00:00,70158730754.51,11776770760.27,1889846432.64,227917306.46
2018-12-21 23:59:59.999000+00:00,70158730754.51,11776770760.27,1889846432.64,231531679.29
2018-12-22 03:59:59.999000+00:00,67684890987.28,11301419573.46,1887760412.82,231374990.15
2018-12-22 11:59:59.999000+00:00,67684890987.28,11301419573.46,1887760412.82,231446591.03
2018-12-22 15:59:59.999000+00:00,68009726165.17,11743172147.71,1888386736.73,231425715.44
2018-12-22 23:59:59.999000+00:00,68009726165.17,11743172147.71,1888386736.73,230419099.61
2018-12-23 03:59:59.999000+00:00,70803678732.66,13469259019.35,1896275064.72,230419099.61
2018-12-23 07:59:59.999000+00:00,70803678732.66,13469259019.35,1896275064.72,230223850.25
2018-12-23 11:59:59.999000+00:00,70803678732.66,13469259019.35,1896275064.72,230444904.89
2018-12-23 15:59:59.999000+00:00,69639425211.67,13247719557.97,1896731698.23,230444904.89
2018-12-23 19:59:59.999000+00:00,69639425211.67,13247719557.97,1896731698.23,230524057.82
2018-12-23 23:59:59.999000+00:00,69639425211.67,13247719557.97,1896731698.23,230406707.71
2018-12-24 03:59:59.999000+00:00,73772605007.46,15724967051.61,1894387186.29,230406707.71
2018-12-24 07:59:59.999000+00:00,73772605007.46,15724967051.61,1894387186.29,230348350.26
2018-12-24 11:59:59.999000+00:00,73772605007.46,15724967051.61,1894387186.29,230361514.84
2018-12-24 15:59:59.999000+00:00,73041673807.62,15792792262.2,1913397389.07,230361514.84
2018-12-24 19:59:59.999000+00:00,73041673807.62,15792792262.2,1913397389.07,229965070.8
2018-12-24 23:59:59.999000+00:00,71137548588.83,14583457939.47,1885710063.91,229965070.8
2018-12-25 03:59:59.999000+00:00,71137548588.83,14583457939.47,1885710063.91,231891064.92
2018-12-25 07:59:59.999000+00:00,71137548588.83,14583457939.47,1885710063.91,230761381.36
2018-12-25 11:59:59.999000+00:00,66451085722.95,13382853707.96,1886396695.94,230761381.36
2018-12-25 15:59:59.999000+00:00,66451085722.95,13382853707.96,1886396695.94,230728028.04
2018-12-25 19:59:59.999000+00:00,66451085722.95,13382853707.96,1886396695.94,230581611.63
2018-12-25 23:59:59.999000+00:00,66556033171.82,13505089289.68,1891786345.08,230581611.63
2018-12-26 03:59:59.999000+00:00,66556033171.82,13505089289.68,1891786345.08,230135726.16
2018-12-26 07:59:59.999000+00:00,66556033171.82,13505089289.68,1891786345.08,230243647.77
2018-12-26 11:59:59.999000+00:00,66275023710.25,13387625672.03,1898497375.36,230243647.77
2018-12-26 15:59:59.999000+00:00,66275023710.25,13387625672.03,1898497375.36,230905488.51
2018-12-26 23:59:59.999000+00:00,67292819464.64,13717858345.68,1892714209.15,230733088.2
2018-12-27 03:59:59.999000+00:00,67292819464.64,13717858345.68,1892714209.15,231302651.2
2018-12-27 11:59:59.999000+00:00,66044553344.04,13078183142.29,1885753489.8,233298967.25
2018-12-27 15:59:59.999000+00:00,66044553344.04,13078183142.29,1885753489.8,234395367.52
2018-12-27 23:59:59.999000+00:00,63768757100.91,12129493222.31,1901298702.02,241190277.1
2018-12-28 03:59:59.999000+00:00,63768757100.91,12129493222.31,1901298702.02,240780537.45
2018-12-28 07:59:59.999000+00:00,63924304043.03,12367902267.64,1901951206.75,240780537.45
2018-12-28 11:59:59.999000+00:00,63924304043.03,12367902267.64,1901951206.75,240536345.08
2018-12-28 19:59:59.999000+00:00,68450963201.66,14156736776.73,1909410597.48,243936422.33
2018-12-28 23:59:59.999000+00:00,68450963201.66,14156736776.73,1909410597.48,244258933.09
2018-12-29 07:59:59.999000+00:00,68738518546.73,14404555877.87,1900714106.2,243498925.62
2018-12-29 11:59:59.999000+00:00,68738518546.73,14404555877.87,1900714106.2,244516833.12
2018-12-29 19:59:59.999000+00:00,68008512090.55,14200903670.44,1909022633.63,249746534.48
2018-12-29 23:59:59.999000+00:00,68008512090.55,14200903670.44,1909022633.63,251416579.52
2018-12-30 07:59:59.999000+00:00,66800779641.25,14171837819.33,1904899922.17,250450047.3
2018-12-30 15:59:59.999000+00:00,66800779641.25,14171837819.33,1904899922.17,250055825.5
2018-12-30 19:59:59.999000+00:00,67385507729.64,14430184885.47,1896622419.13,249589146.54
2018-12-31 03:59:59.999000+00:00,67385507729.64,14430184885.47,1896622419.13,251797707.51
2018-12-31 07:59:59.999000+00:00,66707725733.26,14243408237.43,1893897477.1,251509508.22
2018-12-31 15:59:59.999000+00:00,66437221122.53,14318249691.53,1889184947.66,252304423.19
2018-12-31 19:59:59.999000+00:00,66437221122.53,14318249691.53,1889184947.66,254339832.7
2019-01-01 03:59:59.999000+00:00,65342224105.93,13879526281.04,1884714611.75,254888287.05
2019-01-01 11:59:59.999000+00:00,65342224105.93,13879526281.04,1884714611.75,257343190.26
2019-01-01 15:59:59.999000+00:00,65121102919.74,14075929516.39,1881870746.36,257268204.05
2019-01-01 23:59:59.999000+00:00,65121102919.74,14075929516.39,1881870746.36,261353425.19
2019-01-02 03:59:59.999000+00:00,66952077855.3,14717013439.4,1891924468.57,261840168.19
2019-01-02 11:59:59.999000+00:00,66952077855.3,14717013439.4,1891924468.57,261127265.06
2019-01-02 15:59:59.999000+00:00,67503825674.72,15637762566.86,1889939899.45,281679536.82
2019-01-02 23:59:59.999000+00:00,67503825674.72,15637762566.86,1889939899.45,288816453.99
2019-01-03 03:59:59.999000+00:00,68406901646.59,16004531467.16,1903756724.01,288816453.99
2019-01-03 07:59:59.999000+00:00,68406901646.59,16004531467.16,1903756724.01,287393394.65
2019-01-03 11:59:59.999000+00:00,68406901646.59,16004531467.16,1903756724.01,287987647.65
2019-01-03 15:59:59.999000+00:00,67893784266.01,15676550283.43,1905909946.54,287987647.65
2019-01-03 19:59:59.999000+00:00,67893784266.01,15676550283.43,1905909946.54,291022838.84
2019-01-03 23:59:59.999000+00:00,66994920902.73,15536849936.05,1900260729.76,290759445.1
2019-01-04 07:59:59.999000+00:00,66994920902.73,15536849936.05,1900260729.76,291491925.97
2019-01-04 11:59:59.999000+00:00,66907508042.06,15971091614.88,1902291636.15,290665322.3
2019-01-04 19:59:59.999000+00:00,66907508042.06,15971091614.88,1902291636.15,291644655.71
2019-01-04 23:59:59.999000+00:00,67368333500.35,16107068093.02,1898444419.2,291644655.71
2019-01-05 03:59:59.999000+00:00,67368333500.35,16107068093.02,1898444419.2,293544677.0
2019-01-05 07:59:59.999000+00:00,67368333500.35,16107068093.02,1898444419.2,294768267.05
2019-01-05 11:59:59.999000+00:00,67700816354.23,16522589360.93,1904135943.42,294768267.05
2019-01-05 15:59:59.999000+00:00,67700816354.23,16522589360.93,1904135943.42,294017130.34
2019-01-05 19:59:59.999000+00:00,67700816354.23,16522589360.93,1904135943.42,294173791.93
2019-01-05 23:59:59.999000+00:00,67157570935.07,16219974744.62,1900850296.72,294173791.93
2019-01-06 03:59:59.999000+00:00,67157570935.07,16219974744.62,1900850296.72,303518378.28
2019-01-06 07:59:59.999000+00:00,67157570935.07,16219974744.62,1900850296.72,304017247.11
2019-01-06 11:59:59.999000+00:00,67619030489.18,16137533683.36,1895736587.45,304017247.11
2019-01-06 15:59:59.999000+00:00,67619030489.18,16137533683.36,1895736587.45,303547236.98
2019-01-06 19:59:59.999000+00:00,67619030489.18,16137533683.36,1895736587.45,303287916.82
2019-01-06 23:59:59.999000+00:00,71206795852.79,16442429109.11,1910347640.98,303287916.82
2019-01-07 03:59:59.999000+00:00,71206795852.79,16442429109.11,1910347640.98,305440222.34
2019-01-07 07:59:59.999000+00:00,71094092746.32,16315622104.83,1904873506.75,305440222.34
2019-01-07 11:59:59.999000+00:00,71094092746.32,16315622104.83,1904873506.75,303426974.8
2019-01-07 15:59:59.999000+00:00,71094092746.32,16315622104.83,1904873506.75,303315564.04
2019-01-07 19:59:59.999000+00:00,70672633657.24,16038156517.08,1894792087.87,303315564.04
2019-01-07 23:59:59.999000+00:00,70672633657.24,16038156517.08,1894792087.87,316560982.71
2019-01-08 03:59:59.999000+00:00,70672633657.24,16038156517.08,1894792087.87,316638844.5
2019-01-08 07:59:59.999000+00:00,69990397276.57,15559940958.12,1899779101.56,316638844.5
2019-01-08 11:59:59.999000+00:00,69990397276.57,15559940958.12,1899779101.56,318081625.71
2019-01-08 15:59:59.999000+00:00,69990397276.57,15559940958.12,1899779101.56,321752293.87
2019-01-08 19:59:59.999000+00:00,70794796409.68,15781556723.44,1918462700.16,321752293.87
2019-01-08 23:59:59.999000+00:00,70794796409.68,15781556723.44,1918462700.16,327134638.46
2019-01-09 07:59:59.999000+00:00,70900311372.57,15914229060.1,1921494002.59,328916656.36
2019-01-09 11:59:59.999000+00:00,70900311372.57,15914229060.1,1921494002.59,328338968.81
2019-01-09 19:59:59.999000+00:00,70627138033.61,15744371664.08,1922046401.66,334105287.53
2019-01-09 23:59:59.999000+00:00,70627138033.61,15744371664.08,1922046401.66,337931396.13
2019-01-10 07:59:59.999000+00:00,67255276478.34,14532573221.38,1923537537.08,344864314.96
2019-01-10 11:59:59.999000+00:00,67255276478.34,14532573221.38,1923537537.08,345065210.02
2019-01-10 15:59:59.999000+00:00,66785228204.64,13878054519.49,1947869973.08,345065210.02
2019-01-10 19:59:59.999000+00:00,66785228204.64,13878054519.49,1947869973.08,347246215.17
2019-01-11 03:59:59.999000+00:00,64163398904.45,13444477119.67,1948696377.93,349342080.36
2019-01-11 07:59:59.999000+00:00,64163398904.45,13444477119.67,1948696377.93,349684395.96
2019-01-11 15:59:59.999000+00:00,64570277509.26,13327433704.95,1960399399.27,351854533.82
2019-01-11 19:59:59.999000+00:00,64570277509.26,13327433704.95,1960399399.27,355144140.0
2019-01-12 03:59:59.999000+00:00,64520113440.03,13401765174.09,1975681355.12,356159865.49
2019-01-12 07:59:59.999000+00:00,64520113440.03,13401765174.09,1975681355.12,358159737.58
2019-01-12 15:59:59.999000+00:00,64013425004.24,13244428644.88,1966013885.82,356913172.72
2019-01-12 23:59:59.999000+00:00,64013425004.24,13244428644.88,1966013885.82,364888857.61
2019-01-13 03:59:59.999000+00:00,64176753437.32,13174373969.73,1968673613.12,365026785.94
2019-01-13 11:59:59.999000+00:00,64113356087.68,13103909701.16,1971911525.41,365696722.02
2019-01-13 15:59:59.999000+00:00,64113356087.68,13103909701.16,1971911525.41,365611043.7
2019-01-13 23:59:59.999000+00:00,62106461671.36,12199288487.11,1967105373.41,372399548.31
2019-01-14 03:59:59.999000+00:00,62106461671.36,12199288487.11,1967105373.41,373017876.21
2019-01-14 11:59:59.999000+00:00,62551918517.43,12337901591.45,1974468811.8,374043441.54
2019-01-14 19:59:59.999000+00:00,62551918517.43,12337901591.45,1974468811.8,384131730.67
2019-01-14 23:59:59.999000+00:00,64789619995.06,13471754801.51,1994117521.7,365745274.23
2019-01-15 07:59:59.999000+00:00,64789619995.06,13471754801.51,1994117521.7,354326823.24
2019-01-15 11:59:59.999000+00:00,64452565522.8,13319288269.25,2017093921.34,354500072.9
2019-01-15 19:59:59.999000+00:00,64452565522.8,13319288269.25,2017093921.34,353992427.37
2019-01-15 23:59:59.999000+00:00,63477817959.33,12739543688.31,2030634313.54,360749462.49
2019-01-16 07:59:59.999000+00:00,63477817959.33,12739543688.31,2030634313.54,366253594.3
2019-01-16 11:59:59.999000+00:00,64008000499.78,12961514988.1,2031900098.42,366253594.3
2019-01-16 15:59:59.999000+00:00,64008000499.78,12961514988.1,2031900098.42,348671450.73
2019-01-16 19:59:59.999000+00:00,63717655368.27,12861299535.26,2030230424.95,348601773.31
2019-01-17 03:59:59.999000+00:00,63717655368.27,12861299535.26,2030230424.95,321621554.62
2019-01-17 07:59:59.999000+00:00,63615760216.86,12780526781.1,2027963232.7,321350998.49
2019-01-17 19:59:59.999000+00:00,64161080199.88,12882333055.42,2039731460.43,305857558.02
2019-01-17 23:59:59.999000+00:00,64161080199.88,12882333055.42,2039731460.43,322975566.96
2019-01-18 07:59:59.999000+00:00,64125466432.14,12880042054.59,2040589251.19,319268620.06
2019-01-18 15:59:59.999000+00:00,64125466432.14,12880042054.59,2040589251.19,318985751.05
2019-01-18 19:59:59.999000+00:00,63695837049.72,12605172461.12,2038500735.81,320929871.83
2019-01-19 03:59:59.999000+00:00,63695837049.72,12605172461.12,2038500735.81,326066108.44
2019-01-19 07:59:59.999000+00:00,63966857374.79,12676998041.74,2041694562.22,325107455.98
2019-01-19 15:59:59.999000+00:00,63966857374.79,12676998041.74,2041694562.22,325195907.55
2019-01-19 19:59:59.999000+00:00,65490420224.88,13054192093.59,2048093870.67,325788646.2
2019-01-20 03:59:59.999000+00:00,65388811438.94,13026499038.6,2050518274.04,325972902.15
2019-01-20 11:59:59.999000+00:00,65388811438.94,13026499038.6,2050518274.04,327178621.91
2019-01-20 15:59:59.999000+00:00,62945194837.4,12503714710.21,2052968715.78,328489353.78
2019-01-20 23:59:59.999000+00:00,62945194837.4,12503714710.21,2052968715.78,327478050.12
2019-01-21 03:59:59.999000+00:00,62944585282.02,12413176472.98,2053606200.16,327676912.62
2019-01-21 11:59:59.999000+00:00,62944585282.02,12413176472.98,2053606200.16,324658024.06
2019-01-21 15:59:59.999000+00:00,62609111618.98,12316435639.02,2043585480.76,325399668.15
2019-01-21 23:59:59.999000+00:00,62609111618.98,12316435639.02,2043585480.76,328795313.05
2019-01-22 03:59:59.999000+00:00,62564375323.52,12301357638.14,2045571229.97,328795313.05
2019-01-22 07:59:59.999000+00:00,62564375323.52,12301357638.14,2045571229.97,328032126.05
2019-01-22 11:59:59.999000+00:00,62564375323.52,12301357638.14,2045571229.97,329119801.4
2019-01-22 15:59:59.999000+00:00,63040667048.49,12414153507.95,2035270948.65,329119801.4
2019-01-22 19:59:59.999000+00:00,63040667048.49,12414153507.95,2035270948.65,327891280.69
2019-01-22 23:59:59.999000+00:00,63040667048.49,12414153507.95,2035270948.65,332524897.93
2019-01-23 03:59:59.999000+00:00,63209324663.5,12470815298.71,2035948143.99,332524897.93
2019-01-23 07:59:59.999000+00:00,63209324663.5,12470815298.71,2035948143.99,332539677.66
2019-01-23 11:59:59.999000+00:00,63240405740.16,12421664239.52,2039610977.14,333138324.77
2019-01-23 19:59:59.999000+00:00,63240405740.16,12421664239.52,2039610977.14,305636544.17
2019-01-23 23:59:59.999000+00:00,62731361271.65,12277481872.04,2033881764.53,305636544.17
2019-01-24 03:59:59.999000+00:00,62731361271.65,12277481872.04,2033881764.53,315596079.53
2019-01-24 07:59:59.999000+00:00,62731361271.65,12277481872.04,2033881764.53,315806565.54
2019-01-24 11:59:59.999000+00:00,62900176806.69,12233876149.21,2034283008.59,315806565.54
2019-01-24 15:59:59.999000+00:00,62900176806.69,12233876149.21,2034283008.59,317677489.73
2019-01-24 19:59:59.999000+00:00,62900176806.69,12233876149.21,2034283008.59,317310714.08
2019-01-24 23:59:59.999000+00:00,63014066011.7,12269992351.25,2034477909.04,317310714.08
2019-01-25 03:59:59.999000+00:00,63014066011.7,12269992351.25,2034477909.04,323652068.17
2019-01-25 07:59:59.999000+00:00,63014066011.7,12269992351.25,2034477909.04,323716507.86
2019-01-25 11:59:59.999000+00:00,62710475624.03,12211552566.51,2038250292.38,323716507.86
2019-01-25 15:59:59.999000+00:00,62710475624.03,12211552566.51,2038250292.38,323395446.62
2019-01-25 23:59:59.999000+00:00,63000985907.69,12168932300.41,2038477176.9,326799020.62
2019-01-26 03:59:59.999000+00:00,63000985907.69,12168932300.41,2038477176.9,326670085.24
2019-01-26 11:59:59.999000+00:00,63528856455.87,12290409038.14,2040991802.38,326984210.64
2019-01-26 15:59:59.999000+00:00,63528856455.87,12290409038.14,2040991802.38,327126447.61
2019-01-26 19:59:59.999000+00:00,63095779331.17,12222402422.92,2038504533.2,327126447.61
2019-01-26 23:59:59.999000+00:00,63095779331.17,12222402422.92,2038504533.2,326739212.16
2019-01-27 03:59:59.999000+00:00,63095779331.17,12222402422.92,2038504533.2,327140031.71
2019-01-27 07:59:59.999000+00:00,62965712261.95,12140412005.02,2034953835.38,327140031.71
2019-01-27 11:59:59.999000+00:00,62965712261.95,12140412005.02,2034953835.38,333640027.29
2019-01-27 19:59:59.999000+00:00,62956216088.0,12007778221.38,2035856742.52,334087464.53
2019-01-27 23:59:59.999000+00:00,62956216088.0,12007778221.38,2035856742.52,333585021.92
2019-01-28 07:59:59.999000+00:00,61035329232.38,11316547763.05,2033082164.83,333452799.88
2019-01-28 11:59:59.999000+00:00,61035329232.38,11316547763.05,2033082164.83,334726857.52
2019-01-28 19:59:59.999000+00:00,60505402747.25,10979933868.96,2034677934.2,333282070.99
2019-01-28 23:59:59.999000+00:00,60505402747.25,10979933868.96,2034677934.2,318116020.31
2019-01-29 07:59:59.999000+00:00,59539212002.17,10882186720.84,2040871205.57,318027172.78
2019-01-29 11:59:59.999000+00:00,59539212002.17,10882186720.84,2040871205.57,318369155.6
2019-01-29 19:59:59.999000+00:00,60552119598.99,11122404337.09,2041735483.86,319116712.49
2019-01-30 03:59:59.999000+00:00,60422487744.26,11059452117.88,2040198236.46,318606993.82
2019-01-30 07:59:59.999000+00:00,60422487744.26,11059452117.88,2040198236.46,318598638.37
2019-01-30 15:59:59.999000+00:00,61105863286.66,11426762333.33,2035563757.58,318358471.43
2019-01-30 19:59:59.999000+00:00,61105863286.66,11426762333.33,2035563757.58,318089989.22
2019-01-31 03:59:59.999000+00:00,61220230827.96,11482564400.08,1977367306.52,301883893.69
2019-01-31 07:59:59.999000+00:00,61220230827.96,11482564400.08,1977367306.52,301917269.85
2019-01-31 15:59:59.999000+00:00,60703531365.99,11225920255.85,2034857647.42,306767035.34
2019-01-31 23:59:59.999000+00:00,60703531365.99,11225920255.85,2034857647.42,297790025.1
2019-02-01 03:59:59.999000+00:00,60329244587.67,11079873276.18,2033908731.81,292542411.44
2019-02-01 11:59:59.999000+00:00,60329244587.67,11079873276.18,2033908731.81,292340401.04
2019-02-01 15:59:59.999000+00:00,60973710935.83,11261338679.99,2032685616.41,292339780.25
2019-02-01 23:59:59.999000+00:00,61088747491.29,11263815609.95,2033605783.3,303077424.58
2019-02-02 03:59:59.999000+00:00,61088747491.29,11263815609.95,2033605783.3,302904474.0
2019-02-02 11:59:59.999000+00:00,61147873568.38,11351420807.1,2029801947.12,302263591.33
2019-02-02 19:59:59.999000+00:00,61147873568.38,11351420807.1,2029801947.12,302545351.93
2019-02-02 23:59:59.999000+00:00,61675119055.42,11560765572.98,2026311239.64,303768811.52
2019-02-03 07:59:59.999000+00:00,61675119055.42,11560765572.98,2026311239.64,301613647.16
2019-02-03 11:59:59.999000+00:00,60928399609.99,11344287286.03,2026086526.95,301839493.02
2019-02-03 19:59:59.999000+00:00,60928399609.99,11344287286.03,2026086526.95,301833455.31
2019-02-03 23:59:59.999000+00:00,60681847607.58,11254870706.43,2020950151.38,302531642.04
2019-02-04 07:59:59.999000+00:00,60681847607.58,11254870706.43,2020950151.38,302207761.69
2019-02-04 11:59:59.999000+00:00,60446224549.81,11235207689.0,2027133046.49,302207761.69
2019-02-04 15:59:59.999000+00:00,60446224549.81,11235207689.0,2027133046.49,302085948.18
2019-02-04 19:59:59.999000+00:00,60446224549.81,11235207689.0,2027133046.49,302440683.3
2019-02-04 23:59:59.999000+00:00,60603083461.25,11290969363.79,2020505214.68,302440683.3
2019-02-05 03:59:59.999000+00:00,60603083461.25,11290969363.79,2020505214.68,291771326.15
2019-02-05 07:59:59.999000+00:00,60640379338.88,11259846841.61,2018522867.23,292036625.09
2019-02-05 15:59:59.999000+00:00,60640379338.88,11259846841.61,2018522867.23,291921200.01
2019-02-05 19:59:59.999000+00:00,60686256719.22,11217861936.38,2020621942.53,291049752.89
2019-02-06 03:59:59.999000+00:00,60686256719.22,11217861936.38,2020621942.53,291794839.88
2019-02-06 07:59:59.999000+00:00,59987819728.76,10887822833.58,2020095553.99,291794839.88
2019-02-06 11:59:59.999000+00:00,59987819728.76,10887822833.58,2020095553.99,291322791.14
2019-02-06 15:59:59.999000+00:00,59987819728.76,10887822833.58,2020095553.99,291661894.06
2019-02-06 19:59:59.999000+00:00,59690308435.9,10929391237.24,2023880077.59,291661894.06
2019-02-06 23:59:59.999000+00:00,59690308435.9,10929391237.24,2023880077.59,291895729.92
2019-02-07 03:59:59.999000+00:00,59690308435.9,10929391237.24,2023880077.59,292194635.91
2019-02-07 07:59:59.999000+00:00,59814520213.42,11039769828.24,2020601841.06,292194635.91
2019-02-07 11:59:59.999000+00:00,59814520213.42,11039769828.24,2020601841.06,291615895.68
2019-02-07 15:59:59.999000+00:00,59814520213.42,11039769828.24,2020601841.06,291476308.31
2019-02-07 19:59:59.999000+00:00,59576211993.59,10949980458.01,2020528960.22,291476308.31
2019-02-07 23:59:59.999000+00:00,59576211993.59,10949980458.01,2020528960.22,276092246.21
2019-02-08 07:59:59.999000+00:00,59631970549.64,10981416270.0,2023944471.35,276112877.37
2019-02-08 11:59:59.999000+00:00,59631970549.64,10981416270.0,2023944471.35,276639849.15
2019-02-08 15:59:59.999000+00:00,61425298986.92,11622051071.36,2026523536.97,276639849.15
2019-02-08 19:59:59.999000+00:00,61425298986.92,11622051071.36,2026523536.97,275780696.01
2019-02-08 23:59:59.999000+00:00,61425298986.92,11622051071.36,2026523536.97,277576608.79
2019-02-09 03:59:59.999000+00:00,64101029009.99,12420269376.01,2029605094.24,277576608.79
2019-02-09 07:59:59.999000+00:00,64101029009.99,12420269376.01,2029605094.24,276666479.08
2019-02-09 11:59:59.999000+00:00,64101029009.99,12420269376.01,2029605094.24,276762177.92
2019-02-09 15:59:59.999000+00:00,64048124510.81,12464498715.76,2028044548.5,276762177.92
2019-02-09 19:59:59.999000+00:00,64048124510.81,12464498715.76,2028044548.5,261456376.44
2019-02-10 03:59:59.999000+00:00,64317955171.23,12499302347.74,2028858728.71,262275170.28
2019-02-10 07:59:59.999000+00:00,64317955171.23,12499302347.74,2028858728.71,261684256.9
2019-02-10 15:59:59.999000+00:00,63987875278.35,12343472075.46,2033956792.06,261927848.23
2019-02-10 19:59:59.999000+00:00,63987875278.35,12343472075.46,2033956792.06,261642660.63
2019-02-11 03:59:59.999000+00:00,64161485613.45,12691108706.18,2038920247.69,262350304.96
2019-02-11 07:59:59.999000+00:00,64161485613.45,12691108706.18,2038920247.69,261980326.86
2019-02-11 15:59:59.999000+00:00,64112566023.46,12720830833.33,2030351350.76,261585304.1
2019-02-11 23:59:59.999000+00:00,63968390250.0,12714795026.1,2027856142.38,261437387.32
2019-02-12 03:59:59.999000+00:00,63968390250.0,12714795026.1,2027856142.38,261759051.38
2019-02-12 11:59:59.999000+00:00,63666214204.79,12671740386.34,2030166967.07,262240515.86
2019-02-12 15:59:59.999000+00:00,63666214204.79,12671740386.34,2030166967.07,261420751.31
2019-02-12 23:59:59.999000+00:00,64063755249.74,12849965121.47,2029502697.43,262859263.42
2019-02-13 03:59:59.999000+00:00,64063755249.74,12849965121.47,2029502697.43,246518318.69
2019-02-13 11:59:59.999000+00:00,63688299559.41,12942164275.51,2029503035.94,246507126.39
2019-02-13 19:59:59.999000+00:00,63688299559.41,12942164275.51,2029503035.94,245390296.34
2019-02-13 23:59:59.999000+00:00,63694394519.34,12849605818.91,2029480829.95,246858431.8
2019-02-14 07:59:59.999000+00:00,63694394519.34,12849605818.91,2029480829.95,247475565.56
2019-02-14 11:59:59.999000+00:00,63270494424.56,12763173101.54,2032662666.03,246268451.74
2019-02-14 19:59:59.999000+00:00,63270494424.56,12763173101.54,2032662666.03,246910192.24
2019-02-14 23:59:59.999000+00:00,63434486051.98,12729213674.55,2034561937.74,246582359.08
2019-02-15 07:59:59.999000+00:00,63695835003.17,12896702971.33,2029699575.32,247238478.91
2019-02-15 15:59:59.999000+00:00,63695835003.17,12896702971.33,2029699575.32,246979378.49
2019-02-15 19:59:59.999000+00:00,63528051680.41,12791764176.51,2034059264.03,246460986.97
2019-02-16 03:59:59.999000+00:00,63528051680.41,12791764176.51,2034059264.03,247633348.61
2019-02-16 07:59:59.999000+00:00,63749856736.62,12911692636.1,2027961461.15,247376405.39
2019-02-16 15:59:59.999000+00:00,63749856736.62,12911692636.1,2027961461.15,246892595.05
2019-02-16 19:59:59.999000+00:00,63944757462.49,12967975067.19,2028219203.58,247387938.72
2019-02-17 03:59:59.999000+00:00,63944757462.49,12967975067.19,2028219203.58,247093409.73
2019-02-17 07:59:59.999000+00:00,63951334549.23,13037291842.7,2024415789.97,247093409.73
2019-02-17 11:59:59.999000+00:00,63951334549.23,13037291842.7,2024415789.97,247337771.84
2019-02-17 15:59:59.999000+00:00,63951334549.23,13037291842.7,2024415789.97,246686429.36
2019-02-17 19:59:59.999000+00:00,63699290877.39,13501029436.56,2026389428.32,246686429.36
2019-02-17 23:59:59.999000+00:00,63699290877.39,13501029436.56,2026389428.32,250117816.39
2019-02-18 03:59:59.999000+00:00,63699290877.39,13501029436.56,2026389428.32,247501556.54
2019-02-18 07:59:59.999000+00:00,65734009287.43,14396962099.19,2029412166.18,247501556.54
2019-02-18 11:59:59.999000+00:00,65734009287.43,14396962099.19,2029412166.18,247177197.72
2019-02-18 15:59:59.999000+00:00,67613576436.47,15239560461.37,2037460961.38,247310075.16
2019-02-18 23:59:59.999000+00:00,67613576436.47,15239560461.37,2037460961.38,247579345.24
2019-02-19 03:59:59.999000+00:00,68834800658.97,15458850532.46,2041992398.92,247579345.24
2019-02-19 07:59:59.999000+00:00,68834800658.97,15458850532.46,2041992398.92,247009900.4
2019-02-19 11:59:59.999000+00:00,68834800658.97,15458850532.46,2041992398.92,246271442.71
2019-02-19 15:59:59.999000+00:00,70048141365.86,15581840994.88,2033069645.85,246271442.71
2019-02-19 19:59:59.999000+00:00,70048141365.86,15581840994.88,2033069645.85,246609386.65
2019-02-19 23:59:59.999000+00:00,70048141365.86,15581840994.88,2033069645.85,245411276.88
2019-02-20 03:59:59.999000+00:00,69327471305.95,15095650096.73,2041415706.12,245411276.88
2019-02-20 07:59:59.999000+00:00,69327471305.95,15095650096.73,2041415706.12,248117628.12
2019-02-20 11:59:59.999000+00:00,69327471305.95,15095650096.73,2041415706.12,246630572.46
2019-02-20 15:59:59.999000+00:00,69550127850.58,15380752021.54,2033370220.82,246630572.46
2019-02-20 19:59:59.999000+00:00,69550127850.58,15380752021.54,2033370220.82,246953798.72
2019-02-20 23:59:59.999000+00:00,69550127850.58,15380752021.54,2033370220.82,248241906.79
2019-02-21 03:59:59.999000+00:00,70003679482.67,15552169325.33,2033854068.33,248241906.79
2019-02-21 07:59:59.999000+00:00,70003679482.67,15552169325.33,2033854068.33,247264183.46
2019-02-21 15:59:59.999000+00:00,69337290371.54,15295967099.85,2032019227.42,246878075.45
2019-02-21 19:59:59.999000+00:00,69337290371.54,15295967099.85,2032019227.42,246496515.26
2019-02-21 23:59:59.999000+00:00,69398333876.34,15337145737.98,2030389248.97,246496515.26
2019-02-22 03:59:59.999000+00:00,69398333876.34,15337145737.98,2030389248.97,232973034.59
2019-02-22 07:59:59.999000+00:00,69398333876.34,15337145737.98,2030389248.97,232709064.35
2019-02-22 11:59:59.999000+00:00,69906918693.21,15533619176.22,2034922989.79,232709064.35
2019-02-22 15:59:59.999000+00:00,69906918693.21,15533619176.22,2034922989.79,233127361.98
2019-02-22 19:59:59.999000+00:00,69906918693.21,15533619176.22,2034922989.79,233366553.38
2019-02-22 23:59:59.999000+00:00,70308555856.56,15649961167.02,2038722001.73,233366553.38
2019-02-23 03:59:59.999000+00:00,70308555856.56,15649961167.02,2038722001.73,233439009.34
2019-02-23 11:59:59.999000+00:00,70026918436.22,15641394809.28,2032592642.86,233013367.03
2019-02-23 15:59:59.999000+00:00,70026918436.22,15641394809.28,2032592642.86,233059500.82
2019-02-23 23:59:59.999000+00:00,72720867208.22,16670632412.02,2038700777.09,232823545.42
2019-02-24 03:59:59.999000+00:00,72720867208.22,16670632412.02,2038700777.09,231313926.69
2019-02-24 11:59:59.999000+00:00,73023118434.47,17177074873.93,2028776237.76,232064204.17
2019-02-24 15:59:59.999000+00:00,73023118434.47,17177074873.93,2028776237.76,232156729.28
2019-02-24 19:59:59.999000+00:00,67282364943.34,14781165939.43,2043095825.2,232156729.28
2019-02-24 23:59:59.999000+00:00,67282364943.34,14781165939.43,2043095825.2,231683105.43
2019-02-25 07:59:59.999000+00:00,67160939796.06,14567072134.07,2041263898.63,233608415.51
2019-02-25 11:59:59.999000+00:00,67160939796.06,14567072134.07,2041263898.63,233774924.92
2019-02-25 19:59:59.999000+00:00,68465423392.27,14821202419.13,2046735450.74,234854375.11
2019-02-25 23:59:59.999000+00:00,68465423392.27,14821202419.13,2046735450.74,234355972.98
2019-02-26 07:59:59.999000+00:00,67584501563.04,14537392219.41,2042662297.28,234272490.55
2019-02-26 11:59:59.999000+00:00,67584501563.04,14537392219.41,2042662297.28,233763444.2
2019-02-26 19:59:59.999000+00:00,67783936816.34,14367543991.52,2045777887.06,233511518.93
2019-02-27 03:59:59.999000+00:00,67783936816.34,14367543991.52,2045777887.06,233251599.42
2019-02-27 07:59:59.999000+00:00,67873717620.45,14643331929.43,2042477801.57,233474354.21
2019-02-27 15:59:59.999000+00:00,67873717620.45,14643331929.43,2042477801.57,234648234.01
2019-02-27 19:59:59.999000+00:00,67708304558.68,14412819363.74,2044545147.16,233512438.33
2019-02-28 03:59:59.999000+00:00,67746196531.88,14445652414.41,2042444196.51,233894801.93
2019-02-28 07:59:59.999000+00:00,67746196531.88,14445652414.41,2042444196.51,234298334.28
2019-02-28 15:59:59.999000+00:00,68330876825.11,14512873432.51,2044867792.39,234113380.4
2019-02-28 23:59:59.999000+00:00,68330876825.11,14512873432.51,2044867792.39,234118356.74
2019-03-01 03:59:59.999000+00:00,67751937403.3,14426362438.83,2036923461.67,234413487.23
2019-03-01 11:59:59.999000+00:00,67751937403.3,14426362438.83,2036923461.67,234003086.92
2019-03-01 15:59:59.999000+00:00,68026743759.22,14416256700.91,2040766439.15,234563164.45
2019-03-01 23:59:59.999000+00:00,68026743759.22,14416256700.91,2040766439.15,233704707.36
2019-03-02 03:59:59.999000+00:00,68027923931.52,14391591038.03,2041031701.96,234529430.8
2019-03-02 11:59:59.999000+00:00,68027923931.52,14391591038.03,2041031701.96,237123018.93
2019-03-02 15:59:59.999000+00:00,67847670095.1,14082149016.47,2046357965.81,237123018.93
2019-03-02 19:59:59.999000+00:00,67847670095.1,14082149016.47,2046357965.81,240304854.25
2019-03-02 23:59:59.999000+00:00,67847670095.1,14082149016.47,2046357965.81,238964775.96
2019-03-03 03:59:59.999000+00:00,67936148162.85,14202582057.57,2046700337.88,238964775.96
2019-03-03 07:59:59.999000+00:00,67936148162.85,14202582057.57,2046700337.88,239319122.0
2019-03-03 11:59:59.999000+00:00,67890951193.42,14212659125.93,2044653127.58,239472483.29
2019-03-03 19:59:59.999000+00:00,67890951193.42,14212659125.93,2044653127.58,239636425.37
2019-03-03 23:59:59.999000+00:00,67592376373.2,13900679027.02,2043328704.97,239435726.91
2019-03-04 07:59:59.999000+00:00,67592376373.2,13900679027.02,2043328704.97,239813404.42
2019-03-04 11:59:59.999000+00:00,66080567781.4,13352253985.35,2051617342.36,239813404.42
2019-03-04 15:59:59.999000+00:00,66080567781.4,13352253985.35,2051617342.36,239643434.91
2019-03-04 19:59:59.999000+00:00,66080567781.4,13352253985.35,2051617342.36,240099171.31
2019-03-04 23:59:59.999000+00:00,66094551587.2,13432896658.56,2046154638.28,240099171.31
2019-03-05 03:59:59.999000+00:00,66094551587.2,13432896658.56,2046154638.28,239772028.72
2019-03-05 07:59:59.999000+00:00,66094551587.2,13432896658.56,2046154638.28,239941995.36
2019-03-05 11:59:59.999000+00:00,66433783012.89,13611754117.35,2042913416.39,239941995.36
2019-03-05 15:59:59.999000+00:00,66433783012.89,13611754117.35,2042913416.39,239886896.1
2019-03-05 19:59:59.999000+00:00,66433783012.89,13611754117.35,2042913416.39,239873658.31
2019-03-05 23:59:59.999000+00:00,68470655399.59,14492117351.51,2045218543.93,239873658.31
2019-03-06 03:59:59.999000+00:00,68470655399.59,14492117351.51,2045218543.93,240223823.13
2019-03-06 11:59:59.999000+00:00,68509615928.96,14670686178.1,2041415140.66,239743182.82
2019-03-06 15:59:59.999000+00:00,68509615928.96,14670686178.1,2041415140.66,240061981.67
2019-03-06 19:59:59.999000+00:00,68577168546.53,14565287240.93,2017586448.23,240061981.67
2019-03-06 23:59:59.999000+00:00,68577168546.53,14565287240.93,2017586448.23,239891926.79
2019-03-07 03:59:59.999000+00:00,68577168546.53,14565287240.93,2017586448.23,239849720.99
2019-03-07 07:59:59.999000+00:00,68844185037.86,14629421547.99,2013378597.15,239849720.99
2019-03-07 11:59:59.999000+00:00,68844185037.86,14629421547.99,2013378597.15,239758941.56
2019-03-07 15:59:59.999000+00:00,68844185037.86,14629421547.99,2013378597.15,240121892.25
2019-03-07 19:59:59.999000+00:00,68949210296.22,14594690032.01,2014610865.94,240121892.25
2019-03-07 23:59:59.999000+00:00,68949210296.22,14594690032.01,2014610865.94,239792870.99
2019-03-08 07:59:59.999000+00:00,68881613720.3,14431961260.06,2005203058.19,239988423.49
2019-03-08 11:59:59.999000+00:00,68881613720.3,14431961260.06,2005203058.19,240451919.31
2019-03-08 19:59:59.999000+00:00,69367802917.02,14608906098.37,2010543983.51,241129264.3
2019-03-08 23:59:59.999000+00:00,69367802917.02,14608906098.37,2010543983.51,240037668.31
2019-03-09 07:59:59.999000+00:00,69218840094.74,14497661669.13,2006854322.93,240456989.45
2019-03-09 11:59:59.999000+00:00,69218840094.74,14497661669.13,2006854322.93,240546298.56
2019-03-09 19:59:59.999000+00:00,69601107765.49,14527688914.31,2011338302.08,240568223.04
2019-03-10 03:59:59.999000+00:00,69376825327.38,14434886166.24,2005332614.02,239208361.58
2019-03-10 07:59:59.999000+00:00,69376825327.38,14434886166.24,2005332614.02,239749639.76
2019-03-10 15:59:59.999000+00:00,69284640345.69,14366169724.1,2010976391.79,241246673.43
2019-03-10 19:59:59.999000+00:00,69284640345.69,14366169724.1,2010976391.79,241161101.52
2019-03-11 03:59:59.999000+00:00,69668880294.01,14430878084.15,2011647297.29,240315335.11
2019-03-11 07:59:59.999000+00:00,69668880294.01,14430878084.15,2011647297.29,240058734.16
2019-03-11 15:59:59.999000+00:00,68390859685.48,14005383464.23,2012873516.45,239816496.96
2019-03-11 23:59:59.999000+00:00,68390859685.48,14005383464.23,2012873516.45,239824827.76
2019-03-12 03:59:59.999000+00:00,68017088643.0,13853106240.24,2016044429.79,239213553.7
2019-03-12 11:59:59.999000+00:00,68017088643.0,13853106240.24,2016044429.79,239107346.91
2019-03-12 15:59:59.999000+00:00,68713582405.91,14117243720.43,2013295973.23,239835119.37
2019-03-12 23:59:59.999000+00:00,68713582405.91,14117243720.43,2013295973.23,239478824.86
2019-03-13 03:59:59.999000+00:00,68855917055.3,14089361090.91,2009712356.66,239419860.17
2019-03-13 11:59:59.999000+00:00,68504290001.17,13993611604.86,2016661438.5,240046029.79
2019-03-13 19:59:59.999000+00:00,68504290001.17,13993611604.86,2016661438.5,244034319.79
2019-03-13 23:59:59.999000+00:00,68706700381.17,14022610219.17,2016486635.78,243618141.98
2019-03-14 07:59:59.999000+00:00,68706700381.17,14022610219.17,2016486635.78,244494386.54
2019-03-14 11:59:59.999000+00:00,68764652204.44,13998098617.95,2021986369.27,244437854.03
2019-03-14 19:59:59.999000+00:00,68764652204.44,13998098617.95,2021986369.27,245192598.59
2019-03-14 23:59:59.999000+00:00,69024696307.43,14071628063.69,2021198679.92,244623975.33
2019-03-15 07:59:59.999000+00:00,69024696307.43,14071628063.69,2021198679.92,244325314.64
2019-03-15 11:59:59.999000+00:00,69523421484.97,14319512283.37,2018989931.52,244522539.44
2019-03-15 19:59:59.999000+00:00,69523421484.97,14319512283.37,2018989931.52,243090248.83
2019-03-15 23:59:59.999000+00:00,69675002376.53,14492364550.81,2019386957.79,243090248.83
2019-03-16 03:59:59.999000+00:00,69675002376.53,14492364550.81,2019386957.79,242935189.36
2019-03-16 07:59:59.999000+00:00,71388156707.74,15064433070.56,2023539368.82,242860152.56
2019-03-16 15:59:59.999000+00:00,71388156707.74,15064433070.56,2023539368.82,243133232.55
2019-03-16 19:59:59.999000+00:00,71182339841.81,14938469565.68,2027673707.17,243297420.6
2019-03-17 03:59:59.999000+00:00,71182339841.81,14938469565.68,2027673707.17,243309152.5
2019-03-17 07:59:59.999000+00:00,70714733833.09,14761363887.18,2022958492.24,243124420.96
2019-03-17 15:59:59.999000+00:00,70714733833.09,14761363887.18,2022958492.24,243069343.43
2019-03-17 19:59:59.999000+00:00,71145442781.75,14821697681.86,2028360474.2,243069343.43
2019-03-17 23:59:59.999000+00:00,71145442781.75,14821697681.86,2028360474.2,243982004.88
2019-03-18 03:59:59.999000+00:00,71145442781.75,14821697681.86,2028360474.2,242695847.5
2019-03-18 07:59:59.999000+00:00,70617277760.97,14658603485.36,2021716569.8,242695847.5
2019-03-18 11:59:59.999000+00:00,70617277760.97,14658603485.36,2021716569.8,243168562.98
2019-03-18 15:59:59.999000+00:00,70617277760.97,14658603485.36,2021716569.8,242940862.91
2019-03-18 19:59:59.999000+00:00,70771995760.14,14642519140.16,2026507778.98,242940862.91
2019-03-18 23:59:59.999000+00:00,70771995760.14,14642519140.16,2026507778.98,243412426.79
2019-03-19 03:59:59.999000+00:00,70771995760.14,14642519140.16,2026507778.98,243590054.26
2019-03-19 07:59:59.999000+00:00,70860509176.19,14666663045.82,2024344033.2,243590054.26
2019-03-19 11:59:59.999000+00:00,70860509176.19,14666663045.82,2024344033.2,244294168.01
2019-03-19 15:59:59.999000+00:00,71519330673.93,14781883597.1,2037180353.36,244294168.01
2019-03-19 19:59:59.999000+00:00,71519330673.93,14781883597.1,2037180353.36,243501095.07
2019-03-19 23:59:59.999000+00:00,71519330673.93,14781883597.1,2037180353.36,243793849.48
2019-03-20 03:59:59.999000+00:00,71110100256.81,14642472734.62,2033109983.11,243793849.48
2019-03-20 07:59:59.999000+00:00,71110100256.81,14642472734.62,2033109983.11,243388054.83
2019-03-20 11:59:59.999000+00:00,71110100256.81,14642472734.62,2033109983.11,243120345.78
2019-03-20 15:59:59.999000+00:00,71373862709.49,14679042472.11,2028214350.14,243120345.78
2019-03-20 19:59:59.999000+00:00,71373862709.49,14679042472.11,2028214350.14,243416378.21
2019-03-20 23:59:59.999000+00:00,71373862709.49,14679042472.11,2028214350.14,243880395.53
2019-03-21 03:59:59.999000+00:00,71995146648.28,14797126423.4,2035546001.64,243880395.53
2019-03-21 07:59:59.999000+00:00,71995146648.28,14797126423.4,2035546001.64,243285518.71
2019-03-21 15:59:59.999000+00:00,70616793041.72,14363625967.21,2034202937.75,243160059.08
2019-03-21 19:59:59.999000+00:00,70616793041.72,14363625967.21,2034202937.75,246758101.19
2019-03-22 03:59:59.999000+00:00,70883423154.35,14380618695.62,2031106263.36,247026515.22
2019-03-22 07:59:59.999000+00:00,70883423154.35,14380618695.62,2031106263.36,247239288.0
2019-03-22 15:59:59.999000+00:00,71038377276.51,14536361627.46,2031514520.16,247397517.21
2019-03-22 19:59:59.999000+00:00,71038377276.51,14536361627.46,2031514520.16,247051770.14
2019-03-22 23:59:59.999000+00:00,70840048102.38,14451740115.19,2026517620.25,247051770.14
2019-03-23 03:59:59.999000+00:00,70840048102.38,14451740115.19,2026517620.25,246944335.01
2019-03-23 11:59:59.999000+00:00,70900271680.94,14526195175.78,2033241409.57,246869636.33
2019-03-23 15:59:59.999000+00:00,70900271680.94,14526195175.78,2033241409.57,247785570.14
2019-03-23 23:59:59.999000+00:00,71056017909.84,14565143357.44,2035564494.76,247863704.16
2019-03-24 03:59:59.999000+00:00,71056017909.84,14565143357.44,2035564494.76,247678000.02
2019-03-24 11:59:59.999000+00:00,70942016697.62,14512982956.24,2036434373.55,247632615.1
2019-03-24 15:59:59.999000+00:00,70942016697.62,14512982956.24,2036434373.55,247169204.91
2019-03-24 23:59:59.999000+00:00,70823042992.43,14434995336.84,2032100364.22,247226412.38
2019-03-25 07:59:59.999000+00:00,70823042992.43,14434995336.84,2032100364.22,248188781.44
2019-03-25 11:59:59.999000+00:00,70874475321.0,14447168846.4,2039606037.11,251182172.76
2019-03-25 19:59:59.999000+00:00,70874475321.0,14447168846.4,2039606037.11,249035515.66
2019-03-25 23:59:59.999000+00:00,69789872373.3,14230733149.26,2035968594.41,249298995.12
2019-03-26 07:59:59.999000+00:00,69615112017.08,14187345021.22,2033735437.45,248876551.61
2019-03-26 11:59:59.999000+00:00,69615112017.08,14187345021.22,2033735437.45,249095915.32
2019-03-26 19:59:59.999000+00:00,69909007541.23,14239415814.12,2038247459.07,249876271.8
2019-03-27 03:59:59.999000+00:00,69909007541.23,14239415814.12,2038247459.07,250481342.56
2019-03-27 07:59:59.999000+00:00,71369285197.54,14620035401.94,2050056455.33,249403762.74
2019-03-27 15:59:59.999000+00:00,71369285197.54,14620035401.94,2050056455.33,249422824.35
2019-03-27 19:59:59.999000+00:00,71797814508.9,14749464762.1,2056457974.46,250284622.32
2019-03-28 03:59:59.999000+00:00,71797814508.9,14749464762.1,2056457974.46,249953775.86
2019-03-28 07:59:59.999000+00:00,71799790747.32,14740565796.98,2053978837.58,249663320.64
2019-03-28 15:59:59.999000+00:00,71799790747.32,14740565796.98,2053978837.58,250646369.96
2019-03-28 19:59:59.999000+00:00,71796418753.56,14727711483.64,2056847276.36,250646369.96
2019-03-28 23:59:59.999000+00:00,71796418753.56,14727711483.64,2056847276.36,249534401.25
2019-03-29 03:59:59.999000+00:00,71796418753.56,14727711483.64,2056847276.36,249548291.35
2019-03-29 07:59:59.999000+00:00,71474498225.07,14630487554.76,2027332351.18,249548291.35
2019-03-29 11:59:59.999000+00:00,71474498225.07,14630487554.76,2027332351.18,247157605.62
2019-03-29 15:59:59.999000+00:00,72175629917.51,14878435165.29,2033064833.41,247210869.54
2019-03-29 23:59:59.999000+00:00,72175629917.51,14878435165.29,2033064833.41,246925870.84
2019-03-30 03:59:59.999000+00:00,71947922871.4,15040219864.9,2028102030.22,246092166.47
2019-03-30 11:59:59.999000+00:00,71947922871.4,15040219864.9,2028102030.22,246785154.38
2019-03-30 15:59:59.999000+00:00,72095877332.98,14948410244.16,2035428368.53,246785154.38
2019-03-30 19:59:59.999000+00:00,72095877332.98,14948410244.16,2035428368.53,247011729.38
2019-03-30 23:59:59.999000+00:00,72095877332.98,14948410244.16,2035428368.53,246478129.8
2019-03-31 03:59:59.999000+00:00,72258556666.15,14905456675.43,2032441464.57,246478129.8
2019-03-31 07:59:59.999000+00:00,72258556666.15,14905456675.43,2032441464.57,246190841.67
2019-03-31 11:59:59.999000+00:00,72258556666.15,14905456675.43,2032441464.57,246290152.53
2019-03-31 15:59:59.999000+00:00,72355025739.48,14895831895.2,2032995513.39,246290152.53
2019-03-31 19:59:59.999000+00:00,72355025739.48,14895831895.2,2032995513.39,245654980.85
2019-03-31 23:59:59.999000+00:00,72355025739.48,14895831895.2,2032995513.39,246270111.0
2019-04-01 03:59:59.999000+00:00,72787753231.5,15025558050.5,2026889894.99,246270111.0
2019-04-01 07:59:59.999000+00:00,72787753231.5,15025558050.5,2026889894.99,246082147.35
2019-04-01 15:59:59.999000+00:00,73218452187.31,14973641244.18,2036445590.86,246059572.64
2019-04-01 19:59:59.999000+00:00,73218452187.31,14973641244.18,2036445590.86,253053494.58
2019-04-01 23:59:59.999000+00:00,73269368747.45,14960828860.92,2044790316.8,253053494.58
2019-04-02 03:59:59.999000+00:00,73269368747.45,14960828860.92,2044790316.8,253590777.64
2019-04-02 07:59:59.999000+00:00,73269368747.45,14960828860.92,2044790316.8,252997600.03
2019-04-02 11:59:59.999000+00:00,83857128315.05,16184289762.68,2065433888.49,252997600.03
2019-04-02 15:59:59.999000+00:00,83857128315.05,16184289762.68,2065433888.49,251899556.15
2019-04-02 19:59:59.999000+00:00,83857128315.05,16184289762.68,2065433888.49,257052478.0
2019-04-02 23:59:59.999000+00:00,85986009273.15,17297572364.59,2058622343.27,257052478.0
2019-04-03 03:59:59.999000+00:00,85986009273.15,17297572364.59,2058622343.27,257792045.75
2019-04-03 11:59:59.999000+00:00,87477886138.05,17611459203.91,2063249673.03,258017899.21
2019-04-03 15:59:59.999000+00:00,87477886138.05,17611459203.91,2063249673.03,256022185.03
2019-04-03 23:59:59.999000+00:00,87655288144.61,17035703563.94,2083736154.62,256492829.35
2019-04-04 03:59:59.999000+00:00,87655288144.61,17035703563.94,2083736154.62,256781608.73
2019-04-04 11:59:59.999000+00:00,88102672144.73,17160714257.84,2081818093.5,257194019.14
2019-04-04 15:59:59.999000+00:00,88102672144.73,17160714257.84,2081818093.5,256645529.81
2019-04-04 23:59:59.999000+00:00,86778727821.08,16678477300.07,2086183477.04,257700786.68
2019-04-05 07:59:59.999000+00:00,87495784191.16,17227016173.24,2081409125.59,258468999.95
2019-04-05 11:59:59.999000+00:00,87495784191.16,17227016173.24,2081409125.59,258327197.61
2019-04-05 19:59:59.999000+00:00,88618013053.46,17324071579.24,2095735372.66,261311016.06
2019-04-05 23:59:59.999000+00:00,88618013053.46,17324071579.24,2095735372.66,261161960.14
2019-04-06 07:59:59.999000+00:00,88484880020.36,17320144951.58,2089932859.7,261351814.19
2019-04-06 11:59:59.999000+00:00,88484880020.36,17320144951.58,2089932859.7,261152555.17
2019-04-06 19:59:59.999000+00:00,91286484177.77,18024165841.98,2091840366.21,263128194.61
2019-04-06 23:59:59.999000+00:00,91286484177.77,18024165841.98,2091840366.21,260706590.67
2019-04-07 07:59:59.999000+00:00,90879406506.21,17798290040.58,2086390240.99,261402627.6
2019-04-07 15:59:59.999000+00:00,90879406506.21,17798290040.58,2086390240.99,261416851.63
2019-04-07 19:59:59.999000+00:00,90907085790.52,17867895120.34,2090704946.65,261339640.83
2019-04-08 03:59:59.999000+00:00,92791883797.57,19157945086.55,2099917057.55,260104467.77
2019-04-08 07:59:59.999000+00:00,92791883797.57,19157945086.55,2099917057.55,259825013.0
2019-04-08 15:59:59.999000+00:00,92395281346.22,19000901624.94,2145709115.24,261288143.61
2019-04-08 19:59:59.999000+00:00,92395281346.22,19000901624.94,2145709115.24,261555896.14
2019-04-09 03:59:59.999000+00:00,92251204304.17,18698231648.31,2167032483.87,260748394.76
2019-04-09 11:59:59.999000+00:00,92251204304.17,18698231648.31,2167032483.87,260956027.86
2019-04-09 15:59:59.999000+00:00,91957110592.41,18663778209.31,2198103513.0,261159773.28
2019-04-09 23:59:59.999000+00:00,91957110592.41,18663778209.31,2198103513.0,266472461.03
2019-04-10 03:59:59.999000+00:00,92177237455.68,18910760432.26,2214262286.78,266942084.86
2019-04-10 11:59:59.999000+00:00,92177237455.68,18910760432.26,2214262286.78,263483250.66
2019-04-10 15:59:59.999000+00:00,93097246051.59,19003651761.71,2246256160.04,264172882.15
2019-04-10 23:59:59.999000+00:00,93097246051.59,19003651761.71,2246256160.04,263097191.11
2019-04-11 03:59:59.999000+00:00,91943639541.32,18050815508.99,2286048319.0,263097191.11
2019-04-11 07:59:59.999000+00:00,91943639541.32,18050815508.99,2286048319.0,260520813.47
2019-04-11 11:59:59.999000+00:00,89243714608.32,17384322384.06,2281067433.26,259610759.82
2019-04-11 19:59:59.999000+00:00,89243714608.32,17384322384.06,2281067433.26,259372123.23
2019-04-11 23:59:59.999000+00:00,89341168456.89,17479876008.06,2318990461.75,259775722.93
2019-04-12 07:59:59.999000+00:00,89341168456.89,17479876008.06,2318990461.75,260168408.85
2019-04-12 11:59:59.999000+00:00,89660615889.39,17428453843.41,2322443348.17,259579474.51
2019-04-12 19:59:59.999000+00:00,89660615889.39,17428453843.41,2322443348.17,259693431.62
2019-04-12 23:59:59.999000+00:00,89792633045.03,17401765647.07,2425813371.83,259693431.62
2019-04-13 03:59:59.999000+00:00,89792633045.03,17401765647.07,2425813371.83,260302771.67
2019-04-13 07:59:59.999000+00:00,89792633045.03,17401765647.07,2425813371.83,260258384.96
2019-04-13 11:59:59.999000+00:00,89331588315.93,17244174617.8,2425613568.29,260258384.96
2019-04-13 15:59:59.999000+00:00,89331588315.93,17244174617.8,2425613568.29,259897610.17
2019-04-13 19:59:59.999000+00:00,89331588315.93,17244174617.8,2425613568.29,260026624.59
2019-04-13 23:59:59.999000+00:00,89925574874.65,17380468168.94,2434771924.75,260026624.59
2019-04-14 03:59:59.999000+00:00,89925574874.65,17380468168.94,2434771924.75,260400557.6
2019-04-14 07:59:59.999000+00:00,89925574874.65,17380468168.94,2434771924.75,260142714.18
2019-04-14 11:59:59.999000+00:00,89796738631.73,17319317339.86,2432936798.35,260142714.18
2019-04-14 15:59:59.999000+00:00,89796738631.73,17319317339.86,2432936798.35,260259090.91
2019-04-14 19:59:59.999000+00:00,90240830433.28,17406560145.79,2435638517.76,260259090.91
2019-04-14 23:59:59.999000+00:00,90240830433.28,17406560145.79,2435638517.76,261528325.94
2019-04-15 03:59:59.999000+00:00,90240830433.28,17406560145.79,2435638517.76,260082218.23
2019-04-15 07:59:59.999000+00:00,91324370369.59,17737297525.73,2432268708.61,260082218.23
2019-04-15 11:59:59.999000+00:00,91324370369.59,17737297525.73,2432268708.61,260693018.35
2019-04-15 15:59:59.999000+00:00,91324370369.59,17737297525.73,2432268708.61,260513119.08
2019-04-15 19:59:59.999000+00:00,89298363924.78,16946140203.82,2466638161.21,260513119.08
2019-04-15 23:59:59.999000+00:00,89298363924.78,16946140203.82,2466638161.21,259120335.0
2019-04-16 03:59:59.999000+00:00,89298363924.78,16946140203.82,2466638161.21,259793952.24
2019-04-16 07:59:59.999000+00:00,90051509816.93,17265482573.18,2468853142.43,259793952.24
2019-04-16 11:59:59.999000+00:00,90051509816.93,17265482573.18,2468853142.43,260114978.22
2019-04-16 19:59:59.999000+00:00,92138634807.94,17580373175.86,2499332618.86,261170005.66
2019-04-16 23:59:59.999000+00:00,92138634807.94,17580373175.86,2499332618.86,261998390.07
2019-04-17 07:59:59.999000+00:00,92447966751.16,17648407603.89,2494370899.28,260578906.23
2019-04-17 11:59:59.999000+00:00,92447966751.16,17648407603.89,2494370899.28,260590770.55
2019-04-17 19:59:59.999000+00:00,92684922144.39,17659359602.61,2491705875.32,257403214.42
2019-04-17 23:59:59.999000+00:00,92684922144.39,17659359602.61,2491705875.32,257358655.42
2019-04-18 03:59:59.999000+00:00,93433175123.73,18224326021.95,2540527398.82,257358655.42
2019-04-18 07:59:59.999000+00:00,93433175123.73,18224326021.95,2540527398.82,257420881.95
2019-04-18 15:59:59.999000+00:00,93242169945.02,18231439768.56,2541712434.64,252886618.51
2019-04-18 19:59:59.999000+00:00,93242169945.02,18231439768.56,2541712434.64,252889875.79
2019-04-19 03:59:59.999000+00:00,92741065134.03,18177687450.17,2560001569.18,252411548.81
2019-04-19 07:59:59.999000+00:00,92741065134.03,18177687450.17,2560001569.18,252760933.27
2019-04-19 15:59:59.999000+00:00,93502760753.15,18284129339.54,2561164907.99,252558854.05
2019-04-19 19:59:59.999000+00:00,93502760753.15,18284129339.54,2561164907.99,252620583.14
2019-04-20 03:59:59.999000+00:00,93952341161.42,18413876457.54,2582350500.27,252741400.63
2019-04-20 11:59:59.999000+00:00,93952341161.42,18413876457.54,2582350500.27,252362530.31
2019-04-20 15:59:59.999000+00:00,94224272071.68,18336846741.72,2584613997.21,251765161.14
2019-04-20 23:59:59.999000+00:00,94224272071.68,18336846741.72,2584613997.21,252224995.33
2019-04-21 03:59:59.999000+00:00,94519832609.5,18357795469.27,2581674316.92,251905526.6
2019-04-21 11:59:59.999000+00:00,93253205611.68,17831315899.96,2589049276.98,252320861.95
2019-04-21 15:59:59.999000+00:00,93253205611.68,17831315899.96,2589049276.98,252203070.31
2019-04-21 23:59:59.999000+00:00,93847052256.2,17983602095.41,2601017107.2,251875249.54
2019-04-22 07:59:59.999000+00:00,93847052256.2,17983602095.41,2601017107.2,251507516.75
2019-04-22 11:59:59.999000+00:00,94096102652.4,18148803560.66,2600869499.09,251646422.83
2019-04-22 19:59:59.999000+00:00,94096102652.4,18148803560.66,2600869499.09,252153229.99
2019-04-22 23:59:59.999000+00:00,95354207775.93,18179292262.66,2627691194.27,252701767.55
2019-04-23 07:59:59.999000+00:00,95354207775.93,18179292262.66,2627691194.27,252472654.65
2019-04-23 11:59:59.999000+00:00,98539800805.07,18528459447.37,2637685925.28,252416545.77
2019-04-23 19:59:59.999000+00:00,98539800805.07,18528459447.37,2637685925.28,251802894.08
2019-04-23 23:59:59.999000+00:00,98417387004.11,18136462571.93,2698944300.35,251802894.08
2019-04-24 03:59:59.999000+00:00,98417387004.11,18136462571.93,2698944300.35,252637117.67
2019-04-24 07:59:59.999000+00:00,98417387004.11,18136462571.93,2698944300.35,251732138.04
2019-04-24 11:59:59.999000+00:00,96498389020.67,17517581583.4,2701816066.9,251732138.04
2019-04-24 15:59:59.999000+00:00,96498389020.67,17517581583.4,2701816066.9,251486257.17
2019-04-24 19:59:59.999000+00:00,96529315436.24,17324208312.69,2696999154.68,251970725.85
2019-04-25 03:59:59.999000+00:00,96529315436.24,17324208312.69,2696999154.68,251756453.83
2019-04-25 07:59:59.999000+00:00,96460694590.17,17345946126.3,2844333313.93,251423654.27
2019-04-25 15:59:59.999000+00:00,96460694590.17,17345946126.3,2844333313.93,251948192.91
2019-04-25 19:59:59.999000+00:00,97526360465.52,17480560178.99,2882123944.4,251948192.91
2019-04-25 23:59:59.999000+00:00,97526360465.52,17480560178.99,2882123944.4,257987023.32
2019-04-26 03:59:59.999000+00:00,97526360465.52,17480560178.99,2882123944.4,261648570.66
2019-04-26 07:59:59.999000+00:00,93299103709.03,16448820078.07,2846168495.92,261648570.66
2019-04-26 11:59:59.999000+00:00,93299103709.03,16448820078.07,2846168495.92,259194350.04
2019-04-26 15:59:59.999000+00:00,93299103709.03,16448820078.07,2846168495.92,260841819.86
2019-04-26 19:59:59.999000+00:00,92445206091.39,16329170212.02,2825208449.0,260841819.86
2019-04-26 23:59:59.999000+00:00,92445206091.39,16329170212.02,2825208449.0,266877830.82
2019-04-27 03:59:59.999000+00:00,92445206091.39,16329170212.02,2825208449.0,281510646.27
2019-04-27 07:59:59.999000+00:00,93214974705.97,16609652186.95,2824025565.01,281510646.27
2019-04-27 11:59:59.999000+00:00,93214974705.97,16609652186.95,2824025565.01,295937693.08
2019-04-27 15:59:59.999000+00:00,92861293289.75,16592077853.61,2830125061.34,295986976.68
2019-04-27 23:59:59.999000+00:00,93086156556.16,16768575998.11,2831886955.32,295631313.14
2019-04-28 07:59:59.999000+00:00,93544688851.98,16799891818.91,2830671715.07,296066176.61
2019-04-28 19:59:59.999000+00:00,93214872174.45,16680917547.45,2833124366.52,296473512.4
2019-04-29 07:59:59.999000+00:00,93631843848.91,16693214138.33,2842050231.28,296515166.46
2019-04-29 19:59:59.999000+00:00,92820884123.13,16428370802.25,2838025496.81,295611643.11
2019-04-30 07:59:59.999000+00:00,92626591638.9,16684388672.38,2840083227.69,296200483.13
2019-04-30 19:59:59.999000+00:00,94141719381.27,16811404084.2,2852192805.89,295678645.74
2019-05-01 03:59:59.999000+00:00,95117253689.74,17201155247.61,2853207951.65,294926447.9
2019-05-01 15:59:59.999000+00:00,94974145739.75,17031705357.47,2844500463.59,295375158.69
2019-05-02 03:59:59.999000+00:00,95541389979.41,17044896088.21,2803077685.06,297740016.61
2019-05-02 15:59:59.999000+00:00,97468936546.11,17109642057.89,2794296580.57,298543862.02
2019-05-03 03:59:59.999000+00:00,98615697008.74,17231785895.28,2782989851.79,298036245.33
2019-05-03 15:59:59.999000+00:00,102638348784.99,17874625103.58,2794939151.18,297928149.35
2019-05-04 03:59:59.999000+00:00,103272197012.8,17814672447.04,2782323668.05,299918126.96
2019-05-04 11:59:59.999000+00:00,102626148826.03,17429833103.35,2788177425.49,299125573.92
2019-05-04 23:59:59.999000+00:00,103112021258.81,17376070197.63,2781657475.61,301440447.56
2019-05-05 11:59:59.999000+00:00,102104483001.92,17273019794.61,2785839217.83,302008110.2
2019-05-05 23:59:59.999000+00:00,102494420158.46,17317292590.97,2786657649.44,302262908.99
2019-05-06 11:59:59.999000+00:00,100950427744.1,17459770683.14,2782454624.43,302226557.34
2019-05-06 23:59:59.999000+00:00,101640471055.64,18294624766.45,2775335548.44,304196575.37
2019-05-07 11:59:59.999000+00:00,105010075081.21,18803087617.6,2775583630.92,308160029.92
2019-05-07 19:59:59.999000+00:00,104379710150.46,18187405790.24,2772718105.58,308786738.44
2019-05-08 07:59:59.999000+00:00,104396933456.47,18015893753.92,2767795435.36,314601880.59
2019-05-08 19:59:59.999000+00:00,105200515654.96,17964315579.44,2777925247.51,315607720.59
2019-05-09 07:59:59.999000+00:00,107838127457.27,18102224941.86,2782358873.09,315379624.42
2019-05-09 19:59:59.999000+00:00,108162278590.65,17810558719.63,2776600388.96,326811787.31
2019-05-10 07:59:59.999000+00:00,112217784049.07,18518208345.6,2777980187.28,326017840.06
2019-05-10 19:59:59.999000+00:00,113251335910.97,18577696994.03,2782145042.88,327877078.72
2019-05-11 03:59:59.999000+00:00,116247761068.56,18742251812.25,2777025908.1,327904574.8
2019-05-11 15:59:59.999000+00:00,121848620015.03,20297702887.3,2785666326.81,326713827.33
2019-05-12 03:59:59.999000+00:00,126672548064.44,20472122567.56,2770667881.99,326211127.99
2019-05-12 15:59:59.999000+00:00,121044488323.9,19570724299.34,2780575584.75,327936960.74
2019-05-13 03:59:59.999000+00:00,123904494702.94,19987262071.36,2762898216.15,325951540.22
2019-05-13 15:59:59.999000+00:00,137393890669.16,21349641716.29,2796793652.35,327183466.56
2019-05-14 03:59:59.999000+00:00,140141959148.61,21917283463.52,2803620680.42,345916399.84
2019-05-14 11:59:59.999000+00:00,142570955835.31,21961348325.85,2806172589.71,347981716.02
2019-05-14 23:59:59.999000+00:00,141508656734.81,23033114137.17,2801454822.86,347094430.44
2019-05-15 11:59:59.999000+00:00,141368877661.72,24369644436.63,2811419065.05,347215032.45
2019-05-15 23:59:59.999000+00:00,145254332460.48,26219111162.42,2831709801.42,350986006.08
2019-05-16 11:59:59.999000+00:00,140163771630.78,26724809601.26,2835120038.59,353535212.52
2019-05-16 23:59:59.999000+00:00,139599559277.85,28010958252.91,2834358442.65,355813795.83
2019-05-17 11:59:59.999000+00:00,127833301694.59,24469815519.62,2861740356.09,358492538.83
2019-05-17 19:59:59.999000+00:00,126145268378.86,24612818248.72,2823123585.33,356884508.96
2019-05-18 07:59:59.999000+00:00,130091235437.37,25211941708.74,2857696950.2,359488969.32
2019-05-18 19:59:59.999000+00:00,128945583898.27,25062168214.78,2839637244.55,358069832.81
2019-05-19 07:59:59.999000+00:00,140879174512.53,27210131719.33,2866094785.89,358852434.6
2019-05-19 19:59:59.999000+00:00,141513139300.75,27109821136.26,2857355406.21,358118420.23
2019-05-20 07:59:59.999000+00:00,139961103027.07,26492906502.37,2853629911.51,356829419.79
2019-05-20 15:59:59.999000+00:00,138535973293.23,26251554567.47,2837445327.39,357522414.04
2019-05-21 03:59:59.999000+00:00,140651565124.06,26692093904.05,2880554561.84,357536892.25
2019-05-21 15:59:59.999000+00:00,140405094677.17,26666109107.7,2907668012.4,357686646.76
2019-05-22 03:59:59.999000+00:00,140624125497.42,27164847997.59,2933958132.44,358019889.29
2019-05-22 15:59:59.999000+00:00,140930224406.62,27089326241.51,2935757498.98,357972061.15
2019-05-23 03:59:59.999000+00:00,135810185494.4,25881475239.27,2928294783.23,359412955.61
2019-05-23 15:59:59.999000+00:00,137945325572.37,25855107291.25,2950225810.15,359628625.26
2019-05-23 23:59:59.999000+00:00,139654107034.59,26119891327.41,2985994357.94,359537081.55
2019-05-24 11:59:59.999000+00:00,141969670227.13,26774204968.26,2992773367.19,358890099.76
2019-05-24 23:59:59.999000+00:00,141539115575.02,26497014858.48,3040673514.17,359166983.34
2019-05-25 11:59:59.999000+00:00,143182432108.2,27127405324.81,3045807688.49,359206189.77
2019-05-25 23:59:59.999000+00:00,142708188838.43,26742086785.86,3068124540.97,360871706.84
2019-05-26 11:59:59.999000+00:00,140586177231.58,26280534889.01,3065346552.22,360972528.87
2019-05-26 23:59:59.999000+00:00,153725486067.29,28371943145.17,3092734489.9,361061518.97
2019-05-27 07:59:59.999000+00:00,155279056812.34,28524961500.53,3100418460.92,362130761.68
2019-05-27 19:59:59.999000+00:00,155797477723.73,28581221915.26,3103918188.64,361745449.45
2019-05-28 07:59:59.999000+00:00,154666030043.97,28713839042.23,3092146622.77,360863389.86
2019-05-28 19:59:59.999000+00:00,154125299865.29,28765234278.85,3095260500.84,362457458.78
2019-05-29 07:59:59.999000+00:00,151871057770.42,28264468590.22,3122013730.72,360846113.65
2019-05-29 19:59:59.999000+00:00,154078288677.85,28888836262.39,3125818493.45,358830615.06
2019-05-30 07:59:59.999000+00:00,154668244621.65,30098600642.84,3124902437.3,358654335.6
2019-05-30 15:59:59.999000+00:00,157561982241.73,30414333582.1,3109520165.31,359070109.63
2019-05-31 03:59:59.999000+00:00,147080798808.11,27057063739.94,3114622609.69,329755262.92
2019-05-31 15:59:59.999000+00:00,148567423210.93,27483777581.44,3119741025.6,331400738.49
2019-06-01 03:59:59.999000+00:00,151878949064.71,28690982529.78,3133206925.04,332343545.76
2019-06-01 15:59:59.999000+00:00,151519081640.79,28268176675.98,3136403530.69,333793491.53
2019-06-02 03:59:59.999000+00:00,152082989990.09,28280055995.1,3138361537.3,333224559.81
2019-06-02 15:59:59.999000+00:00,154343483766.68,28595636877.97,3143436851.45,332915656.42
2019-06-02 23:59:59.999000+00:00,155077231351.23,28732949884.75,3138617718.17,333445431.1
2019-06-03 11:59:59.999000+00:00,151250623594.8,28054203711.53,3132611293.77,335574409.31
2019-06-03 23:59:59.999000+00:00,145619047341.18,26863086906.29,3134744366.37,333664120.7
2019-06-04 11:59:59.999000+00:00,141271014810.37,26254302980.48,3128920895.98,335801883.04
2019-06-04 23:59:59.999000+00:00,136742790468.58,25667971280.79,3147471970.26,335910948.07
2019-06-05 11:59:59.999000+00:00,138819925096.52,26142262011.57,3172872156.52,336564845.5
2019-06-05 23:59:59.999000+00:00,138824651666.41,26278874480.49,3209466411.81,337474989.46
2019-06-06 07:59:59.999000+00:00,138580387268.18,26096701192.76,3207483142.65,337733416.15
2019-06-06 19:59:59.999000+00:00,135624319019.61,25550551158.61,3227692914.63,338196842.23
2019-06-07 07:59:59.999000+00:00,141462366254.84,26532182954.13,3245734289.11,337939287.44
2019-06-07 19:59:59.999000+00:00,142120518251.31,26636702603.8,3259003617.99,338300641.18
2019-06-08 07:59:59.999000+00:00,141324528927.38,26463335512.51,3254006981.06,337264207.81
2019-06-08 19:59:59.999000+00:00,139557324905.98,25948200145.65,3253815767.27,335700496.29
2019-06-09 07:59:59.999000+00:00,141016806870.77,26138365717.81,3253220656.72,338299722.2
2019-06-09 15:59:59.999000+00:00,137982196991.31,25340814876.09,3255130191.05,338059132.17
2019-06-10 03:59:59.999000+00:00,136551753989.68,25024706880.75,3246470565.6,338437957.96
2019-06-10 15:59:59.999000+00:00,140922337449.29,25901296613.56,3255259999.13,339651269.13
2019-06-11 03:59:59.999000+00:00,141587668088.09,26164427807.6,3302693803.7,341045119.03
2019-06-11 15:59:59.999000+00:00,138670242374.21,25637914356.72,3288675928.22,339534496.28
2019-06-12 03:59:59.999000+00:00,142064951990.52,26466619897.06,3330089814.8,340256169.66
2019-06-12 11:59:59.999000+00:00,142129889784.23,26498305843.28,3330986143.69,340106113.71
2019-06-12 23:59:59.999000+00:00,144634684710.85,27777154177.34,3364252864.84,341136712.44
2019-06-13 11:59:59.999000+00:00,144060161064.76,27426734236.26,3367700704.75,340384281.65
2019-06-13 23:59:59.999000+00:00,146160317148.2,27276572627.35,3428991225.43,343111371.28
2019-06-14 11:59:59.999000+00:00,147082426046.85,27210967751.27,3435523468.51,342808472.76
2019-06-14 23:59:59.999000+00:00,154398880249.09,28123338884.48,3453254932.0,344551146.46
2019-06-15 11:59:59.999000+00:00,154133874741.95,28132808630.9,3456302365.38,343847379.32
2019-06-15 19:59:59.999000+00:00,157112246878.8,28719983693.29,3454840114.5,343356406.19
2019-06-16 07:59:59.999000+00:00,164825123535.74,29439413427.08,3460664935.5,343988845.83
2019-06-16 19:59:59.999000+00:00,159081234705.43,28410284110.28,3446888042.09,343967491.33
2019-06-17 07:59:59.999000+00:00,162589063250.55,28747870180.45,3480867269.34,343226371.76
2019-06-17 19:59:59.999000+00:00,165281870016.2,29106271178.85,3531984901.2,342334225.6
2019-06-18 07:59:59.999000+00:00,161736279356.53,28523722477.64,3537734391.45,342438669.37
2019-06-18 19:59:59.999000+00:00,161557630144.54,28264100542.67,3541764376.8,341975237.35
2019-06-19 03:59:59.999000+00:00,162707266127.96,28448542682.29,3540029673.6,342244830.23
2019-06-19 15:59:59.999000+00:00,162090858828.25,28534314058.58,3540273400.48,341299079.02
2019-06-20 03:59:59.999000+00:00,165697751667.31,28778872844.13,3533809589.94,349239780.12
2019-06-20 15:59:59.999000+00:00,166236127142.46,28552350807.95,3522935077.41,344828902.33
2019-06-21 03:59:59.999000+00:00,172532384305.84,29814364337.33,3550818014.67,346668695.57
2019-06-21 15:59:59.999000+00:00,174529581269.58,30409200044.36,3557378562.98,341571083.96
2019-06-22 03:59:59.999000+00:00,189427553960.82,32481073402.65,3572600021.92,344023238.57
2019-06-22 11:59:59.999000+00:00,193042357863.87,32735759207.8,3572851344.84,343192836.89
2019-06-22 23:59:59.999000+00:00,190214124823.56,32980338717.05,3517547292.91,342590410.09
2019-06-23 11:59:59.999000+00:00,189147424987.12,33036129864.29,3519154772.72,346430881.66
2019-06-23 23:59:59.999000+00:00,192970090354.72,32819043043.36,3520635647.67,344238451.12
2019-06-24 11:59:59.999000+00:00,193504079458.19,32904911246.26,3522396382.6,343309577.08
2019-06-24 23:59:59.999000+00:00,195762668679.26,33100160024.26,3563170776.18,346117014.43
2019-06-25 11:59:59.999000+00:00,202246003919.2,33293029702.57,3564081476.65,350665032.98
2019-06-25 19:59:59.999000+00:00,202257525288.73,33028623215.09,3530671927.51,346529330.16
2019-06-26 07:59:59.999000+00:00,224108451074.61,35313189598.86,3532601756.61,352466864.18
2019-06-26 19:59:59.999000+00:00,245278952888.96,37366671750.45,3540448379.59,354401457.5
2019-06-27 07:59:59.999000+00:00,220794745840.94,34511628138.2,3551713200.46,357130761.88
2019-06-27 19:59:59.999000+00:00,192967533250.25,30718759453.08,3530336145.58,360405067.41
2019-06-28 07:59:59.999000+00:00,201479378630.27,31765842351.73,3544738510.74,360518975.62
2019-06-28 19:59:59.999000+00:00,219173365977.2,33192975853.11,3611395648.64,364230184.93
2019-06-29 03:59:59.999000+00:00,206119626842.67,31741217867.49,3587155123.86,366214559.39
2019-06-29 15:59:59.999000+00:00,212039866576.12,32639929940.46,3589742222.2,367316915.91
2019-06-30 03:59:59.999000+00:00,215661877709.25,33999215289.89,3612781165.65,366664333.7
2019-06-30 15:59:59.999000+00:00,198126830227.32,31731585525.8,3570480624.73,366597108.44
2019-07-01 03:59:59.999000+00:00,198751568365.38,31991498893.88,3580701095.86,366418883.69
2019-07-01 15:59:59.999000+00:00,184070959083.28,30361560329.75,3582881155.55,366543050.89
2019-07-01 23:59:59.999000+00:00,188297637573.83,31338571563.34,3586361277.12,367612314.17
2019-07-02 11:59:59.999000+00:00,178412195172.44,29702869369.7,3593029311.48,368847099.66
2019-07-02 23:59:59.999000+00:00,192206536805.98,31124332020.84,3619787351.57,370243192.65
2019-07-03 11:59:59.999000+00:00,199137288133.36,31315838451.47,3638122105.29,368454066.47
2019-07-03 23:59:59.999000+00:00,212867079175.5,32356299765.43,3651596466.49,366894722.44
2019-07-04 11:59:59.999000+00:00,209092329006.77,31522166538.69,3658126775.82,366881543.1
2019-07-04 23:59:59.999000+00:00,199617404431.54,30377082393.62,3663725121.47,366400452.13
2019-07-05 07:59:59.999000+00:00,195539867542.85,30487548784.43,3661456680.77,367105829.48
2019-07-05 19:59:59.999000+00:00,198796973419.63,31058805472.48,3692861959.6,366268757.06
2019-07-06 07:59:59.999000+00:00,203352794334.44,31321360493.21,3711918019.61,368583044.55
2019-07-06 19:59:59.999000+00:00,204485335256.97,31234236979.11,3707139972.17,368506009.18
2019-07-07 07:59:59.999000+00:00,199483215534.25,30767904332.61,3694865780.06,368126683.59
2019-07-07 19:59:59.999000+00:00,205077920124.35,32815675717.71,3717348350.41,368349683.29
2019-07-08 07:59:59.999000+00:00,204067562975.74,32896917674.82,3714231526.92,368513220.03
2019-07-08 15:59:59.999000+00:00,211730616580.93,33002144397.62,3726510442.46,372977949.19
2019-07-09 03:59:59.999000+00:00,225430077835.17,33763280135.76,3777022215.37,375848425.95
2019-07-09 15:59:59.999000+00:00,220857280489.99,33162794049.95,3777769001.32,375794601.75
2019-07-10 03:59:59.999000+00:00,230138476936.99,33181059865.2,3833008058.27,373553739.51
2019-07-10 15:59:59.999000+00:00,221411228053.61,31005828288.07,3852888992.24,378310751.04
2019-07-11 03:59:59.999000+00:00,209693211113.08,30344810964.18,3839849970.5,377604545.45
2019-07-11 15:59:59.999000+00:00,206162864325.46,28815602376.31,3863267202.21,376043290.38
2019-07-11 23:59:59.999000+00:00,202324174691.7,28713849047.52,3853202592.31,376911459.84
2019-07-12 11:59:59.999000+00:00,208424446479.44,29507106110.26,3879784345.75,378412402.34
2019-07-12 23:59:59.999000+00:00,210494417831.89,29526802979.12,3912950351.29,381774805.09
2019-07-13 11:59:59.999000+00:00,201328715123.37,28525634438.89,3890825894.97,381688394.99
2019-07-13 23:59:59.999000+00:00,202968191000.8,28801816022.85,3906601065.29,381400432.27
2019-07-14 11:59:59.999000+00:00,190365751395.41,26048337828.77,3903389203.28,381309543.58
2019-07-14 23:59:59.999000+00:00,182741933551.73,24328422207.44,3916691731.61,381350516.91
2019-07-15 07:59:59.999000+00:00,184334022415.52,24264887654.18,3915991845.19,382717914.11
2019-07-15 19:59:59.999000+00:00,193551644512.11,24958931890.96,3942933405.72,383908791.16
2019-07-16 07:59:59.999000+00:00,192148098471.6,24356229851.76,3964231451.03,383983948.21
2019-07-16 19:59:59.999000+00:00,173424090605.73,21824659168.2,3945284065.46,388348800.66
2019-07-17 07:59:59.999000+00:00,170879409323.69,21770363828.36,3936645482.32,401860742.52
2019-07-17 19:59:59.999000+00:00,175047665253.41,22836830722.92,3999708335.98,424300041.91
2019-07-18 07:59:59.999000+00:00,175991642603.98,23307870574.1,3982044583.07,423743560.99
2019-07-18 15:59:59.999000+00:00,185928359390.44,23993470766.46,3994006258.21,423983180.29
2019-07-19 03:59:59.999000+00:00,188889343240.38,23853608810.65,4015530595.24,423258441.64
2019-07-19 15:59:59.999000+00:00,185101344561.21,23355206857.71,3994344064.63,405456854.22
2019-07-20 03:59:59.999000+00:00,187880150220.5,24272313050.52,4030065679.6,404889484.17
2019-07-20 15:59:59.999000+00:00,189314258431.13,24369854798.74,4029543156.18,404522111.37
2019-07-21 03:59:59.999000+00:00,189729340623.17,24125986095.29,4047561241.26,406064015.08
2019-07-21 15:59:59.999000+00:00,186463221934.6,23813067913.29,4026808541.87,405053433.24
2019-07-21 23:59:59.999000+00:00,188987475961.56,24141704293.34,4030144849.93,404794928.16
2019-07-22 11:59:59.999000+00:00,188518963901.26,23908459578.65,4035453438.02,404817116.44
2019-07-22 23:59:59.999000+00:00,184443440748.0,23281138563.0,4028586250.56,405663025.62
2019-07-23 11:59:59.999000+00:00,178707799850.69,22684482900.31,4012653747.08,404930665.17
2019-07-23 23:59:59.999000+00:00,176572890701.91,22767023809.6,4014962124.89,403811643.77
2019-07-24 11:59:59.999000+00:00,173511687974.47,22212542237.94,4021539905.86,404317080.56
2019-07-24 19:59:59.999000+00:00,172930885293.23,22674061757.42,4025984163.13,421795861.96
2019-07-25 07:59:59.999000+00:00,179785992006.01,23712009227.19,4042819417.36,420448536.44
2019-07-25 19:59:59.999000+00:00,176968584035.27,23466492134.58,4044581885.84,421883054.99
2019-07-26 07:59:59.999000+00:00,174566540635.26,23149838209.53,4019981598.64,420036870.49
2019-07-26 19:59:59.999000+00:00,176216533137.27,23567850941.82,4036001807.28,423439704.9
2019-07-27 07:59:59.999000+00:00,180078254402.1,23719285181.89,4044650398.61,424234888.38
2019-07-27 19:59:59.999000+00:00,168679421010.21,22286361089.95,4024146674.29,423652316.65
2019-07-28 03:59:59.999000+00:00,169396381757.1,22250850815.99,4015770656.28,423680524.12
2019-07-28 15:59:59.999000+00:00,170549202246.51,22454391667.63,4035243646.95,424940247.9
2019-07-29 03:59:59.999000+00:00,172211806377.01,22839767547.32,4034833891.69,424334071.8
2019-07-29 15:59:59.999000+00:00,170117993386.32,22471397430.52,4026597247.67,417126425.57
2019-07-30 03:59:59.999000+00:00,168879041599.95,22236672979.76,4030073387.51,437485708.73
2019-07-30 15:59:59.999000+00:00,172846485471.27,22773463303.67,4030874851.99,436917082.92
2019-07-31 03:59:59.999000+00:00,173006081377.11,22749565794.41,4036510626.47,437081590.32
2019-07-31 11:59:59.999000+00:00,174286089260.65,22822514370.98,4031617392.48,436526506.44
2019-07-31 23:59:59.999000+00:00,180028959602.83,23425015629.85,4041560024.66,436048258.41
2019-08-01 11:59:59.999000+00:00,178165308081.46,22948874399.33,4037087171.16,434271827.96
2019-08-01 23:59:59.999000+00:00,185653203391.5,23337361748.87,4050895289.41,429294159.22
2019-08-02 11:59:59.999000+00:00,187566726701.49,23605519513.2,4052919713.35,427191483.22
2019-08-02 23:59:59.999000+00:00,187791090996.1,23347127326.76,4033499119.49,421730012.32
2019-08-03 11:59:59.999000+00:00,192467676785.68,23953348262.65,4052227022.96,424351408.49
2019-08-03 19:59:59.999000+00:00,193410043520.64,23807871947.93,4044607228.61,423778788.22
2019-08-04 07:59:59.999000+00:00,190667187327.81,23447143881.36,4032029616.3,422232686.75
2019-08-04 19:59:59.999000+00:00,195036263848.59,23686791834.1,4041195187.74,421426707.43
2019-08-05 07:59:59.999000+00:00,210312689660.56,24706154985.48,4079979242.39,421290236.93
2019-08-05 19:59:59.999000+00:00,210320566745.13,25018854862.99,4074512515.36,430427223.43
2019-08-06 07:59:59.999000+00:00,217482874896.26,25109738541.92,4078717592.62,430603790.34
2019-08-06 19:59:59.999000+00:00,209126469936.45,24445035544.7,4047238819.19,432982071.01
2019-08-07 03:59:59.999000+00:00,207400993486.81,24282080280.2,4040658593.29,433088350.36
2019-08-07 15:59:59.999000+00:00,208580738900.25,24095425461.66,4049475992.34,433788139.7
2019-08-08 03:59:59.999000+00:00,213103689918.93,24239866587.24,4041679980.81,431817881.97
2019-08-08 15:59:59.999000+00:00,209462619551.18,23831565361.79,4038395129.56,432136546.24
2019-08-09 03:59:59.999000+00:00,211955468407.3,23347708886.28,4043175721.66,431538425.54
2019-08-09 15:59:59.999000+00:00,209977620787.64,22533975526.44,4047336180.71,422651067.1
2019-08-10 03:59:59.999000+00:00,211007104154.04,22699527853.51,4039274327.03,421285275.58
2019-08-10 11:59:59.999000+00:00,204713340590.75,21996523949.43,4056914234.1,426174955.49
2019-08-10 23:59:59.999000+00:00,202890020454.67,22176113560.57,4042064735.98,424503931.03
2019-08-11 11:59:59.999000+00:00,204215246204.6,22605477752.78,4035359805.52,422380980.84
2019-08-11 23:59:59.999000+00:00,205941632234.69,23183002869.06,4033923479.87,421827378.64
2019-08-12 11:59:59.999000+00:00,202664039010.25,22674055833.76,4044218185.5,423638257.49
2019-08-12 23:59:59.999000+00:00,203441494985.17,22670420643.32,4036397867.69,423256122.52
2019-08-13 07:59:59.999000+00:00,203033099330.95,22555419034.66,4042029349.27,423511937.53
2019-08-13 19:59:59.999000+00:00,195072238536.32,22263696967.07,4022597401.19,421372475.14
2019-08-14 07:59:59.999000+00:00,189301004230.38,22237071432.79,4013986904.86,421155121.42
2019-08-14 19:59:59.999000+00:00,181972321810.84,20100181706.57,4026527346.43,422387714.19
2019-08-15 07:59:59.999000+00:00,176451523537.27,19475859543.11,4017727459.02,415611756.9
2019-08-15 19:59:59.999000+00:00,181004247956.03,19854392390.29,4042152138.76,419518101.93
2019-08-16 07:59:59.999000+00:00,177636220122.93,19564094246.77,4041049765.14,418839102.95
2019-08-16 15:59:59.999000+00:00,185602381136.55,19978002386.08,4053150575.84,419589013.41
2019-08-17 03:59:59.999000+00:00,184694469382.38,19823546037.34,4055915107.32,420629019.69
2019-08-17 15:59:59.999000+00:00,184940839397.79,19851360480.69,4053343174.52,419490863.87
2019-08-18 03:59:59.999000+00:00,181383772464.41,19785574590.51,4043266069.67,419886951.64
2019-08-18 15:59:59.999000+00:00,186218205884.06,20865319144.07,4058480430.92,420820564.25
2019-08-19 03:59:59.999000+00:00,186297390586.92,21091484739.5,4056494897.54,420322819.97
2019-08-19 15:59:59.999000+00:00,191140945446.13,21571097022.83,4049606182.55,417666061.11
2019-08-19 23:59:59.999000+00:00,195243306008.31,21810324618.2,4060897532.56,417987446.88
2019-08-20 11:59:59.999000+00:00,191553492577.14,21262828940.56,4048120045.68,416837753.76
2019-08-20 23:59:59.999000+00:00,192530283565.26,21112106338.61,4045850195.9,416674293.92
2019-08-21 11:59:59.999000+00:00,182280642034.32,20195913196.22,4030191745.19,415902124.92
2019-08-21 23:59:59.999000+00:00,181364502141.64,20075644244.61,4021552170.5,438098196.01
2019-08-22 11:59:59.999000+00:00,178499520146.63,20001500383.57,4036723960.22,438369618.85
2019-08-22 23:59:59.999000+00:00,181257125782.97,20555295232.57,4055957258.09,438817601.6
2019-08-23 07:59:59.999000+00:00,182314288008.45,20710749040.69,4043452130.99,436989971.27
2019-08-23 19:59:59.999000+00:00,186243770305.2,20866098836.36,4060044930.0,438455519.33
2019-08-24 07:59:59.999000+00:00,184656266455.36,20653789977.2,4061349038.2,437674638.08
2019-08-24 19:59:59.999000+00:00,180899914995.3,20392589178.47,4045466842.75,436684045.84
2019-08-25 07:59:59.999000+00:00,181133548967.26,20436131903.27,4054453136.13,437466347.45
2019-08-25 19:59:59.999000+00:00,180524456546.56,19987430372.73,4046469204.92,436733521.0
2019-08-26 07:59:59.999000+00:00,185101728787.12,20496121549.36,4058891954.01,434477674.15
2019-08-26 15:59:59.999000+00:00,185187957241.38,20351369109.53,4056654363.34,431188111.28
2019-08-27 03:59:59.999000+00:00,183069223762.93,20111623328.68,4060800955.97,431159033.62
2019-08-27 15:59:59.999000+00:00,182018596291.43,20222240518.73,4045563372.72,424769540.31
2019-08-28 03:59:59.999000+00:00,181143811054.0,20036225508.83,4062954056.24,425922152.34
2019-08-28 15:59:59.999000+00:00,183448389938.47,20166222077.9,4060666525.55,424607349.77
2019-08-29 03:59:59.999000+00:00,172285032991.43,18351466946.66,3995413024.68,425498333.92
2019-08-29 15:59:59.999000+00:00,170641978806.38,18169039643.24,3990212641.43,428525542.04
2019-08-29 23:59:59.999000+00:00,170274910132.35,18227677830.67,4016076899.34,450009119.81
2019-08-30 11:59:59.999000+00:00,171905158617.32,18314032437.17,4019064623.97,451630887.96
2019-08-30 23:59:59.999000+00:00,171869216523.89,18156660601.0,4016648656.58,452638755.41
2019-08-31 11:59:59.999000+00:00,171963651466.22,18159852757.28,4024146765.15,453832014.02
2019-08-31 23:59:59.999000+00:00,172470743516.18,18549906271.52,4022874816.26,453985394.46
2019-09-01 11:59:59.999000+00:00,172161584030.43,18381230606.66,4021853627.21,453368329.07
2019-09-01 23:59:59.999000+00:00,174768292883.38,18461846967.61,4026198549.68,452961465.8
2019-09-02 07:59:59.999000+00:00,174834674760.15,18435874023.1,4016223209.12,451910462.15
2019-09-02 19:59:59.999000+00:00,182205142284.69,19146754250.42,4018907935.15,444019862.81
2019-09-03 07:59:59.999000+00:00,185612014715.86,19115237786.48,4008640813.24,443268823.81
2019-09-03 19:59:59.999000+00:00,190973130438.22,19468145440.45,4034288021.79,441814451.85
2019-09-04 07:59:59.999000+00:00,189459884354.03,19196111375.46,4031902933.02,432865248.59
2019-09-04 19:59:59.999000+00:00,191353589795.1,19146531269.43,4030072370.28,427331408.68
2019-09-05 03:59:59.999000+00:00,189367538135.89,18885706371.98,4034985409.53,428717931.25
2019-09-05 15:59:59.999000+00:00,189299446308.07,18551341027.6,4041541412.92,427485427.4
2019-09-06 03:59:59.999000+00:00,190703803292.49,18795921931.86,4037771366.73,450977322.43
2019-09-06 15:59:59.999000+00:00,195049976181.38,19036841415.4,4070397251.0,447474988.41
2019-09-07 03:59:59.999000+00:00,185854918410.31,18295518117.65,4065844529.26,446746982.13
2019-09-07 15:59:59.999000+00:00,187607308824.14,18824617234.53,4058722451.25,445737699.1
2019-09-08 03:59:59.999000+00:00,189121883230.4,19629605505.31,4080807678.4,444978548.95
2019-09-08 11:59:59.999000+00:00,187190415622.57,19468533343.94,4098093504.9,447141545.89
2019-09-08 23:59:59.999000+00:00,187150078006.71,19525276831.02,4092580761.9,443790057.55
2019-09-09 11:59:59.999000+00:00,187040586603.24,19740445949.14,4084262061.31,442819159.39
2019-09-09 23:59:59.999000+00:00,185263578990.28,19505534124.12,4086341063.1,439300894.17
2019-09-10 11:59:59.999000+00:00,184405175926.21,19568659836.99,4089507823.48,439605240.09
2019-09-10 23:59:59.999000+00:00,181360731382.8,19361276592.85,4087401867.04,438285027.73
2019-09-11 11:59:59.999000+00:00,181057548035.02,19337185968.85,4096858931.81,437796565.64
2019-09-11 19:59:59.999000+00:00,181386298477.78,19095405502.52,4102858345.4,436325745.48
2019-09-12 07:59:59.999000+00:00,181374997125.17,19225303384.45,4104296971.39,436639231.48
2019-09-12 19:59:59.999000+00:00,185377486839.68,19413488058.43,4110394005.8,434762407.18
2019-09-13 07:59:59.999000+00:00,185204797262.31,19356189170.26,4110309834.97,434611244.36
2019-09-13 19:59:59.999000+00:00,183679993701.73,19316677162.88,4107560702.66,429627816.78
2019-09-14 07:59:59.999000+00:00,185592603620.0,19482364640.09,4114634107.27,426971270.93
2019-09-14 19:59:59.999000+00:00,186165832968.98,20143819047.19,4112762462.72,426128081.45
2019-09-15 03:59:59.999000+00:00,185327966720.12,20099901907.0,4114352783.93,426465281.46
2019-09-15 15:59:59.999000+00:00,185534366731.86,20398638565.79,4121983139.06,427019032.07
2019-09-16 03:59:59.999000+00:00,185767764634.45,20935353420.7,4128325807.82,427158269.81
2019-09-16 15:59:59.999000+00:00,183314490989.08,20614360990.74,4134623793.97,426403048.31
2019-09-17 03:59:59.999000+00:00,184269349342.44,21321272146.5,4128236600.25,421106770.97
2019-09-17 15:59:59.999000+00:00,183671412791.22,21723102545.68,4121163453.11,416539583.01
2019-09-18 03:59:59.999000+00:00,183772315889.64,22758542741.43,4128031770.48,413660119.01
2019-09-18 11:59:59.999000+00:00,183143449794.78,22923247100.98,4137140942.92,413580865.45
2019-09-18 23:59:59.999000+00:00,182998899156.06,22787891774.28,4128128247.12,404626236.07
2019-09-19 11:59:59.999000+00:00,177281270936.88,22344160283.25,4119982320.57,403097314.58
2019-09-19 23:59:59.999000+00:00,184240949577.46,23856751721.9,4120322200.04,399476337.27
2019-09-20 11:59:59.999000+00:00,182563076764.9,23515272858.21,4114002577.48,396827476.97
2019-09-20 23:59:59.999000+00:00,182738947695.65,23511410671.24,4111952091.79,393703322.38
2019-09-21 11:59:59.999000+00:00,180744927039.15,23309080950.88,4113318141.0,393662780.97
2019-09-21 19:59:59.999000+00:00,180109944665.83,23414100209.87,4112278316.94,393048800.59
2019-09-22 07:59:59.999000+00:00,180274026748.48,22947313367.45,4112351304.69,392986734.08
2019-09-22 19:59:59.999000+00:00,179987955102.46,22411203452.26,4123456655.38,393883652.45
2019-09-23 07:59:59.999000+00:00,178186938357.72,22643665604.99,4122322304.27,392694964.37
2019-09-23 19:59:59.999000+00:00,177118071590.15,22380256795.58,4125906385.97,390688173.97
2019-09-24 07:59:59.999000+00:00,175703713674.78,21590520477.52,4119247929.65,390231499.21
2019-09-24 19:59:59.999000+00:00,150911489268.02,17769103772.36,4144068481.16,384371775.92
2019-09-25 03:59:59.999000+00:00,154667647637.77,18466859219.32,4122186806.58,388486959.91
2019-09-25 15:59:59.999000+00:00,150474612251.26,18111392614.25,4123223797.49,391362202.67
2019-09-26 03:59:59.999000+00:00,151371722900.27,18278202851.74,4133317421.86,418267290.86
2019-09-26 15:59:59.999000+00:00,145415099895.09,17596106499.51,4163792751.41,423187360.31
2019-09-27 03:59:59.999000+00:00,144791153231.31,17876232665.09,4124472061.43,420470669.15
2019-09-27 15:59:59.999000+00:00,143840201241.98,17718482061.75,4124372786.8,425573060.77
2019-09-27 23:59:59.999000+00:00,148212635834.02,18854855889.05,4150539049.9,427060555.96
2019-09-28 11:59:59.999000+00:00,147547169058.87,18729944996.05,4139808251.28,430672902.61
2019-09-28 23:59:59.999000+00:00,148122503615.69,18842313324.32,4127056412.85,429395142.81
2019-09-29 11:59:59.999000+00:00,146501558045.45,18478703741.75,4146352257.85,430791230.31
2019-09-29 23:59:59.999000+00:00,145590374680.61,18405401314.94,4131364185.29,429610243.1
2019-09-30 11:59:59.999000+00:00,145029666682.51,18746368968.19,4126320304.93,427522480.47
2019-09-30 23:59:59.999000+00:00,149011567415.16,19419149343.03,4124922495.65,427374808.38
2019-10-01 07:59:59.999000+00:00,151560278991.5,19575348985.76,4127294512.19,426893115.92
2019-10-01 19:59:59.999000+00:00,149714565629.84,19095243207.13,4131032400.93,426096027.7
2019-10-02 07:59:59.999000+00:00,148389132199.04,19020174232.61,4125995050.02,427150823.75
2019-10-02 19:59:59.999000+00:00,148892940945.61,19224589624.41,4124986996.91,427411476.93
2019-10-03 07:59:59.999000+00:00,149170446863.23,19225718405.83,4127898234.39,455675501.09
2019-10-03 19:59:59.999000+00:00,147101709040.84,18714744491.71,4125621515.85,454902359.05
2019-10-04 07:59:59.999000+00:00,147131105511.3,18901935039.25,4126094106.02,474830087.91
2019-10-04 15:59:59.999000+00:00,147314866766.53,19024571490.55,4136638331.93,474653069.96
2019-10-05 03:59:59.999000+00:00,147353543740.61,19117796957.06,4141701172.03,477084560.75
2019-10-05 15:59:59.999000+00:00,145639615491.3,18994688714.29,4118727602.89,475169655.86
2019-10-06 03:59:59.999000+00:00,145760279502.64,18986804030.9,4131820946.39,475812894.05
2019-10-06 15:59:59.999000+00:00,145061321699.52,18876230245.67,4131864884.47,475352384.05
2019-10-07 03:59:59.999000+00:00,143076829389.57,18768422458.13,4143116787.1,477633782.96
2019-10-07 15:59:59.999000+00:00,147767716063.33,19264744124.31,4136940109.13,472588487.2
2019-10-07 23:59:59.999000+00:00,148252589805.02,19578142142.67,4143061945.85,471937627.16
2019-10-08 11:59:59.999000+00:00,147545662864.74,19544061471.98,4116352801.18,467905021.34
2019-10-08 23:59:59.999000+00:00,147966069981.66,19670825764.33,4133186976.29,468318969.58
2019-10-09 11:59:59.999000+00:00,147705197753.91,19895501914.38,4119949010.9,466217876.64
2019-10-09 23:59:59.999000+00:00,154579656110.4,20891536594.55,4131538662.03,461621062.85
2019-10-10 11:59:59.999000+00:00,153730538955.42,20535117070.44,4120041931.05,459075838.71
2019-10-10 23:59:59.999000+00:00,154430515160.23,20717535746.62,4121340915.29,452018482.78
2019-10-11 07:59:59.999000+00:00,151774346310.16,20351863666.33,4155068632.51,470162762.44
2019-10-11 19:59:59.999000+00:00,150386749292.42,19778293172.69,4146599519.49,468569160.15
2019-10-12 07:59:59.999000+00:00,150719224797.35,20053873233.55,4162616710.1,469007901.68
2019-10-12 19:59:59.999000+00:00,149936985015.05,19519617706.22,4120718540.47,467904741.62
2019-10-13 07:59:59.999000+00:00,150020637529.18,19692006578.64,4116833713.35,467624982.28
2019-10-13 19:59:59.999000+00:00,152182031410.79,19884271071.56,4131282357.93,468444457.66
2019-10-14 07:59:59.999000+00:00,150163970514.49,19877359300.98,4130701484.39,468868151.31
2019-10-14 15:59:59.999000+00:00,149482055164.29,19782427002.32,4130782215.48,469451755.29
2019-10-15 03:59:59.999000+00:00,150442309125.81,20141492627.33,4131416252.49,468979534.98
2019-10-15 15:59:59.999000+00:00,149937471290.71,19798394282.94,4102460829.13,468570997.35
2019-10-16 03:59:59.999000+00:00,147560466345.12,19520927552.04,4126104097.32,473430596.94
2019-10-16 15:59:59.999000+00:00,143906044003.78,18885416948.22,4126247904.8,476066111.67
2019-10-17 03:59:59.999000+00:00,144506411538.05,18966995995.35,4137624709.48,477347398.93
2019-10-17 11:59:59.999000+00:00,145845296392.53,19155651548.3,4126538934.15,475814534.94
2019-10-17 23:59:59.999000+00:00,145853994297.97,19260755682.19,4125325860.63,474582522.88
2019-10-18 11:59:59.999000+00:00,143026334847.65,18704282227.34,4117086707.31,474269804.49
2019-10-18 23:59:59.999000+00:00,143517630375.77,18786275034.69,4119297017.09,474714057.81
2019-10-19 11:59:59.999000+00:00,143692265324.29,18873905926.89,4130346313.63,476277154.29
2019-10-19 23:59:59.999000+00:00,143808163806.88,18711940303.4,4136188572.55,476133073.06
2019-10-20 11:59:59.999000+00:00,143821345061.55,18675189483.38,4137979614.2,477183380.28
2019-10-20 19:59:59.999000+00:00,147841931766.3,18999699690.02,4107907252.97,472788286.65
2019-10-21 07:59:59.999000+00:00,148437522713.99,18890199900.54,4125550045.45,474477224.32
2019-10-21 19:59:59.999000+00:00,147973931488.21,18860947438.49,4129563624.39,473874318.92
2019-10-22 07:59:59.999000+00:00,148561956504.92,18902423476.59,4127078916.26,469585474.58
2019-10-22 19:59:59.999000+00:00,147832814941.77,18761385297.38,4128093871.42,466712768.51
2019-10-23 07:59:59.999000+00:00,144351467062.87,18132119362.46,4131975250.54,463209226.99
2019-10-23 19:59:59.999000+00:00,135818561271.87,17513637410.25,4119974968.77,464351236.83
2019-10-24 03:59:59.999000+00:00,134768996226.17,17456632115.53,4127058030.72,464865656.4
2019-10-24 15:59:59.999000+00:00,134917901206.48,17618195249.84,4128606995.17,464449154.84
2019-10-25 03:59:59.999000+00:00,135122092867.15,17624933184.45,4138265951.55,480475761.37
2019-10-25 15:59:59.999000+00:00,148267472984.43,18939785367.93,4103346368.8,472991787.94
2019-10-26 03:59:59.999000+00:00,173111191135.56,20258555528.18,4136191932.56,481838969.9
2019-10-26 15:59:59.999000+00:00,165610224575.34,19596739383.5,4116631878.3,480841664.63
2019-10-27 03:59:59.999000+00:00,164934519506.78,19313739476.57,4115250027.41,479375427.26
2019-10-27 11:59:59.999000+00:00,168251183680.47,19562820557.4,4141552723.77,481244258.33
2019-10-28 03:59:59.999000+00:00,173972617423.77,20060575114.48,4130079600.2,474869041.35
2019-10-28 15:59:59.999000+00:00,169669011445.7,19916093577.26,4121048979.78,469878678.32
2019-10-29 03:59:59.999000+00:00,167909447412.98,19978393752.14,4120003821.91,473950600.34
2019-10-29 15:59:59.999000+00:00,168600798482.81,20171637185.85,4114006068.66,470949649.96
2019-10-30 03:59:59.999000+00:00,167825292009.64,20539581978.96,4121006265.28,471635116.2
2019-10-30 15:59:59.999000+00:00,164248890169.79,19720934676.75,4123471713.13,468684886.02
2019-10-30 23:59:59.999000+00:00,165899500650.49,20013431226.57,4132087644.62,467478636.96
2019-10-31 11:59:59.999000+00:00,164655949795.45,19650304695.83,4124636357.9,465167668.08
2019-10-31 23:59:59.999000+00:00,165804227834.59,19937256794.37,4134412347.46,464314215.43
2019-11-01 11:59:59.999000+00:00,165981203376.58,19835929615.93,4132614176.17,462218623.72
2019-11-01 23:59:59.999000+00:00,166928044163.92,19940014310.53,4124890870.73,455485474.41
2019-11-02 11:59:59.999000+00:00,167374611294.97,19913136620.03,4126206543.08,470347496.66
2019-11-02 23:59:59.999000+00:00,168090392934.7,19937622286.7,4127588892.15,469892324.7
2019-11-03 07:59:59.999000+00:00,167549641290.15,19931558648.86,4130932863.92,470036722.99
2019-11-03 19:59:59.999000+00:00,166136740790.72,19753269087.09,4138731906.58,470554527.99
2019-11-04 07:59:59.999000+00:00,166454904976.61,19827015816.24,4133865415.98,459506745.45
2019-11-04 19:59:59.999000+00:00,167728396989.39,20243670127.28,4129879966.08,447067875.64
2019-11-05 07:59:59.999000+00:00,167211130224.95,20026527128.1,4131048737.39,449018925.4
2019-11-05 19:59:59.999000+00:00,169299956986.9,20609686423.52,4124314132.06,446148830.52
2019-11-06 07:59:59.999000+00:00,169791647595.73,20914234289.98,4127898104.12,462043955.48
2019-11-06 15:59:59.999000+00:00,168803995474.78,20773262372.87,4125543393.45,460971799.7
2019-11-07 03:59:59.999000+00:00,168162768304.31,20593371684.64,4121186981.85,459269391.03
2019-11-07 15:59:59.999000+00:00,166679559319.55,20249367785.62,4127503360.36,461118240.87
2019-11-08 03:59:59.999000+00:00,166678698606.45,20352266497.88,4107370657.25,457563684.51
2019-11-08 15:59:59.999000+00:00,158583478670.31,19864273331.48,4112409816.55,454692270.17
2019-11-09 03:59:59.999000+00:00,159622696801.22,20041486925.77,4111437582.31,453570853.44
2019-11-09 11:59:59.999000+00:00,159651019655.31,20043375887.1,4115680326.91,453564808.9
2019-11-09 23:59:59.999000+00:00,158981489715.41,20074095541.17,4108822609.2,452131191.35
2019-11-10 11:59:59.999000+00:00,160030632753.03,20345486335.22,4126918569.06,453427803.73
2019-11-10 23:59:59.999000+00:00,163364406731.87,20559121064.62,4119110880.65,452610559.03
2019-11-11 11:59:59.999000+00:00,157916636359.8,20270757553.81,4117916435.95,452569472.64
2019-11-11 23:59:59.999000+00:00,158009772437.17,20128792759.87,4118061436.86,452216839.06
2019-11-12 11:59:59.999000+00:00,158646886796.18,20244267870.33,4128341513.74,451961683.91
2019-11-12 19:59:59.999000+00:00,158350719340.24,20140592639.26,4109518021.1,450354154.45
2019-11-13 07:59:59.999000+00:00,158428711082.18,20217554284.38,4128695875.43,450584250.48
2019-11-13 19:59:59.999000+00:00,159130748911.44,20442899740.31,4129411674.53,449790771.39
2019-11-14 07:59:59.999000+00:00,157991829313.37,20252862665.49,4146345468.77,444429355.25
2019-11-14 19:59:59.999000+00:00,157186710207.62,20088363018.97,4133115370.04,442762325.88
2019-11-15 07:59:59.999000+00:00,155672588700.59,19922940543.22,4126329273.94,442079866.03
2019-11-15 19:59:59.999000+00:00,153874529070.31,19591743432.78,4125205670.59,441671146.0
2019-11-16 03:59:59.999000+00:00,153806699975.3,19672268816.83,4136099690.94,441921840.5
2019-11-16 15:59:59.999000+00:00,154640295146.94,19941889768.97,4148171015.21,444978714.92
2019-11-17 03:59:59.999000+00:00,154246712793.81,19886034682.55,4142416560.28,445208501.04
2019-11-17 15:59:59.999000+00:00,155230412552.2,20113532396.97,4141150336.13,445025085.96
2019-11-18 03:59:59.999000+00:00,154386894780.55,20056462834.8,4146163012.24,446114452.05
2019-11-18 15:59:59.999000+00:00,154139829097.01,19971710839.57,4168277761.73,449932098.67
2019-11-19 03:59:59.999000+00:00,149033552884.86,19472400396.83,4156375385.31,447950192.87
2019-11-19 11:59:59.999000+00:00,146847578426.88,19119712368.05,4131636158.58,446279786.21
2019-11-19 23:59:59.999000+00:00,148178376842.59,19274876582.67,4144883421.59,444180150.09
2019-11-20 11:59:59.999000+00:00,146386618699.79,19290616426.39,4172182320.82,438285271.76
2019-11-20 23:59:59.999000+00:00,144962727397.8,19086228091.53,4130393647.22,433657939.05
2019-11-21 11:59:59.999000+00:00,143822164817.84,18498085321.39,4143924559.19,434360157.36
2019-11-21 23:59:59.999000+00:00,138031885378.79,17541867625.62,4109731631.11,443598617.04
2019-11-22 11:59:59.999000+00:00,129237007584.93,16279553978.25,4130848830.5,445381563.06
2019-11-22 19:59:59.999000+00:00,131894942151.99,16574058801.99,4118570803.68,444278432.12
2019-11-23 07:59:59.999000+00:00,130519627891.69,16403686854.12,4128624512.08,442669294.9
2019-11-23 19:59:59.999000+00:00,132884551550.52,16618191350.61,4146754604.57,446495819.45
2019-11-24 07:59:59.999000+00:00,131132508127.58,16375617165.6,4142802027.33,446389644.39
2019-11-24 19:59:59.999000+00:00,129025166418.82,15903719598.18,4164729780.82,448787154.32
2019-11-25 07:59:59.999000+00:00,121553010709.83,14789418336.66,4124081232.97,445488694.7
2019-11-25 19:59:59.999000+00:00,130437614693.0,16031591755.84,4117912465.16,457457232.8
2019-11-26 03:59:59.999000+00:00,130468092063.35,16145281519.34,4110864558.13,458335349.91
2019-11-26 15:59:59.999000+00:00,129480310288.03,15971735597.93,4148481798.96,462404137.28
2019-11-27 03:59:59.999000+00:00,129955509192.31,16099328019.96,4176570644.62,465338868.06
2019-11-27 15:59:59.999000+00:00,131952849720.25,16336516271.44,4107327603.31,455157854.63
2019-11-28 03:59:59.999000+00:00,136444815746.79,16681291188.81,4142477044.0,469221878.74
2019-11-28 15:59:59.999000+00:00,138126448254.41,16819164186.24,4128007200.18,460780687.55
2019-11-28 23:59:59.999000+00:00,134879411013.2,16496129469.81,4124805294.29,458276295.91
2019-11-29 11:59:59.999000+00:00,136511469413.26,16795889189.59,4119607334.74,458010502.26
2019-11-29 23:59:59.999000+00:00,140280108520.95,16887922522.39,4126616331.56,454235199.91
2019-11-30 11:59:59.999000+00:00,139618269955.57,16787663255.28,4139802566.16,456187505.47
2019-11-30 23:59:59.999000+00:00,136829391048.65,16589132425.87,4115041871.32,454059447.85
2019-12-01 11:59:59.999000+00:00,132917509979.97,16084114511.89,4114193714.48,451785648.37
2019-12-01 23:59:59.999000+00:00,134215145409.93,16443650814.4,4118235661.16,454728031.49
2019-12-02 07:59:59.999000+00:00,131376152916.66,16135357197.39,4111024830.9,454847696.02
2019-12-02 19:59:59.999000+00:00,132235660343.39,16128603936.35,4114910674.56,457121769.26
2019-12-03 07:59:59.999000+00:00,131920527839.26,16116273050.61,4104202718.93,447381881.63
2019-12-03 19:59:59.999000+00:00,132983289007.46,16158582986.32,4126926113.2,448539491.4
2019-12-04 07:59:59.999000+00:00,129968092406.87,15817169717.32,4133617144.87,467168212.13
2019-12-04 19:59:59.999000+00:00,135343778496.65,16332563078.77,4113945368.16,463345075.41
2019-12-05 07:59:59.999000+00:00,132455147740.69,15911916497.02,4123758171.91,463501012.68
2019-12-05 15:59:59.999000+00:00,132701264772.68,16030150841.1,4117717728.94,463961917.56
2019-12-06 03:59:59.999000+00:00,134578735385.38,16204030733.0,4147743561.23,467299958.59
2019-12-06 15:59:59.999000+00:00,134044701856.15,16125423816.21,4128434128.05,465139267.59
2019-12-07 03:59:59.999000+00:00,136591228128.08,16241579311.44,4125692518.47,465247564.92
2019-12-07 15:59:59.999000+00:00,136903506086.12,16287995962.97,4139995869.16,466807083.21
2019-12-08 03:59:59.999000+00:00,135332565626.22,16165460568.13,4147836313.93,467150408.07
2019-12-08 15:59:59.999000+00:00,137981708861.78,16553184564.88,4157261260.32,468375817.67
2019-12-08 23:59:59.999000+00:00,136847419895.98,16464729150.19,4134238974.84,464755635.37
2019-12-09 11:59:59.999000+00:00,135554177624.5,16270863764.3,4110245545.91,461756552.95
2019-12-09 23:59:59.999000+00:00,133904005787.11,16135631419.61,4125515159.28,485716419.48
2019-12-10 11:59:59.999000+00:00,133162599868.68,16062005484.51,4114137704.46,485793812.4
2019-12-10 23:59:59.999000+00:00,131696121854.86,15924221614.02,4132097334.67,481975625.31
2019-12-11 11:59:59.999000+00:00,131893014317.79,15942267708.69,4137096004.11,482910347.45
2019-12-11 23:59:59.999000+00:00,130609895527.99,15636405554.8,4157024796.68,475096190.21
2019-12-12 07:59:59.999000+00:00,130167008025.92,15561194464.24,4129504374.93,477751459.31
2019-12-12 19:59:59.999000+00:00,130793728199.3,15807218442.53,4117182605.58,476759200.14
2019-12-13 07:59:59.999000+00:00,131322658142.76,15754528656.27,4114025384.32,473720833.27
2019-12-13 19:59:59.999000+00:00,131591847193.88,15769761466.7,4115937851.14,473493395.79
2019-12-14 07:59:59.999000+00:00,131618035184.48,15719365818.82,4116375071.46,473569476.36
2019-12-14 19:59:59.999000+00:00,129120422726.93,15607559659.79,4139170595.11,475983368.09
2019-12-15 07:59:59.999000+00:00,129621559218.92,15613077307.88,4172587841.62,473745198.38
2019-12-15 15:59:59.999000+00:00,128987689183.62,15592731344.49,4111049446.01,474990047.52
2019-12-16 03:59:59.999000+00:00,128387980772.27,15429570812.91,4113355780.71,474510084.89
2019-12-16 15:59:59.999000+00:00,129279206678.59,15494077504.58,4136637137.44,470322029.02
2019-12-17 03:59:59.999000+00:00,125145739264.62,14471736383.85,4121177273.35,466546438.31
2019-12-17 15:59:59.999000+00:00,123622623897.03,14135903219.9,4176890959.32,470034393.46
2019-12-18 03:59:59.999000+00:00,121304951632.78,13562546944.43,4113386762.93,471570799.98
2019-12-18 15:59:59.999000+00:00,123330380819.29,13853980009.84,4113547677.95,472055261.84
2019-12-18 23:59:59.999000+00:00,131754969804.18,14501554619.96,4133220481.92,476511546.89
2019-12-19 11:59:59.999000+00:00,129815883319.95,13872454602.96,4113488522.11,475397168.8
2019-12-19 23:59:59.999000+00:00,130445758712.97,14092012421.39,4143245798.75,513281417.45
2019-12-20 11:59:59.999000+00:00,130371407493.52,13997427840.64,4139056751.47,511222935.98
2019-12-20 23:59:59.999000+00:00,130752796980.24,14065549619.66,4132042360.99,523978794.45
2019-12-21 11:59:59.999000+00:00,130199065974.87,13992202938.29,4126265703.15,524064208.59
2019-12-21 19:59:59.999000+00:00,130254684466.12,13955567328.37,4111671699.02,524678365.4
2019-12-22 07:59:59.999000+00:00,130495284273.48,14109283281.28,4130922073.07,524102838.86
2019-12-22 19:59:59.999000+00:00,134746965962.18,14460396255.54,4130304226.02,522643908.66
2019-12-23 07:59:59.999000+00:00,136596603682.31,14460405530.35,4118054423.44,523431595.51
2019-12-23 19:59:59.999000+00:00,135419114240.89,14184540039.51,4132935029.15,520263841.68
2019-12-24 07:59:59.999000+00:00,133523016805.73,14072133084.17,4168063307.1,527970495.36
2019-12-24 19:59:59.999000+00:00,132462004334.97,14054347306.82,4141860420.7,521202774.13
2019-12-25 03:59:59.999000+00:00,131795801220.34,13795381944.69,4127014891.16,519820123.2
2019-12-25 15:59:59.999000+00:00,131156776034.86,13673018192.02,4133221818.14,520444679.15
2019-12-26 03:59:59.999000+00:00,131701317623.73,13752183684.97,4156150361.87,522612745.33
2019-12-26 15:59:59.999000+00:00,131878885683.55,13843862040.01,4140640324.96,519397939.82
2019-12-27 03:59:59.999000+00:00,131118945218.59,13789769762.31,4104367618.84,516674701.91
2019-12-27 15:59:59.999000+00:00,132888836645.39,13927516549.29,4160955184.89,524106056.98
2019-12-28 03:59:59.999000+00:00,132806882590.13,13941278797.37,4132404411.86,522741290.62
2019-12-28 11:59:59.999000+00:00,132711791230.44,13930503526.25,4124650255.75,521198145.01
2019-12-28 23:59:59.999000+00:00,132659059739.8,13995233088.09,4109307163.11,518666293.14
2019-12-29 11:59:59.999000+00:00,133707058718.31,14188534581.11,4136217049.88,522435651.97
2019-12-29 23:59:59.999000+00:00,134570835775.06,14698483422.1,4125339508.87,520939799.34
2019-12-30 11:59:59.999000+00:00,133688000464.02,14622655272.07,4130919236.09,520592260.38
2019-12-30 23:59:59.999000+00:00,132235128152.2,14468140711.83,4133411934.0,521352611.61
2019-12-31 11:59:59.999000+00:00,132031691855.93,14471145521.2,4130629280.79,520660026.84
2019-12-31 19:59:59.999000+00:00,131145911224.78,14192317437.11,4137134287.64,522603268.36
2020-01-01 07:59:59.999000+00:00,130704169938.81,14225060492.32,4107425171.65,517467677.63
2020-01-01 19:59:59.999000+00:00,131197191052.52,14388594877.05,4108332577.62,516298459.7
2020-01-02 07:59:59.999000+00:00,129180594247.28,14124365933.54,4104619174.75,517900352.25
2020-01-02 19:59:59.999000+00:00,127055764797.42,13956259134.33,4113463664.21,517116051.13
2020-01-03 07:59:59.999000+00:00,130986289734.25,14125836058.88,4153560483.08,516252964.91
2020-01-03 19:59:59.999000+00:00,133390983403.76,14569023984.39,4121983526.2,516621405.75
2020-01-04 03:59:59.999000+00:00,133328543126.33,14584029214.8,4119254170.8,516495595.98
2020-01-04 15:59:59.999000+00:00,133293329078.2,14578521811.22,4126982957.44,517872854.1
2020-01-05 03:59:59.999000+00:00,136273081040.16,14897949163.31,4136030698.1,518024667.8
2020-01-05 15:59:59.999000+00:00,136276311417.78,15044589579.21,4133927861.0,517981882.9
2020-01-06 03:59:59.999000+00:00,136898470491.12,15221782391.17,4118047578.53,516324213.65
2020-01-06 15:59:59.999000+00:00,137523057890.36,15426158405.35,4137947408.12,516215981.81
2020-01-07 03:59:59.999000+00:00,143505329113.41,15708219418.15,4635853617.14,498214496.99
2020-01-07 11:59:59.999000+00:00,144258938370.37,15707528969.85,4659930999.7,498470349.24
2020-01-07 23:59:59.999000+00:00,148152237653.69,15672773110.18,4633564969.31,478340351.46
2020-01-08 11:59:59.999000+00:00,151362041204.55,15728832957.42,4616103994.17,463406451.12
2020-01-08 23:59:59.999000+00:00,146645162431.48,15425115411.41,4630671669.6,463207216.47
2020-01-09 11:59:59.999000+00:00,143395429251.16,15147507131.48,4624027963.13,459693177.73
2020-01-09 23:59:59.999000+00:00,143016572819.4,15178151516.97,4641371711.32,460038833.74
2020-01-10 11:59:59.999000+00:00,141941080033.72,15099436997.31,4608920524.48,448135773.92
2020-01-10 19:59:59.999000+00:00,146372013888.8,15649780696.3,4631675002.4,448260527.22
2020-01-11 07:59:59.999000+00:00,146708890909.31,15615425414.41,4633249817.28,449718254.9
2020-01-11 19:59:59.999000+00:00,147685059523.3,15929561995.51,4612655408.04,445495678.78
2020-01-12 07:59:59.999000+00:00,147177021331.87,15817318144.57,4634436891.91,447850292.31
2020-01-12 19:59:59.999000+00:00,148148470936.33,15870449127.25,4644630681.51,447917175.95
2020-01-13 07:59:59.999000+00:00,147553172698.25,15712954954.17,4651822989.81,447495832.15
2020-01-13 15:59:59.999000+00:00,146903567590.71,15639631559.22,4629189716.0,442149975.2
2020-01-14 03:59:59.999000+00:00,153167948511.85,16236228581.3,4619608020.59,438210783.15
2020-01-14 15:59:59.999000+00:00,157910911103.08,17100897198.41,4599838229.98,437184985.44
2020-01-15 03:59:59.999000+00:00,160588921672.81,18059773892.01,4695058046.87,435164041.47
2020-01-15 15:59:59.999000+00:00,159216652185.02,17790407863.36,4635286603.0,428277357.09
2020-01-16 03:59:59.999000+00:00,156948665709.71,17516771384.75,4642170172.33,446369850.07
2020-01-16 15:59:59.999000+00:00,157907289118.94,17756956762.11,4624839553.87,442882090.57
2020-01-16 23:59:59.999000+00:00,158465055984.19,17969103320.78,4633460370.18,445192682.21
2020-01-17 11:59:59.999000+00:00,161811531016.56,18600866030.91,4641420658.5,439620395.87
2020-01-17 23:59:59.999000+00:00,162211148777.66,18669811575.92,4650379638.01,438515036.79
2020-01-18 11:59:59.999000+00:00,160990358012.6,18442212003.65,4636482735.14,439055435.01
2020-01-18 23:59:59.999000+00:00,162475965880.12,19173512822.92,4649919501.76,440548198.63
2020-01-19 11:59:59.999000+00:00,157555473348.99,18247818472.95,4626060197.09,436315049.2
2020-01-19 23:59:59.999000+00:00,158194319734.8,18257853531.63,4630413450.61,436777174.98
2020-01-20 07:59:59.999000+00:00,157454596286.16,18101221523.22,4632342798.83,437802007.98
2020-01-20 19:59:59.999000+00:00,156949991765.69,18321702375.33,4661641176.01,438881387.92
2020-01-21 07:59:59.999000+00:00,156973143234.24,18230772202.48,4569753240.38,438022728.37
2020-01-21 19:59:59.999000+00:00,155310451174.76,18144203880.99,4641777478.05,430918709.56
2020-01-22 07:59:59.999000+00:00,158778040255.03,18524964982.18,4642449257.97,441190017.54
2020-01-22 19:59:59.999000+00:00,157638815176.6,18418065872.68,4650424440.37,453328125.42
2020-01-23 07:59:59.999000+00:00,156094012778.42,18094207861.75,4644141830.31,452785007.0
2020-01-23 15:59:59.999000+00:00,152262769334.47,17884098955.21,4646080513.86,450439271.53
2020-01-24 03:59:59.999000+00:00,151789462286.93,17499443231.4,4648533161.24,443218070.43
2020-01-24 15:59:59.999000+00:00,154486730225.33,17823214755.65,4650845401.98,444954274.61
2020-01-25 03:59:59.999000+00:00,151131785326.81,17455176654.79,4644838002.7,443503392.24
2020-01-25 15:59:59.999000+00:00,151627010072.92,17602952338.75,4645368053.17,444210226.55
2020-01-26 03:59:59.999000+00:00,152274811594.08,17721788119.24,4647235908.63,444719315.81
2020-01-26 15:59:59.999000+00:00,153945593884.33,17911405266.96,4652074322.85,446963232.21
2020-01-26 23:59:59.999000+00:00,156322174637.24,18394952134.95,4644708262.04,448606932.19
2020-01-27 11:59:59.999000+00:00,158352562768.52,18512114368.86,4643165548.61,451138177.34
2020-01-27 23:59:59.999000+00:00,162027957434.62,18709615890.95,4651188602.13,449464491.16
2020-01-28 11:59:59.999000+00:00,165060989254.55,18904211519.22,4656084867.82,449457479.42
2020-01-28 23:59:59.999000+00:00,170205617954.86,19307396128.4,4645895398.76,452031882.66
2020-01-29 11:59:59.999000+00:00,168805577155.1,19286735074.71,4644704937.03,450333698.56
2020-01-29 23:59:59.999000+00:00,169460984603.21,19165292202.19,4653027307.1,452003907.88
2020-01-30 07:59:59.999000+00:00,170661274395.51,19383471873.92,4654226970.47,457245407.18
2020-01-30 19:59:59.999000+00:00,172638424090.5,19858112852.31,4648500211.53,454706934.14
2020-01-31 07:59:59.999000+00:00,170107891218.35,19924634910.77,4636879687.29,447734466.21
2020-01-31 19:59:59.999000+00:00,169217539455.68,19647124652.33,4644717221.71,447258717.79
2020-02-01 07:59:59.999000+00:00,171405516804.38,20046562667.24,4644347282.5,451928568.14
2020-02-01 19:59:59.999000+00:00,170489187077.02,20017083359.82,4652680780.6,446535408.38
2020-02-02 03:59:59.999000+00:00,168578492775.66,19775801232.96,4640375884.57,445749419.47
2020-02-02 15:59:59.999000+00:00,171867353129.63,21073318414.82,4642603276.26,448288411.51
2020-02-03 03:59:59.999000+00:00,170650565587.44,20904509709.85,4640713766.02,445214716.75
2020-02-03 15:59:59.999000+00:00,169431950988.06,20689716414.87,4651725151.92,443939657.77
2020-02-04 03:59:59.999000+00:00,169069745425.76,20624966198.75,4646453099.54,443145879.88
2020-02-04 15:59:59.999000+00:00,167418529529.19,20633745644.15,4645553936.9,440478909.96
2020-02-05 03:59:59.999000+00:00,167666065532.72,20782485882.74,4644096515.05,440459628.82
2020-02-05 11:59:59.999000+00:00,171023236185.11,21547327053.19,4643544264.4,442844267.19
2020-02-05 23:59:59.999000+00:00,174983423932.96,22379510312.32,4655543935.31,435925185.72
2020-02-06 11:59:59.999000+00:00,175935542601.25,23021147636.19,4640109503.32,434369730.38
2020-02-06 23:59:59.999000+00:00,177118274393.95,23270983771.91,4629443565.55,431805231.03
2020-02-07 11:59:59.999000+00:00,178663356950.58,24220978626.09,4643255275.69,430391620.26
2020-02-07 23:59:59.999000+00:00,178339437206.34,24412375481.51,4631927115.88,426872133.0
2020-02-08 11:59:59.999000+00:00,178404996131.45,24735042376.39,4644589586.79,429395549.98
2020-02-08 19:59:59.999000+00:00,179057284704.54,24633051686.26,4642948285.12,426915743.68
2020-02-09 07:59:59.999000+00:00,183898258313.71,25165169656.74,4654902388.87,428092895.37
2020-02-09 19:59:59.999000+00:00,183157139416.1,24850687505.73,4642607943.32,431213421.43
2020-02-10 07:59:59.999000+00:00,181399754625.68,24597081928.69,4658424836.07,429956322.73
2020-02-10 19:59:59.999000+00:00,178904874971.16,24257255002.21,4636780319.17,426010187.33
2020-02-11 07:59:59.999000+00:00,177625711544.29,24017343767.0,4649803976.41,422110431.29
2020-02-11 19:59:59.999000+00:00,185045482046.15,25822705072.97,4626102798.6,420764961.16
2020-02-12 15:59:59.999000+00:00,187659520582.31,27783844744.29,4640992818.88,438496729.15
2020-02-13 03:59:59.999000+00:00,188820036292.72,29436906352.65,4649072473.14,441724297.4
2020-02-13 15:59:59.999000+00:00,186792131464.24,29690143181.93,4639879318.42,434790785.86
2020-02-14 03:59:59.999000+00:00,186217075761.45,29160994773.46,4635945850.24,432919971.15
2020-02-14 15:59:59.999000+00:00,186639439589.05,29982774625.21,4645901374.23,434402573.07
2020-02-15 03:59:59.999000+00:00,187093042319.55,30909700050.96,4644922822.42,433679614.56
2020-02-15 11:59:59.999000+00:00,186232699211.5,30930747417.86,4644793422.69,433530516.39
2020-02-15 23:59:59.999000+00:00,180179996218.64,29045044403.45,4638318811.13,430447117.23
2020-02-16 11:59:59.999000+00:00,181181588772.18,29329437444.23,4652759722.72,431798592.5
2020-02-16 23:59:59.999000+00:00,181017665264.46,28518254585.37,4638989017.38,429727972.87
2020-02-17 11:59:59.999000+00:00,175538963958.28,27274132199.95,4647780881.29,429590648.91
2020-02-17 23:59:59.999000+00:00,176585280987.04,29231690264.41,4635284710.51,430832169.97
2020-02-18 11:59:59.999000+00:00,177141484908.45,29373466874.67,4650041493.71,431853850.52
2020-02-18 19:59:59.999000+00:00,181411322585.4,30942046514.01,4609485492.35,432547464.53
2020-02-19 07:59:59.999000+00:00,183396379067.51,30412466027.13,4647589604.43,431615601.97
2020-02-19 19:59:59.999000+00:00,185257752041.95,30520404538.16,4654475566.32,431381234.55
2020-02-20 07:59:59.999000+00:00,175308259490.82,28700968037.81,4649490353.57,427167685.7
2020-02-20 19:59:59.999000+00:00,174376560377.27,28147333850.62,4654823485.48,425153073.59
2020-02-21 07:59:59.999000+00:00,176372796089.4,28646940032.05,4648055912.08,425188649.16
2020-02-21 19:59:59.999000+00:00,176571570693.98,28969881902.6,4651345554.03,425166039.17
2020-02-22 03:59:59.999000+00:00,176351271317.88,28894626301.43,4649691943.27,424947927.14
2020-02-22 15:59:59.999000+00:00,175694072987.62,28730185303.26,4652012910.64,420324615.0
2020-02-23 03:59:59.999000+00:00,177793135675.75,29084113793.71,4639483163.22,421238257.0
2020-02-23 15:59:59.999000+00:00,179263937472.47,29553689647.37,4634932396.41,419840315.67
2020-02-24 03:59:59.999000+00:00,178349051672.72,29530482231.74,4658146960.81,422751069.86
2020-02-24 15:59:59.999000+00:00,177440304909.18,29463292900.73,4666982960.0,424186292.61
2020-02-24 23:59:59.999000+00:00,175977808525.92,29131114036.58,4636796514.0,422121609.6
2020-02-25 11:59:59.999000+00:00,174698450036.13,28677725438.9,4616032122.19,421329684.84
2020-02-25 23:59:59.999000+00:00,170369581557.89,27223398194.71,4649118779.92,423578415.45
2020-02-26 11:59:59.999000+00:00,167211317677.74,25956589749.02,4641152301.96,423795381.54
2020-02-26 23:59:59.999000+00:00,160879489024.21,24794645345.32,4655096433.93,426520181.68
2020-02-27 11:59:59.999000+00:00,160551743254.92,24988152782.25,4636879077.85,425379779.9
2020-02-27 23:59:59.999000+00:00,160238496932.21,24915636230.77,4635002128.79,438638697.65
2020-02-28 07:59:59.999000+00:00,159195312505.72,24646991607.15,4648092557.35,438092593.51
2020-02-28 19:59:59.999000+00:00,156071475437.94,24423305805.03,4635776776.37,436166613.4
2020-02-29 07:59:59.999000+00:00,159466195178.85,25196671600.52,4646687201.04,439069712.59
2020-02-29 19:59:59.999000+00:00,158509571227.03,24817335631.02,4651508045.52,439599605.46
2020-03-01 07:59:59.999000+00:00,156118165926.09,24184824085.87,4639534196.88,439625873.48
2020-03-01 19:59:59.999000+00:00,156199473703.86,23872298698.13,4651272011.78,439929946.22
2020-03-02 07:59:59.999000+00:00,157593209035.59,24279808049.49,4649865802.76,437521589.17
2020-03-02 15:59:59.999000+00:00,160795557667.09,25045953253.23,4641625054.38,435794473.97
2020-03-03 03:59:59.999000+00:00,161739623391.82,25420979866.59,4630241569.68,449897301.4
2020-03-03 15:59:59.999000+00:00,160187449624.86,24668470528.89,4649583255.84,452442804.2
2020-03-04 03:59:59.999000+00:00,160759885023.74,24946317928.96,4652284753.24,462053377.54
2020-03-04 15:59:59.999000+00:00,159515971304.94,24527654141.43,4659170006.84,466221111.79
2020-03-05 03:59:59.999000+00:00,161990460923.28,24932054249.68,4643963399.66,462104024.94
2020-03-05 15:59:59.999000+00:00,166001262549.96,25447001370.32,4650575815.62,460586731.06
2020-03-05 23:59:59.999000+00:00,165731679917.87,25213804821.16,4654076713.84,459970199.77
2020-03-06 11:59:59.999000+00:00,167177176114.06,26445402686.26,4648792232.22,458830350.62
2020-03-06 23:59:59.999000+00:00,166548261959.54,26785082138.71,4635080376.66,458672760.11
2020-03-07 11:59:59.999000+00:00,166532449229.16,26871014596.58,4650892093.15,460204882.96
2020-03-07 23:59:59.999000+00:00,162684945902.62,26164459703.93,4643212804.94,459837844.06
2020-03-08 11:59:59.999000+00:00,159910268480.87,25492467398.8,4646796770.34,459508149.59
2020-03-08 23:59:59.999000+00:00,148060284561.07,22079071206.53,4687746177.08,464091836.61
2020-03-09 07:59:59.999000+00:00,144952223307.19,22720944305.61,4651331693.17,461494784.85
2020-03-09 19:59:59.999000+00:00,143619121984.33,21786787677.15,4646687276.57,456136332.14
2020-03-10 07:59:59.999000+00:00,144509937423.67,21936444645.92,4650940665.92,452826533.84
2020-03-10 19:59:59.999000+00:00,145123031111.64,22194851297.4,4634143992.13,450765902.59
2020-03-11 07:59:59.999000+00:00,143805837630.38,21979129378.35,4649462108.62,451857379.73
2020-03-11 19:59:59.999000+00:00,143067296452.72,21007974670.02,4646821628.12,463007284.85
2020-03-12 07:59:59.999000+00:00,137209612343.45,19329535233.42,4710859568.61,471090923.53
2020-03-12 15:59:59.999000+00:00,112151007465.28,15559504403.4,4646044033.67,462878491.79
2020-03-13 03:59:59.999000+00:00,94956387291.74,13769642439.35,4745690346.2,498436623.93
2020-03-13 15:59:59.999000+00:00,94298136347.91,13609355971.76,4646380338.51,519256865.55
2020-03-14 03:59:59.999000+00:00,102112345383.0,14794782470.75,4676931483.4,485593002.77
2020-03-14 15:59:59.999000+00:00,97818231476.69,14070564075.65,4663750473.95,557919285.71
2020-03-15 03:59:59.999000+00:00,95128247172.12,13455699554.69,4645303258.67,558270179.89
2020-03-15 11:59:59.999000+00:00,99555414430.83,13992131106.21,4655086864.44,558581063.39
2020-03-15 23:59:59.999000+00:00,98530059889.97,13787534423.16,4651590222.3,579058578.7
2020-03-16 11:59:59.999000+00:00,85084952962.59,11775299858.41,4711918779.24,608227702.09
2020-03-16 23:59:59.999000+00:00,91633478850.48,12180483052.61,4628458992.73,597953852.97
2020-03-17 11:59:59.999000+00:00,95401526582.09,12675686284.26,4595024835.47,590519594.4
2020-03-17 23:59:59.999000+00:00,95499941183.34,12549513954.5,4531625713.23,604380537.93
2020-03-18 11:59:59.999000+00:00,94354792387.04,12479528819.68,4652994193.19,623182695.65
2020-03-18 19:59:59.999000+00:00,95358029223.69,12538328715.07,4567684927.75,611229398.92
2020-03-19 07:59:59.999000+00:00,97600498103.1,12925112928.86,4577945394.93,614485694.22
2020-03-19 19:59:59.999000+00:00,113264546638.5,14948306384.2,4645561252.76,626157220.72
2020-03-20 07:59:59.999000+00:00,115465482999.55,15399558354.26,4635148411.28,647113572.93
2020-03-20 19:59:59.999000+00:00,113982073613.14,14643099235.49,4657749209.36,642244803.43
2020-03-21 07:59:59.999000+00:00,112652795919.92,14499930441.06,4653033072.23,664510860.38
2020-03-21 19:59:59.999000+00:00,113778939116.68,14663442610.68,4652412804.35,665727573.68
2020-03-22 03:59:59.999000+00:00,115330680752.72,14912932678.14,4620700043.52,661146499.07
2020-03-22 15:59:59.999000+00:00,111055998092.36,14172344985.02,4639340222.77,663389199.89
2020-03-23 03:59:59.999000+00:00,109342614136.21,13887266434.67,4661415427.3,666712301.64
2020-03-23 15:59:59.999000+00:00,113379789858.3,14200062883.07,4649626841.31,667098153.99
2020-03-24 03:59:59.999000+00:00,119841172608.12,14893844950.75,4667681802.16,669568700.58
2020-03-24 15:59:59.999000+00:00,120402895656.46,15034425682.68,4651939370.76,667594111.3
2020-03-25 03:59:59.999000+00:00,120301188978.29,15104412260.52,4649918240.34,685277612.88
2020-03-25 11:59:59.999000+00:00,119803637666.69,14929396573.78,4654226649.72,686506065.12
2020-03-25 23:59:59.999000+00:00,122174009142.91,15015344149.52,4635839581.21,683296387.01
2020-03-26 11:59:59.999000+00:00,121121462672.98,14950637320.71,4653284500.2,683587493.65
2020-03-26 23:59:59.999000+00:00,122834375215.51,15255985585.56,4635323588.72,677435271.45
2020-03-27 11:59:59.999000+00:00,122024669707.58,15107989785.76,4672753410.76,687102643.84
2020-03-27 23:59:59.999000+00:00,118336082172.4,14770071749.74,4704194842.13,691479724.39
2020-03-28 11:59:59.999000+00:00,114629897559.5,14217079870.57,4654936697.27,683625131.96
2020-03-28 19:59:59.999000+00:00,114210573295.21,14242207473.28,4660366694.03,684497580.08
2020-03-29 07:59:59.999000+00:00,112896843447.77,14301896114.19,4659571399.99,694076801.27
2020-03-29 19:59:59.999000+00:00,108717106026.65,13889015903.24,4652645176.76,678104920.51
2020-03-30 07:59:59.999000+00:00,114142780143.34,14366068801.18,4644836593.51,689343802.41
2020-03-30 19:59:59.999000+00:00,116701751372.6,14639977041.84,4664792503.36,692492918.43
2020-03-31 07:59:59.999000+00:00,118243763364.26,14605222527.28,6189386118.89,689776492.26
2020-03-31 19:59:59.999000+00:00,117679810532.75,14639544931.05,6140737494.18,682652969.33
2020-04-01 03:59:59.999000+00:00,116558488171.41,14684096288.36,6170237481.78,686601263.63
2020-04-01 15:59:59.999000+00:00,114700495131.57,14554024557.32,6196310975.14,689294969.54
2020-04-02 03:59:59.999000+00:00,120935236439.87,15071685743.89,6179405281.49,688616505.68
2020-04-02 15:59:59.999000+00:00,123921769724.43,15377229863.98,6153153400.48,684470375.52
2020-04-03 03:59:59.999000+00:00,124464530220.13,15704704249.42,6186600857.02,690852315.56
2020-04-03 15:59:59.999000+00:00,123072930735.58,15624227366.25,6161454135.61,687441479.71
2020-04-04 03:59:59.999000+00:00,122965127994.33,15528091974.2,6178094951.88,699214437.25
2020-04-04 11:59:59.999000+00:00,123514671555.96,15756852128.13,6211264135.79,702175029.76
2020-04-04 23:59:59.999000+00:00,125712834529.58,16029973618.09,6191457723.18,698932647.33
2020-04-05 11:59:59.999000+00:00,124263600590.15,15871957176.39,6181360770.64,697618102.42
2020-04-05 23:59:59.999000+00:00,124328853511.62,15847283514.12,6183665131.11,696526423.34
2020-04-06 11:59:59.999000+00:00,130264206660.4,17051955073.38,6193051577.57,693666518.81
2020-04-06 23:59:59.999000+00:00,133140400947.86,18674571701.05,6315440480.29,679546955.94
2020-04-07 07:59:59.999000+00:00,135098356663.3,19095417520.29,6361532039.81,681550895.79
2020-04-07 19:59:59.999000+00:00,133938363000.34,18814737759.13,6378319255.91,691279852.16
2020-04-08 07:59:59.999000+00:00,134299134203.39,18906748040.14,6360639443.27,686859287.45
2020-04-08 19:59:59.999000+00:00,133521669319.66,18808131288.76,6347816828.08,707452455.56
2020-04-09 07:59:59.999000+00:00,133871768185.56,18989984379.39,6342808634.45,707175227.73
2020-04-09 19:59:59.999000+00:00,133287978087.72,18803917457.95,6381522280.3,710615505.1
2020-04-10 07:59:59.999000+00:00,127201512628.04,17592737519.96,6374953089.3,707866762.56
2020-04-10 15:59:59.999000+00:00,124874666212.87,17158091519.23,6414662566.06,706720244.79
2020-04-11 03:59:59.999000+00:00,126467068971.19,17703541625.84,6366194697.5,705200408.41
2020-04-11 15:59:59.999000+00:00,125238578814.32,17449174629.58,6360005224.02,702496542.98
2020-04-12 03:59:59.999000+00:00,125085254986.86,17327884271.69,6377371283.13,703099251.5
2020-04-12 15:59:59.999000+00:00,128270589326.62,17904337094.21,6362485512.91,702173681.2
2020-04-13 03:59:59.999000+00:00,122629741188.8,16956650478.6,6379092311.75,702521532.99
2020-04-13 15:59:59.999000+00:00,124058641232.05,17049163640.83,6357625298.36,710728349.84
2020-04-13 23:59:59.999000+00:00,125422221237.3,17270031992.19,6363112437.06,719711883.52
2020-04-14 11:59:59.999000+00:00,125426540319.0,17335031452.18,6372517560.06,730685617.21
2020-04-14 23:59:59.999000+00:00,125388687977.16,17417697023.83,6340713383.08,728853775.77
2020-04-15 11:59:59.999000+00:00,124473282524.41,17413345898.45,6360711863.29,730531340.49
2020-04-15 23:59:59.999000+00:00,121731940639.42,16943501885.91,6358033897.6,729002170.57
2020-04-16 11:59:59.999000+00:00,128652803342.36,18728102489.68,6374857275.04,728060386.85
2020-04-16 23:59:59.999000+00:00,130445413270.0,19031693317.3,6378329269.07,729095204.07
2020-04-17 07:59:59.999000+00:00,130262477641.44,18867555601.21,6402646572.03,730379918.58
2020-04-17 19:59:59.999000+00:00,130279085242.76,18969682493.82,6393440176.27,731112010.82
2020-04-18 07:59:59.999000+00:00,131037081815.96,19242471548.78,6404017851.36,728898108.8
2020-04-18 19:59:59.999000+00:00,132530625128.7,20181611198.16,6371913079.73,724770574.28
2020-04-19 07:59:59.999000+00:00,132267300317.2,20306803308.14,6417151682.49,729157679.32
2020-04-19 19:59:59.999000+00:00,132268855129.45,20244193512.14,6423630504.33,729197145.15
2020-04-20 07:59:59.999000+00:00,132141518666.61,20329044623.2,6380961715.84,723267744.08
2020-04-20 15:59:59.999000+00:00,130068601882.79,19935479679.59,6381379903.98,722701378.42
2020-04-21 03:59:59.999000+00:00,126442531709.63,19153113715.84,6397122481.56,735309442.63
2020-04-21 15:59:59.999000+00:00,125748309879.7,18949703173.78,6392182475.6,727196674.49
2020-04-22 03:59:59.999000+00:00,126310504020.54,19082096938.74,6383336600.9,722591122.11
2020-04-22 15:59:59.999000+00:00,130779805904.36,20270722438.44,6391439635.94,723736739.36
2020-04-23 03:59:59.999000+00:00,131212871683.93,20407583436.88,6389222481.39,722537690.25
2020-04-23 15:59:59.999000+00:00,136768782294.46,20877684829.64,6324125251.13,714824282.13
2020-04-23 23:59:59.999000+00:00,136275638030.68,20472236139.3,6346351411.69,726970057.18
2020-04-24 11:59:59.999000+00:00,138293211372.67,20792174749.83,6397761274.51,734474560.51
2020-04-24 23:59:59.999000+00:00,138512029491.15,20940434736.7,6411491022.81,754808505.67
2020-04-25 11:59:59.999000+00:00,138995491121.9,21586376531.32,6396640735.57,753820750.89
2020-04-25 23:59:59.999000+00:00,138874072264.27,21637838416.55,6390799911.22,754368173.69
2020-04-26 11:59:59.999000+00:00,140062818472.79,21772986219.46,6356781493.16,749653071.86
2020-04-26 19:59:59.999000+00:00,139975890013.09,21668205359.28,6360796107.39,751472384.9
2020-04-27 03:59:59.999000+00:00,142250764558.54,21951462895.13,6387717996.76,751918258.11
2020-04-27 11:59:59.999000+00:00,141814272402.67,21754942862.63,6379301930.99,750381909.34
2020-04-27 23:59:59.999000+00:00,143040988589.58,21832392036.11,6387052315.09,750692089.62
2020-04-28 11:59:59.999000+00:00,142322659698.8,21810068771.49,6381158700.67,747991617.53
2020-04-28 23:59:59.999000+00:00,143266252261.34,21966890356.54,6410789504.29,731472166.93
2020-04-29 11:59:59.999000+00:00,148851513459.91,22946978053.8,6357583753.98,724784751.37
2020-04-29 23:59:59.999000+00:00,161522471384.79,24023887081.34,6412700243.13,725730674.29
2020-04-30 07:59:59.999000+00:00,169417813494.33,24619285595.58,6396573542.84,724833805.28
2020-04-30 19:59:59.999000+00:00,162850104379.63,23614770500.36,6394371312.29,725197370.33
2020-05-01 07:59:59.999000+00:00,161288299173.79,23641967904.41,6388230067.07,723831825.18
2020-05-01 19:59:59.999000+00:00,161049276411.54,23387632695.67,6409581084.82,710991765.65
2020-05-02 07:59:59.999000+00:00,162586841917.67,23648433208.46,6423227344.45,711802547.06
2020-05-02 19:59:59.999000+00:00,163481089526.29,23771834165.51,6389222816.74,710941844.01
2020-05-03 07:59:59.999000+00:00,166064729529.51,23897313240.66,6411855804.93,711705477.8
2020-05-03 15:59:59.999000+00:00,162271715716.64,23217235222.58,6396282364.92,708496850.62
2020-05-04 03:59:59.999000+00:00,161005662605.66,22750052457.83,6391364781.53,707183231.63
2020-05-04 15:59:59.999000+00:00,162665892333.39,22970917806.1,6387462087.21,707715457.1
2020-05-05 03:59:59.999000+00:00,163409639407.71,23064980845.17,6411906271.14,708039664.08
2020-05-05 15:59:59.999000+00:00,162954567443.54,22830459034.51,6400585322.0,707896316.07
2020-05-06 03:59:59.999000+00:00,165271388454.53,23123436857.81,6391281017.1,706180899.81
2020-05-06 15:59:59.999000+00:00,171307017468.97,23422532851.76,6417567820.47,710452945.16
2020-05-06 23:59:59.999000+00:00,170229620935.3,22613632877.1,6475090416.34,711940630.67
2020-05-07 11:59:59.999000+00:00,170742602280.27,22780683584.28,6396563316.52,707060812.29
2020-05-07 23:59:59.999000+00:00,182787376636.51,23528981906.01,6379446479.22,706891935.86
2020-05-08 11:59:59.999000+00:00,182105278534.68,23562055735.02,6387555204.58,709345436.65
2020-05-08 23:59:59.999000+00:00,180804859844.23,23609735113.43,6384977966.04,709059520.09
2020-05-09 11:59:59.999000+00:00,177019920348.28,23338230365.34,6355582014.48,705416672.42
2020-05-09 23:59:59.999000+00:00,176251395672.87,23458353557.96,6391680873.07,707731494.43
2020-05-10 07:59:59.999000+00:00,161949215291.53,21148308242.45,6356573387.83,706098615.46
2020-05-10 19:59:59.999000+00:00,156872441865.29,20649270971.53,6356444417.31,705337954.15
2020-05-11 07:59:59.999000+00:00,159476598298.58,20817036553.22,6373210050.37,706924224.5
2020-05-11 19:59:59.999000+00:00,160027705373.79,20729943927.47,6378905899.78,706783244.96
2020-05-12 07:59:59.999000+00:00,159191723512.23,20871149230.8,6366923757.19,706888547.16
2020-05-12 19:59:59.999000+00:00,163082657748.5,21115101683.43,6380603106.27,708458675.85
2020-05-13 07:59:59.999000+00:00,163412520591.95,21080747826.72,6371977106.77,706945723.87
2020-05-13 15:59:59.999000+00:00,167112457690.82,21832551924.64,6356228041.09,705607979.34
2020-05-14 03:59:59.999000+00:00,171142200549.72,22014526880.83,8781127824.27,708472110.85
2020-05-14 15:59:59.999000+00:00,177852244194.75,22398318842.89,8777162719.6,703041006.9
2020-05-15 03:59:59.999000+00:00,175083690093.73,22210395236.21,8829161440.9,708568493.36
2020-05-15 15:59:59.999000+00:00,174282016057.05,21938151030.92,8821165511.83,708531602.31
2020-05-16 03:59:59.999000+00:00,172899698352.32,22053670809.08,8805690963.54,706195059.15
2020-05-16 15:59:59.999000+00:00,172615043436.44,22275144647.27,8817358556.33,707885836.07
2020-05-16 23:59:59.999000+00:00,172340956578.57,22266558227.07,8799772954.75,705770466.44
2020-05-17 11:59:59.999000+00:00,175069832970.85,22387330895.55,8818171749.21,707475534.55
2020-05-17 23:59:59.999000+00:00,177745404470.09,22988575488.5,8812055307.36,707365371.71
2020-05-18 11:59:59.999000+00:00,176673279610.5,23429043468.37,8762112555.79,704261403.35
2020-05-18 23:59:59.999000+00:00,178779483463.62,23808928396.24,8809951434.18,707164425.93
2020-05-19 11:59:59.999000+00:00,179483688115.74,23736574757.83,8851041800.25,709082225.03
2020-05-19 19:59:59.999000+00:00,177784638888.64,23593201092.74,8811010731.85,706800447.85
2020-05-20 07:59:59.999000+00:00,179086127329.59,23653909902.35,8776437082.08,704962728.81
2020-05-20 19:59:59.999000+00:00,175202820688.71,23286753396.8,8795349477.77,706179714.7
2020-05-21 07:59:59.999000+00:00,174249555061.5,23305792082.91,8843708201.8,708742924.07
2020-05-21 19:59:59.999000+00:00,166608890074.0,22034181630.55,8779551824.42,705898668.34
2020-05-22 07:59:59.999000+00:00,167157997557.31,22436071397.27,8798367424.02,706516094.03
2020-05-22 19:59:59.999000+00:00,168894638393.53,23010129619.61,8811252498.22,708286152.3
2020-05-23 03:59:59.999000+00:00,170778408600.42,23258330386.0,8811661562.17,706990871.46
2020-05-23 15:59:59.999000+00:00,168959728916.99,23009731622.62,8805449192.33,707475469.01
2020-05-24 03:59:59.999000+00:00,169247810027.88,23291609343.54,8815706619.21,707255242.74
2020-05-24 15:59:59.999000+00:00,166991077662.85,22921784770.9,8805990321.1,706770010.25
2020-05-25 03:59:59.999000+00:00,161393507448.89,22438532834.87,8764404230.86,705116302.43
2020-05-25 15:59:59.999000+00:00,161375268938.23,22606911015.09,8803381934.69,705744482.7
2020-05-26 03:59:59.999000+00:00,163754798328.28,22844828602.64,8817573905.79,706137266.14
2020-05-26 11:59:59.999000+00:00,163389056676.55,22565764287.57,8807153218.15,706841122.5
2020-05-26 23:59:59.999000+00:00,162445535235.11,22429962991.43,8780541726.08,745730540.74
2020-05-27 11:59:59.999000+00:00,167887707091.65,23005026282.32,8819163749.57,734876455.41
2020-05-27 23:59:59.999000+00:00,168814700531.39,23206144127.45,8838137761.54,736647568.87
2020-05-28 11:59:59.999000+00:00,169718467716.13,23126016666.01,8787318064.46,734552279.45
2020-05-28 23:59:59.999000+00:00,175161235290.3,24428738046.94,8808209446.0,738416889.8
2020-05-29 11:59:59.999000+00:00,172921775991.63,24301567041.82,8801851182.26,740214712.68
2020-05-29 19:59:59.999000+00:00,173159273105.24,24365993606.87,8804778877.19,742926049.84
2020-05-30 07:59:59.999000+00:00,175770638067.1,25681741563.98,8810171259.48,743387212.34
2020-05-30 19:59:59.999000+00:00,175633699820.06,26229469344.14,8788401872.39,743382005.57
2020-05-31 07:59:59.999000+00:00,175829836671.4,26414807582.3,8765136801.69,741942420.86
2020-05-31 19:59:59.999000+00:00,175044597217.94,26185986037.54,8787901821.81,728396778.3
2020-06-01 07:59:59.999000+00:00,175809847861.29,26510471593.95,8794534867.54,727997684.52
2020-06-01 19:59:59.999000+00:00,176296884955.64,26381008343.99,8799350830.33,726950853.15
2020-06-02 03:59:59.999000+00:00,185861927101.47,27483590149.82,8819711141.78,738567082.82
2020-06-02 15:59:59.999000+00:00,174895623680.46,26076398463.23,9190428771.98,735648778.28
2020-06-03 03:59:59.999000+00:00,174790574608.13,26209827561.29,9193354687.74,736407187.06
2020-06-03 15:59:59.999000+00:00,176080979633.07,26500668394.75,9197102264.01,733143285.77
2020-06-04 03:59:59.999000+00:00,178094178274.48,27292319711.81,9200955754.2,732787875.46
2020-06-04 15:59:59.999000+00:00,179470904051.68,27098158353.34,9181607397.82,731561815.88
2020-06-05 03:59:59.999000+00:00,180085447923.85,27090007952.94,9207178202.39,736253949.53
2020-06-05 11:59:59.999000+00:00,178351640240.39,27114283247.15,9210611534.08,736978039.96
2020-06-05 23:59:59.999000+00:00,177801825144.89,26830954614.33,9215795901.84,737098009.8
2020-06-06 11:59:59.999000+00:00,178215190023.14,27067534218.15,9198600433.85,736013943.55
2020-06-06 23:59:59.999000+00:00,177595657884.17,26913140925.06,9181588926.83,733062334.93
2020-06-07 11:59:59.999000+00:00,177014500432.86,26758276152.44,9224857710.22,736217488.14
2020-06-07 23:59:59.999000+00:00,179540253701.41,27276459502.4,9215681003.7,735558465.33
2020-06-08 11:59:59.999000+00:00,179340391396.16,27211575032.81,9210035769.23,735476506.51
2020-06-08 19:59:59.999000+00:00,178617642932.79,27034808330.1,9209792785.35,737401768.69
2020-06-09 07:59:59.999000+00:00,178477181480.73,27186195798.97,9214764636.6,739243285.47
2020-06-09 19:59:59.999000+00:00,178856820829.59,27075130065.92,9189637342.08,740695784.39
2020-06-10 07:59:59.999000+00:00,179937540072.72,27289833154.19,9224086937.41,743010651.56
2020-06-10 19:59:59.999000+00:00,181984244382.37,27526676437.32,9233024778.18,741915835.16
2020-06-11 07:59:59.999000+00:00,180558011445.28,27440711319.69,9207290327.49,730996030.71
2020-06-11 15:59:59.999000+00:00,176630514987.09,26818269923.82,9246084719.82,738279168.05
2020-06-12 03:59:59.999000+00:00,172878482535.06,26101650719.5,9201310926.58,734127494.2
2020-06-12 15:59:59.999000+00:00,173616094943.97,26328965946.28,9188083089.19,732774561.0
2020-06-13 03:59:59.999000+00:00,173808415331.06,26380857867.1,9216653979.95,733542728.07
2020-06-13 15:59:59.999000+00:00,174106521135.13,26492455980.72,9212390612.17,733210145.45
2020-06-14 03:59:59.999000+00:00,173982664809.22,26547592544.62,9213183874.98,733840066.46
2020-06-14 15:59:59.999000+00:00,173795320361.57,26311869094.63,9218477858.23,734391091.35
2020-06-14 23:59:59.999000+00:00,172763239787.2,26069111857.07,9238040026.25,735592843.57
2020-06-15 11:59:59.999000+00:00,168096704855.67,25001831645.22,9196416655.52,733459886.5
2020-06-15 23:59:59.999000+00:00,173947607771.73,25606145743.41,9208004586.62,732922437.31
2020-06-16 11:59:59.999000+00:00,175134137709.82,26191015557.94,9210831127.27,732996429.63
2020-06-16 23:59:59.999000+00:00,175563963385.48,26109047391.73,9191048183.1,732354854.38
2020-06-17 11:59:59.999000+00:00,174700318205.44,26057795779.5,9194495159.98,733142404.27
2020-06-17 23:59:59.999000+00:00,174508805561.14,25957610763.51,9191412080.22,733108840.18
2020-06-18 07:59:59.999000+00:00,173663700789.28,26003199248.13,9187817860.76,732949471.99
2020-06-18 19:59:59.999000+00:00,172972832986.25,25780972328.23,9202000413.88,733137266.91
2020-06-19 07:59:59.999000+00:00,171594587132.1,25377214988.23,9179276859.74,734808295.75
2020-06-19 19:59:59.999000+00:00,171745669672.68,25438331910.12,9156624874.69,731992246.14
2020-06-20 07:59:59.999000+00:00,171247915810.68,25599265522.71,9177445441.43,733622237.98
2020-06-20 19:59:59.999000+00:00,170805041019.24,25400566567.92,9185536275.36,731991208.25
2020-06-21 07:59:59.999000+00:00,172630626649.51,25825875998.05,9213655012.03,733164631.53
2020-06-21 15:59:59.999000+00:00,172813322569.03,25804260790.34,9221817349.57,734024800.1
2020-06-22 03:59:59.999000+00:00,172385088195.83,26031078433.84,9171381934.28,731829013.21
2020-06-22 15:59:59.999000+00:00,173952132557.13,26657134563.63,9145369289.18,730183550.03
2020-06-23 03:59:59.999000+00:00,177064983616.23,26910049082.6,9165171247.04,923188078.35
2020-06-23 15:59:59.999000+00:00,177940706321.91,27145321686.45,9180620710.01,925614879.16
2020-06-24 03:59:59.999000+00:00,177841175815.85,27367007970.23,9208937055.59,928896725.61
2020-06-24 15:59:59.999000+00:00,170879622827.88,26014021163.48,9193817294.39,930665887.72
2020-06-24 23:59:59.999000+00:00,171498781279.93,26285822239.15,9190776521.66,928547024.2
2020-06-25 11:59:59.999000+00:00,169470341845.2,26002915617.98,9156064550.4,923588494.95
2020-06-25 23:59:59.999000+00:00,170608289503.76,25973707946.18,9188929329.5,926977218.08
2020-06-26 11:59:59.999000+00:00,169196791610.13,25736374398.02,9187395715.03,928089908.37
2020-06-26 23:59:59.999000+00:00,168741367621.97,25611500297.15,9178402109.09,926770867.24
2020-06-27 11:59:59.999000+00:00,168810094194.72,25655155345.14,9192568024.02,927555911.77
2020-06-27 23:59:59.999000+00:00,166584831506.25,24866429444.81,9225029697.57,930464300.04
2020-06-28 07:59:59.999000+00:00,166359565249.59,24697428103.46,9197708026.55,929455564.79
2020-06-28 19:59:59.999000+00:00,168259337547.03,25212261895.01,9203958465.68,927469738.04
2020-06-29 07:59:59.999000+00:00,168160317294.49,24999506141.96,9232744250.52,931535014.61
2020-06-29 19:59:59.999000+00:00,168693619702.69,25342898008.4,9210832823.83,928647758.64
2020-06-30 07:59:59.999000+00:00,168216610398.53,25357494115.98,9192764663.95,926790252.94
2020-06-30 19:59:59.999000+00:00,169292588059.27,25288217745.09,9239212890.29,932330076.67
2020-07-01 03:59:59.999000+00:00,167907673921.95,25232008963.3,9179868413.64,927270067.28
2020-07-01 15:59:59.999000+00:00,170231409570.91,25548701353.29,9191910501.57,926464242.13
2020-07-02 03:59:59.999000+00:00,170028296634.76,25805774680.57,9192160418.8,925978805.05
2020-07-02 15:59:59.999000+00:00,167852716856.03,25321393824.1,9216670170.94,930025875.68
2020-07-03 03:59:59.999000+00:00,168030293396.11,25346808941.18,9210607457.55,1013616311.34
2020-07-03 15:59:59.999000+00:00,167876789272.58,25338178744.05,9184652467.6,1011388928.67
2020-07-04 03:59:59.999000+00:00,167235430582.06,25223230645.71,9173925282.63,1029625785.84
2020-07-04 11:59:59.999000+00:00,167055929894.86,25199785515.08,9183355510.78,1030609765.5
2020-07-04 23:59:59.999000+00:00,168251076677.96,25570190314.92,9197892701.14,1031489115.58
2020-07-05 11:59:59.999000+00:00,166576794427.4,25173126552.2,9183649581.11,1030920084.69
2020-07-05 23:59:59.999000+00:00,167181726153.67,25415950648.57,9177873625.94,1029539264.88
2020-07-06 11:59:59.999000+00:00,169598631492.96,26184363038.04,9194636012.07,1040467878.1
2020-07-06 23:59:59.999000+00:00,172746103840.16,26964937043.23,9190162858.45,1039654961.51
2020-07-07 11:59:59.999000+00:00,170747051068.36,26519585328.26,9184596608.81,1038929072.47
2020-07-07 19:59:59.999000+00:00,170444161873.17,26607328378.74,9192827194.48,1039243673.95
2020-07-08 07:59:59.999000+00:00,170833677289.64,26848788221.67,9167429973.3,1037266281.51
2020-07-08 19:59:59.999000+00:00,173614085505.92,27695528940.5,9176680549.12,1058221898.6
2020-07-09 07:59:59.999000+00:00,173173297446.75,27541097991.79,9182127205.57,1061831101.38
2020-07-09 19:59:59.999000+00:00,170353774729.73,26874886994.8,9208709581.22,1075089466.75
2020-07-10 07:59:59.999000+00:00,169051309469.19,26619534374.44,9208671258.47,1094561590.02
2020-07-10 19:59:59.999000+00:00,170250161346.87,26804411203.98,9202555405.97,1094960238.99
2020-07-11 03:59:59.999000+00:00,170417716434.51,26832281806.34,9168955385.76,1101054481.64
2020-07-11 15:59:59.999000+00:00,169946163628.37,26758686122.21,9184880347.68,1100878841.71
2020-07-12 03:59:59.999000+00:00,171037310759.42,26928893669.93,9197256556.66,1103042638.36
2020-07-12 15:59:59.999000+00:00,170137283239.87,26620209401.09,9203811343.05,1102809895.56
2020-07-13 03:59:59.999000+00:00,170795216357.92,26979226203.47,9182168705.41,1099794141.19
2020-07-13 15:59:59.999000+00:00,170761326450.38,27036570027.41,9152963671.45,1098052841.3
2020-07-14 03:59:59.999000+00:00,169943577612.82,26693523339.67,9189801451.01,1100600057.07
2020-07-14 11:59:59.999000+00:00,169927708658.74,26839807680.51,9181586736.9,1095693698.21
2020-07-14 23:59:59.999000+00:00,170380670524.83,26846147251.42,9179226233.3,1095116621.09
2020-07-15 11:59:59.999000+00:00,169996455686.89,26722290814.9,9189042260.95,1095235724.07
2020-07-15 23:59:59.999000+00:00,169460074575.96,26649577378.43,9182879622.23,1101510121.93
2020-07-16 11:59:59.999000+00:00,167926047994.62,25982749660.28,9209110576.14,1105019759.91
2020-07-16 23:59:59.999000+00:00,168350501976.25,26118155895.48,9187808439.99,1099136354.33
2020-07-17 11:59:59.999000+00:00,168216927577.33,26035990412.03,9169884329.32,1103081089.0
2020-07-17 19:59:59.999000+00:00,168785442582.66,26110703478.93,9209781485.22,1098305259.83
2020-07-18 07:59:59.999000+00:00,168313110415.43,26077642732.18,9179656148.07,1098749201.67
2020-07-18 19:59:59.999000+00:00,168757425364.19,26328679659.19,9172575251.39,1097826402.03
2020-07-19 07:59:59.999000+00:00,168727299533.06,26237974620.24,9183721889.99,1120782689.95
2020-07-19 19:59:59.999000+00:00,168365599276.15,26232816879.83,9161483815.09,1116214869.95
2020-07-20 07:59:59.999000+00:00,168931341633.47,26633289309.61,9173510636.93,1118172960.58
2020-07-20 19:59:59.999000+00:00,168695064767.16,26321736217.94,9174155903.77,1118364635.76
2020-07-21 03:59:59.999000+00:00,169024981281.21,26478267848.39,9170911430.07,1103250510.99
2020-07-21 15:59:59.999000+00:00,172279224254.15,27231404450.26,9194967971.55,1110975166.57
2020-07-22 03:59:59.999000+00:00,172697175836.2,27368662416.41,9190392592.79,1113282882.83
2020-07-22 15:59:59.999000+00:00,172366603294.77,27358799080.01,9195034044.78,1112483456.56
2020-07-23 03:59:59.999000+00:00,175209582839.35,29445035088.02,10004121001.06,1113673274.72
2020-07-23 15:59:59.999000+00:00,175464430997.35,29968503732.31,9995085380.21,1114452658.41
2020-07-23 23:59:59.999000+00:00,176680237480.01,30733019165.36,9980086462.63,1105697237.27
2020-07-24 11:59:59.999000+00:00,175621129564.57,30716368476.55,9995196799.07,1103578668.99
2020-07-24 23:59:59.999000+00:00,175875016548.44,31243266715.64,9988158017.44,1102545969.25
2020-07-25 11:59:59.999000+00:00,176647081000.45,31634073786.57,10009335379.53,1102924947.76
2020-07-25 23:59:59.999000+00:00,178469614078.31,34027002730.23,9978842677.7,1101566231.26
2020-07-26 11:59:59.999000+00:00,183640296254.92,34488275012.62,9966116465.51,1118185561.64
2020-07-26 23:59:59.999000+00:00,182685328095.43,34656472192.8,9986931175.6,1159911791.36
2020-07-27 07:59:59.999000+00:00,187891921608.3,36095267959.41,10012908711.98,1177928123.47
2020-07-27 19:59:59.999000+00:00,198093401712.33,36187598332.26,9985171343.81,1164434599.22
2020-07-28 07:59:59.999000+00:00,200634726312.31,35369457076.87,10004647672.78,1166769561.13
2020-07-28 19:59:59.999000+00:00,202549816604.74,35574836415.99,9992989920.86,1152310281.92
2020-07-29 07:59:59.999000+00:00,203343255086.89,35971700791.61,10006649255.78,1163305693.52
2020-07-29 19:59:59.999000+00:00,206411542341.09,35985026621.44,10003282899.62,1155089793.15
2020-07-30 07:59:59.999000+00:00,201563098842.22,35663050230.75,10019247225.82,1160401353.5
2020-07-30 15:59:59.999000+00:00,202936395244.28,35665656476.25,9991943448.6,1159503775.97
2020-07-31 03:59:59.999000+00:00,202706193319.56,36949113251.28,10008458146.65,1140452162.32
2020-07-31 15:59:59.999000+00:00,208919933866.44,38501398820.46,10011590201.59,1132828010.99
2020-08-01 03:59:59.999000+00:00,209500414306.48,39345734962.75,9997499316.72,1082019789.62
2020-08-01 15:59:59.999000+00:00,214023087730.77,39963292085.02,9988655333.5,1075000937.45
2020-08-02 03:59:59.999000+00:00,219849585736.19,45251304817.71,9939595262.36,1086187055.82
2020-08-02 15:59:59.999000+00:00,204478838901.22,41182486254.44,9988982166.56,1090429486.63
2020-08-02 23:59:59.999000+00:00,203936136729.63,41522323563.26,9976732913.64,1087685514.86
2020-08-03 11:59:59.999000+00:00,206264111717.13,43533595429.87,9961806720.94,1082865801.21
2020-08-03 23:59:59.999000+00:00,207503423455.96,43277729882.11,10012354746.61,1077457870.97
2020-08-04 11:59:59.999000+00:00,205540508601.99,43214331634.2,10018043990.62,1076214942.56
2020-08-04 23:59:59.999000+00:00,206767135617.32,43684129571.52,10002214391.76,1076313037.13
2020-08-05 11:59:59.999000+00:00,210947099822.43,44469734498.09,10008054640.62,1076604737.17
2020-08-05 23:59:59.999000+00:00,216761492405.85,45002213068.82,10029107934.8,1075606971.81
2020-08-06 07:59:59.999000+00:00,214983431129.02,44361955562.41,10029007105.93,1073430402.01
2020-08-06 19:59:59.999000+00:00,218964735259.34,44509125777.03,10016302096.03,1090963533.34
2020-08-07 07:59:59.999000+00:00,217644845010.64,44242938686.15,10018094125.41,1089858795.74
2020-08-07 19:59:59.999000+00:00,212376199667.07,41915174609.96,10019138013.04,1106608581.11
2020-08-08 07:59:59.999000+00:00,214422194164.55,42710617326.78,10028575193.05,1117216251.2
2020-08-08 19:59:59.999000+00:00,216506280177.0,43770936022.97,10033423020.42,1145716351.11
2020-08-09 07:59:59.999000+00:00,216094298108.83,44376448389.54,10018349206.44,1142991513.28
2020-08-09 15:59:59.999000+00:00,214277802130.34,43476791519.45,10026221243.92,1144720327.62
2020-08-10 03:59:59.999000+00:00,221635467125.65,44627551620.82,10037291238.62,1144620343.25
2020-08-10 15:59:59.999000+00:00,220023105782.21,44477735679.25,10011940579.67,1142243568.66
2020-08-11 03:59:59.999000+00:00,218541542241.68,44231503504.74,10014661037.71,1122842480.52
2020-08-11 15:59:59.999000+00:00,212900300408.37,43069076496.62,10023291447.61,1121532290.5
2020-08-12 03:59:59.999000+00:00,209986329487.29,42216219466.68,9982221279.17,1129558333.15
2020-08-12 11:59:59.999000+00:00,212282649908.75,42901535431.93,10036438930.51,1130894509.56
2020-08-12 23:59:59.999000+00:00,213846666475.05,43855501071.61,10136107643.6,1152688473.24
2020-08-13 11:59:59.999000+00:00,213457773791.2,44230433643.38,10143137254.32,1159211206.62
2020-08-13 23:59:59.999000+00:00,217534728412.95,44230433643.38,10200284776.0,1180454548.83
2020-08-14 11:59:59.999000+00:00,217358366354.31,44230433643.38,10090644281.78,1204360543.65
2020-08-14 23:59:59.999000+00:00,217265120502.9,44230433643.38,10008456536.94,1201606198.83
2020-08-15 11:59:59.999000+00:00,219005955719.82,48836145584.53,10018549737.27,1202202966.97
2020-08-15 19:59:59.999000+00:00,218673396698.52,48601159501.03,10002514855.82,1197841487.7
2020-08-16 07:59:59.999000+00:00,219174276127.36,47937709213.44,9993302235.55,1198801777.5
2020-08-16 19:59:59.999000+00:00,218460224060.22,48292409997.28,10027723700.8,1199169393.05
2020-08-17 07:59:59.999000+00:00,218284534899.04,47723929971.54,10025208112.62,1218103796.6
2020-08-17 19:59:59.999000+00:00,226925190682.73,48936859763.08,9978827619.45,1213982404.25
2020-08-18 07:59:59.999000+00:00,226426800636.02,48225460619.66,10014248647.06,1227243688.94
2020-08-18 19:59:59.999000+00:00,221730458302.83,47720337996.89,10013886756.62,1247252909.38
2020-08-19 03:59:59.999000+00:00,219987621055.27,46956429158.42,10052685497.31,1249647025.69
2020-08-19 15:59:59.999000+00:00,217542172832.48,46171522720.85,10028282154.57,1230577006.3
2020-08-20 03:59:59.999000+00:00,216629434880.76,45776258255.07,10020876552.02,1290658212.75
2020-08-20 15:59:59.999000+00:00,219079253500.71,46635900685.32,9998464235.16,1281397945.3
2020-08-21 03:59:59.999000+00:00,219125798343.9,46648875729.18,9987625479.23,1302997186.84
2020-08-21 15:59:59.999000+00:00,217306811559.17,45606872046.17,10013559012.72,1302575450.14
2020-08-22 03:59:59.999000+00:00,212631380461.42,43482934056.83,10025972954.38,1336109491.29
2020-08-22 11:59:59.999000+00:00,213791746417.98,43814067003.91,10015651344.98,1332775925.02
2020-08-22 23:59:59.999000+00:00,215742068894.99,44448918221.58,10007777119.68,1331176244.0
2020-08-23 11:59:59.999000+00:00,213802693498.54,43269524798.86,10027947265.63,1351921316.71
2020-08-23 23:59:59.999000+00:00,215439967321.34,43954518396.19,10021671716.5,1349648002.87
2020-08-24 11:59:59.999000+00:00,217588306534.61,45626545379.1,9998007401.53,1348692834.18
2020-08-24 23:59:59.999000+00:00,217477962650.25,45842265022.62,10017974469.79,1357585346.99
2020-08-25 11:59:59.999000+00:00,214997926978.63,44520027549.4,10013766717.08,1357548584.39
2020-08-25 19:59:59.999000+00:00,209621332526.52,42957983124.63,10017981741.79,1377075775.8
2020-08-26 07:59:59.999000+00:00,210014396471.7,42932014204.9,10017550200.35,1376679505.76
2020-08-26 19:59:59.999000+00:00,212194758303.47,43490589693.66,10014028929.44,1376621841.04
2020-08-27 07:59:59.999000+00:00,210962246290.65,43401070018.55,10012553533.65,1396772215.65
2020-08-27 19:59:59.999000+00:00,208090688004.92,42575422885.85,10013402864.79,1375898717.21
2020-08-28 07:59:59.999000+00:00,210660668643.9,43594978706.14,10024117593.28,1441964794.47
2020-08-28 19:59:59.999000+00:00,212921265201.83,44625525421.73,10023017588.12,1410602358.43
2020-08-29 03:59:59.999000+00:00,212821525102.81,44408802892.65,10019507244.67,1420638237.2
2020-08-29 15:59:59.999000+00:00,212614518825.75,45150840156.41,10019134431.58,1454546125.96
2020-08-30 03:59:59.999000+00:00,214653189720.28,45548523301.74,10007568753.14,1465327135.37
2020-08-30 15:59:59.999000+00:00,214799613422.79,46843764574.26,10025256410.83,1471874391.28
2020-08-31 03:59:59.999000+00:00,216067805011.67,47848424585.57,10017313148.91,1467864732.04
2020-08-31 15:59:59.999000+00:00,217159913123.84,48829079724.84,13347683178.74,1476729865.49
2020-09-01 03:59:59.999000+00:00,216145573191.58,49844198048.21,13449376740.84,1475429459.47
2020-09-01 11:59:59.999000+00:00,220038632482.93,52725862982.22,13478802450.79,1473855584.04
2020-09-01 23:59:59.999000+00:00,221181001606.84,53633933560.14,13483837146.32,1518200791.81
2020-09-02 11:59:59.999000+00:00,210883950506.39,49710669608.22,13437722480.13,1520859688.81
2020-09-02 23:59:59.999000+00:00,210909793680.92,49478789434.88,13648663243.32,1517343080.95
2020-09-03 11:59:59.999000+00:00,208300525917.25,47800416057.38,13684273593.38,1541229703.75
2020-09-03 23:59:59.999000+00:00,189322069063.35,43370721325.69,13827028753.68,1585650699.68
2020-09-04 07:59:59.999000+00:00,190552720720.93,43528460338.73,13784318558.45,1584806612.77
2020-09-04 19:59:59.999000+00:00,195743162544.96,44051269731.82,13966866881.82,1625885399.45
2020-09-05 07:59:59.999000+00:00,192811506876.58,42896753087.02,14103860835.93,1670970839.23
2020-09-05 19:59:59.999000+00:00,184155799553.82,36301505502.42,14157452640.26,1703773491.71
2020-09-06 07:59:59.999000+00:00,189455995816.47,38261072718.74,14144428435.03,1735272908.9
2020-09-06 19:59:59.999000+00:00,190020895256.78,39905588148.92,14147593275.07,1725772678.1
2020-09-07 07:59:59.999000+00:00,187392476271.24,38816960273.41,14176241175.47,1740810316.79
2020-09-07 15:59:59.999000+00:00,187941040023.75,38944249180.98,14171772131.39,1769544137.47
2020-09-08 03:59:59.999000+00:00,190923262726.59,39372738330.56,14235780466.73,1788601369.5
2020-09-08 15:59:59.999000+00:00,186771282873.89,38431926414.14,14212459693.15,1812671092.51
2020-09-09 03:59:59.999000+00:00,185551554547.43,37608141502.36,14342442613.28,1793881240.03
2020-09-09 15:59:59.999000+00:00,190124366018.78,39838300727.72,14361753925.79,1811462125.1
2020-09-10 03:59:59.999000+00:00,191922265213.42,41621682981.29,14464874717.21,1833447934.33
2020-09-10 15:59:59.999000+00:00,192424920280.86,41731201921.36,14470011685.33,1841555598.88
2020-09-10 23:59:59.999000+00:00,191568387061.56,41430053162.4,14452950930.7,1849355010.01
2020-09-11 11:59:59.999000+00:00,190332199051.61,40909042068.76,14611952975.22,1870497492.73
2020-09-11 23:59:59.999000+00:00,192275791668.54,42177302259.5,14594441178.28,1914163368.18
2020-09-12 11:59:59.999000+00:00,191568915157.59,42035936939.88,14792048112.71,1966849385.9
2020-09-12 23:59:59.999000+00:00,193049493276.6,43588199421.82,14702420808.54,1954647247.48
2020-09-13 11:59:59.999000+00:00,191653034252.84,42118039980.75,14742174704.02,1998200644.16
2020-09-13 23:59:59.999000+00:00,190870759062.08,41160025962.33,14697754457.72,1994741743.38
2020-09-14 07:59:59.999000+00:00,191730080319.2,41528708035.79,14693752386.24,1995536017.8
2020-09-14 19:59:59.999000+00:00,197750642292.09,42321380381.14,14748775233.14,2016486360.03
2020-09-15 07:59:59.999000+00:00,198858192350.41,42349355065.06,14741201005.83,2037303635.57
2020-09-15 19:59:59.999000+00:00,199476346532.86,41116575140.1,14926893730.29,1994827687.89
2020-09-16 07:59:59.999000+00:00,201861731622.96,41191070581.46,14976768255.36,2075876633.96
2020-09-16 19:59:59.999000+00:00,203488747980.93,41233812560.34,15001215825.72,2032818300.2
2020-09-17 07:59:59.999000+00:00,201525395482.67,42845201080.09,15070670103.04,2093480528.2
2020-09-17 15:59:59.999000+00:00,200743700696.87,42860946790.84,15070518178.3,2093657010.63
2020-09-18 03:59:59.999000+00:00,202453960269.43,43685334545.0,15125638333.27,2109404076.3
2020-09-18 15:59:59.999000+00:00,202129720303.33,43143319457.77,15137953460.67,2187989848.61
2020-09-19 03:59:59.999000+00:00,203072221341.49,43151794095.82,15219241782.44,2174224245.68
2020-09-19 15:59:59.999000+00:00,205516845640.83,43403499584.06,15232845765.13,2242127881.28
2020-09-20 03:59:59.999000+00:00,202742811880.11,43090577576.2,15228442720.94,2282146371.73
2020-09-20 15:59:59.999000+00:00,201038778834.84,41950549719.71,15246355422.57,2324220247.7
2020-09-20 23:59:59.999000+00:00,202308927892.36,41812641074.35,15238740759.82,2322713231.63
2020-09-21 11:59:59.999000+00:00,196721552642.34,39712780421.69,15202396881.27,2342449569.39
2020-09-21 23:59:59.999000+00:00,193514327128.3,38519366614.99,15243875313.14,2392455438.75
2020-09-22 11:59:59.999000+00:00,193797523110.6,38365155175.7,15254471294.11,2392684743.44
2020-09-22 23:59:59.999000+00:00,194932197947.44,38830213877.78,15233945625.12,2391425432.43
2020-09-23 11:59:59.999000+00:00,193997658671.58,38271945403.25,15227539174.84,2391687496.36
2020-09-23 23:59:59.999000+00:00,189529920746.47,36196531454.28,15218786101.83,2414047115.17
2020-09-24 07:59:59.999000+00:00,191299369296.67,36824361105.58,15214914427.09,2438689694.89
2020-09-24 19:59:59.999000+00:00,197080051348.59,39028207183.22,15240473195.16,2459685058.0
2020-09-25 07:59:59.999000+00:00,197953152912.98,38736867274.71,15239341676.69,2503818006.58
2020-09-25 19:59:59.999000+00:00,198255235167.25,39952068501.38,15242266858.88,2506293482.51
2020-09-26 07:59:59.999000+00:00,198223447656.44,39641458900.75,15298689779.79,2507794407.0
2020-09-26 19:59:59.999000+00:00,198390666696.21,39732946211.85,15302267753.0,2507443286.19
2020-09-27 03:59:59.999000+00:00,199479123318.42,40546680808.82,15276288590.23,2528759826.71
2020-09-27 15:59:59.999000+00:00,199088337378.1,40188612655.22,15354961561.81,2533532919.37
2020-09-28 03:59:59.999000+00:00,201751376709.33,40443053589.74,15411393951.37,2597704920.1
2020-09-28 15:59:59.999000+00:00,201795135508.45,41178307254.48,15406177699.28,2597801535.96
2020-09-29 03:59:59.999000+00:00,198021852394.41,39988411833.03,15408172742.17,2540770796.99
2020-09-29 15:59:59.999000+00:00,198867299536.47,40160394390.64,15472239502.79,2538458624.49
2020-09-30 03:59:59.999000+00:00,199336029086.63,40249317062.43,15471130022.23,2534641260.77
2020-09-30 11:59:59.999000+00:00,197839671384.05,39936368207.05,15468712551.74,2534023168.74
2020-09-30 23:59:59.999000+00:00,199556965503.78,40606130497.97,15522531377.9,2526168012.59
2020-10-01 11:59:59.999000+00:00,202089175019.12,41590888522.43,15521695647.67,2508063614.51
2020-10-01 23:59:59.999000+00:00,196512086756.28,39851388059.38,15512206826.41,2513034485.5
2020-10-02 11:59:59.999000+00:00,193549389830.14,38172199271.67,15520949527.71,2533198083.16
2020-10-02 23:59:59.999000+00:00,195716085732.4,39069960289.62,15556085822.47,2541975629.84
2020-10-03 11:59:59.999000+00:00,195127833197.57,39297152899.9,15599755733.51,2589553395.64
2020-10-03 19:59:59.999000+00:00,195997480723.77,39589784374.51,15601545281.04,2631597998.3
2020-10-04 07:59:59.999000+00:00,196506488988.92,39393783752.49,15601175513.41,2634063051.14
2020-10-04 19:59:59.999000+00:00,197591071382.45,39854503173.7,15599652397.71,2640451250.1
2020-10-05 07:59:59.999000+00:00,197853783354.42,39681443889.92,15635085474.48,2641008401.17
2020-10-05 19:59:59.999000+00:00,198742600167.03,39727041437.62,15619328592.1,2640607402.4
2020-10-06 07:59:59.999000+00:00,198507628955.96,39723240729.28,15612634034.24,2642804758.46
2020-10-06 19:59:59.999000+00:00,195695810064.57,38549716933.93,15610669992.98,2666129218.83
2020-10-07 03:59:59.999000+00:00,195945354048.48,38077629138.99,15615848377.69,2668886001.02
2020-10-07 15:59:59.999000+00:00,196669058825.35,38515670756.33,15614812262.87,2684283479.91
2020-10-08 03:59:59.999000+00:00,197036371157.35,38329615410.3,15618962804.78,2703187721.0
2020-10-08 15:59:59.999000+00:00,201495980966.18,39399212948.31,15629025104.38,2770445445.23
2020-10-09 03:59:59.999000+00:00,201928511499.08,39656848876.83,15627676314.12,2808030520.2
2020-10-09 15:59:59.999000+00:00,205497956088.56,41309931273.52,15627637916.97,2812417193.88
2020-10-10 03:59:59.999000+00:00,211497240363.95,42581602589.75,15725484708.93,2811107795.19
2020-10-10 11:59:59.999000+00:00,209727606369.23,42079115438.12,15725570020.65,2810502141.08
2020-10-10 23:59:59.999000+00:00,209130239494.66,41899893524.13,15722861219.76,2810756965.33
2020-10-11 11:59:59.999000+00:00,210535446331.39,42305429132.68,15739123522.53,2856883376.47
2020-10-11 23:59:59.999000+00:00,210766812992.18,42376475414.91,15733015683.48,2857374683.33
2020-10-12 11:59:59.999000+00:00,208291697484.08,41489282983.89,15735532173.71,2849935398.15
2020-10-12 23:59:59.999000+00:00,213950143824.21,43805601681.2,15741941344.47,2841909427.45
2020-10-13 11:59:59.999000+00:00,213167545442.52,43494246215.54,15760773326.95,2831209407.87
2020-10-13 19:59:59.999000+00:00,211083047610.59,42837786646.38,15757392732.98,2798652425.28
2020-10-14 07:59:59.999000+00:00,211378487936.55,43129160502.92,15757233723.36,2770562173.53
2020-10-14 19:59:59.999000+00:00,210302049091.5,42470726962.73,15760991510.27,2768879991.97
2020-10-15 07:59:59.999000+00:00,211136101665.64,42882929080.93,15764042184.5,2749643944.23
2020-10-15 19:59:59.999000+00:00,213403160427.39,42817100012.51,15765562224.12,2742257136.47
2020-10-16 07:59:59.999000+00:00,209678106938.75,41794885319.11,15787896040.55,2725609872.02
2020-10-16 15:59:59.999000+00:00,209588160246.04,41531676245.6,15781049816.0,2724860092.57
2020-10-17 03:59:59.999000+00:00,210312795435.21,41644815604.98,15821203479.79,2704805067.05
2020-10-17 15:59:59.999000+00:00,209814305159.35,41625687593.07,15818914157.24,2705747472.37
2020-10-18 03:59:59.999000+00:00,210494593236.89,41705891272.2,15829831082.31,2707187850.32
2020-10-18 15:59:59.999000+00:00,211836260582.85,42483644059.69,15827914353.76,2707997069.14
2020-10-19 03:59:59.999000+00:00,211623332942.52,42381144708.46,15843181526.31,2729377631.78
2020-10-19 15:59:59.999000+00:00,218395680217.53,43284115641.47,15843611322.48,2734828330.93
2020-10-19 23:59:59.999000+00:00,217482407293.09,42961460206.0,15846170307.78,2737305376.74
2020-10-20 11:59:59.999000+00:00,217957326322.97,41684152342.35,15866650834.14,2736957951.24
2020-10-20 23:59:59.999000+00:00,220721282864.59,41745418861.37,15873010885.77,2736393044.04
2020-10-21 11:59:59.999000+00:00,228255172571.09,43034574034.68,15912620395.6,2789750623.96
2020-10-21 23:59:59.999000+00:00,237532386962.52,44354670581.88,15926349868.98,2789112725.76
2020-10-22 11:59:59.999000+00:00,239913076434.99,46717435125.39,15911368338.45,2789345058.68
2020-10-22 23:59:59.999000+00:00,240166387521.55,46795599920.86,15914538959.72,2789214320.58
2020-10-23 07:59:59.999000+00:00,238613752907.21,46690692881.4,15909497687.31,2790172103.9
2020-10-23 19:59:59.999000+00:00,239073259730.15,46307899117.34,16147111828.35,2763199975.97
2020-10-24 07:59:59.999000+00:00,239696976621.26,46490787468.63,16149408470.81,2785626941.74
2020-10-24 19:59:59.999000+00:00,243036067425.03,46788848021.84,16254891354.4,2785764844.02
2020-10-25 07:59:59.999000+00:00,241480542277.94,46369883333.44,16292077557.74,2806072154.74
2020-10-25 19:59:59.999000+00:00,241546396527.27,46180212918.27,16289346499.57,2804249098.81
2020-10-26 07:59:59.999000+00:00,241720879919.08,45898787035.61,16338401804.93,2809120303.09
2020-10-26 15:59:59.999000+00:00,240726942054.46,44693427294.63,16338130402.22,2775526672.53
2020-10-27 07:59:59.999000+00:00,243641958893.95,44662454235.66,16379244444.62,2771046256.72
2020-10-27 19:59:59.999000+00:00,252947808638.62,45995883601.58,16380050201.28,2809509883.73
2020-10-28 07:59:59.999000+00:00,253047878966.31,44966602896.66,16376867350.3,2808164147.61
2020-10-28 19:59:59.999000+00:00,243823037504.58,43573175743.55,16449917001.67,2814635480.05
2020-10-29 07:59:59.999000+00:00,243420957771.86,43914948086.02,16496364186.35,2838028821.65
2020-10-29 19:59:59.999000+00:00,250225870741.22,44122255115.56,16501098726.77,2882067774.8
2020-10-30 03:59:59.999000+00:00,248651948449.71,43641874573.62,16542287884.24,2882756373.57
2020-10-30 15:59:59.999000+00:00,250351103573.58,43254584982.77,16543324872.07,2878993941.85
2020-10-31 03:59:59.999000+00:00,249814056234.34,43379075533.47,16542407787.51,2879354514.88
2020-10-31 15:59:59.999000+00:00,256116072683.85,44159964506.22,16538412656.91,2877444784.03
2020-11-01 03:59:59.999000+00:00,253770364853.91,43818990747.46,16658953291.94,2925535903.74
2020-11-01 15:59:59.999000+00:00,255876188545.62,44047470762.83,16662906208.11,2925529816.89
2020-11-02 03:59:59.999000+00:00,253707067266.06,45276331650.71,16676167084.32,2927383346.0
2020-11-02 11:59:59.999000+00:00,248473880860.9,43591731048.87,16673350087.89,2925496223.98
2020-11-02 23:59:59.999000+00:00,251119864445.35,43398380100.7,16678325554.25,2930293204.6
2020-11-03 11:59:59.999000+00:00,250670066099.06,43049801898.71,16699147187.98,2935911085.42
2020-11-03 23:59:59.999000+00:00,258541441763.95,43907159817.49,16707324624.76,2915440815.6
2020-11-04 11:59:59.999000+00:00,254405573513.85,43270901329.52,16759705007.31,2908025296.18
2020-11-04 23:59:59.999000+00:00,261954213176.11,45559668259.45,16772875579.66,2883082202.98
2020-11-05 11:59:59.999000+00:00,272677989505.42,45732153499.73,16866058285.99,2875032778.77
2020-11-05 19:59:59.999000+00:00,279399823195.62,46674742388.24,16868373005.29,2872334025.48
2020-11-06 07:59:59.999000+00:00,291496245333.43,49086847708.27,16985540728.43,2862457422.27
2020-11-06 19:59:59.999000+00:00,285831798712.16,49966465060.12,16984892109.84,2853304893.01
2020-11-07 07:59:59.999000+00:00,286415984589.89,51694336631.4,17135907850.16,2887296653.45
2020-11-07 19:59:59.999000+00:00,271651279981.66,48907552411.15,17153087655.45,2884941175.97
2020-11-08 07:59:59.999000+00:00,277219606474.09,49507649119.82,17217338697.21,2886112709.92
2020-11-08 15:59:59.999000+00:00,284304474521.33,51290919438.57,17207197366.08,2881888691.77
2020-11-09 03:59:59.999000+00:00,286496575628.55,51231221903.65,17273742270.66,2871238397.73
2020-11-09 15:59:59.999000+00:00,278470766345.13,49677006943.11,17274747475.4,2865330316.66
2020-11-10 03:59:59.999000+00:00,284270873109.88,50812363105.34,17350967215.67,2842101990.35
2020-11-10 15:59:59.999000+00:00,281330287546.3,50216139666.01,17348910495.44,2836068330.26
2020-11-11 03:59:59.999000+00:00,286002036796.94,52438576621.61,17480618199.5,2828811680.12
2020-11-11 15:59:59.999000+00:00,290566719654.24,52264495020.8,17472103267.68,2833079619.84
2020-11-11 23:59:59.999000+00:00,291077214051.67,52493805531.74,17474058290.43,2833067610.69
2020-11-12 11:59:59.999000+00:00,292829116431.45,52113647046.93,17563367768.18,2817588923.09
2020-11-12 23:59:59.999000+00:00,301736853824.7,52278353037.58,17560143156.84,2799731061.66
2020-11-13 11:59:59.999000+00:00,300702960180.44,52492715815.12,17702897174.78,2802102157.12
2020-11-13 23:59:59.999000+00:00,302505533181.26,53829432990.1,17703110177.85,2801993178.92
2020-11-14 11:59:59.999000+00:00,295169696828.2,51915570383.75,17833974653.57,2801257202.1
2020-11-14 23:59:59.999000+00:00,297877068422.64,52193800907.04,17838172793.89,2805595743.48
2020-11-15 07:59:59.999000+00:00,297013950311.23,52072206686.33,17867023924.52,2819739859.3
2020-11-15 19:59:59.999000+00:00,294067492932.7,50449537994.99,17874303508.36,2817480758.29
2020-11-16 07:59:59.999000+00:00,301094962990.9,51498779075.46,17880413178.23,2813811336.52
2020-11-16 19:59:59.999000+00:00,310850622481.24,52309574490.14,17874338560.83,2831682913.51
2020-11-17 07:59:59.999000+00:00,310422727476.53,52711095248.78,17952977048.25,2818693498.76
2020-11-17 19:59:59.999000+00:00,327527451826.67,54579873116.6,17953050645.38,2787349552.45
2020-11-18 07:59:59.999000+00:00,333315019749.82,53976511209.31,18033854458.91,2780510179.11
2020-11-18 15:59:59.999000+00:00,331353684083.98,53781546015.1,18030925497.24,2797068955.6
2020-11-19 03:59:59.999000+00:00,331591681149.41,54189645291.81,18120398158.02,2791940724.8
2020-11-19 15:59:59.999000+00:00,334778842336.64,54020267972.55,18122318659.77,2794398732.33
2020-11-20 03:59:59.999000+00:00,332477740088.04,55099446405.05,18197000375.18,2790008699.8
2020-11-20 15:59:59.999000+00:00,346121893370.24,57334759437.69,18197688043.74,2790519195.23
2020-11-21 03:59:59.999000+00:00,345292074899.83,57685393022.5,18379394347.52,2798716394.48
2020-11-21 15:59:59.999000+00:00,347747805282.81,60862238150.42,18371002431.11,2800532332.26
2020-11-21 23:59:59.999000+00:00,345819234184.6,62379287098.85,18354801631.81,2838032230.11
2020-11-22 11:59:59.999000+00:00,328522464900.85,58834752877.72,18476729077.77,2892752185.03
2020-11-22 23:59:59.999000+00:00,340790183317.34,63361036975.5,18454866337.45,2874006400.02
2020-11-23 11:59:59.999000+00:00,344653476703.21,67105381117.37,18492633906.1,2871943279.02
2020-11-23 23:59:59.999000+00:00,340698070308.14,69089845802.24,18501087257.63,2863280574.43
2020-11-24 11:59:59.999000+00:00,351712468057.33,68888892268.38,18662199123.03,2857788372.36
2020-11-24 23:59:59.999000+00:00,354504361032.35,68580780139.36,18650896567.35,2853387869.97
2020-11-25 07:59:59.999000+00:00,351598334392.33,67364628260.72,18664659721.13,2857250933.84
2020-11-25 19:59:59.999000+00:00,351777930249.4,66659016590.5,18666099369.32,2869135513.12
2020-11-26 07:59:59.999000+00:00,325619587934.65,58624499115.72,18957508686.56,2876758408.75
2020-11-26 19:59:59.999000+00:00,307540314096.63,56930476602.95,18994132065.61,2895461048.36
2020-11-27 07:59:59.999000+00:00,317135712637.48,58737377792.64,18975404744.07,2889917287.14
2020-11-27 19:59:59.999000+00:00,312225581746.36,57612692344.0,18982914051.66,2899249428.51
2020-11-28 03:59:59.999000+00:00,315823220581.29,58548182987.05,19067448892.97,2901856246.34
2020-11-28 15:59:59.999000+00:00,323596253699.94,60398345838.49,19057873592.58,2902551824.91
2020-11-29 03:59:59.999000+00:00,329945518501.99,61617310314.84,19132674745.74,2968084479.58
2020-11-29 15:59:59.999000+00:00,335934382833.83,62980156015.96,19123680954.83,2966533831.09
2020-11-30 03:59:59.999000+00:00,343782378273.2,66788359717.83,19147087347.06,2964450412.4
2020-11-30 15:59:59.999000+00:00,358619550734.21,67968681258.04,19144956143.59,2956745870.63
2020-12-01 03:59:59.999000+00:00,361548218540.13,68889320469.06,19133000709.88,2963278611.42
2020-12-01 11:59:59.999000+00:00,360799177953.7,70150192394.83,19147964660.09,2963133861.27
2020-12-01 23:59:59.999000+00:00,348976597317.85,66754367842.13,19379236733.99,2975385310.81
2020-12-02 11:59:59.999000+00:00,354572583644.16,68104091001.42,19415362814.55,2967359053.01
2020-12-02 23:59:59.999000+00:00,356381007570.92,68015797685.33,19417653464.13,2958068729.43
2020-12-03 11:59:59.999000+00:00,359469789406.24,69634359890.96,19466690434.75,2959288803.7
2020-12-03 23:59:59.999000+00:00,360933936016.88,70110808537.55,19466986494.61,2965255277.81
2020-12-04 11:59:59.999000+00:00,350971995213.31,67164959153.09,19537232536.79,2964097224.66
2020-12-04 19:59:59.999000+00:00,353351037966.16,67158936596.9,19534208580.5,2962268553.59
2020-12-05 07:59:59.999000+00:00,351622969753.59,66608365556.27,19648336794.1,3018755392.46
2020-12-05 19:59:59.999000+00:00,354774265144.89,67607998153.71,19645999615.6,3016903021.18
2020-12-06 07:59:59.999000+00:00,357005948705.31,68286422893.81,19670921408.5,3038066842.86
2020-12-06 19:59:59.999000+00:00,355595916711.67,67812251601.34,19681255257.35,3034926610.64
2020-12-07 07:59:59.999000+00:00,359812324509.65,68378527583.64,19701964235.45,3073531624.34
2020-12-07 19:59:59.999000+00:00,352460049496.91,66874108207.54,19688948079.93,3056422394.83
2020-12-08 03:59:59.999000+00:00,356061974925.71,66997203448.63,19722066299.43,3055346832.99
2020-12-08 15:59:59.999000+00:00,348972009499.87,65267499978.42,19712513876.59,3055358366.51
2020-12-09 03:59:59.999000+00:00,339578316618.12,62803004835.82,19715577486.09,3071802904.45
2020-12-09 15:59:59.999000+00:00,340731549374.42,64579146654.46,19712378632.19,3074480164.0
2020-12-10 03:59:59.999000+00:00,342051323092.7,64684978099.58,19762208213.52,3085239370.78
2020-12-10 15:59:59.999000+00:00,336729839130.39,63454948654.82,19756852647.71,3081709281.58
2020-12-11 03:59:59.999000+00:00,334117969621.41,62410194844.61,19776162483.42,3086381221.43
2020-12-11 11:59:59.999000+00:00,328109221214.98,61472219992.59,19769150640.73,3092267927.34
2020-12-11 23:59:59.999000+00:00,335326168918.53,62108208317.24,19778053308.18,3136265939.12
2020-12-12 11:59:59.999000+00:00,343488320870.21,63642017966.89,19824754358.02,3165538248.16
2020-12-12 23:59:59.999000+00:00,349170613898.92,64706942226.0,19826181940.15,3215393827.29
2020-12-13 11:59:59.999000+00:00,357788074230.18,66468314948.86,19840674379.87,3217396714.58
2020-12-13 23:59:59.999000+00:00,355479173805.7,67115726662.03,19834034804.91,3241732105.99
2020-12-14 11:59:59.999000+00:00,354891046223.9,65979341288.23,19833538457.32,3268112670.14
2020-12-14 19:59:59.999000+00:00,356097363405.76,66589157180.77,19831862589.45,3267883269.83
2020-12-15 07:59:59.999000+00:00,356341186579.52,66628559544.47,19768890880.36,3270898679.7
2020-12-15 19:59:59.999000+00:00,362268218855.77,67487585611.94,19783634329.16,3277238148.16
2020-12-16 07:59:59.999000+00:00,360401765874.66,66651625480.18,19798757754.11,3269179051.21
2020-12-16 19:59:59.999000+00:00,384998843843.53,70898039597.62,19789606180.49,3307273488.31
2020-12-17 07:59:59.999000+00:00,415593368073.53,73496325318.93,19753729011.95,3288037131.96
2020-12-17 19:59:59.999000+00:00,425168826271.94,73771410663.94,19934083818.4,3257320745.54
2020-12-18 03:59:59.999000+00:00,423897387070.52,73296366034.26,19997922790.29,3274908931.58
2020-12-18 15:59:59.999000+00:00,419786739258.39,72791120385.32,20040290817.93,3248241430.69
2020-12-19 03:59:59.999000+00:00,430193862534.7,74799965737.02,20127474096.06,3292053813.37
2020-12-19 15:59:59.999000+00:00,437725692352.93,74790054224.69,20133812692.16,3328241846.82
2020-12-20 03:59:59.999000+00:00,433677372003.18,73661923649.82,20301608661.43,3374175353.99
2020-12-20 15:59:59.999000+00:00,442852079749.06,74465747336.39,20301525115.39,3373381442.62
2020-12-20 23:59:59.999000+00:00,436129331482.26,72711065644.98,20293091729.72,3356572079.3
2020-12-21 11:59:59.999000+00:00,421841999616.6,69300596702.39,20282396947.56,3335400211.52
2020-12-21 23:59:59.999000+00:00,423625088584.19,69475834114.54,20301832633.73,3339236658.43
2020-12-22 11:59:59.999000+00:00,429175630914.44,69600570074.47,20390523942.88,3341109737.27
2020-12-22 23:59:59.999000+00:00,441850902134.23,72336758959.74,20387249195.31,3356542655.45
2020-12-23 11:59:59.999000+00:00,429351341045.01,68681478740.62,20470876838.67,3409472849.03
2020-12-23 23:59:59.999000+00:00,431808778580.31,66517758494.16,20459114819.81,3425726107.55
2020-12-24 07:59:59.999000+00:00,431350270165.14,66281143716.19,20526867142.35,3436520266.32
2020-12-24 19:59:59.999000+00:00,433005303213.88,67713774917.81,20527234918.5,3523162702.09
2020-12-25 07:59:59.999000+00:00,439788852884.6,69689513224.83,20683992579.16,3533992671.81
2020-12-25 19:59:59.999000+00:00,454212679919.91,70526817270.72,20674095327.26,3537097512.63
2020-12-26 07:59:59.999000+00:00,460413264871.93,71165047079.83,20678933487.38,3534407494.15
2020-12-26 19:59:59.999000+00:00,481022025170.06,73563885717.62,20699381658.0,3555018822.75
2020-12-27 07:59:59.999000+00:00,512998046109.1,73941839864.96,20685569115.4,3542313219.4
2020-12-27 15:59:59.999000+00:00,508120300053.63,79179437561.74,20719691774.15,3574274448.54
2020-12-28 03:59:59.999000+00:00,504866732785.03,80012434544.43,20794088065.84,3582143493.47
2020-12-28 15:59:59.999000+00:00,500720821197.41,83200187248.88,20800640858.15,3606810309.57
2020-12-29 03:59:59.999000+00:00,492919720620.36,80290397655.13,20812487143.55,3625286480.49
2020-12-29 15:59:59.999000+00:00,494546861346.92,82024026170.81,20809717015.64,3631206560.66
2020-12-30 03:59:59.999000+00:00,519344488221.06,83543744972.8,20876464022.2,3697934688.98
2020-12-30 15:59:59.999000+00:00,522993344258.66,83665103896.55,20883551437.9,3701086703.48
2020-12-30 23:59:59.999000+00:00,536033807160.85,85722581848.93,20893813528.23,3680443610.88
2020-12-31 11:59:59.999000+00:00,539179211785.42,85155803633.02,20924604133.27,3754350496.84
2020-12-31 23:59:59.999000+00:00,539051138107.79,84156810764.81,20939440704.72,3903714407.32
2021-01-01 11:59:59.999000+00:00,545329827549.61,84341008014.43,21105089748.67,3943741841.76
2021-01-01 23:59:59.999000+00:00,546001594837.52,83318539689.42,21116011794.91,4029299602.39
2021-01-02 11:59:59.999000+00:00,553819300184.75,83456754843.62,21239008975.3,4028346877.46
2021-01-02 23:59:59.999000+00:00,597205944668.86,88367612520.28,21218363936.94,4104611882.82
2021-01-03 07:59:59.999000+00:00,636482204374.32,91183800740.47,21352508969.69,4107938705.35
2021-01-03 19:59:59.999000+00:00,606137623880.48,104582126449.9,21329450630.29,4170715131.42
2021-01-04 07:59:59.999000+00:00,594743129842.07,116604324899.82,21356081111.42,4196505092.19
2021-01-04 19:59:59.999000+00:00,589177822287.21,118914690035.51,21804233830.81,4272391056.51
2021-01-05 07:59:59.999000+00:00,574925955088.48,115162679380.52,21821149212.55,4295057070.69
2021-01-05 19:59:59.999000+00:00,628885916610.02,125110035633.9,21866588621.01,4307380881.92
2021-01-06 07:59:59.999000+00:00,670608267975.73,130560941196.06,22125825232.25,4224916551.38
2021-01-06 15:59:59.999000+00:00,644402522871.03,130948066541.8,22172988227.31,4273033424.59
2021-01-07 03:59:59.999000+00:00,695706605821.8,138644594847.37,22894873697.84,4355887826.44
2021-01-07 15:59:59.999000+00:00,724346677376.28,142348925908.95,22886863998.26,4432126103.64
2021-01-08 03:59:59.999000+00:00,715209921484.22,132084701230.06,23464798612.28,4497507963.0
2021-01-08 15:59:59.999000+00:00,761234794843.14,139446571532.63,23474001053.0,4537084055.07
2021-01-09 03:59:59.999000+00:00,748841267743.86,140059739747.5,23662720033.84,4543964266.5
2021-01-09 15:59:59.999000+00:00,756791084050.04,139683960779.88,23692992551.89,4581443237.33
2021-01-09 23:59:59.999000+00:00,748563483043.14,146280792179.42,23729547865.96,4660207976.09
2021-01-10 11:59:59.999000+00:00,733689452729.39,145992228501.01,23676416765.46,4683657980.03
2021-01-10 23:59:59.999000+00:00,713304617760.95,144147690008.66,24229726418.89,4716774854.92
2021-01-11 11:59:59.999000+00:00,637551661188.21,122394887959.31,24265412913.74,4655393018.92
2021-01-11 23:59:59.999000+00:00,661457321418.06,124508608481.95,24286060230.41,4674298887.25
2021-01-12 11:59:59.999000+00:00,657818753409.51,125481026172.15,24228962712.35,4677476768.45
2021-01-12 19:59:59.999000+00:00,645407019498.47,123922150700.71,24216816230.42,4692418101.35
2021-01-13 07:59:59.999000+00:00,651878026079.48,122934216849.87,24253442760.62,4667969905.39
2021-01-13 19:59:59.999000+00:00,670854438127.31,126064787380.41,24239715461.05,4663112639.67
2021-01-14 07:59:59.999000+00:00,713012295775.15,131495734289.76,24278335556.81,4667606399.92
2021-01-14 19:59:59.999000+00:00,740629483238.46,140480775053.33,24245435122.03,4717525086.27
2021-01-15 07:59:59.999000+00:00,712421002106.37,140777896891.42,24225158728.45,4732038713.65
2021-01-15 19:59:59.999000+00:00,657178056362.12,130076088361.32,24225490246.3,4802969221.98
2021-01-16 03:59:59.999000+00:00,680484375412.82,134765762068.83,24281986306.72,4875519598.04
2021-01-16 15:59:59.999000+00:00,696646557120.04,145347076504.68,24320993691.06,4907598612.12
2021-01-17 03:59:59.999000+00:00,673993830800.24,141856539446.25,24335890515.14,4954470442.81
2021-01-17 15:59:59.999000+00:00,666218154865.57,142041423733.03,24331707083.63,5063963504.13
2021-01-18 03:59:59.999000+00:00,653995849645.14,136603738110.02,24355670386.86,5061613805.28
2021-01-18 15:59:59.999000+00:00,677122978665.76,141725108150.1,24372491232.32,5080942002.61
2021-01-19 03:59:59.999000+00:00,682013087231.45,151847495286.25,24397494010.65,5124186285.11
2021-01-19 11:59:59.999000+00:00,691249185307.9,163348204158.44,24390539856.32,5108572095.24
2021-01-19 23:59:59.999000+00:00,671081200699.88,157454089944.88,24365241025.12,5133735222.1
2021-01-20 11:59:59.999000+00:00,641760834804.78,144901626636.33,24731742093.01,5206772335.44
2021-01-20 23:59:59.999000+00:00,661400102161.16,158042129137.31,24764314270.89,5274469834.83
2021-01-21 11:59:59.999000+00:00,604572076054.78,142451882092.6,24818255459.33,5337139239.75
2021-01-21 23:59:59.999000+00:00,573565664943.01,128249677791.25,24821289308.38,5361170944.21
2021-01-22 11:59:59.999000+00:00,588722973282.43,136758869602.79,24739161869.04,5370787554.06
2021-01-22 19:59:59.999000+00:00,624522448530.21,145012565658.27,24765921328.15,5402265346.76
2021-01-23 07:59:59.999000+00:00,612581863390.02,144078974133.77,24822571532.45,5465346840.36
2021-01-23 19:59:59.999000+00:00,603119133807.19,144084567046.35,24807629175.24,5464004249.02
2021-01-24 07:59:59.999000+00:00,608546707562.42,150130670168.99,24838327243.21,5501326454.67
2021-01-24 19:59:59.999000+00:00,583344011808.78,152089868763.37,24871633795.31,5527933040.28
2021-01-25 07:59:59.999000+00:00,619591103026.19,162721582096.58,24939378815.7,5520272292.12
2021-01-25 19:59:59.999000+00:00,625637083108.55,159007283772.44,24912840730.89,5512782996.86
2021-01-26 03:59:59.999000+00:00,590189062212.63,150816350245.46,24983719140.34,5451200828.37
2021-01-26 15:59:59.999000+00:00,592226990428.27,147591033875.79,25006730178.13,5351065513.34
2021-01-27 03:59:59.999000+00:00,593087885156.04,150026364674.45,25222537425.81,5403314059.35
2021-01-27 15:59:59.999000+00:00,566592182616.63,146590264296.95,25234726219.63,5452955348.19
2021-01-28 03:59:59.999000+00:00,585977087650.86,147788707378.29,25458626679.94,5456775576.79
2021-01-28 15:59:59.999000+00:00,599439783877.19,153984199359.82,25431014807.67,5559489891.57
2021-01-29 03:59:59.999000+00:00,631947430379.27,151386567225.21,25374639073.65,5610760952.23
2021-01-29 11:59:59.999000+00:00,686772883636.22,161760912116.01,25399021097.39,5734118871.26
2021-01-29 23:59:59.999000+00:00,638768671361.87,158238360146.48,25361027161.54,5802111760.51
2021-01-30 11:59:59.999000+00:00,626251328801.69,153522521163.95,26359237865.82,5801311531.39
2021-01-30 23:59:59.999000+00:00,637924573283.79,157523498333.17,26373892015.19,5813052746.26
2021-01-31 11:59:59.999000+00:00,625280788477.37,154979234628.41,26453006043.26,5819695615.62
2021-01-31 23:59:59.999000+00:00,616452744533.29,150543956657.31,26451988954.48,5868871806.01
2021-02-01 07:59:59.999000+00:00,628276506099.77,150602540395.5,26613008655.13,5876918024.03
2021-02-01 19:59:59.999000+00:00,629974364554.99,152162980514.49,26607700828.92,5864356669.68
2021-02-02 07:59:59.999000+00:00,638539636015.83,162252257034.24,26787884995.49,5872862785.81
2021-02-02 19:59:59.999000+00:00,664710619346.7,172769886130.99,26793725885.8,5904449642.25
2021-02-03 07:59:59.999000+00:00,675846512484.2,176957454139.36,27082656101.95,5932358504.32
2021-02-03 19:59:59.999000+00:00,685183502976.32,185494309627.06,27054336417.08,5947612682.81
2021-02-04 07:59:59.999000+00:00,704506261300.36,190764644015.74,27452940821.95,6043161043.97
2021-02-04 15:59:59.999000+00:00,681146422727.89,180844092966.82,27444682325.58,6062568090.38
2021-02-05 03:59:59.999000+00:00,693859895851.83,187264688508.87,27804721095.13,6149872029.46
2021-02-05 15:59:59.999000+00:00,706642457708.31,198806831596.5,27814577730.35,6213188578.73
2021-02-06 03:59:59.999000+00:00,732022831589.81,192506252705.02,27803883296.04,6239544870.23
2021-02-06 15:59:59.999000+00:00,759512956788.23,192128335606.25,28276012430.61,6276775030.58
2021-02-07 03:59:59.999000+00:00,722137887560.24,186143001608.92,28251883649.54,6390656619.51
2021-02-07 15:59:59.999000+00:00,705377781344.06,176417968093.56,28622641934.49,6405765143.4
2021-02-07 23:59:59.999000+00:00,724478833211.11,184955254624.65,28640986238.58,6439675443.68
2021-02-08 11:59:59.999000+00:00,733474795177.42,189668184383.3,28797392314.49,6481506596.09
2021-02-08 23:59:59.999000+00:00,860342706259.7,200147673570.58,28801870406.68,6439708622.47
2021-02-09 11:59:59.999000+00:00,863598929818.06,200698567670.67,29782466005.33,6451534901.2
2021-02-09 23:59:59.999000+00:00,865682956618.92,202625894958.75,29791218140.69,6562229835.69
2021-02-10 11:59:59.999000+00:00,866308708385.44,205058713554.7,30336913206.95,6622201395.3
2021-02-10 23:59:59.999000+00:00,836616907526.53,199922942887.56,30322433015.59,6733960451.25
2021-02-11 07:59:59.999000+00:00,833527198409.47,199007852464.41,30745571452.19,6738381620.72
2021-02-11 19:59:59.999000+00:00,889756353593.94,205181810420.14,30747897786.99,6801177196.84
2021-02-12 07:59:59.999000+00:00,882649611907.07,202854492463.1,30739973723.81,6830125101.45
2021-02-12 19:59:59.999000+00:00,881166112876.04,210882498260.02,31175714728.51,6863271325.54
2021-02-13 07:59:59.999000+00:00,880789454582.84,208140465651.51,31644245650.25,7025301544.3
2021-02-13 19:59:59.999000+00:00,872962078521.7,206307044161.29,31602301381.97,7115409251.91
2021-02-14 07:59:59.999000+00:00,906868210216.01,210468906549.85,31616774201.79,7190480069.95
2021-02-14 15:59:59.999000+00:00,901474265434.6,205590268237.76,32022232671.3,7285614514.76
2021-02-15 03:59:59.999000+00:00,877463558956.98,197733771511.75,32108725815.66,7283474330.28
2021-02-15 15:59:59.999000+00:00,893567181449.75,207376043343.63,32101302006.85,7285807130.3
2021-02-16 03:59:59.999000+00:00,919579656187.5,208442940178.11,32242252337.15,7286125469.57
2021-02-16 15:59:59.999000+00:00,914670687077.76,204179723833.47,32248514017.96,7285767897.79
2021-02-17 03:59:59.999000+00:00,924795092267.29,201229111806.3,32428717436.03,7285613572.81
2021-02-17 15:59:59.999000+00:00,953248519486.17,207897763743.53,32424398630.55,7286048263.17
2021-02-17 23:59:59.999000+00:00,971611626454.28,212042961268.08,32428113698.95,7284211261.13
2021-02-18 11:59:59.999000+00:00,956896483736.92,217743331436.08,33128933573.26,7285607258.04
2021-02-18 23:59:59.999000+00:00,962915078024.48,222277377811.22,33138979946.24,7285707193.53
2021-02-19 11:59:59.999000+00:00,981889458584.72,221769371227.1,33526094170.89,7285993250.02
2021-02-19 23:59:59.999000+00:00,1041380696669.48,224910293533.88,33537929873.6,7285741130.33
2021-02-20 11:59:59.999000+00:00,1047614223220.35,229732085410.17,34123207275.94,7525527955.09
2021-02-20 23:59:59.999000+00:00,1045371087640.23,220274162486.18,34125152334.69,7576682025.85
2021-02-21 07:59:59.999000+00:00,1048738649731.35,219648529341.51,34253133106.42,7656725892.62
2021-02-21 19:59:59.999000+00:00,1082934154614.07,225783721897.31,34273939571.2,7746816564.44
2021-02-22 07:59:59.999000+00:00,1051886684589.63,216639031843.38,34264650682.59,7689082515.68
2021-02-22 19:59:59.999000+00:00,998284400770.35,200379705934.67,34457624376.08,7792579297.54
2021-02-23 07:59:59.999000+00:00,927951241480.22,182420917492.52,34710331769.95,7903946319.07
2021-02-23 19:59:59.999000+00:00,856868832461.79,167867780688.7,34727118479.9,7961796174.43
2021-02-24 03:59:59.999000+00:00,949299156059.29,188234955617.5,34779189292.49,7988064333.11
2021-02-24 15:59:59.999000+00:00,927799667728.26,190005051200.99,34778997388.37,8070756835.38
2021-02-25 03:59:59.999000+00:00,938696860615.78,185348301994.58,34907252025.22,8196878194.93
2021-02-25 15:59:59.999000+00:00,947442369045.62,186683679054.27,34935888220.28,8295614785.1
2021-02-26 03:59:59.999000+00:00,883991971831.06,171333688204.88,35000255136.71,8345544291.87
2021-02-26 15:59:59.999000+00:00,887275126641.51,175808226276.3,35007850501.64,8405387843.6
2021-02-27 03:59:59.999000+00:00,890729542214.73,172802210470.15,34973244099.69,8610335495.75
2021-02-27 11:59:59.999000+00:00,882718021237.21,168951218615.61,34984904914.66,8644941744.53
2021-02-27 23:59:59.999000+00:00,860978135421.44,167675937684.41,35024034646.23,8658975905.81
2021-02-28 11:59:59.999000+00:00,845634446516.25,157840792735.51,35016541792.55,8774656704.8
2021-02-28 23:59:59.999000+00:00,841428977514.57,162650415374.44,35051423319.75,8897551098.99
2021-03-01 11:59:59.999000+00:00,889569118031.23,174804442651.64,35107483224.52,8939511177.86
2021-03-01 23:59:59.999000+00:00,925235527882.27,179746905786.0,35068760205.18,8866076772.02
2021-03-02 11:59:59.999000+00:00,913117140927.32,180404200129.16,35449707809.69,8799932333.26
2021-03-02 19:59:59.999000+00:00,888371235093.43,171430132046.85,35442147735.19,8746856021.95
2021-03-03 07:59:59.999000+00:00,928196076999.1,180270945015.19,35895756402.17,8748421059.28
2021-03-03 19:59:59.999000+00:00,947795069031.24,184330280958.58,35891464109.14,8665161137.66
2021-03-04 07:59:59.999000+00:00,926348419761.99,179523401028.52,36282310260.93,8649899642.51
2021-03-04 19:59:59.999000+00:00,897713948522.46,175868043937.22,36259227197.25,8676384962.08
2021-03-05 07:59:59.999000+00:00,882335995668.63,169865851791.2,36393562996.22,8642943165.22
2021-03-05 19:59:59.999000+00:00,919449771460.08,176268470076.12,36386403356.48,8691222764.32
2021-03-06 03:59:59.999000+00:00,908251709842.12,176124788390.39,36446689522.2,8706696582.93
2021-03-06 15:59:59.999000+00:00,886747929710.29,178129360816.38,36464658725.1,8782508215.76
2021-03-07 03:59:59.999000+00:00,923837863134.4,189403621422.53,36475870503.37,8832112716.11
2021-03-07 15:59:59.999000+00:00,943332166836.8,189547834056.0,36481669669.8,8970958890.54
2021-03-08 03:59:59.999000+00:00,942450398437.11,197867908563.95,36488986171.11,8974699685.09
2021-03-08 15:59:59.999000+00:00,952390805713.03,200191960340.92,36486767689.82,8984636391.43
2021-03-09 03:59:59.999000+00:00,1003456320853.97,212396115080.3,36817836882.39,8935479616.94
2021-03-09 11:59:59.999000+00:00,1011682053446.58,210165430660.87,36810651180.88,8938230118.68
2021-03-09 23:59:59.999000+00:00,1022439972862.18,214795762867.79,36818376521.28,8982652500.4
2021-03-10 11:59:59.999000+00:00,1023605951833.03,208905515194.37,37086110132.84,8959122113.65
2021-03-10 23:59:59.999000+00:00,1044580057477.4,206899711010.48,37086634927.48,8967187807.63
2021-03-11 11:59:59.999000+00:00,1046119482821.26,204344949350.9,37507545659.05,9034061497.75
2021-03-11 23:59:59.999000+00:00,1078135604117.97,210032453963.74,37514467150.8,9130585980.12
2021-03-12 11:59:59.999000+00:00,1053931488084.01,204100982662.71,38107837825.52,9190843511.85
2021-03-12 19:59:59.999000+00:00,1063849985163.34,200818410511.97,38121810002.84,9133228558.5
2021-03-13 07:59:59.999000+00:00,1068224879758.16,205176146961.92,38235433910.58,9140393947.1
2021-03-13 19:59:59.999000+00:00,1133210498860.3,221390502381.23,38234261640.91,9267877790.95
2021-03-14 07:59:59.999000+00:00,1129754124977.69,217270291434.42,38229358668.33,9251960495.52
2021-03-14 19:59:59.999000+00:00,1117769030233.02,215047371142.11,38242861218.79,9273498612.69
2021-03-15 07:59:59.999000+00:00,1082450833218.06,207187323342.13,38534842879.39,9278797087.51
2021-03-15 15:59:59.999000+00:00,1050878286370.55,203932461668.1,38525946627.37,9316826720.78
2021-03-16 03:59:59.999000+00:00,1013884431858.62,201494757964.07,38642716289.59,9338408579.1
2021-03-16 15:59:59.999000+00:00,1040802040734.72,207640094817.57,38645585079.14,9280902637.09
2021-03-17 03:59:59.999000+00:00,1039711909231.38,203523568189.14,38701458754.93,9276244413.19
2021-03-17 15:59:59.999000+00:00,1027065536118.0,204441974530.74,38702721596.08,9352659158.75
2021-03-18 03:59:59.999000+00:00,1096306712826.4,211268409830.68,38825242868.39,9377353812.27
2021-03-18 15:59:59.999000+00:00,1109371060655.79,209711185944.08,38889682309.63,9461879955.83
2021-03-18 23:59:59.999000+00:00,1079511086884.33,205216840693.76,38904898367.76,9481988795.55
2021-03-19 11:59:59.999000+00:00,1098575405162.08,209796780234.05,39269495585.49,9617125826.73
2021-03-19 23:59:59.999000+00:00,1088666450746.46,209243467429.34,39311262205.98,9767228910.59
2021-03-20 11:59:59.999000+00:00,1108565543698.73,212923338162.44,39542693098.49,9770488981.16
2021-03-20 23:59:59.999000+00:00,1088105221977.52,208693780293.25,39525018904.28,9848966629.96
2021-03-21 11:59:59.999000+00:00,1052266727826.1,204518526739.18,39515344107.77,9826370839.82
2021-03-21 23:59:59.999000+00:00,1073417235408.43,205906557856.47,39567651238.1,9918143113.39
2021-03-22 07:59:59.999000+00:00,1078042651356.24,206701084608.19,39590359270.32,9911620614.57
2021-03-22 19:59:59.999000+00:00,1048303154039.79,202155704630.69,39706207288.81,10022956574.95
2021-03-23 07:59:59.999000+00:00,1011462125935.14,193800551671.61,39712012848.52,10118553619.72
2021-03-23 19:59:59.999000+00:00,1031567017996.3,197373227053.4,39677560214.0,10096740280.54
2021-03-24 07:59:59.999000+00:00,1039167248704.45,196122733074.27,39869936530.05,10112604091.14
2021-03-24 19:59:59.999000+00:00,1026648338282.9,189370105253.66,39856359918.86,10164603066.96
2021-03-25 07:59:59.999000+00:00,982466045390.93,182537906236.4,40329313013.7,10161924070.35
2021-03-25 15:59:59.999000+00:00,955413732184.94,183510656190.32,40308697166.37,10237550375.66
2021-03-26 03:59:59.999000+00:00,982627571828.29,187268373863.27,40272662754.63,10348717799.51
2021-03-26 15:59:59.999000+00:00,996597149449.18,189204733518.8,40215780551.32,10400885528.79
2021-03-27 03:59:59.999000+00:00,1025975417597.28,195779072714.69,40228950752.81,10600922807.1
2021-03-27 15:59:59.999000+00:00,1029240319024.79,194897515353.71,40222882937.66,10628680621.15
2021-03-28 03:59:59.999000+00:00,1049514660858.43,197743792670.3,40485747524.52,10689866749.52
2021-03-28 15:59:59.999000+00:00,1054195809088.04,197488767668.52,40537643551.45,10730136622.52
2021-03-28 23:59:59.999000+00:00,1044446559059.06,194913443083.05,40500517196.83,10768922656.44
2021-03-29 11:59:59.999000+00:00,1080544992268.13,203519410416.37,40489626219.88,10728293584.39
2021-03-29 23:59:59.999000+00:00,1078088296476.71,209726738382.24,40467698670.34,10555729469.19
2021-03-30 11:59:59.999000+00:00,1107416021782.75,213240483033.0,40647212271.48,10551057801.3
2021-03-30 23:59:59.999000+00:00,1099939890804.41,212788788570.88,40681086816.88,10672829322.71
2021-03-31 11:59:59.999000+00:00,1088001377575.53,209173633720.28,40759235831.41,10672651916.91
2021-03-31 23:59:59.999000+00:00,1100016786762.56,221151811159.17,40723981486.82,10656787148.43
2021-04-01 07:59:59.999000+00:00,1103877330824.03,222736317029.0,40748368518.2,10601899194.25
2021-04-01 19:59:59.999000+00:00,1106231161581.41,228591587344.21,40736862958.6,10641236462.55
2021-04-02 07:59:59.999000+00:00,1118359518146.72,231254995271.73,41682761808.24,10658437395.58
2021-04-02 19:59:59.999000+00:00,1106194677655.44,238981418408.01,41713518128.18,10701103692.33
2021-04-03 07:59:59.999000+00:00,1114989984048.48,244863933259.33,42300018157.38,10641958679.54
2021-04-03 19:59:59.999000+00:00,1100615115081.04,242623100822.63,42407713374.59,10620914393.68
2021-04-04 07:59:59.999000+00:00,1088377873032.64,237072212950.08,42703666678.29,10777048626.73
2021-04-04 15:59:59.999000+00:00,1090965393588.72,241307694139.61,42482844222.5,10769852162.96
2021-04-05 03:59:59.999000+00:00,1084972022262.2,236045056573.05,42425102062.85,10861715724.2
2021-04-05 15:59:59.999000+00:00,1115048015049.78,245828699299.87,42396286144.25,10697216219.94
2021-04-06 03:59:59.999000+00:00,1096724234024.81,244287369134.48,43003179998.87,10797434283.88
2021-04-06 15:59:59.999000+00:00,1084705739517.75,241405006299.45,43054238961.89,10730653174.34
2021-04-07 03:59:59.999000+00:00,1083329682089.99,243083817858.0,43107784977.26,10701012234.98
2021-04-07 11:59:59.999000+00:00,1053169359181.81,228637023341.95,43130487477.81,10773321972.91
2021-04-07 23:59:59.999000+00:00,1046793054752.58,227414944866.5,43135955532.34,10785983094.42
2021-04-08 11:59:59.999000+00:00,1056657865911.36,231076698384.3,43696966776.27,10817378616.68
2021-04-08 23:59:59.999000+00:00,1089334328138.76,241000078757.85,43647092967.7,10942441781.22
2021-04-09 11:59:59.999000+00:00,1094993368350.96,240837479911.64,43837049473.65,10925003950.38
2021-04-09 23:59:59.999000+00:00,1087911057869.8,239127946688.06,43841876424.83,10905870848.03
2021-04-10 11:59:59.999000+00:00,1131479270935.85,249298065474.58,44375350218.77,10955699198.2
2021-04-10 19:59:59.999000+00:00,1112025944744.42,245654079706.78,44271609961.78,10935554278.21
2021-04-11 07:59:59.999000+00:00,1114761304278.65,246074592363.19,44386358615.85,10946798579.34
2021-04-11 19:59:59.999000+00:00,1118001154910.61,247952184687.59,44470855368.13,11038318832.07
2021-04-12 07:59:59.999000+00:00,1135765188524.71,252151267831.03,44442148426.64,10985060223.37
2021-04-12 19:59:59.999000+00:00,1124220524974.37,247717082772.32,44511619713.79,10799113614.68
2021-04-13 07:59:59.999000+00:00,1141360567649.85,250487519852.71,45428522854.25,10791233088.71
2021-04-13 19:59:59.999000+00:00,1177711539650.91,265493873734.42,45401428768.28,10844200057.55
2021-04-14 03:59:59.999000+00:00,1191058511017.83,271128877528.03,45857188158.7,10831591493.99
2021-04-14 15:59:59.999000+00:00,1180734956186.39,271749442417.13,45924904353.46,11167430156.23
2021-04-15 03:59:59.999000+00:00,1180862792902.35,286471144203.07,46546066820.79,11261243908.81
2021-04-15 15:59:59.999000+00:00,1175583269944.09,285340659547.98,46615861541.34,11334431766.71
2021-04-16 03:59:59.999000+00:00,1178222095386.45,289105181529.85,46917306619.39,11310519765.16
2021-04-16 15:59:59.999000+00:00,1155397846846.39,282010983803.18,47047361664.87,11318458162.07
2021-04-17 03:59:59.999000+00:00,1167297220909.87,287570647328.02,47867578286.04,11310641147.84
2021-04-17 11:59:59.999000+00:00,1142256066896.94,279214222932.05,47936240091.08,11332630266.76
2021-04-17 23:59:59.999000+00:00,1133882479236.77,270861474696.88,48354952204.63,11425630119.9
2021-04-18 11:59:59.999000+00:00,996959214660.6,237417537497.47,48072673061.95,11309068817.58
2021-04-18 23:59:59.999000+00:00,1050445401609.72,258444691650.46,48080200312.27,11308018713.09
2021-04-19 11:59:59.999000+00:00,1068089886903.2,259522309230.99,48149361522.26,11305590020.27
2021-04-19 23:59:59.999000+00:00,1041287672153.73,250277144256.91,48140002226.25,11306577613.14
2021-04-20 11:59:59.999000+00:00,1051429984131.03,253445358181.75,48681100954.91,11307071814.42
2021-04-20 19:59:59.999000+00:00,1057515455231.26,268269975028.68,48697818257.91,11308450242.57
2021-04-21 07:59:59.999000+00:00,1032577948445.67,264419420465.14,49068838081.3,11307763016.42
2021-04-21 19:59:59.999000+00:00,1038927571651.89,281978417959.4,49059880924.97,11306699724.22
2021-04-22 07:59:59.999000+00:00,1013957325674.55,286773147233.11,49329500930.74,11305923362.23
2021-04-22 19:59:59.999000+00:00,991541825956.01,293234048623.69,49325656987.8,11243503779.08
2021-04-23 07:59:59.999000+00:00,897303918480.76,247356860731.52,49273086698.13,11245002630.69
2021-04-23 19:59:59.999000+00:00,950975596929.27,273202807808.47,49284231294.43,11241927889.2
2021-04-24 03:59:59.999000+00:00,936541594009.19,264903596603.68,49426730051.75,11244223670.38
2021-04-24 15:59:59.999000+00:00,938930327406.45,260097082883.05,49437099998.15,11241311755.82
2021-04-25 03:59:59.999000+00:00,928809410364.44,253343439451.49,49434605197.33,11241273545.85
2021-04-25 15:59:59.999000+00:00,939210206821.72,270157851616.52,49961532478.39,11243029262.23
2021-04-26 03:59:59.999000+00:00,978324271701.36,283397986512.4,49999241883.64,11242112764.76
2021-04-26 15:59:59.999000+00:00,1000968305920.46,289472160532.4,49998644656.05,11244668522.81
2021-04-26 23:59:59.999000+00:00,1009780042661.05,293069092285.99,50008339564.52,11243138881.4
2021-04-27 07:59:59.999000+00:00,1018679195024.88,294087706226.35,50302747508.93,11241684096.77
2021-04-27 15:59:59.999000+00:00,1028623699173.64,308075554982.56,50304335293.58,11245231048.19
2021-04-28 03:59:59.999000+00:00,1024970108708.93,304245381944.28,50916281460.64,11242089106.57
2021-04-28 15:59:59.999000+00:00,1015961294188.71,309785186668.89,50921721465.66,11241415790.5
2021-04-29 03:59:59.999000+00:00,1014535380235.69,311726110423.39,51020112925.83,11242837620.88
2021-04-29 15:59:59.999000+00:00,1004860478128.47,321701740563.23,51011934386.49,11244017615.82
2021-04-30 03:59:59.999000+00:00,1003608547117.78,317227178649.49,50995654751.09,14379118728.08
2021-04-30 11:59:59.999000+00:00,1012964574744.33,316427871936.0,50997174667.67,14381612418.75
2021-04-30 23:59:59.999000+00:00,1079669884319.7,320822874720.79,50995492788.58,14377629317.92
2021-05-01 11:59:59.999000+00:00,1080941110564.33,330551957414.85,51503157909.21,14380547293.52
2021-05-01 23:59:59.999000+00:00,1081174515342.54,340840444354.06,51506811113.99,14382369887.88
2021-05-02 11:59:59.999000+00:00,1065619260010.52,339680372794.31,51792320548.14,14380386677.04
2021-05-02 23:59:59.999000+00:00,1058862005057.49,341593133885.94,51788836339.95,14379417664.25
2021-05-03 11:59:59.999000+00:00,1097933737051.27,365210414516.39,52046741599.92,14382003057.42
2021-05-03 19:59:59.999000+00:00,1075426935736.4,381570917559.56,52044076107.53,14379196909.66
2021-05-04 07:59:59.999000+00:00,1046680975914.78,383980822184.91,52166756068.93,14380871209.91
2021-05-04 19:59:59.999000+00:00,1020588619863.76,394384325600.94,52168937864.32,14382753890.06
2021-05-05 07:59:59.999000+00:00,1026708839851.15,386046099769.63,52841107555.43,14377456103.4
2021-05-05 19:59:59.999000+00:00,1067488027593.22,402780370255.27,52832864218.93,14378238107.75
2021-05-06 07:59:59.999000+00:00,1062396004785.15,398119451172.26,53548721591.66,14380129235.44
2021-05-06 19:59:59.999000+00:00,1050376691375.6,403466682345.91,53568883781.26,14380747668.4
2021-05-07 03:59:59.999000+00:00,1043080692551.33,396562958621.0,54692037457.75,14377808713.32
2021-05-07 15:59:59.999000+00:00,1074576100549.58,412457939144.56,54690249649.94,14380832379.87
2021-05-08 03:59:59.999000+00:00,1087685444948.94,409415798898.59,55259940648.15,14378515385.36
2021-05-08 15:59:59.999000+00:00,1079086657041.29,420446664276.46,55267414359.47,14381405343.76
2021-05-09 03:59:59.999000+00:00,1096821506542.91,450119253978.81,55532022643.6,14382901255.15
2021-05-09 15:59:59.999000+00:00,1074565461219.53,449411464046.97,55531395706.86,14382891193.17
2021-05-10 03:59:59.999000+00:00,1111503456758.16,469342142356.19,55799624624.29,14379771412.02
2021-05-10 11:59:59.999000+00:00,1086051664108.53,470664476399.44,55783005297.83,14380186848.73
2021-05-10 23:59:59.999000+00:00,1044927337817.5,457761219806.87,55799111960.38,14380406651.84
2021-05-11 11:59:59.999000+00:00,1032550965812.41,459185862967.07,56526432440.86,14380695470.61
2021-05-11 23:59:59.999000+00:00,1060790877191.62,482881900490.93,56516074008.49,14382565068.06
2021-05-12 11:59:59.999000+00:00,1056764782545.17,495714592305.62,57293330433.1,14379873486.52
2021-05-12 23:59:59.999000+00:00,919527847949.71,438585075673.54,57285613367.28,14381550569.97
2021-05-13 11:59:59.999000+00:00,930890639364.52,432538313707.22,57748247338.81,14379884546.19
2021-05-13 19:59:59.999000+00:00,910174557707.87,423704593565.21,57754973825.58,14382219654.0
2021-05-14 07:59:59.999000+00:00,935565572265.96,449968605605.27,57754920460.77,14379725264.29
2021-05-14 19:59:59.999000+00:00,938385393335.09,468895205278.65,57753270657.71,14381725261.16
2021-05-15 07:59:59.999000+00:00,909016383315.56,453567095448.42,58224674383.22,14377398099.42
2021-05-15 19:59:59.999000+00:00,894364828658.89,431545362593.47,58229579771.65,14377635846.77
2021-05-16 07:59:59.999000+00:00,920605386572.45,446891076947.65,58318329034.69,14379396308.35
2021-05-16 19:59:59.999000+00:00,850827666938.52,395829660786.47,58300867944.84,14380530424.95
2021-05-17 03:59:59.999000+00:00,807341487307.08,377069503296.81,58165088016.16,14379422151.91
2021-05-17 15:59:59.999000+00:00,809639779443.82,380865281283.41,58169745270.71,14378879620.82
2021-05-18 03:59:59.999000+00:00,837179967440.62,391904475185.14,58171824191.42,14379918503.94
2021-05-18 15:59:59.999000+00:00,806091629176.32,388777983953.9,58274709622.33,14389557272.23
2021-05-19 03:59:59.999000+00:00,759909397513.81,359349410207.06,58376342140.27,14385641345.45
2021-05-19 15:59:59.999000+00:00,701598008977.91,321459837844.36,58455710137.21,14362816960.89
2021-05-19 23:59:59.999000+00:00,692452570146.78,285298709244.81,58434509611.58,14379094941.29
2021-05-20 11:59:59.999000+00:00,755791117801.97,318166906208.82,58122928722.8,14388919909.65
2021-05-20 23:59:59.999000+00:00,763195929021.93,322857390498.81,58126966084.94,14378432856.27
2021-05-21 11:59:59.999000+00:00,767881847598.22,314156896963.0,58610555039.86,14387099921.9
2021-05-21 23:59:59.999000+00:00,698108789816.73,281879243639.06,58622332737.19,14386155673.03
2021-05-22 11:59:59.999000+00:00,715357257589.63,280534749782.99,58580814367.82,14389176579.99
2021-05-22 23:59:59.999000+00:00,702449253648.34,266263966983.58,59506803491.15,14391760466.09
2021-05-23 07:59:59.999000+00:00,671511291908.23,250151114538.11,59458905077.98,14384403271.33
2021-05-23 19:59:59.999000+00:00,620158346053.1,228449744135.05,59551872388.03,14393821817.83
2021-05-24 07:59:59.999000+00:00,687475831641.39,266275826410.35,59823650229.86,14383363942.11
2021-05-24 19:59:59.999000+00:00,740887638989.73,307228738100.38,59809641316.45,20615973943.71
2021-05-25 07:59:59.999000+00:00,730108758395.61,308335471129.74,60159065388.69,20622456666.72
2021-05-25 19:59:59.999000+00:00,697863371905.37,290536934236.93,60172944459.02,21036262818.69
2021-05-26 07:59:59.999000+00:00,758609985143.95,335592396525.18,60823006498.95,20938075952.17
2021-05-26 15:59:59.999000+00:00,725231908216.53,318560629849.46,60793920841.64,21253269794.66
2021-05-27 03:59:59.999000+00:00,704396331857.79,310605788375.43,61021206177.75,21583888984.14
2021-05-27 15:59:59.999000+00:00,743975269814.5,326133981727.77,61011688531.55,21900428885.22
2021-05-28 03:59:59.999000+00:00,717050212478.24,316056459896.99,61224839476.4,22042185432.03
2021-05-28 15:59:59.999000+00:00,688474580393.4,296877964482.34,61210600056.24,22085929236.93
2021-05-29 03:59:59.999000+00:00,682473217637.68,293221157117.84,61323877261.09,22162049194.12
2021-05-29 15:59:59.999000+00:00,641766713195.64,268979909585.87,61312493366.79,22198829643.83
2021-05-29 23:59:59.999000+00:00,648061013207.76,264600384052.02,61310543009.69,22230727828.41
2021-05-30 11:59:59.999000+00:00,679210580328.59,284487449990.25,61719463784.63,22324265637.28
2021-05-30 23:59:59.999000+00:00,667976638398.15,277492990926.56,61742398035.72,22421676957.19
2021-05-31 11:59:59.999000+00:00,691705214240.77,297138230646.36,61856106846.91,22533245371.85
2021-05-31 23:59:59.999000+00:00,698990486184.97,315217277482.81,61816254265.85,22628794881.2
2021-06-01 11:59:59.999000+00:00,685766028927.97,304641235796.51,61796002997.75,22683061398.15
2021-06-01 23:59:59.999000+00:00,686891021224.93,305798597367.09,61790048178.69,22666917055.27
2021-06-02 07:59:59.999000+00:00,696797356848.79,312292648307.83,61763149932.2,22667818684.89
2021-06-02 19:59:59.999000+00:00,709659941673.85,320350463308.35,61789409091.07,22707330337.68
2021-06-03 07:59:59.999000+00:00,723885316191.23,327028070906.41,61716656777.48,22784986505.78
2021-06-03 19:59:59.999000+00:00,722422864276.45,324559792370.46,61699986559.83,22849112411.59
2021-06-04 07:59:59.999000+00:00,685298054014.41,304195806486.16,61980764610.57,22808966711.96
2021-06-04 19:59:59.999000+00:00,690545189216.51,312295342845.27,62021832839.08,22840585047.02
2021-06-05 07:59:59.999000+00:00,704462820672.67,323202765672.83,62282300607.71,22918361161.45
2021-06-05 15:59:59.999000+00:00,679564992956.0,307938164761.45,62217153514.03,22896088732.06
2021-06-06 03:59:59.999000+00:00,674316917886.86,310825469340.58,62283822648.16,22944176354.54
2021-06-06 15:59:59.999000+00:00,677726850316.39,315938759131.34,62274316134.83,22968411066.98
2021-06-07 03:59:59.999000+00:00,682306717669.12,321970846050.99,62267882468.8,23023040306.11
2021-06-07 15:59:59.999000+00:00,675198834116.74,323413388780.88,62293005261.73,23105770886.83
2021-06-08 03:59:59.999000+00:00,615213230478.94,289821646073.84,62326179241.2,23064503380.29
2021-06-08 15:59:59.999000+00:00,594652313637.17,276466787541.42,62332208946.12,23034438747.51
2021-06-08 23:59:59.999000+00:00,626954944878.53,292557075207.19,62354474177.91,23163391426.82
2021-06-09 11:59:59.999000+00:00,656030626205.23,295157635088.49,62467527849.72,23221244572.01
2021-06-09 23:59:59.999000+00:00,699516138697.97,303147462062.01,62411541572.69,23252675130.36
2021-06-10 11:59:59.999000+00:00,709853655102.94,298807746427.76,62624244368.78,23184577543.18
2021-06-10 23:59:59.999000+00:00,687509421226.28,287286991033.16,62632364070.6,23210090792.22
2021-06-11 11:59:59.999000+00:00,700504883815.92,287170464491.37,62605822561.19,23359345584.56
2021-06-11 19:59:59.999000+00:00,698633992968.65,279272866840.82,62625875880.15,23410775584.02
2021-06-12 07:59:59.999000+00:00,661605778950.06,269894212585.94,62615346957.53,23493832942.78
2021-06-12 19:59:59.999000+00:00,669780316629.91,280383038732.77,62610344064.69,23574118413.28
2021-06-13 07:59:59.999000+00:00,661468496849.88,270401958642.14,62610912448.43,23591749746.85
2021-06-13 19:59:59.999000+00:00,705547006339.1,282678482038.89,62659948298.03,23656451038.6
2021-06-14 07:59:59.999000+00:00,749802243048.87,295112636977.77,62605278476.66,23675446319.55
2021-06-14 19:59:59.999000+00:00,744000897885.16,295254085303.32,62603389115.8,23614524827.11
2021-06-15 03:59:59.999000+00:00,756328774706.83,300640666456.93,62621250382.19,23721307251.39
2021-06-15 15:59:59.999000+00:00,750911972175.27,296908764371.33,62595348946.71,23767636217.71
2021-06-16 03:59:59.999000+00:00,750858028424.74,293786049795.07,62616077478.98,23815455967.34
2021-06-16 15:59:59.999000+00:00,726404030667.2,280984681213.19,62611728757.04,23824687406.15
2021-06-17 03:59:59.999000+00:00,728043791690.89,283173906155.48,62558270487.64,23919895180.85
2021-06-17 15:59:59.999000+00:00,730969870092.08,281105390962.82,62572886346.74,23903363559.93
2021-06-18 03:59:59.999000+00:00,711160244423.81,272651234172.47,62592229103.25,23992498465.0
2021-06-18 11:59:59.999000+00:00,709136029635.78,269857689771.46,62577300006.53,23867449713.82
2021-06-18 23:59:59.999000+00:00,670589444850.86,259654503060.1,62654244987.73,24202087030.92
2021-06-19 11:59:59.999000+00:00,674673657716.68,261322358334.59,62639650729.39,24230299671.36
2021-06-19 23:59:59.999000+00:00,667400859260.87,253490067194.04,62667104002.59,24382945958.92
2021-06-20 11:59:59.999000+00:00,636535044183.45,242087978739.14,62641255002.8,24382665637.0
2021-06-20 23:59:59.999000+00:00,668968868769.75,261416943133.97,62631120301.18,24440364970.15
2021-06-21 11:59:59.999000+00:00,609454899252.05,229040681886.38,62659066732.29,24441397579.02
2021-06-21 19:59:59.999000+00:00,611084771306.44,226642828709.91,62670429067.31,24957312467.6
2021-06-22 07:59:59.999000+00:00,610901641294.59,225840370351.51,62512352598.63,25049141097.89
2021-06-22 19:59:59.999000+00:00,610718139421.14,221679888489.95,62554913098.54,25337018647.31
2021-06-23 07:59:59.999000+00:00,637100526729.46,233540461307.16,62742633340.0,25211674014.67
2021-06-23 19:59:59.999000+00:00,617268899492.73,223832287560.18,62731706197.88,25506771970.97
2021-06-24 07:59:59.999000+00:00,616234610588.86,223784709020.32,62669039960.11,25459618802.67
2021-06-24 19:59:59.999000+00:00,652081331685.29,233815665045.31,62666401247.56,25480695833.02
2021-06-25 03:59:59.999000+00:00,657815460464.72,232783253791.15,62573268124.08,25549220152.35
2021-06-25 15:59:59.999000+00:00,610443179242.77,212291800561.36,62504648512.68,25556559093.81
2021-06-26 03:59:59.999000+00:00,599437448722.37,211879283882.4,62513181871.76,25655962954.66
2021-06-26 15:59:59.999000+00:00,591336972502.25,207387276194.89,62555954546.01,25717024202.57
2021-06-27 03:59:59.999000+00:00,621399286604.16,219444492100.87,62643344175.94,25786352998.38
2021-06-27 15:59:59.999000+00:00,622855759912.27,214764760794.89,62573820734.32,25789454740.35
2021-06-28 03:59:59.999000+00:00,644940789931.43,229179635377.54,62550200504.08,25860341541.72
2021-06-28 11:59:59.999000+00:00,638164841097.88,232470259290.36,62535964939.24,25945256289.83
2021-06-28 23:59:59.999000+00:00,645442759493.21,242239400957.8,62529660929.39,25459337227.38
2021-06-29 11:59:59.999000+00:00,667609232948.48,253692164699.31,62492475774.43,25385349183.57
2021-06-29 23:59:59.999000+00:00,672333423401.87,251715870101.04,62456008113.89,25247277933.84
2021-06-30 11:59:59.999000+00:00,654584207078.8,251344191944.08,62486969898.45,25233372068.96
2021-06-30 23:59:59.999000+00:00,656852513237.54,265001225920.83,62468888600.38,25162837210.47
2021-07-01 07:59:59.999000+00:00,626738716058.61,248995878468.25,62398238910.07,25179728223.64
2021-07-01 19:59:59.999000+00:00,620775422801.25,244748376474.89,62403242276.81,25181639195.55
2021-07-02 07:59:59.999000+00:00,625623614382.56,240342374442.04,62405623207.72,25198602823.32
2021-07-02 19:59:59.999000+00:00,624861154730.68,243938131553.69,62388727270.29,25219837766.26
2021-07-03 07:59:59.999000+00:00,646691651037.85,256165043244.86,62399618062.51,25477647512.04
2021-07-03 19:59:59.999000+00:00,651620922092.43,259516838535.57,62398471799.76,25517011901.44
2021-07-04 07:59:59.999000+00:00,667535901756.09,272200003427.56,62380835527.92,25520047334.08
2021-07-04 15:59:59.999000+00:00,665453902699.53,271408858079.94,62324107379.54,25498043663.0
2021-07-05 03:59:59.999000+00:00,644690471002.9,264160917074.61,62358604546.15,25501010025.15
2021-07-05 15:59:59.999000+00:00,630815785181.02,257680687751.87,62426486114.24,25527198653.98
2021-07-06 03:59:59.999000+00:00,636508192685.36,261071228246.66,62371913264.03,25575090812.92
2021-07-06 15:59:59.999000+00:00,638627395052.19,268775668284.46,62329046598.39,25565723298.67
2021-07-07 03:59:59.999000+00:00,646032631994.38,272899802267.55,62346956746.65,25687063570.62
2021-07-07 15:59:59.999000+00:00,647179873711.9,272534312710.47,62332763162.9,25789333337.1
2021-07-07 23:59:59.999000+00:00,634802817185.2,269950094549.35,62372374453.52,25816261454.22
2021-07-08 11:59:59.999000+00:00,612899257135.69,252356691302.65,62297485780.66,25884141713.23
2021-07-08 23:59:59.999000+00:00,616492852697.27,247225603541.86,62295592080.27,25929528897.21
2021-07-09 11:59:59.999000+00:00,614317710374.44,242471685072.17,62195260544.65,25951257433.45
2021-07-09 23:59:59.999000+00:00,633784072786.63,250363856990.67,62184374701.0,26080004230.01
2021-07-10 11:59:59.999000+00:00,633951438396.47,246241389584.33,62207619092.0,26075308713.89
2021-07-10 23:59:59.999000+00:00,628615338753.45,246276605890.49,62205664565.52,26093576850.37
2021-07-11 07:59:59.999000+00:00,628439498200.66,244861802119.21,62249480315.39,26115489337.21
2021-07-11 19:59:59.999000+00:00,635819533802.52,249170301966.24,62245852007.52,26135950383.72
2021-07-12 07:59:59.999000+00:00,643222740861.66,250556326599.19,62222783718.19,26134934117.97
2021-07-12 19:59:59.999000+00:00,616330606954.71,235928503069.27,62222612547.95,26162021119.31
2021-07-13 07:59:59.999000+00:00,622338395788.88,236757018396.17,62208230955.26,26540708532.73
2021-07-13 19:59:59.999000+00:00,605988995003.01,224393107939.99,62189317420.48,26514437000.27
2021-07-14 07:59:59.999000+00:00,598797784702.34,221592362956.18,62102696987.81,26491638782.24
2021-07-14 15:59:59.999000+00:00,615311680534.47,233089075350.55,62103691281.81,26582542329.06
2021-07-15 03:59:59.999000+00:00,613315999473.5,231230884802.12,62074739847.35,26675358851.44
2021-07-15 15:59:59.999000+00:00,594783078144.68,223519516869.81,62056886452.07,26102230989.39
2021-07-16 03:59:59.999000+00:00,599080485847.59,227748253170.94,62036837062.01,26383156165.64
2021-07-16 15:59:59.999000+00:00,602433022702.91,225230594564.88,62038585693.05,26398828125.63
2021-07-17 03:59:59.999000+00:00,587398194018.76,218002428335.38,62016527171.68,26526978588.82
2021-07-17 15:59:59.999000+00:00,595838473562.61,220189197928.23,62020061039.49,26574751523.28
2021-07-17 23:59:59.999000+00:00,591536476391.97,221657905577.44,62018448880.79,26590988918.95
2021-07-18 11:59:59.999000+00:00,596515681725.79,229273415741.5,62000511976.0,26605469822.67
2021-07-18 23:59:59.999000+00:00,596513309276.78,221300983040.97,62022722460.77,26652079403.79
2021-07-19 11:59:59.999000+00:00,586798968591.86,217622220246.43,61990880326.09,26685747140.69
2021-07-19 23:59:59.999000+00:00,578178147283.49,212189036786.93,61990025875.87,26665047721.02
2021-07-20 11:59:59.999000+00:00,557381947722.15,205247627565.08,61964571839.43,26791249268.36
2021-07-20 23:59:59.999000+00:00,559244324356.11,208735078073.53,61972639034.93,26774885942.52
2021-07-21 07:59:59.999000+00:00,578328740623.42,218548833497.84,61949437425.71,26792837616.9
2021-07-21 19:59:59.999000+00:00,594420183264.78,226678167268.42,61929533447.29,26819043592.96
2021-07-22 07:59:59.999000+00:00,603150355925.0,232798251578.65,61926772543.71,26893975782.37
2021-07-22 19:59:59.999000+00:00,607618299486.23,236886327101.24,61897438247.78,26910801805.77
2021-07-23 07:59:59.999000+00:00,609306420671.13,241000868831.9,61838392467.49,26940261887.64
2021-07-23 19:59:59.999000+00:00,606059307958.97,236419544127.13,61839476708.7,26950342536.13
2021-07-24 03:59:59.999000+00:00,631916792171.12,249773429496.46,61827880218.33,27011924915.12
2021-07-24 15:59:59.999000+00:00,636222878988.09,251900602909.66,61873373254.0,27013408881.09
2021-07-25 03:59:59.999000+00:00,641205200520.22,251685117038.67,61827195533.32,27013106097.29
2021-07-25 15:59:59.999000+00:00,640896554917.36,249445665515.31,61794978074.88,27025232625.04
2021-07-26 03:59:59.999000+00:00,717768714201.78,270415648553.24,61826291505.79,27076157752.46
2021-07-26 15:59:59.999000+00:00,724488857708.01,274059657997.11,61807850699.49,27163664682.92
2021-07-27 03:59:59.999000+00:00,691443479595.41,254225248153.89,61811007548.49,27137661901.73
2021-07-27 11:59:59.999000+00:00,713988113479.5,266137702936.09,61805347675.63,27191503658.23
2021-07-27 23:59:59.999000+00:00,739612127373.17,268599779831.34,61793762522.81,27204659952.84
2021-07-28 11:59:59.999000+00:00,764016106027.91,272260058747.1,61825026222.01,27238179120.37
2021-07-28 23:59:59.999000+00:00,750706646106.7,268421055913.65,61802823604.28,27304058305.98
2021-07-29 11:59:59.999000+00:00,747362601451.63,268292006687.89,61836639791.85,27334712419.14
2021-07-29 23:59:59.999000+00:00,750980784072.42,278318371380.67,61814160010.57,27215938746.52
2021-07-30 11:59:59.999000+00:00,727163136143.24,273681554340.27,61852405875.77,27232662043.08
2021-07-30 19:59:59.999000+00:00,745401827566.98,277619034645.99,61822438683.68,27273625059.59
2021-07-31 07:59:59.999000+00:00,779971376359.34,285614830068.39,61797005998.79,27304392449.9
2021-07-31 19:59:59.999000+00:00,775380149983.37,287155546584.04,61811696016.75,27323347814.72
2021-08-01 07:59:59.999000+00:00,782905812686.57,302515437861.02,61880650616.01,27354582987.79
2021-08-01 19:59:59.999000+00:00,775130385717.03,310372446945.02,61900032528.46,27384524804.73
2021-08-02 07:59:59.999000+00:00,752795886740.08,306096572487.35,61952125459.24,27411916809.3
2021-08-02 19:59:59.999000+00:00,735540125415.25,304236268844.97,61971508383.58,27409318645.35
2021-08-03 03:59:59.999000+00:00,726187973205.12,296473139834.15,62015313781.1,27409042346.85
2021-08-03 15:59:59.999000+00:00,717116112074.17,292219056052.04,62023137842.3,27446126284.3
2021-08-04 03:59:59.999000+00:00,713509607639.05,291200455734.81,62015059589.36,27468269857.08
2021-08-04 15:59:59.999000+00:00,737630710139.71,312607695079.97,62003140640.93,27457310000.69
2021-08-05 03:59:59.999000+00:00,740808294957.14,317709817897.44,62000806633.78,27590658135.83
2021-08-05 15:59:59.999000+00:00,729030963767.42,323363000512.83,62006929405.76,27618119530.34
2021-08-06 03:59:59.999000+00:00,755393373894.96,323192904599.88,62007079100.12,27608859170.27
2021-08-06 11:59:59.999000+00:00,761101775774.32,320631127637.59,62014634479.57,27599383445.99
2021-08-06 23:59:59.999000+00:00,804022903682.01,338237757599.68,62024692415.31,27543087106.82
2021-08-07 11:59:59.999000+00:00,823673734306.72,363690861297.83,62141339750.56,27592756941.87
2021-08-07 23:59:59.999000+00:00,836730623771.7,369437242138.38,62125115800.62,27599195419.38
2021-08-08 11:59:59.999000+00:00,835992303700.42,363326373948.27,62205583960.98,27678551152.5
2021-08-08 23:59:59.999000+00:00,822545074286.19,352685939542.19,62215698170.06,27689009820.37
2021-08-09 11:59:59.999000+00:00,861369251619.66,366150121163.25,62488518183.69,27763323239.81
2021-08-09 19:59:59.999000+00:00,863443976149.33,368142911035.45,62485847935.69,27722865426.09
2021-08-10 07:59:59.999000+00:00,862885828463.43,368157560432.18,62573192940.83,27869869172.3
2021-08-10 19:59:59.999000+00:00,854992767484.43,368107207578.77,62605247113.14,27914161474.65
2021-08-11 07:59:59.999000+00:00,871077574665.23,378574964597.7,62581330869.1,28015194138.33
2021-08-11 19:59:59.999000+00:00,873412171779.43,380842178851.83,62619712258.65,27999181267.77
2021-08-12 07:59:59.999000+00:00,850733383389.96,368037911681.01,62981838354.33,27975933698.23
2021-08-12 15:59:59.999000+00:00,830150637228.79,354831594709.64,62978455968.38,27854418356.79
2021-08-13 03:59:59.999000+00:00,849032792921.86,365238098800.3,62983078447.36,27844914441.58
2021-08-13 15:59:59.999000+00:00,871610135027.57,376349550002.85,62960380737.79,27797655852.93
2021-08-14 03:59:59.999000+00:00,893331725279.36,386121719834.48,63276477278.81,27695015735.81
2021-08-14 15:59:59.999000+00:00,882152594520.63,383138824555.64,63302317714.74,27688356000.67
2021-08-15 03:59:59.999000+00:00,880953138706.1,380863238310.7,63388895298.43,27699997970.45
2021-08-15 15:59:59.999000+00:00,867648774548.2,369866406788.22,63405696722.81,27623558806.61
2021-08-15 23:59:59.999000+00:00,883882942187.64,387728432649.61,63387480053.32,27646951090.44
2021-08-16 11:59:59.999000+00:00,892903087901.92,385476145414.11,63662756782.35,27629133498.12
2021-08-16 23:59:59.999000+00:00,864345726182.62,369734989543.8,63674580897.13,27422356452.81
2021-08-17 11:59:59.999000+00:00,878731105021.78,381057755263.04,64072187052.1,27464224939.0
2021-08-17 23:59:59.999000+00:00,839796717682.57,353182540848.52,64060738588.65,27457299189.31
2021-08-18 11:59:59.999000+00:00,840987928002.03,351533969453.0,64076360520.25,27521661281.78
2021-08-18 23:59:59.999000+00:00,841823296232.89,353837223420.22,64087079445.26,27490083894.12
2021-08-19 07:59:59.999000+00:00,837896935431.16,350449790171.77,64208701393.89,27500348654.71
2021-08-19 19:59:59.999000+00:00,877374289501.49,368322083370.51,64150248093.58,27329032067.51
2021-08-20 07:59:59.999000+00:00,879810790076.5,376700455828.49,64180066812.31,27196870649.92
2021-08-20 19:59:59.999000+00:00,914184670857.97,381026286837.8,64195345383.12,27001891824.22
2021-08-21 07:59:59.999000+00:00,920579606035.66,386193130688.16,64247618494.13,27060080893.06
2021-08-21 19:59:59.999000+00:00,919566798741.2,376611232841.03,64638104769.8,26963798621.17
2021-08-22 07:59:59.999000+00:00,925606760619.95,382694658804.52,64688001563.56,26977511741.6
2021-08-22 15:59:59.999000+00:00,912683962943.26,373185469388.99,64720399157.21,27003361386.35
2021-08-23 03:59:59.999000+00:00,945150948721.65,391819747771.16,64689031458.84,26991549797.29
2021-08-23 15:59:59.999000+00:00,931929400922.89,390187716961.06,64859254257.08,26979077237.29
2021-08-24 03:59:59.999000+00:00,927824232703.68,389763436390.3,65048092556.08,26945451883.72
2021-08-24 15:59:59.999000+00:00,906834019690.09,375871635216.5,65010315903.56,26945387686.45
2021-08-25 03:59:59.999000+00:00,902428491419.48,372596824299.84,65475046399.9,27007609808.52
2021-08-25 15:59:59.999000+00:00,917509792235.1,377191633209.78,65480487365.42,26929948648.66
2021-08-25 23:59:59.999000+00:00,920337950861.22,378139623272.58,65484939225.64,27053658215.06
2021-08-26 11:59:59.999000+00:00,882397273005.94,363309951791.28,65545875112.47,27028043080.07
2021-08-26 23:59:59.999000+00:00,882436522912.52,363573005236.06,65539794636.92,26997705548.75
2021-08-27 11:59:59.999000+00:00,895309121148.88,371099669044.79,65551732923.13,27066847796.57
2021-08-27 23:59:59.999000+00:00,922265559163.93,383584756114.77,65531997329.95,27145260412.66
2021-08-28 11:59:59.999000+00:00,916910910811.5,378567129511.5,65583213449.13,27141951809.65
2021-08-28 23:59:59.999000+00:00,919372790254.05,380556000846.32,65550529675.9,27136566621.64
2021-08-29 07:59:59.999000+00:00,912927452400.51,376643820886.8,65561333154.79,27178761909.56
2021-08-29 19:59:59.999000+00:00,918230736839.48,378068211298.4,65557078627.03,27208226771.36
2021-08-30 07:59:59.999000+00:00,901946591382.06,373446401791.16,65535346941.94,27230756333.77
2021-08-30 19:59:59.999000+00:00,913988976324.22,392033099223.19,65529777064.24,27261339355.86
2021-08-31 07:59:59.999000+00:00,897183252061.48,393348586573.53,65514159433.7,27458593482.14
2021-08-31 19:59:59.999000+00:00,890578090552.98,401281020157.5,65532040192.19,27487336492.18
2021-09-01 07:59:59.999000+00:00,887980074022.15,412883356838.96,65653596518.74,27442291229.91
2021-09-01 15:59:59.999000+00:00,893407335237.5,420044190734.07,65606416465.66,27445076199.96
2021-09-02 03:59:59.999000+00:00,932837539766.99,441917916557.34,65781022216.97,27492194564.37
2021-09-02 15:59:59.999000+00:00,932019718682.26,440839373850.81,65757024596.68,27450274039.71
2021-09-03 03:59:59.999000+00:00,929912353936.64,446783633206.92,65771249282.78,27564314643.11
2021-09-03 15:59:59.999000+00:00,951276922095.87,466002102763.34,66512471639.59,27614853056.21
2021-09-04 03:59:59.999000+00:00,945765129721.95,460046539677.98,66797580250.9,27615096838.43
2021-09-04 11:59:59.999000+00:00,939420797962.3,456805124590.97,66812782363.63,27640570921.46
2021-09-04 23:59:59.999000+00:00,939286123132.94,456394981337.27,66800542675.38,27671106176.64
2021-09-05 11:59:59.999000+00:00,943795617420.75,460362261637.75,66814004132.08,27755499744.02
2021-09-05 23:59:59.999000+00:00,973354882472.79,463997267858.19,66796325582.44,27797091080.19
2021-09-06 11:59:59.999000+00:00,965754024249.2,458402767724.55,66813226231.54,27765085213.58
2021-09-06 23:59:59.999000+00:00,989965076456.3,461261434463.52,67476760357.41,27808275285.28
2021-09-07 11:59:59.999000+00:00,959377507480.96,440618316490.54,67559561327.94,27901704763.71
2021-09-07 19:59:59.999000+00:00,878780196918.39,401089680685.62,67591512557.07,27991617997.14
2021-09-08 07:59:59.999000+00:00,850065649578.71,384648791413.48,68650919606.5,28266103213.09
2021-09-08 19:59:59.999000+00:00,873683970170.95,413977909282.93,68650193875.41,28517333564.98
2021-09-09 07:59:59.999000+00:00,871115082946.76,411241410293.38,68564475432.78,28660300134.09
2021-09-09 19:59:59.999000+00:00,876380973015.13,406942977841.08,68562108515.8,28855919565.68
2021-09-10 07:59:59.999000+00:00,868397387355.25,399641403489.35,68361542323.34,28935472375.34
2021-09-10 19:59:59.999000+00:00,858617988841.67,388836826007.12,68364607180.68,29039396485.96
2021-09-11 03:59:59.999000+00:00,849467258113.73,380430343912.59,68316549063.17,29178923016.65
2021-09-11 15:59:59.999000+00:00,857495919592.54,388990912443.56,68301797759.66,29227778637.06
2021-09-12 03:59:59.999000+00:00,852558759158.27,390477948821.8,68363932159.21,29193036234.02
2021-09-12 15:59:59.999000+00:00,864228670139.06,401639487345.31,68339815771.8,29238666239.03
2021-09-13 03:59:59.999000+00:00,844073180390.46,384641485790.01,68285401004.69,29244843735.22
2021-09-13 15:59:59.999000+00:00,835700486761.96,376847837331.8,68291435800.72,29326475404.58
2021-09-14 03:59:59.999000+00:00,850992639734.91,387187778307.46,68331779191.83,29365730684.91
2021-09-14 11:59:59.999000+00:00,865327907320.16,391501289923.2,68316872158.62,29387446624.83
2021-09-14 23:59:59.999000+00:00,886095283701.37,403015177032.15,68293871708.09,29231599754.97
2021-09-15 11:59:59.999000+00:00,894994446954.01,400956598092.51,68291286440.2,29275058028.76
2021-09-15 23:59:59.999000+00:00,906532479371.11,424937147896.76,68292662682.25,29235937120.72
2021-09-16 11:59:59.999000+00:00,902155366472.47,425731530271.03,68289756470.61,29264248497.85
2021-09-16 23:59:59.999000+00:00,899179151780.33,419815044703.82,68284536755.32,29197463466.73
2021-09-17 11:59:59.999000+00:00,892828905955.82,405888583332.53,68299906734.42,29243590436.33
2021-09-17 19:59:59.999000+00:00,894161245482.53,402666663593.28,68286389092.89,29326641866.97
2021-09-18 07:59:59.999000+00:00,915189920290.42,411774543571.96,68302209572.18,29356595180.87
2021-09-18 19:59:59.999000+00:00,907550859477.32,404303171524.84,68246406207.22,29373547079.48
2021-09-19 07:59:59.999000+00:00,905103587774.17,403855490859.68,68205291337.69,29370365878.85
2021-09-19 19:59:59.999000+00:00,893377265829.63,393378444536.71,68403360838.24,29474125129.12
2021-09-20 07:59:59.999000+00:00,842773915218.57,367131051037.66,68292996809.21,29455567490.78
2021-09-20 19:59:59.999000+00:00,826373885991.23,361221225293.04,68295277570.73,29408444435.56
2021-09-21 03:59:59.999000+00:00,804972420092.36,353340615381.11,68733871388.98,29450346136.9
2021-09-21 15:59:59.999000+00:00,810292184857.22,356685704339.33,68745370920.25,29500568459.21
2021-09-22 03:59:59.999000+00:00,791619878948.31,337427548865.85,68682068962.84,29862579060.97
2021-09-22 15:59:59.999000+00:00,813791987070.88,353996456591.56,68694450534.35,29943595325.88
2021-09-23 03:59:59.999000+00:00,829841047306.77,366691478659.21,68674058370.43,30097787160.09
2021-09-23 15:59:59.999000+00:00,825117297777.06,364537701996.23,68611001976.51,30203356123.46
2021-09-24 03:59:59.999000+00:00,834069567876.55,362351440496.16,68641378264.6,30327236831.85
2021-09-24 11:59:59.999000+00:00,784219188196.1,333746252686.44,68634632119.77,30317740223.29
2021-09-24 23:59:59.999000+00:00,806470363646.76,344941570041.98,68648982437.73,30692894330.71
2021-09-25 11:59:59.999000+00:00,800285874265.05,343031604741.25,68640082054.28,30782942433.82
2021-09-25 23:59:59.999000+00:00,804192450113.33,344263323578.02,68610768667.03,30827790149.91
2021-09-26 11:59:59.999000+00:00,811087159267.78,349960860995.85,68585734795.36,30961410947.13
2021-09-26 23:59:59.999000+00:00,813490665612.76,360390447457.19,68592692453.23,31087854743.24
2021-09-27 07:59:59.999000+00:00,824729983987.79,364828801902.84,68602278759.4,31174561552.34
2021-09-27 19:59:59.999000+00:00,810906944728.45,353173332577.21,68579774482.09,31126628571.58
2021-09-28 07:59:59.999000+00:00,786297101690.49,340886595838.09,68571307380.56,31225974064.79
2021-09-28 19:59:59.999000+00:00,782765199954.64,334000215979.99,68565105893.72,31312736107.7
2021-09-29 07:59:59.999000+00:00,799551454655.51,344706179246.78,68481749200.98,31218981359.08
2021-09-29 19:59:59.999000+00:00,775997191318.57,330905425331.59,68467502532.09,31513043576.63
2021-09-30 07:59:59.999000+00:00,815607759449.66,353413353846.45,68465106550.79,31452016957.6
2021-09-30 15:59:59.999000+00:00,811976767697.83,351150194127.01,68454998866.2,31459066658.93
2021-10-01 03:59:59.999000+00:00,821738188446.75,353550883403.28,68032421944.09,31530401122.26
2021-10-01 15:59:59.999000+00:00,891053719849.22,380672764203.04,68031255021.21,31741752230.57
2021-10-02 03:59:59.999000+00:00,895155932712.84,385068748991.92,68039138093.89,31937044427.23
2021-10-02 15:59:59.999000+00:00,901226990184.16,398894575128.4,68035030102.55,31971025020.84
2021-10-03 03:59:59.999000+00:00,902150402468.73,400943057573.2,68045023344.69,32118175261.34
2021-10-03 15:59:59.999000+00:00,901367466423.74,400850456204.01,68018599717.98,32154460598.15
2021-10-03 23:59:59.999000+00:00,907791525235.94,402619122253.95,68037739842.11,32215973731.74
2021-10-04 11:59:59.999000+00:00,896593488700.06,390741768675.14,68031172979.32,32303708993.77
2021-10-04 23:59:59.999000+00:00,925033195573.56,398156802049.06,68013044673.11,32165722524.82
2021-10-05 11:59:59.999000+00:00,940317248281.71,406169971412.0,68043694818.7,32311700049.28
2021-10-05 23:59:59.999000+00:00,970325310417.27,414510299768.21,68053975157.92,32367230101.61
2021-10-06 11:59:59.999000+00:00,968351255182.32,399527116636.11,68060267565.35,32486276832.24
2021-10-06 23:59:59.999000+00:00,1042827678808.09,421867592041.96,68045603913.53,32444978081.43
2021-10-07 07:59:59.999000+00:00,1031877119631.93,425436508401.88,68068097451.13,32459381722.64
2021-10-07 19:59:59.999000+00:00,1015965128547.45,424305923632.03,68050005376.89,32679758629.09
2021-10-08 07:59:59.999000+00:00,1031851987133.92,424397898193.15,68223159962.27,32747132655.04
2021-10-08 19:59:59.999000+00:00,1028960658739.83,427192200955.01,68236265298.13,32904367021.22
2021-10-09 07:59:59.999000+00:00,1034581763738.91,424949680963.56,68417844930.85,32931173126.19
2021-10-09 19:59:59.999000+00:00,1030050212351.08,422445974579.47,68413518944.35,32954388233.3
2021-10-10 07:59:59.999000+00:00,1048341990168.42,422071688229.17,68415759116.2,32984482191.47
2021-10-10 15:59:59.999000+00:00,1043034301943.2,419327073846.41,68392788107.84,33126272592.39
2021-10-11 03:59:59.999000+00:00,1064034743504.21,413773454932.28,68443976702.39,33196431667.3
2021-10-11 15:59:59.999000+00:00,1083705132194.57,423994623414.27,68433691198.6,33214375976.41
2021-10-12 03:59:59.999000+00:00,1067597593770.31,410607825985.63,68731649304.99,33192015564.93
2021-10-12 15:59:59.999000+00:00,1061350427915.65,413111748234.75,68739619787.42,33253413031.27
2021-10-13 03:59:59.999000+00:00,1060254879238.32,412604963787.88,68758853881.02,32971271727.1
2021-10-13 15:59:59.999000+00:00,1058581767117.12,411600201897.3,68782218691.78,32775044760.1
2021-10-13 23:59:59.999000+00:00,1081611750762.48,425218703480.39,68785721496.1,32807107600.23
2021-10-14 11:59:59.999000+00:00,1085780470515.71,440559000945.08,68801457624.52,32793252413.46
2021-10-14 23:59:59.999000+00:00,1080160001108.42,446474897130.95,68801425559.98,32803029241.6
2021-10-15 11:59:59.999000+00:00,1120942774615.32,445867489063.18,68618258901.19,32882300290.89
2021-10-15 23:59:59.999000+00:00,1160726409229.75,455566504000.02,68530894530.81,32734586020.66
2021-10-16 11:59:59.999000+00:00,1162887748138.98,467101872670.26,68731109671.03,32801455505.2
2021-10-16 19:59:59.999000+00:00,1146789995152.3,453051814812.9,68762457742.59,32796718728.02
2021-10-17 07:59:59.999000+00:00,1137932177839.93,457922166820.46,69037011843.59,32769124325.05
2021-10-17 19:59:59.999000+00:00,1140018120777.32,444011735079.51,69067787595.53,32764602492.74
2021-10-18 07:59:59.999000+00:00,1167591446876.26,453054760753.78,69037603247.2,32829888311.57
2021-10-18 19:59:59.999000+00:00,1158173726845.88,442086781595.38,69016459705.39,32699208783.9
2021-10-19 07:59:59.999000+00:00,1175393985776.47,450008049812.09,69083877448.95,32679311237.54
2021-10-19 19:59:59.999000+00:00,1210040967248.86,450795633928.39,69048201980.22,32210741867.98
2021-10-20 03:59:59.999000+00:00,1204421298206.56,454033393606.36,69080854549.9,32258731584.07
2021-10-20 15:59:59.999000+00:00,1260600992901.13,481244196095.09,69037265475.59,32290633011.14
2021-10-21 03:59:59.999000+00:00,1228384465306.85,494650955141.98,69041903250.98,32405943345.65
2021-10-21 15:59:59.999000+00:00,1188028409712.5,482725162873.61,69319732141.4,32400841284.37
2021-10-22 03:59:59.999000+00:00,1190802940133.58,489928779228.45,69614749373.83,32356583609.36
2021-10-22 15:59:59.999000+00:00,1145896059194.77,468924115998.99,69615239364.69,32357653179.26
2021-10-23 03:59:59.999000+00:00,1154847886762.41,475029097178.35,69585091185.85,32427441529.8
2021-10-23 11:59:59.999000+00:00,1159745444348.69,476108456447.62,69600272496.23,32514440601.2
2021-10-23 23:59:59.999000+00:00,1157410091262.62,492462196227.16,69631360685.09,32582792875.82
2021-10-24 11:59:59.999000+00:00,1137871139081.99,476509620855.39,69598722061.62,32599389198.75
2021-10-24 23:59:59.999000+00:00,1148743134467.63,482628847456.41,69589618742.79,32598764545.06
2021-10-25 11:59:59.999000+00:00,1183800406775.94,487158036306.51,69612301164.81,32519631715.61
2021-10-25 23:59:59.999000+00:00,1188575312422.11,498030801217.41,69530658274.8,32489370564.66
2021-10-26 11:59:59.999000+00:00,1184513851303.66,497915322169.88,69695524184.98,32546464468.4
2021-10-26 19:59:59.999000+00:00,1167978271401.59,496714417488.21,69642626881.72,32511677289.43
2021-10-27 11:59:59.999000+00:00,1105007853651.42,471460157254.63,69789129620.17,32505131297.04
2021-10-27 23:59:59.999000+00:00,1102757767323.44,464175061360.67,69814305403.3,32595877698.95
2021-10-28 11:59:59.999000+00:00,1149746983184.78,490304279731.02,70129213892.03,32750932416.37
2021-10-28 23:59:59.999000+00:00,1143165999365.16,506402198178.66,70104033235.33,32728125215.62
2021-10-29 11:59:59.999000+00:00,1149559259052.47,510149071191.78,70107480013.44,32734942817.29
2021-10-29 23:59:59.999000+00:00,1173512442368.29,521512615610.04,70073573281.63,32896230027.63
2021-10-30 07:59:59.999000+00:00,1162242139792.23,513993021127.11,70318764116.29,32975381130.01
2021-10-30 19:59:59.999000+00:00,1163792960887.91,512134223206.22,70380519274.37,33018460904.46
2021-10-31 07:59:59.999000+00:00,1158061847818.19,510307372541.73,70327210807.64,33225260359.77
2021-10-31 19:59:59.999000+00:00,1146047501607.71,502691269420.5,70330207345.12,33190123218.26
2021-11-01 07:59:59.999000+00:00,1172475491491.65,508288316759.73,70256400466.81,33123281663.96
2021-11-01 19:59:59.999000+00:00,1155490536864.46,514308946101.58,70315366886.8,33321880555.75
2021-11-02 07:59:59.999000+00:00,1161767655536.48,513303953528.33,70603082867.21,33167879251.42
2021-11-02 15:59:59.999000+00:00,1209118051134.44,533757102904.15,70619712791.03,33348971747.13
2021-11-03 03:59:59.999000+00:00,1192671182401.15,542470466579.04,70603237236.77,33398536771.3
2021-11-03 15:59:59.999000+00:00,1174091939947.21,537641023284.37,71110617867.51,33540715153.41
2021-11-04 03:59:59.999000+00:00,1178615579429.77,539167968110.7,71437951530.08,33704935128.44
2021-11-04 15:59:59.999000+00:00,1153026412214.77,530455581261.41,71454458185.92,33759311507.35
2021-11-05 03:59:59.999000+00:00,1175592601285.17,537623192684.24,71834812656.75,33698315711.07
2021-11-05 15:59:59.999000+00:00,1149449248296.36,528746017389.03,71860549628.17,33805074376.03
2021-11-05 23:59:59.999000+00:00,1153128571127.63,530378899238.44,71885804651.77,33939729942.68
2021-11-06 11:59:59.999000+00:00,1140348207712.9,517967930508.71,71934559630.92,34122661601.84
2021-11-06 23:59:59.999000+00:00,1160769349886.67,534616843812.57,71956744229.62,34230082628.23
2021-11-07 11:59:59.999000+00:00,1168982009272.59,543568851033.54,71910143380.25,34301669321.52
2021-11-07 23:59:59.999000+00:00,1194778776481.15,546381671971.19,72645304847.63,34343466491.14
2021-11-08 11:59:59.999000+00:00,1246395331910.0,559727181037.42,72595238867.95,34349614905.3
2021-11-08 19:59:59.999000+00:00,1242897458591.04,562361319381.24,72571767481.26,34327195202.41
2021-11-09 07:59:59.999000+00:00,1281973987240.88,566599420537.15,73345117084.82,34331763670.75
2021-11-09 19:59:59.999000+00:00,1260911794910.53,561749114188.98,73283680911.7,34614174690.92
2021-11-10 07:59:59.999000+00:00,1254983023327.08,558314995508.69,73840011016.23,34637713697.74
2021-11-10 19:59:59.999000+00:00,1258306612771.26,556873129033.14,73791901977.25,34530011718.65
2021-11-11 07:59:59.999000+00:00,1231199065011.83,555097392481.38,73893695596.07,34427277790.16
2021-11-11 19:59:59.999000+00:00,1228742968931.99,562460088229.12,73804329552.45,34389882345.62
2021-11-12 03:59:59.999000+00:00,1223902166870.04,564745134043.2,73894596871.28,34415028921.62
2021-11-12 15:59:59.999000+00:00,1192640366927.16,541132487589.11,73978654899.18,34421739577.76
2021-11-13 03:59:59.999000+00:00,1204029515485.83,549108243056.54,73870889640.95,34438784192.53
2021-11-13 15:59:59.999000+00:00,1220683814759.91,553563160250.77,73868388855.5,34427597669.21
2021-11-14 03:59:59.999000+00:00,1219797135030.78,547550949004.82,73857008732.89,34424580001.19
2021-11-14 15:59:59.999000+00:00,1208567544452.74,542204801738.9,73867913453.35,34412560958.3
2021-11-15 03:59:59.999000+00:00,1240157416455.77,556162883304.26,73846403045.01,34401002971.99
2021-11-15 11:59:59.999000+00:00,1241461631852.6,559205403931.91,73969847251.04,34465170651.32
2021-11-15 23:59:59.999000+00:00,1199611097093.65,539410730882.72,73975829727.32,34412056738.16
2021-11-16 11:59:59.999000+00:00,1144200482401.2,508158326243.18,73661854808.81,34420496163.44
2021-11-16 23:59:59.999000+00:00,1135559300073.25,499090512786.75,73811209880.71,34438997312.78
2021-11-17 11:59:59.999000+00:00,1144926428492.08,502479475972.11,73809456129.83,34438063280.35
2021-11-17 23:59:59.999000+00:00,1139519389071.77,507579384615.9,73766127377.52,34419196128.8
2021-11-18 11:59:59.999000+00:00,1119264956102.07,496293626044.95,73825118235.65,34449021618.43
2021-11-18 19:59:59.999000+00:00,1095506149263.84,482005810550.78,73818066308.84,34418400117.45
2021-11-19 07:59:59.999000+00:00,1057831121359.8,481122846171.04,73015266421.14,34426530055.9
2021-11-19 19:59:59.999000+00:00,1094175606920.04,507637299107.35,72970949514.27,34377355081.12
2021-11-20 07:59:59.999000+00:00,1103034544493.48,507065905120.32,73087041841.32,34422270020.11
2021-11-20 19:59:59.999000+00:00,1121998403678.11,520757900653.38,73069156337.37,34421590291.74
2021-11-21 07:59:59.999000+00:00,1115387353330.57,515808734036.99,73187999073.82,36088708041.14
2021-11-21 19:59:59.999000+00:00,1122056445902.77,516146653802.57,73158953085.19,36168527220.7
2021-11-22 03:59:59.999000+00:00,1082355773321.63,492862575715.59,73087619209.75,36150175874.99
2021-11-22 15:59:59.999000+00:00,1097959718534.62,501463078423.53,73087082880.58,36378648018.33
2021-11-23 03:59:59.999000+00:00,1075198677578.62,495006105245.7,72446915866.18,36437038059.51
2021-11-23 15:59:59.999000+00:00,1074494967248.4,505838173202.45,72510100388.06,36620303910.38
2021-11-24 03:59:59.999000+00:00,1078377711568.83,510344060951.23,72614710052.79,36725880109.93
2021-11-24 15:59:59.999000+00:00,1071824648363.09,504232247197.74,72493746257.85,37016580597.35
2021-11-25 03:59:59.999000+00:00,1092026232156.48,512344731765.25,72642665395.01,37271619641.98
2021-11-25 11:59:59.999000+00:00,1094873048083.55,519732405022.82,72588128027.51,37211850094.4
2021-11-25 23:59:59.999000+00:00,1112745672239.17,535507272371.78,72572827708.6,37441405843.45
2021-11-26 11:59:59.999000+00:00,1016703405236.25,473482050161.91,72581010263.35,37422160844.22
2021-11-26 23:59:59.999000+00:00,1011613083341.81,477672051592.7,72576651401.61,37937431336.93
2021-11-27 11:59:59.999000+00:00,1032253687565.44,487695601284.97,73169780819.09,38102938282.08
2021-11-27 23:59:59.999000+00:00,1035176249679.13,485548014480.93,73201616332.7,38220203206.17
2021-11-28 07:59:59.999000+00:00,1030024871895.33,482707173748.36,73183135751.76,38292018766.82
2021-11-28 19:59:59.999000+00:00,1035158457105.33,487344091451.18,73199037824.69,38288021916.1
2021-11-29 07:59:59.999000+00:00,1085591950700.63,514968046612.23,73127530081.58,38426025640.11
2021-11-29 19:59:59.999000+00:00,1092567955679.92,519754166377.43,73131098213.45,38481559325.54
2021-11-30 07:59:59.999000+00:00,1068767275388.75,523823195254.93,73331573066.65,38627532987.15
2021-11-30 19:59:59.999000+00:00,1088491947331.12,552842012138.38,73319017030.02,38642212456.26
2021-12-01 07:59:59.999000+00:00,1079501299496.94,565022565010.12,73575748209.97,38799901728.87
2021-12-01 15:59:59.999000+00:00,1108123421685.21,560831457128.73,73646353710.57,38734028450.73
2021-12-02 03:59:59.999000+00:00,1064814065793.16,533316421911.94,74095160041.8,38912662815.07
2021-12-02 15:59:59.999000+00:00,1067982156267.99,539129062311.86,74115675007.53,38978029090.63
2021-12-03 03:59:59.999000+00:00,1065549908073.11,533908042005.94,74160787913.26,39103668338.8
2021-12-03 15:59:59.999000+00:00,1057895270199.83,530185552352.0,74150189699.18,39226493493.02
2021-12-04 03:59:59.999000+00:00,985051808369.25,482292967993.42,74181170738.53,39086289062.63
2021-12-04 15:59:59.999000+00:00,912155722601.48,479465668665.73,74267487789.19,39646783847.51
2021-12-04 23:59:59.999000+00:00,929467386769.69,488613645061.96,74158158188.15,39887866490.67
2021-12-05 11:59:59.999000+00:00,930183019871.04,497694188998.96,75107907108.33,40184548925.87
2021-12-05 23:59:59.999000+00:00,932695365142.4,498007875686.39,75159692180.88,40884696965.56
2021-12-06 11:59:59.999000+00:00,918649423802.01,479722501300.13,75581091441.49,40662853650.26
2021-12-06 23:59:59.999000+00:00,955680910791.73,517093472535.58,75618184220.61,40821838661.72
2021-12-07 11:59:59.999000+00:00,974101677329.79,524034153725.13,76099742157.87,40833270966.1
2021-12-07 23:59:59.999000+00:00,957948940989.36,511968714781.49,76088188608.24,40925079964.24
2021-12-08 07:59:59.999000+00:00,954578563726.49,518502894868.15,76283996451.98,40940618913.26
2021-12-08 19:59:59.999000+00:00,953547417100.45,520194603851.31,76232604531.58,41027036104.11
2021-12-09 07:59:59.999000+00:00,946801108693.66,520818456195.77,76423484204.89,41021440969.7
2021-12-09 19:59:59.999000+00:00,901869323109.77,490122552783.32,76340314779.41,36966242868.99
2021-12-10 07:59:59.999000+00:00,900001650962.16,477834903746.86,76154193973.57,41061394208.6
2021-12-10 19:59:59.999000+00:00,909608864610.44,477227936195.24,76178281013.91,41171967480.22
2021-12-11 07:59:59.999000+00:00,908797242951.65,472684647415.49,76191770611.42,41445581973.87
2021-12-11 15:59:59.999000+00:00,920510641794.85,480706576739.82,76185274424.09,41428363233.98
2021-12-12 03:59:59.999000+00:00,932628767217.74,480503851853.69,76148347625.1,41560822186.28
2021-12-12 15:59:59.999000+00:00,939209625925.38,478600301218.49,76285278461.66,41587135909.17
2021-12-13 03:59:59.999000+00:00,925616491071.51,475434159014.98,76526898232.42,41640786169.33
2021-12-13 15:59:59.999000+00:00,892654193485.31,450737734818.54,76576584756.13,41602894955.98
2021-12-14 03:59:59.999000+00:00,887709336122.76,448239868522.32,76548476699.68,41592375508.73
2021-12-14 15:59:59.999000+00:00,885375756344.97,449404461985.39,76497454831.08,41736398897.07
2021-12-14 23:59:59.999000+00:00,914495908798.84,458301106593.32,76467995842.79,41709700197.53
2021-12-15 11:59:59.999000+00:00,910327217322.09,457749995638.61,76408100587.8,41780970561.37
2021-12-15 23:59:59.999000+00:00,924244252416.86,477201243361.62,76413929324.44,41738776191.92
2021-12-16 11:59:59.999000+00:00,929837163712.45,483057833027.52,76820340376.29,41789299882.57
2021-12-16 23:59:59.999000+00:00,901005821507.54,470613962761.47,76714174322.53,41848848719.26
2021-12-17 11:59:59.999000+00:00,891288220149.25,455680051982.09,76324769847.28,41875083087.12
2021-12-17 23:59:59.999000+00:00,873389147689.22,460810766340.59,76374887436.73,41940262861.47
2021-12-18 07:59:59.999000+00:00,876752367580.14,462357107893.09,76322865629.84,41957834634.75
2021-12-18 19:59:59.999000+00:00,881695939534.94,468393087616.54,76360327525.19,41976471080.41
2021-12-19 07:59:59.999000+00:00,899017566711.98,472744932769.49,76306694578.08,42109836788.81
2021-12-19 19:59:59.999000+00:00,882834814231.14,465106837376.49,76309638484.19,42083095255.75
2021-12-20 07:59:59.999000+00:00,879345967948.86,455690229504.92,76326072782.54,42073490891.56
2021-12-20 19:59:59.999000+00:00,881162019445.77,460369615980.13,76167803979.75,42118315623.08
2021-12-21 03:59:59.999000+00:00,907073651303.14,476471149951.93,76272943294.3,42217335866.42
2021-12-21 15:59:59.999000+00:00,916088168912.95,472568994403.78,76239326618.12,42219287430.95
2021-12-22 03:59:59.999000+00:00,930828570776.31,481276979330.85,76133454053.17,38389124277.31
2021-12-22 15:59:59.999000+00:00,924974452974.61,476496937816.87,76250238777.58,42477943968.48
2021-12-23 03:59:59.999000+00:00,918448982552.75,471687966139.62,76306496050.87,42416472214.09
2021-12-23 15:59:59.999000+00:00,923614505175.21,469960769102.12,77352191272.03,42381304884.14
2021-12-24 03:59:59.999000+00:00,965695205879.33,486730072926.49,77653953819.48,42582339663.33
2021-12-24 11:59:59.999000+00:00,965804927972.62,485565681786.65,77744146560.73,42596014683.73
2021-12-24 23:59:59.999000+00:00,961051547919.03,481210199545.08,77684840245.61,42479522272.02
2021-12-25 11:59:59.999000+00:00,958047209580.16,481437715703.59,77636150748.3,42355713693.24
2021-12-25 23:59:59.999000+00:00,953678082632.84,486650526450.39,77585577449.75,42461297279.72
2021-12-26 11:59:59.999000+00:00,942167974961.89,480390444914.03,78118786439.65,42421525791.27
2021-12-26 23:59:59.999000+00:00,960899995734.95,483620188465.03,78020576206.35,42392023711.46
2021-12-27 11:59:59.999000+00:00,958632433794.25,482370303043.19,77948519811.9,42136881641.83
2021-12-27 19:59:59.999000+00:00,969959557479.36,485147761351.13,78012276824.1,42138297495.52
2021-12-28 07:59:59.999000+00:00,931606555223.27,466151107401.38,78036924252.46,42200244013.97
2021-12-28 19:59:59.999000+00:00,902789857361.1,453125940898.89,78217129323.73,42156255271.84
2021-12-29 07:59:59.999000+00:00,900358549169.41,451601665648.74,78173149215.14,42183786259.77
2021-12-29 19:59:59.999000+00:00,890511349136.03,442681377813.16,78130859601.77,42110812225.99
2021-12-30 07:59:59.999000+00:00,889461109507.92,441517834370.15,78380200060.18,42135445927.59
2021-12-30 19:59:59.999000+00:00,899772903447.31,446171455341.13,78362266929.81,42286698227.35
2021-12-31 03:59:59.999000+00:00,893547110862.1,444821075483.01,78392592294.98,42327857217.42
2021-12-31 15:59:59.999000+00:00,906270455634.66,450131446654.16,78344496481.37,42425655446.69
2022-01-01 03:59:59.999000+00:00,885911379929.59,443586775721.01,78352715939.22,42345880808.93
2022-01-01 15:59:59.999000+00:00,893237686325.45,443371633805.94,78362819275.51,42440189575.66
2022-01-02 03:59:59.999000+00:00,896500627942.04,446367673236.04,78369448028.57,42425313620.62
2022-01-02 15:59:59.999000+00:00,895367430696.68,449196323101.25,78355216074.57,42482674083.16
2022-01-03 03:59:59.999000+00:00,886559789843.72,450836940447.51,78353051046.42,42594112215.12
2022-01-03 11:59:59.999000+00:00,896174264058.1,456176136198.62,78354256881.72,42603194234.02
2022-01-03 23:59:59.999000+00:00,878946596803.07,447650792403.77,78350771577.01,42567699046.2
2022-01-04 11:59:59.999000+00:00,883934084489.8,455545159941.64,78241509083.11,42619019859.96
2022-01-04 23:59:59.999000+00:00,868383282082.05,451591466825.1,78254281727.37,42619659433.82
2022-01-05 11:59:59.999000+00:00,875386008021.02,451718067529.06,78447723632.09,42656921140.63
2022-01-05 23:59:59.999000+00:00,824368284529.82,422636379036.13,78447516646.57,42744624582.67
2022-01-06 11:59:59.999000+00:00,811791356104.14,399881512332.61,78570297758.11,42937980968.96
2022-01-06 19:59:59.999000+00:00,822894419043.61,411168278850.65,78559669466.33,42960755331.37
2022-01-07 07:59:59.999000+00:00,789013448335.91,380380719135.9,78431675697.52,43195005339.52
2022-01-07 19:59:59.999000+00:00,790936785520.24,380188085330.16,78438478691.39,39640531777.8
2022-01-08 07:59:59.999000+00:00,793153930200.15,382954840563.02,78313016500.59,39825622071.71
2022-01-08 19:59:59.999000+00:00,773372432218.18,360992373912.96,78312995901.51,43448231100.47
2022-01-09 07:59:59.999000+00:00,791815173056.52,373042490329.71,78303002909.02,43589223976.6
2022-01-09 19:59:59.999000+00:00,806102090893.66,381121132346.16,78303477571.42,43621959249.68
2022-01-10 03:59:59.999000+00:00,794426971243.43,375921224411.17,78298705320.21,43605956213.19
2022-01-10 15:59:59.999000+00:00,774131049739.12,358523622182.75,78302557581.0,43659381807.45
2022-01-11 03:59:59.999000+00:00,798719552895.12,371449102134.79,78293491166.47,43901174818.47
2022-01-11 15:59:59.999000+00:00,789229220674.99,372441117328.47,78291898955.96,43975396938.19
2022-01-12 03:59:59.999000+00:00,806312339815.91,385381976626.99,78419521960.42,44165640296.48
2022-01-12 15:59:59.999000+00:00,824264810778.5,400052497304.18,78429268345.69,44288628251.92
2022-01-12 23:59:59.999000+00:00,831836978396.02,401752380545.64,78413876540.67,44631425710.63
2022-01-13 11:59:59.999000+00:00,826384625969.99,397872452328.22,78424974100.53,44746382433.65
2022-01-13 23:59:59.999000+00:00,806189762638.47,387027270411.94,78428105054.1,44946411341.34
2022-01-14 11:59:59.999000+00:00,797042301319.53,382743464863.98,78424849733.59,44986343831.1
2022-01-14 23:59:59.999000+00:00,815850639036.09,394425210961.65,78416520725.78,45171641830.49
2022-01-15 11:59:59.999000+00:00,814861886903.86,395578994427.7,78437126273.04,45236206535.52
2022-01-15 23:59:59.999000+00:00,817364571824.4,396916629872.55,78449911429.28,45273082060.91
2022-01-16 07:59:59.999000+00:00,818412814867.15,397239307210.95,78451135572.42,45389237288.03
2022-01-16 19:59:59.999000+00:00,812329392252.13,396384185819.45,78432638857.51,45428946005.93
2022-01-17 07:59:59.999000+00:00,809206116728.31,390784009014.55,78427282729.29,45492194251.01
2022-01-17 19:59:59.999000+00:00,800722114556.7,384215583917.02,78427578380.0,45499562856.87
2022-01-18 07:59:59.999000+00:00,796495212910.68,380242078199.75,78357992372.62,45521563992.04
2022-01-18 19:59:59.999000+00:00,791124133595.42,373142244166.17,78336412590.07,45591866470.91
2022-01-19 07:59:59.999000+00:00,782201724500.65,364565785803.83,78388909339.22,45742450338.73
2022-01-19 15:59:59.999000+00:00,795308404102.97,372541637638.82,78339490442.74,45834747285.3
2022-01-20 03:59:59.999000+00:00,794256492345.58,372690586693.61,78345889118.48,46036180333.15
2022-01-20 15:59:59.999000+00:00,819119018673.05,387695967327.82,78360737014.1,46350661004.04
2022-01-21 03:59:59.999000+00:00,730771461555.25,338402171985.03,78307822875.59,46314385716.15
2022-01-21 15:59:59.999000+00:00,737135848815.4,338712284732.55,78302954119.84,42656449698.3
2022-01-22 03:59:59.999000+00:00,688146842443.48,305776164593.58,78282400513.99,42974989697.39
2022-01-22 15:59:59.999000+00:00,661533791974.98,285648183231.16,78269399706.66,43168090238.7
2022-01-22 23:59:59.999000+00:00,663374008017.03,286866655647.36,78264128275.46,43264434004.35
2022-01-23 11:59:59.999000+00:00,676139935425.12,298343677603.76,78347993489.83,43403220513.75
2022-01-23 23:59:59.999000+00:00,687012848062.33,302389263380.59,78350199961.53,47651385218.76
2022-01-24 11:59:59.999000+00:00,638719764691.5,267557953812.58,78337238410.33,47789176984.94
2022-01-24 23:59:59.999000+00:00,694196560316.9,291127719900.53,78294417929.41,48058913063.46
2022-01-25 11:59:59.999000+00:00,689735330017.97,289332247067.29,78318355279.68,48292772786.68
2022-01-25 23:59:59.999000+00:00,699907393886.04,293019902304.06,78204897226.35,48579858784.84
2022-01-26 07:59:59.999000+00:00,707310462733.67,293569407100.22,78200540914.34,49729560991.49
2022-01-26 19:59:59.999000+00:00,714087718847.6,308524388039.39,78201221145.9,49704183832.0
2022-01-27 07:59:59.999000+00:00,685869937063.47,287964113408.15,78247037315.34,49648074058.18
2022-01-27 19:59:59.999000+00:00,685998423940.34,286663502352.36,78228360534.08,49779564387.02
2022-01-28 07:59:59.999000+00:00,699146432331.38,287675411505.92,78193355465.11,49740266831.04
2022-01-28 19:59:59.999000+00:00,703841134583.44,293474107394.52,78190233383.85,49767235039.98
2022-01-29 07:59:59.999000+00:00,716419980110.85,305850327154.42,78145657179.29,49813754897.02
2022-01-29 15:59:59.999000+00:00,711388676662.91,303261828158.87,78140413910.64,49763243761.53
2022-01-30 03:59:59.999000+00:00,718695099201.37,307296443911.3,78145131991.06,49696092490.41
2022-01-30 15:59:59.999000+00:00,719829315330.21,312206774237.93,78161842183.85,49739506941.58
2022-01-31 03:59:59.999000+00:00,701540818477.54,300214722272.68,78151527023.64,49809611480.21
2022-01-31 15:59:59.999000+00:00,715246505472.03,313021400392.36,78141471193.65,49856950254.69
2022-02-01 03:59:59.999000+00:00,731585005550.57,328450713390.26,78025166063.01,50057587484.32
2022-02-01 11:59:59.999000+00:00,727930446296.73,329104842205.89,78013667315.77,50009334706.62
2022-02-01 23:59:59.999000+00:00,734039224254.88,333395296200.47,78013631849.01,50069388438.9
2022-02-02 11:59:59.999000+00:00,730045327926.04,330390287073.3,77975083472.18,50238766105.54
2022-02-02 23:59:59.999000+00:00,700155817835.89,320384932826.29,77970345723.33,50428692188.26
2022-02-03 11:59:59.999000+00:00,696183991426.35,312977648185.76,77978920470.13,50551960470.66
2022-02-03 23:59:59.999000+00:00,704010232687.46,319980125796.27,77979777937.74,50820489156.62
2022-02-04 11:59:59.999000+00:00,717452168686.12,338086365516.07,77993100915.21,50824601746.07
2022-02-04 19:59:59.999000+00:00,770903795643.47,352882157166.28,77986199788.9,50853461629.35
2022-02-05 07:59:59.999000+00:00,784523050297.34,358433400570.39,77946893044.54,50921172496.37
2022-02-05 19:59:59.999000+00:00,787360452603.28,359970862033.9,77947811536.86,50988474903.41
2022-02-06 07:59:59.999000+00:00,789073732311.26,360030644466.69,77949717946.53,50990572910.42
2022-02-06 19:59:59.999000+00:00,790371623419.65,358571303290.26,77953955535.52,51027607237.09
2022-02-07 07:59:59.999000+00:00,809733511392.51,368265362147.78,77952272063.3,51066148702.39
2022-02-07 19:59:59.999000+00:00,840657121791.93,379251160639.74,77957353932.35,51249784103.99
2022-02-08 03:59:59.999000+00:00,836550826651.03,376129111287.85,77970192867.16,51399182622.47
2022-02-08 15:59:59.999000+00:00,823638882436.66,367801278629.53,77985230760.62,51427238459.33
2022-02-09 03:59:59.999000+00:00,822078434558.12,367759107884.12,77978575836.92,51627392774.88
2022-02-09 15:59:59.999000+00:00,832053011006.5,379347098373.59,77977746719.12,51684754934.56
2022-02-10 03:59:59.999000+00:00,830538373515.11,380457957592.08,78108443378.38,51857530698.03
2022-02-10 15:59:59.999000+00:00,851293283726.43,383788580759.97,78098159407.81,51939117888.99
2022-02-11 03:59:59.999000+00:00,822254272104.31,368319566426.93,78442244110.84,52041426368.89
2022-02-11 11:59:59.999000+00:00,822299742626.39,369452503184.65,78427670914.51,52085660086.92
2022-02-11 23:59:59.999000+00:00,803848273502.66,349944259218.48,78442064942.77,52218551391.82
2022-02-12 11:59:59.999000+00:00,803737241713.18,350259235839.47,78493220693.06,52281969945.07
2022-02-12 23:59:59.999000+00:00,800797790300.71,348785733007.45,78470179413.9,52312479507.43
2022-02-13 11:59:59.999000+00:00,805702824740.13,350709070312.24,78463067527.75,52315455489.98
2022-02-13 23:59:59.999000+00:00,799950408997.29,344772260795.08,78458775425.12,52360369755.16
2022-02-14 11:59:59.999000+00:00,799158883456.58,343717853903.62,78452223858.87,52417482392.41
2022-02-14 19:59:59.999000+00:00,798186824677.21,344621314115.07,78496740495.78,52443142671.43
2022-02-15 07:59:59.999000+00:00,828811336271.23,364456791267.89,78504770943.32,52491380072.59
2022-02-15 19:59:59.999000+00:00,834280433502.37,372017076481.67,78518020262.91,52467127807.92
2022-02-16 07:59:59.999000+00:00,836915930842.44,376186833431.34,78687813021.31,52546666847.95
2022-02-16 19:59:59.999000+00:00,838632585210.31,378711384576.24,78675324789.66,52526661265.36
2022-02-17 07:59:59.999000+00:00,832712834982.07,371664533564.47,78677048240.46,52654052719.74
2022-02-17 19:59:59.999000+00:00,781132377808.57,348452596842.04,78714436108.27,52651356001.49
2022-02-18 03:59:59.999000+00:00,772060705075.15,347933775164.27,78733196508.56,52578966192.0
2022-02-18 15:59:59.999000+00:00,755409469180.7,335481876881.41,78740569924.91,52437868210.32
2022-02-19 03:59:59.999000+00:00,761290680400.03,336097199866.17,79038570677.02,52557967515.04
2022-02-19 15:59:59.999000+00:00,758523926648.54,328788784907.24,79038519504.74,52560632889.33
2022-02-20 03:59:59.999000+00:00,755014040046.07,324782685642.12,79063658717.66,52653107605.78
2022-02-20 15:59:59.999000+00:00,727473701583.97,317285207149.83,79062748544.74,52582337331.44
2022-02-21 03:59:59.999000+00:00,738741478015.32,324426492359.55,79082798593.97,52570436757.64
2022-02-21 11:59:59.999000+00:00,713948353936.18,314389385107.73,79083418814.5,52577742982.21
2022-02-21 23:59:59.999000+00:00,703124071471.97,308026942925.47,79085306874.9,52570580877.24
2022-02-22 11:59:59.999000+00:00,712946195049.22,310092468136.55,79394347277.92,52632352385.29
2022-02-22 23:59:59.999000+00:00,726121533658.47,315899223813.38,79410542602.12,52724134664.8
2022-02-23 11:59:59.999000+00:00,736859464323.6,324649819305.8,79457272947.19,52768781613.29
2022-02-23 23:59:59.999000+00:00,707390766255.17,310077026339.98,79454771410.92,52797597466.3
2022-02-24 07:59:59.999000+00:00,669112762053.47,283589712398.41,79525088738.02,52907908183.03
2022-02-24 19:59:59.999000+00:00,704809386234.28,308482522524.12,79522782608.39,53098984291.98
2022-02-25 07:59:59.999000+00:00,729626682496.76,313055381512.7,79514022894.0,53205655223.79
2022-02-25 19:59:59.999000+00:00,734848316304.67,321370014453.07,79526180491.49,53233762312.76
2022-02-26 07:59:59.999000+00:00,743150398753.37,333699656441.96,79578118415.95,53260794952.13
2022-02-26 19:59:59.999000+00:00,745074512379.39,336987893568.35,79580594265.9,53271118814.28
2022-02-27 07:59:59.999000+00:00,736412041804.58,328021853253.48,79575297849.96,53236950773.26
2022-02-27 15:59:59.999000+00:00,746287304805.16,335835381518.85,79601071743.58,53372907623.7
2022-02-28 03:59:59.999000+00:00,717316498801.13,313036895040.24,79616901065.45,53387906561.97
2022-02-28 15:59:59.999000+00:00,772754611389.99,337127185749.39,79618206586.29,53411362117.91
2022-03-01 03:59:59.999000+00:00,817826623344.87,348160230789.34,79612337996.95,53455008738.22
2022-03-01 15:59:59.999000+00:00,827417630047.2,352952059797.08,79611790235.47,53493827033.94
2022-03-02 03:59:59.999000+00:00,841793969651.95,361083363234.12,79478609221.23,53515360535.84
2022-03-02 15:59:59.999000+00:00,837830470818.3,354563557136.59,79478204427.08,53584617500.92
2022-03-02 23:59:59.999000+00:00,833361543694.83,353421574640.23,79479184547.22,53425217457.96
2022-03-03 11:59:59.999000+00:00,823497120584.07,349129453229.28,79779793584.69,53562998072.53
2022-03-03 23:59:59.999000+00:00,805466458784.89,339605220817.13,79758387195.54,53373089894.92
2022-03-04 11:59:59.999000+00:00,792864994435.27,329808812960.88,79541955028.02,53230050184.46
2022-03-04 23:59:59.999000+00:00,742617908334.96,313604105838.56,79528727937.41,52857732691.71
2022-03-05 11:59:59.999000+00:00,743232655283.15,317683234986.61,79726016579.46,52877831725.82
2022-03-05 23:59:59.999000+00:00,747638613405.07,319352820652.92,79734998187.24,52875394063.24
2022-03-06 07:59:59.999000+00:00,747985613033.49,317130602308.01,79726792082.79,52896837759.68
2022-03-06 19:59:59.999000+00:00,734786026398.42,312982542549.99,79732620279.49,52920522327.46
2022-03-07 07:59:59.999000+00:00,720758343713.51,302415758665.08,80046783111.95,52753799735.64
2022-03-07 19:59:59.999000+00:00,708812557916.16,295207351989.2,80044939341.67,52428737795.22
2022-03-08 07:59:59.999000+00:00,731269708132.18,303809206685.37,80048947802.62,52531657390.74
2022-03-08 19:59:59.999000+00:00,735603945194.8,309048658037.36,80056620932.74,52496638477.48
2022-03-09 07:59:59.999000+00:00,792043066591.38,328660196731.38,80057112872.46,52446918067.33
2022-03-09 15:59:59.999000+00:00,804399181524.49,329864287448.63,80048257281.04,52415919102.52
2022-03-10 03:59:59.999000+00:00,775356079292.96,319673006119.49,80059249792.02,52409579081.97
2022-03-10 15:59:59.999000+00:00,744359759936.47,311577854297.25,80076502072.37,52322489050.91
2022-03-11 03:59:59.999000+00:00,734987247082.6,305992342188.26,80071063998.85,52518852272.43
2022-03-11 15:59:59.999000+00:00,742244301770.72,309414364077.9,80075274393.1,52581094919.37
2022-03-12 03:59:59.999000+00:00,742261751409.88,310026259196.01,80082180333.42,52392190107.23
2022-03-12 15:59:59.999000+00:00,742237625006.94,310140236409.14,80072286086.21,52391083960.63
2022-03-12 23:59:59.999000+00:00,738459914963.88,308802688253.24,80069194735.0,52357594339.02
2022-03-13 11:59:59.999000+00:00,736227576464.89,308733963568.53,80087266268.79,52403570444.87
2022-03-13 23:59:59.999000+00:00,718481905385.96,302142844336.01,80088619803.15,52427364797.9
2022-03-14 11:59:59.999000+00:00,739347505484.37,309696537949.61,80098556867.73,52442524265.55
2022-03-14 23:59:59.999000+00:00,753013859089.57,310784628714.7,80099251910.81,52457686952.33
2022-03-15 11:59:59.999000+00:00,733855341586.4,304093536675.65,80097238650.18,52441674469.85
2022-03-15 19:59:59.999000+00:00,753234832505.75,318456596388.41,80100155894.12,52362305618.21
2022-03-16 07:59:59.999000+00:00,750869714529.88,317309039714.91,80110181951.29,52355690115.6
2022-03-16 19:59:59.999000+00:00,774600344722.84,329216108381.87,80121009905.88,52311529138.88
2022-03-17 07:59:59.999000+00:00,773451457981.1,330590938919.95,80152861753.11,52463234810.59
2022-03-17 19:59:59.999000+00:00,775025099259.19,338482197960.86,80163518661.39,52538181865.77
2022-03-18 07:59:59.999000+00:00,771345810231.33,335307665925.21,80461346283.0,52719534500.07
2022-03-18 19:59:59.999000+00:00,795451834710.48,354270214593.88,80473060240.45,52692877162.52
2022-03-19 03:59:59.999000+00:00,793084785363.18,353814941572.51,80451054523.02,52847628174.54
2022-03-19 15:59:59.999000+00:00,797138061366.74,356305119075.1,80453911829.27,52902479529.45
2022-03-20 03:59:59.999000+00:00,796385381015.4,351946453304.18,80789795967.29,52921145690.97
2022-03-20 15:59:59.999000+00:00,785886045930.67,343113489418.46,80789855830.03,52948630980.85
2022-03-21 03:59:59.999000+00:00,776042191170.36,341703903022.76,80818085107.31,52976168630.69
2022-03-21 15:59:59.999000+00:00,782375079401.81,354012364437.84,80812975802.1,52988559678.79
2022-03-22 03:59:59.999000+00:00,802098330005.03,361266261874.53,80788891351.8,52950793754.71
2022-03-22 11:59:59.999000+00:00,815278449189.63,362392558215.31,80793684117.59,53016359018.48
2022-03-22 23:59:59.999000+00:00,804437952235.7,356983458903.94,80782526607.96,52678557970.86
2022-03-23 11:59:59.999000+00:00,798705377775.95,354257278419.57,80861686148.65,52569632499.24
2022-03-23 23:59:59.999000+00:00,814620088888.69,363981070562.25,80857795208.91,52434965774.66
2022-03-24 11:59:59.999000+00:00,815898900635.44,366063284028.77,80915424829.54,52423005962.16
2022-03-24 23:59:59.999000+00:00,834943671214.36,373268685628.38,80933303631.62,52458248439.63
2022-03-25 11:59:59.999000+00:00,847144604377.07,380645452690.35,80999973122.62,52484585446.01
2022-03-25 19:59:59.999000+00:00,843180443265.76,373452390043.11,80992267754.77,52438442993.0
2022-03-26 07:59:59.999000+00:00,845834647553.22,376536168699.19,81345718211.1,51956454989.92
2022-03-26 19:59:59.999000+00:00,842592706223.73,375101421382.72,81352762313.4,51945397757.54
2022-03-27 07:59:59.999000+00:00,849465568189.35,378883123106.83,81371444548.41,51971556304.35
2022-03-27 19:59:59.999000+00:00,851669344590.49,381637321088.58,81365339179.66,52025647630.57
2022-03-28 07:59:59.999000+00:00,892188880190.41,398665600571.33,81402181278.03,52059925083.37
2022-03-28 19:59:59.999000+00:00,909613093861.71,409885060690.74,81403643769.37,52060870505.01
2022-03-29 03:59:59.999000+00:00,899367392013.03,405166154411.15,81577094071.73,52130480786.85
2022-03-29 15:59:59.999000+00:00,902582469767.54,409625252102.0,81574878177.03,51897870784.38
2022-03-30 03:59:59.999000+00:00,900837987547.82,406655080703.77,81704351169.89,51930145824.92
2022-03-30 15:59:59.999000+00:00,895778616930.96,406192939737.47,81698454593.49,51856156082.21
2022-03-31 03:59:59.999000+00:00,894819103255.83,408302809925.96,81961057241.71,51671987346.13
2022-03-31 15:59:59.999000+00:00,882639516005.39,403088276315.06,81967583918.33,51602671664.14
2022-04-01 03:59:59.999000+00:00,846867100650.71,389972265656.83,82004066846.11,51427723781.9
2022-04-01 11:59:59.999000+00:00,857309235413.84,394784617117.29,82013474372.73,51360449538.85
2022-04-01 23:59:59.999000+00:00,879359612625.13,414654032151.08,82008115264.48,51654176342.4
2022-04-02 11:59:59.999000+00:00,884938926116.05,419283674347.29,82114920610.93,51650920365.27
2022-04-02 23:59:59.999000+00:00,871556728552.73,414159902496.97,82111176333.58,51598278622.22
2022-04-03 11:59:59.999000+00:00,879266284288.71,419077139021.05,82328382517.28,51628916396.62
2022-04-03 23:59:59.999000+00:00,882703992270.53,423557081705.01,82324402977.5,51633984578.71
2022-04-04 11:59:59.999000+00:00,877481299256.38,418336189436.06,82350911416.26,51574356249.88
2022-04-04 19:59:59.999000+00:00,872333447470.15,419841524029.31,82366567666.6,51667696831.28
2022-04-05 07:59:59.999000+00:00,887674998507.69,424205522493.87,82401843161.98,51530811877.41
2022-04-05 19:59:59.999000+00:00,874375918723.4,416401116158.33,82408657650.42,51507989380.19
2022-04-06 07:59:59.999000+00:00,861188153963.05,403153710781.37,82441575209.16,51300528863.33
2022-04-06 19:59:59.999000+00:00,833032719857.5,388399933136.02,82454911017.97,51403049165.67
2022-04-07 07:59:59.999000+00:00,826259261035.92,388069032097.38,82456121100.42,51047308597.23
2022-04-07 15:59:59.999000+00:00,823673610204.2,384594013939.96,82462488397.71,51134770343.08
2022-04-08 03:59:59.999000+00:00,829344188622.31,392555908252.96,82513698517.78,51066627735.45
2022-04-08 15:59:59.999000+00:00,830104167244.88,394607178460.58,82526955602.23,51036321004.25
2022-04-09 03:59:59.999000+00:00,806202612151.99,386435186074.0,82539887470.1,50948902984.49
2022-04-09 15:59:59.999000+00:00,803322920715.88,385958071500.24,82535956097.54,50908856703.48
2022-04-10 03:59:59.999000+00:00,813587680865.33,392064604904.53,82574061310.13,50978904231.66
2022-04-10 15:59:59.999000+00:00,812695894609.9,391694372711.06,82566858636.96,50978327416.73
2022-04-10 23:59:59.999000+00:00,802293412896.68,386471827350.58,82559031739.45,50992961339.02
2022-04-11 11:59:59.999000+00:00,780691299338.09,366911053140.66,82565626781.67,50951951102.19
2022-04-11 23:59:59.999000+00:00,751274786459.3,358739023178.63,82563674915.1,50795899323.44
2022-04-12 11:59:59.999000+00:00,767589406058.84,365755561183.35,82590501972.61,50831957018.05
2022-04-12 23:59:59.999000+00:00,762819737793.6,364715602736.26,82592281332.67,50634695378.39
2022-04-13 11:59:59.999000+00:00,757652660967.77,364212575951.46,82635542192.67,50576885036.85
2022-04-13 23:59:59.999000+00:00,782617115810.22,375344730158.78,82636519751.44,50573406243.55
2022-04-14 07:59:59.999000+00:00,784875658809.6,374854069926.03,82665115166.91,50402769823.34
2022-04-14 19:59:59.999000+00:00,756650778646.82,360819853638.46,82658699436.44,50441656231.57
2022-04-15 07:59:59.999000+00:00,766733633513.8,365851485489.55,82707214363.13,50207526062.65
2022-04-15 19:59:59.999000+00:00,767015513389.59,364257862064.42,82711934106.82,50265866894.01
2022-04-16 07:59:59.999000+00:00,768282873412.39,365492515318.94,82737135026.84,50082458868.72
2022-04-16 19:59:59.999000+00:00,764617342011.04,364168970122.43,82739217561.28,50079502681.47
2022-04-17 07:59:59.999000+00:00,766289332115.52,365802149311.68,82736377706.22,50110211900.04
2022-04-17 15:59:59.999000+00:00,769336349688.58,370067277239.21,82739691526.93,50042017148.0
2022-04-18 03:59:59.999000+00:00,757680970443.55,360990820069.02,82763595066.64,50025618319.21
2022-04-18 15:59:59.999000+00:00,746538563551.51,350926837855.29,82754901153.57,49980301573.86
2022-04-19 03:59:59.999000+00:00,774171723711.65,366061192579.55,82745959850.06,49904390024.38
2022-04-19 15:59:59.999000+00:00,788707712663.95,374854546643.63,82813006974.56,49734491400.85
2022-04-20 03:59:59.999000+00:00,786846242960.6,372092383918.19,82881222568.02,49804759728.55
2022-04-20 15:59:59.999000+00:00,784886548760.52,369745551393.18,82875901991.82,49806277178.5
2022-04-20 23:59:59.999000+00:00,786828424698.83,370747899752.64,82870631126.49,49884716882.41
2022-04-21 11:59:59.999000+00:00,806972075128.21,379393617848.05,83022317152.9,49902674699.45
2022-04-21 23:59:59.999000+00:00,770762297842.52,359913941107.04,83010873378.27,49906402633.05
2022-04-22 11:59:59.999000+00:00,771518664496.86,362896673046.73,83084297161.54,49889961285.69
2022-04-22 23:59:59.999000+00:00,755827581232.71,357225521174.06,83088666666.35,49902262354.91
2022-04-23 11:59:59.999000+00:00,753752758949.64,356598916012.57,83140849359.04,49901138031.01
2022-04-23 23:59:59.999000+00:00,751045477435.14,354042065765.69,83133137926.18,49892540348.0
2022-04-24 07:59:59.999000+00:00,756258367964.89,355494508799.3,83132013985.25,49884731075.26
2022-04-24 19:59:59.999000+00:00,755065419173.68,356521653667.8,83136387893.22,49895445969.32
2022-04-25 07:59:59.999000+00:00,732033119983.1,339109824284.6,83145777345.68,49871886056.78
2022-04-25 19:59:59.999000+00:00,765310881661.31,362543718290.25,83143320009.64,49989985956.22
2022-04-26 07:59:59.999000+00:00,772617529994.08,362242985319.17,83142898806.62,49908800527.17
2022-04-26 19:59:59.999000+00:00,729484845450.57,342641615207.23,83166507785.85,49871121110.86
2022-04-27 03:59:59.999000+00:00,729900365938.88,341869752578.69,83179509980.86,49468850895.4
2022-04-27 11:59:59.999000+00:00,741046956009.95,347425118887.68,83186285585.7,49457936266.27
2022-04-27 19:59:59.999000+00:00,739263518409.28,344085716723.34,83186319226.2,49536204742.77
2022-04-28 07:59:59.999000+00:00,750335697341.18,350266762624.23,83161152119.58,49489135197.09
2022-04-28 19:59:59.999000+00:00,759956328940.89,355314787424.49,83172933420.28,49554452004.73
2022-04-29 07:59:59.999000+00:00,753009359617.85,352709441875.44,83160139636.95,49399536655.42
2022-04-29 19:59:59.999000+00:00,728709662938.1,335883097318.64,83157347780.65,49393143784.0
2022-04-30 07:59:59.999000+00:00,735494067191.51,340981656858.65,83162506579.24,49379081151.15
2022-04-30 15:59:59.999000+00:00,732190673735.66,339681341912.01,83167447275.56,49325755581.86
2022-05-01 03:59:59.999000+00:00,723916704683.89,334654480465.92,83171035219.12,49268224586.68
2022-05-01 15:59:59.999000+00:00,732206716362.47,338398506590.47,83166152642.7,49287640949.54
2022-05-02 03:59:59.999000+00:00,736067443811.75,342751798776.49,83167216063.04,49293366792.3
2022-05-02 15:59:59.999000+00:00,736009571661.63,340433043153.4,83155912654.05,49279115970.99
2022-05-03 03:59:59.999000+00:00,732680605295.22,343426092770.23,83166313871.95,49165986440.72
2022-05-03 15:59:59.999000+00:00,729246880966.64,340519411914.12,83162308664.65,48954156408.15
2022-05-03 23:59:59.999000+00:00,718385701942.79,335783385599.7,83161656879.3,49044522714.04
2022-05-04 11:59:59.999000+00:00,742304810148.9,346316713550.99,83155108286.63,49031172547.37
2022-05-04 23:59:59.999000+00:00,755491473700.31,354781969604.05,83153531242.58,48922769160.45
2022-05-05 11:59:59.999000+00:00,751434446795.89,352757774382.35,83154720970.67,48775502253.94
2022-05-05 23:59:59.999000+00:00,696088266356.37,331722438859.99,83151407127.21,48847546127.07
2022-05-06 11:59:59.999000+00:00,682290031319.04,323016543594.89,83244439576.28,48827113148.74
2022-05-06 23:59:59.999000+00:00,685953792235.64,325214199379.47,83235897877.61,48818135775.03
2022-05-07 07:59:59.999000+00:00,684045149232.28,322670846581.22,83230988903.15,48576318218.71
2022-05-07 19:59:59.999000+00:00,683051549941.76,323990825472.62,83236519395.63,48573879600.16
2022-05-08 07:59:59.999000+00:00,659651709710.39,308695064458.54,83209010540.15,48657325997.21
2022-05-08 19:59:59.999000+00:00,658382509084.28,309208397260.5,83206029378.07,48691551897.54
2022-05-09 07:59:59.999000+00:00,638807664836.28,295786554300.43,83208074335.54,48648407185.02
2022-05-09 19:59:59.999000+00:00,587809990747.88,273603847907.52,83216288697.63,48475225876.59
2022-05-10 07:59:59.999000+00:00,604874919144.62,287923466233.23,83168197759.06,48491966213.83
2022-05-10 15:59:59.999000+00:00,595497950138.27,284568499081.47,83170176296.51,48426725700.48
2022-05-11 03:59:59.999000+00:00,594707738710.38,285139396201.53,83138071618.99,48342574600.2
2022-05-11 15:59:59.999000+00:00,588557238217.47,273306097118.1,83054766484.56,48480218317.16
2022-05-12 03:59:59.999000+00:00,541149463552.13,239852895475.78,82351630032.22,48770997551.46
2022-05-12 15:59:59.999000+00:00,553722589776.46,238564690616.78,82461742530.72,49158671065.73
2022-05-13 03:59:59.999000+00:00,583109997701.26,253587868369.21,79244824256.24,49760831643.51
2022-05-13 15:59:59.999000+00:00,577554978134.2,252424875045.72,78685209649.91,49967833998.11
2022-05-13 23:59:59.999000+00:00,557525025253.19,243274721466.96,78628680640.5,50579540928.38
2022-05-14 11:59:59.999000+00:00,553150026720.16,239840700596.24,76567498016.46,50933488153.17
2022-05-14 23:59:59.999000+00:00,573129618194.88,248356265277.91,76614556564.97,51108110209.88
2022-05-15 11:59:59.999000+00:00,574672176129.62,250700608244.1,75672659370.18,51122641827.18
2022-05-15 23:59:59.999000+00:00,596074575228.33,259186464086.69,75681576735.6,51148192672.29
2022-05-16 11:59:59.999000+00:00,570453778573.99,245751536925.34,75685447340.95,51100372588.69
2022-05-16 23:59:59.999000+00:00,568643328349.1,244357879748.28,75659604369.58,52005779139.96
2022-05-17 07:59:59.999000+00:00,578641235816.99,250135172534.14,75672199438.15,52104585264.82
2022-05-17 19:59:59.999000+00:00,573673530815.13,247465060579.61,75669379190.5,52045189471.57
2022-05-18 07:59:59.999000+00:00,568625200938.8,245587088602.65,74126231408.47,52263585740.94
2022-05-18 19:59:59.999000+00:00,558192479533.55,239579109452.72,74112413385.24,52126716836.42
2022-05-19 07:59:59.999000+00:00,555522508736.2,235627719579.98,74139120196.69,52343846167.15
2022-05-19 19:59:59.999000+00:00,571183587487.06,241252504796.83,74132027981.49,52565411854.4
2022-05-20 03:59:59.999000+00:00,574495650962.62,244266556268.96,74129076318.16,52808506482.78
2022-05-20 15:59:59.999000+00:00,555295741550.72,236730059201.26,74121667165.52,52847101042.93
2022-05-21 03:59:59.999000+00:00,556927726236.96,237427146996.44,73185059027.29,53000458709.38
2022-05-21 15:59:59.999000+00:00,562188803520.48,239310286256.73,73190892446.65,53025698224.99
2022-05-22 03:59:59.999000+00:00,559265452933.18,238601632148.65,73181871361.23,53053362886.59
2022-05-22 15:59:59.999000+00:00,567877135044.03,241846446289.5,73195275006.85,53073747910.3
2022-05-23 03:59:59.999000+00:00,574081711481.97,245157440486.01,73208685206.44,53142469693.76
2022-05-23 11:59:59.999000+00:00,578869201099.19,250097415728.09,73212432012.26,53172240128.49
2022-05-23 23:59:59.999000+00:00,554268758109.31,238431020387.29,73208261018.08,53322677856.51
2022-05-24 11:59:59.999000+00:00,557044006116.22,237575630244.66,73195813053.28,53189226036.79
2022-05-24 23:59:59.999000+00:00,564895173841.06,239278614833.62,73209654828.01,53292785641.72
2022-05-25 11:59:59.999000+00:00,560230374309.53,235426096206.18,73205457582.0,53408753267.85
2022-05-25 23:59:59.999000+00:00,563145244691.91,235174141323.92,73200049460.31,53419227603.5
2022-05-26 11:59:59.999000+00:00,553549264851.84,219881654931.4,73204247347.9,53431288494.17
2022-05-26 19:59:59.999000+00:00,560149053972.75,221436849968.73,73201853512.1,53263276909.71
2022-05-27 07:59:59.999000+00:00,552614126178.39,214286627219.87,73205119019.29,53261728257.04
2022-05-27 19:59:59.999000+00:00,550092723939.81,212378116821.11,72461441796.33,53540973418.1
2022-05-28 07:59:59.999000+00:00,550005812588.83,213433395957.18,72456972804.91,53576909960.3
2022-05-28 19:59:59.999000+00:00,552737174520.9,216912775999.62,72460448925.15,53592940800.91
2022-05-29 07:59:59.999000+00:00,552154916453.79,215509839608.06,72468257225.17,53708641663.63
2022-05-29 19:59:59.999000+00:00,554662913226.4,216293211982.43,72476976743.52,53696384626.97
2022-05-30 03:59:59.999000+00:00,577634888875.69,227242377285.85,72477987862.04,53709856357.76
2022-05-30 15:59:59.999000+00:00,583381481591.16,231083286271.35,72489970009.17,53694459659.16
2022-05-31 03:59:59.999000+00:00,604936242296.51,241081984303.81,72496992403.58,53818358109.37
2022-05-31 15:59:59.999000+00:00,611569178088.05,240651524499.42,72489468054.35,53958485069.26
2022-06-01 03:59:59.999000+00:00,602929972858.84,233540498827.47,72490967412.46,53977336102.95
2022-06-01 15:59:59.999000+00:00,587000143376.44,228284036929.99,72483230339.65,54018685018.74
2022-06-02 03:59:59.999000+00:00,566629289069.4,219576940014.96,72479840659.24,54068805489.75
2022-06-02 11:59:59.999000+00:00,574570166393.0,222477996018.29,72483436986.18,54119233665.53
2022-06-02 23:59:59.999000+00:00,580603466872.23,221979536503.5,72488874871.39,54096133447.34
2022-06-03 11:59:59.999000+00:00,567248108371.74,213258961736.1,72490115554.23,54074059728.71
2022-06-03 23:59:59.999000+00:00,566088081691.13,214853197852.79,72478209424.9,54022580107.69
2022-06-04 11:59:59.999000+00:00,565291082889.22,213925018833.64,72488705429.86,54076842030.34
2022-06-04 23:59:59.999000+00:00,568564420350.11,218086698231.5,72493599862.39,54082579265.59
2022-06-05 11:59:59.999000+00:00,566065629314.68,216326642893.3,72492936908.22,54064118226.6
2022-06-05 19:59:59.999000+00:00,572724463755.92,220395361074.62,72491059508.24,54067792648.53
2022-06-06 07:59:59.999000+00:00,595814980687.16,228656713808.29,72497618610.8,54023815461.47
2022-06-06 19:59:59.999000+00:00,598755422920.05,225614640021.9,72493905841.05,53812078834.91
2022-06-07 07:59:59.999000+00:00,563910692274.34,213357887639.36,72378180487.14,53723615732.1
2022-06-07 19:59:59.999000+00:00,591466945361.54,223363028534.7,72369184106.94,53767054100.63
2022-06-08 07:59:59.999000+00:00,582259057828.2,218555192808.18,72379592449.37,53857106704.84
2022-06-08 19:59:59.999000+00:00,575842386518.63,217136370695.67,72375889551.14,53785846466.12
2022-06-09 03:59:59.999000+00:00,577205636990.69,217785809173.2,72380017715.28,53743432198.69
2022-06-09 15:59:59.999000+00:00,577751403319.75,217865693867.86,72387367040.92,53614299770.51
2022-06-10 03:59:59.999000+00:00,574144264338.73,217107302768.08,72442360229.17,53748479214.01
2022-06-10 15:59:59.999000+00:00,561410490170.11,209429988025.27,72444386584.68,53764070167.82
2022-06-11 03:59:59.999000+00:00,557959679458.02,202664686170.45,72436752704.29,53899180611.07
2022-06-11 15:59:59.999000+00:00,540326351673.24,183034866852.16,72428589980.51,53841931151.88
2022-06-11 23:59:59.999000+00:00,540698499860.06,185298897901.53,72424278519.53,53849159413.65
2022-06-12 11:59:59.999000+00:00,523622613640.12,177861430068.27,72421346198.36,53932353251.86
2022-06-12 23:59:59.999000+00:00,510252464820.78,175086938731.69,72428255698.57,53994300101.34
2022-06-13 11:59:59.999000+00:00,450706516344.63,145091376357.69,72138413949.1,54114318759.5
2022-06-13 23:59:59.999000+00:00,428759852105.36,145949007640.7,72192315410.0,54295283677.74
2022-06-14 11:59:59.999000+00:00,418678817423.98,141958963304.23,71515467403.1,54139300484.0
2022-06-14 23:59:59.999000+00:00,423429131864.08,146821604379.69,71524221503.43,54112329915.45
2022-06-15 07:59:59.999000+00:00,396713359695.91,133096610151.56,70763497008.82,54129854605.27
2022-06-15 19:59:59.999000+00:00,413774651161.18,142574626300.9,70780224014.9,54464816846.07
2022-06-16 07:59:59.999000+00:00,414839885049.39,141297891791.28,69973586269.0,54308914761.89
2022-06-16 19:59:59.999000+00:00,398229554899.3,132977956735.36,69959082832.89,54650188439.88
2022-06-17 07:59:59.999000+00:00,402468292533.03,133573907283.54,69152737283.07,54594519568.82
2022-06-17 19:59:59.999000+00:00,390968490204.06,130895743835.55,69147784044.23,55274873513.97
2022-06-18 07:59:59.999000+00:00,367967113480.7,122056280759.06,68153140406.57,55238377742.92
2022-06-18 15:59:59.999000+00:00,362456541342.04,120196938660.76,68147824461.83,55289338234.52
2022-06-19 03:59:59.999000+00:00,350349437881.89,115863188499.64,68078315802.95,55401116917.18
2022-06-19 15:59:59.999000+00:00,377092709980.01,128912840210.81,68098450259.24,55701685206.3
2022-06-20 03:59:59.999000+00:00,381910038999.4,131101613171.06,67846266979.48,55893427903.76
2022-06-20 15:59:59.999000+00:00,396624650908.44,137310145110.62,67854308044.65,55933553062.98
2022-06-21 03:59:59.999000+00:00,392846168672.8,136657243096.84,67428445626.8,55771978452.44
2022-06-21 15:59:59.999000+00:00,408525582195.92,141885731885.28,67435355833.17,55793875411.87
2022-06-21 23:59:59.999000+00:00,395025644879.73,136394173950.59,67433922183.48,55824727400.55
2022-06-22 11:59:59.999000+00:00,391114898705.76,133026815242.81,66913694974.12,55882110255.43
2022-06-22 23:59:59.999000+00:00,381240087223.77,127505209521.79,66920425462.93,55869774140.24
2022-06-23 11:59:59.999000+00:00,393464803688.97,134059335783.22,66919297726.21,55919062984.38
2022-06-23 23:59:59.999000+00:00,402219959760.78,138670376992.79,66931473859.16,55699388575.68
2022-06-24 11:59:59.999000+00:00,403750883503.68,144441656442.64,66935644699.64,55737551503.31
2022-06-24 23:59:59.999000+00:00,405018505024.32,148805951209.82,66932224077.7,55790164168.69
2022-06-25 07:59:59.999000+00:00,409857273576.24,149586135759.89,66832902679.57,55898076808.41
2022-06-25 19:59:59.999000+00:00,404420081408.62,146234006287.06,66833806013.42,55871810140.31
2022-06-26 07:59:59.999000+00:00,408059826301.12,150333549469.75,66829773186.58,55893553757.38
2022-06-26 19:59:59.999000+00:00,406071591968.74,148685818287.14,66836026862.71,55883673937.71
2022-06-27 07:59:59.999000+00:00,407090091751.07,148771369210.02,66832733377.45,55821255655.34
2022-06-27 19:59:59.999000+00:00,398042189005.88,145218759082.87,66810790208.37,55805587422.04
2022-06-28 07:59:59.999000+00:00,398025589612.25,146231933959.02,66761498151.71,55813510762.52
2022-06-28 15:59:59.999000+00:00,393559311355.96,143908189679.92,66769233509.26,55800583808.44
2022-06-29 03:59:59.999000+00:00,386996372217.93,139035578174.88,66743316837.79,55815744413.51
2022-06-29 15:59:59.999000+00:00,383284308726.49,135255125809.12,66755809927.63,55812837706.7
2022-06-30 03:59:59.999000+00:00,383013435186.29,132640601371.63,66343093349.85,55809499878.94
2022-06-30 15:59:59.999000+00:00,364712791303.49,124996904813.71,66349264603.34,55799247233.1
2022-07-01 03:59:59.999000+00:00,377489307783.43,128989892110.04,66152478706.13,55798924910.83
2022-07-01 11:59:59.999000+00:00,366119783822.69,127201646414.29,66160634135.33,55820822475.74
2022-07-01 23:59:59.999000+00:00,367709366218.78,128626459283.35,66157189642.31,55812506572.96
2022-07-02 11:59:59.999000+00:00,366106024712.35,126517222744.5,66166767662.43,55814249412.59
2022-07-02 23:59:59.999000+00:00,367208487556.97,129459761679.57,66163322796.97,55800988591.05
2022-07-03 11:59:59.999000+00:00,364341579385.69,128794078155.88,66167138968.66,55803547397.71
2022-07-03 23:59:59.999000+00:00,368272636367.55,130354920626.23,66169266578.19,55823349220.82
2022-07-04 11:59:59.999000+00:00,377161212950.94,132854320571.57,66020574970.97,55810286078.41
2022-07-04 19:59:59.999000+00:00,378344740418.35,136229685938.93,66024157864.85,55818770233.08
2022-07-05 07:59:59.999000+00:00,385979482853.7,140688081322.05,65988160351.95,55818345820.8
2022-07-05 19:59:59.999000+00:00,389274533601.48,138886192120.72,65982574293.46,55799407427.62
2022-07-06 07:59:59.999000+00:00,384528940289.43,138170239579.49,65935924712.49,55819512236.82
2022-07-06 19:59:59.999000+00:00,387470765665.68,139853390687.32,65940321258.05,55796239229.7
2022-07-07 07:59:59.999000+00:00,389908706535.79,142699317312.74,65942462236.35,55809954325.38
2022-07-07 19:59:59.999000+00:00,414824089919.29,151265015574.62,65957145085.16,55552927142.32
2022-07-08 03:59:59.999000+00:00,421795515051.71,152608315186.48,65961756481.5,55545478711.91
2022-07-08 15:59:59.999000+00:00,419203615265.94,150072642491.63,65951946536.61,55559634521.98
2022-07-09 03:59:59.999000+00:00,412231684511.61,147718024485.7,65953900679.66,55543657287.41
2022-07-09 15:59:59.999000+00:00,411854825980.9,147627302461.84,65954769130.22,55548121184.77
2022-07-10 03:59:59.999000+00:00,406526304110.74,144490879969.73,65960447751.86,55548514456.35
2022-07-10 15:59:59.999000+00:00,399095401751.23,141290077139.41,65957236575.23,55553800019.11
2022-07-11 03:59:59.999000+00:00,392193941638.6,139915135395.3,65954157253.06,55536872932.25
2022-07-11 11:59:59.999000+00:00,390690840485.15,138944685926.41,65954288179.41,55552525764.85
2022-07-11 23:59:59.999000+00:00,381264246558.41,133322814435.65,65939816627.8,55556318719.39
2022-07-12 11:59:59.999000+00:00,377452838157.81,129586893455.29,65939556617.61,55421833137.21
2022-07-12 23:59:59.999000+00:00,368936762200.6,126162583560.77,65947568115.87,55305921346.89
2022-07-13 11:59:59.999000+00:00,378519080614.14,131155857193.5,65902303170.83,55277913218.5
2022-07-13 23:59:59.999000+00:00,385908229967.86,135338329617.66,65910300973.28,55363386612.89
2022-07-14 11:59:59.999000+00:00,377166845358.92,131495181659.5,65895860757.72,55345700891.95
2022-07-14 19:59:59.999000+00:00,394657542476.75,145435803600.07,65894628443.24,55350519314.11
2022-07-15 07:59:59.999000+00:00,397115155874.7,147043673636.49,65851766752.01,55259585118.31
2022-07-15 19:59:59.999000+00:00,403224635031.21,153907758161.62,65853148183.57,54871001432.83
2022-07-16 07:59:59.999000+00:00,392315143871.33,145567050454.69,65864520694.62,54826669653.18
2022-07-16 19:59:59.999000+00:00,404555134154.15,162412430037.49,65863236615.25,54817041411.33
2022-07-17 07:59:59.999000+00:00,410404995309.86,165735952367.59,65864136280.01,54805099607.48
2022-07-17 19:59:59.999000+00:00,401909268469.97,163894294721.65,65858594650.36,54798806449.85
2022-07-18 03:59:59.999000+00:00,406265793022.67,170959826270.79,65881980656.71,54788635851.69
2022-07-18 15:59:59.999000+00:00,430882055618.66,183312723871.8,65891658711.4,54834816145.01
2022-07-19 03:59:59.999000+00:00,418655148713.68,184635793293.86,65857540476.85,54793609442.59
2022-07-19 15:59:59.999000+00:00,439901911349.44,186931602200.27,65865251955.17,54728149655.76
2022-07-20 03:59:59.999000+00:00,447332655528.04,189588071929.4,65847750407.08,54809642774.48
2022-07-20 15:59:59.999000+00:00,461596089645.41,194215454851.28,65857896414.47,54854441934.25
2022-07-21 03:59:59.999000+00:00,435312302545.35,181045160004.92,65851250465.12,54895091143.15
2022-07-21 11:59:59.999000+00:00,432502026997.49,181146765624.94,65845715395.08,54932412033.61
2022-07-21 23:59:59.999000+00:00,442435421338.91,191800749216.26,65851555937.77,54954728530.24
2022-07-22 11:59:59.999000+00:00,450514478159.53,199039456813.97,65853936166.54,54946725114.95
2022-07-22 23:59:59.999000+00:00,433866028177.06,187035568058.3,65844714442.34,54998691728.12
2022-07-23 11:59:59.999000+00:00,425838298735.48,185510330539.76,65846758086.3,54999031207.13
2022-07-23 23:59:59.999000+00:00,429122209145.36,188503496052.2,65843625428.07,55089683676.33
2022-07-24 07:59:59.999000+00:00,433841425624.39,195349090992.61,65839334861.19,55095683127.84
2022-07-24 19:59:59.999000+00:00,434187203035.47,195058603261.39,65844190076.45,55095863120.69
2022-07-25 07:59:59.999000+00:00,419671750874.3,185512441936.09,65849954440.53,55082276262.74
2022-07-25 19:59:59.999000+00:00,416401199663.22,180952694497.19,65848828890.0,55066231828.29
2022-07-26 07:59:59.999000+00:00,402930002866.23,172105298609.23,65848077099.14,55075060734.26
2022-07-26 19:59:59.999000+00:00,399855959118.4,166414257125.34,65848950223.49,55114413659.01
2022-07-27 07:59:59.999000+00:00,407630467041.76,177939771812.26,65849293771.14,55109871200.6
2022-07-27 15:59:59.999000+00:00,411264812670.37,181403085989.32,65857414485.37,55115173223.25
2022-07-28 03:59:59.999000+00:00,442142801037.24,200594906846.5,65863661220.75,54769717832.6
2022-07-28 15:59:59.999000+00:00,454639666496.12,210643213786.26,65857236772.53,54702945005.58
2022-07-29 03:59:59.999000+00:00,456534062535.75,210177825917.49,65947820782.21,54682366646.52
2022-07-29 15:59:59.999000+00:00,458539353199.93,209415948106.07,65953407081.02,54602715293.78
2022-07-30 03:59:59.999000+00:00,454984606542.88,207847604149.68,66074746085.23,54575952038.39
2022-07-30 15:59:59.999000+00:00,469330993776.18,211614162342.5,66077729691.01,54505282177.55
2022-07-30 23:59:59.999000+00:00,452020722098.65,206508772876.13,66076050872.9,54450310040.21
2022-07-31 11:59:59.999000+00:00,455294128541.02,209234379807.67,66215357053.21,54465474473.84
2022-07-31 23:59:59.999000+00:00,445941074223.04,204771722888.53,66219690038.41,54455842443.43
2022-08-01 11:59:59.999000+00:00,444289093060.8,203126893847.62,66213279929.66,54399961897.4
2022-08-01 23:59:59.999000+00:00,445527356895.96,199152780196.11,66211457617.36,54386015942.88
2022-08-02 11:59:59.999000+00:00,437575527890.59,193617649512.83,66317930898.38,54480528687.27
2022-08-02 23:59:59.999000+00:00,439128030641.55,198900803867.57,66318191562.36,54447561090.85
2022-08-03 07:59:59.999000+00:00,439511483656.56,198433511713.18,66423278434.65,54387999773.32
2022-08-03 19:59:59.999000+00:00,448427666212.02,201688589826.02,66429055752.12,54344732652.83
2022-08-04 07:59:59.999000+00:00,438902956880.74,198207211545.35,66440952098.0,54318408649.24
2022-08-04 19:59:59.999000+00:00,430009815088.6,194003394811.38,66431778648.22,54274779486.97
2022-08-05 07:59:59.999000+00:00,443331287412.02,202783340020.8,66485073042.75,54184053815.09
2022-08-05 19:59:59.999000+00:00,438395961460.52,204684324337.77,66481604926.03,54304834667.85
2022-08-06 07:59:59.999000+00:00,443538877483.41,209703353891.84,66483975185.56,54312518089.92
2022-08-06 15:59:59.999000+00:00,443582598518.7,209023599387.75,66480725256.44,54299474725.27
2022-08-07 03:59:59.999000+00:00,439641245182.76,205230555170.65,66484260161.94,54286354945.09
2022-08-07 15:59:59.999000+00:00,440566854282.0,207025122491.48,66484796982.33,54272059175.39
2022-08-08 03:59:59.999000+00:00,445691646599.41,208552516728.39,66485749351.0,54272230621.16
2022-08-08 15:59:59.999000+00:00,458596539882.91,216327644448.79,66484543527.6,54205251151.24
2022-08-09 03:59:59.999000+00:00,455642594804.91,216791729877.54,66486529401.24,54222094199.45
2022-08-09 15:59:59.999000+00:00,441871450389.2,205776754355.93,66488463380.24,54211869167.64
2022-08-09 23:59:59.999000+00:00,442835162483.49,207597034307.44,66490423396.56,54074361689.62
2022-08-10 11:59:59.999000+00:00,441970612934.66,207922659099.78,66534495662.03,53986251197.98
2022-08-10 23:59:59.999000+00:00,457833729141.91,225750054992.92,66534778465.85,53936090863.89
2022-08-11 11:59:59.999000+00:00,469988960197.95,231971115538.42,66785686075.69,53929299818.93
2022-08-11 23:59:59.999000+00:00,458043109398.07,229369148921.19,66785051255.91,53885216633.14
2022-08-12 11:59:59.999000+00:00,453100356299.58,227907232744.33,66926566483.53,53799836053.74
2022-08-12 19:59:59.999000+00:00,462229098004.97,234608726125.5,66922115872.57,53779479917.41
2022-08-13 07:59:59.999000+00:00,470276244214.29,243528531469.06,66930927086.39,53820002566.42
2022-08-13 19:59:59.999000+00:00,467392532074.92,241435099175.25,67057929802.0,53806430294.35
2022-08-14 07:59:59.999000+00:00,475747495869.49,246032176943.82,67306344168.86,53809757649.02
2022-08-14 19:59:59.999000+00:00,464729951717.23,235761349992.65,67302985091.06,53607370079.53
2022-08-15 07:59:59.999000+00:00,459807382636.22,231855695885.55,67434060638.08,53558590044.94
2022-08-15 19:59:59.999000+00:00,459384549742.01,230812100134.15,67426542771.21,53482841867.09
2022-08-16 03:59:59.999000+00:00,461568511291.75,230613017900.46,67582245000.36,53584550310.08
2022-08-16 15:59:59.999000+00:00,457121984641.84,230285507018.82,67572918336.16,53534777740.34
2022-08-17 03:59:59.999000+00:00,459467740245.11,231390321804.68,67570968031.09,53477874228.76
2022-08-17 15:59:59.999000+00:00,447434591303.2,223355396439.69,67573959623.39,53431750729.08
2022-08-18 03:59:59.999000+00:00,448300269657.46,225515221382.57,67570661668.01,53174378377.29
2022-08-18 15:59:59.999000+00:00,449011136698.84,228581608304.81,67552461946.51,53164897259.62
2022-08-19 03:59:59.999000+00:00,436143414748.64,222121235560.33,67548155773.6,52851427552.86
2022-08-19 11:59:59.999000+00:00,410473369537.91,208257159883.97,67554980891.6,52890428848.53
2022-08-19 23:59:59.999000+00:00,399309311305.82,196835222642.57,67553636975.95,52458216235.83
2022-08-20 11:59:59.999000+00:00,406550498546.3,199336507304.97,67556767113.77,52450150812.32
2022-08-20 23:59:59.999000+00:00,404848126556.26,192465075465.68,67547786550.07,52436961015.42
2022-08-21 11:59:59.999000+00:00,411369057122.93,198428456050.96,67556940018.73,52426930502.52
2022-08-21 23:59:59.999000+00:00,411906673576.29,197650970990.22,67549185033.32,52546676703.59
2022-08-22 11:59:59.999000+00:00,406406399780.97,191392769897.25,67549254334.34,52452131143.14
2022-08-22 19:59:59.999000+00:00,402898460744.28,190889973328.37,67544560076.31,52276478075.93
2022-08-23 07:59:59.999000+00:00,406661018824.65,195134094096.15,67546337471.23,52267451003.66
2022-08-23 19:59:59.999000+00:00,411803700639.12,201670470685.64,67548784061.76,52411526777.63
2022-08-24 07:59:59.999000+00:00,407913242407.56,198687744047.4,67552736745.68,52336867788.39
2022-08-24 19:59:59.999000+00:00,415666640867.56,205135054191.05,67548995741.25,52270955746.21
2022-08-25 07:59:59.999000+00:00,415700216164.02,208215666366.91,67549500308.15,52244786716.28
2022-08-25 19:59:59.999000+00:00,413535487509.03,208516418339.14,67552326384.46,52148668448.47
2022-08-26 03:59:59.999000+00:00,412759017541.69,206194344981.43,67552938476.92,52135227071.57
2022-08-26 15:59:59.999000+00:00,398088746373.0,195098872219.32,67554009910.31,52284156537.57
2022-08-27 03:59:59.999000+00:00,387384233614.37,183542715928.86,67553999818.95,52224895705.41
2022-08-27 15:59:59.999000+00:00,383292907856.15,180117037091.22,67549561684.94,52223926533.56
2022-08-28 03:59:59.999000+00:00,382927993809.09,182399163737.1,67549933903.33,52245814381.41
2022-08-28 15:59:59.999000+00:00,383187087571.86,181490088822.69,67548854080.38,52216737591.18
2022-08-29 03:59:59.999000+00:00,379946532945.41,177692708682.42,67552280272.71,52203234979.88
2022-08-29 11:59:59.999000+00:00,379212947316.59,176854021696.32,67552568977.4,52184325230.1
2022-08-29 23:59:59.999000+00:00,388422039679.33,189722196186.3,67551842855.73,52286365353.04
2022-08-30 11:59:59.999000+00:00,390415442034.74,193581752546.63,67554668102.34,52173898904.4
2022-08-30 23:59:59.999000+00:00,378850670474.32,186176738543.12,67555218504.49,52389264489.75
2022-08-31 11:59:59.999000+00:00,388662901112.65,194644039725.99,67553421110.22,52355079698.82
2022-08-31 23:59:59.999000+00:00,383710102294.98,189843590076.15,67550878447.21,52361614842.28
2022-09-01 11:59:59.999000+00:00,384397178953.97,192839891036.44,67551768273.0,52257183812.91
2022-09-01 19:59:59.999000+00:00,379900829024.0,190875494702.55,67550821739.52,52074295463.09
2022-09-02 07:59:59.999000+00:00,384900724301.54,194760068049.78,67552057499.19,52052637857.79
2022-09-02 19:59:59.999000+00:00,380795164243.31,190450254958.76,67555558100.77,51812916920.6
2022-09-03 07:59:59.999000+00:00,379243515835.42,188575104792.27,67555355975.1,51862524445.44
2022-09-03 19:59:59.999000+00:00,377603800407.72,189421669099.44,67554459436.08,51856794207.75
2022-09-04 07:59:59.999000+00:00,376926854078.06,189080814697.79,67550262593.24,51887406204.81
2022-09-04 15:59:59.999000+00:00,378469924706.59,190600663419.46,67554716529.36,51884661839.28
2022-09-05 03:59:59.999000+00:00,380713379320.46,192620011319.04,67553737336.71,51875713700.26
2022-09-05 15:59:59.999000+00:00,380264988751.76,195556815477.25,67550766025.99,51859919229.33
2022-09-06 03:59:59.999000+00:00,378444888975.61,200142717029.88,67546887118.82,51843242126.67
2022-09-06 15:59:59.999000+00:00,379642515828.66,204093438825.11,67544433301.58,51791573085.76
2022-09-07 03:59:59.999000+00:00,358569286533.72,184613187868.34,67549312547.38,51626322535.13
2022-09-07 15:59:59.999000+00:00,361727487900.91,188907423256.42,67552537848.08,51737180940.91
2022-09-07 23:59:59.999000+00:00,369299496559.04,199305881389.89,67553051342.8,51689106056.97
2022-09-08 11:59:59.999000+00:00,369595311284.47,199878661433.71,67550140444.84,51698639120.53
2022-09-08 23:59:59.999000+00:00,370071738762.96,199992630006.38,67552613240.04,51678540040.61
2022-09-09 11:59:59.999000+00:00,400917176568.15,207903866832.61,67561423699.16,51671711025.19
2022-09-09 23:59:59.999000+00:00,409363809141.16,210255158289.96,67562079308.59,51724537122.64
2022-09-10 11:59:59.999000+00:00,407865620899.19,210963205719.63,67570045980.47,51707094234.88
2022-09-10 23:59:59.999000+00:00,415117548315.38,217263495408.34,67565211593.0,51677959746.59
2022-09-11 07:59:59.999000+00:00,413236387827.25,215310583108.08,67670999630.12,51677615756.18
2022-09-11 19:59:59.999000+00:00,413859039669.33,215708544039.92,67669590500.12,51608261804.3
2022-09-12 07:59:59.999000+00:00,424809604643.27,214933076193.1,67742059230.48,51606952026.71
2022-09-12 19:59:59.999000+00:00,429220525607.26,211147914261.11,67736630261.12,51494804954.2
2022-09-13 07:59:59.999000+00:00,426862444288.13,209963280710.28,67734943778.38,51489890013.24
2022-09-13 19:59:59.999000+00:00,389475304563.37,196233319572.07,67828537086.96,51414646591.73
2022-09-14 07:59:59.999000+00:00,387647260309.24,196888635654.83,67884982968.15,51361280806.29
2022-09-14 15:59:59.999000+00:00,387228157301.49,195315366933.9,67887593465.74,51467510668.41
2022-09-15 03:59:59.999000+00:00,383552172894.19,196113770858.03,67894903851.56,50810664029.68
2022-09-15 15:59:59.999000+00:00,378109289114.95,182176963580.84,67881953035.15,50762095386.9
2022-09-16 03:59:59.999000+00:00,378437070795.71,180094395571.71,67923047851.62,50415083812.4
2022-09-16 15:59:59.999000+00:00,376490672541.64,177385844762.44,67922861494.57,50334483849.2
2022-09-17 03:59:59.999000+00:00,381106642106.53,176325607460.08,67923509351.57,50238006823.53
2022-09-17 15:59:59.999000+00:00,382637428005.68,176833630560.56,67926306305.77,50230892650.49
2022-09-17 23:59:59.999000+00:00,385513277844.78,179913195986.61,67930189531.4,50212373449.25
2022-09-18 11:59:59.999000+00:00,381760400777.65,175539975139.51,67928787630.55,50213283330.33
2022-09-18 23:59:59.999000+00:00,371970445843.4,163478613611.79,67925116253.37,50190456315.35
2022-09-19 11:59:59.999000+00:00,357958728811.89,160166376509.03,67927328127.21,50166640286.13
2022-09-19 23:59:59.999000+00:00,374373522207.39,168666096121.15,67930765402.74,50015034269.87
2022-09-20 11:59:59.999000+00:00,368557196161.0,166207569984.7,67930191291.93,50127691241.55
2022-09-20 23:59:59.999000+00:00,361876433047.07,162176944252.62,67927770088.16,50213230569.4
2022-09-21 07:59:59.999000+00:00,362942345413.62,163017246168.59,67968706225.64,50155172001.5
2022-09-21 19:59:59.999000+00:00,365348870976.61,162587109239.34,67971571205.62,49920567228.43
2022-09-22 07:59:59.999000+00:00,362700323044.24,156489934629.7,67975662231.55,49958866652.31
2022-09-22 19:59:59.999000+00:00,370821704202.07,162286068691.22,67973191264.29,49805371616.56
2022-09-23 07:59:59.999000+00:00,368551190808.4,163177246921.98,67954217994.89,49892586965.77
2022-09-23 19:59:59.999000+00:00,360327240435.44,158142033136.53,67953233062.76,49840297124.62
2022-09-24 07:59:59.999000+00:00,364023444677.22,162010287320.78,67957188869.34,49736526911.95
2022-09-24 15:59:59.999000+00:00,365702801352.96,163967307474.8,67957748101.55,49723531722.0
2022-09-25 03:59:59.999000+00:00,364915223584.96,162657120984.89,67959352455.26,49716461913.36
2022-09-25 15:59:59.999000+00:00,364000612395.82,160802435400.2,67961074149.43,49601686101.36
2022-09-26 03:59:59.999000+00:00,361579408256.71,159714327913.32,67959567001.94,49476304854.25
2022-09-26 15:59:59.999000+00:00,365871065189.3,162183691303.77,67960357936.4,49455216779.93
2022-09-27 03:59:59.999000+00:00,385672731168.34,169804630483.67,67956971174.27,49303070791.56
2022-09-27 11:59:59.999000+00:00,388195645817.82,170463378179.24,67956503350.12,49286998759.64
2022-09-27 23:59:59.999000+00:00,366202733264.3,163012762380.92,67954830951.83,49212281314.4
2022-09-28 11:59:59.999000+00:00,362626379843.83,158496615689.99,67954451979.36,49115350188.35
2022-09-28 23:59:59.999000+00:00,372279603227.33,163924504660.63,67954608843.38,48878962549.54
2022-09-29 11:59:59.999000+00:00,373399479652.91,164036192394.32,67960013887.66,48692656951.84
2022-09-29 23:59:59.999000+00:00,375100872175.06,163728077712.87,67961601505.29,48584261459.31
2022-09-30 11:59:59.999000+00:00,372518826883.28,163227396730.56,67960653971.89,47674684977.27
2022-09-30 19:59:59.999000+00:00,374791638053.61,164149108203.09,67961638970.47,47415620594.24
2022-10-01 07:59:59.999000+00:00,370243539858.02,162964143869.85,67953346102.98,47263361538.5
2022-10-01 19:59:59.999000+00:00,369579324957.34,160992110030.1,67952874969.64,47254366133.4
2022-10-02 07:59:59.999000+00:00,369665943307.76,160804549530.69,67950169337.56,47263902492.39
2022-10-02 19:59:59.999000+00:00,369478512849.48,160117547854.16,67952727242.47,47261479566.66
2022-10-03 07:59:59.999000+00:00,368119409496.31,158437820473.09,67952130652.6,47334157278.06
2022-10-03 19:59:59.999000+00:00,374056867928.48,161309853423.71,67954080263.07,47209828815.94
2022-10-04 03:59:59.999000+00:00,375560123604.71,162892689213.0,67960453124.03,47180099049.02
2022-10-04 15:59:59.999000+00:00,385107495343.63,165963079437.63,67964425680.48,46944895697.08
2022-10-05 03:59:59.999000+00:00,387099078488.96,166168591844.41,68079825666.23,46723492657.12
2022-10-05 15:59:59.999000+00:00,383133156013.78,163020719723.29,68069324787.12,46639700172.74
2022-10-06 03:59:59.999000+00:00,390285227881.2,168400164557.3,68221111360.84,46435984417.85
2022-10-06 15:59:59.999000+00:00,385051884750.96,167469229945.39,68221186995.52,46377583685.51
2022-10-07 03:59:59.999000+00:00,383348217381.54,166310569944.92,68222552468.51,46162202632.49
2022-10-07 11:59:59.999000+00:00,383405541346.6,166308852830.87,68220224517.35,46244862144.27
2022-10-07 23:59:59.999000+00:00,374761116006.47,163496205910.64,68341409502.0,46123970674.18
2022-10-08 11:59:59.999000+00:00,374494065825.25,163139364573.46,68344468984.48,46060865970.12
2022-10-08 23:59:59.999000+00:00,372284398575.26,161427190438.39,68338729369.43,46068954345.97
2022-10-09 11:59:59.999000+00:00,373491390554.23,162427322340.16,68381392058.85,46067146291.51
2022-10-09 23:59:59.999000+00:00,372876821416.38,162317860620.67,68382659680.27,46061806382.75
2022-10-10 11:59:59.999000+00:00,370874252496.03,161344006391.65,68379070628.38,46052773273.55
2022-10-10 19:59:59.999000+00:00,368762262731.04,160616185117.59,68371519140.72,45969171368.98
2022-10-11 07:59:59.999000+00:00,365861651470.1,157437774684.29,68422448499.45,46003387825.08
2022-10-11 19:59:59.999000+00:00,364640709956.81,157416254568.18,68415604108.39,46075013061.02
2022-10-12 07:59:59.999000+00:00,366481422446.84,158918966838.41,68419338672.5,45951530531.18
2022-10-12 19:59:59.999000+00:00,367142543746.53,159361135255.33,68421310983.4,45879393576.67
2022-10-13 07:59:59.999000+00:00,364620399364.43,156877079275.86,68423160690.74,45813201096.47
2022-10-13 19:59:59.999000+00:00,371232977374.02,157886698001.37,68423628925.67,45808920766.6
2022-10-14 03:59:59.999000+00:00,379929042449.91,163262943142.68,68427405287.56,45426519789.34
2022-10-14 15:59:59.999000+00:00,371483646860.06,161034529972.71,68428472910.66,45211773025.71
2022-10-15 03:59:59.999000+00:00,368486807275.5,159720017350.83,68435723211.75,45018448098.37
2022-10-15 15:59:59.999000+00:00,367156272085.23,158021214285.37,68437410776.31,45010795539.33
2022-10-16 03:59:59.999000+00:00,366860290165.18,157588508866.96,68436416717.0,45005648307.04
2022-10-16 15:59:59.999000+00:00,367449810716.52,157391956039.55,68437707119.07,45012446167.32
2022-10-16 23:59:59.999000+00:00,369584293835.81,159856564471.73,68436428830.97,45001378931.41
2022-10-17 11:59:59.999000+00:00,373249403709.84,161216541610.58,68435536625.88,44996708765.34
2022-10-17 23:59:59.999000+00:00,375024092833.74,162966939318.2,68437281968.62,44824966349.6
2022-10-18 11:59:59.999000+00:00,375571152537.46,162436638238.49,68449578581.27,44703402042.66
2022-10-18 23:59:59.999000+00:00,370891718468.24,160364466785.93,68449787610.75,44654828930.91
2022-10-19 11:59:59.999000+00:00,368319553847.79,158918208893.24,68456007414.94,44594882418.16
2022-10-19 23:59:59.999000+00:00,367171621206.39,157341486086.64,68456657001.31,44378254288.1
2022-10-20 07:59:59.999000+00:00,367533714418.81,158241434715.46,68452868819.51,44421188516.97
2022-10-20 19:59:59.999000+00:00,366004680982.16,157364556505.18,68454253068.37,43997249188.35
2022-10-21 07:59:59.999000+00:00,365272856396.07,157308818561.97,68451414549.07,43898437280.37
2022-10-21 19:59:59.999000+00:00,368419774018.42,159226936117.5,68453723980.84,43825491114.43
2022-10-22 07:59:59.999000+00:00,367943835568.8,159115312684.42,68457215474.69,43884619011.35
2022-10-22 19:59:59.999000+00:00,368137905307.35,160738641324.45,68456430173.97,43928715379.08
2022-10-23 07:59:59.999000+00:00,367753555259.35,160228299727.66,68456354103.18,43917630115.9
2022-10-23 15:59:59.999000+00:00,368242140882.58,160702845808.2,68462313299.84,43926440590.38
2022-10-24 03:59:59.999000+00:00,372123513998.91,164985644760.21,68459370737.82,43926311772.93
2022-10-24 15:59:59.999000+00:00,370381347914.83,163947032887.08,68457697311.53,43909374219.86
2022-10-25 03:59:59.999000+00:00,371179764349.66,164774908012.71,68476661488.65,43803307994.08
2022-10-25 15:59:59.999000+00:00,378985004252.36,172455010160.05,68480923713.1,43748085024.95
2022-10-26 03:59:59.999000+00:00,388798132749.93,182150602769.59,68528404086.71,43810232991.3
2022-10-26 15:59:59.999000+00:00,399930265897.92,191784109280.03,68528806401.54,43938723708.99
2022-10-26 23:59:59.999000+00:00,398588922090.83,191706811085.26,68527526268.29,43924087050.92
2022-10-27 15:59:59.999000+00:00,394773224056.59,189169639495.67,68519489014.25,43892029305.17
2022-10-28 03:59:59.999000+00:00,389295429492.68,184400831700.97,68892999441.06,43874760260.43
2022-10-28 15:59:59.999000+00:00,393003915519.0,188022422300.24,68897664876.25,43969063015.59
2022-10-29 03:59:59.999000+00:00,398211783468.66,194316603997.27,68989859198.39,43758030381.63
2022-10-29 15:59:59.999000+00:00,401251756437.12,199723425136.59,68994919096.76,43728370717.47
2022-10-30 03:59:59.999000+00:00,398895197125.77,198401099566.68,69118781458.26,43711324879.69
2022-10-30 11:59:59.999000+00:00,398781711914.4,196517949365.26,69118594487.38,43702250710.62
2022-10-30 23:59:59.999000+00:00,396075135322.21,194670301516.91,69115463004.3,43701223013.97
2022-10-31 11:59:59.999000+00:00,397884757146.59,198431039319.6,69103078982.23,43552983161.74
2022-10-31 23:59:59.999000+00:00,393413045572.67,192459145336.4,69416268972.46,43537884267.33
2022-11-01 11:59:59.999000+00:00,394050547134.54,194691607423.63,69409814216.43,43598097554.19
2022-11-01 23:59:59.999000+00:00,393230695987.89,193314548591.89,69414628719.32,43049181261.2
2022-11-02 11:59:59.999000+00:00,392325646877.93,190423509651.33,69418596931.0,43027772139.33
2022-11-02 19:59:59.999000+00:00,389153322794.75,188269865911.45,69420643046.55,42715466143.43
2022-11-03 07:59:59.999000+00:00,389781271978.73,189027822988.77,69351046610.14,42553375523.35
2022-11-03 19:59:59.999000+00:00,388590115209.45,188739599021.43,69349369285.71,42221653560.69
2022-11-04 07:59:59.999000+00:00,395520590098.79,193965873948.97,69353835597.6,42286317551.43
2022-11-04 19:59:59.999000+00:00,403543786766.04,200963589251.2,69353907739.09,42337773334.58
2022-11-05 07:59:59.999000+00:00,410605363663.67,202160830583.71,69368967681.79,42068822804.44
2022-11-05 19:59:59.999000+00:00,409347851336.73,199773296987.34,69368397652.03,42052842901.31
2022-11-06 03:59:59.999000+00:00,407725798293.65,198309637515.81,69366481270.75,42061229064.76
2022-11-06 15:59:59.999000+00:00,408149797185.86,199067580481.34,69365180914.34,42158683698.91
2022-11-07 03:59:59.999000+00:00,401819410862.1,194208831459.91,69365883738.33,42487322113.66
2022-11-07 15:59:59.999000+00:00,398885679910.03,194620082355.18,69367706919.74,42728678897.19
2022-11-08 03:59:59.999000+00:00,388331197770.45,185281050878.21,69536441365.12,43145199267.83
2022-11-08 15:59:59.999000+00:00,373862334631.48,177911376629.45,69535749012.32,43183346158.91
2022-11-08 23:59:59.999000+00:00,356030188152.67,163104244541.39,69526710682.24,42805884317.86
2022-11-09 11:59:59.999000+00:00,341930247622.61,148576853041.13,69780966593.67,42745546833.08
2022-11-09 23:59:59.999000+00:00,304958504278.2,134632026975.35,69765124874.09,42938513018.94
2022-11-10 11:59:59.999000+00:00,314991394019.6,144950939491.8,69108345205.94,43085979217.33
2022-11-10 23:59:59.999000+00:00,337735690619.8,159020508319.75,68348821733.46,43584112291.18
2022-11-11 11:59:59.999000+00:00,332598059119.87,155887568355.55,68155953470.74,43754129968.75
2022-11-11 23:59:59.999000+00:00,327139766936.22,157522222703.27,68150169644.37,43825134483.69
2022-11-12 07:59:59.999000+00:00,322347038277.19,154867603184.23,67276060351.24,44002155540.0
2022-11-12 19:59:59.999000+00:00,324019033912.3,155052556855.21,67330315621.17,44142477709.52
2022-11-13 07:59:59.999000+00:00,321941116603.94,152965719295.55,66338241938.6,44121138610.29
2022-11-13 19:59:59.999000+00:00,317814645954.86,150279501648.76,66364933021.08,44086578949.68
2022-11-14 07:59:59.999000+00:00,322447794192.8,153457372484.83,66312031489.18,44091713964.03
2022-11-14 19:59:59.999000+00:00,313023789349.54,148755087877.0,66313740227.29,44225025160.35
2022-11-15 07:59:59.999000+00:00,323376161613.38,154948113748.47,65985709792.77,44262745435.94
2022-11-15 15:59:59.999000+00:00,326354583765.84,154870916350.88,66003473979.04,44244237500.57
2022-11-16 03:59:59.999000+00:00,325698502025.88,154682308874.77,66004081472.96,44399913196.77
2022-11-16 15:59:59.999000+00:00,316097565915.92,146333633475.96,66008436840.85,44399772098.39
2022-11-17 03:59:59.999000+00:00,317731491406.81,147641538498.8,65900884770.05,44368733764.35
2022-11-17 15:59:59.999000+00:00,317803979440.8,146143375971.03,65906364889.24,44412361085.22
2022-11-18 03:59:59.999000+00:00,324011610148.73,149369735427.3,65903756826.53,44121689519.04
2022-11-18 15:59:59.999000+00:00,320580715764.66,148233602666.74,65895597494.7,44041851819.56
2022-11-18 23:59:59.999000+00:00,320781106962.52,148353868235.31,65889509668.23,44004117363.12
2022-11-19 11:59:59.999000+00:00,319851388051.99,147870597746.09,65892201611.44,44389305942.99
2022-11-19 23:59:59.999000+00:00,321061621175.61,149103599322.5,65885732666.29,44407654908.12
2022-11-20 11:59:59.999000+00:00,317847652811.57,143147334686.4,65878814310.68,44424420478.13
2022-11-20 23:59:59.999000+00:00,313012826679.9,139808065217.86,65817845548.71,44459023733.63
2022-11-21 11:59:59.999000+00:00,309021627382.65,137574814883.06,65810318359.78,44440928788.81
2022-11-21 23:59:59.999000+00:00,303332140406.92,135633447402.59,65824944068.98,44322091652.35
2022-11-22 07:59:59.999000+00:00,302639379900.2,137510888709.8,65442199643.07,44039094996.17
2022-11-22 19:59:59.999000+00:00,310693182626.51,133254787606.51,65446823663.8,44297180982.35
2022-11-23 07:59:59.999000+00:00,318298275342.37,142520956524.46,65445746815.93,44064909204.34
2022-11-23 19:59:59.999000+00:00,316509376133.26,143059399448.66,65450755466.68,43948667723.72
2022-11-24 07:59:59.999000+00:00,320048227784.98,147851534564.36,65318831830.37,43823406019.66
2022-11-24 19:59:59.999000+00:00,318477662378.47,147112061077.09,65323365964.49,43984379337.43
2022-11-25 07:59:59.999000+00:00,316365205952.22,145000291228.41,65329626817.77,44048968859.74
2022-11-25 15:59:59.999000+00:00,317228398349.32,145562895821.95,65327742048.23,44086016815.88
2022-11-26 03:59:59.999000+00:00,319422364378.08,148770037382.29,65333815352.77,43915552154.53
2022-11-26 15:59:59.999000+00:00,317477905203.32,148212139313.39,65334523772.16,43947883044.72
2022-11-27 03:59:59.999000+00:00,317724958313.18,148841571757.96,65334691305.05,44097538976.79
2022-11-27 15:59:59.999000+00:00,318584372874.18,148941332147.1,65333382412.96,44163267231.04
2022-11-28 03:59:59.999000+00:00,310997381987.25,143393472267.95,65338772880.71,44267441304.29
2022-11-28 11:59:59.999000+00:00,311727663043.12,143246950427.63,65339603840.1,44313055581.31
2022-11-28 23:59:59.999000+00:00,311686396568.46,143187967151.1,65340594941.58,43686634355.07
2022-11-29 11:59:59.999000+00:00,317119316916.64,148880704390.06,65346402716.23,43833829531.63
2022-11-29 23:59:59.999000+00:00,316074930082.57,148916903134.48,65345956018.65,43274212887.43
2022-11-30 11:59:59.999000+00:00,324581833651.46,155063639892.7,65358084875.36,43287513211.74
2022-11-30 23:59:59.999000+00:00,329997633644.39,158558424120.23,65363690424.03,43214397959.67
2022-12-01 11:59:59.999000+00:00,328739024840.31,156949162812.62,65362323359.93,43254851757.74
2022-12-01 19:59:59.999000+00:00,325848442296.65,156130597118.79,65365398817.56,43081334025.54
2022-12-02 07:59:59.999000+00:00,326033152522.01,156129529736.02,65365550784.28,43097387333.81
2022-12-02 19:59:59.999000+00:00,326568569245.83,157420213965.88,65366740261.34,43175185260.97
2022-12-03 07:59:59.999000+00:00,326395610229.83,156520851518.65,65448142023.38,43206367105.37
2022-12-03 19:59:59.999000+00:00,326097902789.86,155092305534.25,65449043893.06,43274764490.14
2022-12-04 07:59:59.999000+00:00,326879947378.18,153955840569.89,65498729628.08,43301041353.16
2022-12-04 19:59:59.999000+00:00,328673853151.04,156409023352.27,65506356904.86,43377905082.22
2022-12-05 03:59:59.999000+00:00,330753947871.12,158063392693.12,65505333725.57,43428901473.12
2022-12-05 15:59:59.999000+00:00,328654325680.76,155085664821.11,65501336849.75,43349978281.77
2022-12-06 03:59:59.999000+00:00,327204445565.64,154687760160.2,65580377497.83,43151633418.39
2022-12-06 15:59:59.999000+00:00,326954394526.86,153676341963.14,65583654340.79,43279916638.76
2022-12-07 03:59:59.999000+00:00,327584722037.34,154599657126.19,65689362066.49,43035228828.95
2022-12-07 15:59:59.999000+00:00,323834379310.76,150902136333.26,65690050757.17,43081289180.77
2022-12-08 03:59:59.999000+00:00,323865397645.79,150913706815.94,65685763002.24,42825407412.64
2022-12-08 11:59:59.999000+00:00,323926126756.57,151628275910.43,65690336340.89,42820510602.62
2022-12-08 23:59:59.999000+00:00,331370511897.98,156775156224.41,65693567499.77,42776562427.97
2022-12-09 11:59:59.999000+00:00,331715307478.49,157604695040.79,65715127574.79,42804962758.51
2022-12-09 23:59:59.999000+00:00,329458400093.47,154715412873.42,65711417924.95,42815415274.43
2022-12-10 11:59:59.999000+00:00,330208507743.05,155017899071.27,65711711701.3,42713054812.41
2022-12-10 23:59:59.999000+00:00,329389313682.63,154972318287.59,65711185951.41,42748698048.42
2022-12-11 11:59:59.999000+00:00,330194746132.32,155841840238.58,65713897212.81,42755039275.04
2022-12-11 19:59:59.999000+00:00,330528926964.73,156158898066.12,65712910611.5,42752342198.29
2022-12-12 07:59:59.999000+00:00,325617509841.9,152572185448.65,65710761895.63,42770237374.03
2022-12-12 19:59:59.999000+00:00,327717179885.99,153496997426.14,65717030316.77,42578010083.14
2022-12-13 07:59:59.999000+00:00,330100206366.16,154983231753.83,65815842373.2,42526698437.34
2022-12-13 19:59:59.999000+00:00,341184008408.84,161161332924.19,65792244046.61,43295094270.12
2022-12-14 07:59:59.999000+00:00,342476517063.11,161936435274.45,65792130659.08,45045742635.91
2022-12-14 19:59:59.999000+00:00,342587070548.42,160314077624.28,65974839446.99,45298752937.49
2022-12-15 03:59:59.999000+00:00,341290612321.1,158288248107.08,65979949210.34,45194650420.12
2022-12-15 15:59:59.999000+00:00,335468092256.02,155502502794.71,65980173651.91,45162925576.08
2022-12-16 03:59:59.999000+00:00,335159375354.9,155624312085.77,66041811644.82,45110396584.04
2022-12-16 15:59:59.999000+00:00,326725384861.83,147602804881.74,66046247231.95,44953576376.41
2022-12-17 03:59:59.999000+00:00,321136499118.22,144004826354.28,66062360207.46,44904097742.14
2022-12-17 15:59:59.999000+00:00,321334649274.03,144493124167.1,66059780004.82,44920302345.13
2022-12-18 03:59:59.999000+00:00,322202814739.74,145281262915.33,66164236674.18,44953297802.98
2022-12-18 11:59:59.999000+00:00,321870026619.16,144756925863.95,66165412956.34,44959562878.32
2022-12-18 23:59:59.999000+00:00,322379914497.22,144978183335.93,66167363728.16,44963115133.34
2022-12-19 11:59:59.999000+00:00,322144318740.84,144942465644.92,66166661175.38,44967345733.77
2022-12-19 23:59:59.999000+00:00,316271488936.78,142884939549.24,66162378427.84,44615147690.52
2022-12-20 11:59:59.999000+00:00,323563780535.6,148345742212.34,66220201521.21,44580974346.51
2022-12-20 23:59:59.999000+00:00,325263465984.55,149015094981.77,66216896859.71,44463257142.9
2022-12-21 07:59:59.999000+00:00,323837728565.97,148265783851.57,66250665664.95,44416166943.13
2022-12-21 19:59:59.999000+00:00,322700403391.94,147902024741.73,66247002500.9,44290283951.13
2022-12-22 07:59:59.999000+00:00,323932543928.23,148549619952.36,66249821827.9,44290014913.08
2022-12-22 19:59:59.999000+00:00,320678375206.1,146216026480.83,66248133868.01,44210628134.78
2022-12-23 07:59:59.999000+00:00,324314308661.43,149567959661.25,66248422875.76,44193542369.39
2022-12-23 19:59:59.999000+00:00,324395419362.51,149317380680.98,66250250569.53,44093797733.27
2022-12-24 07:59:59.999000+00:00,324263654411.43,149252898309.62,66249028664.74,44150600376.95
2022-12-24 15:59:59.999000+00:00,324229006639.57,149265876900.92,66248746812.13,44154235486.31
2022-12-25 03:59:59.999000+00:00,324071796707.36,149526655100.54,66247370251.12,44222501386.55
2022-12-25 15:59:59.999000+00:00,323436441363.96,148273499108.3,66242568026.9,44299113181.03
2022-12-26 03:59:59.999000+00:00,325117807599.18,149430316943.86,66242805614.51,44359247577.18
2022-12-26 15:59:59.999000+00:00,323668710849.85,148820491582.02,66242467324.05,44424764882.71
2022-12-27 03:59:59.999000+00:00,324808579797.88,149762474861.73,66242926630.51,44474812553.22
2022-12-27 15:59:59.999000+00:00,323626323891.75,148353742898.89,66240154713.85,44569783869.6
2022-12-27 23:59:59.999000+00:00,321717198701.45,148414001604.48,66237735516.81,44187349388.82
2022-12-28 11:59:59.999000+00:00,321076242034.7,146476702615.28,66235404707.61,44242837030.5
2022-12-28 23:59:59.999000+00:00,318567071312.32,145623194889.22,66226814163.62,44392174543.11
2022-12-29 11:59:59.999000+00:00,319534155901.75,146763925329.5,66238938187.61,44500755995.53
2022-12-29 23:59:59.999000+00:00,320309344585.85,147043867254.5,66237616405.59,44512703404.46
2022-12-30 11:59:59.999000+00:00,317657590034.61,145774946366.1,66242005832.55,44443040092.41
2022-12-30 23:59:59.999000+00:00,319559502979.58,146754748632.98,66241114601.8,44497509139.59
2022-12-31 07:59:59.999000+00:00,318893839406.47,146425948577.96,66241848600.8,44531343387.54
2022-12-31 19:59:59.999000+00:00,319204712322.28,147167109219.04,66245197313.9,44542921513.19
2023-01-01 07:59:59.999000+00:00,318309506322.28,146268196032.27,66241215910.55,44561142753.25
2023-01-01 19:59:59.999000+00:00,319692417418.22,147122048266.4,66240118244.99,44570049812.77
2023-01-02 07:59:59.999000+00:00,322113694235.83,148522562600.03,66243773227.05,44619073644.63
2023-01-02 19:59:59.999000+00:00,322222257265.48,149157992929.22,66248174129.8,44704741062.72
2023-01-03 07:59:59.999000+00:00,322132337713.73,148957167025.61,66252467176.94,44725550831.9
2023-01-03 15:59:59.999000+00:00,320837703961.49,148134727843.2,66247776869.36,44749103339.83
2023-01-04 03:59:59.999000+00:00,324145660749.9,152864187153.11,66248493797.19,44200781827.11
2023-01-04 15:59:59.999000+00:00,324448215213.01,153545237937.16,66247844638.85,44235083065.24
2023-01-05 03:59:59.999000+00:00,324056399717.67,153362583143.05,66251358867.3,44145797677.61
2023-01-05 15:59:59.999000+00:00,324500294491.49,152927045712.2,66252869531.74,44263309420.96
2023-01-06 03:59:59.999000+00:00,324206039654.69,153224167920.64,66250319011.94,43746386559.23
2023-01-06 15:59:59.999000+00:00,323987470639.32,154193700590.65,66251208351.26,43893926646.49
2023-01-06 23:59:59.999000+00:00,326401273258.71,155338816370.12,66255113260.69,43662650871.26
2023-01-07 11:59:59.999000+00:00,325881903573.7,154698188880.12,66258894978.05,43755735228.48
2023-01-07 23:59:59.999000+00:00,326478273136.7,154713649605.37,66265590691.59,43796523902.41
2023-01-08 11:59:59.999000+00:00,326192955504.7,154492383116.87,66268733446.1,43884299260.04
2023-01-08 23:59:59.999000+00:00,329114546384.43,157539152133.39,66269617017.21,43950584710.06
2023-01-09 11:59:59.999000+00:00,332244043530.46,161487921325.55,66270866921.85,43994128173.15
2023-01-09 23:59:59.999000+00:00,331160060320.4,161721830239.88,66272451375.85,43583378611.65
2023-01-10 07:59:59.999000+00:00,331372508848.86,161956384973.2,66272045771.55,43888432180.36
2023-01-10 19:59:59.999000+00:00,335930729705.36,163934271998.88,66275643063.42,43749993192.95
2023-01-11 07:59:59.999000+00:00,336122380175.43,163419222733.43,66281277516.52,43734620159.54
2023-01-11 19:59:59.999000+00:00,337775220014.05,164197511555.63,66275414214.15,43787690580.22
2023-01-12 07:59:59.999000+00:00,349421153999.41,171174014665.49,66274039858.7,43930940861.24
2023-01-12 19:59:59.999000+00:00,363590960619.71,174370449460.72,66275680783.79,43685011798.13
2023-01-13 03:59:59.999000+00:00,363555752819.41,173028569950.35,66280267338.79,43973430653.19
2023-01-13 15:59:59.999000+00:00,370754642809.51,173912507908.71,66278769149.73,44111708369.78
2023-01-14 03:59:59.999000+00:00,403419820561.46,190254659368.96,66292544341.23,43566634766.97
2023-01-14 15:59:59.999000+00:00,400161978488.61,186732923932.46,66282244826.04,43609220514.46
2023-01-15 03:59:59.999000+00:00,399251408339.98,186720172355.4,66365288983.36,43779228545.68
2023-01-15 15:59:59.999000+00:00,403225842726.91,190174628679.05,66378947308.25,43817241772.06
2023-01-16 03:59:59.999000+00:00,406341683209.43,191933057310.02,66382752667.83,43906005435.15
2023-01-16 11:59:59.999000+00:00,401336203703.38,188955339741.92,66379535311.66,43974637662.65
2023-01-16 23:59:59.999000+00:00,407818156777.17,192963212849.4,66363754798.33,43851959331.21
2023-01-17 11:59:59.999000+00:00,408668584135.53,191900416081.96,66491513040.84,43891606993.08
2023-01-17 23:59:59.999000+00:00,407681958151.49,191863382801.15,66491710111.57,43562303528.13
2023-01-18 11:59:59.999000+00:00,408839471695.7,192960318691.16,66493476057.0,43503800598.81
2023-01-18 23:59:59.999000+00:00,398593008037.23,185458451765.63,66484164731.05,43088733130.48
2023-01-19 11:59:59.999000+00:00,399865973685.55,185999356516.42,66483309237.83,43115473759.68
2023-01-19 19:59:59.999000+00:00,406638955462.11,189878614045.9,66484528961.08,43107167491.4
2023-01-20 07:59:59.999000+00:00,404015680740.06,189664750422.78,66488570969.61,43100139780.88
2023-01-20 19:59:59.999000+00:00,413740945652.78,195447700104.48,66494464981.28,43166000543.32
2023-01-21 07:59:59.999000+00:00,436131186109.62,202226846712.81,66503080829.44,43205958868.88
2023-01-21 19:59:59.999000+00:00,448353421421.18,203613421964.06,66501505870.92,43330194243.52
2023-01-22 07:59:59.999000+00:00,441361633321.67,199366499950.32,66497036120.99,43279628567.0
2023-01-22 19:59:59.999000+00:00,439058100343.75,200782289250.04,66709222920.35,43449815569.84
2023-01-23 03:59:59.999000+00:00,437040018716.23,199801952657.97,66754554934.14,43497870245.18
2023-01-23 15:59:59.999000+00:00,440878095110.61,198668598406.05,66754715657.79,43635957164.46
2023-01-24 03:59:59.999000+00:00,444792100176.84,200547656494.32,66867093889.81,43498246961.88
2023-01-24 15:59:59.999000+00:00,442070630544.39,198386326658.78,66863347624.86,43521147925.67
2023-01-25 03:59:59.999000+00:00,436283503903.78,189303356744.54,66865125556.08,43668040738.67
2023-01-25 15:59:59.999000+00:00,435410192302.11,189038764558.71,66863890263.91,43748278843.81
2023-01-26 03:59:59.999000+00:00,446038162413.9,197532405854.67,67198826633.12,43602642363.35
2023-01-26 11:59:59.999000+00:00,443044049248.9,196322268226.09,67203323208.9,43641237268.47
2023-01-26 23:59:59.999000+00:00,443923229458.15,196178270959.7,67193850383.25,43297905509.31
2023-01-27 11:59:59.999000+00:00,442502468790.81,193148691167.72,67341399968.52,43445927953.81
2023-01-27 23:59:59.999000+00:00,444830940521.37,195572592023.01,67337515831.93,43085379436.97
2023-01-28 11:59:59.999000+00:00,443284688495.79,194178330056.45,67521202066.17,43096587860.77
2023-01-28 23:59:59.999000+00:00,443936922524.46,192424955722.92,67517556583.3,43093041224.96
2023-01-29 11:59:59.999000+00:00,451672482052.85,196939869424.35,67637676008.28,43116527467.88
2023-01-29 19:59:59.999000+00:00,460717781349.11,202271083435.97,67634969051.83,43097278520.05
2023-01-30 07:59:59.999000+00:00,455972597564.05,199188310573.69,67782814191.05,43077600336.04
2023-01-30 19:59:59.999000+00:00,439411231737.06,190159364222.93,67782904588.43,42865265959.14
2023-01-31 07:59:59.999000+00:00,442704382594.99,193060037849.37,67814842676.03,42706931302.52
2023-01-31 19:59:59.999000+00:00,446724975206.18,195449267051.91,67819969106.93,42556187589.14
2023-02-01 07:59:59.999000+00:00,445164023976.46,192891272117.14,67802030886.33,42297426927.3
2023-02-01 15:59:59.999000+00:00,443509095021.16,192943053099.88,67798785812.53,42308957613.49
2023-02-02 03:59:59.999000+00:00,460479866449.61,204732505406.14,67828053402.09,42294835223.0
2023-02-02 15:59:59.999000+00:00,459718517539.79,205290998005.22,67825065201.52,42282985846.64
2023-02-03 03:59:59.999000+00:00,453799679352.3,200940234195.36,68040375371.19,42450790068.54
2023-02-03 15:59:59.999000+00:00,455181403517.88,203649488487.33,68036686077.36,42448093336.45
2023-02-04 03:59:59.999000+00:00,450269635553.13,202473866067.44,68035316146.86,41967592353.49
2023-02-04 15:59:59.999000+00:00,451730284558.5,205506420615.28,68033234268.04,41963953955.43
2023-02-04 23:59:59.999000+00:00,449874457148.45,204004483831.54,68035414442.1,41947523526.68
2023-02-05 11:59:59.999000+00:00,450808984167.88,203652577826.81,68077884891.88,41971688041.93
2023-02-05 23:59:59.999000+00:00,442642331535.6,199670814561.88,68078110242.74,42031783646.39
2023-02-06 11:59:59.999000+00:00,441196355389.16,199960496201.46,68073929203.07,41977748052.02
2023-02-06 23:59:59.999000+00:00,438893838655.36,197786409641.32,68071593635.6,41891483688.91
2023-02-07 11:59:59.999000+00:00,443510501202.99,201047363202.66,68194592723.49,41848913822.52
2023-02-07 23:59:59.999000+00:00,448636152158.08,204609541065.93,68188005371.74,41770559549.89
2023-02-08 07:59:59.999000+00:00,447967369886.11,205272709808.8,68189472171.56,41553926157.73
2023-02-08 19:59:59.999000+00:00,441328796202.7,201659508177.26,68188964402.94,41496172016.98
2023-02-09 07:59:59.999000+00:00,437469189069.95,199689832661.62,68192155747.01,41486014506.54
2023-02-09 19:59:59.999000+00:00,424490594397.24,192714119240.79,68195103469.15,41517622534.89
2023-02-10 07:59:59.999000+00:00,422831734907.97,189965276896.01,68199237411.62,41523809086.55
2023-02-10 19:59:59.999000+00:00,420339227670.02,187903449653.74,68195992415.95,41436408712.31
2023-02-11 07:59:59.999000+00:00,418698615056.62,186200903784.58,68333021467.45,41376481255.77
2023-02-11 15:59:59.999000+00:00,419461655959.28,186432214612.99,68332772896.52,41315026770.17
2023-02-12 03:59:59.999000+00:00,420567058986.55,187652784927.95,68401025032.04,41300392357.41
2023-02-12 15:59:59.999000+00:00,423186622071.07,188034214050.77,68402144127.95,41326058184.71
2023-02-13 03:59:59.999000+00:00,420725032897.74,185619457241.59,68428808497.85,41244786007.25
2023-02-13 15:59:59.999000+00:00,416786824376.09,181239331542.12,68501870288.88,40920458869.09
2023-02-14 03:59:59.999000+00:00,419023328826.81,183519935100.7,68476059796.86,40985487640.59
2023-02-14 15:59:59.999000+00:00,425086969782.41,188902296499.68,69226004823.84,41037331418.0
2023-02-14 23:59:59.999000+00:00,428662088256.18,190520831639.54,69210319564.08,41251513483.74
2023-02-15 11:59:59.999000+00:00,433122930174.34,192366939788.87,69521520710.5,41005457556.33
2023-02-15 23:59:59.999000+00:00,468947166603.22,204822771743.5,69507446814.31,41369796261.02
2023-02-16 11:59:59.999000+00:00,473840851422.01,205826629349.81,69799004776.49,41506429702.43
2023-02-16 23:59:59.999000+00:00,455770787833.36,200701412483.96,69797136165.66,41564693076.63
2023-02-17 11:59:59.999000+00:00,459036717930.86,203871495006.02,70168855140.36,41699931217.6
2023-02-17 23:59:59.999000+00:00,473972409615.04,207397194106.9,70169721623.99,41836017682.21
2023-02-18 07:59:59.999000+00:00,473591897141.26,207084148979.41,70307792854.22,41860678363.58
2023-02-18 19:59:59.999000+00:00,475168684770.4,206790768176.97,70308604929.87,41848088332.44
2023-02-19 07:59:59.999000+00:00,474788362435.54,207294485267.2,70311839943.59,41842954826.27
2023-02-19 19:59:59.999000+00:00,473543333581.37,206451735962.89,70422007050.19,41863236681.65
2023-02-20 07:59:59.999000+00:00,473278034308.14,207706917477.38,70416907502.51,41924459888.87
2023-02-20 19:59:59.999000+00:00,479837145805.28,208729412040.98,70414383761.53,41954309340.39
2023-02-21 07:59:59.999000+00:00,482518345829.39,208650738040.91,70449446176.37,41924430478.06
2023-02-21 15:59:59.999000+00:00,474356090330.44,204738763283.8,70450990387.89,41995709965.94
2023-02-22 03:59:59.999000+00:00,467621940927.9,202006372224.38,70470796139.16,42151969201.39
2023-02-22 15:59:59.999000+00:00,458645459537.19,197784439539.76,70471404872.77,42224505960.72
2023-02-23 03:59:59.999000+00:00,472409368408.62,204126175989.31,70596132408.57,42099669381.03
2023-02-23 15:59:59.999000+00:00,462361744031.72,202585858244.87,70600816278.44,42206754612.23
2023-02-24 03:59:59.999000+00:00,462542827507.83,201948880290.99,70697913900.04,42201493823.3
2023-02-24 11:59:59.999000+00:00,460996751959.9,201632629106.41,70699885075.34,42236414419.95
2023-02-24 23:59:59.999000+00:00,447747058643.64,196822841716.09,70692707055.2,42579478049.85
2023-02-25 11:59:59.999000+00:00,443665005491.9,195819514505.0,70805263377.08,42475760176.05
2023-02-25 23:59:59.999000+00:00,447323985682.72,195175909086.02,70807584542.65,42552497476.79
2023-02-26 11:59:59.999000+00:00,448791583635.53,196305915777.74,70856767514.84,42579235984.64
2023-02-26 23:59:59.999000+00:00,454795165822.83,200793139093.29,70853056161.11,42627802559.27
2023-02-27 11:59:59.999000+00:00,452227625537.16,200743063658.93,70891606151.74,42620769141.14
2023-02-27 19:59:59.999000+00:00,449679039080.71,198630249124.93,70889856495.45,42573437006.12
2023-02-28 07:59:59.999000+00:00,449153388018.01,198489883640.5,70943798658.36,42537123469.87
2023-02-28 19:59:59.999000+00:00,449647193702.47,199360331099.73,70938827408.59,42401202507.41
2023-03-01 07:59:59.999000+00:00,457941053512.3,202072488170.63,70982655550.79,42423980212.57
2023-03-01 19:59:59.999000+00:00,452197422439.72,200254664484.46,70976895216.22,42458118004.69
2023-03-02 07:59:59.999000+00:00,451896828863.14,201199979124.11,71074430082.88,42641762259.21
2023-03-02 19:59:59.999000+00:00,453179174045.66,201566661581.5,71070190718.05,43008531347.26
2023-03-03 03:59:59.999000+00:00,431505836218.09,191628964197.07,71138857991.08,43158088173.94
2023-03-03 15:59:59.999000+00:00,431581633573.62,191835868810.73,71125643318.79,43157359936.83
2023-03-04 03:59:59.999000+00:00,431659633231.11,192269251961.48,71367998668.4,43590595477.81
2023-03-04 15:59:59.999000+00:00,431289569331.44,191479288431.93,71365742094.83,43709567691.23
2023-03-05 03:59:59.999000+00:00,432717457482.63,191961747327.24,71447865954.54,43818275242.77
2023-03-05 15:59:59.999000+00:00,433553246126.41,192132572626.45,71451146557.31,43926989200.87
2023-03-06 03:59:59.999000+00:00,432492105116.89,191238551808.95,71489593777.52,43998907630.9
2023-03-06 11:59:59.999000+00:00,432198275073.7,191379943666.83,71484680187.01,43862605126.7
2023-03-06 23:59:59.999000+00:00,433122543176.49,191808639047.21,71480244045.01,43691939891.83
2023-03-07 11:59:59.999000+00:00,432035244473.72,191377876967.47,71592237397.61,43669279892.96
2023-03-07 23:59:59.999000+00:00,429090671120.0,191139794720.6,71592425628.14,43600019880.2
2023-03-08 11:59:59.999000+00:00,426456735778.02,190630981393.2,71736630199.6,43554184557.37
2023-03-08 23:59:59.999000+00:00,419421447158.25,187732308103.02,71736909135.13,43470601160.54
2023-03-09 11:59:59.999000+00:00,418580313508.26,187906304199.85,71734053624.65,43414071336.36
2023-03-09 19:59:59.999000+00:00,402921884774.77,182031338106.29,71727987460.71,43337873489.78
2023-03-10 07:59:59.999000+00:00,385786374399.98,172618886097.04,71760477664.11,43477682832.54
2023-03-10 19:59:59.999000+00:00,387007598270.26,174015216520.69,71766367248.04,43557216968.6
2023-03-11 07:59:59.999000+00:00,389009968412.53,176185768417.22,72519918691.72,36732777068.52
2023-03-11 19:59:59.999000+00:00,395109911938.83,179191168190.64,72892543847.89,39001083208.31
2023-03-12 07:59:59.999000+00:00,396374041266.73,180024742639.57,72745131589.38,38644683241.06
2023-03-12 19:59:59.999000+00:00,406992863678.42,187747847646.74,73174599400.56,39294710643.49
2023-03-13 03:59:59.999000+00:00,431255814564.71,195189327883.41,72841094687.51,40845198920.84
2023-03-13 15:59:59.999000+00:00,465488051775.99,204665182080.09,72898166156.8,40458882914.61
2023-03-14 03:59:59.999000+00:00,472790398883.49,206120603212.72,73237763573.93,39472028542.55
2023-03-14 15:59:59.999000+00:00,502206207346.32,217343441433.61,73161518031.29,39450976654.02
2023-03-15 03:59:59.999000+00:00,479248093316.15,208991675309.09,73664292038.87,38375590254.47
2023-03-15 15:59:59.999000+00:00,474027305903.75,200491282962.73,73545674945.69,38394740139.41
2023-03-15 23:59:59.999000+00:00,470908667056.64,202673213630.64,73688347084.95,37542363191.12
2023-03-16 11:59:59.999000+00:00,480989566594.23,203745370355.57,74438382433.37,37497086919.95
2023-03-16 23:59:59.999000+00:00,484005642386.83,205247345636.65,74410346747.13,36882633430.91
2023-03-17 11:59:59.999000+00:00,521682911924.45,216059224174.63,75354932599.46,36793903777.63
2023-03-17 23:59:59.999000+00:00,529839581714.46,219353336789.45,75346033751.95,36259387462.25
2023-03-18 11:59:59.999000+00:00,531472416807.13,222449373392.21,76378115776.81,36263883451.59
2023-03-18 23:59:59.999000+00:00,521018360376.26,215581106420.2,76359029716.02,36227118739.29
2023-03-19 07:59:59.999000+00:00,522314499294.05,217638055573.1,76398820989.04,36228227715.41
2023-03-19 19:59:59.999000+00:00,547246496072.19,223500780922.8,76433198128.26,36211861750.04
2023-03-20 07:59:59.999000+00:00,546403851546.16,220003023262.37,76324614651.55,36202088250.17
2023-03-20 19:59:59.999000+00:00,538083995828.88,214913890300.61,76226284806.52,35981806520.04
2023-03-21 07:59:59.999000+00:00,533309559911.34,212536408329.81,77093097786.06,35348121012.09
2023-03-21 19:59:59.999000+00:00,544013317279.36,219473310144.12,76896617429.75,35242113051.83
2023-03-22 07:59:59.999000+00:00,543709542865.24,219737781937.45,77545879792.57,35204597691.2
2023-03-22 15:59:59.999000+00:00,552968971755.67,221172498470.98,77539942877.29,35175799156.37
2023-03-23 03:59:59.999000+00:00,530192623761.16,213044595053.85,77565252468.27,34694664866.45
2023-03-23 15:59:59.999000+00:00,553436553558.76,225355831827.08,77588980610.02,34596383245.79
2023-03-24 03:59:59.999000+00:00,545869568370.18,222067437511.12,78587176248.27,34418550092.1
2023-03-24 15:59:59.999000+00:00,542169918827.95,216408696541.78,78544592683.7,34370829342.69
2023-03-25 03:59:59.999000+00:00,533759047720.63,215177551348.28,79139031028.55,33924930518.67
2023-03-25 15:59:59.999000+00:00,535538552822.29,215036035693.91,79097750427.19,33928412152.03
2023-03-25 23:59:59.999000+00:00,531424045822.58,213391238626.05,79089332696.14,33908793710.24
2023-03-26 11:59:59.999000+00:00,539385654906.61,218038807008.15,79083614104.83,33905414053.33
2023-03-26 23:59:59.999000+00:00,541106062437.58,217296429099.19,79092873689.21,33879174436.7
2023-03-27 11:59:59.999000+00:00,539327999436.64,216180549231.72,79040832586.64,33836756078.89
2023-03-27 23:59:59.999000+00:00,524615890807.42,209927572136.18,79198869532.84,33461188938.63
2023-03-28 11:59:59.999000+00:00,523431855410.29,213674844819.42,79463651279.88,33444328490.77
2023-03-28 23:59:59.999000+00:00,527117850100.66,216942634875.31,79480373920.42,33317773424.64
2023-03-29 07:59:59.999000+00:00,542872633389.68,220870256317.55,79522671682.15,33316390132.07
2023-03-29 19:59:59.999000+00:00,549648970100.71,221469504444.2,79525968947.88,33257869239.78
2023-03-30 07:59:59.999000+00:00,555149566806.79,221072028473.46,79643510131.49,33263346452.57
2023-03-30 19:59:59.999000+00:00,541225277111.17,218010502092.17,79634067844.99,32758482536.95
2023-03-31 07:59:59.999000+00:00,536621401529.66,219773241301.35,79685480141.2,32850942212.58
2023-03-31 19:59:59.999000+00:00,550560848072.5,220366675683.47,79645653822.41,32492272949.73
2023-04-01 07:59:59.999000+00:00,549701739406.83,219705223567.87,79708194274.18,32519517997.19
2023-04-01 15:59:59.999000+00:00,548960574482.09,219275203977.53,79714759340.78,32524714655.98
2023-04-02 03:59:59.999000+00:00,550587653997.24,218918443366.67,79715095973.86,32524990250.74
2023-04-02 15:59:59.999000+00:00,543850137910.53,216564970368.99,79699778195.51,32521793435.72
2023-04-03 03:59:59.999000+00:00,536676853481.16,214231555887.69,79688452511.53,32522871054.21
2023-04-03 15:59:59.999000+00:00,542597389236.26,216491287969.56,79819126842.48,32497890874.74
2023-04-04 03:59:59.999000+00:00,539364090729.77,217959442991.47,79908500807.26,32633679018.05
2023-04-04 15:59:59.999000+00:00,542182033396.95,224567295591.8,79902917594.47,32609895970.1
2023-04-04 23:59:59.999000+00:00,544693901827.85,225377122390.06,79925744083.03,32697344113.67
2023-04-05 11:59:59.999000+00:00,552278678007.02,230646878233.02,80011304309.7,32687353611.56
2023-04-05 23:59:59.999000+00:00,544910072721.85,229967634146.98,80014930164.44,32616092871.35
2023-04-06 11:59:59.999000+00:00,540368221708.32,225106891770.74,80122736203.9,32607766320.03
2023-04-06 23:59:59.999000+00:00,542349825341.83,225608098485.43,80152190395.7,32755947278.42
2023-04-07 11:59:59.999000+00:00,538392838206.73,222662250909.82,80223744745.4,32749074776.38
2023-04-07 19:59:59.999000+00:00,539854170059.81,223508559499.44,80236607470.1,32593873446.07
2023-04-08 07:59:59.999000+00:00,543274826739.06,225573038252.18,80215396834.8,32589804177.98
2023-04-08 19:59:59.999000+00:00,540232474161.02,223428359628.73,80228297538.73,32595781670.04
2023-04-09 07:59:59.999000+00:00,540008625216.67,221257083407.65,80254841163.75,32598030704.15
2023-04-09 19:59:59.999000+00:00,544488838115.95,223673184689.11,80254213310.33,32595640672.42
2023-04-10 07:59:59.999000+00:00,547459556740.53,224172824378.18,80256674737.5,32592047266.18
2023-04-10 19:59:59.999000+00:00,565099748137.19,227792629291.07,80368003709.74,32387513792.47
2023-04-11 03:59:59.999000+00:00,582796545143.23,231799845115.88,80411141297.48,32389972258.87
2023-04-11 15:59:59.999000+00:00,584520092999.44,230703294975.78,80499986974.64,32351020688.92
2023-04-12 03:59:59.999000+00:00,579400971627.54,224650939230.47,80516931780.18,32395637819.11
2023-04-12 15:59:59.999000+00:00,580061512484.59,230403395396.62,80535192509.24,32373402140.73
2023-04-13 03:59:59.999000+00:00,582507358869.82,230685631565.7,80660174109.61,32058835772.24
2023-04-13 15:59:59.999000+00:00,589185917589.62,240698742210.88,80660754621.72,32008019006.65
2023-04-14 03:59:59.999000+00:00,594257379340.26,254193883994.22,80833302197.95,31938082891.19
2023-04-14 11:59:59.999000+00:00,596360615261.1,254470821409.77,80829673684.45,31937372079.04
2023-04-14 23:59:59.999000+00:00,589786626446.89,252646950002.52,80823595399.03,31812535825.88
2023-04-15 11:59:59.999000+00:00,588461630347.27,252485609577.69,80843736202.96,31830633324.99
2023-04-15 23:59:59.999000+00:00,586582359795.4,251325536962.21,80974942537.84,31828477164.16
2023-04-16 11:59:59.999000+00:00,585560790965.54,250100314647.19,80968186665.57,31821699055.99
2023-04-16 23:59:59.999000+00:00,586546802552.23,253800479048.38,80965191181.81,31822883102.73
2023-04-17 11:59:59.999000+00:00,572771573202.33,248213069489.91,80966753444.48,31801855194.46
2023-04-17 19:59:59.999000+00:00,570390220994.74,248281318749.57,80955095468.93,31582095823.18
2023-04-18 07:59:59.999000+00:00,576335397891.71,250880370970.0,80967254672.18,31642073383.96
2023-04-18 19:59:59.999000+00:00,584995637812.3,248572344798.02,81081877797.64,31501462009.07
2023-04-19 07:59:59.999000+00:00,582181301944.04,247548519412.78,81079450836.58,31370406373.14
2023-04-19 19:59:59.999000+00:00,566099282071.95,236440010656.66,81231141013.99,31207470137.05
2023-04-20 07:59:59.999000+00:00,559168603159.1,234951698341.32,81334601050.41,31253199199.24
2023-04-20 19:59:59.999000+00:00,544254584519.58,232237717142.59,81311326966.44,31057746679.44
2023-04-21 03:59:59.999000+00:00,548261760409.21,234475012557.37,81414220824.94,31003592852.93
2023-04-21 15:59:59.999000+00:00,542584602636.65,229245414452.31,81398499652.61,30938357832.57
2023-04-22 03:59:59.999000+00:00,529069736645.4,224033524709.33,81434643396.13,30784237385.07
2023-04-22 15:59:59.999000+00:00,531861429720.71,224732540189.45,81440184785.17,30773374085.04
2023-04-23 03:59:59.999000+00:00,533507666153.0,224331072027.75,81466471917.34,30780706476.66
2023-04-23 15:59:59.999000+00:00,531839783843.96,223900428755.45,81461085063.7,30800240643.98
2023-04-24 03:59:59.999000+00:00,537195104339.43,224731633998.22,81455461613.49,30806316605.68
2023-04-24 11:59:59.999000+00:00,533061374206.91,223363624999.18,81441768366.4,30775976620.24
2023-04-24 23:59:59.999000+00:00,532766516006.96,221884640081.19,81461699758.72,30748671675.8
2023-04-25 11:59:59.999000+00:00,530081482299.54,219860716137.56,81531792444.03,30722428633.51
2023-04-25 23:59:59.999000+00:00,547928945542.45,224770081704.09,81551703655.07,30685197838.91
2023-04-26 11:59:59.999000+00:00,560354024461.97,230359897665.87,81600106823.69,30690772966.1
2023-04-26 23:59:59.999000+00:00,550180352607.55,224743281403.41,81599877414.72,30748100347.54
2023-04-27 07:59:59.999000+00:00,559641966211.95,227122322203.89,81623322866.31,30744902439.03
2023-04-27 15:59:59.999000+00:00,564321201647.69,228780521671.32,81604991495.38,30684680293.75
2023-04-27 23:59:59.999000+00:00,570550222405.71,229822540123.19,81588668568.52,30519597474.0
2023-04-28 11:59:59.999000+00:00,566611113887.64,229271923689.51,81650116522.66,30530599693.06
2023-04-28 23:59:59.999000+00:00,567993007155.91,227866713240.43,81672327936.96,30495814372.6
2023-04-29 11:59:59.999000+00:00,567986384552.16,228617098745.35,81756757361.02,30502205269.6
2023-04-29 23:59:59.999000+00:00,566240497928.76,229830520243.3,81747198673.81,30509624175.89
2023-04-30 11:59:59.999000+00:00,565530620507.57,228922387203.27,81750470260.43,30507993899.57
2023-04-30 19:59:59.999000+00:00,568610551910.12,229418792528.63,81753544201.65,30506831101.7
2023-05-01 07:59:59.999000+00:00,554424253140.63,222756357525.61,81753869226.83,30500870809.95
2023-05-01 19:59:59.999000+00:00,539666010932.73,218445167677.84,81728985463.97,30411624136.51
2023-05-02 07:59:59.999000+00:00,543323034378.28,221030819497.48,81807609450.9,30381028052.68
2023-05-02 19:59:59.999000+00:00,556117671278.31,225296581678.31,81853934047.72,30201281490.04
2023-05-03 07:59:59.999000+00:00,555067798805.32,224649172739.18,81832389281.58,30259652648.25
2023-05-03 19:59:59.999000+00:00,548713819352.69,225078762708.74,81886440310.68,30124738124.97
2023-05-04 03:59:59.999000+00:00,563586330800.35,229218636447.08,82020901535.94,30180348048.02
2023-05-04 15:59:59.999000+00:00,559616597370.57,227277479025.73,82030259502.03,30104229473.66
2023-05-05 03:59:59.999000+00:00,565499725845.23,228339870279.09,82102566987.97,30154056463.76
2023-05-05 15:59:59.999000+00:00,568690596892.67,235171990843.77,82137213355.6,30164144074.7
2023-05-06 03:59:59.999000+00:00,569270576873.55,237326888772.38,82162299182.38,30391307457.44
2023-05-06 15:59:59.999000+00:00,554516248019.17,226402737497.69,82223988355.74,30397473647.08
2023-05-07 03:59:59.999000+00:00,558895065583.11,228257076539.4,82218992301.3,30393419361.62
2023-05-07 11:59:59.999000+00:00,559334415648.28,229270009126.4,82191049927.92,30397135516.12
2023-05-07 23:59:59.999000+00:00,551083296208.8,225414591269.9,82209951575.01,30400289561.96
2023-05-08 11:59:59.999000+00:00,541423251550.06,224242646560.74,82175434806.95,30388090381.95
2023-05-08 23:59:59.999000+00:00,536375393861.25,222504389357.37,82164419978.29,30232639178.72
2023-05-09 11:59:59.999000+00:00,536472021704.45,222316057832.32,82385105977.22,30242143247.82
2023-05-09 23:59:59.999000+00:00,535713623918.83,222433950191.07,82398341542.09,30155222154.44
2023-05-10 11:59:59.999000+00:00,536014091996.8,222729533481.76,82508721596.31,30162613672.49
2023-05-10 19:59:59.999000+00:00,536640409682.02,222680124394.28,82551335919.9,30068090973.84
2023-05-11 07:59:59.999000+00:00,532092251374.37,220205170802.92,82658852598.26,30129810354.54
2023-05-11 19:59:59.999000+00:00,520289600893.35,214902098502.97,82642833791.56,29933936620.94
2023-05-12 07:59:59.999000+00:00,509792318069.24,216093366305.67,82744979033.8,29991422595.55
2023-05-12 19:59:59.999000+00:00,512036695532.67,219777468669.16,82754981088.04,29950334190.59
2023-05-13 07:59:59.999000+00:00,518982585014.71,221650906503.71,82838660750.45,29975804978.67
2023-05-13 19:59:59.999000+00:00,520429964158.26,220484640189.55,82839617330.92,29977006284.41
2023-05-14 03:59:59.999000+00:00,520649208223.24,221828495676.01,82840126879.42,29982249018.91
2023-05-14 15:59:59.999000+00:00,524813330261.23,223710187634.65,82837820433.95,29975098617.37
2023-05-15 03:59:59.999000+00:00,528107306331.81,224756898513.48,82842209011.16,29972575437.04
2023-05-15 15:59:59.999000+00:00,530997821176.2,224828880849.8,82842883954.24,29971079957.26
2023-05-16 03:59:59.999000+00:00,525690936643.13,222974524497.86,82835743141.09,29813320338.87
2023-05-16 15:59:59.999000+00:00,523914129069.72,218956139131.52,82830894256.16,29808142084.68
2023-05-17 03:59:59.999000+00:00,524390566674.13,219402932353.26,82844649467.22,29654922042.86
2023-05-17 11:59:59.999000+00:00,516051542348.93,215321745417.91,82842177917.85,29637996724.65
2023-05-17 23:59:59.999000+00:00,530890147614.67,219138701233.08,82853068468.07,29510070414.37
2023-05-18 11:59:59.999000+00:00,530838616477.76,219493602678.79,82845233416.27,29493793804.01
2023-05-18 23:59:59.999000+00:00,519935930271.57,216710693709.2,82851802361.16,29596532462.84
2023-05-19 11:59:59.999000+00:00,520557474672.2,217461403077.57,82875468099.14,29581209176.1
2023-05-19 23:59:59.999000+00:00,521083278041.79,218010422175.62,82877488814.14,29559219385.46
2023-05-20 07:59:59.999000+00:00,520556813115.65,217913981923.33,82931669022.64,29561157130.16
2023-05-20 19:59:59.999000+00:00,524609454614.19,219100926527.01,82938658463.0,29557868757.14
2023-05-21 07:59:59.999000+00:00,524545483122.37,218603498535.27,82942493924.55,29556854839.14
2023-05-21 19:59:59.999000+00:00,521505880162.96,217736760644.39,82938497839.29,29554997822.95
2023-05-22 07:59:59.999000+00:00,520342514714.71,217860029048.06,82926078339.54,29544372642.78
2023-05-22 19:59:59.999000+00:00,520356773259.16,218401444644.6,82924952587.22,29401431393.05
2023-05-23 07:59:59.999000+00:00,529261852037.79,222950666946.92,82988452277.51,29432895032.91
2023-05-23 15:59:59.999000+00:00,529593760518.14,223349975676.74,82976412635.72,29402680620.39
2023-05-24 03:59:59.999000+00:00,519105486593.07,219132122223.31,83035441746.92,29269990092.45
2023-05-24 15:59:59.999000+00:00,509811399575.78,215620705914.17,83023579318.05,29204853908.93
2023-05-25 03:59:59.999000+00:00,507443394060.44,214182909420.36,83036196494.58,29140262628.39
2023-05-25 15:59:59.999000+00:00,508306940657.85,215373750339.46,83048888085.63,29088488741.97
2023-05-26 03:59:59.999000+00:00,512500640256.57,217373593009.61,83070015040.09,29051320314.86
2023-05-26 15:59:59.999000+00:00,518710114845.97,220199158437.67,83110520397.46,29101579037.06
2023-05-26 23:59:59.999000+00:00,517943916949.93,219914764942.45,83118891107.33,29084962230.7
2023-05-27 11:59:59.999000+00:00,517686564316.49,219787283500.25,83142962762.77,29069160297.98
2023-05-27 23:59:59.999000+00:00,520858138785.14,220204378895.01,83164021680.69,29066684768.54
2023-05-28 11:59:59.999000+00:00,526697206367.83,221814917092.11,83146163725.95,29063812615.42
2023-05-28 23:59:59.999000+00:00,544483610242.01,229798912476.57,83141485173.53,29060571707.84
2023-05-29 11:59:59.999000+00:00,541269265283.61,228889623742.63,83138019732.43,29049954002.62
2023-05-29 23:59:59.999000+00:00,537924888418.9,227650784838.18,83147373394.78,29034147585.76
2023-05-30 07:59:59.999000+00:00,537950014551.66,228455016933.45,83159675991.72,29030421911.83
2023-05-30 19:59:59.999000+00:00,539704948056.79,229318429862.77,83171999313.06,28953689239.33
2023-05-31 07:59:59.999000+00:00,526959561530.72,224880917678.78,83205756974.56,28958045050.2
2023-05-31 19:59:59.999000+00:00,524854690679.94,224387746508.56,83194008512.29,28803339593.11
2023-06-01 07:59:59.999000+00:00,519776950109.71,223033870960.96,83234796679.84,28878858696.18
2023-06-01 19:59:59.999000+00:00,520885318017.54,224763845137.67,83233114078.2,28858677350.65
2023-06-02 07:59:59.999000+00:00,524758066541.01,226805299067.41,83271561785.92,28973233108.86
2023-06-02 15:59:59.999000+00:00,525630556216.53,227618729489.54,83277980674.57,28946009590.97
2023-06-03 03:59:59.999000+00:00,526576404099.45,228500564960.88,83180864875.36,28910139962.54
2023-06-03 15:59:59.999000+00:00,529583247188.86,228962803753.59,83179400002.37,28904772032.54
2023-06-04 03:59:59.999000+00:00,524923286837.32,227785972211.73,83171946494.0,28901241783.62
2023-06-04 15:59:59.999000+00:00,527477631483.62,228839333665.32,83174635360.15,28908115492.34
2023-06-05 03:59:59.999000+00:00,520754310007.62,224831375546.58,83175113497.43,28905142766.46
2023-06-05 15:59:59.999000+00:00,506649366021.61,219742554709.49,83165724736.25,28866283380.66
2023-06-05 23:59:59.999000+00:00,499587457194.46,217846438558.82,83191412378.33,28789857372.68
2023-06-06 11:59:59.999000+00:00,498072966823.26,217951785586.67,83228865584.38,28780897026.91
2023-06-06 23:59:59.999000+00:00,528291607015.54,226580142941.11,83233493572.2,28646900641.8
2023-06-07 11:59:59.999000+00:00,520881502573.92,224765494761.11,83315624841.43,28661681729.08
2023-06-07 23:59:59.999000+00:00,510996613395.63,220311724080.98,83296300414.67,28516530699.06
2023-06-08 11:59:59.999000+00:00,512823298735.37,221698460023.59,83302380518.03,28495860209.11
2023-06-08 23:59:59.999000+00:00,514170400421.06,221982607204.4,83327320375.75,28444460282.64
2023-06-09 07:59:59.999000+00:00,513898212253.45,220787314252.89,83329038990.27,28439105443.06
2023-06-09 19:59:59.999000+00:00,512020148616.61,220111036852.21,83316934684.5,28362862177.29
2023-06-10 07:59:59.999000+00:00,497905704265.06,208545236355.9,83397193471.16,28340423596.06
2023-06-10 19:59:59.999000+00:00,499227222366.35,209688924414.91,83388033972.34,28360928939.02
2023-06-11 07:59:59.999000+00:00,499801944167.96,210900432163.61,83418064178.72,28380975607.89
2023-06-11 19:59:59.999000+00:00,505345263819.34,212026742082.08,83401100270.13,28380676771.3
2023-06-12 03:59:59.999000+00:00,500329758703.41,208656331287.22,83373835164.75,28372717968.56
2023-06-12 15:59:59.999000+00:00,501090074438.56,208230884528.07,83381164323.95,28397339101.83
2023-06-13 03:59:59.999000+00:00,505531708696.01,210019950988.54,83355077028.39,28317605293.22
2023-06-13 15:59:59.999000+00:00,499160985949.79,207763904490.45,83464796347.31,28278212230.69
2023-06-14 03:59:59.999000+00:00,504038738584.43,209859594773.14,83469370682.52,28180509953.96
2023-06-14 15:59:59.999000+00:00,503892108079.54,209152020155.79,83481447397.88,28148600791.76
2023-06-15 03:59:59.999000+00:00,486059777482.32,198525514444.84,83520083994.37,28095016652.25
2023-06-15 11:59:59.999000+00:00,484524648143.24,197132657755.68,83401498886.19,28094751961.38
2023-06-15 23:59:59.999000+00:00,496264527631.0,200224535661.62,83492401174.36,28217148127.72
2023-06-16 11:59:59.999000+00:00,493879378642.93,199880960334.78,83478024577.85,28207664021.98
2023-06-16 23:59:59.999000+00:00,510862345346.3,206369179860.34,83506842873.42,28349426488.06
2023-06-17 11:59:59.999000+00:00,514475655259.74,209071554752.64,83520159764.04,28351363244.74
2023-06-17 23:59:59.999000+00:00,514442327519.51,207632053119.27,83542880482.78,28351148822.87
2023-06-18 11:59:59.999000+00:00,514186523048.32,208447919292.3,83162948784.91,28353039703.97
2023-06-18 19:59:59.999000+00:00,517053441996.39,209279185974.96,83165124564.77,28347857833.6
2023-06-19 07:59:59.999000+00:00,512746137920.15,207283072026.9,83150187161.39,28346204861.9
2023-06-19 19:59:59.999000+00:00,517530427429.84,207222220786.65,83152297396.5,28456306529.89
2023-06-20 07:59:59.999000+00:00,520612911042.12,207908307326.69,83156639000.55,28452600218.04
2023-06-20 19:59:59.999000+00:00,542909307230.22,214210703378.77,83194417998.27,28399157242.91
2023-06-21 07:59:59.999000+00:00,560316199300.18,217933311424.9,83170967611.91,28534287761.28
2023-06-21 19:59:59.999000+00:00,584978444447.48,226281915143.05,83199710464.58,28492423086.38
2023-06-22 03:59:59.999000+00:00,587856034781.99,230469742651.71,83165978967.21,28481774880.16
2023-06-22 15:59:59.999000+00:00,579536611442.42,225653173318.94,83206025414.86,28430177943.33
2023-06-23 03:59:59.999000+00:00,582570054951.21,226229592673.34,83194182556.36,28491676118.51
2023-06-23 15:59:59.999000+00:00,606044258729.91,230336643731.51,83189055975.5,28440399493.06
2023-06-24 03:59:59.999000+00:00,597043727742.64,227886249031.69,83251991572.73,28455645993.97
2023-06-24 15:59:59.999000+00:00,590280611616.01,225230606889.56,83233033690.18,28448200651.09
2023-06-25 03:59:59.999000+00:00,597036884024.8,227869772753.97,83233252084.61,28471288986.11
2023-06-25 11:59:59.999000+00:00,596276938560.88,230588358418.47,83233258072.88,28471558984.91
2023-06-25 23:59:59.999000+00:00,591683600297.12,228424935740.82,83250712640.65,28475942735.79
2023-06-26 11:59:59.999000+00:00,588900126115.42,226151343505.68,83224524251.33,28456184503.69
2023-06-26 23:59:59.999000+00:00,587650439314.87,223481844153.87,83229654132.16,28373468062.11
2023-06-27 11:59:59.999000+00:00,596522943621.83,226148969232.76,83227959736.68,28342220822.35
2023-06-27 23:59:59.999000+00:00,595773660616.42,227116881653.75,83250331743.37,28215270187.9
2023-06-28 11:59:59.999000+00:00,588721242455.09,223800135891.89,83254841512.74,28190255942.6
2023-06-28 19:59:59.999000+00:00,584720853702.93,220406667076.64,83250098375.49,28098850190.6
2023-06-29 07:59:59.999000+00:00,589227485168.46,222240117227.02,83354525993.3,28141059330.89
2023-06-29 19:59:59.999000+00:00,594037347823.32,223346119836.16,83315194670.54,27956958815.48
2023-06-30 07:59:59.999000+00:00,597865289090.68,227039413242.63,83360578193.01,27958703323.66
2023-06-30 19:59:59.999000+00:00,591047037974.21,231889149447.1,83359179727.91,27877724499.7
2023-07-01 07:59:59.999000+00:00,591372124336.44,230787693576.64,83336800859.49,27397883954.46
2023-07-01 15:59:59.999000+00:00,593676404888.81,231189988044.03,83350245127.84,27399201734.56
2023-07-02 03:59:59.999000+00:00,592409788764.99,230062443338.15,83345992360.38,27397458680.2
2023-07-02 15:59:59.999000+00:00,592230567864.52,230746535889.28,83366898917.49,27398542336.11
2023-07-03 03:59:59.999000+00:00,597501369194.04,234386354225.24,83347602767.65,27393884047.86
2023-07-03 15:59:59.999000+00:00,603079535908.79,236671974423.66,83366080543.55,27342442287.74
2023-07-04 03:59:59.999000+00:00,605719593927.97,236035662556.63,83358575474.93,27674743796.7
2023-07-04 15:59:59.999000+00:00,601100839643.36,234872171545.38,83368224522.89,27642579280.06
2023-07-04 23:59:59.999000+00:00,597702171825.96,232820313728.46,83377850487.81,27735505467.37
2023-07-05 11:59:59.999000+00:00,590561653615.2,229661143999.27,83377161904.04,27721871699.85
2023-07-05 23:59:59.999000+00:00,592615228830.8,229686223069.99,83363661744.01,27681122086.79
2023-07-06 11:59:59.999000+00:00,598221369764.92,230312770083.42,83390561248.47,27654513253.8
2023-07-06 23:59:59.999000+00:00,580894851051.47,222232180744.4,83373025919.73,27523503083.95
2023-07-07 11:59:59.999000+00:00,584995899556.68,223649613824.22,83352932843.69,27523704088.55
2023-07-07 23:59:59.999000+00:00,589336655273.9,224865960293.99,83353821328.9,27501279395.58
2023-07-08 07:59:59.999000+00:00,586618887379.79,223841845966.06,83371423666.5,27505186642.46
2023-07-08 19:59:59.999000+00:00,585228772212.13,222115102049.08,83418480484.33,27517013040.28
2023-07-09 07:59:59.999000+00:00,587982849706.34,224464388121.26,83374746089.54,27504035065.92
2023-07-09 19:59:59.999000+00:00,587746383447.64,224627960648.86,83369495235.76,27498649980.9
2023-07-10 07:59:59.999000+00:00,584965275124.86,223108020213.33,83372405682.32,27494692615.95
2023-07-10 19:59:59.999000+00:00,599050588587.14,228374120853.36,83381906145.89,27340494447.92
2023-07-11 07:59:59.999000+00:00,593366791763.04,226371623129.31,83376659758.82,27403248611.32
2023-07-11 15:59:59.999000+00:00,594254734139.98,224994650260.86,83357741405.75,27370061643.99
2023-07-12 03:59:59.999000+00:00,594422945995.22,226086551405.91,83379957623.24,27366476161.74
2023-07-12 15:59:59.999000+00:00,592781929911.75,226355889006.6,83376282114.73,27317324183.04
2023-07-13 03:59:59.999000+00:00,588703423776.08,224483992746.65,83378731827.95,27245187752.26
2023-07-13 15:59:59.999000+00:00,601405706593.38,232422572446.05,83432458581.0,27204811321.15
2023-07-14 03:59:59.999000+00:00,611370793617.78,241605240640.15,83466836090.24,27392562254.57
2023-07-14 15:59:59.999000+00:00,607145362932.69,240300178367.63,83467759127.77,27329830208.21
2023-07-14 23:59:59.999000+00:00,589374459085.89,233118658512.83,83494588915.89,27287212611.06
2023-07-15 11:59:59.999000+00:00,589191619420.41,233202880973.78,83635593312.03,27280797644.16
2023-07-15 23:59:59.999000+00:00,588656416080.43,232165415326.64,83644364976.34,27282724153.64
2023-07-16 11:59:59.999000+00:00,589127208461.0,232385434850.61,83665736131.51,27281738057.45
2023-07-16 23:59:59.999000+00:00,587778068681.36,231226923280.79,83689168487.15,27284675187.32
2023-07-17 11:59:59.999000+00:00,586330136544.1,229723012523.36,83672097811.63,27263991069.92
2023-07-17 23:59:59.999000+00:00,585797549895.29,229781805153.89,83667760924.16,27072485856.93
2023-07-18 07:59:59.999000+00:00,582449277368.87,228275809119.48,83769052979.47,27069127923.43
2023-07-18 19:59:59.999000+00:00,577548838192.04,227442314637.82,83757496109.82,26884749039.73
2023-07-19 07:59:59.999000+00:00,583080852446.5,229434900991.01,83745533929.9,26993042193.6
2023-07-19 19:59:59.999000+00:00,583875105169.65,229558864232.28,83763951211.71,26844273521.54
2023-07-20 07:59:59.999000+00:00,587147880853.94,229919144107.5,83789017567.62,26979923185.07
2023-07-20 19:59:59.999000+00:00,578112711919.33,226854586816.38,83762691618.56,26937745925.3
2023-07-21 07:59:59.999000+00:00,578659213553.88,227152195389.34,83827622953.31,26914412738.32
2023-07-21 15:59:59.999000+00:00,580386478749.15,227396309890.5,83818023055.99,26851194773.65
2023-07-22 03:59:59.999000+00:00,581378303379.2,227793078854.81,83814589289.11,26866188695.28
2023-07-22 15:59:59.999000+00:00,581331145212.08,227085086304.65,83816925532.09,26864044926.91
2023-07-23 03:59:59.999000+00:00,580211637749.9,224706854048.35,83810947749.19,26858709639.72
2023-07-23 15:59:59.999000+00:00,581224910808.06,225240784009.6,83808347009.18,26856553111.07
2023-07-24 03:59:59.999000+00:00,577545427502.58,224570257828.94,83790805734.88,26851185529.37
2023-07-24 11:59:59.999000+00:00,568744589541.04,222685006261.87,83789676371.39,26822809445.47
2023-07-24 23:59:59.999000+00:00,567148527546.04,222359174267.9,83804298740.07,26698829896.1
2023-07-25 11:59:59.999000+00:00,566099885696.36,222782474256.64,83789502842.42,26684843882.08
2023-07-25 23:59:59.999000+00:00,568155078548.47,223456250671.33,83795069644.72,26633820570.1
2023-07-26 11:59:59.999000+00:00,567026429529.73,222745431400.12,83795953089.17,26613228123.35
2023-07-26 23:59:59.999000+00:00,570661758982.41,225653957077.34,83817869869.05,26594687513.91
2023-07-27 11:59:59.999000+00:00,573595692231.76,226377068763.06,83808529411.8,26558378550.89
2023-07-27 19:59:59.999000+00:00,566880556262.39,224491873733.62,83793601517.8,26573343104.71
2023-07-28 07:59:59.999000+00:00,566411128601.96,224446884287.73,83797682377.15,26569603727.17
2023-07-28 19:59:59.999000+00:00,569812379998.25,226387888819.74,83813015581.17,26504905168.93
2023-07-29 07:59:59.999000+00:00,569755188138.94,225058972306.81,83843181069.39,26555480986.77
2023-07-29 19:59:59.999000+00:00,570423478606.73,225673794725.07,83826582508.84,26550746221.32
2023-07-30 07:59:59.999000+00:00,569584430062.64,226813873092.75,83826034093.96,26550261072.49
2023-07-30 19:59:59.999000+00:00,567338695696.9,223765643658.29,83833083540.4,26542740799.57
2023-07-31 03:59:59.999000+00:00,572012811144.52,226123378369.02,83811175583.34,26543990385.44
2023-07-31 15:59:59.999000+00:00,568717653402.38,224904076182.61,83804758268.47,26512233726.81
2023-08-01 03:59:59.999000+00:00,560395550900.87,219437591343.67,83797987403.03,26485310930.72
2023-08-01 15:59:59.999000+00:00,562489658817.29,221941697155.43,83835668805.52,26403111797.48
2023-08-02 03:59:59.999000+00:00,576079660454.08,225663231482.42,83854992940.84,26282056917.93
2023-08-02 15:59:59.999000+00:00,570047500712.21,223263523853.17,83850087115.44,26194002474.49
2023-08-03 03:59:59.999000+00:00,567042705897.76,221046362508.41,83851409798.66,26181803441.89
2023-08-03 11:59:59.999000+00:00,566193294240.0,220603500286.74,83798252538.03,26146050064.1
2023-08-03 23:59:59.999000+00:00,567446140509.39,220530132874.86,83850820616.37,26105515791.2
2023-08-04 11:59:59.999000+00:00,566780223818.03,220325997306.21,83806761935.37,26064751741.22
2023-08-04 23:59:59.999000+00:00,565434912959.96,219632850428.96,83779810542.81,26041204603.39
2023-08-05 11:59:59.999000+00:00,564259878410.25,220040841845.91,83812978506.52,26047206820.91
2023-08-05 23:59:59.999000+00:00,564840485745.58,220502861332.05,83817254441.35,26041414119.74
2023-08-06 11:59:59.999000+00:00,564825507168.74,219976597981.92,83803519942.35,26047591890.42
2023-08-06 19:59:59.999000+00:00,564911058051.52,219807821743.22,83776242395.95,26040447585.65
2023-08-07 07:59:59.999000+00:00,564690283479.57,220232044868.84,83734069223.07,26032283445.52
2023-08-07 19:59:59.999000+00:00,566083958083.79,219039656180.55,83809190769.29,26088030312.46
2023-08-08 07:59:59.999000+00:00,567036092068.84,219640651316.41,83458428470.77,26141354820.11
2023-08-08 19:59:59.999000+00:00,581107323180.44,223317554782.01,83564133745.47,26195972348.97
2023-08-09 07:59:59.999000+00:00,579771604162.39,223610064431.69,83490792419.56,26304179032.87
2023-08-09 19:59:59.999000+00:00,571948579827.15,221949699152.22,83464696584.84,26244006215.3
2023-08-10 03:59:59.999000+00:00,574902967912.88,222445152829.34,83451081846.05,26284285229.38
2023-08-10 15:59:59.999000+00:00,572606449249.64,222464347961.96,83445231271.68,26183706348.5
2023-08-11 03:59:59.999000+00:00,571398766958.1,221613675070.17,83429902927.56,26155209638.83
2023-08-11 15:59:59.999000+00:00,571061851216.6,221518549471.28,83439531863.41,26025263982.29
2023-08-12 03:59:59.999000+00:00,571474057609.36,221856785838.26,83339303658.91,26114458687.13
2023-08-12 15:59:59.999000+00:00,572445920657.67,222265867601.13,83366129066.45,26116403268.31
2023-08-12 23:59:59.999000+00:00,572302297645.31,222139062221.35,83365250529.88,26164907814.61
2023-08-13 11:59:59.999000+00:00,571386479551.84,222101811828.23,83375181621.09,26165757640.73
2023-08-13 23:59:59.999000+00:00,569738074810.23,220981729947.98,83348342979.75,26183335731.43
2023-08-14 11:59:59.999000+00:00,571456108195.85,221756800717.75,83302444941.48,26147058868.42
2023-08-14 23:59:59.999000+00:00,572212182981.53,221568525308.68,83342828492.64,26008839061.89
2023-08-15 11:59:59.999000+00:00,570663897128.13,220790967635.84,83293670628.93,25985380480.27
2023-08-15 23:59:59.999000+00:00,567610646871.25,219491766849.53,83324522259.1,26035507711.42
2023-08-16 07:59:59.999000+00:00,567571876708.91,219302428552.23,83074067721.41,26034033101.16
2023-08-16 19:59:59.999000+00:00,566349107656.58,218585036391.94,83097769879.92,26036875010.83
2023-08-17 07:59:59.999000+00:00,556240626765.08,215982194673.26,82917803740.2,26059254697.85
2023-08-17 19:59:59.999000+00:00,542264478335.4,208565820735.11,82916610325.03,25987512210.87
2023-08-18 07:59:59.999000+00:00,514119388368.49,203068356515.5,82815104440.17,26260500122.24
2023-08-18 19:59:59.999000+00:00,506349323069.49,198754998552.5,82773991846.48,26162821199.6
2023-08-19 07:59:59.999000+00:00,504159936683.88,199588761582.66,82811227025.98,25985333817.02
2023-08-19 15:59:59.999000+00:00,509700135177.1,202172723069.74,82839261822.5,25991835241.23
2023-08-20 03:59:59.999000+00:00,508053771356.09,200540561962.79,82838094375.25,25983921063.14
2023-08-20 15:59:59.999000+00:00,507769701919.91,200797725862.56,82843935729.08,25983028674.63
2023-08-21 03:59:59.999000+00:00,507750229401.75,201621575233.06,82832813266.95,25981687979.94
2023-08-21 15:59:59.999000+00:00,505298017708.03,199408888914.4,82849517719.23,25923843073.86
2023-08-22 03:59:59.999000+00:00,506976626784.24,199977899049.0,82817666423.39,25985554637.49
2023-08-22 15:59:59.999000+00:00,504862258679.23,198391227881.21,82812059828.12,25914778226.5
2023-08-22 23:59:59.999000+00:00,506709265107.93,196411977220.27,82809047977.33,25910464956.82
2023-08-23 11:59:59.999000+00:00,504728988679.48,197418262031.66,82818624288.83,25919408970.96
2023-08-23 23:59:59.999000+00:00,514519784075.08,201872827301.06,82837415190.73,26007628691.14
2023-08-24 11:59:59.999000+00:00,514946724118.08,200552197190.28,82813343307.08,25984148928.99
2023-08-24 23:59:59.999000+00:00,509301597240.58,199548851220.68,82798245607.27,25868008592.82
2023-08-25 11:59:59.999000+00:00,507896090952.76,198758534653.54,82823405735.93,25874140525.48
2023-08-25 23:59:59.999000+00:00,507090156466.72,198709982386.16,82807252662.67,25919090832.39
2023-08-26 07:59:59.999000+00:00,506850142181.86,198593143881.33,82806561986.98,25978477545.63
2023-08-26 19:59:59.999000+00:00,506652596023.71,197817278758.22,82814210920.33,26008289818.63
2023-08-27 07:59:59.999000+00:00,506865317935.45,198177802817.27,82821241875.0,26020013059.52
2023-08-27 19:59:59.999000+00:00,508377437219.71,198981849597.82,82814926926.92,26019260593.15
2023-08-28 07:59:59.999000+00:00,504520913777.83,197224488731.69,82800014347.89,26040313666.69
2023-08-28 19:59:59.999000+00:00,505976050756.95,197907188744.56,82805813785.62,26012829885.32
2023-08-29 07:59:59.999000+00:00,506149110184.33,197983370614.85,82810198991.76,26042770481.42
2023-08-29 15:59:59.999000+00:00,533250243014.43,206171657696.99,82849613549.49,25981273086.05
2023-08-30 03:59:59.999000+00:00,533805566597.0,206684354558.24,82847079900.88,26183863762.22
2023-08-30 15:59:59.999000+00:00,529747576232.6,204838237829.0,82854649075.67,26116480505.5
2023-08-31 03:59:59.999000+00:00,529697203314.09,204228731498.78,82835130226.75,26131659772.51
2023-08-31 15:59:59.999000+00:00,524160832818.55,202947224708.18,82871805419.32,26115411272.63
2023-09-01 03:59:59.999000+00:00,507712217889.67,198572784882.24,82838822158.85,26227355566.14
2023-09-01 15:59:59.999000+00:00,502521949698.08,196404057968.82,82832236305.87,26194091058.65
2023-09-01 23:59:59.999000+00:00,502435875823.55,195769929355.0,82844651545.29,26134784733.36
2023-09-02 11:59:59.999000+00:00,502705133883.82,196503378461.36,82888945150.86,26159974878.7
2023-09-02 23:59:59.999000+00:00,503786436420.87,196796363892.32,82911159055.68,26160921229.88
2023-09-03 11:59:59.999000+00:00,505171367545.21,196473110619.64,82889525530.13,26183050324.12
2023-09-03 23:59:59.999000+00:00,505774022624.31,196688728216.07,82897999833.79,26207173233.97
2023-09-04 11:59:59.999000+00:00,504263978025.27,196263569158.82,82873645539.82,26188873781.27
2023-09-04 19:59:59.999000+00:00,504122173103.85,196041773299.7,82868048565.29,26098324771.43
2023-09-05 07:59:59.999000+00:00,500834490967.53,195200446217.52,82846217537.82,26069879749.48
2023-09-05 19:59:59.999000+00:00,500246500041.78,196196269301.88,82872810035.11,25991240686.11
2023-09-06 07:59:59.999000+00:00,500882078909.68,195776812560.81,82862217687.43,26044661244.0
2023-09-06 19:59:59.999000+00:00,499839490408.82,195958893736.05,82851952977.85,26016441964.04
2023-09-07 07:59:59.999000+00:00,501607868509.22,196535740047.68,82870927653.23,26093972813.16
2023-09-07 19:59:59.999000+00:00,504133714693.69,196768615433.28,82861053785.21,25930687383.73
2023-09-08 03:59:59.999000+00:00,511484211867.77,197907516509.31,82887736544.4,25979219129.97
2023-09-08 15:59:59.999000+00:00,503291590995.32,195727904119.14,82888077336.7,26002272657.48
2023-09-09 03:59:59.999000+00:00,503957903887.72,196467306533.13,83000253070.18,26108161250.32
2023-09-09 15:59:59.999000+00:00,504312305920.88,196542552827.02,82997983194.72,26129274027.55
2023-09-10 03:59:59.999000+00:00,503779003164.7,196063531021.19,82995086646.33,26154368777.97
2023-09-10 15:59:59.999000+00:00,502092751121.53,194705234460.48,83001730354.41,26156275422.02
2023-09-11 03:59:59.999000+00:00,501304527290.57,193777225386.4,82988952538.71,26179849086.16
2023-09-11 11:59:59.999000+00:00,498624636507.62,190734966853.8,82976074312.03,26160137320.33
2023-09-11 23:59:59.999000+00:00,490238023957.25,186540658151.2,82991446850.68,26070557740.56
2023-09-12 11:59:59.999000+00:00,508334006277.39,193448360003.03,83003535080.17,26067079683.23
2023-09-12 23:59:59.999000+00:00,503327969520.61,191444620794.55,83029045732.53,26187146120.17
2023-09-13 11:59:59.999000+00:00,510427873755.74,192842233074.22,83035071011.05,26208283977.0
2023-09-13 23:59:59.999000+00:00,511047406839.26,193316070858.56,83051909076.4,26196126782.01
2023-09-14 11:59:59.999000+00:00,515488133714.73,195398168958.37,83034770036.44,26199549392.58
2023-09-14 19:59:59.999000+00:00,519868686630.04,196664132412.64,83035327415.96,26080066517.42
2023-09-15 07:59:59.999000+00:00,517768185499.99,195727456896.74,83050879637.7,26141193943.68
2023-09-15 19:59:59.999000+00:00,514701297767.64,194955772068.43,83046839964.9,26045245511.82
2023-09-16 07:59:59.999000+00:00,516381947792.01,196828530384.69,83053216242.07,26114815678.12
2023-09-16 19:59:59.999000+00:00,517231893151.66,196465834494.58,83065065908.69,26143449105.4
2023-09-17 07:59:59.999000+00:00,516821769187.79,195829049571.56,83092342123.49,26173316220.17
2023-09-17 19:59:59.999000+00:00,516686710669.32,195508404587.15,83064986311.29,26167878301.58
2023-09-18 03:59:59.999000+00:00,519554803006.53,195933132038.47,83050282195.94,26163752243.74
2023-09-18 15:59:59.999000+00:00,531568534987.37,199065214621.26,83067405159.34,26133999352.33
2023-09-19 03:59:59.999000+00:00,522846798037.77,196553498475.8,83108011363.86,26112278856.81
2023-09-19 15:59:59.999000+00:00,534528660741.55,199225058763.68,83110060663.77,26045171855.36
2023-09-20 03:59:59.999000+00:00,528605425546.78,196884469043.67,83179895902.35,26013399740.84
2023-09-20 15:59:59.999000+00:00,529900762531.72,195903946392.62,83175074348.43,25967607269.01
2023-09-21 03:59:59.999000+00:00,526826067486.69,195108469369.91,83196824248.06,25959546333.15
2023-09-21 11:59:59.999000+00:00,521072885667.65,191779683401.17,83210198982.31,25944807970.48
2023-09-21 23:59:59.999000+00:00,517864270862.51,190477744419.21,83189877816.7,25781119740.3
2023-09-22 11:59:59.999000+00:00,519259839139.49,192002914694.23,83186232335.34,25765085289.3
2023-09-22 23:59:59.999000+00:00,518118003343.51,191555616769.06,83191802035.04,25760742115.87
2023-09-23 11:59:59.999000+00:00,518111858326.25,191570983982.48,83206268852.75,25760577139.84
2023-09-23 23:59:59.999000+00:00,518140112048.32,191627759019.24,83206968038.25,25771572070.94
2023-09-24 11:59:59.999000+00:00,518576431488.03,191657029083.88,83213644577.59,25778198465.65
2023-09-24 19:59:59.999000+00:00,515762471905.33,190759406289.73,83210960968.44,25780465219.23
2023-09-25 07:59:59.999000+00:00,510437542075.14,190049590036.1,83187577912.93,25780517918.29
2023-09-25 19:59:59.999000+00:00,513704816617.42,191381120693.74,83196605316.52,25611438553.09
2023-09-26 07:59:59.999000+00:00,512106361847.33,191012935467.21,83188923258.16,25648666009.46
2023-09-26 19:59:59.999000+00:00,511818838358.13,191080493656.27,83170575314.81,25626327012.28
2023-09-27 07:59:59.999000+00:00,511416515031.0,191341911173.78,83210447873.85,25620037569.67
2023-09-27 15:59:59.999000+00:00,512369324251.34,192416458351.76,83213267093.71,25539090381.88
2023-09-28 03:59:59.999000+00:00,513955756889.16,193014790609.72,83208228169.54,25483422383.48
2023-09-28 15:59:59.999000+00:00,525934646474.0,198452685344.57,83245477974.49,25447796853.62
2023-09-29 03:59:59.999000+00:00,525699486360.61,198572084458.98,83278164499.79,25593057124.32
2023-09-29 15:59:59.999000+00:00,524161128597.44,201006013511.09,83256110673.06,25488143515.87
2023-09-30 03:59:59.999000+00:00,524836814096.52,200840763432.38,83244775940.63,25052282398.5
2023-09-30 15:59:59.999000+00:00,526466241233.69,202332455854.08,83252458492.18,25052713676.87
2023-09-30 23:59:59.999000+00:00,525885640459.76,200935981760.42,83261517290.27,25107503957.05
2023-10-01 11:59:59.999000+00:00,530475614528.26,203143223194.2,83269615740.45,25120819343.0
2023-10-01 23:59:59.999000+00:00,545719315434.05,208471009287.78,83246238290.16,25132933912.99
2023-10-02 11:59:59.999000+00:00,550324597976.31,207665270194.63,83282977878.77,25266746177.12
2023-10-02 23:59:59.999000+00:00,536912579985.45,200034753094.41,83284732156.02,25327674947.8
2023-10-03 11:59:59.999000+00:00,537424930979.99,199123419392.27,83339814693.33,25318424569.07
2023-10-03 23:59:59.999000+00:00,534975274335.57,199201087917.47,83348500370.75,25259139947.22
2023-10-04 07:59:59.999000+00:00,535299785695.13,197772673255.97,83369000649.21,25325864634.05
2023-10-04 19:59:59.999000+00:00,538890596518.1,197628831418.85,83374637459.01,25221393847.97
2023-10-05 07:59:59.999000+00:00,538472180342.86,196736460334.87,83367561893.35,25260237207.55
2023-10-05 19:59:59.999000+00:00,536120930998.94,194410444034.01,83383698135.16,25208568065.28
2023-10-06 07:59:59.999000+00:00,539113301012.07,196102284869.15,83382287930.06,25225173622.32
2023-10-06 19:59:59.999000+00:00,545811238233.27,198119405272.11,83413564312.89,25251369478.32
2023-10-07 07:59:59.999000+00:00,544260752987.15,196903573272.25,83411487699.35,25503329104.24
2023-10-07 15:59:59.999000+00:00,545345274127.28,197149155543.87,83502172205.13,25531781377.55
2023-10-08 03:59:59.999000+00:00,547819525313.82,197183745845.1,83521394096.21,25535005610.17
2023-10-08 15:59:59.999000+00:00,544572264503.08,196305271143.79,83525462708.02,25537239494.65
2023-10-09 03:59:59.999000+00:00,544867522873.71,196510919006.8,83503457210.39,25550396008.7
2023-10-09 15:59:59.999000+00:00,535657875907.94,190814723102.33,83478448231.48,25534908635.05
2023-10-10 03:59:59.999000+00:00,539114973822.26,190605866640.51,83495894892.01,25491414592.41
2023-10-10 15:59:59.999000+00:00,534820874474.5,188593574376.97,83531601714.38,25374805094.61
2023-10-10 23:59:59.999000+00:00,534398434701.94,188518346471.53,83502317447.45,25377947827.27
2023-10-11 11:59:59.999000+00:00,530537181734.07,189132903234.42,83497100770.52,25322929802.69
2023-10-11 23:59:59.999000+00:00,524325019033.96,188345385723.98,83498301346.23,25237497978.99
2023-10-12 11:59:59.999000+00:00,523548454005.58,186627033809.14,83505184062.66,25203130331.76
2023-10-12 23:59:59.999000+00:00,522077986120.86,185143896035.92,83497626921.98,25137888630.36
2023-10-13 11:59:59.999000+00:00,523097592816.99,185887826223.52,83483699578.13,25079216517.82
2023-10-13 23:59:59.999000+00:00,524162174273.51,186646413218.24,83518676393.22,25124069142.65
2023-10-14 07:59:59.999000+00:00,524223163954.28,186120990239.02,83533147877.63,25122057184.39
2023-10-14 19:59:59.999000+00:00,524301086572.28,187050127533.15,83532413170.13,25129203344.89
2023-10-15 07:59:59.999000+00:00,524593227064.56,186962374605.9,83536078604.94,25131183646.73
2023-10-15 19:59:59.999000+00:00,527543897827.98,187588061620.89,83531431397.4,25126264532.27
2023-10-16 07:59:59.999000+00:00,543593754760.75,189949729618.41,83560660473.01,25206722507.58
2023-10-16 19:59:59.999000+00:00,555289333054.24,191135152940.55,83565532971.1,25207188379.59
2023-10-17 03:59:59.999000+00:00,551881941955.27,191225496507.79,83626655646.91,25262432482.12
2023-10-17 15:59:59.999000+00:00,555853741513.06,189620373397.77,83630928481.94,25219966778.4
2023-10-18 03:59:59.999000+00:00,556717389696.6,188641357511.44,83710063126.95,25320934996.07
2023-10-18 15:59:59.999000+00:00,551675736954.92,189003680235.22,83718594986.24,25295984734.66
2023-10-19 03:59:59.999000+00:00,551330061726.1,186325301803.83,83829574157.37,25366736070.83
2023-10-19 15:59:59.999000+00:00,560090629529.98,187845038493.04,83852872603.25,25383194357.07
2023-10-20 03:59:59.999000+00:00,571214578144.3,191001470225.01,83982998482.9,25488864769.12
2023-10-20 11:59:59.999000+00:00,583030991821.45,194207242339.23,83989649859.28,25514747533.35
2023-10-20 23:59:59.999000+00:00,579392054001.41,192985216319.66,83969986916.86,25535150181.0
2023-10-21 11:59:59.999000+00:00,581830208698.89,193511924253.54,84183263028.0,25534821840.08
2023-10-21 23:59:59.999000+00:00,584015234381.83,195949653523.64,84183102364.26,25558611692.14
2023-10-22 11:59:59.999000+00:00,583933123943.76,195844589552.22,84184924669.06,25558482639.06
2023-10-22 23:59:59.999000+00:00,585517392721.71,200056060611.09,84174945593.8,25556187646.47
2023-10-23 11:59:59.999000+00:00,598574288372.14,201753463513.43,84183098118.58,25496425316.89
2023-10-23 19:59:59.999000+00:00,613231918266.74,205735942146.76,84191498744.22,25415368543.38
2023-10-24 07:59:59.999000+00:00,663931848925.51,217634756672.38,84174952340.99,25429360489.83
2023-10-24 19:59:59.999000+00:00,660376012375.26,213861287218.88,84300616091.12,25149754800.27
2023-10-25 07:59:59.999000+00:00,661401892616.18,212863745076.24,84260832918.78,25068767311.03
2023-10-25 19:59:59.999000+00:00,679163130133.06,215529529690.32,84280434755.38,25041219656.29
2023-10-26 07:59:59.999000+00:00,676476536122.48,222006436821.37,84288051818.71,25202766408.6
2023-10-26 19:59:59.999000+00:00,664856413202.32,215575818345.13,84402695274.83,25050081736.83
2023-10-27 03:59:59.999000+00:00,666249146788.19,215380247045.86,84525263333.51,25105527044.75
2023-10-27 19:59:59.999000+00:00,657484957294.52,213310713561.39,84536484034.45,24924310756.12
2023-10-28 07:59:59.999000+00:00,664821255363.95,215012893845.7,84550319430.29,24986799786.98
2023-10-28 19:59:59.999000+00:00,666426622337.31,213782832742.46,84565252975.16,24993524781.08
2023-10-29 07:59:59.999000+00:00,665881910933.1,214493366387.01,84555946456.61,24993967023.27
2023-10-29 19:59:59.999000+00:00,675286388480.68,215719139087.11,84569842840.59,25016648946.97
2023-10-30 07:59:59.999000+00:00,668111605994.9,215023173289.6,84566618666.39,25045775252.16
2023-10-30 15:59:59.999000+00:00,676875918583.69,218871648433.63,84561800540.07,24983970057.97
2023-10-31 03:59:59.999000+00:00,668686538704.02,216022007023.31,84668249459.64,24934332200.03
2023-10-31 15:59:59.999000+00:00,669678938964.36,215770505863.62,84652496085.11,24875091858.03
2023-11-01 03:59:59.999000+00:00,672807349916.69,217853878834.37,84854083450.67,24753123820.4
2023-11-01 15:59:59.999000+00:00,669757120580.37,215643749066.23,84839145561.53,24680767839.21
2023-11-02 03:59:59.999000+00:00,695490261369.52,223638791738.37,84924703607.95,24775197944.81
2023-11-02 15:59:59.999000+00:00,677551574095.57,217111207074.65,84918102420.85,24686160037.13
2023-11-02 23:59:59.999000+00:00,682394289860.93,216558513774.71,84895385120.73,24477155572.47
2023-11-03 11:59:59.999000+00:00,669430502054.15,215348382322.59,85216484098.58,24480219279.57
2023-11-03 23:59:59.999000+00:00,678402411403.87,220427195755.48,85257614523.75,24513195648.79
2023-11-04 11:59:59.999000+00:00,677979746523.97,221033102119.42,85417112764.31,24515261263.66
2023-11-04 23:59:59.999000+00:00,685272381015.38,223422362045.94,85424408086.93,24544715284.16
2023-11-05 11:59:59.999000+00:00,685612505159.86,227187730980.59,85432198152.64,24573455180.72
2023-11-05 23:59:59.999000+00:00,684667682720.63,227808286583.56,85429541975.52,24592859150.19
2023-11-06 07:59:59.999000+00:00,682058429701.53,226096158037.63,85458944098.59,24595176116.2
2023-11-06 19:59:59.999000+00:00,685119323106.63,228757282645.78,85425273181.58,24482961782.81
2023-11-07 07:59:59.999000+00:00,682803449510.95,227639821719.09,85426109732.39,24435831695.55
2023-11-07 19:59:59.999000+00:00,693128697037.12,228021201476.1,85777440358.92,24310358437.87
2023-11-08 07:59:59.999000+00:00,688343563761.32,225556088630.69,86121093115.46,24422279185.65
2023-11-08 19:59:59.999000+00:00,696651784291.99,228502706326.68,86102281343.86,24277126211.94
2023-11-09 03:59:59.999000+00:00,711659397175.24,230890733549.84,86295084233.6,24288030327.04
2023-11-09 15:59:59.999000+00:00,725106469232.95,245358020732.54,86297971465.09,24322191884.27
2023-11-10 03:59:59.999000+00:00,717864509639.71,255073105393.29,86525388145.44,24166906860.55
2023-11-10 15:59:59.999000+00:00,724774033110.92,251393008790.5,86546970182.6,24029577364.28
2023-11-11 03:59:59.999000+00:00,724169118704.05,246246810701.74,86717383610.89,24152634009.83
2023-11-11 15:59:59.999000+00:00,724820648586.59,248943779464.53,86707472848.57,24154583569.14
2023-11-12 03:59:59.999000+00:00,722772197025.2,246740454875.46,86814586029.13,24212396495.65
2023-11-12 11:59:59.999000+00:00,724464124242.43,246408936213.02,86823524514.26,24227094204.73
2023-11-12 23:59:59.999000+00:00,724074263172.69,245956142900.12,86806526555.09,24219576889.06
2023-11-13 11:59:59.999000+00:00,719646530625.26,246338831103.54,86846912797.05,24226258654.6
2023-11-13 23:59:59.999000+00:00,713311947480.48,247166782174.13,86836898978.2,24021625854.54
2023-11-14 11:59:59.999000+00:00,709298447472.82,244598430570.07,87107052294.74,24018983260.38
2023-11-14 23:59:59.999000+00:00,694491212462.29,237996343775.94,87099810113.13,23890761467.67
2023-11-15 11:59:59.999000+00:00,708714380146.32,242144853209.97,87355924700.83,23930562304.32
2023-11-15 19:59:59.999000+00:00,732515536809.8,246318287650.25,87368068928.33,23974550697.06
2023-11-16 07:59:59.999000+00:00,732050951628.94,247179984422.9,87473954311.42,24172192794.93
2023-11-16 19:59:59.999000+00:00,701866646600.36,236409588153.08,87438459203.55,24111887435.45
2023-11-17 07:59:59.999000+00:00,708376832654.77,236896249140.11,87550034862.29,24101414413.54
2023-11-17 19:59:59.999000+00:00,710030407229.2,233220037825.96,87558242836.52,24196381401.34
2023-11-18 07:59:59.999000+00:00,711851438738.17,232753024377.45,87729951996.02,24400901254.22
2023-11-18 19:59:59.999000+00:00,717288954956.19,236198709537.57,87734863293.22,24399465501.2
2023-11-19 03:59:59.999000+00:00,714275892042.05,235311210603.13,87743291360.62,24413620589.26
2023-11-19 15:59:59.999000+00:00,714882829285.49,236444504150.61,87744195978.56,24439723572.5
2023-11-20 03:59:59.999000+00:00,725699500982.66,240596961320.89,87759691286.11,24456950854.9
2023-11-20 15:59:59.999000+00:00,732735992171.55,245629902765.34,87771986612.16,24415868544.82
2023-11-21 03:59:59.999000+00:00,732823321370.17,242857698411.18,88086406910.46,24524593900.32
2023-11-21 15:59:59.999000+00:00,723197463034.73,239261224137.56,88054379489.37,24496335750.06
2023-11-22 03:59:59.999000+00:00,711307645850.82,237973073947.73,88318152982.32,24378103256.51
2023-11-22 11:59:59.999000+00:00,712853036603.36,242389692085.19,88325435538.66,24367138719.91
2023-11-22 23:59:59.999000+00:00,731805245915.84,248245097943.17,88338473236.48,24409339765.73
2023-11-23 11:59:59.999000+00:00,730500030437.48,248009170853.24,88508006272.29,24415229249.63
2023-11-23 23:59:59.999000+00:00,729048665033.17,247974942750.48,88511403088.93,24443961839.76
2023-11-24 11:59:59.999000+00:00,738041291067.07,252302457950.39,88539090223.96,24482132541.35
2023-11-24 23:59:59.999000+00:00,737506220401.3,250250115328.46,88546146717.48,24694185390.71
2023-11-25 11:59:59.999000+00:00,736250825530.94,249003543373.12,88757271570.06,24712943522.59
2023-11-25 19:59:59.999000+00:00,739715907065.58,250565218825.46,88748686698.68,24701730706.16
2023-11-26 07:59:59.999000+00:00,739235307895.92,251268706146.79,88756023331.96,24699486015.52
2023-11-26 19:59:59.999000+00:00,730816973448.96,247278714801.13,88716449885.1,24634888451.3
2023-11-27 07:59:59.999000+00:00,729369266135.09,245995681352.09,88808683871.49,24625906501.49
2023-11-27 19:59:59.999000+00:00,721335745778.57,239836940546.48,88787992585.77,24444143273.1
2023-11-28 07:59:59.999000+00:00,725979422329.17,242269390077.01,88918977987.32,24446651965.58
2023-11-28 15:59:59.999000+00:00,733999496630.7,245052122146.54,88928731529.63,24414408887.99
2023-11-29 03:59:59.999000+00:00,742068669602.08,246873782399.06,89107482642.05,24571870902.27
2023-11-29 15:59:59.999000+00:00,740045260278.27,244458428671.77,89110094908.14,24539920465.25
2023-11-30 03:59:59.999000+00:00,743955826046.65,245307497215.89,89294727307.96,24433957756.23
2023-11-30 15:59:59.999000+00:00,735115654559.15,244210296173.98,89291903719.62,24386809920.85
2023-12-01 03:59:59.999000+00:00,744145379651.01,251622486304.95,89366294041.67,24545113731.25
2023-12-01 15:59:59.999000+00:00,751454533930.07,250117216445.0,89363790054.26,24570658226.11
2023-12-01 23:59:59.999000+00:00,756690015947.53,250953198636.81,89368296862.01,24571497095.94
2023-12-02 11:59:59.999000+00:00,758117900644.25,252678911567.17,89559428625.54,24547565495.55
2023-12-02 23:59:59.999000+00:00,772125221563.13,260394436508.81,89559629954.25,24556203927.11
2023-12-03 11:59:59.999000+00:00,772372162042.88,259702328155.06,89622197320.77,24519737279.74
2023-12-03 23:59:59.999000+00:00,781986059221.04,263756848411.61,89624710699.78,24517129708.47
2023-12-04 11:59:59.999000+00:00,813570938172.28,268983327273.97,89632049565.47,24490265314.46
2023-12-04 23:59:59.999000+00:00,821180324321.75,269708642248.87,89639796779.58,24371762518.32
2023-12-05 07:59:59.999000+00:00,812038928757.96,264462382107.0,89812039347.59,24347072426.7
2023-12-05 19:59:59.999000+00:00,856382108933.12,273190493220.77,89805023595.88,24220489776.55
2023-12-06 07:59:59.999000+00:00,854082787995.14,272462046765.16,89957974877.3,24295157905.54
2023-12-06 19:59:59.999000+00:00,860537916102.79,272188814651.15,89940810954.97,24248787981.68
2023-12-07 07:59:59.999000+00:00,858770257613.53,271932208189.41,90077455145.12,24321416476.14
2023-12-07 19:59:59.999000+00:00,845715911742.35,280904496327.73,90089520746.96,24254704495.36
2023-12-08 07:59:59.999000+00:00,845094641599.25,283121947631.11,90266507373.65,24391158401.31
2023-12-08 15:59:59.999000+00:00,856949251055.23,282138942240.44,90272738992.59,24363796806.6
2023-12-09 03:59:59.999000+00:00,863929561210.86,283718400800.66,90351762817.25,24498070162.77
2023-12-09 15:59:59.999000+00:00,862435269785.36,284389796185.24,90388127635.0,24541438796.52
2023-12-10 03:59:59.999000+00:00,857918947587.14,282669409935.73,90596437207.89,24549809722.53
2023-12-10 15:59:59.999000+00:00,859160284719.1,282757246666.57,90598342573.2,24546603106.4
2023-12-11 03:59:59.999000+00:00,827963487018.91,270827767759.75,90595309741.6,24550683065.76
2023-12-11 15:59:59.999000+00:00,817972432551.09,266617008950.81,90508770664.71,24383264638.6
2023-12-11 23:59:59.999000+00:00,807028644888.58,267429121877.27,90504399780.1,24172076965.33
2023-12-12 11:59:59.999000+00:00,813344322563.47,265444488819.46,90630861768.67,24169224563.74
2023-12-12 23:59:59.999000+00:00,811106735270.16,264715811519.07,90615272066.88,24064021764.49
2023-12-13 11:59:59.999000+00:00,801655699047.46,260784542065.59,90599077524.03,24069456479.4
2023-12-13 23:59:59.999000+00:00,839333709178.59,271756571284.98,90671061823.13,24215928495.35
2023-12-14 11:59:59.999000+00:00,845954019118.84,276911624456.23,90663366932.85,24404599225.14
2023-12-14 23:59:59.999000+00:00,841983433932.16,278473738462.9,90673093192.92,24465992851.16
2023-12-15 07:59:59.999000+00:00,835656235696.04,273022813517.12,90847646256.32,24492791553.89
2023-12-15 19:59:59.999000+00:00,822694639071.26,269396350343.82,90804854387.65,24461616774.41
2023-12-16 07:59:59.999000+00:00,825838492392.82,269230297505.75,90859307825.65,24633661435.64
2023-12-16 19:59:59.999000+00:00,828638912422.54,268452511260.03,90859213718.72,24661764859.05
2023-12-17 07:59:59.999000+00:00,818904731588.64,265178064495.09,90822312752.3,24638995266.93
2023-12-17 19:59:59.999000+00:00,823313118980.52,268225549633.49,90815135083.49,24635938939.74
2023-12-18 07:59:59.999000+00:00,804117910992.25,260334476756.43,90866163099.45,24591201928.17
2023-12-18 15:59:59.999000+00:00,807734950606.33,258928182504.65,90857288676.68,24499712367.99
2023-12-19 03:59:59.999000+00:00,843056093861.78,268816850805.6,90883184193.25,24713697526.63
2023-12-19 15:59:59.999000+00:00,831339609352.42,263306149630.14,90889993860.82,24719923397.22
2023-12-20 03:59:59.999000+00:00,830045689741.8,262664096540.68,90903374649.16,24767249462.16
2023-12-20 15:59:59.999000+00:00,861690833570.64,266158963148.62,90939474007.72,24730435772.31
2023-12-21 03:59:59.999000+00:00,854771319221.95,260876278682.84,91026639514.76,24832858903.38
2023-12-21 11:59:59.999000+00:00,859659461457.77,270656385650.99,91035063406.15,24869512772.85
2023-12-21 23:59:59.999000+00:00,858819785954.74,269163758201.48,91038601132.17,24827201735.41
2023-12-22 11:59:59.999000+00:00,856607823030.51,278125510389.03,91070657332.55,24780758237.43
2023-12-22 23:59:59.999000+00:00,861384314118.89,279613363296.36,91156452575.89,25018798026.73
2023-12-23 11:59:59.999000+00:00,853127069366.29,275122517821.13,91244707432.84,25051247688.22
2023-12-23 23:59:59.999000+00:00,856371815373.69,277509810111.47,91261556639.51,25075032029.71
2023-12-24 11:59:59.999000+00:00,854693600764.34,275120946326.16,91326378230.32,25080369684.19
2023-12-24 19:59:59.999000+00:00,854674257399.23,275171123757.91,91323103226.89,25079992183.32
2023-12-25 07:59:59.999000+00:00,846546442704.33,274142574717.39,91307718001.19,25086133357.12
2023-12-25 19:59:59.999000+00:00,851415766931.22,273434033706.68,91270760583.68,25052709039.4
2023-12-26 07:59:59.999000+00:00,837593915080.64,269361136898.37,91320168544.91,25053884034.44
2023-12-26 19:59:59.999000+00:00,824229624040.62,265661527122.35,91309385017.66,24826388823.22
2023-12-27 07:59:59.999000+00:00,831812004546.04,267978746474.68,91394836432.35,24737637311.73
2023-12-27 19:59:59.999000+00:00,845635075959.97,282027291064.02,91388160129.29,24820666602.65
2023-12-28 03:59:59.999000+00:00,850670685815.75,290242124025.55,91543326314.38,24934683426.86
2023-12-28 15:59:59.999000+00:00,831511339056.27,283563080814.8,91481646788.04,24877108934.81
2023-12-29 03:59:59.999000+00:00,836790529155.73,282754304987.57,91504573922.75,24879344658.64
2023-12-29 15:59:59.999000+00:00,829254557093.9,280092743096.93,91602469420.02,24867530275.84
2023-12-30 03:59:59.999000+00:00,822367044490.91,276330548576.02,91708523316.43,24769898010.6
2023-12-30 15:59:59.999000+00:00,830530997298.47,278096224956.23,91675223397.85,24677216123.1
2023-12-31 03:59:59.999000+00:00,825731991007.22,274460283797.05,91692472611.0,24656755923.62
2023-12-31 11:59:59.999000+00:00,832405753946.34,277329038398.85,91663803493.2,24627702181.37
2023-12-31 23:59:59.999000+00:00,827811209384.42,274194287336.36,91674848734.73,24519751149.22
2024-01-01 11:59:59.999000+00:00,836098138333.23,276944493135.5,91696501592.48,24492212822.59
2024-01-01 23:59:59.999000+00:00,865106026911.1,282712004769.56,91739542215.54,24546920962.79
2024-01-02 11:59:59.999000+00:00,890117329070.72,287434845309.05,91781050969.78,24730573139.48
2024-01-02 23:59:59.999000+00:00,880631637169.92,283136372945.06,91756515399.68,24785109948.92
2024-01-03 11:59:59.999000+00:00,855955439331.61,277320099158.37,92114721602.7,24734146096.09
2024-01-03 19:59:59.999000+00:00,834482558480.67,265291448246.59,92088748911.56,24876402705.61
2024-01-04 07:59:59.999000+00:00,839167693692.7,267328028405.84,92121804300.49,24986370939.23
2024-01-04 19:59:59.999000+00:00,862296469789.35,273737436808.06,92556822808.78,24993324118.24
2024-01-05 07:59:59.999000+00:00,858481932334.83,271118647510.29,92909010908.65,25136242393.64
2024-01-05 19:59:59.999000+00:00,854623188110.22,268607143538.64,92882906513.5,25202527436.4
2024-01-06 07:59:59.999000+00:00,856062138820.04,268605753686.88,93439268007.3,25413487515.58
2024-01-06 19:59:59.999000+00:00,860887909094.18,270034793563.19,93412854816.88,25398240999.47
2024-01-07 03:59:59.999000+00:00,861606964841.38,269709452875.88,93617501568.27,25404422453.62
2024-01-07 15:59:59.999000+00:00,863680000189.6,268255012545.55,93610272365.65,25390646994.43
2024-01-08 03:59:59.999000+00:00,853201052564.62,263505969536.82,93666053032.45,25360556381.37
2024-01-08 15:59:59.999000+00:00,882636879905.96,273119929130.25,93698009493.74,25351955438.68
2024-01-09 03:59:59.999000+00:00,920181703647.63,277786253773.21,94148728616.89,25369240191.83
2024-01-09 15:59:59.999000+00:00,918682169860.89,271472159191.96,94115299461.08,25269190936.63
2024-01-10 03:59:59.999000+00:00,903948238564.99,283924129974.7,94381634106.73,25233833390.83
2024-01-10 11:59:59.999000+00:00,890975683480.81,288450890397.57,94384867380.02,25174919759.42
2024-01-10 23:59:59.999000+00:00,913669280076.61,310327971097.28,94362208344.75,25242165938.05
2024-01-11 11:59:59.999000+00:00,922679123410.6,319632758439.87,94664645208.63,25237040583.45
2024-01-11 23:59:59.999000+00:00,908639958360.69,314832271105.49,94642451842.68,25249499861.86
2024-01-12 11:59:59.999000+00:00,900857915924.68,318276776316.04,95008715589.69,25256433040.19
2024-01-12 23:59:59.999000+00:00,839796421013.38,303393130318.03,94993309598.5,25379148226.15
2024-01-13 07:59:59.999000+00:00,844885379486.37,306445560485.43,95020682745.85,25460454253.95
2024-01-13 19:59:59.999000+00:00,838987646731.06,309325319423.33,94991847189.71,25476845085.43
2024-01-14 07:59:59.999000+00:00,842587014691.02,306440379756.39,94992102795.77,25481192282.7
2024-01-14 19:59:59.999000+00:00,835412213262.78,300470939905.13,94980776650.04,25482679280.23
2024-01-15 07:59:59.999000+00:00,836909380304.08,301954875560.39,94969051747.63,25482222757.28
2024-01-15 19:59:59.999000+00:00,841971715646.86,304398986005.97,94950502138.58,25480591440.69
2024-01-16 07:59:59.999000+00:00,837428635659.05,303352302261.34,95039008533.82,25490674761.8
2024-01-16 15:59:59.999000+00:00,847874182481.46,307477535886.57,95088134096.08,25463142995.77
2024-01-17 03:59:59.999000+00:00,839856833312.27,309030135504.61,95105125336.91,25464786831.69
2024-01-17 15:59:59.999000+00:00,832623035487.49,305079859245.91,95069015609.28,25393652009.29
2024-01-18 03:59:59.999000+00:00,833916927864.19,303667787303.29,95057032155.86,25688984483.45
2024-01-18 15:59:59.999000+00:00,835084875863.15,303507362643.14,95113911925.06,25643632340.84
2024-01-19 03:59:59.999000+00:00,803998509183.98,295460759153.88,94947220245.24,25628966378.35
2024-01-19 15:59:59.999000+00:00,801363940883.63,295872115847.2,94973004113.28,25620420312.91
2024-01-19 23:59:59.999000+00:00,815839646533.36,299180637171.27,94982666728.79,25461513822.73
2024-01-20 11:59:59.999000+00:00,814578748582.69,296707359740.13,94999919098.01,25710293703.45
2024-01-20 23:59:59.999000+00:00,816801167080.27,296782924448.38,94998058680.91,25728181102.7
2024-01-21 11:59:59.999000+00:00,817368145134.24,297071947883.14,94876172428.68,25747175257.88
2024-01-21 23:59:59.999000+00:00,814488966035.62,294903756221.33,94876100829.9,25774773289.0
2024-01-22 11:59:59.999000+00:00,800536662340.96,286442704254.61,94840768359.18,25661573964.9
2024-01-22 23:59:59.999000+00:00,774565393660.75,277710357859.37,94821920821.94,25642739362.8
2024-01-23 07:59:59.999000+00:00,778464426474.47,278755646773.98,94829963541.3,25603328760.74
2024-01-23 19:59:59.999000+00:00,767207824843.94,262810182187.33,94847160042.41,25656084154.89
2024-01-24 07:59:59.999000+00:00,783031359394.4,268276537637.89,95513030652.61,25725417271.37
2024-01-24 19:59:59.999000+00:00,780501866253.9,266040805998.7,95540965720.11,25794741634.59
2024-01-25 07:59:59.999000+00:00,786210501342.09,267490763652.94,95508239296.23,25845704181.07
2024-01-25 19:59:59.999000+00:00,783374150240.68,266507666518.0,95533823721.32,25915763823.35
2024-01-26 07:59:59.999000+00:00,783546585572.32,263932023534.6,95545483868.49,26002489253.11
2024-01-26 15:59:59.999000+00:00,811829143049.4,271263089108.61,95529580906.99,25998344975.3
2024-01-27 03:59:59.999000+00:00,819865524993.65,273233686289.65,96027569406.82,26099123507.52
2024-01-27 15:59:59.999000+00:00,820048559308.59,272794422918.37,96042917371.9,26103700463.47
2024-01-28 03:59:59.999000+00:00,828153994241.25,274865632336.81,96026894351.67,26114544216.58
2024-01-28 15:59:59.999000+00:00,828767167792.21,272747219160.02,96028099462.93,26149759731.33
2024-01-29 03:59:59.999000+00:00,830301029864.28,272986026495.99,96016408635.34,26141234577.13
2024-01-29 15:59:59.999000+00:00,835520352446.3,273309013419.66,96021497668.03,26150111606.25
2024-01-29 23:59:59.999000+00:00,848995300207.95,278470139341.08,96048487514.88,26331815134.15
2024-01-30 11:59:59.999000+00:00,854002458044.24,278148121709.12,96043342651.16,26457344053.86
2024-01-30 23:59:59.999000+00:00,842451754278.67,281768999229.49,96055701456.47,26614029261.07
2024-01-31 11:59:59.999000+00:00,836132224232.35,276251348492.85,96134812351.2,26768310938.43
2024-01-31 23:59:59.999000+00:00,835231465697.41,274322642274.31,96055701456.47,26871995262.28
2024-02-01 11:59:59.999000+00:00,824382912705.73,272110624924.83,96134650993.67,26817676079.84
2024-02-01 19:59:59.999000+00:00,846958800419.28,276832529435.09,96201932318.6,26734353593.99
2024-02-02 07:59:59.999000+00:00,845355775250.47,278084594216.95,96187506008.2,26891607473.99
2024-02-02 19:59:59.999000+00:00,844416132863.46,276384855905.14,96180130367.05,26910162686.28
2024-02-03 07:59:59.999000+00:00,844439229156.83,278141650848.11,96232642846.14,27069150935.77
2024-02-03 19:59:59.999000+00:00,844211516055.08,276671128346.11,96204851226.25,27068919519.5
2024-02-04 07:59:59.999000+00:00,840329930588.56,275260318811.97,96205485081.06,27069619022.32
2024-02-04 19:59:59.999000+00:00,836444998955.18,273959021711.22,96203620511.91,27100011052.19
2024-02-05 03:59:59.999000+00:00,837228335792.31,275559072036.31,96174369694.41,27126169299.91
2024-02-05 15:59:59.999000+00:00,835642252044.76,275784667049.12,96133323047.56,27103046598.77
2024-02-06 03:59:59.999000+00:00,839890347832.57,278233983786.65,96125583320.98,27043019979.81
2024-02-06 15:59:59.999000+00:00,847804941364.26,281420081537.62,96152399892.71,27021040745.22
2024-02-07 03:59:59.999000+00:00,839289671351.14,284018366675.68,96128340472.97,27332443358.08
2024-02-07 15:59:59.999000+00:00,844492148015.69,284514090290.75,96140613218.0,27373637610.1
2024-02-08 03:59:59.999000+00:00,873669974640.4,292389078708.87,96147346358.73,27527596616.85
2024-02-08 11:59:59.999000+00:00,876702380327.98,291423454694.71,96158606444.26,27535364471.74
2024-02-08 23:59:59.999000+00:00,888921474480.5,290825026391.69,96204846039.63,27719714788.0
2024-02-09 11:59:59.999000+00:00,925150444745.56,300764908443.35,96214948545.02,27799631008.51
2024-02-09 23:59:59.999000+00:00,925184504544.07,298941592941.09,96253366254.08,27913858292.67
2024-02-10 11:59:59.999000+00:00,926434245841.19,298513838061.39,96292003322.75,27955094053.25
2024-02-10 23:59:59.999000+00:00,937476684153.25,300577536715.13,96251867894.26,27955410906.4
2024-02-11 11:59:59.999000+00:00,950811574445.31,304258755401.57,96396188505.65,27956721680.01
2024-02-11 19:59:59.999000+00:00,947855826724.9,301480543926.83,96372539034.78,27954723027.85
2024-02-12 07:59:59.999000+00:00,946063119395.2,300684950284.69,96489793712.7,27920512106.54
2024-02-12 19:59:59.999000+00:00,973479705253.6,314025817513.62,96522615000.29,27766916344.57
2024-02-13 07:59:59.999000+00:00,981412873265.01,318451899525.33,96698234723.3,27895052990.99
2024-02-13 19:59:59.999000+00:00,962564474715.16,314032606781.76,96734943442.86,27801049470.56
2024-02-14 07:59:59.999000+00:00,978845005653.64,319002136860.41,96732810035.85,27987906792.52
2024-02-14 19:59:59.999000+00:00,1014427346368.15,331843271653.87,97007703466.39,27954471552.94
2024-02-15 03:59:59.999000+00:00,1028100425415.9,336932886401.56,97039703762.89,28004020584.9
2024-02-15 15:59:59.999000+00:00,1018972096767.77,339669326724.36,97161894060.97,28008924365.29
2024-02-16 03:59:59.999000+00:00,1026943684752.17,342427471701.37,97191896243.85,28117792627.28
2024-02-16 15:59:59.999000+00:00,1017295102899.63,333245592653.53,97111106150.37,28036962379.28
2024-02-17 03:59:59.999000+00:00,1020561229709.9,335768133747.86,97634186907.42,28107924144.48
2024-02-17 15:59:59.999000+00:00,1001305694032.69,331102843368.8,97623151648.4,28110236514.21
2024-02-18 03:59:59.999000+00:00,1010628974280.43,334367547136.25,97688154157.91,28114185199.62
2024-02-18 11:59:59.999000+00:00,1017631419245.86,336904372723.12,97662704437.57,28088236587.95
2024-02-18 23:59:59.999000+00:00,1023243073518.32,345956120895.87,97680515793.24,28071806087.35
2024-02-19 11:59:59.999000+00:00,1027906542338.77,349823949933.26,97708069434.75,28062860894.88
2024-02-19 23:59:59.999000+00:00,1016544621994.0,353716174190.18,97697067072.54,28049271867.46
2024-02-20 11:59:59.999000+00:00,1026740098552.59,352675946115.16,97685919148.13,27965822526.46
2024-02-20 23:59:59.999000+00:00,1026519013526.24,362116088266.69,97724032660.67,27962784912.85
2024-02-21 11:59:59.999000+00:00,1000547309196.58,348259296643.58,97775272234.38,28012582099.48
2024-02-21 19:59:59.999000+00:00,1001988086905.11,350010846223.43,97819674052.87,28006496846.67
2024-02-22 07:59:59.999000+00:00,1017054841790.9,359541925629.4,97805942972.03,28060948318.6
2024-02-22 19:59:59.999000+00:00,1011012456881.21,358773190678.75,97808254653.49,27965956621.88
2024-02-23 07:59:59.999000+00:00,999451428639.45,352296419465.14,97839359922.78,28046631478.34
2024-02-23 19:59:59.999000+00:00,1002757609472.16,353826580139.46,97829714515.48,28049091955.86
2024-02-24 07:59:59.999000+00:00,1002546862595.51,355792230242.05,97887306540.3,28141632080.59
2024-02-24 15:59:59.999000+00:00,1003839891689.82,355301676853.57,97903217817.3,28142523237.76
2024-02-25 03:59:59.999000+00:00,1013402346349.64,363515602402.43,97903325298.68,28148824890.0
2024-02-25 15:59:59.999000+00:00,1011507815003.55,365646586174.35,97917012022.77,28178944384.64
2024-02-26 03:59:59.999000+00:00,1012504286745.54,373139806126.32,97903268770.09,28182848017.22
2024-02-26 15:59:59.999000+00:00,1036220689609.42,375581517143.83,97967974184.17,28163476766.66
2024-02-27 03:59:59.999000+00:00,1092184138405.27,385672523803.04,98180950759.15,28523545144.67
2024-02-27 15:59:59.999000+00:00,1115286664741.17,388063081484.79,98098587720.06,28490301477.29
2024-02-27 23:59:59.999000+00:00,1121125657664.09,389840801982.15,98098307198.0,28520330431.08
2024-02-28 11:59:59.999000+00:00,1159518580272.24,396354545018.49,98455310606.09,28533448381.5
2024-02-28 23:59:59.999000+00:00,1227615937615.29,406795707755.71,98495349731.9,28646808635.94
2024-02-29 11:59:59.999000+00:00,1236300599715.82,422417379749.86,98702129973.29,28659154167.36
2024-02-29 23:59:59.999000+00:00,1202008882583.53,401521910329.79,98748122584.15,28536339496.47
2024-03-01 11:59:59.999000+00:00,1215537385362.79,409821779031.14,98853167501.33,28777484996.37
2024-03-01 23:59:59.999000+00:00,1226468270480.94,412694537324.83,98865057679.77,28987779824.68
2024-03-02 07:59:59.999000+00:00,1219572801766.97,412784625499.1,99295878574.05,29027350320.79
2024-03-02 19:59:59.999000+00:00,1220931791391.63,411983264377.97,99272787109.44,29018102490.22
2024-03-03 07:59:59.999000+00:00,1211727690951.58,408234989622.05,99243460256.0,29009260975.4
2024-03-03 19:59:59.999000+00:00,1232980856348.71,416548985105.75,99503422123.88,28998328018.2
2024-03-04 07:59:59.999000+00:00,1258736889323.2,418178211651.22,99562401052.35,28951813064.77
2024-03-04 19:59:59.999000+00:00,1325652942678.66,432090244597.83,99622193178.8,28873685157.58
2024-03-05 07:59:59.999000+00:00,1303649813525.03,442449644910.48,100131064041.94,28901327092.66
2024-03-05 15:59:59.999000+00:00,1314662620723.17,454776554753.38,100092207890.65,28898605866.1
2024-03-06 03:59:59.999000+00:00,1244494101492.36,425400649917.12,100501598614.47,28899354402.16
2024-03-06 15:59:59.999000+00:00,1305774165179.95,455176222280.35,100513862644.6,28975035859.13
2024-03-07 03:59:59.999000+00:00,1294234077129.92,453499496703.79,100761989613.94,29165191138.2
2024-03-07 15:59:59.999000+00:00,1325862637576.64,462329923036.88,100829818817.92,29137717775.41
2024-03-08 03:59:59.999000+00:00,1320138157515.1,468747732679.2,100832482395.93,29344955051.4
2024-03-08 15:59:59.999000+00:00,1336701982745.8,470690640583.28,101197544108.93,29428267482.35
2024-03-08 23:59:59.999000+00:00,1341992893970.51,467479204410.04,101266308606.18,29943216493.65
2024-03-09 11:59:59.999000+00:00,1344733960170.67,470902362814.01,101806453323.01,29973557735.3
2024-03-09 23:59:59.999000+00:00,1346014614977.61,470282726399.39,101813227168.48,30006020247.94
2024-03-10 11:59:59.999000+00:00,1369598174274.01,473048392076.96,102009981723.63,30125072332.1
2024-03-10 23:59:59.999000+00:00,1356284493147.36,466138296994.82,101919864540.25,30141803644.56
2024-03-11 11:59:59.999000+00:00,1406386449282.75,484325555912.18,102090804524.66,30163208812.14
2024-03-11 23:59:59.999000+00:00,1417380747795.66,488401773064.44,102045515915.21,30430502760.76
2024-03-12 07:59:59.999000+00:00,1418003261958.69,483756448527.87,102458879348.57,30463792615.97
2024-03-12 19:59:59.999000+00:00,1402637739143.95,477997762896.04,102510084928.76,30308736926.49
2024-03-13 07:59:59.999000+00:00,1431865271738.15,485118806679.41,102706764286.48,30420844949.32
2024-03-13 19:59:59.999000+00:00,1440082107506.79,480567319655.0,102790499552.41,30582143109.98
2024-03-14 07:59:59.999000+00:00,1439142011556.63,476263037861.5,103142180290.87,30831210598.66
2024-03-14 19:59:59.999000+00:00,1360263312823.48,453603889973.2,103029417658.38,30588099593.41
2024-03-15 03:59:59.999000+00:00,1336659230655.81,445132453681.9,103216700240.95,30610826197.57
2024-03-15 15:59:59.999000+00:00,1339339362421.25,442696051308.42,103240907843.83,30445945878.86
2024-03-16 03:59:59.999000+00:00,1361199562354.61,448734024052.91,103301374593.11,30896270064.44
2024-03-16 15:59:59.999000+00:00,1343939007379.89,441590816138.26,103288707716.06,30910685787.27
2024-03-17 03:59:59.999000+00:00,1306623614069.86,428380169278.49,103376756836.92,30905219439.3
2024-03-17 15:59:59.999000+00:00,1334296945283.98,435771579206.08,103320662230.25,30846076118.27
2024-03-18 03:59:59.999000+00:00,1334498900114.75,431886360819.35,103348324544.11,30839930038.24
2024-03-18 11:59:59.999000+00:00,1340539525284.17,431787331670.62,103354064413.65,30898536246.97
2024-03-18 23:59:59.999000+00:00,1328015048454.29,422635979695.19,103395155607.8,31188224864.42
2024-03-19 11:59:59.999000+00:00,1238671028446.21,392769516906.0,103553092878.84,31403473737.83
2024-03-19 23:59:59.999000+00:00,1217479093665.71,379252163859.28,103583677221.52,31238202358.85
2024-03-20 11:59:59.999000+00:00,1245350734433.27,395111046610.82,103714571096.11,31309789762.19
2024-03-20 23:59:59.999000+00:00,1335131959554.81,421947979245.64,103800169439.41,31407351270.66
2024-03-21 11:59:59.999000+00:00,1318314329720.71,424218558201.52,103901584494.42,31682629512.8
2024-03-21 19:59:59.999000+00:00,1286971198093.87,414191608487.55,103909100605.55,31747839662.04
2024-03-22 07:59:59.999000+00:00,1301087967704.84,421473227836.04,104050748419.12,31810297778.93
2024-03-22 19:59:59.999000+00:00,1260219687839.04,402382497014.14,104088045272.65,31878326270.61
2024-03-23 07:59:59.999000+00:00,1269619643981.57,404081420509.04,104025161365.76,32028234319.75
2024-03-23 19:59:59.999000+00:00,1276502458550.03,406937068629.38,104019938949.81,32027970357.47
2024-03-24 07:59:59.999000+00:00,1268660484723.54,401086587051.56,104041780476.26,32036887025.66
2024-03-24 19:59:59.999000+00:00,1294844932308.57,406276962435.95,104016137132.03,32038146999.02
2024-03-25 03:59:59.999000+00:00,1322047571212.61,414305668886.82,104029586418.38,32014705820.71
2024-03-25 15:59:59.999000+00:00,1371806338333.1,429744928850.53,104028265763.78,32185960173.69
2024-03-26 03:59:59.999000+00:00,1385457130657.93,435460488965.76,104257067998.73,32270704053.73
2024-03-26 15:59:59.999000+00:00,1381128096461.22,431268903970.0,104250361773.01,32229437719.73
2024-03-27 03:59:59.999000+00:00,1384284936936.27,432799672573.14,104361262507.74,32308910462.03
2024-03-27 15:59:59.999000+00:00,1354997652006.28,422044066123.49,104303879209.93,32230283530.68
2024-03-28 03:59:59.999000+00:00,1362395381011.77,419665509903.64,104374035366.76,32132735294.61
2024-03-28 11:59:59.999000+00:00,1388483752634.88,429416228627.23,104413673391.67,32213284143.41
2024-03-28 23:59:59.999000+00:00,1391336144443.54,427577249073.79,104468468705.97,32396256884.81
2024-03-29 11:59:59.999000+00:00,1380285312968.43,426347962168.2,104521577520.84,32486769577.47
2024-03-29 23:59:59.999000+00:00,1374656364302.31,421667718721.24,104556730421.9,32410877900.18
2024-03-30 11:59:59.999000+00:00,1380850844502.38,427778894410.69,104561647173.08,32463127620.06
2024-03-30 23:59:59.999000+00:00,1369892136469.29,421201618786.64,104553630162.92,32461440814.05
2024-03-31 11:59:59.999000+00:00,1384448989292.91,433382561677.64,104525000233.41,32425238091.47
2024-03-31 19:59:59.999000+00:00,1397052451634.33,436749605230.8,104504053663.22,32420285606.3
2024-04-01 07:59:59.999000+00:00,1369988068101.88,426093143285.79,104506936463.14,32503452162.41
2024-04-01 19:59:59.999000+00:00,1372061616604.87,418884280581.23,104482629721.17,32552078424.55
2024-04-02 07:59:59.999000+00:00,1308847042419.01,404326672805.52,104705318324.76,32646910267.98
2024-04-02 19:59:59.999000+00:00,1300782502694.53,394100280622.03,104704034918.99,32750248402.21
2024-04-03 07:59:59.999000+00:00,1301679293773.6,397057444779.29,105333417227.45,32918230365.44
2024-04-03 19:59:59.999000+00:00,1296881289580.03,398813638273.21,105333728820.62,33023236848.88
2024-04-04 03:59:59.999000+00:00,1291311760716.87,393598986948.58,106171826545.97,32869289986.87
2024-04-04 15:59:59.999000+00:00,1330779635598.28,403835865154.06,106187814991.99,32886881824.61
2024-04-05 03:59:59.999000+00:00,1335195269318.86,397258557983.71,106613280855.61,33004178128.27
2024-04-05 15:59:59.999000+00:00,1339841813325.32,399360415876.86,106647058877.81,32909508604.94
2024-04-06 03:59:59.999000+00:00,1334406738874.34,400177052460.36,106855178713.5,32921211297.06
2024-04-06 15:59:59.999000+00:00,1340285028658.96,400693696983.89,106842624113.03,32948618022.99
2024-04-06 23:59:59.999000+00:00,1355566990096.02,402735310353.76,106838499488.79,32925911206.39
2024-04-07 11:59:59.999000+00:00,1365244821494.17,407175805892.85,106938442002.67,32937805459.2
2024-04-07 23:59:59.999000+00:00,1364795785582.02,414660162811.1,106892900921.35,32937732237.34
2024-04-08 11:59:59.999000+00:00,1423536289741.92,435758261055.22,106877782766.08,32850100922.66
2024-04-08 23:59:59.999000+00:00,1409529731787.86,443701699932.46,107042435278.03,32617140080.75
2024-04-09 11:59:59.999000+00:00,1392508425714.54,435932830320.86,107062888321.97,32607250886.71
2024-04-09 23:59:59.999000+00:00,1360554169765.49,420865715374.07,107025431320.7,32293564267.65
2024-04-10 07:59:59.999000+00:00,1364304729966.87,424769832472.56,107176484895.99,32265362744.47
2024-04-10 19:59:59.999000+00:00,1376895397076.52,422366235933.28,107204634274.76,32127879687.58
2024-04-11 07:59:59.999000+00:00,1392854265480.97,430411534075.47,107281072165.33,32267286827.73
2024-04-11 19:59:59.999000+00:00,1384526811676.2,421662562153.19,107267407267.99,32096353323.78
2024-04-12 07:59:59.999000+00:00,1392108581659.07,422222444992.93,107335417874.11,32368396647.0
2024-04-12 19:59:59.999000+00:00,1320953814994.86,386284693397.61,107377308366.38,31877276286.6
2024-04-13 07:59:59.999000+00:00,1327108907143.06,391114883223.45,107389429240.94,31970191478.59
2024-04-13 15:59:59.999000+00:00,1332894730319.43,393128404848.3,107370462819.62,32006027711.54
2024-04-14 03:59:59.999000+00:00,1250465853272.53,357122686667.37,107481870288.44,32334310832.1
2024-04-14 15:59:59.999000+00:00,1263223693005.51,367071752499.42,107701877936.34,32314541244.22
2024-04-15 03:59:59.999000+00:00,1283297773444.79,378033405927.75,107847931317.17,32296548966.18
2024-04-15 15:59:59.999000+00:00,1270343972243.72,379539176035.72,107790648555.7,32351105415.15
2024-04-16 03:59:59.999000+00:00,1240357118500.97,369047996491.96,107792805218.69,32429503727.15
2024-04-16 15:59:59.999000+00:00,1218747403003.19,362509501314.43,108155741043.53,32493062140.47
2024-04-16 23:59:59.999000+00:00,1256510316191.79,370408021051.68,108151712779.38,32602852372.38
2024-04-17 11:59:59.999000+00:00,1234538410284.36,365681984476.41,108816305193.96,32752415346.94
2024-04-17 23:59:59.999000+00:00,1206240184790.7,358378757749.83,108733311237.82,32578893522.33
2024-04-18 11:59:59.999000+00:00,1234519823668.82,366335134139.43,109079716475.79,32714645166.9
2024-04-18 23:59:59.999000+00:00,1250301972763.52,368135477475.74,109090139732.6,33091006374.65
2024-04-19 11:59:59.999000+00:00,1278897384934.63,372972544373.07,109539558061.76,33165794564.53
2024-04-19 23:59:59.999000+00:00,1257063743135.06,367361791165.13,109540756062.41,33903114124.77
2024-04-20 07:59:59.999000+00:00,1259895327207.18,367661483022.36,109528774093.68,33910020652.57
2024-04-20 19:59:59.999000+00:00,1277447147738.88,378205848405.97,109787518568.72,33973265412.67
2024-04-21 07:59:59.999000+00:00,1283205678191.1,381985238389.01,109877711593.38,33953702065.91
2024-04-21 19:59:59.999000+00:00,1272559871572.61,377737688450.78,109864438401.31,33911926622.74
2024-04-22 07:59:59.999000+00:00,1300606800782.37,384939309026.4,109897352060.78,34080688819.96
2024-04-22 19:59:59.999000+00:00,1309928638888.81,382962976048.89,109874480400.25,33985027292.56
2024-04-23 07:59:59.999000+00:00,1302182510482.85,385876283681.84,109896180745.7,33900866967.77
2024-04-23 15:59:59.999000+00:00,1307529409292.36,393625431999.28,109926681138.61,33915577778.98
2024-04-24 03:59:59.999000+00:00,1311271106174.68,395110347058.66,110477664448.2,33639621190.59
2024-04-24 15:59:59.999000+00:00,1270952215917.03,387245123089.26,110422675885.23,33632344757.13
2024-04-25 03:59:59.999000+00:00,1265564968489.24,384057977747.42,110443640828.13,33409690136.51
2024-04-25 15:59:59.999000+00:00,1260744640149.54,385089922556.24,110426605940.19,33427550465.26
2024-04-26 03:59:59.999000+00:00,1266952106339.16,383342595280.04,110465525556.93,33353924602.28
2024-04-26 11:59:59.999000+00:00,1264752663245.98,381837161570.07,110440524663.32,33398655722.53
2024-04-26 19:59:59.999000+00:00,1257787226124.55,383622695976.74,110395395004.34,33388832477.84
2024-04-27 03:59:59.999000+00:00,1241913522082.79,381091261304.89,110393592691.77,33466557488.04
2024-04-27 15:59:59.999000+00:00,1238119865153.1,383387715234.94,110493153835.6,33480867582.1
2024-04-28 03:59:59.999000+00:00,1260391306321.73,403759621044.02,110527385669.79,33492565283.86
2024-04-28 15:59:59.999000+00:00,1250818953620.82,405158806647.7,110526111727.41,33508384444.8
2024-04-29 03:59:59.999000+00:00,1229727884780.82,388199059131.29,110551725335.13,33495530097.35
2024-04-29 15:59:59.999000+00:00,1240409666897.03,388274884187.14,110558287824.04,33514597561.25
2024-04-29 23:59:59.999000+00:00,1257121259561.43,392453053426.48,110530678760.54,33327731766.83
2024-04-30 11:59:59.999000+00:00,1204879115472.54,367265931506.58,110627150900.04,33370409221.09
2024-04-30 23:59:59.999000+00:00,1193544962108.24,367513717992.83,110547764414.07,33206036195.78
2024-05-01 11:59:59.999000+00:00,1139061468391.37,353910262356.93,110520807777.21,33107469185.86
2024-05-01 23:59:59.999000+00:00,1147184157457.92,362491631190.64,110436191578.12,32995543712.69
2024-05-02 11:59:59.999000+00:00,1153163543020.39,359698807891.89,110547601625.29,33062176686.71
2024-05-02 23:59:59.999000+00:00,1164330817512.3,358849990940.77,110601610981.41,33167200644.06
2024-05-03 07:59:59.999000+00:00,1165434041119.63,350555232640.91,110591525037.26,33215252281.28
2024-05-03 19:59:59.999000+00:00,1221506524801.17,369101393873.27,110662494150.17,33307520381.29
2024-05-04 07:59:59.999000+00:00,1240420059574.6,371970563562.35,110793336015.55,33451452963.25
2024-05-04 19:59:59.999000+00:00,1259540779309.67,376944800108.13,110789510524.75,33571211204.55
2024-05-05 07:59:59.999000+00:00,1255750995125.05,373107635097.27,110788512612.35,33567999275.32
2024-05-05 19:59:59.999000+00:00,1258186360869.6,377495538861.99,110921458182.28,33610918990.58
2024-05-06 07:59:59.999000+00:00,1270556832227.74,381906476675.45,110906761684.48,33614684853.21
2024-05-06 15:59:59.999000+00:00,1254589027603.43,371323190784.2,110972327410.98,33538634900.04
2024-05-07 03:59:59.999000+00:00,1245524789299.28,366123362488.85,110974041340.32,33233045436.51
2024-05-07 15:59:59.999000+00:00,1255064387901.19,368873194551.84,110967321395.49,33198650592.75
2024-05-08 03:59:59.999000+00:00,1238056667193.29,364056318546.91,110958226723.52,33260149390.17
2024-05-08 15:59:59.999000+00:00,1226571418283.73,361081764893.66,110951389456.38,33200539477.75
2024-05-09 03:59:59.999000+00:00,1214688717918.38,360065975386.25,110899714405.18,33084564642.33
2024-05-09 15:59:59.999000+00:00,1223538360091.32,360895881277.68,110911343551.18,33098414029.64
2024-05-09 23:59:59.999000+00:00,1241942293192.66,364667292116.55,110944383141.58,33075967093.45
2024-05-10 11:59:59.999000+00:00,1246447878042.58,364794469786.55,110961153043.49,33110973805.28
2024-05-10 23:59:59.999000+00:00,1197421098168.55,349493716675.52,110800958984.87,33111872883.06
2024-05-11 11:59:59.999000+00:00,1195252503252.02,348618740564.53,110804881665.76,33098796493.99
2024-05-11 23:59:59.999000+00:00,1197453013828.78,349716696912.99,110810575112.51,33125842112.29
2024-05-12 11:59:59.999000+00:00,1203766955325.88,351494599564.14,110789495535.31,33129383776.28
2024-05-12 23:59:59.999000+00:00,1210435745366.84,351783417609.47,110793360103.29,33129958998.2
2024-05-13 07:59:59.999000+00:00,1228201993853.2,354815257396.73,110799006963.57,33141564854.17
2024-05-13 19:59:59.999000+00:00,1242490133386.79,354707524949.31,110841649707.21,33047066797.83
2024-05-14 07:59:59.999000+00:00,1221247987447.62,350470267532.82,110790301134.8,33147416457.95
2024-05-14 19:59:59.999000+00:00,1212684979522.97,347417724469.2,110796830600.09,33032808629.68
2024-05-15 07:59:59.999000+00:00,1224807771981.18,350252448161.37,110836626302.74,32902661033.19
2024-05-15 19:59:59.999000+00:00,1300108662566.2,363229388790.83,111040214935.82,33129080236.74
2024-05-16 07:59:59.999000+00:00,1303322230255.36,362211836098.07,110960127087.57,33260202507.48
2024-05-16 15:59:59.999000+00:00,1297049955693.53,355206715891.46,110976821595.75,33317196830.98
2024-05-17 03:59:59.999000+00:00,1292655552904.2,354389739025.53,111228423345.81,33321393193.37
2024-05-17 15:59:59.999000+00:00,1323925990467.8,373870408951.52,111262095635.58,33318370946.36
2024-05-18 03:59:59.999000+00:00,1319362648740.95,374316592797.99,111370730060.94,33431049117.08
2024-05-18 15:59:59.999000+00:00,1317488400026.91,373861902307.63,111371069038.59,33458053342.74
2024-05-19 03:59:59.999000+00:00,1323240466514.6,375979754954.77,111448676426.19,33523212264.17
2024-05-19 11:59:59.999000+00:00,1326435453302.88,372736402066.04,111451941978.55,33496151925.08
2024-05-19 23:59:59.999000+00:00,1305732230286.08,369005020735.37,111425073390.45,33497672911.75
2024-05-20 11:59:59.999000+00:00,1319939266650.15,371564552801.87,111452673895.71,33414935192.73
2024-05-20 23:59:59.999000+00:00,1407508223127.28,440024925188.83,111437982905.15,33345294902.62
2024-05-21 11:59:59.999000+00:00,1401719866500.86,454510137630.72,111344947303.7,33185114950.13
2024-05-21 23:59:59.999000+00:00,1381774907494.93,455207680322.76,111352434060.63,33098670255.09
2024-05-22 11:59:59.999000+00:00,1376156923171.85,445032745061.33,111347481987.62,33072517277.41
2024-05-22 19:59:59.999000+00:00,1373585194947.16,448463855990.47,111766208035.67,33043597343.43
2024-05-23 07:59:59.999000+00:00,1373854478986.02,457992746124.52,111758523653.29,32968224179.59
2024-05-23 19:59:59.999000+00:00,1322562664433.31,454815437529.89,111641306319.98,32811154670.84
2024-05-24 07:59:59.999000+00:00,1322805055832.67,441612946916.5,111879917095.92,32695883272.7
2024-05-24 19:59:59.999000+00:00,1360945981420.37,449500064031.97,111894669740.63,32685936849.43
2024-05-25 07:59:59.999000+00:00,1354288122886.02,450025721576.74,111902694875.99,32760303057.04
2024-05-25 19:59:59.999000+00:00,1362602253602.8,451440610631.36,111919328288.23,32730765903.6
2024-05-26 03:59:59.999000+00:00,1360471688810.33,452812515402.96,111920185081.72,32722955919.02
2024-05-26 15:59:59.999000+00:00,1355608042982.63,460505145825.94,111884852464.21,32706608837.95
2024-05-27 03:59:59.999000+00:00,1356057275478.12,470547291592.38,111881828298.74,32643981990.32
2024-05-27 15:59:59.999000+00:00,1384968365935.9,475482559633.99,111835820001.1,32637862015.45
2024-05-28 03:59:59.999000+00:00,1340593107155.17,462072347149.03,111893182690.02,32523994606.72
2024-05-28 15:59:59.999000+00:00,1346158145634.77,463383818217.8,111837180968.26,32482466123.12
2024-05-29 03:59:59.999000+00:00,1353866292152.94,461916697821.92,111841439896.74,32354075256.85
2024-05-29 11:59:59.999000+00:00,1333559740762.94,457212674919.98,111842097839.92,32265025209.8
2024-05-29 23:59:59.999000+00:00,1331600056889.42,452123742604.49,111820369360.57,32207836628.16
2024-05-30 11:59:59.999000+00:00,1335522620628.48,448637192063.54,111875470593.75,32202297271.63
2024-05-30 23:59:59.999000+00:00,1347131845678.66,450146821807.33,111925660330.22,32371510245.05
2024-05-31 11:59:59.999000+00:00,1346752736449.7,456994303395.47,111949779603.35,32347244739.69
2024-05-31 23:59:59.999000+00:00,1329961627933.33,451715442766.51,111883619376.43,32331016581.08
2024-06-01 11:59:59.999000+00:00,1332462965773.78,454875875879.78,112060484573.33,32371991059.21
2024-06-01 19:59:59.999000+00:00,1334305838063.21,456828462671.83,112044924874.77,32369033204.62
2024-06-02 07:59:59.999000+00:00,1334335462541.71,455826748997.15,112122618014.75,32389366447.32
2024-06-02 19:59:59.999000+00:00,1334782582173.76,454147946484.75,112154212817.73,32362207304.43
2024-06-03 07:59:59.999000+00:00,1356721830220.65,458349144639.8,112147185145.32,32331784937.18
2024-06-03 19:59:59.999000+00:00,1361475105693.22,453012317303.4,112188558682.2,32404828017.46
2024-06-04 07:59:59.999000+00:00,1359596603590.06,453374450840.81,112241947304.14,32272030750.48
2024-06-04 19:59:59.999000+00:00,1387960557866.66,456767043569.13,112304268786.12,32270012644.15
2024-06-05 03:59:59.999000+00:00,1398394505820.43,457745395593.14,112319382029.5,32444771408.74
2024-06-05 15:59:59.999000+00:00,1411526826119.59,458431933547.91,112311661653.92,32377710037.28
2024-06-06 03:59:59.999000+00:00,1400343401175.03,464060687183.98,112421143737.77,32609323278.55
2024-06-06 15:59:59.999000+00:00,1404490403004.97,461827461636.22,112352892377.3,32593804680.15
2024-06-07 03:59:59.999000+00:00,1398737404930.12,457255849891.63,112366482776.12,32552625197.39
2024-06-07 15:59:59.999000+00:00,1400588173621.94,456344503567.64,112344092164.99,32455880573.23
2024-06-08 03:59:59.999000+00:00,1368092396831.22,443179712729.22,112419338025.06,32201790373.21
2024-06-08 11:59:59.999000+00:00,1367142157658.03,442581672001.91,112411497526.95,32199835768.92
2024-06-08 23:59:59.999000+00:00,1365997475511.83,442263268173.62,112444047660.11,32185405325.55
2024-06-09 11:59:59.999000+00:00,1367039877696.49,443618040101.87,112442653354.52,32221446977.31
2024-06-09 23:59:59.999000+00:00,1372773642949.49,445269327128.79,112441148679.98,32212914442.69
2024-06-10 11:59:59.999000+00:00,1369054476974.53,441565430221.06,112441338223.25,32132519269.2
2024-06-10 23:59:59.999000+00:00,1370130002868.6,440571392781.79,112433872190.59,32109033319.77
2024-06-11 07:59:59.999000+00:00,1331099816108.85,424237573004.01,112439952431.31,32083402135.34
2024-06-11 19:59:59.999000+00:00,1330217894577.38,419929627145.18,112490838736.75,32024122235.36
2024-06-12 07:59:59.999000+00:00,1329476981538.46,423686982008.82,112473708761.94,32280841786.32
2024-06-12 19:59:59.999000+00:00,1330516682928.93,423359947488.94,112493520121.16,32332023779.77
2024-06-13 07:59:59.999000+00:00,1334311290111.15,421167672560.01,112522361911.24,32417948704.19
2024-06-13 19:59:59.999000+00:00,1314532904658.17,418946469458.28,112517589253.53,32547695021.06
2024-06-14 07:59:59.999000+00:00,1318962019166.53,422652171719.21,112504843696.95,32590075780.53
2024-06-14 15:59:59.999000+00:00,1307690732647.16,415786051159.08,112497659625.13,32509421754.27
2024-06-15 03:59:59.999000+00:00,1305178495039.79,420219111791.96,112491742696.01,32390117422.91
2024-06-15 15:59:59.999000+00:00,1306340662533.17,427956328598.35,112500961114.37,32442609356.37
2024-06-16 03:59:59.999000+00:00,1303084092338.09,426971114457.64,112489469262.45,32443068310.77
2024-06-16 15:59:59.999000+00:00,1313884328878.9,431447460284.67,112477081840.07,32463837384.3
2024-06-17 03:59:59.999000+00:00,1305234810631.83,430217434736.04,112491461556.08,32510671855.19
2024-06-17 15:59:59.999000+00:00,1287347136340.05,419657196497.37,112502390541.12,32427849169.5
2024-06-17 23:59:59.999000+00:00,1310771374540.33,421924718208.96,112520935651.27,32489338476.58
2024-06-18 11:59:59.999000+00:00,1288677843353.71,417483312741.2,112603905680.06,32631450472.08
2024-06-18 23:59:59.999000+00:00,1284195191637.24,425974076070.51,112501884805.95,32810640591.98
2024-06-19 11:59:59.999000+00:00,1285385486497.21,432552414112.09,112579873538.56,32846195432.46
2024-06-19 23:59:59.999000+00:00,1280662535002.41,435222804701.35,112583139431.41,32821726088.78
2024-06-20 11:59:59.999000+00:00,1303750535323.8,439787955143.61,112562087311.74,32794143385.24
2024-06-20 23:59:59.999000+00:00,1278081520105.03,429318923899.22,112823559454.04,32657733577.71
2024-06-21 07:59:59.999000+00:00,1265451652541.01,424326972196.97,112845713474.99,32651302947.21
2024-06-21 19:59:59.999000+00:00,1264707267599.27,431742425091.55,112820527148.98,32660491193.42
2024-06-22 07:59:59.999000+00:00,1271019271075.07,426986987605.39,112876950442.85,32730310892.31
2024-06-22 19:59:59.999000+00:00,1267164639958.23,426785113776.8,112896439886.94,32751526177.89
2024-06-23 07:59:59.999000+00:00,1269365944155.82,429268749457.64,112887661449.46,32751194613.82
2024-06-23 19:59:59.999000+00:00,1263725506215.2,425136582731.39,112869905558.76,32741514787.57
2024-06-24 07:59:59.999000+00:00,1230807802090.33,411885308448.12,112873743156.93,32674451659.64
2024-06-24 15:59:59.999000+00:00,1196753034218.73,400118595459.41,112903265783.61,32697828251.31
2024-06-25 03:59:59.999000+00:00,1208063347822.5,405053080139.43,112889012615.77,32591409425.94
2024-06-25 15:59:59.999000+00:00,1219312048569.18,411030056335.49,112893317698.1,32928679018.67
2024-06-26 03:59:59.999000+00:00,1220819799159.02,406983236897.37,112789137231.8,32871728448.67
2024-06-26 15:59:59.999000+00:00,1210821961035.53,403756616229.16,112816296726.37,32890177363.61
2024-06-27 03:59:59.999000+00:00,1202457818749.21,406225258184.2,112742258429.96,32914560878.6
2024-06-27 15:59:59.999000+00:00,1213368815171.8,414178981306.16,112653665804.98,32827823622.17
2024-06-27 23:59:59.999000+00:00,1214717875147.04,413999143653.67,112622557020.13,32644042127.26
2024-06-28 11:59:59.999000+00:00,1214076918683.97,414379535734.91,112634994414.01,32602306325.18
2024-06-28 23:59:59.999000+00:00,1189406366262.41,405452696482.52,112597573979.35,32337256882.14
2024-06-29 11:59:59.999000+00:00,1203336262852.23,408264573233.22,112643500446.94,32302832658.77
2024-06-29 23:59:59.999000+00:00,1200610071822.96,405379193549.84,112627145616.64,32275408221.7
2024-06-30 11:59:59.999000+00:00,1211345859806.77,406560196145.47,112696827653.77,32276481668.25
2024-06-30 19:59:59.999000+00:00,1221228877459.09,411498381976.72,112744792283.36,32271431792.47
2024-07-01 07:59:59.999000+00:00,1246678227891.62,419047885876.8,112752586846.88,32311088625.01
2024-07-01 19:59:59.999000+00:00,1243864259998.07,416727189783.56,112762935780.59,32452683782.04
2024-07-02 07:59:59.999000+00:00,1233406944391.8,412849457540.48,112639954258.91,32473950609.61
2024-07-02 19:59:59.999000+00:00,1220704206597.71,410416098070.27,112618188949.35,32432715996.21
2024-07-03 07:59:59.999000+00:00,1199082376448.35,402628348904.87,112622273896.36,32552740571.8
2024-07-03 19:59:59.999000+00:00,1177680924490.15,392635560967.7,112560069733.77,32642040146.4
2024-07-04 03:59:59.999000+00:00,1165120082793.97,389448755711.12,112394029086.94,32841447052.65
2024-07-04 15:59:59.999000+00:00,1145706987161.33,377066578721.41,112401560004.14,32887136061.82
2024-07-05 03:59:59.999000+00:00,1088776050101.98,351075834885.32,112440753394.74,32968858950.27
2024-07-05 15:59:59.999000+00:00,1115796555942.09,359476485749.3,112310000865.45,33180798785.16
2024-07-06 03:59:59.999000+00:00,1112199144808.12,358211858907.61,112223243195.73,33628257818.7
2024-07-06 15:59:59.999000+00:00,1130352633989.39,363115429530.75,112229601435.01,33693128947.57
2024-07-07 03:59:59.999000+00:00,1142790880793.55,366758090078.44,112234665282.95,33725720354.57
2024-07-07 11:59:59.999000+00:00,1132935872133.1,362564081819.89,112208432582.33,33750510117.58
2024-07-07 23:59:59.999000+00:00,1101324021018.89,352114562456.68,112204931885.8,33733965979.27
2024-07-08 11:59:59.999000+00:00,1125950193459.56,366665764995.98,112207962355.24,33865877488.82
2024-07-08 23:59:59.999000+00:00,1118206962401.32,362860880689.32,112189505844.96,33947540460.68
2024-07-09 11:59:59.999000+00:00,1132484825064.66,370816571871.88,112207391304.06,34025886927.45
2024-07-09 23:59:59.999000+00:00,1143927440649.47,368312672689.37,112208663949.45,33980426209.95
2024-07-10 11:59:59.999000+00:00,1153310196640.62,372754841611.67,112255061242.43,34018397411.97
2024-07-10 19:59:59.999000+00:00,1132942582842.03,373550319622.1,112246690635.55,33932376120.79
2024-07-11 07:59:59.999000+00:00,1147632584642.12,374957338350.83,112261579100.54,34148002024.85
2024-07-11 19:59:59.999000+00:00,1132134396178.33,373694331104.06,112255656173.38,33903545628.73
2024-07-12 07:59:59.999000+00:00,1125280785098.95,368976501110.18,112262905454.7,33960949791.7
2024-07-12 19:59:59.999000+00:00,1138428791948.52,374934803401.59,112397109208.53,33788104181.59
2024-07-13 07:59:59.999000+00:00,1147227739660.22,377569765297.83,112455180053.17,33908987940.36
2024-07-13 19:59:59.999000+00:00,1156781201018.96,380450625124.76,112433924459.46,33925187046.96
2024-07-14 03:59:59.999000+00:00,1172956255935.86,381627971798.48,112504410570.39,33953112128.54
2024-07-14 15:59:59.999000+00:00,1185495415729.45,383728189977.34,112499976789.91,33966926876.97
2024-07-15 03:59:59.999000+00:00,1235839590179.35,400475094653.15,112587288424.13,33981151809.71
2024-07-15 15:59:59.999000+00:00,1243595534658.95,405105240449.21,112596489780.76,33950528076.62
2024-07-16 03:59:59.999000+00:00,1277982000897.39,417394552417.91,112925202330.09,33927132606.06
2024-07-16 15:59:59.999000+00:00,1280567424558.49,418373092951.91,112909503156.3,33881430098.46
2024-07-17 03:59:59.999000+00:00,1297269329588.5,418925360379.47,113304756682.81,34000157151.93
2024-07-17 11:59:59.999000+00:00,1276910484824.94,414795170782.5,113258563954.99,33923736073.26
2024-07-17 23:59:59.999000+00:00,1264876808968.35,407399937896.91,113245588243.2,33787173931.78
2024-07-18 11:59:59.999000+00:00,1277180473115.38,415623496525.19,113634681939.73,33759361702.01
2024-07-18 23:59:59.999000+00:00,1262047185003.48,411914155211.69,113613163520.03,33717318945.06
2024-07-19 11:59:59.999000+00:00,1264605675723.44,409227633946.31,113672789767.15,33644545389.06
2024-07-19 23:59:59.999000+00:00,1316050877556.13,421472486025.11,113754606330.09,33970314568.45
2024-07-20 11:59:59.999000+00:00,1312540839442.29,419297816870.05,113945448921.55,34052052749.51
2024-07-20 19:59:59.999000+00:00,1327152009571.65,422750949284.12,113957096734.39,34087934821.78
2024-07-21 07:59:59.999000+00:00,1315988787425.3,419241950662.9,114091313883.87,34092984724.98
2024-07-21 19:59:59.999000+00:00,1330544239641.35,419962570842.14,114101318801.84,34090122493.19
2024-07-22 07:59:59.999000+00:00,1327290022298.33,418501229270.41,114174566737.83,33973002555.6
2024-07-22 19:59:59.999000+00:00,1346280112944.13,420758453739.56,114142203336.52,33947264190.88
2024-07-23 07:59:59.999000+00:00,1313061690448.8,415167352120.77,114265312887.47,34066905251.1
2024-07-23 15:59:59.999000+00:00,1313411369125.19,415288528899.05,114265218297.18,34079616854.17
2024-07-24 03:59:59.999000+00:00,1303255262283.69,414674899380.09,114425290228.82,34128951270.06
2024-07-24 15:59:59.999000+00:00,1306944895573.87,410888675761.75,114431661243.57,34068224042.76
2024-07-25 03:59:59.999000+00:00,1265329052704.4,381130441626.67,114423632983.53,34029459689.06
2024-07-25 15:59:59.999000+00:00,1276376389358.2,377202452664.35,114378422295.05,33881922796.73
2024-07-26 03:59:59.999000+00:00,1322961959782.01,389079453994.33,114273201162.45,33844905974.69
2024-07-26 15:59:59.999000+00:00,1332890636026.15,391250320273.42,114305014464.94,33957630726.51
2024-07-26 23:59:59.999000+00:00,1340006377389.0,393854940397.2,114301945155.58,34131195323.68
2024-07-27 11:59:59.999000+00:00,1346274522853.1,394352211346.69,114359772329.83,34155109900.05
2024-07-27 23:59:59.999000+00:00,1338003104418.14,390442331336.25,114333758546.78,34157184979.19
2024-07-28 11:59:59.999000+00:00,1339137685825.8,391644498539.65,114428486766.28,34155889402.35
2024-07-28 23:59:59.999000+00:00,1346858598263.74,393322680889.11,114407348239.49,34148900490.71
2024-07-29 11:59:59.999000+00:00,1373754279270.83,405951024561.04,114411528577.16,34082656666.68
2024-07-29 23:59:59.999000+00:00,1318540566549.27,399234373762.25,114394587327.56,33776561878.62
2024-07-30 07:59:59.999000+00:00,1320435877576.83,401580145846.02,114431752569.05,33717568032.22
2024-07-30 19:59:59.999000+00:00,1301525037713.37,393747740105.4,114432227840.74,33539564071.32
2024-07-31 07:59:59.999000+00:00,1306712976256.59,398824682735.82,114445977229.91,33496563686.56
2024-07-31 19:59:59.999000+00:00,1286232952364.63,391904609669.49,114424104930.19,33331265640.84
2024-08-01 07:59:59.999000+00:00,1268914896178.92,380710792976.62,114442967629.59,33265840584.58
2024-08-01 19:59:59.999000+00:00,1250080042646.27,376470105233.89,114371936693.78,32911248400.66
2024-08-02 07:59:59.999000+00:00,1265959321975.74,378395550853.91,114423119480.9,32932725097.03
2024-08-02 15:59:59.999000+00:00,1254338947306.2,366023055642.2,114402330112.83,32989324510.78
2024-08-03 03:59:59.999000+00:00,1219897193967.41,358027905023.56,114424537024.58,33004432507.2
2024-08-03 15:59:59.999000+00:00,1201002275877.69,353497003218.51,114486779061.68,33065671035.69
2024-08-04 03:59:59.999000+00:00,1198012503861.96,350525020841.35,114465571913.9,33132566215.13
2024-08-04 15:59:59.999000+00:00,1163782191718.57,339237398288.88,114448040264.27,33170684525.45
2024-08-05 03:59:59.999000+00:00,1066842511520.93,279705636590.45,114526543163.08,33387190934.44
2024-08-05 15:59:59.999000+00:00,1071274111656.81,294607783637.43,114624385423.04,33733555314.39
2024-08-05 23:59:59.999000+00:00,1065580794793.2,290699928288.88,114575013674.82,33711723690.72
2024-08-06 11:59:59.999000+00:00,1090597260298.05,295989240688.86,114583402103.33,33981875200.05
2024-08-06 23:59:59.999000+00:00,1106050307069.4,295710571803.94,114465754317.51,34241608205.01
2024-08-07 11:59:59.999000+00:00,1125285325399.71,297984907764.67,114611690899.94,34418786939.12
2024-08-07 23:59:59.999000+00:00,1086125591738.96,281035367280.92,114560688935.9,34508743387.09
2024-08-08 11:59:59.999000+00:00,1132595792999.81,294701141229.19,115062898479.98,34548428472.32
2024-08-08 23:59:59.999000+00:00,1218352191431.14,322747478331.43,115069595825.28,34545550484.28
2024-08-09 07:59:59.999000+00:00,1201140905565.21,321167623737.13,115432808602.24,34456801970.8
2024-08-09 19:59:59.999000+00:00,1198414324597.02,311848486735.96,115435932939.76,34408951314.72
2024-08-10 07:59:59.999000+00:00,1201038804362.42,316859246699.21,115427622192.14,34477702264.54
2024-08-10 19:59:59.999000+00:00,1204492109234.81,313087100746.71,115694886562.5,34464492216.16
2024-08-11 07:59:59.999000+00:00,1209245495461.1,322133868687.23,115662956478.26,34465075898.08
2024-08-11 19:59:59.999000+00:00,1178283110768.51,313018195182.92,115675393835.35,34458235651.93
2024-08-12 03:59:59.999000+00:00,1155234688398.54,305622364268.66,115668716062.26,34454744134.62
2024-08-12 15:59:59.999000+00:00,1186979223649.73,323293049531.83,115677392140.98,34501550535.61
2024-08-13 03:59:59.999000+00:00,1165141246362.12,319549151276.8,115677875190.9,34491606687.46
2024-08-13 15:59:59.999000+00:00,1174772361905.67,319093292473.95,115670749358.34,34540743225.04
2024-08-14 03:59:59.999000+00:00,1204285834774.18,326227611149.16,115693180947.03,34505492885.82
2024-08-14 15:59:59.999000+00:00,1175142702269.06,322149644345.91,116257777473.15,34599927949.26
2024-08-15 03:59:59.999000+00:00,1153665885921.09,319014412216.86,116541360371.7,34479709211.4
2024-08-15 11:59:59.999000+00:00,1159431805744.06,317210817009.11,116531905514.48,34527488338.27
2024-08-15 23:59:59.999000+00:00,1136267308779.81,309122231394.02,116557615011.49,34570568860.96
2024-08-16 11:59:59.999000+00:00,1153090190557.98,314434211619.87,116744857371.72,34652534206.86
2024-08-16 23:59:59.999000+00:00,1162612186428.42,311904037570.2,116746696274.27,34832561901.27
2024-08-17 11:59:59.999000+00:00,1167329195557.89,312663985973.42,116859096542.81,34838950180.19
2024-08-17 23:59:59.999000+00:00,1173983398000.89,314429221530.5,116841598027.3,34832565536.04
2024-08-18 11:59:59.999000+00:00,1184486642653.0,318626577843.77,116893642098.4,34820075501.32
2024-08-18 19:59:59.999000+00:00,1178517909673.65,320699825631.21,116914499974.06,34810587934.62
2024-08-19 07:59:59.999000+00:00,1155356934385.05,314536211242.28,116909004682.51,34864286360.29
2024-08-19 19:59:59.999000+00:00,1167402558793.21,314183838196.15,116916165628.5,34969881676.63
2024-08-20 07:59:59.999000+00:00,1203055727398.5,321861123958.98,117032820353.74,35009010903.14
2024-08-20 19:59:59.999000+00:00,1174228433353.7,313081513362.18,117004957454.37,34750641265.92
2024-08-21 07:59:59.999000+00:00,1179150156641.97,312836190858.18,117317978199.44,34822091704.64
2024-08-21 19:59:59.999000+00:00,1215673288891.05,318581714021.68,117336660986.81,34833073562.9
2024-08-22 03:59:59.999000+00:00,1196000727620.97,314759711700.66,117470188167.23,34892491791.96
2024-08-22 15:59:59.999000+00:00,1192467402517.78,312642897876.27,117451317542.03,34949519917.85
2024-08-23 03:59:59.999000+00:00,1196581545941.56,317169933313.28,117699174382.07,34647238091.87
2024-08-23 15:59:59.999000+00:00,1215259628289.56,321397374066.26,117681539934.18,34514255807.97
2024-08-24 03:59:59.999000+00:00,1261634984987.91,330612202066.3,117777426920.93,34924663933.09
2024-08-24 15:59:59.999000+00:00,1263645672821.27,332234465127.99,117721950312.38,34880101853.27
2024-08-25 03:59:59.999000+00:00,1266394110389.11,332569946123.17,117901390925.34,34847765005.28
2024-08-25 11:59:59.999000+00:00,1261617844602.39,330992941817.02,117900070343.71,34825703605.42
2024-08-25 23:59:59.999000+00:00,1270273035259.48,330719150375.36,117924482898.19,34806769557.62
2024-08-26 11:59:59.999000+00:00,1261342313265.6,329488721840.18,117893359796.18,34721443228.57
2024-08-26 23:59:59.999000+00:00,1241593608804.03,322596873460.23,117883309511.65,34566868582.84
2024-08-27 11:59:59.999000+00:00,1232579117217.46,315993143363.01,118045689268.46,34515668135.02
2024-08-27 23:59:59.999000+00:00,1175040861567.76,295803564692.22,118077598988.42,34331919501.89
2024-08-28 11:59:59.999000+00:00,1183905816137.38,303664991554.84,118060333961.49,34443909907.53
2024-08-28 19:59:59.999000+00:00,1168116105161.81,302528270886.88,118085788150.78,34487993532.58
2024-08-29 07:59:59.999000+00:00,1176896025543.99,306558004320.23,118130177534.2,34535975486.77
2024-08-29 19:59:59.999000+00:00,1169344936378.67,303979165827.71,118133274088.19,34687361107.4
2024-08-30 07:59:59.999000+00:00,1171314294687.81,303001123742.09,118220783278.36,34603592607.05
2024-08-30 19:59:59.999000+00:00,1161008615278.23,301716245246.42,118231420073.48,34681461142.73
2024-08-31 07:59:59.999000+00:00,1167111908318.99,303363576125.61,118219277002.63,34724142118.77
2024-08-31 19:59:59.999000+00:00,1162316356544.81,300672850625.51,118229557772.0,34722743267.56
2024-09-01 03:59:59.999000+00:00,1155664016709.94,299383402787.59,118220715426.11,34731000589.22
2024-09-01 15:59:59.999000+00:00,1148961248086.91,298108022028.48,118216069305.67,34721784760.13
2024-09-02 03:59:59.999000+00:00,1139996989677.97,294687087767.48,118207466482.33,34732255596.05
2024-09-02 15:59:59.999000+00:00,1156301849421.98,302495631446.15,118245797306.67,34803176940.19
2024-09-03 03:59:59.999000+00:00,1167089570490.79,302679534430.73,118137826469.76,34756608462.64
2024-09-03 15:59:59.999000+00:00,1139122361496.12,293856116957.51,118100451109.78,34651288435.14
2024-09-03 23:59:59.999000+00:00,1134203956918.77,291174415480.53,118108714816.93,34653688062.8
2024-09-04 11:59:59.999000+00:00,1117586346588.79,288712734759.46,118135070704.46,34739492855.33
2024-09-04 23:59:59.999000+00:00,1144922067905.65,294644654909.23,118144833383.45,34923024144.68
2024-09-05 11:59:59.999000+00:00,1119601606075.99,287402320525.49,118145012774.34,34909224314.19
2024-09-05 23:59:59.999000+00:00,1109173176845.09,284870243828.82,118123412031.35,34921370707.25
2024-09-06 11:59:59.999000+00:00,1105917133337.61,285455557928.96,118108876907.02,34957760188.62
2024-09-06 23:59:59.999000+00:00,1065529160549.42,267576898297.89,118110992248.2,34857225239.57
2024-09-07 07:59:59.999000+00:00,1071799931680.15,275407427069.51,118171248955.41,34856349544.34
2024-09-07 19:59:59.999000+00:00,1074630649425.42,275703839539.81,118186005449.78,34909186837.72
2024-09-08 07:59:59.999000+00:00,1074753903905.93,276091974690.56,118183628289.93,34956763691.55
2024-09-08 19:59:59.999000+00:00,1073248623515.41,273350744233.2,118186747653.66,34964684855.79
2024-09-09 07:59:59.999000+00:00,1085558165997.2,278397364622.06,118165161027.65,35047305388.88
2024-09-09 19:59:59.999000+00:00,1129085611585.97,282985664542.15,118232523190.38,35185080803.87
2024-09-10 07:59:59.999000+00:00,1129966635899.04,284236940642.18,118364780651.03,35138084063.39
2024-09-10 15:59:59.999000+00:00,1119646033672.12,280232042046.69,118380139951.31,35260668689.62
2024-09-11 03:59:59.999000+00:00,1121727376351.1,282478202035.52,118367769180.12,35323731677.29
2024-09-11 15:59:59.999000+00:00,1120298031626.83,279798463802.5,118455220497.94,35318561856.24
2024-09-12 03:59:59.999000+00:00,1150643559903.68,285155996706.92,118396237169.53,35377383894.84
2024-09-12 15:59:59.999000+00:00,1135935120508.52,279558309286.46,118358101346.98,35346829644.68
2024-09-13 03:59:59.999000+00:00,1142752560624.47,283638499621.35,118376163207.37,35410636967.03
2024-09-13 15:59:59.999000+00:00,1177730329115.54,289511385947.19,118343773779.91,35543410817.63
2024-09-13 23:59:59.999000+00:00,1196466210707.58,293801862057.66,118410362295.71,35771339914.71
2024-09-14 11:59:59.999000+00:00,1180040932928.39,290924840081.35,118632090809.28,35770310590.06
2024-09-14 23:59:59.999000+00:00,1185265247315.9,291001727426.87,118599575490.87,35748436147.55
2024-09-15 11:59:59.999000+00:00,1185524522112.84,289691692138.73,118828325048.96,35738285387.72
2024-09-15 23:59:59.999000+00:00,1169182849928.94,279290338598.1,118816936252.37,35722812129.58
2024-09-16 11:59:59.999000+00:00,1158757037765.77,277730218157.9,118783191475.87,35633654704.03
2024-09-16 23:59:59.999000+00:00,1149595000633.19,276213887591.09,118693600444.62,35469454131.38
2024-09-17 07:59:59.999000+00:00,1159433565684.65,277953994481.82,118693065186.08,35433690638.3
2024-09-17 19:59:59.999000+00:00,1185813272890.37,282958662515.24,118717806698.56,35612151914.51
2024-09-18 07:59:59.999000+00:00,1194135411769.95,280501935406.05,118706402759.0,35553228592.57
2024-09-18 19:59:59.999000+00:00,1186612577275.88,278498321251.36,118845889150.35,35468176445.37
2024-09-19 07:59:59.999000+00:00,1226738754220.05,293317371557.79,118906849584.49,35536224104.51
2024-09-19 19:59:59.999000+00:00,1250237091520.03,296422089092.26,118931792519.56,35512729902.41
2024-09-20 07:59:59.999000+00:00,1255513950146.77,308396202196.38,119115200181.9,35560278253.4
2024-09-20 15:59:59.999000+00:00,1248706221270.76,308189731730.71,119065234183.94,35536367833.96
2024-09-21 03:59:59.999000+00:00,1242512396208.63,306285160448.22,119169460334.64,35807922231.18
2024-09-21 15:59:59.999000+00:00,1248725521240.36,308195354076.97,119228139644.09,35878584619.23
2024-09-22 03:59:59.999000+00:00,1247200025799.33,312387100304.21,119176844664.73,35887307985.69
2024-09-22 15:59:59.999000+00:00,1238833640183.97,309578087976.37,119176566276.78,35905763560.77
2024-09-23 03:59:59.999000+00:00,1271391001829.39,321857228259.54,119203465066.5,35970161925.11
2024-09-23 15:59:59.999000+00:00,1257618365660.91,322061978102.11,119182983104.78,35973752062.51
2024-09-23 23:59:59.999000+00:00,1251214895782.2,318744104768.48,119239522775.05,35870492116.95
2024-09-24 11:59:59.999000+00:00,1253996390533.75,317308555847.6,119226810719.46,35949214543.48
2024-09-24 23:59:59.999000+00:00,1270523906052.13,319484820966.74,119240052657.0,35997542346.57
2024-09-25 11:59:59.999000+00:00,1261294468692.9,316236920447.66,119230313538.53,36014793473.33
2024-09-25 23:59:59.999000+00:00,1247551422563.2,310440844167.57,119251993630.03,36087354031.99
2024-09-26 11:59:59.999000+00:00,1272517082217.66,316324450151.83,119261574880.55,36098649710.28
2024-09-26 19:59:59.999000+00:00,1280796907812.47,318906874318.09,119317669053.43,36265472461.63
2024-09-27 07:59:59.999000+00:00,1294182121406.84,320188975960.91,119397035208.14,36302331819.94
2024-09-27 19:59:59.999000+00:00,1298073099501.17,324700395098.41,119380814804.4,36228048397.55
2024-09-28 07:59:59.999000+00:00,1301146370114.35,322492134692.47,119431222416.92,36278061549.34
2024-09-28 19:59:59.999000+00:00,1298883826643.22,322348927721.58,119432082973.17,36273651165.94
2024-09-29 07:59:59.999000+00:00,1294170933200.34,317754567248.84,119529258820.87,36260300750.76
2024-09-29 19:59:59.999000+00:00,1303727719768.56,321082527375.04,119545336146.72,36265952480.67
2024-09-30 03:59:59.999000+00:00,1275158218656.4,316359814255.65,119518561152.06,36199191618.11
2024-09-30 15:59:59.999000+00:00,1256368156602.22,312753009843.61,119636344053.16,35779462601.16
2024-10-01 03:59:59.999000+00:00,1258631522646.61,316473880109.99,119564865739.16,35543813286.77
2024-10-01 15:59:59.999000+00:00,1239086779801.21,304364591769.71,119591035327.06,35496185198.84
2024-10-02 03:59:59.999000+00:00,1220421878886.24,299718586979.37,119602385083.85,35518857858.21
2024-10-02 15:59:59.999000+00:00,1221884354728.28,295967346677.83,119656595816.57,35505100226.05
2024-10-03 03:59:59.999000+00:00,1214382054983.6,288749313585.97,119622398986.77,35568549491.93
2024-10-03 11:59:59.999000+00:00,1200915949163.0,283189754952.88,119610835580.29,35574024318.68
2024-10-03 23:59:59.999000+00:00,1200668382436.2,282840905202.61,119632235988.14,35557853249.63
2024-10-04 11:59:59.999000+00:00,1214202322827.92,287117498810.46,119612311068.72,35544295399.76
2024-10-04 23:59:59.999000+00:00,1226647958541.08,290683343156.41,119659841643.97,35519773384.57
2024-10-05 11:59:59.999000+00:00,1229012979906.96,290995765583.13,119650556667.99,35522964953.12
2024-10-05 23:59:59.999000+00:00,1227021845844.29,290770219457.2,119640559083.13,35567126462.72
2024-10-06 11:59:59.999000+00:00,1227480858630.29,292299547628.78,119674671104.9,35585885233.97
2024-10-06 19:59:59.999000+00:00,1237823777489.84,293878377826.6,119679653378.8,35584117230.43
2024-10-07 07:59:59.999000+00:00,1256077712084.32,298727947400.62,119713654242.0,35512389798.95
2024-10-07 19:59:59.999000+00:00,1252129232781.26,294582406936.97,119681572528.56,35281091070.38
2024-10-08 07:59:59.999000+00:00,1230730247238.9,292188279508.87,119815310128.42,35261853575.61
2024-10-08 19:59:59.999000+00:00,1231363430023.34,293898600963.7,119789088722.17,35104162144.1
2024-10-09 07:59:59.999000+00:00,1230269667422.56,293121418542.98,119794566003.98,34991184568.64
2024-10-09 19:59:59.999000+00:00,1205770576648.71,291095773090.71,119740887441.41,34767500007.04
2024-10-10 03:59:59.999000+00:00,1201798776011.22,288023977099.4,119726797919.38,34754332495.11
2024-10-10 15:59:59.999000+00:00,1200413106969.48,288865909000.92,119717085452.0,34654985304.09
2024-10-11 03:59:59.999000+00:00,1197707866989.11,290060046609.64,119636700551.2,34770863979.3
2024-10-11 15:59:59.999000+00:00,1231307103471.07,294414629133.89,119701990777.51,34853529161.43
2024-10-12 03:59:59.999000+00:00,1236179827799.54,293499472135.64,119683935842.39,34972343428.18
2024-10-12 15:59:59.999000+00:00,1247693299332.07,297439788097.73,119715140366.5,34967739083.03
2024-10-13 03:59:59.999000+00:00,1239074125438.76,295734510809.71,119701460516.04,35040192691.06
2024-10-13 11:59:59.999000+00:00,1236182244224.32,295923391468.05,119694522168.87,35026195423.28
2024-10-13 23:59:59.999000+00:00,1242341595990.99,297063838454.29,119684031434.47,35019996124.03
2024-10-14 11:59:59.999000+00:00,1282779742872.06,305445240372.24,119655769456.84,34948276433.33
2024-10-14 23:59:59.999000+00:00,1305664072036.41,316494185326.93,119683986704.98,34873917511.09
2024-10-15 11:59:59.999000+00:00,1291065421382.34,310829000243.69,119733826310.33,34731916220.63
2024-10-15 23:59:59.999000+00:00,1325307318851.9,313726776301.04,119741258856.11,34904471086.56
2024-10-16 07:59:59.999000+00:00,1323667897342.28,313797394088.98,119749585072.23,34866211213.75
2024-10-16 19:59:59.999000+00:00,1339976366494.59,314928139815.06,119963120537.79,34779919111.34
2024-10-17 07:59:59.999000+00:00,1329443991087.2,316076703371.41,119910214858.54,34796193355.42
2024-10-17 19:59:59.999000+00:00,1320588653348.07,312451980967.28,119936386605.34,34751733420.4
2024-10-18 07:59:59.999000+00:00,1343278638840.83,318004977685.52,119991750113.77,34742103446.2
2024-10-18 19:59:59.999000+00:00,1355894925851.54,318957457153.26,120004583034.69,34915540433.01
2024-10-19 07:59:59.999000+00:00,1351026139885.2,317876090815.33,120092303916.9,34996459175.64
2024-10-19 15:59:59.999000+00:00,1348589622743.7,318476526363.35,120094219586.06,34990536231.91
2024-10-20 03:59:59.999000+00:00,1347892202260.63,317865702612.56,120148962831.83,34981242715.88
2024-10-20 15:59:59.999000+00:00,1356429545211.64,325774864035.61,120127998334.29,35014766388.18
2024-10-21 03:59:59.999000+00:00,1362076490031.08,329013870875.9,120157333243.78,34993721402.97
2024-10-21 15:59:59.999000+00:00,1328930657832.48,322199299897.07,120142095240.68,34837388520.18
2024-10-22 03:59:59.999000+00:00,1331621740324.1,318176354712.4,120150796897.56,34672978444.7
2024-10-22 15:59:59.999000+00:00,1330112941503.78,315803524387.38,120126300585.51,34612102295.69
2024-10-22 23:59:59.999000+00:00,1331842439476.36,315453342196.71,120145920300.41,34581388384.19
2024-10-23 11:59:59.999000+00:00,1311742514719.06,310383737302.96,120116911285.7,34563003489.61
2024-10-23 23:59:59.999000+00:00,1317880971164.34,303828357379.16,120102670915.88,34364126000.43
2024-10-24 11:59:59.999000+00:00,1328254146946.76,304112220155.67,120091150672.96,34345935933.34
2024-10-24 23:59:59.999000+00:00,1347797865139.47,305137760029.45,120165280484.63,34461982971.5
2024-10-25 11:59:59.999000+00:00,1346190169174.2,306246583536.98,120149427262.5,34425974114.37
2024-10-25 23:59:59.999000+00:00,1317385748797.48,293518382118.52,120076508230.44,34672547241.35
2024-10-26 07:59:59.999000+00:00,1323622786404.92,296596123196.0,120156870970.65,34691129548.76
2024-10-26 23:59:59.999000+00:00,1325286022321.48,298582572244.1,120166455582.51,34672342723.23
2024-10-27 11:59:59.999000+00:00,1325696058599.0,297031085493.87,120187202105.96,34668351374.96
2024-10-27 23:59:59.999000+00:00,1343230761707.59,301718318124.05,120188351108.25,34670492181.78
2024-10-28 11:59:59.999000+00:00,1357573301432.25,303874278687.83,120203809541.66,34689281048.33
2024-10-28 23:59:59.999000+00:00,1382358128595.11,308910133818.98,120259047010.08,34720167435.15
2024-10-29 11:59:59.999000+00:00,1412159903301.25,316534503901.45,120270899733.95,34698159989.31
2024-10-29 19:59:59.999000+00:00,1439520243215.69,316468260656.67,120214709399.9,34831009732.91
2024-10-30 07:59:59.999000+00:00,1427836523392.81,321353842100.45,120445881646.24,34852421007.14
2024-10-30 19:59:59.999000+00:00,1421998530221.22,320344494450.42,120483936111.21,34959234077.92
2024-10-31 07:59:59.999000+00:00,1432046983110.91,318629630654.07,120540882708.33,35074977611.67
2024-10-31 19:59:59.999000+00:00,1387306688278.63,302454470862.22,120429135013.98,34884118157.61
2024-11-01 07:59:59.999000+00:00,1368780584520.09,301280030125.6,120449799490.41,34713102584.37
2024-11-01 19:59:59.999000+00:00,1368291650613.86,302460381160.39,120473540922.55,34798519683.11
2024-11-02 03:59:59.999000+00:00,1375809701371.14,301589060305.46,120533188368.81,34873664155.04
2024-11-02 15:59:59.999000+00:00,1372492147549.6,299608617111.57,120524648872.66,34878258936.72
2024-11-03 03:59:59.999000+00:00,1352520152776.81,294969272837.17,120580775682.33,34879619774.47
2024-11-03 15:59:59.999000+00:00,1346803939964.02,294188820490.77,120535071306.53,34873118875.53
2024-11-04 03:59:59.999000+00:00,1364623660383.68,297811469067.54,120511402969.64,34878576050.54
2024-11-04 15:59:59.999000+00:00,1357708113797.85,294139723393.12,120521378496.48,34996041473.88
2024-11-05 03:59:59.999000+00:00,1347857166219.28,291190375141.62,120408150839.09,35079203132.95
2024-11-05 11:59:59.999000+00:00,1360467864074.8,293763071382.87,120438933556.04,35146451691.61
2024-11-05 23:59:59.999000+00:00,1371788058010.5,291714903910.34,120493756335.3,35533345942.95
2024-11-06 11:59:59.999000+00:00,1469840805552.63,316544247958.12,120550221723.52,35889029539.52
2024-11-06 23:59:59.999000+00:00,1496003893299.42,328022073762.27,120600360127.61,36809790893.18
2024-11-07 11:59:59.999000+00:00,1478762814824.19,336730258424.99,121442016468.71,36729179205.79
2024-11-07 23:59:59.999000+00:00,1501297989024.83,348685832425.45,121465868840.1,36873610389.05
2024-11-08 07:59:59.999000+00:00,1508074106175.71,351189207523.96,122113855209.53,36947076244.82
2024-11-08 19:59:59.999000+00:00,1524891415752.91,356230758628.34,122106226197.99,37045740775.42
2024-11-09 07:59:59.999000+00:00,1514050423206.64,365197412321.49,123077274693.28,37216894326.13
2024-11-09 19:59:59.999000+00:00,1507879488074.31,369866549773.11,123079817240.54,37056640389.51
2024-11-10 07:59:59.999000+00:00,1559995003564.21,383958174007.39,123247115046.6,37039605111.58
2024-11-10 19:59:59.999000+00:00,1577308995092.31,380721783782.19,123278293954.05,37034609324.08
2024-11-11 07:59:59.999000+00:00,1606902918049.01,378633807504.62,123493827475.17,36989983794.63
2024-11-11 15:59:59.999000+00:00,1665094531997.54,390300234193.66,123496662739.88,36903692237.78
2024-11-12 03:59:59.999000+00:00,1744432527964.21,401953141765.15,124115786681.27,36888296511.49
2024-11-12 15:59:59.999000+00:00,1713641867292.85,392787720819.05,124124063788.57,36584441528.11
2024-11-13 03:59:59.999000+00:00,1725752872351.81,386766107438.87,125396517291.17,36494159281.2
2024-11-13 15:59:59.999000+00:00,1834402815306.15,398687399150.16,125506836228.71,36556433832.24
2024-11-14 03:59:59.999000+00:00,1781076021751.35,387514513308.4,126702734426.16,36672010124.81
2024-11-14 15:59:59.999000+00:00,1741585055349.38,371252253439.59,126632301640.6,36638001497.82
2024-11-14 23:59:59.999000+00:00,1727562262252.15,368632337376.89,126619599223.07,36763370200.36
2024-11-15 11:59:59.999000+00:00,1775198277763.83,373850110958.14,127285109563.15,36749769604.88
2024-11-15 23:59:59.999000+00:00,1801436194834.93,372074540197.37,127328710155.35,36935341718.56
2024-11-16 11:59:59.999000+00:00,1803775970581.21,384436228854.0,127376534190.19,37078366767.53
2024-11-16 23:59:59.999000+00:00,1791535825197.71,377316858272.14,127402113317.29,37122686956.99
2024-11-17 11:59:59.999000+00:00,1795175728451.78,374004742294.35,127562700913.48,37174918803.07
2024-11-17 23:59:59.999000+00:00,1777526304284.46,370386258448.72,127562925986.62,37125236748.49
2024-11-18 07:59:59.999000+00:00,1815039485478.97,377118151316.21,127556907741.49,37126409830.27
2024-11-18 19:59:59.999000+00:00,1794345963799.93,377241077979.92,127643278781.2,37221011578.65
2024-11-19 07:59:59.999000+00:00,1813909904936.47,375907158402.37,128228508828.81,37280732240.52
2024-11-19 19:59:59.999000+00:00,1845287502503.41,376153908359.36,128275155851.0,37290877038.73
2024-11-20 07:59:59.999000+00:00,1837744506416.33,374760878130.65,128892520346.99,37406122258.51
2024-11-20 19:59:59.999000+00:00,1860385296502.08,368602179909.96,128882317706.2,37671776307.46
2024-11-21 07:59:59.999000+00:00,1919417107283.51,378033462696.38,130218029195.75,37862009632.68
2024-11-21 15:59:59.999000+00:00,1916784646120.57,395333179423.95,130201888382.38,37681361651.71
2024-11-22 03:59:59.999000+00:00,1957091900669.61,406357873688.41,130844579122.22,38246074920.68
2024-11-22 15:59:59.999000+00:00,1955857363824.02,399534420980.23,130857148512.23,38221567884.5
2024-11-23 03:59:59.999000+00:00,1953604673694.76,403042222677.65,132246635778.25,38848619937.65
2024-11-23 15:59:59.999000+00:00,1951016557700.64,417889969550.97,132367993586.6,38955163054.42
2024-11-24 03:59:59.999000+00:00,1944160722128.51,413033180687.71,132564321995.07,38992796065.39
2024-11-24 15:59:59.999000+00:00,1900082088793.41,397011862181.0,132515170883.7,38957992068.77
2024-11-24 23:59:59.999000+00:00,1937919789263.12,405047057925.8,132552148318.01,38957891905.06
2024-11-25 11:59:59.999000+00:00,1944737116487.67,418555392572.57,132691018693.35,38972238127.39
2024-11-25 23:59:59.999000+00:00,1842257290730.95,411101919290.95,132588967998.49,38709270109.47
2024-11-26 11:59:59.999000+00:00,1827700518495.11,400370022614.43,132765512000.46,38730643682.17
2024-11-26 23:59:59.999000+00:00,1820053564596.46,400566430408.33,132686858728.47,38629008340.12
2024-11-27 11:59:59.999000+00:00,1847414094691.22,416664357910.88,132675890251.79,38789391251.44
2024-11-27 19:59:59.999000+00:00,1914404999905.93,432948386420.73,132839647287.62,39150699235.54
2024-11-28 07:59:59.999000+00:00,1886311197842.14,432415954276.49,133290633335.84,39483161438.44
2024-11-28 19:59:59.999000+00:00,1882101931657.05,430576865315.17,133224485461.19,39451879712.5
2024-11-29 07:59:59.999000+00:00,1892108939605.77,426903440544.11,133458051305.04,39429234412.13
2024-11-29 19:59:59.999000+00:00,1927898380924.19,431833987188.69,133567750067.12,39802360349.33
2024-11-30 07:59:59.999000+00:00,1916041074817.29,445864815064.18,133482074837.45,39827510450.93
2024-11-30 19:59:59.999000+00:00,1920889014070.55,444780345207.84,134054652764.27,39908522918.29
2024-12-01 03:59:59.999000+00:00,1906791587181.08,446644338326.4,134082830086.12,39913622365.83
2024-12-01 15:59:59.999000+00:00,1921354447971.36,449134163210.48,134141216918.84,39996308378.35
2024-12-02 03:59:59.999000+00:00,1912417730481.76,444644555205.39,134237978407.54,39969039126.89
2024-12-02 15:59:59.999000+00:00,1923630766228.92,442961948132.41,134225269219.16,39810695583.26
2024-12-03 03:59:59.999000+00:00,1901959306072.75,438651835994.98,134686526954.55,39928813385.31
2024-12-03 15:59:59.999000+00:00,1893977045723.39,429657574358.59,134702671154.3,39897778769.26
2024-12-04 03:59:59.999000+00:00,1896690379959.18,441519396321.36,135083357199.75,40121771380.0
2024-12-04 11:59:59.999000+00:00,1905634230702.7,449403033791.39,135056856147.14,40139813745.52
2024-12-04 23:59:59.999000+00:00,1954156097012.25,462598955634.59,135154959456.95,40585591637.41
2024-12-05 11:59:59.999000+00:00,2032362448062.8,474226863407.43,135782274455.28,40466024617.92
2024-12-05 23:59:59.999000+00:00,1921154047589.51,456740747823.86,135839714786.39,40316860628.75
2024-12-06 11:59:59.999000+00:00,1942702242858.27,466010266940.06,136716651778.15,40301965972.38
2024-12-06 23:59:59.999000+00:00,1977630964720.96,482494371897.87,136840200070.72,41234885531.11
2024-12-07 11:59:59.999000+00:00,1973669960937.83,482141919721.85,137849364197.69,41228084731.13
2024-12-07 19:59:59.999000+00:00,1982959191751.29,483727738476.12,137840401677.85,41213632363.07
2024-12-08 07:59:59.999000+00:00,1974251944526.97,479919206976.77,138023610422.9,41160979838.62
2024-12-08 19:59:59.999000+00:00,1981371641641.14,480673319945.04,137985433225.99,41087733677.12
2024-12-09 07:59:59.999000+00:00,1971158170523.85,472216425849.0,138112062210.48,40951237096.91
2024-12-09 19:59:59.999000+00:00,1919736012599.26,456957431998.07,137969961015.89,40774634950.61
2024-12-10 07:59:59.999000+00:00,1924054093555.03,449882961782.7,138368192282.18,40677401646.74
2024-12-10 19:59:59.999000+00:00,1899370120055.6,437520276799.63,138362024209.95,40587299880.44
2024-12-11 03:59:59.999000+00:00,1927546007537.71,441295148804.98,138671551397.55,40870002749.18
2024-12-11 15:59:59.999000+00:00,1988274107995.02,456412228704.78,138715430415.7,40844138653.12
2024-12-12 03:59:59.999000+00:00,1997407665630.63,473486426107.64,139819315107.14,41662184038.31
2024-12-12 15:59:59.999000+00:00,2013817485790.32,476614788027.56,139812839849.31,41563749098.25
2024-12-13 03:59:59.999000+00:00,1974625376421.65,473425853483.64,140119415319.19,41575258558.75
2024-12-13 15:59:59.999000+00:00,1976188715309.22,467716316831.49,140096706434.67,41548520840.49
2024-12-14 03:59:59.999000+00:00,2021460092615.81,471196373884.74,140131177908.44,41988368669.97
2024-12-14 11:59:59.999000+00:00,2010699332959.86,469108492304.15,140117114643.18,41988494658.58
2024-12-14 23:59:59.999000+00:00,2006808502978.48,465941733951.17,140094173701.65,41986788955.85
2024-12-15 11:59:59.999000+00:00,2031436550501.2,466877723209.7,140196505797.74,42005675212.36
2024-12-15 23:59:59.999000+00:00,2065144333081.26,475970706984.17,140162036067.23,42113984557.02
2024-12-16 11:59:59.999000+00:00,2052655205698.19,470392616238.53,140149160621.66,42056541248.87
2024-12-16 23:59:59.999000+00:00,2099101774990.23,480275264779.15,140278403859.64,42345742915.49
2024-12-17 11:59:59.999000+00:00,2115006775532.98,481646409369.9,140422845150.21,42425996462.11
2024-12-17 19:59:59.999000+00:00,2108451187114.65,475246535127.19,140430721004.65,42468188385.21
2024-12-18 07:59:59.999000+00:00,2064204601064.88,463219206373.07,140597384452.65,42528537030.04
2024-12-18 19:59:59.999000+00:00,2037437998098.97,456390445473.36,140514727778.26,42501530649.06
2024-12-19 07:59:59.999000+00:00,2012356696527.47,444768403522.01,140568500963.25,42362942356.43
2024-12-19 19:59:59.999000+00:00,1920867159707.27,412874367994.03,140473119101.53,42308587229.3
2024-12-20 07:59:59.999000+00:00,1934010476062.47,407585613905.69,140495271061.35,42259589604.45
2024-12-20 15:59:59.999000+00:00,1918228547786.12,405776883433.75,140538617949.3,42216031827.51
2024-12-21 03:59:59.999000+00:00,1928239640191.39,417277600858.97,140561510156.34,42776494179.02
2024-12-21 15:59:59.999000+00:00,1930087307343.61,408166406962.22,139862894573.54,42914366975.59
2024-12-22 03:59:59.999000+00:00,1918869956137.0,403661909425.6,139804890537.54,42935683483.88
2024-12-22 15:59:59.999000+00:00,1887029918830.39,397788763460.5,139783230022.94,42972555221.26
2024-12-23 03:59:59.999000+00:00,1898503824021.15,403193516043.73,139691639499.35,42988539216.83
2024-12-23 15:59:59.999000+00:00,1842447273668.87,393958938082.9,139677930069.73,43159071365.94
2024-12-23 23:59:59.999000+00:00,1875314065984.88,411529471310.73,139667489904.35,43099030434.87
2024-12-24 11:59:59.999000+00:00,1866048561802.61,410585420489.4,139627652731.12,43110392543.91
2024-12-24 23:59:59.999000+00:00,1953851713516.67,420636637647.57,139748850453.37,43164368020.69
2024-12-25 11:59:59.999000+00:00,1940100997120.48,418875572004.82,139347280227.3,43251132700.15
2024-12-25 23:59:59.999000+00:00,1966210082590.95,420805325622.48,139305560905.44,43160386425.77
2024-12-26 11:59:59.999000+00:00,1892717165187.59,405883592190.29,139271167788.39,43102249063.39
2024-12-26 23:59:59.999000+00:00,1894981659515.6,401267700708.07,139269538043.12,43504746978.54
2024-12-27 07:59:59.999000+00:00,1880174649953.77,400176029127.09,139288643008.16,43526187046.07
2024-12-27 19:59:59.999000+00:00,1872766039860.44,403557256081.33,139232812473.31,43587297191.79
2024-12-28 07:59:59.999000+00:00,1865852391838.4,401272844189.6,138769936029.9,43551956396.79
2024-12-28 19:59:59.999000+00:00,1878405397906.1,408767873440.2,138751420471.44,43589768878.99
2024-12-29 07:59:59.999000+00:00,1883089028923.78,409694307450.27,138748074298.63,43598912917.19
2024-12-29 19:59:59.999000+00:00,1850757482612.75,404400848216.99,138735035475.28,43616846816.8
2024-12-30 07:59:59.999000+00:00,1852972780911.56,412076383628.62,138695865485.05,43591082469.01
2024-12-30 15:59:59.999000+00:00,1820149425363.74,399744771771.24,138667589757.61,43620328827.4
2024-12-31 03:59:59.999000+00:00,1828911989048.32,401860224504.88,137549729162.84,43785963797.41
2024-12-31 15:59:59.999000+00:00,1887332002318.48,410908897603.0,137619809165.98,43885316585.35
2025-01-01 03:59:59.999000+00:00,1854155273824.1,403297970058.38,137137350418.11,43947622290.53
2025-01-01 15:59:59.999000+00:00,1865771151244.75,403016980089.21,137148468725.69,43768853176.6
2025-01-02 03:59:59.999000+00:00,1878212113006.22,407611599525.19,137187693326.4,43713762280.47
2025-01-02 15:59:59.999000+00:00,1909462940368.08,416815372941.77,137310602956.51,43908385948.94
2025-01-02 23:59:59.999000+00:00,1918730145566.76,415841970320.37,137295398960.45,44404717315.98
2025-01-03 11:59:59.999000+00:00,1915554515916.63,417216104829.73,137141877513.92,44641717221.91
2025-01-03 23:59:59.999000+00:00,1943222658412.32,434338537849.75,137187042108.71,45336918863.56
2025-01-04 11:59:59.999000+00:00,1938253354160.53,433815449216.19,137227300637.07,45429090870.85
2025-01-04 23:59:59.999000+00:00,1945654462825.16,440664193246.25,137275789845.8,45554906948.15
2025-01-05 11:59:59.999000+00:00,1933582944040.88,435129025319.79,137239867591.89,45555413408.41
2025-01-05 23:59:59.999000+00:00,1947189546143.58,437816515326.14,137250898906.86,45614128884.52
2025-01-06 07:59:59.999000+00:00,1966577251006.1,439624107738.23,137228726414.14,45593021115.35
2025-01-06 19:59:59.999000+00:00,2017386829662.09,444576344462.99,137340590850.26,45843756574.9
2025-01-07 07:59:59.999000+00:00,2014085708416.67,441890765688.07,137539551297.3,45826517154.75
2025-01-07 19:59:59.999000+00:00,1910256142834.56,407732734410.91,137442618461.29,45573882367.85
2025-01-08 07:59:59.999000+00:00,1895085122465.99,404148786031.79,137471487307.16,45531931712.32
2025-01-08 19:59:59.999000+00:00,1867013841664.15,395396856242.79,137559415109.24,45383318534.35
2025-01-09 07:59:59.999000+00:00,1846386223999.17,396278100331.68,137541397681.77,45363824977.56
2025-01-09 15:59:59.999000+00:00,1866896782642.26,400297511060.69,137555316273.96,45342112915.39
2025-01-10 03:59:59.999000+00:00,1855944113374.6,392093188412.72,137422588956.5,45411920337.73
2025-01-10 15:59:59.999000+00:00,1857506590360.23,390975001508.86,137435753067.69,45524304005.85
2025-01-11 03:59:59.999000+00:00,1865315404504.92,389897289871.53,137424322182.95,45725908313.11
2025-01-11 15:59:59.999000+00:00,1869410480922.83,393931990301.86,137397315699.87,45727133019.02
2025-01-12 03:59:59.999000+00:00,1873248296007.54,395554643396.71,137381218396.47,45730970460.96
2025-01-12 11:59:59.999000+00:00,1866410414405.14,391858591250.73,137374003178.58,45730157307.56
2025-01-12 23:59:59.999000+00:00,1871766465336.38,393534082007.43,137388313633.26,45747627405.04
2025-01-13 11:59:59.999000+00:00,1799087852037.75,367956775453.25,137277327102.8,45806196557.48
2025-01-13 23:59:59.999000+00:00,1872375406197.59,377826468144.96,137397571863.01,45655058930.29
2025-01-14 11:59:59.999000+00:00,1912028927887.43,387513326247.31,137168026457.49,45776998197.28
2025-01-14 23:59:59.999000+00:00,1912474167256.74,388437673735.93,137213317941.36,45701096574.58
2025-01-15 11:59:59.999000+00:00,1915610912046.41,385362924995.17,137198852065.64,45820102819.81
2025-01-15 19:59:59.999000+00:00,1978184358814.09,414480954007.24,137268044015.27,46085884406.99
2025-01-16 07:59:59.999000+00:00,1975710869870.47,407594121090.58,137403791314.98,46254623368.46
2025-01-16 19:59:59.999000+00:00,1989274155977.68,403096169003.46,137425022415.39,46258620287.23
2025-01-17 07:59:59.999000+00:00,2009868897176.51,406201461841.81,137445554360.39,46447891530.79
2025-01-17 19:59:59.999000+00:00,2097382292443.6,413841934055.04,137547170349.43,47271940119.18
2025-01-18 07:59:59.999000+00:00,2036128538379.06,396383118136.48,138231286628.44,47376351821.11
2025-01-18 19:59:59.999000+00:00,2066015101456.45,395851273757.13,138168236635.43,47465352411.38
2025-01-19 03:59:59.999000+00:00,2079148499631.97,401944201093.84,138208333016.67,47617474567.63
2025-01-19 15:59:59.999000+00:00,2075680906603.92,407612075543.88,138135136703.28,47845075825.84
2025-01-20 03:59:59.999000+00:00,2014431601753.39,393351592975.42,138231101175.35,48191361679.33
2025-01-20 15:59:59.999000+00:00,2077346433492.98,401213976208.77,138207598023.08,48099800389.13
2025-01-21 03:59:59.999000+00:00,2038609430550.58,392558867202.24,138261384024.17,48100252996.85
2025-01-21 15:59:59.999000+00:00,2057846937147.38,396732755350.41,138322328796.57,48756561368.41
2025-01-22 03:59:59.999000+00:00,2093011218858.45,401447904122.04,138557472177.47,50939478257.65
2025-01-22 11:59:59.999000+00:00,2082786125286.88,400872034991.42,138518981526.89,51021507600.84
2025-01-22 23:59:59.999000+00:00,2053851084717.98,390482951804.65,138491040965.81,51527267749.59
2025-01-23 11:59:59.999000+00:00,2019682928908.81,386979831060.55,138553486693.24,51564570907.14
2025-01-23 23:59:59.999000+00:00,2059818861176.53,402178405888.02,138633157641.2,51934215245.96
2025-01-24 11:59:59.999000+00:00,2089268724497.06,409772416890.76,138927778506.9,52073224009.08
2025-01-24 23:59:59.999000+00:00,2076961712719.0,398836213929.28,138922824754.32,52193907186.5
2025-01-25 11:59:59.999000+00:00,2073633144334.87,398651094368.09,139306962890.51,52188241610.88
2025-01-25 19:59:59.999000+00:00,2081603855447.95,402390146398.61,139321246155.4,52185297554.1
2025-01-26 07:59:59.999000+00:00,2080025779753.44,402258448174.5,139297981212.5,52184174555.64
2025-01-26 19:59:59.999000+00:00,2081927020390.48,402269587324.43,139299503194.29,52197424735.23
2025-01-27 07:59:59.999000+00:00,1961954243811.04,370249180008.38,139302739665.78,52215134454.43
2025-01-27 19:59:59.999000+00:00,1973723231834.59,370157112257.97,139288292723.59,52351151441.29
2025-01-28 07:59:59.999000+00:00,2035735843958.0,385111493954.03,139467212335.95,52370828850.29
2025-01-28 19:59:59.999000+00:00,2030106308902.3,379277629397.51,139414936707.04,52432462368.64
2025-01-29 03:59:59.999000+00:00,2021815487527.31,377144970440.34,139426505812.86,52527384147.34
2025-01-29 15:59:59.999000+00:00,2020835169075.85,373552996007.35,139436079719.36,52561771265.64
2025-01-30 03:59:59.999000+00:00,2083640881175.53,385045941619.94,139407515689.73,52603794263.77
2025-01-30 15:59:59.999000+00:00,2092198034476.48,392514400766.28,139427679435.77,52984779113.68
2025-01-31 03:59:59.999000+00:00,2067349996662.97,389423151951.97,139422299604.78,53229969249.76
2025-01-31 15:59:59.999000+00:00,2090820256487.16,412931256818.12,139414211538.08,53463735681.68
2025-01-31 23:59:59.999000+00:00,2029428972448.1,397569451843.83,139356595782.86,53323128392.28
2025-02-01 11:59:59.999000+00:00,2021748541004.87,391872468329.45,139389911392.83,53305821604.64
2025-02-01 23:59:59.999000+00:00,1994943345106.19,375857159372.64,139389762633.22,53326803207.64
2025-02-02 11:59:59.999000+00:00,1959828574904.86,369270585872.69,139347194516.09,53388820883.21
2025-02-02 23:59:59.999000+00:00,1935746524005.4,345669689993.68,139370731417.3,53401954901.82
2025-02-03 11:59:59.999000+00:00,1886546709812.47,311389489648.14,139481663669.28,53865717918.65
2025-02-03 23:59:59.999000+00:00,2009571185330.52,347599890746.0,139544714635.41,54450664045.17
2025-02-04 07:59:59.999000+00:00,1953321778925.62,326036186317.84,140578794415.03,54564450675.39
2025-02-04 19:59:59.999000+00:00,1965892612266.24,336236348991.07,140567533593.82,55032085727.37
2025-02-05 07:59:59.999000+00:00,1940776569293.62,332834902254.87,140520581811.91,55099649689.85
2025-02-05 19:59:59.999000+00:00,1929828776727.88,334459462550.49,140481252745.61,55260156257.68
2025-02-06 07:59:59.999000+00:00,1946741654023.05,341418768033.92,141208598870.17,55438118848.86
2025-02-06 19:59:59.999000+00:00,1903639072142.29,324855613293.58,141193064762.56,55713964402.49
2025-02-07 07:59:59.999000+00:00,1917824657724.16,327132886852.19,141373650692.26,55864471146.48
2025-02-07 15:59:59.999000+00:00,1946478692447.04,327735888878.85,141419051177.72,56158238981.03
2025-02-08 03:59:59.999000+00:00,1917283947292.63,318703412599.97,141710319906.46,56272709007.01
2025-02-08 15:59:59.999000+00:00,1899368472376.03,313713284905.9,141652078163.22,56078236751.66
2025-02-09 03:59:59.999000+00:00,1927894949675.39,322788514809.83,141799026794.29,56087800163.99
2025-02-09 15:59:59.999000+00:00,1912881086985.73,319830688344.86,141764549771.02,56158492291.57
2025-02-10 03:59:59.999000+00:00,1918211970176.23,316572702101.08,141661204598.87,56210981804.35
2025-02-10 15:59:59.999000+00:00,1927018796250.26,320341623683.18,141651511725.62,56408142044.13
2025-02-10 23:59:59.999000+00:00,1931740792090.75,320790228234.34,141649860853.35,56245323270.85
2025-02-11 11:59:59.999000+00:00,1945932751607.58,326432263205.66,141894169126.55,56342700248.54
2025-02-11 23:59:59.999000+00:00,1897964794815.03,313746757408.99,141858500279.49,56068208924.91
2025-02-12 11:59:59.999000+00:00,1904329807574.7,316533962526.19,141949096743.21,56069260736.68
2025-02-12 23:59:59.999000+00:00,1940242365476.66,329929838676.92,141964175064.38,56084769944.99
2025-02-13 11:59:59.999000+00:00,1901304099340.48,320004283333.75,141938266510.89,56096140594.34
2025-02-13 23:59:59.999000+00:00,1915447210572.84,322572193660.31,141953710944.34,56104555414.49
2025-02-14 07:59:59.999000+00:00,1922291011848.93,325565229844.36,141834505039.99,56138930952.41
2025-02-14 19:59:59.999000+00:00,1941331130618.8,330028399163.75,141822625281.64,56291752031.88
2025-02-15 07:59:59.999000+00:00,1930742358428.24,325450755213.37,142008055348.38,56347582771.22
2025-02-15 19:59:59.999000+00:00,1934383730419.61,324589237783.22,142019238276.12,56370402045.41
2025-02-16 07:59:59.999000+00:00,1927855960712.26,324736000406.68,142010161358.09,56468816118.38
2025-02-16 19:59:59.999000+00:00,1924335000406.93,323551526872.59,142012516369.23,56437866218.16
2025-02-17 07:59:59.999000+00:00,1904793546070.34,323692288573.87,141992839032.09,56471520979.25
2025-02-17 15:59:59.999000+00:00,1895334274263.61,331569477999.3,142013285949.72,56487818979.82
2025-02-18 03:59:59.999000+00:00,1907091563554.49,326854656329.36,141764752449.34,56471641103.02
2025-02-18 15:59:59.999000+00:00,1894036806418.57,322259372297.55,141737690115.07,56477813240.36
2025-02-19 03:59:59.999000+00:00,1896481880827.13,324597756780.91,141708883613.76,56243727087.06
2025-02-19 15:59:59.999000+00:00,1902621500789.88,325036610414.8,141749082258.15,56288927773.9
2025-02-20 03:59:59.999000+00:00,1924841508974.25,330776951539.85,141799085811.85,56285941803.81
2025-02-20 15:59:59.999000+00:00,1921611581096.04,327310070845.6,141795157823.75,56259253758.67
2025-02-20 23:59:59.999000+00:00,1949797317941.17,330341411616.59,141824825987.48,56216500169.74
2025-02-21 11:59:59.999000+00:00,1955863641661.52,336296741783.8,142228610213.24,56290051378.0
2025-02-21 23:59:59.999000+00:00,1905832099166.45,320704621032.57,142139522500.45,57213777139.21
2025-02-22 11:59:59.999000+00:00,1915158017974.26,329621559477.44,142521534404.77,57183118832.95
2025-02-22 23:59:59.999000+00:00,1914928937300.34,333249074789.63,142520744328.32,57096992297.19
2025-02-23 11:59:59.999000+00:00,1905885241853.3,337223855593.72,142500404048.64,57099741548.51
2025-02-23 19:59:59.999000+00:00,1898717349930.38,338534340536.18,142499163528.24,57079006710.95
2025-02-24 07:59:59.999000+00:00,1901336863884.02,328434345133.5,142428387973.03,57219634376.35
2025-02-24 19:59:59.999000+00:00,1861801640264.42,318188554767.53,142419402550.09,56879453733.37
2025-02-25 07:59:59.999000+00:00,1772661281978.64,285837796686.62,142331425504.42,56561102005.23
2025-02-25 19:59:59.999000+00:00,1742238160077.6,297726064431.42,142155699120.85,56196700363.93
2025-02-26 07:59:59.999000+00:00,1758389140077.68,299486989088.74,141974143728.13,56253337863.36
2025-02-26 19:59:59.999000+00:00,1660828582673.54,276542739666.02,141925248163.34,56149962477.5
2025-02-27 03:59:59.999000+00:00,1688795118214.97,281223538267.5,142159885838.19,55946527573.01
2025-02-27 15:59:59.999000+00:00,1695292049907.71,280468111682.5,142248410457.52,55986189282.91
2025-02-28 03:59:59.999000+00:00,1592032270920.93,258015232059.12,142006674141.97,55519313872.17
2025-02-28 15:59:59.999000+00:00,1665184227316.84,267724188520.54,142197792852.81,55643375559.08
2025-03-01 03:59:59.999000+00:00,1690274578658.44,272707016699.99,142162071122.87,56382487487.41
2025-03-01 15:59:59.999000+00:00,1680810970778.04,262320087606.69,142116913601.13,56357667012.84
2025-03-02 03:59:59.999000+00:00,1703031906517.44,267785166541.64,142179559936.44,56379805997.72
2025-03-02 11:59:59.999000+00:00,1707238913769.45,269947262743.51,142346593742.46,56354021265.73
2025-03-02 23:59:59.999000+00:00,1869318230178.38,303819248389.36,142438646828.37,56371530465.31
2025-03-03 11:59:59.999000+00:00,1837740445849.21,284057302081.03,142385091987.18,56398605413.81
2025-03-03 23:59:59.999000+00:00,1707124824346.28,258739412558.46,142331723683.93,56199270673.04
2025-03-04 11:59:59.999000+00:00,1664300847021.14,253512790277.08,142442992381.56,56297294598.53
2025-03-04 23:59:59.999000+00:00,1729669520136.75,261678925064.66,142470611109.01,56441380843.88
2025-03-05 11:59:59.999000+00:00,1780262410848.58,267194119097.68,142505375137.45,56815636831.92
2025-03-05 19:59:59.999000+00:00,1781096925033.96,267486436089.42,142507820568.12,56903905841.68
2025-03-06 07:59:59.999000+00:00,1811699912463.45,275611603363.28,142700317063.47,57194840158.49
2025-03-06 19:59:59.999000+00:00,1758206693429.38,265365995173.24,142732619833.68,57266263617.97
2025-03-07 07:59:59.999000+00:00,1751482972207.41,264206461438.46,142798663436.42,57371167812.25
2025-03-07 19:59:59.999000+00:00,1740161277798.34,262299787469.9,142752544857.37,57500936554.6
2025-03-08 07:59:59.999000+00:00,1708849504081.94,257775850416.63,142765541877.84,58130611248.03
2025-03-08 19:59:59.999000+00:00,1709776055892.12,268347677341.29,142749719307.45,58117227974.51
2025-03-09 03:59:59.999000+00:00,1708374166978.06,263698052289.61,142758345665.48,58106467890.48
2025-03-09 15:59:59.999000+00:00,1647297820698.75,252797590211.7,142773715634.43,58114761207.52
2025-03-10 03:59:59.999000+00:00,1626809571227.59,248204593094.57,142780584277.24,58144321545.83
2025-03-10 15:59:59.999000+00:00,1588202414891.32,243945716696.66,142873081144.25,58061512664.37
2025-03-11 03:59:59.999000+00:00,1575940323192.85,222813967090.96,142956383271.48,57844701708.68
2025-03-11 15:59:59.999000+00:00,1612340148789.28,230884650788.03,142960548374.05,58058794696.79
2025-03-12 03:59:59.999000+00:00,1629203666062.4,225606881327.18,143166532682.0,58059568141.76
2025-03-12 11:59:59.999000+00:00,1646222830729.34,231335866452.46,143153767987.69,58213011221.2
2025-03-12 23:59:59.999000+00:00,1660115020072.53,230244865407.36,143145514653.28,58263621578.5
2025-03-13 11:59:59.999000+00:00,1643185574111.23,228737279552.77,143310091835.62,58431424232.76
2025-03-13 23:59:59.999000+00:00,1608729406184.04,224699329991.48,143294661064.71,58329747040.79
2025-03-14 11:59:59.999000+00:00,1652296022657.63,229610453576.6,143325649267.34,58410442619.39
2025-03-14 23:59:59.999000+00:00,1665855004855.24,230316173330.62,143353168630.45,58688699141.72
2025-03-15 07:59:59.999000+00:00,1663135979462.3,231367678971.84,143471643692.2,58694626763.54
2025-03-15 19:59:59.999000+00:00,1671982875306.2,233643066227.78,143463829398.72,58772792960.12
2025-03-16 07:59:59.999000+00:00,1671687736499.54,232283816947.7,143454174609.86,58761939460.87
2025-03-16 19:59:59.999000+00:00,1647543562815.37,226754627937.49,143444373676.17,58707394708.69
2025-03-17 07:59:59.999000+00:00,1657432582540.44,229277525986.59,143447020421.02,58711675937.33
2025-03-17 19:59:59.999000+00:00,1675983561293.59,234220174812.95,143492909161.58,58814806523.97
2025-03-18 07:59:59.999000+00:00,1649748599789.3,229787690618.82,143417243873.66,58855969404.42
2025-03-18 15:59:59.999000+00:00,1618010610894.98,226744981709.19,143427671869.9,58888570451.57
2025-03-19 03:59:59.999000+00:00,1647691002961.97,233818922838.69,143426747977.42,58766343593.21
2025-03-19 15:59:59.999000+00:00,1680900984885.18,247301657163.12,143458785216.95,58995634197.47
2025-03-20 03:59:59.999000+00:00,1704011444013.9,244051729338.0,143675166764.54,59309670575.71
2025-03-20 15:59:59.999000+00:00,1680806897066.03,237886454790.91,143638176659.98,59173219355.81
2025-03-21 03:59:59.999000+00:00,1674818124306.9,238497930642.63,143460209681.01,59361743358.61
2025-03-21 15:59:59.999000+00:00,1657810150262.68,235307454249.74,143448645859.93,59063472973.13
2025-03-21 23:59:59.999000+00:00,1667338686341.68,237034134233.14,143470753034.9,59671423093.48
2025-03-22 11:59:59.999000+00:00,1670976879522.84,239988049658.24,143432053828.61,59639787984.58
2025-03-22 23:59:59.999000+00:00,1663232978817.3,238853856653.52,143468942748.5,59616902585.54
2025-03-23 11:59:59.999000+00:00,1679851211652.8,242121206738.36,143456493080.24,59583841988.78
2025-03-23 23:59:59.999000+00:00,1707315972975.48,241963433974.49,143487646962.75,59710105774.78
2025-03-24 11:59:59.999000+00:00,1740072453322.55,252367865337.66,143492599224.25,59496485015.24
2025-03-24 23:59:59.999000+00:00,1736502001565.25,250756978547.17,143514104275.33,59710286017.67
2025-03-25 07:59:59.999000+00:00,1715298501550.38,247924451286.97,143786252789.46,59816719680.21
2025-03-25 19:59:59.999000+00:00,1749912520893.49,250746374223.84,143822669771.16,59822715355.29
2025-03-26 07:59:59.999000+00:00,1749527076302.03,249768064411.76,144037253682.42,60173320267.83
2025-03-26 19:59:59.999000+00:00,1719358286896.19,241798296037.35,144018787121.85,60151385465.34
2025-03-27 07:59:59.999000+00:00,1734756871954.85,244599904336.92,144225429281.52,60149576686.72
2025-03-27 19:59:59.999000+00:00,1729321542414.82,241989512320.09,144156432380.67,60281097719.35
2025-03-28 07:59:59.999000+00:00,1690553726775.09,230234714794.93,144145735011.58,60332411833.06
2025-03-28 15:59:59.999000+00:00,1667339910508.38,225929866419.13,144110534931.14,60307112841.27
2025-03-29 03:59:59.999000+00:00,1669641455092.82,229243554046.83,144146288219.41,60265508868.18
2025-03-29 15:59:59.999000+00:00,1634790808454.76,221667687544.72,144126031545.4,60243070769.23
2025-03-30 03:59:59.999000+00:00,1647956156219.72,221142703770.7,144135745999.62,60242333253.47
2025-03-30 15:59:59.999000+00:00,1641426818142.16,218694489386.41,144141272235.86,60234194575.99
2025-03-31 03:59:59.999000+00:00,1617380366848.0,216969200410.95,143926677170.95,60172472187.46
2025-03-31 15:59:59.999000+00:00,1657033307916.11,222610857132.19,143958190897.89,60105391732.75
2025-03-31 23:59:59.999000+00:00,1638221363683.2,220025566439.76,143906614991.56,60070916212.83
2025-04-01 11:59:59.999000+00:00,1665561039177.41,224704165631.85,143970932838.86,60093948298.19
2025-04-01 23:59:59.999000+00:00,1690423576120.2,229914829332.44,143998606985.95,60120543369.09
2025-04-02 11:59:59.999000+00:00,1677844030788.47,225431759207.67,144012581724.57,60134996339.1
2025-04-02 23:59:59.999000+00:00,1637022453253.18,216585300525.3,144006792400.22,60648969145.13
2025-04-03 11:59:59.999000+00:00,1648023782254.82,216452226998.89,143995879495.71,60720056635.47
2025-04-03 23:59:59.999000+00:00,1649221222254.52,219079564806.56,144182754255.53,60867477942.7
2025-04-04 07:59:59.999000+00:00,1666474189829.76,219274918493.32,144065973889.8,60926637104.02
2025-04-04 19:59:59.999000+00:00,1665491617715.01,218450563940.19,144005902124.91,60718963815.39
2025-04-05 07:59:59.999000+00:00,1656944301405.8,218690974553.55,144044450019.92,60544278133.01
2025-04-05 19:59:59.999000+00:00,1643087724750.06,214882519610.24,144030641451.77,60538907718.1
2025-04-06 07:59:59.999000+00:00,1647272319813.72,216910076166.62,144034420780.73,60531081262.62
2025-04-06 19:59:59.999000+00:00,1579810759017.16,196317443016.55,144020341731.01,60421800587.44
2025-04-07 03:59:59.999000+00:00,1539889518348.25,185866580261.2,144205983306.94,60299492615.95
2025-04-07 15:59:59.999000+00:00,1557270133383.47,187741873801.54,144169488118.5,60200509264.88
2025-04-08 03:59:59.999000+00:00,1584368673638.55,191130149852.1,144154226433.23,60222007388.11
2025-04-08 15:59:59.999000+00:00,1557830795512.17,184788944748.52,144148265696.74,60311727976.7
2025-04-09 03:59:59.999000+00:00,1488712064055.91,171047139768.03,143914375074.42,60158278872.36
2025-04-09 15:59:59.999000+00:00,1530602641220.0,178842116535.91,143907302308.84,60140419228.66
2025-04-10 03:59:59.999000+00:00,1620897981656.96,194814550360.13,144304498954.33,59983263571.33
2025-04-10 11:59:59.999000+00:00,1624160235414.39,192268015728.44,144274059802.26,59981992449.79
2025-04-10 23:59:59.999000+00:00,1580516596818.75,183733303065.44,144272216564.38,59912761288.29
2025-04-11 11:59:59.999000+00:00,1630349702280.03,187955123825.34,144255815984.39,60046130685.82
2025-04-11 23:59:59.999000+00:00,1655577243580.95,189129017070.86,144270066487.63,60076087407.18
2025-04-12 11:59:59.999000+00:00,1657392868621.06,192366027212.33,144270365915.75,60077099261.29
2025-04-12 23:59:59.999000+00:00,1692832369410.95,198346809477.46,144358039977.06,60080217934.1
2025-04-13 11:59:59.999000+00:00,1676295818256.7,193421169758.89,144335128092.14,60053887768.18
2025-04-13 19:59:59.999000+00:00,1665816291203.98,191676572633.21,144339580777.55,60058339652.32
2025-04-14 07:59:59.999000+00:00,1678599686110.8,197332087166.29,144286874978.6,60084428599.44
2025-04-14 19:59:59.999000+00:00,1685013923906.63,197231370878.56,144282096083.01,60200803767.26
2025-04-15 07:59:59.999000+00:00,1700505508906.89,198459405046.19,144525569447.37,60237322215.96
2025-04-15 19:59:59.999000+00:00,1667762275746.87,194029831522.75,144571014396.04,60401758716.5
2025-04-16 07:59:59.999000+00:00,1654181368356.9,188785469106.96,144621725092.88,60397530217.67
2025-04-16 19:59:59.999000+00:00,1675178873965.07,191952796875.7,144624503479.58,60518270296.8
2025-04-17 03:59:59.999000+00:00,1667500145387.79,191265144374.42,144787918191.78,60456560803.8
2025-04-17 15:59:59.999000+00:00,1677602939516.58,191037254789.37,144800354758.01,60455276113.42
2025-04-18 03:59:59.999000+00:00,1683860262079.45,191232239162.61,144777765340.51,60872604630.14
2025-04-18 15:59:59.999000+00:00,1674804208082.02,191022289226.53,144785992066.85,60909496938.04
2025-04-19 03:59:59.999000+00:00,1685306110535.57,192898616299.94,144798653948.99,60902919741.96
2025-04-19 15:59:59.999000+00:00,1691225686325.05,193906674918.48,144618152378.5,60898990300.67
2025-04-20 03:59:59.999000+00:00,1690578878056.34,194461161938.7,144623416355.13,60903626562.95
2025-04-20 11:59:59.999000+00:00,1670244135802.94,189689883773.54,144627927524.2,60897738019.73
2025-04-20 23:59:59.999000+00:00,1690999727673.35,191615419575.44,144629108172.58,60910836226.54
2025-04-21 11:59:59.999000+00:00,1726659981068.08,196285489241.84,144624261119.02,60913440719.83
2025-04-21 23:59:59.999000+00:00,1737698002466.93,190696581804.8,144622385379.06,60931948402.29
2025-04-22 11:59:59.999000+00:00,1759492718580.04,196868616313.13,144713369934.32,60921002414.26
2025-04-22 23:59:59.999000+00:00,1854997709159.84,212112642017.76,144766798260.68,61734685834.4
2025-04-23 11:59:59.999000+00:00,1855204855750.8,216702068503.76,145295101672.39,61733173847.01
2025-04-23 19:59:59.999000+00:00,1858519545259.99,215740893099.68,145303198367.6,61628133357.45
2025-04-24 07:59:59.999000+00:00,1830928245535.94,211972320542.93,145667742535.95,61811724581.04
2025-04-24 19:59:59.999000+00:00,1860038890885.03,213244196956.3,145716420174.11,61929037063.35
2025-04-25 07:59:59.999000+00:00,1862426206414.7,214346660622.02,146057527533.88,62117674947.07
2025-04-25 19:59:59.999000+00:00,1892285913752.86,217353333203.13,146105112126.25,62297188995.94
2025-04-26 07:59:59.999000+00:00,1880068347862.28,217543732165.79,146071460196.24,62352014985.38
2025-04-26 15:59:59.999000+00:00,1874808660255.32,217452427647.55,147188298864.88,62348908318.18
2025-04-26 23:59:59.999000+00:00,1879642011224.54,219973481173.48,147198885836.68,62264376786.41
2025-04-27 03:59:59.999000+00:00,1870258929841.76,218470554728.78,147191106992.98,62216149771.71
2025-04-27 11:59:59.999000+00:00,1866476873679.73,218261981859.59,147164387058.19,62209153980.11
2025-04-27 15:59:59.999000+00:00,1865730221653.45,216674571107.02,147205679888.48,62099779669.5
2025-04-27 23:59:59.999000+00:00,1861696344787.47,216389226984.88,147179532204.93,62077792518.92
2025-04-28 03:59:59.999000+00:00,1864483147788.27,215504137442.47,147292567514.08,62080514153.33
2025-04-28 11:59:59.999000+00:00,1891892279921.15,219273274036.97,147310683872.89,62149821826.61
2025-04-28 15:59:59.999000+00:00,1863996878755.33,212607051510.53,147302035693.58,61986509327.65
2025-04-28 23:59:59.999000+00:00,1886098133222.49,217174195788.63,147288967237.7,62030377091.44
2025-04-29 03:59:59.999000+00:00,1880420578984.46,217606697250.34,148008066114.73,62019836474.74
2025-04-29 11:59:59.999000+00:00,1889876358328.52,220961974746.41,148031146048.32,62071502476.56
2025-04-29 15:59:59.999000+00:00,1883443107742.47,219231357852.2,148002929540.62,62040752009.14
2025-04-29 23:59:59.999000+00:00,1872332680247.73,217214710475.9,148014421643.31,62144179085.1
2025-04-30 07:59:59.999000+00:00,1878990319366.24,216819388858.67,148454714533.73,61960071580.23
2025-04-30 11:59:59.999000+00:00,1890958202970.07,219226142618.04,148447037151.27,61944612919.92
2025-04-30 19:59:59.999000+00:00,1870246969917.34,215808575533.5,148430180942.87,61570752104.59
2025-04-30 23:59:59.999000+00:00,1870909932833.95,216595386134.01,148448197073.21,61516639385.81
2025-05-01 07:59:59.999000+00:00,1887548952053.6,218766633388.76,148696989102.29,61537992574.19
2025-05-01 11:59:59.999000+00:00,1910669897331.95,222822087648.7,148739579904.64,61500061926.48
2025-05-01 19:59:59.999000+00:00,1917121940171.38,222461770663.23,148738866220.78,61389279738.43
2025-05-01 23:59:59.999000+00:00,1916269083424.81,222048818356.08,148728732135.86,61461832246.76
2025-05-02 07:59:59.999000+00:00,1914781676618.52,219429816184.84,148935120230.13,61428357254.87
2025-05-02 11:59:59.999000+00:00,1925714336047.1,221319698575.82,148938785295.91,61387371050.54
2025-05-02 19:59:59.999000+00:00,1926003077503.82,222019879019.05,148959521676.23,61533491467.42
2025-05-03 03:59:59.999000+00:00,1914222477965.5,221617331371.59,149237644002.38,61525814618.13
2025-05-03 07:59:59.999000+00:00,1913964029013.34,220639628530.01,149227708117.35,61514343995.39
2025-05-03 15:59:59.999000+00:00,1915300305478.89,221569866878.94,149216145650.95,61509577825.59
2025-05-03 19:59:59.999000+00:00,1914138303448.51,222029850484.31,149227244443.57,61515230496.99
2025-05-04 03:59:59.999000+00:00,1902800785076.44,221401199126.43,149395504801.9,61519341662.09
2025-05-04 07:59:59.999000+00:00,1904288205065.76,222210655184.61,149382484951.86,61510112088.58
2025-05-04 15:59:59.999000+00:00,1896132080722.12,221023471417.3,149376236236.96,61524037355.29
2025-05-04 19:59:59.999000+00:00,1898048704097.54,220805002024.18,149386675827.08,61522124082.84
2025-05-05 03:59:59.999000+00:00,1867971470125.49,216756585158.43,149350670239.08,61480354557.94
2025-05-05 07:59:59.999000+00:00,1881666929319.62,220478779352.29,149367038772.34,61529486207.47
2025-05-05 15:59:59.999000+00:00,1861109540255.41,217337262968.03,149352021945.98,61522873515.1
2025-05-05 23:59:59.999000+00:00,1881770981023.73,219701148988.05,149342322454.15,61782378048.44
2025-05-06 03:59:59.999000+00:00,1875927243766.46,218117906376.94,149344161519.13,61781241277.85
2025-05-06 11:59:59.999000+00:00,1862953583785.83,213438897293.62,149357665970.14,61751146774.91
2025-05-06 15:59:59.999000+00:00,1878033534121.35,213708831936.06,149415100483.32,61583886525.5
2025-05-06 23:59:59.999000+00:00,1922564634928.08,219131770881.32,149420199456.8,60956570771.68
2025-05-07 03:59:59.999000+00:00,1916576310091.69,220448890690.09,149424536011.72,60983389314.5
2025-05-07 11:59:59.999000+00:00,1926709769437.19,221653812857.38,149440974579.02,61032525609.51
2025-05-07 15:59:59.999000+00:00,1925979717589.83,219551427220.17,149441013791.96,61028483414.55
2025-05-07 23:59:59.999000+00:00,1927258114966.34,218712336455.29,149451195767.84,60943460755.2
2025-05-08 03:59:59.999000+00:00,1969168455535.99,229569502620.86,149507435709.36,60930511205.03
2025-05-08 11:59:59.999000+00:00,1975177217098.1,236271714871.24,149529152146.0,60909654299.41
2025-05-08 19:59:59.999000+00:00,2008767101957.17,256869428914.22,149507023301.41,60889256371.53
2025-05-08 23:59:59.999000+00:00,2050549647765.61,266350720974.52,149495117526.83,60868887829.19
2025-05-09 07:59:59.999000+00:00,2060260594688.21,285894141974.84,149766525561.78,60734148575.47
2025-05-09 11:59:59.999000+00:00,2046027079624.07,283695915325.95,149713535277.96,60665887510.52
2025-05-09 19:59:59.999000+00:00,2048509156715.11,281080830950.29,149738074516.91,60742951189.55
2025-05-09 23:59:59.999000+00:00,2045331412613.67,283212131327.46,149736248947.21,60697525510.47
2025-05-10 07:59:59.999000+00:00,2062096657237.45,290458073107.41,149745710858.31,60779667847.94
2025-05-10 11:59:59.999000+00:00,2054128657631.55,287769815747.08,149754189654.18,60779747435.38
2025-05-10 19:59:59.999000+00:00,2050008417573.23,301858148434.05,149898188259.11,60832894760.63
2025-05-10 23:59:59.999000+00:00,2079681907129.59,311812283815.93,149899989124.2,60808489568.83
2025-05-11 07:59:59.999000+00:00,2054365620991.97,298744167122.19,149879981475.5,60794155311.47
2025-05-11 15:59:59.999000+00:00,2068896691728.79,297488223680.48,149904653387.57,60788963386.75
2025-05-11 19:59:59.999000+00:00,2074512426446.04,302998348176.92,149910281853.83,60788909033.7
2025-05-12 03:59:59.999000+00:00,2067381154775.97,304117627412.89,149961686898.18,60771803030.94
2025-05-12 07:59:59.999000+00:00,2075096627104.59,308337176715.0,149969116579.05,60737123008.26
2025-05-12 15:59:59.999000+00:00,2036735802812.31,300060890174.67,150001065942.55,60549678885.53
2025-05-12 19:59:59.999000+00:00,2022278638585.04,297012509000.48,150056205822.57,60406967982.58
2025-05-13 03:59:59.999000+00:00,2021302836484.04,292994094047.35,150068415777.14,60871193319.57
2025-05-13 07:59:59.999000+00:00,2038936009960.0,297056791473.71,150054665860.62,60906922124.47
2025-05-13 15:59:59.999000+00:00,2059062773158.2,309859435207.19,150057350995.58,60803022876.4
2025-05-13 19:59:59.999000+00:00,2080156557502.61,324278772734.71,150104596759.33,60867520832.02
2025-05-14 03:59:59.999000+00:00,2057359790924.65,319490514056.94,150327204668.07,60841975238.34
2025-05-14 11:59:59.999000+00:00,2064269469707.53,316731727450.92,150322996502.65,60651826969.48
2025-05-14 15:59:59.999000+00:00,2055765717281.69,313425079269.66,150350328234.72,60685231966.42
2025-05-14 23:59:59.999000+00:00,2056779928150.06,315104897273.59,150375410302.86,60633498294.43
2025-05-15 03:59:59.999000+00:00,2041730817468.54,310943420333.67,150692975435.94,60618839391.05
2025-05-15 11:59:59.999000+00:00,2033669702466.84,308296704512.38,150685113110.02,60572921853.8
2025-05-15 15:59:59.999000+00:00,2050625007971.22,309646185066.07,150659171942.56,60445189471.87
2025-05-15 23:59:59.999000+00:00,2060734306805.03,307501964918.58,150669904319.04,60569087845.52
2025-05-16 03:59:59.999000+00:00,2066660481483.48,311712256636.4,151070241934.09,60609889480.65
2025-05-16 11:59:59.999000+00:00,2059567000405.06,316412930470.02,151094080525.0,60641895544.72
2025-05-16 15:59:59.999000+00:00,2068686185407.51,313081379689.49,151074679425.58,60796553845.77
2025-05-16 23:59:59.999000+00:00,2055844752493.61,306201938160.19,151091865546.96,60902143407.52
2025-05-17 07:59:59.999000+00:00,2055070708101.17,300790266445.22,151206645258.93,60906623771.72
2025-05-17 11:59:59.999000+00:00,2046409398730.81,299616810067.2,151240003221.68,60911906883.19
2025-05-17 19:59:59.999000+00:00,2050245107352.29,298476029368.45,151233450865.48,60886304839.1
2025-05-17 23:59:59.999000+00:00,2049838797922.8,298893909612.58,151250001046.19,60895411159.08
2025-05-18 07:59:59.999000+00:00,2064518315733.86,303044914540.36,151221078166.9,60870405887.52
2025-05-18 11:59:59.999000+00:00,2062548723824.03,302040751396.4,151315530007.85,60878046693.1
2025-05-18 19:59:59.999000+00:00,2064142953399.72,291069685786.82,151319403727.2,60862783021.56
2025-05-18 23:59:59.999000+00:00,2114273396994.7,301674095951.83,151335804939.69,60862212540.17
2025-05-19 07:59:59.999000+00:00,2050743843596.86,290238014601.84,151366898258.83,60656821622.89
2025-05-19 11:59:59.999000+00:00,2045739455302.84,292160489019.92,151370760505.07,60580817235.84
2025-05-19 19:59:59.999000+00:00,2095806096719.13,303556563231.89,151387254415.85,60615851033.52
2025-05-20 03:59:59.999000+00:00,2100980797722.08,308274857831.68,151577768125.57,60609189748.06
2025-05-20 07:59:59.999000+00:00,2087747255978.79,305728493964.87,151614615965.36,60627554551.63
2025-05-20 15:59:59.999000+00:00,2093671141539.42,299908661816.62,151607327858.18,60675763087.83
2025-05-20 19:59:59.999000+00:00,2126835783823.07,302245985728.36,151613107949.32,60692688978.13
2025-05-21 03:59:59.999000+00:00,2123942553226.56,307329412944.73,151637071873.98,60542685039.66
2025-05-21 07:59:59.999000+00:00,2117903075655.82,308213089477.32,151952952349.11,60531875542.81
2025-05-21 15:59:59.999000+00:00,2166111549417.97,310035312697.18,151929788934.17,60881018124.35
2025-05-21 19:59:59.999000+00:00,2161621506078.71,303905504959.98,151947445846.84,61224039166.56
2025-05-22 03:59:59.999000+00:00,2221333101403.43,318157469035.57,151942543174.03,61179494831.91
2025-05-22 07:59:59.999000+00:00,2207060590819.56,317977345791.79,152410455545.5,61098339038.19
2025-05-22 15:59:59.999000+00:00,2210085521719.61,321369099439.31,152403434823.14,61079420862.92
2025-05-22 23:59:59.999000+00:00,2218898497873.57,321626120281.28,152341836077.55,61317012175.78
2025-05-23 03:59:59.999000+00:00,2207972234135.76,328750533982.26,152387542507.84,61322216693.0
2025-05-23 11:59:59.999000+00:00,2167047545165.81,308945642524.2,152459584047.82,61174168944.17
2025-05-23 15:59:59.999000+00:00,2167688299685.42,310195304861.68,152496526339.5,61260965674.57
2025-05-23 23:59:59.999000+00:00,2131510862104.81,305001571950.0,152491907823.28,61725023593.91
2025-05-24 03:59:59.999000+00:00,2151765308304.94,307874401217.69,152683700364.39,61704956474.48
2025-05-24 11:59:59.999000+00:00,2169227761507.33,309466544405.0,152701588677.65,61713576684.84
2025-05-24 15:59:59.999000+00:00,2164478691665.8,308517503085.54,152723993129.41,61725563578.56
2025-05-24 23:59:59.999000+00:00,2141965387828.07,305544348106.31,152765508827.5,61735729993.41
2025-05-25 03:59:59.999000+00:00,2148616500405.57,303520111470.28,152778200575.75,61723937533.06
2025-05-25 11:59:59.999000+00:00,2131464823703.2,301525278912.2,152767951853.03,61713465195.68
2025-05-25 19:59:59.999000+00:00,2141565349911.92,305470828118.85,152773788300.14,61714195874.14
2025-05-25 23:59:59.999000+00:00,2166289174480.45,308017902682.78,152767081418.98,61703807785.48
2025-05-26 07:59:59.999000+00:00,2187193715085.35,311545381635.18,152771121335.32,61673821777.19
2025-05-26 11:59:59.999000+00:00,2180842157296.15,309903557570.38,152739046961.13,61663396014.64
2025-05-26 19:59:59.999000+00:00,2168732068781.93,306948191021.41,152759654737.54,61548786584.52
2025-05-26 23:59:59.999000+00:00,2174618146067.49,309558187628.49,152782704136.22,61545516838.69
2025-05-27 07:59:59.999000+00:00,2175539660111.69,314717070912.19,152775694930.53,61586615247.48
2025-05-27 11:59:59.999000+00:00,2177223171075.67,320072928150.1,152766335243.99,61536951960.29
2025-05-27 19:59:59.999000+00:00,2183354468634.96,324282107209.49,152795985379.63,61379309429.03
2025-05-27 23:59:59.999000+00:00,2165759917665.08,321493910372.99,152808277980.12,61391796334.95
2025-05-28 07:59:59.999000+00:00,2163015509838.65,318291338793.76,152969961718.73,61369545129.19
2025-05-28 15:59:59.999000+00:00,2128745701385.98,317271879027.59,152962817050.77,61355383323.04
2025-05-28 19:59:59.999000+00:00,2129055709849.6,316984377305.01,152927981392.32,61303111979.75
2025-05-29 03:59:59.999000+00:00,2146951365349.19,333151905587.45,152934919986.2,61242061057.04
2025-05-29 07:59:59.999000+00:00,2143438494469.13,329840631757.07,152945774569.12,61224424518.42
2025-05-29 15:59:59.999000+00:00,2127334196253.1,319142044653.21,152949551981.55,61352991664.72
2025-05-29 19:59:59.999000+00:00,2101312192721.1,320394429686.17,153013327461.44,61156335666.52
2025-05-30 03:59:59.999000+00:00,2106956844379.72,317578119235.21,153114001942.42,61053178115.22
2025-05-30 07:59:59.999000+00:00,2086042196290.09,316668529167.23,153098896887.69,61088087339.82
2025-05-30 15:59:59.999000+00:00,2097926264346.95,313740526476.61,153098307794.17,61078307155.46
2025-05-30 19:59:59.999000+00:00,2080742521221.48,311155705224.38,153104615366.8,61064280876.28
2025-05-31 03:59:59.999000+00:00,2060233272987.59,303389008804.77,153068199308.48,61034256541.42
2025-05-31 11:59:59.999000+00:00,2057011730416.98,304210091672.35,153074420334.29,61033147061.5
2025-05-31 15:59:59.999000+00:00,2078612625371.17,306289774039.92,153099432232.9,61003055838.25
2025-05-31 23:59:59.999000+00:00,2079433767578.83,305322676115.81,153089264116.36,60968211305.65
2025-06-01 03:59:59.999000+00:00,2075691556329.55,303632113422.45,153149923117.81,60967650535.5
2025-06-01 11:59:59.999000+00:00,2069004840059.64,301502640577.28,153175893426.21,60930486603.38
2025-06-01 15:59:59.999000+00:00,2081609554031.18,304737332885.76,153135476334.97,60907176392.23
2025-06-01 23:59:59.999000+00:00,2099597472488.37,306177993353.16,153132701932.85,60906762204.11
2025-06-02 03:59:59.999000+00:00,2084847772008.74,301559189419.52,153153001712.14,60903554891.25
2025-06-02 11:59:59.999000+00:00,2068133436662.41,299687101456.97,153210661557.79,60928968163.85
2025-06-02 15:59:59.999000+00:00,2075268276582.05,307173636801.0,153193108791.7,60927591234.97
2025-06-02 23:59:59.999000+00:00,2104387814851.39,314750525763.57,153220876778.91,61178682346.83
2025-06-03 07:59:59.999000+00:00,2091326956210.48,315145064849.53,153372488282.16,61111771279.25
2025-06-03 11:59:59.999000+00:00,2093112341291.74,314254834196.17,153385462546.02,61113707480.91
2025-06-03 19:59:59.999000+00:00,2112597678997.6,316956478857.13,153375933127.22,61464914909.18
2025-06-03 23:59:59.999000+00:00,2095409805425.64,313093905738.22,153398084136.58,61470978284.63
2025-06-04 07:59:59.999000+00:00,2094631950864.72,317331114607.3,153387014697.16,61464619989.09
2025-06-04 11:59:59.999000+00:00,2089886046915.26,317139641037.62,153387550468.38,61422002658.58
2025-06-04 19:59:59.999000+00:00,2088107843508.95,317241398550.19,153723541891.09,61487548517.76
2025-06-04 23:59:59.999000+00:00,2081863721656.37,314918757612.67,153797575051.81,61506392077.31
2025-06-05 07:59:59.999000+00:00,2077949525094.34,314453932390.99,153887677607.89,61495036353.59
2025-06-05 11:59:59.999000+00:00,2084464011859.13,314920725077.69,153895794607.84,61506950146.54
2025-06-05 19:59:59.999000+00:00,2027576086733.94,305578335132.29,153847084653.97,61300424795.76
2025-06-06 03:59:59.999000+00:00,2038107934616.35,296577787415.99,153908094317.08,61081667999.93
2025-06-06 07:59:59.999000+00:00,2050630748540.51,296417969212.74,153922288395.0,60997183886.25
2025-06-06 15:59:59.999000+00:00,2088852376468.97,302779961326.2,154208160118.64,61039011777.7
2025-06-06 19:59:59.999000+00:00,2071556165615.84,300387778905.61,154220648823.91,61053881904.38
2025-06-07 03:59:59.999000+00:00,2086098281863.18,300702156632.64,154581647938.29,61122786517.97
2025-06-07 07:59:59.999000+00:00,2085855026037.62,300905311930.57,154564619567.53,61108589097.78
2025-06-07 15:59:59.999000+00:00,2099185088091.95,304245535375.56,154553034771.2,61099603676.91
2025-06-07 19:59:59.999000+00:00,2102278282894.02,304009792567.45,154540502125.55,61093675150.45
2025-06-08 03:59:59.999000+00:00,2097783717323.57,303378295937.97,154838532967.02,61085046274.69
2025-06-08 07:59:59.999000+00:00,2096384742435.34,303549112932.58,154837457704.15,61082194391.57
2025-06-08 15:59:59.999000+00:00,2107680380574.09,303661898491.18,154843108842.75,61079109515.73
2025-06-08 23:59:59.999000+00:00,2102766527055.86,303116033270.06,154828982738.63,61056380786.76
2025-06-09 03:59:59.999000+00:00,2100752600575.13,301505386268.59,154836347485.55,61028035413.42
2025-06-09 11:59:59.999000+00:00,2142176387934.07,307033704828.63,154842314116.91,60966161869.08
2025-06-09 15:59:59.999000+00:00,2141668550621.94,306317355500.29,154854996781.26,61012036008.49
2025-06-09 23:59:59.999000+00:00,2192310434433.03,323692699196.23,154825196736.61,61034503882.59
2025-06-10 03:59:59.999000+00:00,2177889425093.61,324606658597.37,155210360417.97,60998123607.68
2025-06-10 11:59:59.999000+00:00,2177541581724.14,334960398220.88,155203362961.44,60978916132.36
2025-06-10 15:59:59.999000+00:00,2167165422002.92,329925486035.62,155208446164.94,60985534534.75
2025-06-10 23:59:59.999000+00:00,2191694012366.24,339682097824.21,155196624087.17,60983360894.36
2025-06-11 03:59:59.999000+00:00,2181203380670.62,336985015928.82,155188509386.64,60987683950.0
2025-06-11 11:59:59.999000+00:00,2171438654803.21,334697563025.42,155010708790.55,60940009902.68
2025-06-11 19:59:59.999000+00:00,2161243835037.0,339301013645.44,155069674261.25,61217559755.58
2025-06-11 23:59:59.999000+00:00,2160417335559.55,334834778705.72,155065646850.87,61238338656.86
2025-06-12 07:59:59.999000+00:00,2139083924427.14,331083967586.79,155173195251.85,61226861470.65
2025-06-12 11:59:59.999000+00:00,2125476956745.22,329542723959.64,155185200772.43,61153924163.62
2025-06-12 19:59:59.999000+00:00,2122330021945.7,325843202513.44,155204284541.03,61162577430.54
2025-06-12 23:59:59.999000+00:00,2105569011167.09,320144033677.27,155229947986.87,61088839059.51
2025-06-13 07:59:59.999000+00:00,2086104853795.28,305337649228.8,155236334873.67,61049327035.19
2025-06-13 11:59:59.999000+00:00,2087628411927.64,307166879182.81,155246820470.33,61054764475.73
2025-06-13 19:59:59.999000+00:00,2089338060426.75,305239193294.19,155212652446.58,61489709128.89
2025-06-13 23:59:59.999000+00:00,2109216518327.68,311427701465.83,155249757935.43,61683352727.79
2025-06-14 07:59:59.999000+00:00,2089898056581.65,306542179463.73,155532568916.32,61686162836.62
2025-06-14 15:59:59.999000+00:00,2084543104769.82,304035799239.09,155540161290.95,61679593681.94
2025-06-14 19:59:59.999000+00:00,2081951257244.35,302977090142.81,155527764546.64,61664770495.36
2025-06-15 03:59:59.999000+00:00,2097761838689.18,305661493958.57,155523228246.58,61663670186.2
2025-06-15 07:59:59.999000+00:00,2096882961658.44,305510586445.62,155498528580.97,61649809884.31
2025-06-15 15:59:59.999000+00:00,2098762861430.83,306682895167.53,155483748910.41,61634989231.96
2025-06-15 19:59:59.999000+00:00,2093153542007.74,306229206602.37,155483852443.3,61638608843.81
2025-06-16 03:59:59.999000+00:00,2105879527384.28,310217159297.61,155501570413.67,61581499312.67
2025-06-16 07:59:59.999000+00:00,2127795792937.95,317145590191.28,155482677944.56,61570368010.08
2025-06-16 15:59:59.999000+00:00,2135238267131.56,317803353190.08,155523223687.2,61599380246.76
2025-06-16 19:59:59.999000+00:00,2156710452887.98,320268977778.69,155557857942.79,61619633839.4
2025-06-17 03:59:59.999000+00:00,2139448766790.74,314743087949.55,155528058899.77,61637331659.96
2025-06-17 07:59:59.999000+00:00,2122733431391.1,311909778068.7,155498908494.7,61603353845.97
2025-06-17 15:59:59.999000+00:00,2072670041268.62,301668471921.86,155521902780.49,61604317985.75
2025-06-17 23:59:59.999000+00:00,2079279920319.98,303107908642.65,155511561381.8,61553524244.78
2025-06-18 03:59:59.999000+00:00,2090966638221.98,305086189592.72,155497647958.98,61528371259.47
2025-06-18 11:59:59.999000+00:00,2084440279676.37,303437774589.15,155604317001.71,61484832964.17
2025-06-18 15:59:59.999000+00:00,2084120983670.96,302880197400.25,155590717425.83,61478122503.61
2025-06-18 23:59:59.999000+00:00,2085154632114.4,304747629140.47,155597586266.57,61516608140.8
2025-06-19 03:59:59.999000+00:00,2090116345158.52,304982944384.29,155601083494.33,61520038744.61
2025-06-19 11:59:59.999000+00:00,2083669507091.17,305750056651.65,155750876966.38,61419032852.45
2025-06-19 15:59:59.999000+00:00,2070771708097.19,301022806319.02,155783469572.98,61402745316.02
2025-06-19 23:59:59.999000+00:00,2081173353267.23,304399901342.93,155744551133.7,61405870894.09
2025-06-20 03:59:59.999000+00:00,2080439041084.39,303996432804.46,155902579439.79,61260086632.35
2025-06-20 11:59:59.999000+00:00,2107741977957.24,307941873291.85,155902559266.16,61246917385.4
2025-06-20 19:59:59.999000+00:00,2057445833229.04,292591864079.49,155965208823.12,61229680582.42
2025-06-20 23:59:59.999000+00:00,2054066111075.51,290615792923.24,155967010491.9,61267788289.42
2025-06-21 07:59:59.999000+00:00,2057194495811.43,292956987544.99,155919816423.22,61278005362.3
2025-06-21 11:59:59.999000+00:00,2065637271282.94,294889096508.35,155891140488.65,61266333119.02
2025-06-21 19:59:59.999000+00:00,2033460160633.83,287930794179.37,155913966420.0,61258784536.87
2025-06-21 23:59:59.999000+00:00,2032178962104.98,277516651119.22,155964432106.48,61267548975.61
2025-06-22 07:59:59.999000+00:00,2037736165350.23,274208459758.93,155852771333.19,61266692850.08
2025-06-22 11:59:59.999000+00:00,2043522578687.89,274504258065.15,155857926957.22,61263251751.68
2025-06-22 19:59:59.999000+00:00,1966652424296.07,263685830002.5,155831653900.64,61244913086.91
2025-06-22 23:59:59.999000+00:00,2007868285979.24,269022834505.99,155844861557.56,61258642539.09
2025-06-23 07:59:59.999000+00:00,2027360544139.15,272651158023.29,156013927158.51,61260471332.6
2025-06-23 15:59:59.999000+00:00,2018130874424.62,271982595339.33,156029843811.29,61292641373.91
2025-06-23 19:59:59.999000+00:00,2053841461323.43,279830335607.39,156073089685.78,61543868899.72
2025-06-24 03:59:59.999000+00:00,2088306546533.54,289926089123.94,156062924836.45,61738017461.74
2025-06-24 07:59:59.999000+00:00,2087808662226.14,289152776516.29,156063257900.41,61697694422.09
2025-06-24 15:59:59.999000+00:00,2093196943206.63,294453739177.97,156399082999.06,61771640288.38
2025-06-24 19:59:59.999000+00:00,2099745607284.68,293699335868.87,156391960898.59,61866406415.18
2025-06-25 03:59:59.999000+00:00,2113846860274.75,295353626253.34,156419351097.13,61887144995.11
2025-06-25 07:59:59.999000+00:00,2121013853057.32,295349586458.67,156766893837.66,61725294088.08
2025-06-25 15:59:59.999000+00:00,2128439092029.58,290416684709.27,156769698587.45,61806369068.98
2025-06-25 19:59:59.999000+00:00,2142190076043.14,293397410063.29,156759571187.33,61808382738.03
2025-06-26 03:59:59.999000+00:00,2145415224424.49,300504368024.59,156781259520.3,61781332350.83
2025-06-26 11:59:59.999000+00:00,2134821515883.71,295909434666.69,156740695106.5,61781862748.06
2025-06-26 15:59:59.999000+00:00,2132593688613.61,293834041511.06,157258759217.38,61721013069.6
2025-06-26 23:59:59.999000+00:00,2126689663377.11,291658126824.84,157239312888.33,61700066797.35
2025-06-27 03:59:59.999000+00:00,2138029963628.8,295444289982.51,157541760548.12,61704973345.39
2025-06-27 11:59:59.999000+00:00,2128034145995.77,295348762475.98,157535469943.61,61672791702.37
2025-06-27 15:59:59.999000+00:00,2135443530837.31,294650699966.6,157544516304.02,61678516484.55
2025-06-27 23:59:59.999000+00:00,2129424241709.23,292611526212.54,157535293174.2,61723026677.02
2025-06-28 03:59:59.999000+00:00,2134429792481.17,292331646961.65,157532912821.7,61721351106.55
2025-06-28 11:59:59.999000+00:00,2135624575328.93,293183626176.31,157533254839.63,61713745608.49
2025-06-28 15:59:59.999000+00:00,2138375321038.58,294552613442.45,157538447017.58,61708680393.83
2025-06-28 23:59:59.999000+00:00,2134192283383.46,294203392796.49,157529594801.03,61708053392.63
2025-06-29 07:59:59.999000+00:00,2135185982466.93,294518756329.58,157611827306.04,61697991282.25
2025-06-29 11:59:59.999000+00:00,2156744966085.0,297270108694.95,157622084365.6,61707630931.01
2025-06-29 19:59:59.999000+00:00,2136686947511.7,294346415522.64,157595902627.05,61678183970.24
2025-06-29 23:59:59.999000+00:00,2155239518940.18,301867694928.4,157608945726.65,61682736877.98
2025-06-30 07:59:59.999000+00:00,2140778205398.47,299538584933.39,157710908144.17,61631598158.04
2025-06-30 11:59:59.999000+00:00,2141161235700.7,297010532272.66,157723322773.89,61631626311.26
2025-06-30 19:59:59.999000+00:00,2142686367671.14,303838914780.08,157714015674.12,61544722193.98
2025-06-30 23:59:59.999000+00:00,2130649407200.56,300156161035.07,157739866084.94,61504303980.44
2025-07-01 07:59:59.999000+00:00,2131353453920.14,297672157824.93,157757416583.52,61481856440.73
2025-07-01 11:59:59.999000+00:00,2120073777500.96,295596507889.69,157751246071.59,61512122351.68
2025-07-01 19:59:59.999000+00:00,2097715775373.99,291104433338.22,157796219267.42,61656037933.59
2025-07-02 03:59:59.999000+00:00,2111944434807.16,293390739797.57,157855759926.56,61623155115.27
2025-07-02 07:59:59.999000+00:00,2131029215619.81,295586413367.09,157871436465.31,61671700381.32
2025-07-02 15:59:59.999000+00:00,2163556332267.35,301949015294.02,157907935417.23,61739481328.21
2025-07-02 19:59:59.999000+00:00,2181197525565.53,313851139676.3,157908045580.59,61800054324.95
2025-07-03 03:59:59.999000+00:00,2161549071533.83,309244831843.08,158351378938.88,61672106391.41
2025-07-03 07:59:59.999000+00:00,2174044448965.36,313926892738.66,158317822676.25,61660619590.22
2025-07-03 15:59:59.999000+00:00,2170925430989.74,310334905426.4,158327433314.59,61718528106.1
2025-07-03 19:59:59.999000+00:00,2184006508890.69,312332660902.01,158335244369.14,62060696616.49
2025-07-04 03:59:59.999000+00:00,2173671101446.78,311414328317.26,158507462694.48,62162536070.24
2025-07-04 07:59:59.999000+00:00,2162828817697.69,306286543802.8,158477961674.84,62164981632.98
2025-07-04 15:59:59.999000+00:00,2141515151907.37,302080492301.99,158495057458.14,62198921997.42
2025-07-04 23:59:59.999000+00:00,2148181204989.38,302770026673.42,158459840366.63,62150890419.22
2025-07-05 03:59:59.999000+00:00,2152003145110.91,304109267810.42,158668771364.63,62151251470.29
2025-07-05 11:59:59.999000+00:00,2151521929100.88,304246536682.2,158652521036.16,62188713295.96
2025-07-05 15:59:59.999000+00:00,2149799140920.01,302719184099.72,158634494840.38,62171568128.88
2025-07-05 23:59:59.999000+00:00,2152514555350.06,303878452368.58,158637361869.06,62213446724.3
2025-07-06 03:59:59.999000+00:00,2149695426046.67,303654519506.55,158640342578.61,62216540902.08
2025-07-06 11:59:59.999000+00:00,2149841161818.26,303780467781.88,158618501437.2,62248768060.71
2025-07-06 15:59:59.999000+00:00,2166221240999.48,308820737207.53,158620809703.43,62244296650.61
2025-07-06 23:59:59.999000+00:00,2172541130547.62,310410971807.55,158665833864.47,62234892215.55
2025-07-07 03:59:59.999000+00:00,2175692600869.76,311116887753.05,158647814982.05,62194637514.28
2025-07-07 11:59:59.999000+00:00,2161728010786.7,309594725859.67,158643382477.2,62111029136.52
2025-07-07 19:59:59.999000+00:00,2150827428179.77,307296506954.66,158594901515.74,62052534253.19
2025-07-07 23:59:59.999000+00:00,2153955280582.39,306979770240.64,158583050627.31,61997804292.73
2025-07-08 07:59:59.999000+00:00,2157504819788.9,308075556609.09,158664377402.96,61974703882.59
2025-07-08 11:59:59.999000+00:00,2163542488247.36,310876115911.66,158665249131.35,61961018420.52
2025-07-08 19:59:59.999000+00:00,2163525906959.57,314846260609.62,158670946783.99,61980063424.08
2025-07-08 23:59:59.999000+00:00,2166970209725.65,315735197044.02,158692289197.21,61969371238.14
2025-07-09 07:59:59.999000+00:00,2162650985895.66,316908406861.13,158708851950.53,61948825458.77
2025-07-09 11:59:59.999000+00:00,2169655149439.0,317218250499.72,158698063973.69,61914037564.41
2025-07-09 19:59:59.999000+00:00,2223294975073.03,333837453956.66,158715385728.89,62059110905.69
2025-07-09 23:59:59.999000+00:00,2214343274520.85,334473818049.21,158756529519.89,62389551768.7
2025-07-10 07:59:59.999000+00:00,2213198960862.31,337162291294.69,158851076840.49,62582097584.26
2025-07-10 15:59:59.999000+00:00,2216869964132.44,334507369616.97,158867376295.22,62561709393.91
2025-07-10 19:59:59.999000+00:00,2256311900370.04,340589312950.96,158887399772.43,62805007887.9
2025-07-11 03:59:59.999000+00:00,2324085042131.8,358422671519.13,159084850075.14,62823450073.54
2025-07-11 07:59:59.999000+00:00,2339739891135.35,359371593925.42,159136189288.35,62859844803.75
2025-07-11 15:59:59.999000+00:00,2326591699972.06,355892617738.96,159089429900.04,62886964538.06
2025-07-11 19:59:59.999000+00:00,2347722727980.78,362581823373.41,159147688737.31,63523562658.02
2025-07-12 03:59:59.999000+00:00,2341489397701.51,357681438581.65,159088349823.07,63545361522.43
2025-07-12 07:59:59.999000+00:00,2342410584306.22,357842098165.25,159155826900.06,63617208676.43
2025-07-12 15:59:59.999000+00:00,2330495149275.35,351952513471.92,159443869007.64,63621373587.63
2025-07-12 19:59:59.999000+00:00,2338541447019.14,354891905969.95,159418058239.93,63619407455.94
2025-07-13 03:59:59.999000+00:00,2343087241724.54,356891259428.32,159529066581.08,63632975447.19
2025-07-13 11:59:59.999000+00:00,2347994447850.28,357748281040.22,159496683708.46,63622242519.67
2025-07-13 15:59:59.999000+00:00,2361790238800.53,361572095704.18,159531721199.38,63653577924.14
2025-07-13 23:59:59.999000+00:00,2369444812889.26,358913143072.06,159549358546.54,63654324499.17
2025-07-14 03:59:59.999000+00:00,2402666095587.9,366699212241.22,159555499952.41,63554588643.29
2025-07-14 11:59:59.999000+00:00,2416654037524.6,369018577352.19,159519988020.89,63383436808.57
2025-07-14 15:59:59.999000+00:00,2383633732299.55,363518250148.35,159544550857.65,63462761758.15
2025-07-14 23:59:59.999000+00:00,2384182852789.83,363749649349.02,159537318743.58,63388899803.52
2025-07-15 03:59:59.999000+00:00,2332628587235.19,356292052041.44,159536717422.72,63373239792.85
2025-07-15 11:59:59.999000+00:00,2330234943475.39,359795442484.29,159878472118.65,62844379339.07
2025-07-15 15:59:59.999000+00:00,2315169255116.93,366806284440.19,159851241547.94,62546172065.22
2025-07-15 23:59:59.999000+00:00,2342931256280.44,379030219975.84,159899182139.55,62369711353.0
2025-07-16 07:59:59.999000+00:00,2350931465380.07,382037594854.71,160002720150.06,62774825005.29
2025-07-16 11:59:59.999000+00:00,2362618479737.84,380329152070.62,159998685842.72,62770469974.13
2025-07-16 19:59:59.999000+00:00,2372391825720.37,407730186928.06,160056824623.08,63459829824.3
2025-07-16 23:59:59.999000+00:00,2362105115509.25,406988666859.61,160045847403.64,63484745314.03
2025-07-17 07:59:59.999000+00:00,2355483601201.69,416519707823.63,160300838108.04,63503591044.08
2025-07-17 11:59:59.999000+00:00,2348066108407.42,414587260450.41,160298607938.58,63477341080.99
2025-07-17 19:59:59.999000+00:00,2366516787051.85,411584070702.3,160350857786.46,64007300300.57
2025-07-17 23:59:59.999000+00:00,2373010088202.67,419615180093.23,160374336887.35,64728259880.82
2025-07-18 07:59:59.999000+00:00,2377937041089.42,436557533783.2,160387414389.38,64527799341.73
2025-07-18 11:59:59.999000+00:00,2372053405017.91,436217546212.95,160334994499.44,64452654530.4
2025-07-18 19:59:59.999000+00:00,2336651527055.48,429268037058.71,160936620537.83,64602857032.14
2025-07-19 03:59:59.999000+00:00,2354633329607.74,433933272660.71,160890167152.76,64784362890.75
2025-07-19 07:59:59.999000+00:00,2352528064041.45,431499715734.72,160912551628.98,64771752173.7
2025-07-19 15:59:59.999000+00:00,2350034156160.67,429196313959.85,161630506024.12,64770119847.31
2025-07-19 19:59:59.999000+00:00,2348852946570.73,431851255654.37,161636925528.67,64743085442.65
2025-07-20 03:59:59.999000+00:00,2348135363531.28,442263953224.61,161682226131.14,64598339866.86
2025-07-20 07:59:59.999000+00:00,2349049969014.27,443233250952.28,161662456936.06,64580115528.94
2025-07-20 15:59:59.999000+00:00,2362116507423.38,457152344713.71,161639577189.3,64443950251.87
2025-07-20 19:59:59.999000+00:00,2352654375573.19,453720166885.98,161655744359.82,64451682353.19
2025-07-21 03:59:59.999000+00:00,2356281373536.27,453484589842.71,161700281947.56,64448139343.07
2025-07-21 07:59:59.999000+00:00,2374333115032.71,457381690531.74,161707304251.7,64391424545.91
2025-07-21 15:59:59.999000+00:00,2354835350841.26,460118177118.59,161737154288.49,64461112995.41
2025-07-21 23:59:59.999000+00:00,2336270166954.78,454224062360.47,161704372727.75,64750259096.94
2025-07-22 03:59:59.999000+00:00,2331928700437.18,450216344541.6,161724041407.41,64671546569.23
2025-07-22 11:59:59.999000+00:00,2371571208158.17,447797268378.61,162015701334.27,64579267336.9
2025-07-22 15:59:59.999000+00:00,2366301826645.43,448688251324.43,162017504386.56,64622811002.65
2025-07-22 23:59:59.999000+00:00,2387475839645.87,452576146479.47,161988929241.79,64754808382.44
2025-07-23 03:59:59.999000+00:00,2360174688668.08,450186819176.01,162011643754.46,64747859435.88
2025-07-23 11:59:59.999000+00:00,2359652332799.92,443640007113.5,162023951861.22,64683495063.68
2025-07-23 15:59:59.999000+00:00,2359054358315.25,439845340179.25,162048920216.99,64708781839.81
2025-07-23 23:59:59.999000+00:00,2363126358024.41,438149668614.74,162005771551.85,64671598505.06
2025-07-24 03:59:59.999000+00:00,2359187272125.95,440126622600.52,162600950075.62,64691764221.53
2025-07-24 11:59:59.999000+00:00,2361966319149.49,441899234806.03,162608658254.29,64715274742.35
2025-07-24 19:59:59.999000+00:00,2369143714617.62,451179676791.95,162621086250.76,65115371334.71
2025-07-24 23:59:59.999000+00:00,2355161768776.72,447597686758.32,162626179587.05,65137320188.98
2025-07-25 07:59:59.999000+00:00,2291176439412.03,437802733121.71,162529444424.48,64882414799.01
2025-07-25 11:59:59.999000+00:00,2320016421900.35,449525881302.88,163081630971.65,64463366983.32
2025-07-25 19:59:59.999000+00:00,2323295866180.63,440158722988.44,163091760147.59,64083020039.35
2025-07-25 23:59:59.999000+00:00,2340833108360.89,449918713302.14,163086909787.0,64033550627.36
2025-07-26 07:59:59.999000+00:00,2335183760715.15,451806507311.31,163085145329.03,64255340688.77
2025-07-26 11:59:59.999000+00:00,2344504649414.81,451569846616.36,163092703892.34,64252499332.24
2025-07-26 19:59:59.999000+00:00,2353403704425.23,453207643552.31,163360642907.22,64278807687.13
2025-07-26 23:59:59.999000+00:00,2346856092637.38,451610834911.67,163356697184.4,64301854923.83
2025-07-27 07:59:59.999000+00:00,2351042909385.07,454961947636.56,163638052275.32,64297619753.56
2025-07-27 15:59:59.999000+00:00,2360398607417.69,461215169514.55,163636844404.93,64293433505.48
2025-07-27 19:59:59.999000+00:00,2368175601766.66,462381009051.23,163637993034.71,64299789666.24
2025-07-28 03:59:59.999000+00:00,2373928320719.45,468318575053.96,163646921947.36,64253807125.62
2025-07-28 07:59:59.999000+00:00,2366005176616.55,469879239740.53,163606573582.76,64224689625.97
2025-07-28 15:59:59.999000+00:00,2351952432025.79,459742869348.39,163591287366.35,63963675916.72
2025-07-28 19:59:59.999000+00:00,2348059486858.26,458356128394.33,163579408461.55,63866505065.69
2025-07-29 03:59:59.999000+00:00,2363970274751.35,458176487756.4,163676586209.25,63898488160.24
2025-07-29 07:59:59.999000+00:00,2365239436872.63,467623883047.02,163647358551.7,63840505079.1
2025-07-29 15:59:59.999000+00:00,2336468130803.92,454340073424.56,163646617452.03,63905472504.0
2025-07-29 19:59:59.999000+00:00,2339565333821.18,455383186616.53,163630322517.66,63893622273.73
2025-07-30 03:59:59.999000+00:00,2351273605489.04,460718033379.16,163736392972.19,63776389744.52
2025-07-30 11:59:59.999000+00:00,2339202452946.8,453513728748.16,163731772362.67,63789428717.16
2025-07-30 15:59:59.999000+00:00,2347696564858.72,458382341392.84,163753574704.87,63847695810.52
2025-07-30 23:59:59.999000+00:00,2344840211128.15,459695517568.3,163752091710.22,64023386506.67
2025-07-31 03:59:59.999000+00:00,2356758086262.46,466117215004.06,163740321033.44,63913467418.94
2025-07-31 11:59:59.999000+00:00,2354991949861.48,463106544107.17,163711418972.66,63921725911.43
2025-07-31 15:59:59.999000+00:00,2353955710559.1,457119246440.05,163737063391.36,64076652253.49
2025-07-31 23:59:59.999000+00:00,2303212731755.83,446162311475.96,163720813629.42,64118105570.85
2025-08-01 03:59:59.999000+00:00,2301260146087.96,447225999636.66,163744938022.76,64064447014.99
2025-08-01 11:59:59.999000+00:00,2293164346697.53,439485871050.46,163696788788.97,64008009179.32
2025-08-01 15:59:59.999000+00:00,2296333151695.32,436557882867.06,163695669953.97,64045518278.52
2025-08-01 23:59:59.999000+00:00,2255135680883.85,421030588127.7,163800595448.09,64250399367.88
2025-08-02 07:59:59.999000+00:00,2268089612722.89,424773134671.78,163839691067.17,64220149678.59
2025-08-02 11:59:59.999000+00:00,2263614960639.88,423550151312.45,163850076791.58,64220375605.76
2025-08-02 19:59:59.999000+00:00,2234318582668.02,408901093373.27,163850801866.38,64205004237.37
2025-08-02 23:59:59.999000+00:00,2239374886795.05,409537162852.36,163848417003.03,64198872643.49
2025-08-03 07:59:59.999000+00:00,2262136529938.09,416981763065.65,163854876920.68,64188173442.87
2025-08-03 11:59:59.999000+00:00,2266468177177.41,420693969478.8,163903847168.4,64202510184.29
2025-08-03 19:59:59.999000+00:00,2274652183217.7,421791610940.4,163896806781.49,64182839934.56
2025-08-04 03:59:59.999000+00:00,2280838787470.8,429467127668.44,163896934382.97,64164192916.3
2025-08-04 11:59:59.999000+00:00,2278413117459.2,429277854452.28,163909570775.78,64163487523.04
2025-08-04 15:59:59.999000+00:00,2285708552902.14,440483970120.85,163934320330.12,64100388128.46
2025-08-04 23:59:59.999000+00:00,2290168688367.51,449017764697.28,163891958855.27,64372747306.7
2025-08-05 03:59:59.999000+00:00,2273954941590.0,440956968657.46,163892228691.67,64382861588.16
2025-08-05 11:59:59.999000+00:00,2285158561245.16,443271864766.63,163876221093.56,64371403867.82
2025-08-05 19:59:59.999000+00:00,2262645485328.17,431423729724.03,163874567327.24,64668502615.16
2025-08-05 23:59:59.999000+00:00,2271682684065.46,436007565863.54,163881155061.71,64579280949.87
2025-08-06 07:59:59.999000+00:00,2273000323097.01,439420428797.02,163876807044.75,64606796211.74
2025-08-06 11:59:59.999000+00:00,2273065116077.65,436764620712.42,163806746455.43,64601729142.87
2025-08-06 19:59:59.999000+00:00,2292908704597.3,444155701624.03,163833139198.01,64540010782.55
2025-08-06 23:59:59.999000+00:00,2289426220057.24,444700876656.44,163852166995.91,64659249599.39
2025-08-07 07:59:59.999000+00:00,2285053879569.33,446835334408.41,164069952949.47,64618079799.09
2025-08-07 11:59:59.999000+00:00,2319895429535.67,462422763435.6,164066380406.59,64651824737.96
2025-08-07 19:59:59.999000+00:00,2338523696888.23,466828423775.44,164113190680.83,64753438555.08
2025-08-07 23:59:59.999000+00:00,2338757036672.32,472469627315.5,164087947264.97,64789806887.11
2025-08-08 07:59:59.999000+00:00,2326271307535.95,472762818511.23,164386139193.5,64702523243.98
2025-08-08 15:59:59.999000+00:00,2313408228697.99,477413698482.28,164354428931.4,64772937076.26
2025-08-08 19:59:59.999000+00:00,2317545894920.2,489520689553.62,164368734567.38,65070346237.18
2025-08-09 03:59:59.999000+00:00,2316783497870.07,488993258778.65,164503423687.5,65300955120.73
2025-08-09 07:59:59.999000+00:00,2324024541935.26,503469597869.04,164500191151.42,65294493502.88
2025-08-09 15:59:59.999000+00:00,2326304596789.56,507884466008.12,164518298678.02,65310183693.84
2025-08-09 19:59:59.999000+00:00,2320233392821.7,514167639710.34,164545046367.21,65281687691.92
2025-08-10 03:59:59.999000+00:00,2357616091059.61,512214951508.46,164537314519.04,65280925582.91
2025-08-10 07:59:59.999000+00:00,2345096484334.33,505251229918.4,164511968317.9,65248595975.93
2025-08-10 15:59:59.999000+00:00,2364614958973.94,509248120396.07,164518939261.73,65221721613.12
2025-08-10 19:59:59.999000+00:00,2362393610438.18,513578589855.76,164535027612.16,65225093956.79
2025-08-11 03:59:59.999000+00:00,2424779973370.68,520399449372.44,164566063915.49,65211321072.54
2025-08-11 11:59:59.999000+00:00,2399855687265.52,505479567713.25,164516325334.37,65128499300.07
2025-08-11 15:59:59.999000+00:00,2394526854602.66,522067117775.55,164514792611.19,65132937885.82
2025-08-11 23:59:59.999000+00:00,2363082431521.65,510261671402.07,164579487247.51,65587120152.51
2025-08-12 03:59:59.999000+00:00,2365165469254.7,517327919162.03,164613335361.79,65574426165.79
2025-08-12 11:59:59.999000+00:00,2359533320926.64,518273101836.08,164608982821.59,65627392296.81
2025-08-12 15:59:59.999000+00:00,2387088970339.3,539499382852.46,164618090470.65,65826288381.33
2025-08-12 23:59:59.999000+00:00,2391997268648.95,554132792673.6,164594824956.11,66403214957.28
2025-08-13 03:59:59.999000+00:00,2378213721258.07,560949853661.22,165005167573.85,66450534497.68
2025-08-13 11:59:59.999000+00:00,2400720080902.33,565698697128.2,165010914803.56,66298611261.48
2025-08-13 15:59:59.999000+00:00,2407783341642.68,562550414091.11,165022306398.76,66305718591.32
2025-08-13 23:59:59.999000+00:00,2455190057730.02,574095286516.75,165076437705.9,67039298447.3
2025-08-14 07:59:59.999000+00:00,2425048604617.9,573204587304.15,165081683275.16,67045391271.05
2025-08-14 11:59:59.999000+00:00,2408491444387.28,569518087324.31,165077100778.21,67132446786.36
2025-08-14 19:59:59.999000+00:00,2351520087711.48,548730071216.17,165099812519.93,67306706525.31
2025-08-14 23:59:59.999000+00:00,2356244699277.73,549111223432.85,165149636818.6,67671730058.39
2025-08-15 07:59:59.999000+00:00,2369668773272.34,560199286950.36,165142343725.51,67744221674.64
2025-08-15 11:59:59.999000+00:00,2370743880093.38,560052079439.34,165962865812.85,67772268525.76
2025-08-15 19:59:59.999000+00:00,2329109052577.62,529968542221.44,165942730737.17,68033221226.09
2025-08-15 23:59:59.999000+00:00,2337039020728.36,535943432536.88,165960026353.58,68175264471.57
2025-08-16 07:59:59.999000+00:00,2343383430866.79,538091377659.67,165974852189.11,68172497961.38
2025-08-16 11:59:59.999000+00:00,2338071973253.13,529887363149.11,166505984621.42,68165237805.43
2025-08-16 19:59:59.999000+00:00,2344442742013.79,534035204457.85,166515604576.81,68188371395.41
2025-08-17 03:59:59.999000+00:00,2344405100484.81,537653393680.83,166774642927.07,68180112161.66
2025-08-17 07:59:59.999000+00:00,2350502812514.69,539529173361.73,166782223532.22,68183430222.08
2025-08-17 15:59:59.999000+00:00,2355413356351.4,550950329088.25,166735702112.9,68161782492.61
2025-08-17 19:59:59.999000+00:00,2341751124816.89,538287411831.43,166752500683.37,68175662934.28
2025-08-18 03:59:59.999000+00:00,2297515169421.05,522149707518.59,166852401851.51,68156768973.84
2025-08-18 07:59:59.999000+00:00,2295152980035.44,514398404962.37,166822097248.8,68130422462.49
2025-08-18 15:59:59.999000+00:00,2313114578496.53,524570935426.26,166833368482.65,68176314498.4
2025-08-18 19:59:59.999000+00:00,2316682424773.24,526221539496.05,166840347090.89,68300276865.4
2025-08-19 03:59:59.999000+00:00,2288414090044.1,509681048068.79,167154079957.26,68408839669.85
2025-08-19 07:59:59.999000+00:00,2289493043221.43,511066052149.28,167103362169.0,68375132322.0
2025-08-19 15:59:59.999000+00:00,2265341477315.84,506178813471.51,167057230884.31,68383480899.67
2025-08-19 23:59:59.999000+00:00,2246264081038.23,491663054626.25,167066195879.05,67943806537.34
2025-08-20 03:59:59.999000+00:00,2260473987913.68,500131429749.06,166997475851.75,67821956400.58
2025-08-20 11:59:59.999000+00:00,2261587415804.01,505806264850.25,167001627185.64,67818886674.85
2025-08-20 15:59:59.999000+00:00,2257158582666.67,513466570469.87,167013842495.88,67570441882.76
2025-08-20 23:59:59.999000+00:00,2275137450832.98,523215646295.11,167021610353.37,67505181200.26
2025-08-21 03:59:59.999000+00:00,2269481485792.15,518483102971.33,167099768036.01,67480059900.62
2025-08-21 11:59:59.999000+00:00,2252661089561.25,516798220950.7,167041061269.81,67496576471.56
2025-08-21 15:59:59.999000+00:00,2245539362645.47,511791238908.77,167048745501.18,67343740872.18
2025-08-21 23:59:59.999000+00:00,2238516228088.39,509836385509.81,167014719463.4,67139615049.74
2025-08-22 03:59:59.999000+00:00,2247263892208.79,516201798081.87,167010956863.4,67094778236.76
2025-08-22 11:59:59.999000+00:00,2236021635967.54,516223322642.28,167015152362.89,67055392320.98
2025-08-22 19:59:59.999000+00:00,2322328895231.79,585650366675.78,167067217380.61,67227905521.2
2025-08-22 23:59:59.999000+00:00,2326822823274.44,583148723755.25,167011343722.2,67573432407.12
2025-08-23 07:59:59.999000+00:00,2304330147194.94,568815654797.45,167072855450.36,67547568149.73
2025-08-23 11:59:59.999000+00:00,2293517662251.22,566892382528.05,167093009474.49,67545955940.59
2025-08-23 19:59:59.999000+00:00,2291497691115.75,574285782462.72,167085675531.55,67559896546.36
2025-08-23 23:59:59.999000+00:00,2297430001314.73,576582791135.54,167094618258.53,67560757228.59
2025-08-24 07:59:59.999000+00:00,2287410581709.93,574594850744.79,167121838907.89,67536344898.38
2025-08-24 11:59:59.999000+00:00,2283998906067.67,572951896041.07,167109278095.7,67531098646.95
2025-08-24 19:59:59.999000+00:00,2238973513478.25,579563761513.83,167098989910.71,67520583922.92
2025-08-24 23:59:59.999000+00:00,2259049760359.11,576952432427.06,167129154657.97,67462908492.14
2025-08-25 07:59:59.999000+00:00,2219257250585.84,553839948340.34,167102114050.37,67402216782.99
2025-08-25 15:59:59.999000+00:00,2233854033286.61,556585569103.66,167132851923.97,67359479399.35
2025-08-25 19:59:59.999000+00:00,2205933223733.7,535961185475.55,167148392447.55,67676965446.34
2025-08-26 03:59:59.999000+00:00,2187383126038.06,530912118569.97,167176498264.3,68043489650.42
2025-08-26 07:59:59.999000+00:00,2196184750830.74,534267673953.52,167175115491.76,68082141932.51
2025-08-26 15:59:59.999000+00:00,2184303235257.93,545602415748.26,167170980592.84,68094727082.51
2025-08-26 19:59:59.999000+00:00,2213142705009.56,553673383397.99,167207512391.08,68669820857.46
2025-08-27 03:59:59.999000+00:00,2219831622687.35,556314416234.57,167247446605.8,69039524154.1
2025-08-27 07:59:59.999000+00:00,2203783062976.36,552357183159.69,167186528476.27,69002726934.38
2025-08-27 15:59:59.999000+00:00,2230641713872.8,562412996165.4,167240534277.73,69143424740.78
2025-08-27 19:59:59.999000+00:00,2230482826417.12,551445329367.23,167199650060.84,69230911576.72
2025-08-28 03:59:59.999000+00:00,2230523898589.67,548574263047.1,167337752532.35,69320992484.25
2025-08-28 11:59:59.999000+00:00,2248487809614.1,554399310901.39,167329671663.49,69296700869.89
2025-08-28 15:59:59.999000+00:00,2243204200804.14,543829588525.84,167340970121.8,69450422930.08
2025-08-28 23:59:59.999000+00:00,2241214229395.23,544101729769.36,167342408063.6,70631912731.03
2025-08-29 03:59:59.999000+00:00,2225615250961.2,542729145665.37,167392324491.68,70645649388.86
2025-08-29 11:59:59.999000+00:00,2191920476298.61,524607915089.29,167369764651.9,70708550768.93
2025-08-29 15:59:59.999000+00:00,2159625234519.99,521868445644.88,167432779479.88,70770036950.69
2025-08-29 23:59:59.999000+00:00,2158807975372.9,526291928849.62,167380570447.03,71549338006.36
2025-08-30 03:59:59.999000+00:00,2158858519151.83,525443676725.97,167586335863.52,71544369323.01
2025-08-30 11:59:59.999000+00:00,2164786123869.4,530110770988.35,167600204053.28,71561403890.31
2025-08-30 15:59:59.999000+00:00,2167882650652.72,527987971066.41,167605804671.52,71547680145.29
2025-08-30 23:59:59.999000+00:00,2167007351838.78,528078576811.14,167620364446.54,71544102637.46
2025-08-31 07:59:59.999000+00:00,2164993800189.82,537404053682.04,167590094949.19,71525586365.53
2025-08-31 11:59:59.999000+00:00,2158687176250.46,540408373641.11,168007662475.89,71516025330.98
2025-08-31 19:59:59.999000+00:00,2169133531643.36,537809917621.94,168014409212.46,71549102680.78
2025-08-31 23:59:59.999000+00:00,2155311534755.2,529856769359.84,168000085051.0,71543115152.24
2025-09-01 07:59:59.999000+00:00,2177912411356.91,537767225607.02,168026740718.8,71612686190.68
2025-09-01 11:59:59.999000+00:00,2166693579329.47,530431833048.56,168024430402.01,71603873517.01
2025-09-01 19:59:59.999000+00:00,2174916145765.9,527248422954.82,168016993105.73,71519640281.96
2025-09-01 23:59:59.999000+00:00,2175562358172.14,520775274676.21,168016393641.71,71516584098.48
2025-09-02 07:59:59.999000+00:00,2194053014373.7,528070673497.68,168054807814.87,71670241545.26
2025-09-02 11:59:59.999000+00:00,2183348867735.98,524392134352.38,168043927319.02,71785009543.26
2025-09-02 19:59:59.999000+00:00,2204458881340.76,515601458753.47,168009807401.24,72025473184.38
2025-09-03 03:59:59.999000+00:00,2211935689636.22,521571846043.24,168030509607.34,72028654401.43
2025-09-03 07:59:59.999000+00:00,2212728720266.07,520470544314.08,168044076288.1,72039544340.7
2025-09-03 15:59:59.999000+00:00,2235329488845.2,541237196433.61,168171444272.87,72138057675.05
2025-09-03 19:59:59.999000+00:00,2235039409429.15,540405462575.01,168227069322.75,72423841303.54
2025-09-04 03:59:59.999000+00:00,2214938873024.87,531038684741.1,168196975222.35,72684180692.02
2025-09-04 07:59:59.999000+00:00,2201598367992.59,528154290992.53,168200109371.61,72701082514.1
2025-09-04 15:59:59.999000+00:00,2181338913416.02,519894758810.44,168330627384.39,72582219406.43
2025-09-04 19:59:59.999000+00:00,2188702650826.26,516488949129.77,168328275579.45,72536350844.82
2025-09-05 03:59:59.999000+00:00,2216790194733.08,522434656959.57,168334634228.48,72585661036.09
2025-09-05 07:59:59.999000+00:00,2249889510079.75,533763973293.43,168333892113.72,72600852883.74
2025-09-05 15:59:59.999000+00:00,2204812028384.91,516581004159.28,168552857826.18,72617281390.01
2025-09-05 23:59:59.999000+00:00,2203793467266.42,519874151864.06,168532045577.73,72552511025.26
2025-09-06 03:59:59.999000+00:00,2211919734029.7,521391216359.65,168867935328.85,72563882224.63
2025-09-06 11:59:59.999000+00:00,2206571623246.97,518851277228.92,168866560272.98,72546568406.66
2025-09-06 15:59:59.999000+00:00,2200592971160.95,515830343142.56,168890085194.36,72540517241.37
2025-09-06 23:59:59.999000+00:00,2195293247853.39,515913942047.36,168907178314.49,72547856649.02
2025-09-07 03:59:59.999000+00:00,2203884775880.65,518788808958.52,168903687635.21,72546189086.75
2025-09-07 11:59:59.999000+00:00,2215740978037.42,519947259369.98,168848078160.57,72520887731.27
2025-09-07 15:59:59.999000+00:00,2216550810826.35,518933713932.34,168875424001.6,72536450911.83
2025-09-07 23:59:59.999000+00:00,2214104302826.17,519681502604.48,168887729565.97,72514780390.5
2025-09-08 03:59:59.999000+00:00,2211702796889.58,520223190783.85,168872778764.28,72507982807.94
2025-09-08 11:59:59.999000+00:00,2232159585176.49,520539437094.03,168846704061.48,72579816988.36
2025-09-08 19:59:59.999000+00:00,2231302055685.04,517808631523.4,168860922035.17,72490314994.15
2025-09-08 23:59:59.999000+00:00,2232377995774.42,520031687230.52,168868263487.62,72553561071.61
2025-09-09 07:59:59.999000+00:00,2250549055794.33,526095816588.43,168917045633.08,72595618507.98
2025-09-09 11:59:59.999000+00:00,2241287562159.2,524779590619.76,168903338807.38,72606733545.52
2025-09-09 19:59:59.999000+00:00,2218301956876.99,518641502351.23,168925532878.57,72656481647.47
2025-09-09 23:59:59.999000+00:00,2221551890594.18,520128901489.9,168935849744.52,72679954769.63
2025-09-10 07:59:59.999000+00:00,2241259293849.31,522338239739.91,169083725363.37,72638704494.87
2025-09-10 11:59:59.999000+00:00,2236507860885.98,522642676953.97,169083591984.39,72487473639.92
2025-09-10 19:59:59.999000+00:00,2261338556983.88,522082801471.65,169124418391.78,72261791413.7
2025-09-10 23:59:59.999000+00:00,2270015122299.65,524969878487.95,169110748264.77,72366369196.33
2025-09-11 07:59:59.999000+00:00,2272480753385.33,536444114715.05,169091426126.95,72213693651.7
2025-09-11 15:59:59.999000+00:00,2274208865291.13,532547525701.15,169382575908.71,72223162443.46
2025-09-11 19:59:59.999000+00:00,2280815159487.0,534040499329.99,169357216655.48,72403782716.64
2025-09-12 03:59:59.999000+00:00,2295157896023.58,543787186020.57,169568425672.83,72416477376.15
2025-09-12 07:59:59.999000+00:00,2293483381658.92,546366631171.4,169568887792.19,72416044313.9
2025-09-12 15:59:59.999000+00:00,2293855508685.3,548619272078.83,169554525834.87,72292602231.26
2025-09-12 19:59:59.999000+00:00,2325399128978.18,563012000681.84,169702723599.08,72801040576.66
2025-09-13 03:59:59.999000+00:00,2310359874823.11,574453629306.46,170076661358.63,72996385580.88
2025-09-13 07:59:59.999000+00:00,2307687029638.44,569036385097.16,170079043916.49,73150912700.41
2025-09-13 15:59:59.999000+00:00,2306840355527.1,561883275384.44,170061199133.09,73196459369.01
2025-09-13 19:59:59.999000+00:00,2307149199662.49,560223505652.87,170082114488.05,73166425874.32
2025-09-14 03:59:59.999000+00:00,2304882129003.49,563101930939.28,170298050193.75,73163698620.55
2025-09-14 11:59:59.999000+00:00,2307267650361.08,559055310281.84,170309263390.63,73178949242.28
2025-09-14 15:59:59.999000+00:00,2296241715137.65,553084760626.13,170296322252.63,73244404980.8
2025-09-14 23:59:59.999000+00:00,2298871666829.88,556415089949.78,170313745039.63,73206327486.88
2025-09-15 03:59:59.999000+00:00,2302031656103.06,560357847657.73,170314869771.92,73150031704.19
2025-09-15 11:59:59.999000+00:00,2293765052739.55,547315310661.79,170311111224.2,73119886927.89
2025-09-15 15:59:59.999000+00:00,2289442721159.76,543723933180.66,170328076460.49,73009972344.69
2025-09-15 23:59:59.999000+00:00,2299410634533.67,546318649132.78,170298136930.58,73200181014.94
2025-09-16 03:59:59.999000+00:00,2298867342312.67,546257185304.74,170310280485.03,73214228193.44
2025-09-16 11:59:59.999000+00:00,2297457388265.37,543408133397.84,170284784527.8,73192543364.89
2025-09-16 15:59:59.999000+00:00,2307290223799.41,539292930894.12,170265037079.77,73210340097.86
2025-09-16 23:59:59.999000+00:00,2327691788783.86,543608779171.06,170888395532.55,73663983998.65
2025-09-17 07:59:59.999000+00:00,2335495595660.0,548663213639.71,171021046313.82,73606959575.76
2025-09-17 11:59:59.999000+00:00,2316999513549.0,542502497774.89,171004456964.85,73617338153.33
2025-09-17 19:59:59.999000+00:00,2304935838543.81,545639148900.24,171012990881.52,73520046020.84
2025-09-17 23:59:59.999000+00:00,2320183085224.08,554327675325.7,171018067932.63,73616915104.67
2025-09-18 07:59:59.999000+00:00,2332916536364.74,552500392484.87,170983327653.82,73589921018.96
2025-09-18 11:59:59.999000+00:00,2332565579895.5,552057226711.91,171160199859.5,73479458533.66
2025-09-18 19:59:59.999000+00:00,2339475033094.4,554193647249.08,171155004664.97,74356482882.32
2025-09-18 23:59:59.999000+00:00,2333715124062.34,553972797718.11,171155814332.0,74328717805.02
2025-09-19 07:59:59.999000+00:00,2330315316637.21,548258443500.0,171520657484.12,74335555047.07
2025-09-19 11:59:59.999000+00:00,2319565017145.57,545275263966.88,171505976411.41,74298406510.51
2025-09-19 19:59:59.999000+00:00,2295357429631.41,536787655474.05,171508034399.7,74175529188.86
2025-09-20 03:59:59.999000+00:00,2301597245481.87,539354793455.09,171541101734.42,74166058578.85
2025-09-20 07:59:59.999000+00:00,2311246651630.21,541197406189.5,171503179336.01,74143809121.64
2025-09-20 15:59:59.999000+00:00,2311807309924.66,543156833046.08,171515877229.33,73990469759.09
2025-09-20 19:59:59.999000+00:00,2306927728643.19,541060219800.92,171564425904.54,74007859197.4
2025-09-21 03:59:59.999000+00:00,2305335236751.58,540651377907.72,171521298496.86,73982507126.7
2025-09-21 07:59:59.999000+00:00,2308464202998.15,540754262893.46,172058334979.02,73991884779.49
2025-09-21 15:59:59.999000+00:00,2303326027464.47,541412234232.47,172032652196.44,73970821235.44
2025-09-21 19:59:59.999000+00:00,2302379393092.7,542768453318.64,172041162219.06,73966213839.16
2025-09-22 03:59:59.999000+00:00,2284742778236.75,520010111819.18,172105747448.33,73932317825.29
2025-09-22 07:59:59.999000+00:00,2243455195613.23,506682499120.6,172157036067.92,73974792834.33
2025-09-22 15:59:59.999000+00:00,2249877259521.54,503516712337.61,172126604393.95,73899884778.98
2025-09-22 19:59:59.999000+00:00,2236218932685.99,499742257553.24,172120938048.42,74033607897.06
2025-09-23 03:59:59.999000+00:00,2238975035060.13,505691251071.28,172872996404.69,74105364464.78
2025-09-23 11:59:59.999000+00:00,2251941011206.38,506466409005.14,172869611460.51,74013883466.16
2025-09-23 15:59:59.999000+00:00,2249855833528.04,504964881825.55,172835591290.96,74032542620.02
2025-09-23 23:59:59.999000+00:00,2231784565506.68,502780920266.93,172775148702.59,73978443190.23
2025-09-24 03:59:59.999000+00:00,2226826570274.64,500907546971.99,172830609153.69,73982670066.74
2025-09-24 11:59:59.999000+00:00,2252764756146.76,504956928209.92,173073671125.01,73949428287.01
2025-09-24 15:59:59.999000+00:00,2260071465324.95,503276078181.8,173177448108.27,74019872556.54
2025-09-24 23:59:59.999000+00:00,2258188096263.37,501345332805.82,173085672043.93,74150783482.47
2025-09-25 03:59:59.999000+00:00,2243027482370.27,490067869648.13,173062622448.65,74152356037.41
2025-09-25 11:59:59.999000+00:00,2219358252430.71,483077928449.33,173100923922.15,74155916125.29
2025-09-25 15:59:59.999000+00:00,2222398511785.83,483303614595.0,173141228607.37,74050757428.08
2025-09-25 23:59:59.999000+00:00,2172778969611.28,466965112595.16,173511001571.99,73985343484.79
2025-09-26 07:59:59.999000+00:00,2178805870357.96,475193227313.45,173571865591.03,74007400050.39
2025-09-26 11:59:59.999000+00:00,2175523685683.12,471891765622.88,173539821010.76,73850903546.11
2025-09-26 19:59:59.999000+00:00,2176391162376.92,486403317867.71,173530860893.14,73753967819.25
2025-09-26 23:59:59.999000+00:00,2186093717136.85,487148672507.12,173524701817.01,73774176997.92
2025-09-27 07:59:59.999000+00:00,2181058230321.34,484064445524.74,174261560442.92,73763935398.71
2025-09-27 11:59:59.999000+00:00,2179034942706.74,483264093991.71,174255495559.13,73728598151.18
2025-09-27 19:59:59.999000+00:00,2181306241616.84,483254898314.44,174257006188.65,73746860518.64
2025-09-27 23:59:59.999000+00:00,2185641706167.04,485065638504.6,174273508183.39,73734619361.77
2025-09-28 07:59:59.999000+00:00,2182818740669.67,484649611746.76,174238319270.21,73732999374.95
2025-09-28 11:59:59.999000+00:00,2180745394464.27,482222274398.14,174226127900.49,73725213404.42
2025-09-28 19:59:59.999000+00:00,2199025582361.3,487559480292.94,174411383440.15,73697392357.94
2025-09-29 03:59:59.999000+00:00,2229019433820.32,497418061466.87,174428998906.94,73692493493.43
2025-09-29 07:59:59.999000+00:00,2229254975298.29,496195014790.54,174421967188.16,73579905089.0
2025-09-29 15:59:59.999000+00:00,2269259740194.23,502931652659.59,174458610200.99,73421588532.53
2025-09-29 19:59:59.999000+00:00,2279175748962.71,506218384416.85,174467747146.63,73415560045.19
2025-09-30 03:59:59.999000+00:00,2280389388011.68,507160681656.41,174800669797.17,73484859433.83
2025-09-30 07:59:59.999000+00:00,2267329766887.2,505053808282.67,174786475045.65,73451274213.63
2025-09-30 15:59:59.999000+00:00,2254798444097.64,497373320246.33,174727472053.36,73489957648.98
2025-09-30 19:59:59.999000+00:00,2280310784240.41,502393261211.56,174719500563.66,73627154202.92
2025-10-01 03:59:59.999000+00:00,2276037056748.16,498705221470.06,174951959790.11,73809476777.81
2025-10-01 07:59:59.999000+00:00,2283711386532.99,500647228222.81,174968187012.86,73830797552.49
2025-10-01 15:59:59.999000+00:00,2340007739984.05,522336971973.2,175013170324.13,73877347115.03
2025-10-01 23:59:59.999000+00:00,2364528832561.99,525329579805.46,175006388380.54,74152605468.52
2025-10-02 03:59:59.999000+00:00,2367506751677.3,528603639489.17,175814643163.92,74188836218.45
2025-10-02 11:59:59.999000+00:00,2367701935960.77,528980210197.78,175799223818.82,74139905358.11
2025-10-02 15:59:59.999000+00:00,2390718278870.21,536038508519.76,175827848716.56,74130550254.52
2025-10-02 23:59:59.999000+00:00,2404476831114.3,541587580456.48,175826251866.81,74310692348.99
2025-10-03 03:59:59.999000+00:00,2397870117893.48,543659145790.26,176350941929.84,74348889657.42
2025-10-03 11:59:59.999000+00:00,2400121574432.24,541154732607.54,176342202161.32,74263847636.75
2025-10-03 15:59:59.999000+00:00,2435905446490.56,547125800865.18,176348919217.77,74584965087.32
2025-10-03 23:59:59.999000+00:00,2436570957894.73,544964224449.83,176329874116.09,75417996094.97
2025-10-04 03:59:59.999000+00:00,2437749968086.83,541889588833.2,176342762591.05,75405327608.07
2025-10-04 11:59:59.999000+00:00,2432391301793.6,541485648266.31,176303459738.29,75376838440.84
2025-10-04 19:59:59.999000+00:00,2430291242195.76,539328213202.68,176280178337.39,75336415608.08
2025-10-04 23:59:59.999000+00:00,2439604048667.28,541843342777.31,176299638467.6,75347791679.49
2025-10-05 07:59:59.999000+00:00,2488598815515.38,555798925441.29,177056886977.4,75281285712.34
2025-10-05 11:59:59.999000+00:00,2461234149956.28,549617441990.4,177070461693.03,75291583351.93
2025-10-05 19:59:59.999000+00:00,2442943417132.2,541685600845.34,177074531756.45,75221692574.21
2025-10-05 23:59:59.999000+00:00,2461341319591.38,545011459891.43,177061378785.11,75231105003.99
2025-10-06 07:59:59.999000+00:00,2459055496795.04,547229269483.17,177060150191.55,75172948416.08
2025-10-06 11:59:59.999000+00:00,2476416680248.83,551999119471.9,177096231047.24,75179279519.85
2025-10-06 19:59:59.999000+00:00,2499650834735.14,570886224710.9,177093041275.43,75396828987.1
2025-10-06 23:59:59.999000+00:00,2486340085205.98,565821810941.97,177062597239.49,75475146014.93
2025-10-07 07:59:59.999000+00:00,2465737819530.41,564532611332.39,177506024955.83,75355659706.88
2025-10-07 15:59:59.999000+00:00,2427917272422.49,544653785487.05,177482736319.13,75450240431.17
2025-10-07 19:59:59.999000+00:00,2425973245002.11,540540514153.67,177479071356.73,75447234625.35
2025-10-08 03:59:59.999000+00:00,2420071258459.09,536453996254.71,177981630430.58,75594100693.9
2025-10-08 07:59:59.999000+00:00,2422566193448.76,538574325550.77,177956321099.69,75603624807.15
2025-10-08 15:59:59.999000+00:00,2435820018983.39,536888552789.73,177974709114.06,75611121019.78
2025-10-08 19:59:59.999000+00:00,2461984191264.44,545383198999.24,177982923185.77,75538978354.95
2025-10-09 03:59:59.999000+00:00,2432972830646.76,537326189762.45,177942999519.25,75656563000.37
2025-10-09 07:59:59.999000+00:00,2430342807424.52,534502506105.33,178383890473.6,75637264554.35
2025-10-09 15:59:59.999000+00:00,2416005464448.24,521234464961.91,178402988082.48,75614458851.07
2025-10-09 19:59:59.999000+00:00,2412022478672.13,522586808168.25,178436955841.66,75567686930.32
2025-10-10 03:59:59.999000+00:00,2415016847867.27,525655356724.16,178415787985.81,75546350523.93
2025-10-10 11:59:59.999000+00:00,2424267328789.92,524573158143.48,178428172235.58,75510829970.04
2025-10-10 15:59:59.999000+00:00,2373428227870.78,496081279406.42,178688572505.21,75429003936.51
2025-10-10 23:59:59.999000+00:00,2257116276274.94,463616399824.04,178984231068.1,75104298947.29
2025-10-11 03:59:59.999000+00:00,2240953579350.54,458389068873.16,179376058696.17,75315628269.42
2025-10-11 11:59:59.999000+00:00,2239482655934.45,463765398023.62,179310430202.64,75338580350.39
2025-10-11 15:59:59.999000+00:00,2231979951193.64,462353882185.21,179344658627.57,75372960401.88
2025-10-11 23:59:59.999000+00:00,2208782640083.79,452751394798.38,179362921414.52,75403303027.03
2025-10-12 03:59:59.999000+00:00,2207891712807.9,456743505940.15,179341419490.84,75490664624.41
2025-10-12 11:59:59.999000+00:00,2229890299676.92,461231599259.73,179848356554.73,75469616545.35
2025-10-12 15:59:59.999000+00:00,2258007119287.69,487490307729.96,179882839899.5,75533822668.58
2025-10-12 23:59:59.999000+00:00,2295493500275.05,502614286453.4,180007826846.03,75666961564.97
2025-10-13 07:59:59.999000+00:00,2300712349959.22,504669614227.27,179908071611.68,75807637572.44
2025-10-13 11:59:59.999000+00:00,2279277893856.94,493304654781.83,179921178793.74,75862685183.28
2025-10-13 19:59:59.999000+00:00,2310180961741.87,514235875598.21,179953289314.33,75841123808.9
2025-10-13 23:59:59.999000+00:00,2297709116995.09,512430274740.24,179954469999.78,75831381720.16
2025-10-14 07:59:59.999000+00:00,2227252275514.54,480123603669.52,179898134839.41,75817816853.36
2025-10-14 11:59:59.999000+00:00,2221686701098.05,479799167984.32,180182110927.41,75849831118.76
2025-10-14 19:59:59.999000+00:00,2246031741070.96,496135037942.41,180083784002.56,76113504531.85
2025-10-14 23:59:59.999000+00:00,2254859843995.83,497926763445.01,180703723543.2,76227135840.94
2025-10-15 07:59:59.999000+00:00,2244835316619.88,497945352058.41,180703063227.62,76268843512.04
2025-10-15 11:59:59.999000+00:00,2232495754359.84,495259830197.82,180752790568.13,76259155782.44
2025-10-15 19:59:59.999000+00:00,2219167901170.52,480898807732.72,180690972195.04,76131625634.21
2025-10-16 03:59:59.999000+00:00,2203044356194.31,480731524087.71,181408217781.3,76066285219.91
2025-10-16 07:59:59.999000+00:00,2205017461877.59,482945662353.88,181385063486.72,76061152956.18
2025-10-16 15:59:59.999000+00:00,2163150785845.93,470818592199.39,181406938397.81,76095589516.08
2025-10-16 19:59:59.999000+00:00,2158815650845.26,467282919175.52,181396292010.14,75973600915.98
2025-10-17 03:59:59.999000+00:00,2176662583381.97,474843346642.68,181369039598.1,75945196698.93
2025-10-17 07:59:59.999000+00:00,2104543228384.87,453437267369.02,181591384990.99,75977741734.06
2025-10-17 15:59:59.999000+00:00,2127578889091.07,457923941904.94,181596657445.36,75980712262.9
2025-10-17 19:59:59.999000+00:00,2122992613303.98,462523033717.21,181591887653.81,75883692367.1
2025-10-18 03:59:59.999000+00:00,2135250627319.85,467214521890.76,181737163511.61,75976303199.08
2025-10-18 07:59:59.999000+00:00,2127504512053.01,469165741912.81,181731155259.45,75970330535.41
2025-10-18 15:59:59.999000+00:00,2132934368128.42,468170184612.83,181729836409.43,75961558047.95
2025-10-18 23:59:59.999000+00:00,2137288778462.57,469587524369.5,181935934325.31,75952503913.31
2025-10-19 03:59:59.999000+00:00,2139284170165.6,459897798889.94,181947241005.0,75985992683.49
2025-10-19 11:59:59.999000+00:00,2149588534649.35,462434304867.41,181917468195.86,75942467378.69
2025-10-19 15:59:59.999000+00:00,2163037460760.17,468737835519.53,181973270064.79,75956528318.71
2025-10-19 23:59:59.999000+00:00,2166469140315.34,469230386269.01,181945500670.18,75952415235.56
2025-10-20 03:59:59.999000+00:00,2197246691334.36,486391143937.88,181932394546.82,75950528766.81
2025-10-20 11:59:59.999000+00:00,2213240258751.88,487174397993.63,181918447013.66,75997152146.15
2025-10-20 15:59:59.999000+00:00,2218963449138.1,484169794835.17,181931331039.82,76016451991.39
2025-10-20 23:59:59.999000+00:00,2204868785654.89,480471550893.95,181939267826.62,76269095583.4
2025-10-21 03:59:59.999000+00:00,2176824173579.13,473740056412.63,181995168500.73,76278737547.71
2025-10-21 11:59:59.999000+00:00,2165372798564.0,469860844248.83,182004848378.3,76292808179.0
2025-10-21 19:59:59.999000+00:00,2231463028284.87,483623177310.66,182041235276.85,76424419116.44
2025-10-21 23:59:59.999000+00:00,2163102017753.36,467991562714.63,182061085615.16,76797800041.62
2025-10-22 07:59:59.999000+00:00,2160177490594.18,467671976679.23,182506213985.37,76792469544.68
2025-10-22 11:59:59.999000+00:00,2145004227938.56,462232729930.66,182500935771.24,76679162844.76
2025-10-22 19:59:59.999000+00:00,2149139639981.5,457560077127.3,182419707894.13,76564584120.22
2025-10-22 23:59:59.999000+00:00,2146962722154.53,459629613981.08,182434997740.0,76545267915.91
2025-10-23 07:59:59.999000+00:00,2179356554556.02,468573968923.93,182578960968.72,76540980702.55
2025-10-23 11:59:59.999000+00:00,2178935844652.78,466544787384.42,182536248672.66,76551914228.72
2025-10-23 19:59:59.999000+00:00,2199879057932.59,466111405575.68,182582144460.0,76348343043.27
2025-10-23 23:59:59.999000+00:00,2194660092834.64,465416761688.67,182595677727.87,76518608888.82
2025-10-24 07:59:59.999000+00:00,2215466415415.42,476738298101.47,182538739436.66,76492609653.01
2025-10-24 15:59:59.999000+00:00,2194210817675.97,469273185395.98,182910543010.2,76283627082.18
2025-10-24 19:59:59.999000+00:00,2205815386537.55,474432443323.74,182947271486.52,76296718724.0
2025-10-25 03:59:59.999000+00:00,2214776890843.36,473526789167.35,182955253632.91,76342208614.96
2025-10-25 07:59:59.999000+00:00,2223659523195.78,474270086738.22,182912915775.28,76316801757.09
2025-10-25 15:59:59.999000+00:00,2221373738020.02,474678558763.08,182901484116.58,76300862350.69
2025-10-25 19:59:59.999000+00:00,2225738592708.0,477635338604.66,182895320143.3,76292317087.78
2025-10-26 03:59:59.999000+00:00,2219086367872.0,474369858989.48,183071535138.75,76256585163.47
2025-10-26 07:59:59.999000+00:00,2227687363007.56,476962352726.56,183069962117.83,76246746664.56
2025-10-26 15:59:59.999000+00:00,2267081227767.35,491838710031.46,183061319589.45,76246931385.67
2025-10-26 19:59:59.999000+00:00,2264480335558.97,490828727421.94,183075613357.96,76239081099.32
2025-10-27 03:59:59.999000+00:00,2292392684120.72,507503743135.96,183142017452.84,76242980968.26
2025-10-27 11:59:59.999000+00:00,2301518144328.25,502198989973.57,183163690972.37,76267431456.26
2025-10-27 15:59:59.999000+00:00,2293099691221.15,503771028863.03,183155802725.51,76192648613.2
2025-10-27 23:59:59.999000+00:00,2275835954529.27,497309923053.22,183230384920.32,76162550530.76
2025-10-28 03:59:59.999000+00:00,2271942001317.75,494216990000.08,183216541567.04,76191663619.87
2025-10-28 11:59:59.999000+00:00,2280208601841.25,496383142801.88,183207284106.11,76199547071.69
2025-10-28 15:59:59.999000+00:00,2287416204612.6,494699707847.25,183186262336.76,76218728893.2
2025-10-28 23:59:59.999000+00:00,2251805068453.25,480470161049.32,183240898854.23,76199697494.79
2025-10-29 03:59:59.999000+00:00,2244195348912.37,482636645765.91,183282970648.7,76209641414.43
2025-10-29 11:59:59.999000+00:00,2256988366095.2,484461785770.94,183285782996.45,76231311718.53
2025-10-29 15:59:59.999000+00:00,2224410881121.78,476941279646.17,183245981733.95,76361696750.16
2025-10-29 23:59:59.999000+00:00,2194776069999.38,471123589801.41,183392575390.14,76322657586.21
2025-10-30 07:59:59.999000+00:00,2220670776272.46,475375768355.89,183325060371.6,76307694224.95
2025-10-30 11:59:59.999000+00:00,2189561663834.91,468827320360.6,183348381949.59,76353263239.78
2025-10-30 19:59:59.999000+00:00,2122884060926.54,446245805615.37,183316306991.24,75936425926.84
2025-10-30 23:59:59.999000+00:00,2159806960807.7,459266026845.66,183307984673.52,75955839353.08
2025-10-31 07:59:59.999000+00:00,2182874685978.14,462273256483.78,183392304066.78,75894536784.67
2025-10-31 11:59:59.999000+00:00,2200673597322.09,467878230828.27,183344665580.12,75905640699.61
2025-10-31 19:59:59.999000+00:00,2190064021922.06,469281022149.18,183351746296.53,75719381923.9
2025-10-31 23:59:59.999000+00:00,2184893745051.09,464345732413.59,183328719194.6,75921471496.71
2025-11-01 07:59:59.999000+00:00,2193988496204.12,465777269725.13,183357645708.06,75902170325.9
2025-11-01 11:59:59.999000+00:00,2195028347352.28,467626929493.9,183372038176.59,75912046147.87
2025-11-01 19:59:59.999000+00:00,2201385247923.96,468611570686.61,183598077293.79,75938809274.89
2025-11-02 03:59:59.999000+00:00,2193627176804.29,468196818945.72,183391430756.59,75857427973.06
2025-11-02 07:59:59.999000+00:00,2211434935295.27,471498280827.92,183406378157.78,75861629945.51
2025-11-02 15:59:59.999000+00:00,2196281740954.63,465206922401.08,183415078507.56,75838970488.5
2025-11-02 19:59:59.999000+00:00,2197234430956.09,465243192424.99,183448809154.74,75819781358.8
2025-11-03 03:59:59.999000+00:00,2154077866927.39,450957621883.45,183466412853.37,75747477188.54
2025-11-03 07:59:59.999000+00:00,2145095850369.44,448518209690.95,183443558931.16,75779644674.79
2025-11-03 15:59:59.999000+00:00,2110489934351.52,433929712996.86,183421800102.9,75629693807.08
2025-11-03 19:59:59.999000+00:00,2135193836519.55,438419276698.79,183415011810.63,75628804285.41
2025-11-04 03:59:59.999000+00:00,2136749076476.72,439889047262.42,183382937755.71,75558803356.83
2025-11-04 07:59:59.999000+00:00,2084069110171.35,421432210836.79,183396625851.05,75562054944.02
2025-11-04 15:59:59.999000+00:00,2061496153050.8,423559807207.38,183401130219.34,75416238442.44
2025-11-04 23:59:59.999000+00:00,2025909299235.06,397354746232.7,183401550913.57,75161188878.19
2025-11-05 03:59:59.999000+00:00,2036659868227.41,402906287852.97,183450543668.38,75062958267.57
2025-11-05 11:59:59.999000+00:00,2034278665468.64,400722520155.48,183445827398.11,75124623573.6
2025-11-05 15:59:59.999000+00:00,2067927157851.18,409823625471.88,183452458159.36,74998550685.78
2025-11-05 23:59:59.999000+00:00,2072068578561.24,413431738824.35,183443862149.03,75302008854.1
2025-11-06 03:59:59.999000+00:00,2067845444137.71,414686006330.39,183447491130.97,75203147451.08
2025-11-06 11:59:59.999000+00:00,2058298768393.8,410272281579.59,183427248074.96,75232515371.94
2025-11-06 15:59:59.999000+00:00,2033312677483.91,397890436685.87,183381908759.21,74976294811.63
2025-11-06 23:59:59.999000+00:00,2020190184566.83,399752553647.07,183374119175.42,75446205767.62
2025-11-07 03:59:59.999000+00:00,2032310856550.78,403719381554.52,183366032263.89,75376681540.95
2025-11-07 11:59:59.999000+00:00,2000792921223.45,393454043866.83,183347409974.52,75467686738.25
2025-11-07 19:59:59.999000+00:00,2059280255138.68,415115408338.82,183395901618.11,75537212197.21
2025-11-07 23:59:59.999000+00:00,2061830246982.65,414611362555.32,183396656144.74,75790286542.22
2025-11-08 07:59:59.999000+00:00,2040495849017.28,415977820234.63,183338218371.25,75732400854.87
2025-11-08 11:59:59.999000+00:00,2030815469015.73,411768581885.05,183401821984.05,75772160080.25
2025-11-08 19:59:59.999000+00:00,2032918763639.31,408862238839.89,183427347722.65,75731572029.36
2025-11-08 23:59:59.999000+00:00,2040075678640.12,410380444478.56,183386187557.95,75702565842.92
2025-11-09 07:59:59.999000+00:00,2032242581065.47,412764601042.43,183405964798.65,75687732139.65
2025-11-09 11:59:59.999000+00:00,2038299053256.18,413498453483.66,183437632743.13,75689966808.49
2025-11-09 19:59:59.999000+00:00,2090118071578.83,431653258250.7,183503146294.76,75688538170.65
2025-11-09 23:59:59.999000+00:00,2088873006728.9,432509628412.49,183460044305.03,75791806582.52
2025-11-10 07:59:59.999000+00:00,2122744573023.32,435435273470.41,183443153905.4,75845523102.68
