timestamp,mining_difficulty,hash_rate_ths,miner_revenue_usd
2009-01-03,1.0,4.97102696296296e-08,0.0
2009-01-07,0.0,0.0,0.0
2009-01-11,1.0,5.26928858074074e-06,0.0
2009-01-15,1.0,6.31320424296296e-06,0.0
2009-01-17,1.0,6.31320424296296e-06,0.0
2009-01-19,1.0,5.91552208592593e-06,0.0
2009-01-21,1.0,5.91552208592593e-06,0.0
2009-01-23,1.0,3.33058806518518e-06,0.0
2009-01-25,1.0,3.33058806518518e-06,0.0
2009-01-27,1.0,5.12015777185185e-06,0.0
2009-01-29,1.0,5.12015777185185e-06,0.0
2009-01-31,1.0,6.41262478222222e-06,0.0
2009-02-02,1.0,6.41262478222222e-06,0.0
2009-02-04,1.0,6.11436316444444e-06,0.0
2009-02-06,1.0,6.11436316444444e-06,0.0
2009-02-08,1.0,6.66117613037037e-06,0.0
2009-02-10,1.0,6.66117613037037e-06,0.0
2009-02-12,1.0,5.8658118162963e-06,0.0
2009-02-14,1.0,5.8658118162963e-06,0.0
2009-02-16,1.0,6.11436316444444e-06,0.0
2009-02-18,1.0,6.11436316444444e-06,0.0
2009-02-20,1.0,6.36291451259259e-06,0.0
2009-02-22,1.0,6.36291451259259e-06,0.0
2009-02-24,1.0,5.51783992888889e-06,0.0
2009-02-26,1.0,5.51783992888889e-06,0.0
2009-02-28,1.0,5.07044750222222e-06,0.0
2009-03-02,1.0,5.07044750222222e-06,0.0
2009-03-04,1.0,5.26928858074074e-06,0.0
2009-03-06,1.0,5.26928858074074e-06,0.0
2009-03-08,1.0,5.56755019851852e-06,0.0
2009-03-10,1.0,5.56755019851852e-06,0.0
2009-03-12,1.0,5.8658118162963e-06,0.0
2009-03-14,1.0,5.8658118162963e-06,0.0
2009-03-16,1.0,6.46233505185185e-06,0.0
2009-03-18,1.0,6.46233505185185e-06,0.0
2009-03-20,1.0,5.8658118162963e-06,0.0
2009-03-22,1.0,5.8658118162963e-06,0.0
2009-03-24,1.0,5.21957831111111e-06,0.0
2009-03-26,1.0,5.21957831111111e-06,0.0
2009-03-28,1.0,5.91552208592593e-06,0.0
2009-03-30,1.0,5.91552208592593e-06,0.0
2009-04-01,1.0,5.31899885037037e-06,0.0
2009-04-03,1.0,5.31899885037037e-06,0.0
2009-04-05,1.0,6.41262478222222e-06,0.0
2009-04-07,1.0,6.41262478222222e-06,0.0
2009-04-09,1.0,4.92131669333333e-06,0.0
2009-04-11,1.0,4.92131669333333e-06,0.0
2009-04-13,1.0,5.71668100740741e-06,0.0
2009-04-15,1.0,5.71668100740741e-06,0.0
2009-04-17,1.0,5.71668100740741e-06,0.0
2009-04-19,1.0,5.71668100740741e-06,0.0
2009-04-21,1.0,6.11436316444444e-06,0.0
2009-04-23,1.0,6.11436316444444e-06,0.0
2009-04-25,1.0,6.06465289481481e-06,0.0
2009-04-27,1.0,6.06465289481481e-06,0.0
2009-04-29,1.0,6.11436316444444e-06,0.0
2009-05-01,1.0,6.11436316444444e-06,0.0
2009-05-03,1.0,5.66697073777778e-06,0.0
2009-05-05,1.0,5.66697073777778e-06,0.0
2009-05-07,1.0,6.01494262518519e-06,0.0
2009-05-09,1.0,6.01494262518519e-06,0.0
2009-05-11,1.0,5.91552208592593e-06,0.0
2009-05-13,1.0,5.91552208592593e-06,0.0
2009-05-15,1.0,7.10856855703704e-06,0.0
2009-05-17,1.0,7.10856855703704e-06,0.0
2009-05-19,1.0,4.97102696296296e-06,0.0
2009-05-21,1.0,4.97102696296296e-06,0.0
2009-05-23,1.0,3.47971887407407e-07,0.0
2009-05-25,1.0,3.47971887407407e-07,0.0
2009-05-27,1.0,6.2137837037037e-06,0.0
2009-05-29,1.0,6.2137837037037e-06,0.0
2009-05-31,1.0,5.8658118162963e-06,0.0
2009-06-02,1.0,5.8658118162963e-06,0.0
2009-06-04,1.0,1.93870051555556e-06,0.0
2009-06-06,1.0,1.93870051555556e-06,0.0
2009-06-08,1.0,3.57913941333333e-06,0.0
2009-06-10,1.0,3.57913941333333e-06,0.0
2009-06-12,1.0,4.5236345362963e-06,0.0
2009-06-14,1.0,4.5236345362963e-06,0.0
2009-06-16,1.0,3.62884968296296e-06,0.0
2009-06-18,1.0,3.62884968296296e-06,0.0
2009-06-20,1.0,4.17566264888889e-06,0.0
2009-06-22,1.0,4.17566264888889e-06,0.0
2009-06-24,1.0,4.22537291851852e-06,0.0
2009-06-26,1.0,4.22537291851852e-06,0.0
2009-06-28,1.0,2.53522375111111e-06,0.0
2009-06-30,1.0,2.53522375111111e-06,0.0
2009-07-02,1.0,3.57913941333333e-06,0.0
2009-07-04,1.0,3.57913941333333e-06,0.0
2009-07-06,1.0,4.5236345362963e-06,0.0
2009-07-08,1.0,4.5236345362963e-06,0.0
2009-07-10,1.0,4.07624210962963e-06,0.0
2009-07-12,1.0,4.07624210962963e-06,0.0
2009-07-14,1.0,3.57913941333333e-06,0.0
2009-07-16,1.0,3.57913941333333e-06,0.0
2009-07-18,1.0,1.49130808888889e-07,0.0
2009-07-20,1.0,1.49130808888889e-07,0.0
2009-07-22,1.0,3.43000860444444e-06,0.0
2009-07-24,1.0,3.43000860444444e-06,0.0
2009-07-26,1.0,6.46233505185185e-07,0.0
2009-07-28,1.0,6.46233505185185e-07,0.0
2009-07-30,1.0,6.95943774814815e-07,0.0
2009-08-01,1.0,6.95943774814815e-07,0.0
2009-08-03,1.0,7.45654044444445e-07,0.0
2009-08-05,1.0,7.45654044444445e-07,0.0
2009-08-07,1.0,3.67855995259259e-06,0.0
2009-08-09,1.0,3.67855995259259e-06,0.0
2009-08-11,1.0,3.33058806518518e-06,0.0
2009-08-13,1.0,3.33058806518518e-06,0.0
2009-08-15,1.0,1.69014916740741e-06,0.0
2009-08-17,1.0,1.69014916740741e-06,0.0
2009-08-19,1.0,7.45654044444445e-07,0.0
2009-08-21,1.0,7.45654044444445e-07,0.0
2009-08-23,1.0,5.96523235555555e-07,0.0
2009-08-25,1.0,5.96523235555555e-07,0.0
2009-08-27,1.0,1.49130808888889e-06,0.0
2009-08-29,1.0,1.49130808888889e-06,0.0
2009-08-31,1.0,4.67276534518518e-06,0.0
2009-09-02,1.0,4.67276534518518e-06,0.0
2009-09-04,1.0,3.13174698666667e-06,0.0
2009-09-06,1.0,3.13174698666667e-06,0.0
2009-09-08,1.0,3.28087779555556e-06,0.0
2009-09-10,1.0,3.28087779555556e-06,0.0
2009-09-12,1.0,3.5294291437037e-06,0.0
2009-09-14,1.0,3.5294291437037e-06,0.0
2009-09-16,1.0,2.88319563851852e-06,0.0
2009-09-18,1.0,2.88319563851852e-06,0.0
2009-09-20,1.0,3.92711130074074e-06,0.0
2009-09-22,1.0,3.92711130074074e-06,0.0
2009-09-24,1.0,4.07624210962963e-06,0.0
2009-09-26,1.0,4.07624210962963e-06,0.0
2009-09-28,1.0,4.37450372740741e-06,0.0
2009-09-30,1.0,4.37450372740741e-06,0.0
2009-10-02,1.0,3.72827022222222e-06,0.0
2009-10-04,1.0,3.72827022222222e-06,0.0
2009-10-06,1.0,2.03812105481482e-06,0.0
2009-10-08,1.0,2.03812105481482e-06,0.0
2009-10-10,1.0,3.82769076148148e-06,0.0
2009-10-12,1.0,3.82769076148148e-06,0.0
2009-10-14,1.0,2.78377509925926e-06,0.0
2009-10-16,1.0,2.78377509925926e-06,0.0
2009-10-18,1.0,3.1814572562963e-06,0.0
2009-10-20,1.0,3.1814572562963e-06,0.0
2009-10-22,1.0,4.27508318814815e-06,0.0
2009-10-24,1.0,4.27508318814815e-06,0.0
2009-10-26,1.0,3.23116752592593e-06,0.0
2009-10-28,1.0,3.23116752592593e-06,0.0
2009-10-30,1.0,3.03232644740741e-06,0.0
2009-11-01,1.0,3.03232644740741e-06,0.0
2009-11-03,1.0,2.83348536888889e-06,0.0
2009-11-05,1.0,2.83348536888889e-06,0.0
2009-11-07,1.0,3.77798049185185e-06,0.0
2009-11-09,1.0,3.77798049185185e-06,0.0
2009-11-11,1.0,3.43000860444444e-06,0.0
2009-11-13,1.0,3.43000860444444e-06,0.0
2009-11-15,1.0,4.77218588444444e-06,0.0
2009-11-17,1.0,4.77218588444444e-06,0.0
2009-11-19,1.0,3.62884968296296e-06,0.0
2009-11-21,1.0,3.62884968296296e-06,0.0
2009-11-23,1.0,4.77218588444444e-06,0.0
2009-11-25,1.0,4.77218588444444e-06,0.0
2009-11-27,1.0,3.72827022222222e-06,0.0
2009-11-29,1.0,3.72827022222222e-06,0.0
2009-12-01,1.0,3.28087779555556e-06,0.0
2009-12-03,1.0,3.28087779555556e-06,0.0
2009-12-05,1.0,2.58493402074074e-06,0.0
2009-12-07,1.0,2.58493402074074e-06,0.0
2009-12-09,1.0,4.67276534518518e-06,0.0
2009-12-11,1.0,4.67276534518518e-06,0.0
2009-12-13,1.0,5.16986804148148e-06,0.0
2009-12-15,1.0,5.16986804148148e-06,0.0
2009-12-17,1.0,8.00335341037037e-06,0.0
2009-12-19,1.0,8.00335341037037e-06,0.0
2009-12-21,1.0,9.29582042074074e-06,0.0
2009-12-23,1.0,9.29582042074074e-06,0.0
2009-12-25,1.0,7.80451233185185e-06,0.0
2009-12-27,1.0,7.80451233185185e-06,0.0
2009-12-29,1.0,8.15248421925926e-06,0.0
2009-12-31,1.0,8.15248421925926e-06,0.0
2010-01-02,1.18289953431284,7.6442931234091e-06,0.0
2010-01-04,1.18289953431284,7.6442931234091e-06,0.0
2010-01-06,1.18289953431284,9.29075625768183e-06,0.0
2010-01-08,1.18289953431284,9.29075625768183e-06,0.0
2010-01-10,1.18289953431284,1.12312306659318e-05,0.0
2010-01-12,1.18289953431284,1.12312306659318e-05,0.0
2010-01-14,1.30506213159152,1.02502484902837e-05,0.0
2010-01-16,1.30506213159152,1.02502484902837e-05,0.0
2010-01-18,1.30506213159152,8.4337487578284e-06,0.0
2010-01-20,1.30506213159152,8.4337487578284e-06,0.0
2010-01-22,1.30506213159152,9.73124856672508e-06,0.0
2010-01-24,1.30506213159152,9.73124856672508e-06,0.0
2010-01-26,1.34422497077103,1.34980007194616e-05,0.0
2010-01-28,1.34422497077103,1.34980007194616e-05,0.0
2010-01-30,1.34422497077103,1.20279214331836e-05,0.0
2010-02-01,1.34422497077103,1.20279214331836e-05,0.0
2010-02-03,1.34422497077103,1.62376939347979e-05,0.0
2010-02-05,1.34422497077103,1.62376939347979e-05,0.0
2010-02-07,1.81864853614541,1.87139403823172e-05,0.0
2010-02-09,1.81864853614541,1.87139403823172e-05,0.0
2010-02-11,1.81864853614541,1.60921806186109e-05,0.0
2010-02-13,1.81864853614541,1.60921806186109e-05,0.0
2010-02-15,2.52773821507236,2.32460914215077e-05,0.0
2010-02-17,2.52773821507236,2.32460914215077e-05,0.0
2010-02-19,2.52773821507236,2.24921641321615e-05,0.0
2010-02-21,2.52773821507236,2.24921641321615e-05,0.0
2010-02-23,2.52773821507236,3.15392916043158e-05,0.0
2010-02-25,2.52773821507236,3.15392916043158e-05,0.0
2010-02-27,3.78117925203377,3.25176751436248e-05,0.0
2010-03-01,3.78117925203377,3.25176751436248e-05,0.0
2010-03-03,3.78117925203377,2.78185891402109e-05,0.0
2010-03-05,3.78117925203377,2.78185891402109e-05,0.0
2010-03-07,3.78117925203377,3.25176751436248e-05,0.0
2010-03-09,3.78117925203377,3.25176751436248e-05,0.0
2010-03-11,4.53108175007069,3.28852291444466e-05,0.0
2010-03-13,4.53108175007069,3.28852291444466e-05,0.0
2010-03-15,4.53108175007069,2.79299206432286e-05,0.0
2010-03-17,4.53108175007069,2.79299206432286e-05,0.0
2010-03-19,4.53108175007069,2.99570923028178e-05,0.0
2010-03-21,4.53108175007069,2.99570923028178e-05,0.0
2010-03-23,4.56516291033707,4.65217732310883e-05,0.0
2010-03-25,4.56516291033707,4.65217732310883e-05,0.0
2010-03-27,4.56516291033707,3.9486773376631e-05,0.0
2010-03-29,4.56516291033707,3.9486773376631e-05,0.0
2010-03-31,4.56516291033707,4.69756441894404e-05,0.0
2010-04-02,4.56516291033707,4.69756441894404e-05,0.0
2010-04-04,6.08547690600079,5.02167758384825e-05,0.0
2010-04-06,6.08547690600079,5.02167758384825e-05,0.0
2010-04-08,6.08547690600079,5.89895860753258e-05,0.0
2010-04-10,6.08547690600079,5.89895860753258e-05,0.0
2010-04-12,7.81979699335383,8.43531550865232e-05,0.0
2010-04-14,7.81979699335383,8.43531550865232e-05,0.0
2010-04-16,7.81979699335383,7.85222918316944e-05,0.0
2010-04-18,7.81979699335383,7.85222918316944e-05,0.0
2010-04-20,7.81979699335383,7.96884644826601e-05,0.0
2010-04-22,7.81979699335383,7.96884644826601e-05,0.0
2010-04-24,11.4643158055141,8.37744517822657e-05,0.0
2010-04-26,11.4643158055141,8.37744517822657e-05,0.0
2010-04-28,11.4643158055141,9.9731490216983e-05,0.0
2010-04-30,11.4643158055141,9.9731490216983e-05,0.0
2010-05-02,11.4643158055141,9.68820190679263e-05,0.0
2010-05-04,11.4643158055141,9.68820190679263e-05,0.0
2010-05-06,12.8491831478238,9.64491901786208e-05,0.0
2010-05-08,12.8491831478238,9.64491901786208e-05,0.0
2010-05-10,12.8491831478238,8.75068811554374e-05,0.0
2010-05-12,12.8491831478238,8.75068811554374e-05,0.0
2010-05-14,12.8491831478238,7.66483630558576e-05,0.0
2010-05-16,12.8491831478238,7.66483630558576e-05,0.0
2010-05-18,12.8491831478238,0.000107307708278201,0.0
2010-05-20,12.8491831478238,0.000107307708278201,0.0
2010-05-22,11.8462281497047,0.000113064805519858,0.0
2010-05-24,11.8462281497047,0.000113064805519858,0.0
2010-05-26,11.8462281497047,0.000124842389428177,0.0
2010-05-28,11.8462281497047,0.000124842389428177,0.0
2010-05-30,16.6190787518574,0.000124746971748383,0.0
2010-06-01,16.6190787518574,0.000124746971748383,0.0
2010-06-03,16.6190787518574,0.000129703805062888,0.0
2010-06-05,16.6190787518574,0.000129703805062888,0.0
2010-06-07,16.6190787518574,0.000128877666177137,0.0
2010-06-09,16.6190787518574,0.000128877666177137,0.0
2010-06-11,16.6190787518574,0.000138791332806148,0.0
2010-06-13,16.6190787518574,0.000138791332806148,0.0
2010-06-15,17.3814881581401,0.00016935153872945,0.0
2010-06-17,17.3814881581401,0.00016935153872945,0.0
2010-06-19,17.3814881581401,0.000136518077139047,0.0
2010-06-21,17.3814881581401,0.000136518077139047,0.0
2010-06-23,17.3814881581401,0.000147750577156816,0.0
2010-06-25,17.3814881581401,0.000147750577156816,0.0
2010-06-27,19.4047963283822,0.000153374207557116,0.0
2010-06-29,19.4047963283822,0.000153374207557116,0.0
2010-07-01,19.4047963283822,0.00020064047277912,0.0
2010-07-03,19.4047963283822,0.00020064047277912,0.0
2010-07-05,19.4047963283822,0.000169772707736179,0.0
2010-07-07,19.4047963283822,0.000169772707736179,0.0
2010-07-09,23.5012572229032,0.000220799974472116,0.0
2010-07-11,23.5012572229032,0.000220799974472116,0.0
2010-07-13,45.3858223410126,0.00167856925065505,0.0
2010-07-15,45.3858223410126,0.00167856925065505,0.0
2010-07-17,181.543289364051,0.00165149555306384,0.0
2010-07-19,181.543289364051,0.00165149555306384,0.0
2010-07-21,181.543289364051,0.00182296230447484,0.0
2010-07-23,181.543289364051,0.00182296230447484,0.0
2010-07-25,181.543289364051,0.00193125709483968,0.0
2010-07-27,181.543289364051,0.00193125709483968,0.0
2010-07-29,244.213223092375,0.0021244834042325,0.0
2010-07-31,244.213223092375,0.0021244834042325,0.0
2010-08-02,244.213223092375,0.00308353591242889,0.0
2010-08-04,244.213223092375,0.00308353591242889,0.0
2010-08-06,352.16120906801,0.00281847061359461,0.0
2010-08-08,352.16120906801,0.00281847061359461,0.0
2010-08-10,352.16120906801,0.0036237479317645,0.0
2010-08-12,352.16120906801,0.0036237479317645,0.0
2010-08-14,352.16120906801,0.00456907347918133,0.0
2010-08-16,352.16120906801,0.00456907347918133,0.0
2010-08-18,511.773534256604,0.00338357325016817,0.0
2010-08-20,511.773534256604,0.00338357325016817,682.5
2010-08-22,511.773534256604,0.00506263967506365,682.5
2010-08-24,511.773534256604,0.00506263967506365,759.556
2010-08-26,511.773534256604,0.00529160327845849,759.556
2010-08-28,511.773534256604,0.00529160327845849,595.000000077
2010-08-30,623.386959868928,0.00461732134494324,595.000000077
2010-09-01,623.386959868928,0.00461732134494324,471.004800012
2010-09-03,623.386959868928,0.00495819741738872,471.004800012
2010-09-05,623.386959868928,0.00495819741738872,495.0006
2010-09-07,623.386959868928,0.0046792988126606,495.0006
2010-09-09,623.386959868928,0.0046792988126606,411.006600006
2010-09-11,712.884864552097,0.00574090721074621,411.006600006
2010-09-13,712.884864552097,0.00574090721074621,519.000000006
2010-09-15,712.884864552097,0.00666228738037215,519.000000006
2010-09-17,712.884864552097,0.00666228738037215,642.0
2010-09-19,917.830741301512,0.00958137886113681,642.0
2010-09-21,917.830741301512,0.00958137886113681,522.000000006
2010-09-23,917.830741301512,0.00967263008838573,522.000000006
2010-09-25,917.830741301512,0.00967263008838573,621.0
2010-09-27,917.830741301512,0.0108588960426217,621.0
2010-09-29,917.830741301512,0.0108588960426217,498.0
2010-10-01,1318.67005015359,0.0102260252243218,498.0
2010-10-03,1318.67005015359,0.0102260252243218,372.000465975
2010-10-05,1318.67005015359,0.00806282758071523,372.000465975
2010-10-07,1318.67005015359,0.00806282758071523,486.0
2010-10-09,1318.67005015359,0.0100293708930848,486.0
2010-10-11,1318.67005015359,0.0100293708930848,966.0000001308
2010-10-13,1378.02816503733,0.0115768636273677,966.0000001308
2010-10-15,1378.02816503733,0.0115768636273677,1006.5
2010-10-17,1378.02816503733,0.0193176067628266,1006.5
2010-10-19,1378.02816503733,0.0193176067628266,1300.0
2010-10-21,2149.02181494673,0.0248910297496032,1300.0
2010-10-23,2149.02181494673,0.0248910297496032,1325.5055
2010-10-25,2149.02181494673,0.0224339753108011,1325.5055
2010-10-27,2149.02181494673,0.0224339753108011,2080.5
2010-10-29,2149.02181494673,0.0251046866573251,2080.5
2010-10-31,2149.02181494673,0.0251046866573251,1738.5
2010-11-02,3091.7368904118,0.0258201005069688,1738.5
2010-11-04,3091.7368904118,0.0258201005069688,2794.5
2010-11-06,3091.7368904118,0.0310455970381411,2794.5
2010-11-08,3091.7368904118,0.0310455970381411,6509.8901
2010-11-10,4536.35372327504,0.0435221497768396,6509.8901
2010-11-12,4536.35372327504,0.0435221497768396,2124.0
2010-11-14,4536.35372327504,0.0536698012792116,2124.0
2010-11-16,4536.35372327504,0.0536698012792116,2870.0
2010-11-18,4536.35372327504,0.059307385447196,2870.0
2010-11-20,4536.35372327504,0.059307385447196,1652.2828
2010-11-22,6866.89864897274,0.0546168613375639,1652.2828
2010-11-24,6866.89864897274,0.0546168613375639,2595.558
2010-11-26,6866.89864897274,0.0692951428220342,2595.558
2010-11-28,6866.89864897274,0.0692951428220342,2436.0
2010-11-30,8078.19525792509,0.0843295455223728,2436.0
2010-12-02,8078.19525792509,0.0843295455223728,2185.0138
2010-12-04,8078.19525792509,0.0879436689019031,2185.0138
2010-12-06,8078.19525792509,0.0879436689019031,2863.5103930399
2010-12-08,8078.19525792509,0.0927625000746101,2863.5103930399
2010-12-10,8078.19525792509,0.0927625000746101,1713.5161
2010-12-12,12251.9997603745,0.105974736816725,1713.5161
2010-12-14,12251.9997603745,0.105974736816725,1932.0112523797
2010-12-16,12251.9997603745,0.11328333935581,1932.0112523797
2010-12-18,12251.9997603745,0.11328333935581,2037.51663391
2010-12-20,12251.9997603745,0.0968389836428695,2037.51663391
2010-12-22,12251.9997603745,0.0968389836428695,2281.5479062404
2010-12-24,14484.1623612254,0.108001742450377,2281.5479062404
2010-12-26,14484.1623612254,0.108001742450377,1837.5264112975
2010-12-28,14484.1623612254,0.121681963160758,1837.5264112975
2010-12-30,14484.1623612254,0.121681963160758,2625.027715656
2011-01-01,14484.1623612254,0.128162067707781,2625.027715656
2011-01-03,14484.1623612254,0.128162067707781,2340.218476206
2011-01-05,16307.420938524,0.121596943772684,2340.218476206
2011-01-07,16307.420938524,0.121596943772684,2550.016057536
2011-01-09,16307.420938524,0.12321823635632,2550.016057536
2011-01-11,16307.420938524,0.12321823635632,2970.0170033061
2011-01-13,16307.420938524,0.149969563986311,2970.0170033061
2011-01-15,16307.420938524,0.149969563986311,3542.0461731028
2011-01-17,18437.6443921663,0.158561467414078,3542.0461731028
2011-01-19,18437.6443921663,0.158561467414078,3363.019
2011-01-21,18437.6443921663,0.163144168784427,3363.019
2011-01-23,18437.6443921663,0.163144168784427,3741.1543954517
2011-01-25,18437.6443921663,0.142980282754891,3741.1543954517
2011-01-27,18437.6443921663,0.142980282754891,3402.252
2011-01-29,22012.3813379939,0.164136211725285,3402.252
2011-01-31,22012.3813379939,0.164136211725285,4176.3648
2011-02-02,22012.3813379939,0.177267108663308,4176.3648
2011-02-04,22012.3813379939,0.177267108663308,7722.0964068456
2011-02-06,22012.3813379939,0.191492247012833,7722.0964068456
2011-02-08,22012.3813379939,0.191492247012833,7740.159632928
2011-02-10,25997.8799288144,0.244256346380359,7740.159632928
2011-02-12,25997.8799288144,0.244256346380359,10094.7641254202
2011-02-14,25997.8799288144,0.240379261517179,10094.7641254202
2011-02-16,25997.8799288144,0.240379261517179,12636.6372
2011-02-18,36459.8869250751,0.391485054897639,12636.6372
2011-02-20,36459.8869250751,0.391485054897639,10200.2
2011-02-22,36459.8869250751,0.384235331658794,10200.2
2011-02-24,36459.8869250751,0.384235331658794,10022.659309984
2011-02-26,36459.8869250751,0.454920133237534,10022.659309984
2011-02-28,36459.8869250751,0.454920133237534,7200.4971396192
2011-03-02,55589.5181268687,0.467009518958862,7200.4971396192
2011-03-04,55589.5181268687,0.467009518958862,10387.677458
2011-03-06,55589.5181268687,0.746109882360313,10387.677458
2011-03-08,55589.5181268687,0.746109882360313,8785.1036000182
2011-03-10,76192.6193475137,0.450719122534764,8785.1036000182
2011-03-12,76192.6193475137,0.450719122534764,6604.4572506474
2011-03-14,76192.6193475137,0.443144011231659,6604.4572506474
2011-03-16,76192.6193475137,0.443144011231659,6121.629
2011-03-18,76192.6193475137,0.522682679914265,6121.629
2011-03-20,76192.6193475137,0.522682679914265,5783.87580453401
2011-03-22,76192.6193475137,0.477232012095633,5783.87580453401
2011-03-24,76192.6193475137,0.477232012095633,6715.1897994684
2011-03-26,68977.7846302096,0.483475502411536,6715.1897994684
2011-03-28,68977.7846302096,0.483475502411536,7746.9961
2011-03-30,68977.7846302096,0.53490906649787,7746.9961
2011-04-01,68977.7846302096,0.53490906649787,8883.59999999999
2011-04-03,68977.7846302096,0.572627013494514,8883.59999999999
2011-04-05,68977.7846302096,0.572627013494514,7781.10471600001
2011-04-07,82345.6441129666,0.663134715812337,7781.10471600001
2011-04-09,82345.6441129666,0.663134715812337,6165.3259
2011-04-11,82345.6441129666,0.630387322438889,6165.3259
2011-04-13,82345.6441129666,0.630387322438889,8927.7357519908
2011-04-15,82345.6441129666,0.552612263176948,8927.7357519908
2011-04-17,82345.6441129666,0.552612263176948,10030.378925
2011-04-19,92347.5909520943,0.647277934068425,10030.378925
2011-04-21,92347.5909520943,0.647277934068425,8824.04848056
2011-04-23,92347.5909520943,0.78040601979881,8824.04848056
2011-04-25,92347.5909520943,0.78040601979881,18349.4680725888
2011-04-27,92347.5909520943,0.872218492716317,18349.4680725888
2011-04-29,92347.5909520943,0.872218492716317,26619.7413945274
2011-05-01,109670.133292477,1.06853945167215,26619.7413945274
2011-05-03,109670.133292477,1.06853945167215,34916.8084713061
2011-05-05,109670.133292477,1.24299487235332,34916.8084713061
2011-05-07,109670.133292477,1.24299487235332,39120.0911831152
2011-05-09,109670.133292477,1.35748124217533,39120.0911831152
2011-05-11,109670.133292477,1.35748124217533,52790.9038079582
2011-05-13,157416.401843649,1.57286756773456,52790.9038079582
2011-05-15,157416.401843649,1.57286756773456,98033.8275096893
2011-05-17,157416.401843649,2.03455506274122,98033.8275096893
2011-05-19,157416.401843649,2.03455506274122,67163.5755188199
2011-05-21,244112.487774336,2.58473318607827,67163.5755188199
2011-05-23,244112.487774336,2.58473318607827,98185.9018975187
2011-05-25,244112.487774336,3.5433900954688,98185.9018975187
2011-05-27,244112.487774336,3.5433900954688,77198.2240307668
2011-05-29,434877.045527628,3.73988894768231,77198.2240307668
2011-05-31,434877.045527628,3.73988894768231,72236.3175006
2011-06-02,434877.045527628,4.10739248589387,72236.3175006
2011-06-04,434877.045527628,4.10739248589387,169044.304502307
2011-06-06,567269.530162422,7.04978032426183,169044.304502307
2011-06-08,567269.530162422,7.04978032426183,205777.867820522
2011-06-10,567269.530162422,6.37300141313269,205777.867820522
2011-06-12,567269.530162422,6.37300141313269,339684.628366656
2011-06-14,567269.530162422,6.34480229183565,339684.628366656
2011-06-16,567269.530162422,6.34480229183565,180547.398198072
2011-06-18,876954.493513537,8.80591615374559,180547.398198072
2011-06-20,876954.493513537,8.80591615374559,216942.316771128
2011-06-22,876954.493513537,11.7702839678778,216942.316771128
2011-06-24,876954.493513537,11.7702839678778,175009.367571956
2011-06-26,1379192.28822808,10.6268031804332,175009.367571956
2011-06-28,1379192.28822808,10.6268031804332,143475.0933439
2011-06-30,1379192.28822808,12.4093637139252,143475.0933439
2011-07-02,1379192.28822808,12.4093637139252,144573.253433718
2011-07-04,1379192.28822808,11.2438433651035,144573.253433718
2011-07-06,1379192.28822808,11.2438433651035,120837.229002086
2011-07-08,1563027.99611622,11.4216858394628,120837.229002086
2011-07-10,1563027.99611622,11.4216858394628,104035.656017018
2011-07-12,1563027.99611622,11.188590210086,104035.656017018
2011-07-14,1563027.99611622,11.188590210086,101997.370346344
2011-07-16,1563027.99611622,12.3540683569699,101997.370346344
2011-07-18,1563027.99611622,12.3540683569699,119733.409897846
2011-07-20,1690895.80305239,12.0198487388041,119733.409897846
2011-07-22,1690895.80305239,12.0198487388041,105435.76095675
2011-07-24,1690895.80305239,14.7936599862205,105435.76095675
2011-07-26,1690895.80305239,14.7936599862205,129122.843445988
2011-07-28,1690895.80305239,14.0371660096524,129122.843445988
2011-07-30,1690895.80305239,14.0371660096524,107719.38036759
2011-08-01,1888786.70535305,16.431116869293,107719.38036759
2011-08-03,1888786.70535305,16.431116869293,109075.990134714
2011-08-05,1888786.70535305,12.9571093026425,109075.990134714
2011-08-07,1888786.70535305,12.9571093026425,81473.2135452585
2011-08-09,1888786.70535305,12.4876488206627,81473.2135452585
2011-08-11,1888786.70535305,12.4876488206627,91137.937350672
2011-08-13,1888786.70535305,12.0181883386829,91137.937350672
2011-08-15,1888786.70535305,12.0181883386829,75922.588120944
2011-08-17,1805700.83619367,11.5792819314549,75922.588120944
2011-08-19,1805700.83619367,11.5792819314549,80237.62784115
2011-08-21,1805700.83619367,13.0154719384571,80237.62784115
2011-08-23,1805700.83619367,13.0154719384571,135219.99453169
2011-08-25,1805700.83619367,11.4895200560173,135219.99453169
2011-08-27,1805700.83619367,11.4895200560173,61111.3323484664
2011-08-29,1805700.83619367,11.2202344297044,61111.3323484664
2011-08-31,1805700.83619367,11.2202344297044,73389.9287063922
2011-09-02,1777774.48200146,14.3165311122368,73389.9287063922
2011-09-04,1777774.48200146,14.3165311122368,59178.4187767377
2011-09-06,1777774.48200146,13.2560473261452,59178.4187767377
2011-09-08,1777774.48200146,13.2560473261452,50112.387009762
2011-09-10,1777774.48200146,12.6374317842584,50112.387009762
2011-09-12,1777774.48200146,12.6374317842584,53842.4554280424
2011-09-14,1755425.3203287,13.2639252302093,53842.4554280424
2011-09-16,1755425.3203287,13.2639252302093,34345.021912677
2011-09-18,1755425.3203287,14.5728652200325,34345.021912677
2011-09-20,1755425.3203287,14.5728652200325,41857.6974328784
2011-09-22,1755425.3203287,13.0893998982328,41857.6974328784
2011-09-24,1755425.3203287,13.0893998982328,40224.902737995
2011-09-26,1755425.3203287,11.954985240386,40224.902737995
2011-09-28,1755425.3203287,11.954985240386,37507.3330326
2011-09-30,1689334.4045971,10.3292040558972,37507.3330326
2011-10-02,1689334.4045971,10.3292040558972,33482.5288779015
2011-10-04,1689334.4045971,10.9170449371271,33482.5288779015
2011-10-06,1689334.4045971,10.9170449371271,32540.46980275
2011-10-08,1689334.4045971,10.83306766838,32540.46980275
2011-10-10,1689334.4045971,10.83306766838,27264.6758660352
2011-10-12,1689334.4045971,9.99329498090868,27264.6758660352
2011-10-14,1689334.4045971,9.99329498090868,33446.3850815807
2011-10-16,1468195.42722083,8.97708003840482,33446.3850815807
2011-10-18,1468195.42722083,8.97708003840482,23795.9981008945
2011-10-20,1468195.42722083,7.51739222728209,23795.9981008945
2011-10-22,1468195.42722083,7.51739222728209,14022.0480098842
2011-10-24,1468195.42722083,8.97708003840482,14022.0480098842
2011-10-26,1468195.42722083,8.97708003840482,17559.26269602
2011-10-28,1468195.42722083,7.44440783672595,17559.26269602
2011-10-30,1468195.42722083,7.44440783672595,21180.4458325362
2011-11-01,1203461.92637997,8.73436486000387,21180.4458325362
2011-11-03,1203461.92637997,8.73436486000387,21322.4197847298
2011-11-05,1203461.92637997,8.97366252740123,21322.4197847298
2011-11-07,1203461.92637997,8.97366252740123,20378.5859875296
2011-11-09,1203461.92637997,10.1103264475387,20378.5859875296
2011-11-11,1203461.92637997,10.1103264475387,18006.20067036
2011-11-13,1203461.92637997,8.79418927685321,18006.20067036
2011-11-15,1203461.92637997,8.79418927685321,25231.090666208
2011-11-17,1192497.75008948,8.59551078000283,25231.090666208
2011-11-19,1192497.75008948,8.59551078000283,14582.918622111
2011-11-21,1192497.75008948,8.00271693310608,14582.918622111
2011-11-23,1192497.75008948,8.00271693310608,16528.3414456296
2011-11-25,1192497.75008948,7.70632000965771,16528.3414456296
2011-11-27,1192497.75008948,7.70632000965771,14874.4803119724
2011-11-29,1192497.75008948,8.23983447186478,14874.4803119724
2011-12-01,1192497.75008948,8.23983447186478,43221.23937738
2011-12-03,1090715.68005127,8.132965581692,43221.23937738
2011-12-05,1090715.68005127,8.132965581692,39646.1905701132
2011-12-07,1090715.68005127,7.97030627005816,39646.1905701132
2011-12-09,1090715.68005127,7.97030627005816,23338.9524496371
2011-12-11,1090715.68005127,7.86186672896894,23338.9524496371
2011-12-13,1090715.68005127,7.86186672896894,21991.5002920275
2011-12-15,1155038.33396364,7.06232384270858,21991.5002920275
2011-12-17,1155038.33396364,7.06232384270858,28920.8126789593
2011-12-19,1155038.33396364,8.67000731909753,28920.8126789593
2011-12-21,1155038.33396364,8.67000731909753,42582.9494079297
2011-12-23,1155038.33396364,8.72742458611142,42582.9494079297
2011-12-25,1155038.33396364,8.72742458611142,43867.1973702592
2011-12-27,1159929.49722438,9.1680048812832,43867.1973702592
2011-12-29,1159929.49722438,9.1680048812832,32934.6327595714
2011-12-31,1159929.49722438,9.28332569739997,32934.6327595714
2012-01-02,1159929.49722438,9.28332569739997,63012.4893246422
2012-01-04,1159929.49722438,8.87970284099127,63012.4893246422
2012-01-06,1159929.49722438,8.87970284099127,60436.957273902
2012-01-08,1159929.49722438,9.28332569739997,60436.957273902
2012-01-10,1159929.49722438,9.28332569739997,58149.1264872017
2012-01-12,1250757.73927466,10.3211337404744,58149.1264872017
2012-01-14,1250757.73927466,10.3211337404744,60879.0075160823
2012-01-16,1250757.73927466,9.82372970478891,60879.0075160823
2012-01-18,1250757.73927466,9.82372970478891,48170.5949892576
2012-01-20,1250757.73927466,8.58021961557513,48170.5949892576
2012-01-22,1250757.73927466,8.58021961557513,48845.2985672148
2012-01-24,1307728.36060407,8.77601647007213,48845.2985672148
2012-01-26,1307728.36060407,8.77601647007213,53094.3502675725
2012-01-28,1307728.36060407,10.076167058231,53094.3502675725
2012-01-30,1307728.36060407,10.076167058231,51072.9095432556
2012-02-01,1307728.36060407,8.77601647007213,51072.9095432556
2012-02-03,1307728.36060407,8.77601647007213,54515.3249872762
2012-02-05,1379647.43921429,9.3272398828152,54515.3249872762
2012-02-07,1379647.43921429,9.3272398828152,43025.432066404
2012-02-09,1379647.43921429,9.87590105239257,43025.432066404
2012-02-11,1379647.43921429,9.87590105239257,46949.2130839446
2012-02-13,1379647.43921429,10.0816489909841,46949.2130839446
2012-02-15,1379647.43921429,10.0816489909841,38044.813129311
2012-02-17,1379647.43921429,9.73873575999822,38044.813129311
2012-02-19,1379647.43921429,9.73873575999822,36583.9155078438
2012-02-21,1376302.26788638,8.75729367404835,36583.9155078438
2012-02-23,1376302.26788638,8.75729367404835,40768.5214860064
2012-02-25,1376302.26788638,11.42553159036,40768.5214860064
2012-02-27,1376302.26788638,11.42553159036,44206.1031315952
2012-02-29,1376302.26788638,12.7254423701015,44206.1031315952
2012-03-02,1376302.26788638,12.7254423701015,36950.8110274022
2012-03-04,1496978.59502557,9.67397724650567,36950.8110274022
2012-03-06,1496978.59502557,9.67397724650567,41102.2274464368
2012-03-08,1496978.59502557,11.6087726958068,41102.2274464368
2012-03-10,1496978.59502557,11.6087726958068,45810.2437535655
2012-03-12,1496978.59502557,12.5761704204574,45810.2437535655
2012-03-14,1496978.59502557,12.5761704204574,45828.1974228738
2012-03-16,1498294.36281651,10.6507281967033,45828.1974228738
2012-03-18,1498294.36281651,10.6507281967033,47538.342423108
2012-03-20,1498294.36281651,11.0231312805041,47538.342423108
2012-03-22,1498294.36281651,11.0231312805041,42873.4562543576
2012-03-24,1498294.36281651,12.810666082748,42873.4562543576
2012-03-26,1498294.36281651,12.810666082748,48194.038893809
2012-03-28,1498294.36281651,11.8424180648659,48194.038893809
2012-03-30,1498294.36281651,11.8424180648659,43187.946633504
2012-04-01,1626553.48132894,12.1284618185812,43187.946633504
2012-04-03,1626553.48132894,12.1284618185812,36713.2875190774
2012-04-05,1626553.48132894,9.62191304274106,36713.2875190774
2012-04-07,1626553.48132894,9.62191304274106,34986.860483824
2012-04-09,1626553.48132894,12.209318230705,34986.860483824
2012-04-11,1626553.48132894,12.209318230705,38494.438652033
2012-04-13,1577913.48567673,9.88325160797756,38494.438652033
2012-04-15,1577913.48567673,9.88325160797756,28884.0840423412
2012-04-17,1577913.48567673,11.1382676851811,28884.0840423412
2012-04-19,1577913.48567673,11.1382676851811,45875.2410504836
2012-04-21,1577913.48567673,11.5304602093072,45875.2410504836
2012-04-23,1577913.48567673,11.5304602093072,38979.04505166
2012-04-25,1577913.48567673,10.8245136658802,38979.04505166
2012-04-27,1577913.48567673,10.8245136658802,41139.2927718113
2012-04-29,1508589.67206029,12.4487382935262,41139.2927718113
2012-05-01,1508589.67206029,12.4487382935262,47536.71701085
2012-05-03,1508589.67206029,12.4487382935262,47536.71701085
2012-05-05,1508589.67206029,12.4487382935262,47164.841369471
2012-05-07,1508589.67206029,12.8237002903192,47164.841369471
2012-05-09,1508589.67206029,12.8237002903192,46999.023647331
2012-05-11,1733207.51384839,10.5974601790129,46999.023647331
2012-05-13,1733207.51384839,10.5974601790129,40563.4083685
2012-05-15,1733207.51384839,11.2867258817129,40563.4083685
2012-05-17,1733207.51384839,11.2867258817129,30660.804986283
2012-05-19,1733207.51384839,12.5790990742755,30660.804986283
2012-05-21,1733207.51384839,12.5790990742755,33577.3277565435
2012-05-23,1733207.51384839,10.4251437533379,33577.3277565435
2012-05-25,1733207.51384839,10.4251437533379,31620.9331111791
2012-05-27,1591074.96184731,12.9712135181187,31620.9331111791
2012-05-29,1591074.96184731,12.9712135181187,34661.6432505252
2012-05-31,1591074.96184731,11.5475437417398,34661.6432505252
2012-06-02,1591074.96184731,11.5475437417398,51161.0132020947
2012-06-04,1591074.96184731,11.9430075685117,51161.0132020947
2012-06-06,1591074.96184731,11.9430075685117,45358.3473886863
2012-06-08,1591074.96184731,11.7057292724486,45358.3473886863
2012-06-10,1591074.96184731,11.7057292724486,61517.1607357136
2012-06-12,1583177.84744401,11.0180276735338,61517.1607357136
2012-06-14,1583177.84744401,11.0180276735338,54511.9268304376
2012-06-16,1583177.84744401,12.5920316268957,54511.9268304376
2012-06-18,1583177.84744401,12.5920316268957,79953.9891214155
2012-06-20,1726566.55919348,11.6726201299773,79953.9891214155
2012-06-22,1726566.55919348,11.6726201299773,49101.457631244
2012-06-24,1726566.55919348,12.0159324867414,49101.457631244
2012-06-26,1726566.55919348,12.0159324867414,58502.8101289665
2012-06-28,1726566.55919348,11.5867920407863,58502.8101289665
2012-06-30,1726566.55919348,11.5867920407863,45449.1543067431
2012-07-02,1726566.55919348,13.8183223597526,45449.1543067431
2012-07-04,1726566.55919348,13.8183223597526,55792.3337719693
2012-07-06,1751454.53534068,13.3209874109609,55792.3337719693
2012-07-08,1751454.53534068,13.3209874109609,56695.2287056026
2012-07-10,1751454.53534068,13.1468568565692,56695.2287056026
2012-07-12,1751454.53534068,13.1468568565692,78642.5914367299
2012-07-14,1751454.53534068,12.9727263021776,78642.5914367299
2012-07-16,1751454.53534068,12.9727263021776,64134.408049218
2012-07-18,1866391.30500321,14.009601065922,64134.408049218
2012-07-20,1866391.30500321,14.009601065922,79163.6715730521
2012-07-22,1866391.30500321,12.8962552858487,79163.6715730521
2012-07-24,1866391.30500321,12.8962552858487,86528.605765769
2012-07-26,1866391.30500321,16.5146290710868,86528.605765769
2012-07-28,1866391.30500321,16.5146290710868,75834.0973742251
2012-07-30,2036671.08869332,18.730041758676,75834.0973742251
2012-08-01,2036671.08869332,18.730041758676,77805.1686569322
2012-08-03,2036671.08869332,17.5151201310862,77805.1686569322
2012-08-05,2036671.08869332,17.5151201310862,84261.4932141129
2012-08-07,2036671.08869332,15.0852768759066,84261.4932141129
2012-08-09,2036671.08869332,15.0852768759066,108030.487505667
2012-08-11,2036671.08869332,15.996468096599,108030.487505667
2012-08-13,2036671.08869332,15.996468096599,114712.743940131
2012-08-15,2190865.97010286,18.623360014449,114712.743940131
2012-08-17,2190865.97010286,18.623360014449,107047.282328846
2012-08-19,2190865.97010286,17.2075490191985,107047.282328846
2012-08-21,2190865.97010286,17.2075490191985,118921.157143547
2012-08-23,2190865.97010286,17.9699087858719,118921.157143547
2012-08-25,2190865.97010286,17.9699087858719,86373.85082235
2012-08-27,2440642.60691596,18.0774253068439,86373.85082235
2012-08-29,2440642.60691596,18.0774253068439,113713.559348395
2012-08-31,2440642.60691596,17.3494752944877,113713.559348395
2012-09-02,2440642.60691596,17.3494752944877,94608.3067920648
2012-09-04,2440642.60691596,15.5296002635974,94608.3067920648
2012-09-06,2440642.60691596,15.5296002635974,117683.9088304
2012-09-08,2694047.95295501,18.7490590191164,117683.9088304
2012-09-10,2694047.95295501,18.7490590191164,98340.1683113496
2012-09-12,2694047.95295501,18.8829808692529,98340.1683113496
2012-09-14,2694047.95295501,18.8829808692529,134619.212003651
2012-09-16,2694047.95295501,20.0882775204818,134619.212003651
2012-09-18,2694047.95295501,20.0882775204818,128014.294127641
2012-09-20,2864140.50781097,20.9294479443629,128014.294127641
2012-09-22,2864140.50781097,20.9294479443629,146361.719310345
2012-09-24,2864140.50781097,22.2108427164667,146361.719310345
2012-09-26,2864140.50781097,22.2108427164667,99418.3082844119
2012-09-28,2864140.50781097,23.3498602916702,99418.3082844119
2012-09-30,2864140.50781097,23.3498602916702,176971.904416766
2012-10-02,2864140.50781097,19.3632987784582,176971.904416766
2012-10-04,2864140.50781097,19.3632987784582,104693.917559021
2012-10-06,3054627.52694864,21.5621828335442,104693.917559021
2012-10-08,3054627.52694864,21.5621828335442,137518.651284201
2012-10-10,3054627.52694864,22.6251073394231,137518.651284201
2012-10-12,3054627.52694864,22.6251073394231,114162.297968099
2012-10-14,3054627.52694864,20.9547974016134,114162.297968099
2012-10-16,3054627.52694864,20.9547974016134,125996.042213467
2012-10-18,3072321.73202076,23.672520961597,125996.042213467
2012-10-20,3072321.73202076,23.672520961597,140569.408327441
2012-10-22,3072321.73202076,25.3525063201619,140569.408327441
2012-10-24,3072321.73202076,25.3525063201619,130715.728158564
2012-10-26,3072321.73202076,24.5888766117233,130715.728158564
2012-10-28,3072321.73202076,24.5888766117233,110126.632663093
2012-10-30,3304356.39299034,24.4748066399431,110126.632663093
2012-11-01,3304356.39299034,24.4748066399431,89057.727438161
2012-11-03,3304356.39299034,23.4892439564555,89057.727438161
2012-11-05,3304356.39299034,23.4892439564555,125929.116647769
2012-11-07,3304356.39299034,25.7888902179266,125929.116647769
2012-11-09,3304356.39299034,25.7888902179266,123377.173144575
2012-11-11,3304356.39299034,21.6823790367281,123377.173144575
2012-11-13,3304356.39299034,21.6823790367281,87382.408627066
2012-11-15,3368767.14053294,22.7748759110447,87382.408627066
2012-11-17,3368767.14053294,22.7748759110447,97100.0207675039
2012-11-19,3368767.14053294,20.5978657136654,97100.0207675039
2012-11-21,3368767.14053294,20.5978657136654,103354.954791625
2012-11-23,3368767.14053294,24.2820368169227,103354.954791625
2012-11-25,3368767.14053294,24.2820368169227,120070.703294598
2012-11-27,3438908.96015914,25.9842619294715,120070.703294598
2012-11-29,3438908.96015914,25.9842619294715,70184.8818238485
2012-12-01,3438908.96015914,27.3518546626016,70184.8818238485
2012-12-03,3438908.96015914,27.3518546626016,60848.2277570568
2012-12-05,3438908.96015914,20.5138909969512,60848.2277570568
2012-12-07,3438908.96015914,20.5138909969512,54129.9060769477
2012-12-09,3438908.96015914,22.2233819133638,54129.9060769477
2012-12-11,3438908.96015914,22.2233819133638,68361.6679052077
2012-12-13,3370181.79927784,22.7844398482441,68361.6679052077
2012-12-15,3370181.79927784,22.7844398482441,43350.7608756963
2012-12-17,3370181.79927784,21.1091133888144,43350.7608756963
2012-12-19,3370181.79927784,21.1091133888144,50729.40811098
2012-12-21,3370181.79927784,20.2714501590996,50729.40811098
2012-12-23,3370181.79927784,20.2714501590996,54028.9104482196
2012-12-25,3370181.79927784,20.6065154509855,54028.9104482196
2012-12-27,3370181.79927784,20.6065154509855,65673.98492875
2012-12-29,2979636.61693807,19.8478843099254,65673.98492875
2012-12-31,2979636.61693807,19.8478843099254,58010.8309494952
2013-01-02,2979636.61693807,23.1064921817042,58010.8309494952
2013-01-04,2979636.61693807,23.1064921817042,66924.4397808084
2013-01-06,2979636.61693807,21.0328326269359,66924.4397808084
2013-01-08,2979636.61693807,21.0328326269359,57332.7336966342
2013-01-10,3249549.58448721,23.5842539588777,57332.7336966342
2013-01-12,3249549.58448721,23.5842539588777,49937.2533556821
2013-01-14,3249549.58448721,24.8765418470353,49937.2533556821
2013-01-16,3249549.58448721,24.8765418470353,50380.8905820691
2013-01-18,3249549.58448721,20.1919982524637,50380.8905820691
2013-01-20,3249549.58448721,20.1919982524637,59220.9635158945
2013-01-22,3249549.58448721,20.6766062105229,59220.9635158945
2013-01-24,3249549.58448721,20.6766062105229,75398.3863826241
2013-01-26,2968775.33207507,22.1367933340868,75398.3863826241
2013-01-28,2968775.33207507,22.1367933340868,73729.1486800971
2013-01-30,2968775.33207507,21.3989002229506,73729.1486800971
2013-02-01,2968775.33207507,21.3989002229506,87344.8827794721
2013-02-03,2968775.33207507,24.3504726674955,87344.8827794721
2013-02-05,2968775.33207507,24.3504726674955,107510.605361521
2013-02-07,3275464.58656562,24.0979857085511,107510.605361521
2013-02-09,3275464.58656562,24.0979857085511,90602.983263546
2013-02-11,3275464.58656562,25.8890522139163,90602.983263546
2013-02-13,3275464.58656562,25.8890522139163,112723.823173785
2013-02-15,3275464.58656562,28.6570640858445,112723.823173785
2013-02-17,3275464.58656562,28.6570640858445,138276.524899366
2013-02-19,3651011.63069321,30.1278002487238,138276.524899366
2013-02-21,3651011.63069321,30.1278002487238,141595.865437183
2013-02-23,3651011.63069321,29.4018291583931,141595.865437183
2013-02-25,3651011.63069321,29.4018291583931,166362.790813607
2013-02-27,3651011.63069321,36.8430328342827,166362.790813607
2013-03-01,3651011.63069321,36.8430328342827,130725.696049606
2013-03-03,4367876.0008422,33.0035006440194,130725.696049606
2013-03-05,4367876.0008422,33.0035006440194,130198.802397664
2013-03-07,4367876.0008422,33.0035006440194,130198.802397664
2013-03-09,4367876.0008422,33.0035006440194,190417.32780928
2013-03-11,4367876.0008422,40.3858626301816,190417.32780928
2013-03-13,4367876.0008422,40.3858626301816,187532.509307682
2013-03-15,4847647.15206561,40.9662339897429,187532.509307682
2013-03-17,4847647.15206561,40.9662339897429,262626.561324697
2013-03-19,4847647.15206561,47.472635858702,262626.561324697
2013-03-21,4847647.15206561,47.472635858702,395885.964153684
2013-03-23,4847647.15206561,50.6053478696824,395885.964153684
2013-03-25,4847647.15206561,50.6053478696824,276717.29554471
2013-03-27,6695826.28259625,41.9392675675285,276717.29554471
2013-03-29,6695826.28259625,41.9392675675285,412357.154045375
2013-03-31,6695826.28259625,52.2576587944602,412357.154045375
2013-04-02,6695826.28259625,52.2576587944602,531299.50374904
2013-04-04,6695826.28259625,53.2562127841633,531299.50374904
2013-04-06,6695826.28259625,53.2562127841633,591783.084092298
2013-04-08,7672999.92016414,64.4611452380131,591783.084092298
2013-04-10,7672999.92016414,64.4611452380131,1222539.97556962
2013-04-12,7672999.92016414,65.9868528176111,1222539.97556962
2013-04-14,7672999.92016414,65.9868528176111,407971.672898
2013-04-16,7672999.92016414,69.8011217666059,407971.672898
2013-04-18,7672999.92016414,69.8011217666059,382166.716530321
2013-04-20,8974296.01488785,64.6866278222469,382166.716530321
2013-04-22,8974296.01488785,64.6866278222469,478662.08930603
2013-04-24,8974296.01488785,78.0700680613325,478662.08930603
2013-04-26,8974296.01488785,78.0700680613325,619929.370863019
2013-04-28,8974296.01488785,74.501150664243,619929.370863019
2013-04-30,8974296.01488785,74.501150664243,552276.319031692
2013-05-02,10076292.8834187,72.1289139986682,552276.319031692
2013-05-04,10076292.8834187,72.1289139986682,411141.895158456
2013-05-06,10076292.8834187,81.6459234846036,411141.895158456
2013-05-08,10076292.8834187,81.6459234846036,500229.167555164
2013-05-10,10076292.8834187,83.649504429011,500229.167555164
2013-05-12,10076292.8834187,83.649504429011,521616.294996101
2013-05-14,11187257.4613608,81.7498729685886,521616.294996101
2013-05-16,11187257.4613608,81.7498729685886,431451.045810658
2013-05-18,11187257.4613608,81.7498729685886,431451.045810658
2013-05-20,11187257.4613608,81.7498729685886,398718.883928346
2013-05-22,11187257.4613608,92.3161830801749,398718.883928346
2013-05-24,11187257.4613608,92.3161830801749,560565.063706746
2013-05-26,12153411.7097758,97.2680490550696,560565.063706746
2013-05-28,12153411.7097758,97.2680490550696,545731.970206464
2013-05-30,12153411.7097758,102.101244039172,545731.970206464
2013-06-01,12153411.7097758,102.101244039172,750633.183040245
2013-06-03,12153411.7097758,126.267218959687,750633.183040245
2013-06-05,12153411.7097758,126.267218959687,584174.086240607
2013-06-07,15605632.6812859,124.897393540757,584174.086240607
2013-06-09,15605632.6812859,124.897393540757,460210.694516245
2013-06-11,15605632.6812859,136.533796665672,460210.694516245
2013-06-13,15605632.6812859,136.533796665672,517965.950830181
2013-06-15,15605632.6812859,136.533796665672,517965.950830181
2013-06-17,15605632.6812859,136.533796665672,365819.131829853
2013-06-19,19339258.2723867,120.169967894673,365819.131829853
2013-06-21,19339258.2723867,120.169967894673,471481.16820733
2013-06-23,19339258.2723867,169.1993147957,471481.16820733
2013-06-25,19339258.2723867,169.1993147957,407676.785224876
2013-06-27,19339258.2723867,159.585717364126,407676.785224876
2013-06-29,19339258.2723867,159.585717364126,411720.05109895
2013-07-01,21335329.113983,162.269499322626,411720.05109895
2013-07-03,21335329.113983,162.269499322626,440475.028120066
2013-07-05,21335329.113983,187.723538432058,440475.028120066
2013-07-07,21335329.113983,187.723538432058,338639.273125113
2013-07-09,21335329.113983,213.177577541489,338639.273125113
2013-07-11,21335329.113983,213.177577541489,398687.751246246
2013-07-13,26162875.6825699,196.385104274522,398687.751246246
2013-07-15,26162875.6825699,196.385104274522,395086.467418021
2013-07-17,26162875.6825699,219.795249154928,395086.467418021
2013-07-19,26162875.6825699,219.795249154928,391613.021306059
2013-07-21,26162875.6825699,253.609902871071,391613.021306059
2013-07-23,26162875.6825699,253.609902871071,335480.676599656
2013-07-25,31256960.7277689,212.869496544479,335480.676599656
2013-07-27,31256960.7277689,212.869496544479,476160.132109155
2013-07-29,31256960.7277689,257.929462966303,476160.132109155
2013-07-31,31256960.7277689,257.929462966303,545157.638204102
2013-08-02,31256960.7277689,295.220469660226,545157.638204102
2013-08-04,31256960.7277689,295.220469660226,647130.905351311
2013-08-06,37392766.1364746,351.314048013107,647130.905351311
2013-08-08,37392766.1364746,351.314048013107,559108.531513066
2013-08-10,37392766.1364746,369.902092881525,559108.531513066
2013-08-12,37392766.1364746,369.902092881525,580187.55584265
2013-08-14,50810339.0482765,388.972530725659,580187.55584265
2013-08-16,50810339.0482765,388.972530725659,426384.089353921
2013-08-18,50810339.0482765,497.581743850356,426384.089353921
2013-08-20,50810339.0482765,497.581743850356,554099.226972841
2013-08-22,50810339.0482765,525.365496045046,554099.226972841
2013-08-24,50810339.0482765,525.365496045046,668645.999063105
2013-08-26,65750060.1490848,532.757874562586,668645.999063105
2013-08-28,65750060.1490848,532.757874562586,560486.796206609
2013-08-30,65750060.1490848,634.079924326022,560486.796206609
2013-09-01,65750060.1490848,634.079924326022,739015.405311809
2013-09-03,65750060.1490848,604.663845362444,739015.405311809
2013-09-05,65750060.1490848,604.663845362444,563466.227787724
2013-09-07,86933017.7711944,704.398591759124,563466.227787724
2013-09-09,86933017.7711944,704.398591759124,633037.841848355
2013-09-11,86933017.7711944,868.614214377815,633037.841848355
2013-09-13,86933017.7711944,868.614214377815,663452.154188786
2013-09-15,112628548.666347,1024.57958056223,663452.154188786
2013-09-17,112628548.666347,1024.57958056223,615657.561980414
2013-09-19,112628548.666347,1091.76512682861,615657.561980414
2013-09-21,112628548.666347,1091.76512682861,603180.006672738
2013-09-23,112628548.666347,1237.33381040575,603180.006672738
2013-09-25,112628548.666347,1237.33381040575,721812.583931176
2013-09-27,148819199.805093,1302.02028851433,721812.583931176
2013-09-29,148819199.805093,1302.02028851433,553727.740837207
2013-10-01,148819199.805093,1449.97713948187,553727.740837207
2013-10-03,148819199.805093,1449.97713948187,551724.984940021
2013-10-05,148819199.805093,1560.94477770752,551724.984940021
2013-10-07,148819199.805093,1560.94477770752,506345.04039156
2013-10-09,189281249.281033,1721.88761457957,506345.04039156
2013-10-11,189281249.281033,1721.88761457957,640204.891697548
2013-10-13,189281249.281033,2154.71182370886,640204.891697548
2013-10-15,189281249.281033,2154.71182370886,992130.713905087
2013-10-17,267731249.482421,2382.30967540873,992130.713905087
2013-10-19,267731249.482421,2382.30967540873,1163078.62582515
2013-10-21,267731249.482421,2675.10751260981,1163078.62582515
2013-10-23,267731249.482421,2675.10751260981,1152128.03457543
2013-10-25,267731249.482421,3194.15822401171,1152128.03457543
2013-10-27,267731249.482421,3194.15822401171,863920.64739092
2013-10-29,390928787.638086,3051.00854399733,863920.64739092
2013-10-31,390928787.638086,3051.00854399733,1268518.87527203
2013-11-02,390928787.638086,4216.99907036574,1268518.87527203
2013-11-04,390928787.638086,4216.99907036574,1170149.90952589
2013-11-06,510929738.016152,4114.54971624979,1170149.90952589
2013-11-08,510929738.016152,4114.54971624979,1006003.80653402
2013-11-10,510929738.016152,4266.94044648126,1006003.80653402
2013-11-12,510929738.016152,4266.94044648126,1837786.1373951
2013-11-14,510929738.016152,4292.33890151984,1837786.1373951
2013-11-16,510929738.016152,4292.33890151984,2334241.72723504
2013-11-18,609482679.888355,4968.79792970165,2334241.72723504
2013-11-20,609482679.888355,4968.79792970165,2338840.68621181
2013-11-22,609482679.888355,5029.39302640533,2338840.68621181
2013-11-24,609482679.888355,5029.39302640533,3874676.60628557
2013-11-26,609482679.888355,4968.79792970165,3874676.60628557
2013-11-28,609482679.888355,4968.79792970165,4735006.8924977
2013-11-30,707408283.051497,5626.47303819572,4735006.8924977
2013-12-02,707408283.051497,5626.47303819572,4151387.47311107
2013-12-04,707408283.051497,6224.28579850402,4151387.47311107
2013-12-06,707408283.051497,6224.28579850402,6387079.22400915
2013-12-08,707408283.051497,6294.61671148146,6387079.22400915
2013-12-10,707408283.051497,6294.61671148146,4710243.707226
2013-12-12,908350862.437022,7495.62480414846,4710243.707226
2013-12-14,908350862.437022,7495.62480414846,4901088.77099175
2013-12-16,908350862.437022,8714.79269397984,4901088.77099175
2013-12-18,908350862.437022,8714.79269397984,4072838.85613162
2013-12-20,908350862.437022,9121.1819905903,4072838.85613162
2013-12-22,908350862.437022,9121.1819905903,2751604.73688907
2013-12-24,1180923195.25803,9744.8657343946,2751604.73688907
2013-12-26,1180923195.25803,9744.8657343946,3404782.70383875
2013-12-28,1180923195.25803,9627.45771349828,3404782.70383875
2013-12-30,1180923195.25803,9627.45771349828,3632082.20000505
2014-01-01,1180923195.25803,11740.802089632,3632082.20000505
2014-01-03,1180923195.25803,11740.802089632,3468549.23939752
2014-01-05,1418481395.26264,12692.3566721614,3468549.23939752
2014-01-07,1418481395.26264,12692.3566721614,4525042.38885386
2014-01-09,1418481395.26264,12762.8697647845,4525042.38885386
2014-01-11,1418481395.26264,12762.8697647845,5777402.51750686
2014-01-13,1789546951.05324,18058.6488747028,5777402.51750686
2014-01-15,1789546951.05324,18058.6488747028,4217005.9545048
2014-01-17,1789546951.05324,13610.7058021159,4217005.9545048
2014-01-19,1789546951.05324,13610.7058021159,3964756.61727788
2014-01-21,1789546951.05324,15300.924169699,3964756.61727788
2014-01-23,1789546951.05324,15300.924169699,5241644.13745878
2014-01-25,2193847870.17428,16903.7992186766,5241644.13745878
2014-01-27,2193847870.17428,16903.7992186766,6040771.8236915
2014-01-29,2193847870.17428,17230.9695261348,6040771.8236915
2014-01-31,2193847870.17428,17230.9695261348,4212641.890744
2014-02-02,2193847870.17428,19412.1049091899,4212641.890744
2014-02-04,2193847870.17428,19412.1049091899,4662961.48683288
2014-02-06,2621404453.06462,21761.8906024157,4662961.48683288
2014-02-08,2621404453.06462,21761.8906024157,4306013.7785266
2014-02-10,2621404453.06462,19937.5404920335,4306013.7785266
2014-02-12,2621404453.06462,19937.5404920335,4063256.22662555
2014-02-14,2621404453.06462,24889.3479344994,4063256.22662555
2014-02-16,2621404453.06462,24889.3479344994,4254676.6144031
2014-02-18,3129573174.52229,25980.5116973035,4254676.6144031
2014-02-20,3129573174.52229,25980.5116973035,3495121.25464408
2014-02-22,3129573174.52229,25513.79591831,3495121.25464408
2014-02-24,3129573174.52229,25513.79591831,3447585.41024301
2014-02-26,3129573174.52229,28158.5186659398,3447585.41024301
2014-02-28,3129573174.52229,28158.5186659398,3407746.31205269
2014-03-02,3815723798.81463,28262.4181718192,3407746.31205269
2014-03-04,3815723798.81463,28262.4181718192,3372548.86635277
2014-03-06,3815723798.81463,30728.2667371457,3372548.86635277
2014-03-08,3815723798.81463,30728.2667371457,4085715.99207135
2014-03-10,3815723798.81463,31297.3087137595,4085715.99207135
2014-03-12,3815723798.81463,31297.3087137595,3456434.06040891
2014-03-14,4250217919.86954,29367.8475506144,3456434.06040891
2014-03-16,4250217919.86954,29367.8475506144,4518329.04399226
2014-03-18,4250217919.86954,30635.5244233027,4518329.04399226
2014-03-20,4250217919.86954,30635.5244233027,3294476.77586909
2014-03-22,4250217919.86954,37185.1882655261,3294476.77586909
2014-03-24,4250217919.86954,37185.1882655261,3225418.94807707
2014-03-26,5006860589.2054,39324.9976022039,3225418.94807707
2014-03-28,5006860589.2054,39324.9976022039,2543758.8037429
2014-03-30,5006860589.2054,37084.9660932176,2543758.8037429
2014-04-01,5006860589.2054,37084.9660932176,2190656.88165462
2014-04-03,5006860589.2054,51769.6170965723,2190656.88165462
2014-04-05,5006860589.2054,51769.6170965723,2752160.90149948
2014-04-07,6119726089.12815,44415.1321567057,2752160.90149948
2014-04-09,6119726089.12815,44415.1321567057,2150368.59522249
2014-04-11,6119726089.12815,45327.7718585558,2150368.59522249
2014-04-13,6119726089.12815,45327.7718585558,2407657.42973614
2014-04-15,6119726089.12815,59321.5806202576,2407657.42973614
2014-04-17,6119726089.12815,59321.5806202576,2706076.91605982
2014-04-19,6978842649.59238,56547.9844196814,2706076.91605982
2014-04-21,6978842649.59238,56547.9844196814,2803733.6424231
2014-04-23,6978842649.59238,60711.0262174494,2803733.6424231
2014-04-25,6978842649.59238,60711.0262174494,3121784.16930471
2014-04-27,6978842649.59238,57935.6650189374,3121784.16930471
2014-04-29,6978842649.59238,57935.6650189374,2373811.60726478
2014-05-01,8000872135.96816,66817.8858733963,2373811.60726478
2014-05-03,8000872135.96816,66817.8858733963,1824628.31054812
2014-05-05,8000872135.96816,49715.688893896,1824628.31054812
2014-05-07,8000872135.96816,49715.688893896,2136347.09544072
2014-05-09,8000872135.96816,66022.4348510939,2136347.09544072
2014-05-11,8000872135.96816,66022.4348510939,2107297.0875308
2014-05-13,8853416309.1278,74817.9710179175,2107297.0875308
2014-05-15,8853416309.1278,74817.9710179175,2329797.59349022
2014-05-17,8853416309.1278,80539.3452722289,2329797.59349022
2014-05-19,8853416309.1278,80539.3452722289,2800193.45760369
2014-05-21,8853416309.1278,78338.8167128784,2800193.45760369
2014-05-23,8853416309.1278,78338.8167128784,2450791.24452302
2014-05-25,10455720138.4848,78483.2567556605,2450791.24452302
2014-05-27,10455720138.4848,78483.2567556605,2171401.39268694
2014-05-29,10455720138.4848,68088.1234105399,2171401.39268694
2014-05-31,10455720138.4848,68088.1234105399,2507046.66898787
2014-06-02,10455720138.4848,93036.4434388293,2507046.66898787
2014-06-04,10455720138.4848,93036.4434388293,3593888.80985165
2014-06-06,11756551916.904,86494.3621241971,3593888.80985165
2014-06-08,11756551916.904,86494.3621241971,2503351.83023013
2014-06-10,11756551916.904,103442.581729614,2503351.83023013
2014-06-12,11756551916.904,103442.581729614,3477994.08182039
2014-06-14,11756551916.904,102858.16036391,3477994.08182039
2014-06-16,11756551916.904,102858.16036391,3357698.58037231
2014-06-18,13462580114.5253,113768.842858603,3357698.58037231
2014-06-20,13462580114.5253,113768.842858603,3429551.41602032
2014-06-22,13462580114.5253,129161.098068884,3429551.41602032
2014-06-24,13462580114.5253,129161.098068884,3183637.21807602
2014-06-26,13462580114.5253,114438.071346006,3183637.21807602
2014-06-28,13462580114.5253,114438.071346006,3390821.48285489
2014-06-30,16818461371.1611,104506.281189491,3390821.48285489
2014-07-02,16818461371.1611,104506.281189491,2261661.30916854
2014-07-04,16818461371.1611,133768.039922549,2261661.30916854
2014-07-06,16818461371.1611,133768.039922549,2561839.04560687
2014-07-08,16818461371.1611,135440.140421581,2561839.04560687
2014-07-10,16818461371.1611,135440.140421581,3133288.01651803
2014-07-12,16818461371.1611,137948.291170128,3133288.01651803
2014-07-14,16818461371.1611,137948.291170128,2324693.38813598
2014-07-16,17336316978.5078,142195.843578748,2324693.38813598
2014-07-18,17336316978.5078,142195.843578748,3638812.44346872
2014-07-20,17336316978.5078,146504.80853568,3638812.44346872
2014-07-22,17336316978.5078,146504.80853568,2652571.36378448
2014-07-24,17336316978.5078,128407.155716566,2652571.36378448
2014-07-26,17336316978.5078,128407.155716566,2326825.30108101
2014-07-28,18736441558.3102,126669.524399822,2326825.30108101
2014-07-30,18736441558.3102,126669.524399822,3902129.78311854
2014-08-01,18736441558.3102,142503.2149498,3902129.78311854
2014-08-03,18736441558.3102,142503.2149498,2835381.94049722
2014-08-05,18736441558.3102,122943.950152769,2835381.94049722
2014-08-07,18736441558.3102,122943.950152769,2541691.97252622
2014-08-09,19729645940.5771,169672.521356757,2541691.97252622
2014-08-11,19729645940.5771,169672.521356757,3345836.1122912
2014-08-13,19729645940.5771,153980.265046305,3345836.1122912
2014-08-15,19729645940.5771,153980.265046305,2314744.7005523
2014-08-17,19729645940.5771,161826.393201531,2314744.7005523
2014-08-19,19729645940.5771,161826.393201531,2809058.54143764
2014-08-21,23844670038.8033,199134.596112222,2809058.54143764
2014-08-23,23844670038.8033,199134.596112222,2738544.90844599
2014-08-25,23844670038.8033,158833.546899034,2738544.90844599
2014-08-27,23844670038.8033,158833.546899034,2588865.36987183
2014-08-29,23844670038.8033,196763.946158505,2588865.36987183
2014-08-31,23844670038.8033,196763.946158505,2985880.98310164
2014-09-02,27428630902.2579,194978.303194365,2985880.98310164
2014-09-04,27428630902.2579,194978.303194365,2449816.0872382
2014-09-06,27428630902.2579,229065.419137436,2449816.0872382
2014-09-08,27428630902.2579,229065.419137436,2008056.38792212
2014-09-10,27428630902.2579,212703.603484762,2008056.38792212
2014-09-12,27428630902.2579,212703.603484762,2155557.16520553
2014-09-14,29829733124.0404,252083.49301791,2155557.16520553
2014-09-16,29829733124.0404,252083.49301791,2514666.70244277
2014-09-18,29829733124.0404,274326.15416655,2514666.70244277
2014-09-20,29829733124.0404,274326.15416655,2141250.18575465
2014-09-22,29829733124.0404,232806.520022423,2141250.18575465
2014-09-24,29829733124.0404,232806.520022423,1964038.52619637
2014-09-26,34661425923.9769,260177.353092678,1964038.52619637
2014-09-28,34661425923.9769,260177.353092678,1616493.01180865
2014-09-30,34661425923.9769,261900.381921106,1616493.01180865
2014-10-02,34661425923.9769,261900.381921106,1588891.9563592
2014-10-04,34661425923.9769,246393.122465251,1588891.9563592
2014-10-06,34661425923.9769,246393.122465251,1486380.20798555
2014-10-08,34661425923.9769,225716.776524111,1486380.20798555
2014-10-10,34661425923.9769,225716.776524111,1614160.61732474
2014-10-12,35002482026.1332,257517.457245351,1614160.61732474
2014-10-14,35002482026.1332,257517.457245351,1632626.00013654
2014-10-16,35002482026.1332,260997.422883802,1632626.00013654
2014-10-18,35002482026.1332,260997.422883802,1747485.79923333
2014-10-20,35002482026.1332,240117.629053098,1747485.79923333
2014-10-22,35002482026.1332,240117.629053098,1751380.64131487
2014-10-24,35985640265.0762,291583.508500603,1751380.64131487
2014-10-26,35985640265.0762,291583.508500603,1123002.29298534
2014-10-28,35985640265.0762,268328.382055769,1123002.29298534
2014-10-30,35985640265.0762,268328.382055769,1631334.81998031
2014-11-01,35985640265.0762,286216.940859487,1631334.81998031
2014-11-03,35985640265.0762,286216.940859487,1619527.51719384
2014-11-05,39603666252.4184,314993.428436733,1619527.51719384
2014-11-07,39603666252.4184,314993.428436733,1571438.07339558
2014-11-09,39603666252.4184,273650.540954412,1571438.07339558
2014-11-11,39603666252.4184,273650.540954412,1312768.2932778
2014-11-13,39603666252.4184,287431.503448519,1312768.2932778
2014-11-15,39603666252.4184,287431.503448519,1561463.63238695
2014-11-17,39603666252.4184,299243.757014897,1561463.63238695
2014-11-19,39603666252.4184,299243.757014897,1401637.63134078
2014-11-21,40300030327.8914,248412.346336535,1401637.63134078
2014-11-23,40300030327.8914,248412.346336535,1381369.81458253
2014-11-25,40300030327.8914,256425.647831262,1381369.81458253
2014-11-27,40300030327.8914,256425.647831262,1481376.22009032
2014-11-29,40300030327.8914,302502.131425942,1481376.22009032
2014-12-01,40300030327.8914,302502.131425942,1434587.0265017
2014-12-03,40300030327.8914,242402.37021549,1434587.0265017
2014-12-05,40300030327.8914,242402.37021549,1608673.90086041
2014-12-07,40007470271.2713,242631.420394883,1608673.90086041
2014-12-09,40007470271.2713,242631.420394883,1475143.01528575
2014-12-11,40007470271.2713,288373.409485721,1475143.01528575
2014-12-13,40007470271.2713,288373.409485721,1642099.43255656
2014-12-15,40007470271.2713,304283.666560796,1642099.43255656
2014-12-17,40007470271.2713,304283.666560796,1308619.63642535
2014-12-19,39457671307.1387,243219.983474761,1308619.63642535
2014-12-21,39457671307.1387,243219.983474761,1363448.95268664
2014-12-23,39457671307.1387,317755.139700897,1363448.95268664
2014-12-25,39457671307.1387,317755.139700897,1394962.02044135
2014-12-27,39457671307.1387,313832.236741627,1394962.02044135
2014-12-29,39457671307.1387,313832.236741627,1703669.81497197
2014-12-31,40640955016.5765,313142.288941348,1703669.81497197
2015-01-02,40640955016.5765,313142.288941348,1475784.13022053
2015-01-04,40640955016.5765,335365.290092025,1475784.13022053
2015-01-06,40640955016.5765,335365.290092025,1361861.14103894
2015-01-08,40640955016.5765,272736.832303755,1361861.14103894
2015-01-10,40640955016.5765,272736.832303755,1335502.20243442
2015-01-12,43971662056.0896,358478.281006871,1335502.20243442
2015-01-14,43971662056.0896,358478.281006871,930527.16360222
2015-01-16,43971662056.0896,325690.633353804,930527.16360222
2015-01-18,43971662056.0896,325690.633353804,887192.302591338
2015-01-20,43971662056.0896,262301.18122454,887192.302591338
2015-01-22,43971662056.0896,262301.18122454,907343.516960094
2015-01-24,43971662056.0896,264487.024401411,907343.516960094
2015-01-26,43971662056.0896,264487.024401411,1002878.96603735
2015-01-28,41272873894.697,324166.338971824,1002878.96603735
2015-01-30,41272873894.697,324166.338971824,1124241.55980927
2015-02-01,41272873894.697,348786.567248165,1124241.55980927
2015-02-03,41272873894.697,348786.567248165,913622.283780247
2015-02-05,41272873894.697,301597.796385178,913622.283780247
2015-02-07,41272873894.697,301597.796385178,1098079.80134983
2015-02-09,44455415962.3438,342533.060667745,1098079.80134983
2015-02-11,44455415962.3438,342533.060667745,973022.676337063
2015-02-13,44455415962.3438,309384.699957963,973022.676337063
2015-02-15,44455415962.3438,309384.699957963,1098201.7798575
2015-02-17,44455415962.3438,342533.060667745,1098201.7798575
2015-02-19,44455415962.3438,342533.060667745,1155178.61658049
2015-02-21,44455415962.3438,304964.918529992,1155178.61658049
2015-02-23,44455415962.3438,304964.918529992,1030310.14904036
2015-02-25,46684376316.8603,362028.097735547,1030310.14904036
2015-02-27,46684376316.8603,362028.097735547,1068531.12624588
2015-03-01,46684376316.8603,348103.940130333,1068531.12624588
2015-03-03,46684376316.8603,348103.940130333,1356751.04799536
2015-03-05,46684376316.8603,264558.994499053,1356751.04799536
2015-03-07,46684376316.8603,264558.994499053,1093338.37354889
2015-03-09,47427554950.6483,311208.023870146,1093338.37354889
2015-03-11,47427554950.6483,311208.023870146,1368494.2516486
2015-03-13,47427554950.6483,327711.479681442,1368494.2516486
2015-03-15,47427554950.6483,327711.479681442,1111367.7239335
2015-03-17,47427554950.6483,337142.025859325,1111367.7239335
2015-03-19,47427554950.6483,337142.025859325,1038892.10203537
2015-03-21,47427554950.6483,337142.025859325,1038892.10203537
2015-03-23,47427554950.6483,337142.025859325,1149817.6092931
2015-03-25,46717549644.7064,385508.770219478,1149817.6092931
2015-03-27,46717549644.7064,385508.770219478,1268664.29226788
2015-03-29,46717549644.7064,350673.640380369,1268664.29226788
2015-03-31,46717549644.7064,350673.640380369,1083199.55999248
2015-04-02,46717549644.7064,341384.272423273,1083199.55999248
2015-04-04,46717549644.7064,341384.272423273,1205590.6290449
2015-04-06,49446390688.2414,317081.150318859,1205590.6290449
2015-04-08,49446390688.2414,317081.150318859,1013831.8772282
2015-04-10,49446390688.2414,349035.064692078,1013831.8772282
2015-04-12,49446390688.2414,349035.064692078,830709.719453486
2015-04-14,49446390688.2414,388362.959305269,830709.719453486
2015-04-16,49446390688.2414,388362.959305269,927077.299737437
2015-04-18,49446390688.2414,326913.123972157,927077.299737437
2015-04-20,49446390688.2414,326913.123972157,983941.699833826
2015-04-22,47610564513.4713,338442.961883245,983941.699833826
2015-04-24,47610564513.4713,338442.961883245,818037.569884457
2015-04-26,47610564513.4713,352643.365878346,818037.569884457
2015-04-28,47610564513.4713,352643.365878346,997245.566561662
2015-04-30,47610564513.4713,314775.62189141,997245.566561662
2015-05-02,47610564513.4713,314775.62189141,1002482.24492307
2015-05-04,47643398017.8034,312624.333322854,1002482.24492307
2015-05-06,47643398017.8034,312624.333322854,1095042.63966171
2015-05-08,47643398017.8034,350518.191907442,1095042.63966171
2015-05-10,47643398017.8034,350518.191907442,966831.312930865
2015-05-12,47643398017.8034,374201.85352281,966831.312930865
2015-05-14,47643398017.8034,374201.85352281,1112652.15389852
2015-05-16,47643398017.8034,303150.868676707,1112652.15389852
2015-05-18,47643398017.8034,303150.868676707,970848.767929774
2015-05-20,48807487244.6814,344525.13582465,970848.767929774
2015-05-22,48807487244.6814,344525.13582465,908597.137475951
2015-05-24,48807487244.6814,342098.902473773,908597.137475951
2015-05-26,48807487244.6814,342098.902473773,1029440.19202808
2015-05-28,48807487244.6814,320262.802315872,1029440.19202808
2015-05-30,48807487244.6814,320262.802315872,888252.169613421
2015-06-01,48807487244.6814,332393.969070261,888252.169613421
2015-06-03,48807487244.6814,332393.969070261,860046.112515177
2015-06-05,47589591153.625,335928.179909096,860046.112515177
2015-06-07,47589591153.625,335928.179909096,942417.318145213
2015-06-09,47589591153.625,383242.008065307,942417.318145213
2015-06-11,47589591153.625,383242.008065307,875567.013509312
2015-06-13,47589591153.625,373779.242434065,875567.013509312
2015-06-15,47589591153.625,373779.242434065,1026526.56898407
2015-06-17,49692386354.8938,350771.513242293,1026526.56898407
2015-06-19,49692386354.8938,350771.513242293,1043809.14232646
2015-06-21,49692386354.8938,301367.074757463,1043809.14232646
2015-06-23,49692386354.8938,301367.074757463,1016657.5535392
2015-06-25,49692386354.8938,395235.50787864,1016657.5535392
2015-06-27,49692386354.8938,395235.50787864,860747.558580137
2015-06-29,49402014931.2275,336442.885099528,860747.558580137
2015-07-01,49402014931.2275,336442.885099528,930878.951249757
2015-07-03,49402014931.2275,397837.572161486,930878.951249757
2015-07-05,49402014931.2275,397837.572161486,1099548.27244529
2015-07-07,49402014931.2275,363456.547406789,1099548.27244529
2015-07-09,49402014931.2275,363456.547406789,950484.103208261
2015-07-11,49402014931.2275,356089.184959354,950484.103208261
2015-07-13,49402014931.2275,356089.184959354,1315092.08234471
2015-07-15,51076366303.4819,391009.070859764,1315092.08234471
2015-07-17,51076366303.4819,391009.070859764,1208780.75198532
2015-07-19,51076366303.4819,363079.851512638,1208780.75198532
2015-07-21,51076366303.4819,363079.851512638,1047201.4931061
2015-07-23,51076366303.4819,378313.971156525,1047201.4931061
2015-07-25,51076366303.4819,378313.971156525,1408342.78252167
2015-07-27,52278304845.5917,402809.137596422,1408342.78252167
2015-07-29,52278304845.5917,402809.137596422,1320651.5092379
2015-07-31,52278304845.5917,361228.839521953,1320651.5092379
2015-08-02,52278304845.5917,361228.839521953,1333895.56796352
2015-08-04,52278304845.5917,374222.682670224,1333895.56796352
2015-08-06,52278304845.5917,374222.682670224,1043204.44745325
2015-08-08,52699842409.347,411296.569970398,1043204.44745325
2015-08-10,52699842409.347,411296.569970398,1180678.54211654
2015-08-12,52699842409.347,322225.975199739,1180678.54211654
2015-08-14,52699842409.347,322225.975199739,1104647.2114158
2015-08-16,52699842409.347,385099.336214322,1104647.2114158
2015-08-18,52699842409.347,385099.336214322,962805.135865087
2015-08-20,52699842409.347,406057.123219183,962805.135865087
2015-08-22,52699842409.347,406057.123219183,1114688.756514
2015-08-24,54256630327.89,423446.540478744,1114688.756514
2015-08-26,54256630327.89,423446.540478744,1111421.56469882
2015-08-28,54256630327.89,401869.646696388,1111421.56469882
2015-08-30,54256630327.89,401869.646696388,1026749.70435154
2015-09-01,54256630327.89,409960.981864772,1026749.70435154
2015-09-03,54256630327.89,409960.981864772,946813.724187596
2015-09-05,56957648455.01,427538.389387399,946813.724187596
2015-09-07,56957648455.01,427538.389387399,980256.737882261
2015-09-09,56957648455.01,399224.588765717,980256.737882261
2015-09-11,56957648455.01,399224.588765717,1048514.72308529
2015-09-13,56957648455.01,396393.208703549,1048514.72308529
2015-09-15,56957648455.01,396393.208703549,1017982.81185978
2015-09-17,56957648455.01,399224.588765717,1017982.81185978
2015-09-19,56957648455.01,399224.588765717,778412.490972329
2015-09-21,59335351233.8666,389344.072709366,778412.490972329
2015-09-23,59335351233.8666,389344.072709366,1043257.70621495
2015-09-25,59335351233.8666,477831.361961494,1043257.70621495
2015-09-27,59335351233.8666,477831.361961494,1029150.16396941
2015-09-29,59335351233.8666,510276.701353941,1029150.16396941
2015-10-01,59335351233.8666,510276.701353941,1034425.38573053
2015-10-03,60813224039.4403,459502.348135243,1034425.38573053
2015-10-05,60813224039.4403,459502.348135243,1004466.6374232
2015-10-07,60813224039.4403,408110.638146433,1004466.6374232
2015-10-09,60813224039.4403,408110.638146433,835694.014570838
2015-10-11,60813224039.4403,453456.264607148,835694.014570838
2015-10-13,60813224039.4403,453456.264607148,919373.613058023
2015-10-15,60883825480.0983,493327.875053937,919373.613058023
2015-10-17,60883825480.0983,493327.875053937,951378.593521099
2015-10-19,60883825480.0983,502407.529196034,951378.593521099
2015-10-21,60883825480.0983,502407.529196034,1125150.56626729
2015-10-23,60883825480.0983,466088.912627646,1125150.56626729
2015-10-25,60883825480.0983,466088.912627646,1623113.25054467
2015-10-27,60883825480.0983,478195.118150442,1623113.25054467
2015-10-29,60883825480.0983,478195.118150442,1311407.22303599
2015-10-31,62253982449.7608,470388.662470568,1311407.22303599
2015-11-02,62253982449.7608,470388.662470568,1460207.56295512
2015-11-04,62253982449.7608,479672.649229855,1460207.56295512
2015-11-06,62253982449.7608,479672.649229855,1531783.25646441
2015-11-08,62253982449.7608,433252.715433418,1531783.25646441
2015-11-10,62253982449.7608,433252.715433418,1480727.45371108
2015-11-12,65848255179.7026,477906.839865056,1480727.45371108
2015-11-14,65848255179.7026,477906.839865056,1447180.70221628
2015-11-16,65848255179.7026,576106.875453766,1447180.70221628
2015-11-18,65848255179.7026,576106.875453766,1644297.3427566
2015-11-20,65848255179.7026,520460.188620164,1644297.3427566
2015-11-22,65848255179.7026,520460.188620164,1422722.58576834
2015-11-24,72722780642.5472,549490.493161529,1422722.58576834
2015-11-26,72722780642.5472,549490.493161529,1614914.77309775
2015-11-28,72722780642.5472,527800.078957785,1614914.77309775
2015-11-30,72722780642.5472,527800.078957785,1768320.58084553
2015-12-02,72722780642.5472,531415.147991742,1768320.58084553
2015-12-04,72722780642.5472,531415.147991742,1443054.33768336
2015-12-06,72722780642.5472,621791.873840678,1443054.33768336
2015-12-08,72722780642.5472,621791.873840678,2011322.09818367
2015-12-10,79102380900.226,770711.333847596,2011322.09818367
2015-12-12,79102380900.226,770711.333847596,1867996.46203759
2015-12-14,79102380900.226,692067.320189678,1867996.46203759
2015-12-16,79102380900.226,692067.320189678,2022863.29446252
2015-12-18,79102380900.226,629152.109263344,2022863.29446252
2015-12-20,79102380900.226,629152.109263344,1982086.17501883
2015-12-22,93448670796.3238,654995.565676021,1982086.17501883
2015-12-24,93448670796.3238,654995.565676021,1768771.21282915
2015-12-26,93448670796.3238,864036.70365773,1768771.21282915
2015-12-28,93448670796.3238,864036.70365773,1773620.49239852
2015-12-30,93448670796.3238,803647.041574125,1773620.49239852
2016-01-01,93448670796.3238,803647.041574125,1554768.75755142
2016-01-03,103880340815.456,769424.042921966,1554768.75755142
2016-01-05,103880340815.456,769424.042921966,1819807.57014198
2016-01-07,103880340815.456,743604.444166195,1819807.57014198
2016-01-09,103880340815.456,743604.444166195,1781625.14493402
2016-01-11,103880340815.456,877866.357696202,1781625.14493402
2016-01-13,103880340815.456,877866.357696202,1729484.4874725
2016-01-15,113354299801.471,693089.355237507,1729484.4874725
2016-01-17,113354299801.471,693089.355237507,1525313.77287368
2016-01-19,113354299801.471,839596.048214541,1525313.77287368
2016-01-21,113354299801.471,839596.048214541,1506011.15416668
2016-01-23,113354299801.471,1008642.23241881,1506011.15416668
2016-01-25,113354299801.471,1008642.23241881,1709654.30005389
2016-01-27,120033340651.237,918901.018160999,1709654.30005389
2016-01-29,120033340651.237,918901.018160999,1750044.21085572
2016-01-31,120033340651.237,1068073.26136895,1750044.21085572
2016-02-02,120033340651.237,1068073.26136895,1926651.73845393
2016-02-04,120033340651.237,1103874.59973886,1926651.73845393
2016-02-06,120033340651.237,1103874.59973886,2006181.99318944
2016-02-08,144116447847.349,1153414.86436954,2006181.99318944
2016-02-10,144116447847.349,1153414.86436954,1609224.84661884
2016-02-12,144116447847.349,1139086.72940843,1609224.84661884
2016-02-14,144116447847.349,1139086.72940843,1752957.85194894
2016-02-16,144116447847.349,1067446.05460287,1752957.85194894
2016-02-18,144116447847.349,1067446.05460287,1897401.34945604
2016-02-20,163491654908.959,1284099.85113956,1897401.34945604
2016-02-22,163491654908.959,1284099.85113956,1478179.5581374
2016-02-24,163491654908.959,999647.352469403,1478179.5581374
2016-02-26,163491654908.959,999647.352469403,1586359.0966024
2016-02-28,163491654908.959,1210954.92291009,1586359.0966024
2016-03-01,163491654908.959,1210954.92291009,1666885.76819113
2016-03-03,163491654908.959,1080919.49494659,1666885.76819113
2016-03-05,163491654908.959,1080919.49494659,1560093.31900579
2016-03-07,158427203767.392,1220696.14747152,1560093.31900579
2016-03-09,158427203767.392,1220696.14747152,1833517.33163624
2016-03-11,158427203767.392,1283699.81959909,1833517.33163624
2016-03-13,158427203767.392,1283699.81959909,1408430.95627883
2016-03-15,158427203767.392,1197069.77042369,1408430.95627883
2016-03-17,158427203767.392,1197069.77042369,1535746.08174758
2016-03-19,165496835118.226,1110630.46003795,1535746.08174758
2016-03-21,165496835118.226,1110630.46003795,1440493.04973998
2016-03-23,165496835118.226,1242260.73678319,1440493.04973998
2016-03-25,165496835118.226,1242260.73678319,1529331.78758435
2016-03-27,165496835118.226,1258714.52137634,1529331.78758435
2016-03-29,165496835118.226,1258714.52137634,1685402.33992106
2016-03-31,165496835118.226,1028361.53707217,1685402.33992106
2016-04-02,165496835118.226,1028361.53707217,1775950.81331598
2016-04-04,166851513282.777,1360254.32899737,1775950.81331598
2016-04-06,166851513282.777,1360254.32899737,1703077.74932614
2016-04-08,166851513282.777,1169486.9535892,1703077.74932614
2016-04-10,166851513282.777,1169486.9535892,1849714.70662907
2016-04-12,166851513282.777,1260723.52443658,1849714.70662907
2016-04-14,166851513282.777,1260723.52443658,1759740.83015229
2016-04-16,178678307671.688,1270146.99973955,1759740.83015229
2016-04-18,178678307671.688,1270146.99973955,1478746.25211548
2016-04-20,178678307671.0,1465554.23046307,1478746.25211548
2016-04-22,178678307671.0,1465554.23046307,1780084.41598157
2016-04-24,178678307671.0,1172443.38437046,1780084.41598157
2016-04-26,178678307671.0,1172443.38437046,1989524.25548891
2016-04-28,178666121338.551,1207843.18309188,1989524.25548891
2016-04-30,178666121338.551,1207843.18309188,1670773.98764185
2016-05-02,178659257772.0,1394348.38048107,1670773.98764185
2016-05-04,178659257772.0,1394348.38048107,2071544.22122565
2016-05-06,178659257772.0,1438754.37985945,2071544.22122565
2016-05-08,178659257772.0,1438754.37985945,1989166.5650913
2016-05-10,178659257772.0,1403229.58035675,1989166.5650913
2016-05-12,178659257772.0,1403229.58035675,1677295.06474701
2016-05-14,194254820283.0,1390530.16700974,1677295.06474701
2016-05-16,194254820283.0,1390530.16700974,1636434.02969314
2016-05-18,194254820283.0,1487094.76194097,1636434.02969314
2016-05-20,194254820283.0,1487094.76194097,1660231.90590849
2016-05-22,194254820283.0,1776788.54673466,1660231.90590849
2016-05-24,194254820283.0,1776788.54673466,1700948.82194883
2016-05-26,199312067531.0,1357376.35658448,1700948.82194883
2016-05-28,199312067531.0,1357376.35658448,1698374.90534981
2016-05-30,199312067531.0,1436639.20952372,1698374.90534981
2016-06-01,199312067531.0,1436639.20952372,2013539.9424602
2016-06-03,199312067531.0,1406915.6396715,2013539.9424602
2016-06-05,199312067531.0,1406915.6396715,2522539.86191635
2016-06-07,199312067531.0,1406915.6396715,2522539.86191635
2016-06-09,199312067531.0,1406915.6396715,2457044.36954684
2016-06-11,196061423939.0,1520417.53468438,2457044.36954684
2016-06-13,196061423939.0,1520417.53468438,2856721.9388474
2016-06-15,196061423939.0,1500925.00218843,2856721.9388474
2016-06-17,196061423939.0,1500925.00218843,2906753.58159383
2016-06-19,196061423939.0,1725089.1258919,2906753.58159383
2016-06-21,196061423939.0,1725089.1258919,2775119.94524628
2016-06-23,209453158595.0,1457676.2183949,2775119.94524628
2016-06-25,209453158595.0,1457676.2183949,2763256.93758464
2016-06-27,209453158595.0,1530560.02931465,2763256.93758464
2016-06-29,209453158595.0,1530560.02931465,2683107.4031348
2016-07-01,209453158595.0,1634679.7592,2683107.4031348
2016-07-03,209453158595.0,1634679.7592,2740471.37629679
2016-07-05,213398925331.0,1538177.1269472,2740471.37629679
2016-07-07,213398925331.0,1538177.1269472,2261647.9229562
2016-07-09,213398925331.0,1580609.5994147,2261647.9229562
2016-07-11,213398925331.0,1580609.5994147,1228801.46825101
2016-07-13,213398925331.0,1379055.35519404,1228801.46825101
2016-07-15,213398925331.0,1379055.35519404,1173602.64682308
2016-07-17,213398925331.0,1580609.5994147,1173602.64682308
2016-07-19,213398925331.0,1580609.5994147,1116148.16735075
2016-07-21,213492501107.0,1411498.38259309,1116148.16735075
2016-07-23,213492501107.0,1411498.38259309,1125668.79916968
2016-07-25,213492501107.0,1400885.61279915,1125668.79916968
2016-07-27,213492501107.0,1400885.61279915,1144988.34874322
2016-07-29,213492501107.0,1560077.15970815,1144988.34874322
2016-07-31,213492501107.0,1560077.15970815,1268565.34183433
2016-08-02,210798472402.845,1555605.72192362,1268565.34183433
2016-08-04,210798472402.845,1555605.72192362,1121450.88469978
2016-08-06,201893210853.0,1676039.71329835,1121450.88469978
2016-08-08,201893210853.0,1676039.71329835,1155198.82591718
2016-08-10,201893210853.0,1525497.22407993,1155198.82591718
2016-08-12,201893210853.0,1525497.22407993,1132020.0574617
2016-08-14,201893210853.0,1645931.21545466,1132020.0574617
2016-08-16,201893210853.0,1645931.21545466,1025918.18680799
2016-08-18,217375482757.0,1664092.25424309,1025918.18680799
2016-08-20,217375482757.0,1664092.25424309,1153764.11771597
2016-08-22,217375482757.0,1718121.2235367,1153764.11771597
2016-08-24,217375482757.0,1718121.2235367,1166209.72683511
2016-08-26,217375482757.0,1426364.78935122,1166209.72683511
2016-08-28,217375482757.0,1426364.78935122,1110157.40925665
2016-08-30,220755908330.0,1810682.89469399,1110157.40925665
2016-09-01,220755908330.0,1810682.89469399,1035320.33588952
2016-09-03,220755908330.0,1382703.30140268,1035320.33588952
2016-09-05,220755908330.0,1382703.30140268,1113759.73722878
2016-09-07,220755908330.0,1668023.03026355,1113759.73722878
2016-09-09,220755908330.0,1668023.03026355,1157646.00172084
2016-09-11,220755908330.0,1799709.05896857,1157646.00172084
2016-09-13,220755908330.0,1799709.05896857,1290425.53589363
2016-09-15,225832872179.0,1728836.79695677,1290425.53589363
2016-09-17,225832872179.0,1728836.79695677,1266257.82710608
2016-09-19,225832872179.0,1493086.32464449,1266257.82710608
2016-09-21,225832872179.0,1493086.32464449,1270877.51763904
2016-09-23,225832872179.0,1526764.96354624,1270877.51763904
2016-09-25,225832872179.0,1526764.96354624,1430506.21156199
2016-09-27,241227200229.0,2026558.28894994,1430506.21156199
2016-09-29,241227200229.0,2026558.28894994,1121004.32180228
2016-10-01,241227200229.0,1882660.65896533,1121004.32180228
2016-10-03,241227200229.0,1882660.65896533,1206848.12820648
2016-10-05,241227200229.0,2002575.35061917,1206848.12820648
2016-10-07,241227200229.0,2002575.35061917,1140029.908164
2016-10-09,258522748404.0,2056197.68456892,1140029.908164
2016-10-11,258522748404.0,2056197.68456892,1145287.98184433
2016-10-13,258522748404.0,1644958.14765514,1145287.98184433
2016-10-15,258522748404.0,1644958.14765514,1173084.48254233
2016-10-17,258522748404.0,1606404.44106947,1173084.48254233
2016-10-19,258522748404.0,1606404.44106947,1025580.94892297
2016-10-21,258522748404.0,2107602.62668314,1025580.94892297
2016-10-23,258522748404.0,2107602.62668314,1238346.54510843
2016-10-25,253618246641.0,1752432.967869,1238346.54510843
2016-10-27,253618246641.0,1752432.967869,1472099.83342669
2016-10-29,253618246641.0,1878507.28210418,1472099.83342669
2016-10-31,253618246641.0,1878507.28210418,1356064.41434344
2016-11-02,253618246641.0,1676788.3793279,1356064.41434344
2016-11-04,253618246641.0,1676788.3793279,1069025.79055043
2016-11-06,254620187304.0,1949214.67726041,1069025.79055043
2016-11-08,254620187304.0,1949214.67726041,1552167.96521807
2016-11-10,254620187304.0,2126416.01155681,1552167.96521807
2016-11-12,254620187304.0,2126416.01155681,1553329.97702898
2016-11-14,254620187304.0,2177044.96421293,1553329.97702898
2016-11-16,254620187304.0,2177044.96421293,1610431.45475799
2016-11-18,272434584596.115,2073243.13718006,1610431.45475799
2016-11-20,272434584596.115,2073243.13718006,1238419.33684534
2016-11-22,281800917193.0,1877125.54312249,1238419.33684534
2016-11-24,281800917193.0,1877125.54312249,1627500.36901964
2016-11-26,281800917193.0,2157293.53463331,1627500.36901964
2016-11-28,281800917193.0,2157293.53463331,1597296.21486173
2016-11-30,281800917193.0,1989192.73972682,1597296.21486173
2016-12-02,281800917193.0,1989192.73972682,1466287.62234334
2016-12-04,286765766820.0,2109770.13119712,1466287.62234334
2016-12-06,286765766820.0,2109770.13119712,1505792.02940228
2016-12-08,286765766820.0,2238066.96349964,1505792.02940228
2016-12-10,286765766820.0,2238066.96349964,1343110.88425076
2016-12-12,286765766820.0,2223811.75991047,1343110.88425076
2016-12-14,286765766820.0,2223811.75991047,1423000.53395811
2016-12-16,310153855703.0,2050571.62855749,1423000.53395811
2016-12-18,310153855703.0,2050571.62855749,1552267.90632871
2016-12-20,310153855703.0,2127660.78752582,1552267.90632871
2016-12-22,310153855703.0,2127660.78752582,1862227.14911738
2016-12-24,310153855703.0,2112242.95573216,1862227.14911738
2016-12-26,310153855703.0,2112242.95573216,1683253.41220312
2016-12-28,312083434211.183,2589949.6705277,1683253.41220312
2016-12-30,312083434211.183,2589949.6705277,1988622.5339292
2017-01-01,317688400354.0,2463610.66220928,1988622.5339292
2017-01-03,317688400354.0,2463610.66220928,2245225.0916189
2017-01-05,317688400354.0,2210932.64557243,2245225.0916189
2017-01-07,317688400354.0,2210932.64557243,1591509.29207556
2017-01-09,317688400354.0,2147763.14141322,1591509.29207556
2017-01-11,317688400354.0,2147763.14141322,1724412.85485079
2017-01-13,336899932795.0,2528855.36111398,1724412.85485079
2017-01-15,336899932795.0,2528855.36111398,1759094.94140748
2017-01-17,336899932795.0,2646087.06659608,1759094.94140748
2017-01-19,336899932795.0,2646087.06659608,2054585.92331712
2017-01-21,336899932795.0,3031276.95603728,2054585.92331712
2017-01-23,336899932795.0,3031276.95603728,1683925.09571495
2017-01-25,392963262344.0,2930146.45884887,1683925.09571495
2017-01-27,392963262344.0,2930146.45884887,2050038.68072294
2017-01-29,392963262344.0,3262229.72418507,2050038.68072294
2017-01-31,392963262344.0,3262229.72418507,1941511.11537906
2017-02-02,392963262344.0,3066886.62692848,1941511.11537906
2017-02-04,392963262344.0,3066886.62692848,1975355.92149189
2017-02-06,422170566883.0,2623276.58868094,1975355.92149189
2017-02-08,422170566883.0,2623276.58868094,2085023.01932909
2017-02-10,422170566883.0,3105959.48099823,2085023.01932909
2017-02-12,422170566883.0,3105959.48099823,1849457.27798897
2017-02-14,422170566883.0,3546669.94789663,1849457.27798897
2017-02-16,422170566883.0,3546669.94789663,2102990.20200481
2017-02-18,432944392642.632,3330515.74407375,2102990.20200481
2017-02-20,432944392642.632,3330515.74407375,2148454.96743745
2017-02-22,440779902286.0,3045669.00280428,2148454.96743745
2017-02-24,440779902286.0,3045669.00280428,2699193.33772453
2017-02-26,440779902286.0,3900209.22661268,2699193.33772453
2017-02-28,440779902286.0,3900209.22661268,2548889.19696578
2017-03-02,440779902286.0,3440072.18302354,2548889.19696578
2017-03-04,440779902286.0,3440072.18302354,2424004.59063409
2017-03-06,460769358090.0,3252505.60193699,2424004.59063409
2017-03-08,460769358090.0,3252505.60193699,2442222.93782909
2017-03-10,460769358090.0,3573175.16832514,2442222.93782909
2017-03-12,460769358090.0,3573175.16832514,2573064.17280145
2017-03-14,460769358090.0,3573175.16832514,2573064.17280145
2017-03-16,460769358090.0,3573175.16832514,2731477.73133023
2017-03-18,475705205061.0,3712647.13922469,2731477.73133023
2017-03-20,475705205061.0,3712647.13922469,2014133.75075982
2017-03-22,475705205061.0,3807236.87525589,2014133.75075982
2017-03-24,475705205061.0,3807236.87525589,2405463.76315141
2017-03-26,475705205061.0,3925474.04529489,2405463.76315141
2017-03-28,475705205061.0,3925474.04529489,2264423.9847332
2017-03-30,482855238676.823,4073274.03319987,2264423.9847332
2017-04-01,482855238676.823,4073274.03319987,2025106.75893696
2017-04-03,499635929816.0,4371318.47465352,2025106.75893696
2017-04-05,499635929816.0,4371318.47465352,2673677.81014339
2017-04-07,499635929816.0,4023599.95962426,2673677.81014339
2017-04-09,499635929816.0,4023599.95962426,2639028.47971234
2017-04-11,499635929816.0,4147785.14356328,2639028.47971234
2017-04-13,499635929816.0,4147785.14356328,2152057.9103319
2017-04-15,520808749422.0,3909321.04724491,2152057.9103319
2017-04-17,520808749422.0,3909321.04724491,2405342.14992486
2017-04-19,520808749422.0,3702204.70037101,2405342.14992486
2017-04-21,520808749422.0,3702204.70037101,2938953.71533901
2017-04-23,520808749422.0,3961100.13396339,2938953.71533901
2017-04-25,520808749422.0,3961100.13396339,2730056.14610532
2017-04-27,521839702599.075,3814281.63369607,2730056.14610532
2017-04-29,521839702599.075,3814281.63369607,3282240.04874294
2017-05-01,521974519553.0,3892124.1160164,3282240.04874294
2017-05-03,521974519553.0,3892124.1160164,2801412.84630984
2017-05-05,521974519553.0,3347226.73977411,2801412.84630984
2017-05-07,521974519553.0,3347226.73977411,3798375.63516212
2017-05-09,521974519553.0,4021861.58655028,3798375.63516212
2017-05-11,521974519553.0,4021861.58655028,3603539.08867485
2017-05-13,559970892890.0,4398136.0431084,3603539.08867485
2017-05-15,559970892890.0,4398136.0431084,4329595.85547557
2017-05-17,559970892890.0,4314627.13089748,4329595.85547557
2017-05-19,559970892890.0,4314627.13089748,4815456.24257254
2017-05-21,559970892890.0,4091936.69833503,4815456.24257254
2017-05-23,559970892890.0,4091936.69833503,5849528.14907328
2017-05-25,595921917085.0,4828620.58576969,5849528.14907328
2017-05-27,595921917085.0,4828620.58576969,5550225.48785938
2017-05-29,595921917085.0,4473139.31565167,5550225.48785938
2017-05-31,595921917085.0,4473139.31565167,5896299.59870206
2017-06-02,595921917085.0,4325022.11976917,5896299.59870206
2017-06-04,595921917085.0,4325022.11976917,6277178.51580928
2017-06-06,678760110082.0,5094943.56098801,6277178.51580928
2017-06-08,678760110082.0,5094943.56098801,7029707.6002043
2017-06-10,678760110082.0,4757530.08012788,7029707.6002043
2017-06-12,678760110082.0,4757530.08012788,6495311.58752569
2017-06-14,678760110082.0,4723788.73204186,6495311.58752569
2017-06-16,678760110082.0,4723788.73204186,5412747.31911236
2017-06-18,711697198173.0,5129905.64429561,5412747.31911236
2017-06-20,711697198173.0,5129905.64429561,5831891.72450183
2017-06-22,711697198173.0,4917633.68660062,5831891.72450183
2017-06-24,711697198173.0,4917633.68660062,5726988.95952891
2017-06-26,711697198173.0,5023769.66544811,5726988.95952891
2017-06-28,711697198173.0,5023769.66544811,6013686.13596844
2017-06-30,711697198173.0,5448313.58083809,6013686.13596844
2017-07-02,711697198173.0,5448313.58083809,6234521.40998292
2017-07-04,708659466230.0,5389830.93070805,6234521.40998292
2017-07-06,708659466230.0,5389830.93070805,5302487.88461233
2017-07-08,708659466230.0,5812562.76841065,5302487.88461233
2017-07-10,708659466230.0,5812562.76841065,6632606.65260221
2017-07-12,708659466230.0,6235294.60611324,6632606.65260221
2017-07-14,708659466230.0,6235294.60611324,4517081.23146398
2017-07-16,804525194568.0,6518885.7883663,4517081.23146398
2017-07-18,804525194568.0,6518885.7883663,5318674.73797644
2017-07-20,804525194568.0,6478892.62402049,5318674.73797644
2017-07-22,804525194568.0,6478892.62402049,6110647.80474536
2017-07-24,804525194568.0,7118783.25355338,6110647.80474536
2017-07-26,804525194568.0,7118783.25355338,5002271.53846552
2017-07-28,860221984436.0,6414280.01814729,5002271.53846552
2017-07-30,860221984436.0,6414280.01814729,5356955.02068304
2017-08-01,860221984436.0,6371518.15135964,5356955.02068304
2017-08-03,860221984436.0,6371518.15135964,5137047.94922252
2017-08-05,860221984436.0,7568850.42141381,5137047.94922252
2017-08-07,860221984436.0,7568850.42141381,6910134.93728859
2017-08-09,888074709977.536,6333394.73736857,6910134.93728859
2017-08-11,888074709977.536,6333394.73736857,7518972.01439316
2017-08-13,923233068448.0,6792336.38500398,7518972.01439316
2017-08-15,923233068448.0,6792336.38500398,9519693.7153427
2017-08-17,923233068448.0,8215055.49267373,9519693.7153427
2017-08-19,923233068448.0,8215055.49267373,8768479.01278978
2017-08-21,923233068448.0,5277828.94780714,8768479.01278978
2017-08-23,923233068448.0,5277828.94780714,10516192.9367837
2017-08-25,888171856257.0,4459277.5076504,10516192.9367837
2017-08-27,888171856257.0,4459277.5076504,9978452.55324677
2017-08-29,888171856257.0,6578538.10534563,9978452.55324677
2017-08-31,888171856257.0,6578538.10534563,11477924.6362609
2017-09-02,888171856257.0,7240807.04212539,11477924.6362609
2017-09-04,888171856257.0,7240807.04212539,11230260.0600448
2017-09-06,903315386418.901,7430760.7659943,11230260.0600448
2017-09-08,903315386418.901,7430760.7659943,11151766.5641362
2017-09-10,922724699725.0,6329907.31918033,11151766.5641362
2017-09-12,922724699725.0,6329907.31918033,10615411.2036899
2017-09-14,922724699725.0,7981187.48940129,10615411.2036899
2017-09-16,922724699725.0,7981187.48940129,8409604.1044016
2017-09-18,1052185622754.52,6965995.45167762,8409604.1044016
2017-09-20,1052185622754.52,6965995.45167762,6356831.37323994
2017-09-22,1103400932964.0,7624199.74632432,6356831.37323994
2017-09-24,1103400932964.0,7624199.74632432,6998744.17063086
2017-09-26,1103400932964.0,7569349.3884371,6998744.17063086
2017-09-28,1103400932964.0,7569349.3884371,9951711.28319571
2017-09-30,1103400932964.0,7569349.3884371,9951711.28319571
2017-10-02,1103400932964.0,7569349.3884371,9042032.79197735
2017-10-04,1123863285132.0,7486251.28872091,9042032.79197735
2017-10-06,1123863285132.0,7486251.28872091,9444311.29584243
2017-10-08,1123863285132.0,10167893.5413971,9444311.29584243
2017-10-10,1123863285132.0,10167893.5413971,10589103.2255027
2017-10-12,1123863285132.0,8547734.68040521,10589103.2255027
2017-10-14,1123863285132.0,8547734.68040521,11510644.7555848
2017-10-16,1196792694098.0,10351762.4275025,11510644.7555848
2017-10-18,1196792694098.0,10351762.4275025,11245621.2524095
2017-10-20,1196792694098.0,10649226.8650745,11245621.2524095
2017-10-22,1196792694098.0,10649226.8650745,14386157.8993985
2017-10-24,1196792694098.0,9935312.21490186,14386157.8993985
2017-10-26,1196792694098.0,9935312.21490186,14196709.0848065
2017-10-28,1452839779145.0,6138789.85774571,14196709.0848065
2017-10-30,1452839779145.0,6138789.85774571,12873410.4360565
2017-11-01,1452839779145.0,7872095.2293445,12873410.4360565
2017-11-03,1452839779145.0,7872095.2293445,12745769.1613126
2017-11-05,1452839779145.0,10183169.0581429,12745769.1613126
2017-11-07,1452839779145.0,10183169.0581429,15916555.6435329
2017-11-09,1452839779145.0,11049821.7439423,15916555.6435329
2017-11-11,1452839779145.0,11049821.7439423,8785091.45149512
2017-11-13,1364422081125.0,9495610.53578818,8785091.45149512
2017-11-15,1364422081125.0,9495610.53578818,17885007.8421946
2017-11-17,1364422081125.0,11326906.8534045,17885007.8421946
2017-11-19,1364422081125.0,11326906.8534045,17836891.9126454
2017-11-21,1364422081125.0,11733861.5906525,17836891.9126454
2017-11-23,1364422081125.0,11733861.5906525,18447902.2439344
2017-11-25,1347001430558.0,10445729.4715075,18447902.2439344
2017-11-27,1347001430558.0,10445729.4715075,22731345.2947229
2017-11-29,1347001430558.0,11584046.1446846,22731345.2947229
2017-12-01,1347001430558.0,11584046.1446846,25856448.1705625
2017-12-03,1347001430558.0,11784925.5575982,25856448.1705625
2017-12-05,1347001430558.0,11784925.5575982,29210388.2872577
2017-12-07,1590896927258.0,11941671.1962486,29210388.2872577
2017-12-09,1590896927258.0,11941671.1962486,42165253.3814881
2017-12-11,1590896927258.0,13523349.5003875,42165253.3814881
2017-12-13,1590896927258.0,13523349.5003875,50475052.9011524
2017-12-15,1590896927258.0,13365181.6699736,50475052.9011524
2017-12-17,1590896927258.0,13365181.6699736,55498368.9347384
2017-12-19,1873105475221.0,13035760.950516,55498368.9347384
2017-12-21,1873105475221.0,13035760.950516,46165232.3021406
2017-12-23,1873105475221.0,12942648.372298,46165232.3021406
2017-12-25,1873105475221.0,12942648.372298,33837650.8285438
2017-12-27,1873105475221.0,14525562.2020035,33837650.8285438
2017-12-29,1873105475221.0,14525562.2020035,41872625.551997
2017-12-31,1873105475221.0,15177350.2495293,41872625.551997
2018-01-02,1873105475221.0,15177350.2495293,39946758.985841
2018-01-04,1931136454487.0,16127548.7258182,39946758.985841
2018-01-06,1931136454487.0,16127548.7258182,46563789.9760972
2018-01-08,1931136454487.0,15935554.0981299,46563789.9760972
2018-01-10,1931136454487.0,15935554.0981299,39636974.2597653
2018-01-12,1931136454487.0,17087521.8642597,39636974.2597653
2018-01-14,1931136454487.0,17087521.8642597,33285730.8286788
2018-01-16,2227847638503.0,17608758.1817911,33285730.8286788
2018-01-18,2227847638503.0,17608758.1817911,32739932.5047795
2018-01-20,2227847638503.0,19712949.4110618,32739932.5047795
2018-01-22,2227847638503.0,19712949.4110618,27049040.6377818
2018-01-24,2227847638503.0,19491455.5974543,27049040.6377818
2018-01-26,2227847638503.0,19491455.5974543,23885798.1844209
2018-01-28,2603077300218.0,20445148.5647756,23885798.1844209
2018-01-30,2603077300218.0,20445148.5647756,24473743.4213841
2018-02-01,2603077300218.0,20703947.9136968,24473743.4213841
2018-02-03,2603077300218.0,20703947.9136968,19143008.6973898
2018-02-05,2603077300218.0,23938939.775212,19143008.6973898
2018-02-07,2603077300218.0,23938939.775212,15016975.9975587
2018-02-09,2874674234415.0,19291612.224166,15016975.9975587
2018-02-11,2874674234415.0,19291612.224166,16243960.9275333
2018-02-13,2874674234415.0,23435736.3315795,16243960.9275333
2018-02-15,2874674234415.0,23435736.3315795,16956455.4438234
2018-02-17,2874674234415.0,21292223.8622277,16956455.4438234
2018-02-19,2874674234415.0,21292223.8622277,23360784.6795428
2018-02-21,3007383866429.0,25265138.8267172,23360784.6795428
2018-02-23,3007383866429.0,25265138.8267172,19432244.5627423
2018-02-25,3007383866429.0,25564134.5524772,19432244.5627423
2018-02-27,3007383866429.0,25564134.5524772,21628887.7869834
2018-03-01,3007383866429.0,24667147.3751973,21628887.7869834
2018-03-03,3007383866429.0,24667147.3751973,26214536.4268542
2018-03-05,3233581400367.21,24372959.7309369,26214536.4268542
2018-03-07,3233581400367.21,24372959.7309369,21157511.2468039
2018-03-09,3290605988755.0,23882228.9980992,21157511.2468039
2018-03-11,3290605988755.0,23882228.9980992,18210037.1103318
2018-03-13,3290605988755.0,25845151.9294498,18210037.1103318
2018-03-15,3290605988755.0,25845151.9294498,14891789.5575998
2018-03-17,3290605988755.0,24372959.7309369,14891789.5575998
2018-03-19,3290605988755.0,24372959.7309369,16605902.4023534
2018-03-21,3462542391191.0,26162835.2122593,16605902.4023534
2018-03-23,3462542391191.0,26162835.2122593,14416156.914284
2018-03-25,3462542391191.0,23236728.6424672,14416156.914284
2018-03-27,3462542391191.0,23236728.6424672,15343941.6498773
2018-03-29,3462542391191.0,26162835.2122593,15343941.6498773
2018-03-31,3462542391191.0,26162835.2122593,11496221.1522506
2018-04-02,3511060552899.0,27227579.6162083,11496221.1522506
2018-04-04,3511060552899.0,27227579.6162083,13317444.6543738
2018-04-06,3511060552899.0,24085935.8143381,13317444.6543738
2018-04-08,3511060552899.0,24085935.8143381,14381384.2556293
2018-04-10,3511060552899.0,28623865.7503728,14381384.2556293
2018-04-12,3511060552899.0,28623865.7503728,14467514.3872462
2018-04-14,3796188328004.62,26146926.5194725,14467514.3872462
2018-04-16,3796188328004.62,26146926.5194725,14466032.4235628
2018-04-18,3839316899029.0,30536556.519092,14466032.4235628
2018-04-20,3839316899029.0,30536556.519092,14670398.2209767
2018-04-22,3839316899029.0,30536556.519092,14670398.2209767
2018-04-24,3839316899029.0,30536556.519092,19313819.5456429
2018-04-26,3839316899029.0,26910340.4324498,19313819.5456429
2018-04-28,3839316899029.0,26910340.4324498,15653776.3788926
2018-04-30,4022059196164.0,30990335.3016848,15653776.3788926
2018-05-02,4022059196164.0,30990335.3016848,16550285.1275183
2018-05-04,4022059196164.0,27591395.3008549,16550285.1275183
2018-05-06,4022059196164.0,27591395.3008549,16838802.1726855
2018-05-08,4022059196164.0,27791332.9479625,16838802.1726855
2018-05-10,4022059196164.0,27791332.9479625,19067802.4806501
2018-05-12,4143878474754.0,33988897.1882526,19067802.4806501
2018-05-14,4143878474754.0,33988897.1882526,14739381.0305533
2018-05-16,4143878474754.0,36872803.6163467,14739381.0305533
2018-05-18,4143878474754.0,36872803.6163467,15763512.3289478
2018-05-20,4143878474754.0,29663037.5461113,15763512.3289478
2018-05-22,4143878474754.0,29663037.5461113,15794378.6165236
2018-05-24,4219142059012.62,30616246.3183454,15794378.6165236
2018-05-26,4219142059012.62,30616246.3183454,15506006.4825006
2018-05-28,4306949573981.0,33399541.438195,15506006.4825006
2018-05-30,4306949573981.0,33399541.438195,16513656.6717777
2018-06-01,4306949573981.0,35540537.6842331,16513656.6717777
2018-06-03,4306949573981.0,35540537.6842331,16165187.1658882
2018-06-05,4415593341673.57,42980660.1034435,16165187.1658882
2018-06-07,4415593341673.57,42980660.1034435,13918250.6520602
2018-06-09,4940704885521.0,35121339.3988139,13918250.6520602
2018-06-11,4940704885521.0,35121339.3988139,11987207.9874201
2018-06-13,4940704885521.0,35121339.3988139,11987207.9874201
2018-06-15,4940704885521.0,35121339.3988139,13178785.7305518
2018-06-17,4940704885521.0,38559792.2070893,13178785.7305518
2018-06-19,4940704885521.0,38559792.2070893,13569989.109128
2018-06-21,5077499034879.0,42908653.8315633,13569989.109128
2018-06-23,5077499034879.0,42908653.8315633,13084984.3584379
2018-06-25,5077499034879.0,39627403.832679,13084984.3584379
2018-06-27,5077499034879.0,39627403.832679,9410792.753692
2018-06-29,5077499034879.0,38112980.7562709,9410792.753692
2018-07-01,5077499034879.0,38112980.7562709,11937510.4443779
2018-07-03,5363678461481.0,30929068.6931155,11937510.4443779
2018-07-05,5363678461481.0,30929068.6931155,11406742.2965554
2018-07-07,5363678461481.0,41594264.7941898,11406742.2965554
2018-07-09,5363678461481.0,41594264.7941898,11538923.6101558
2018-07-11,5363678461481.0,35995036.8411258,11538923.6101558
2018-07-13,5363678461481.0,35995036.8411258,11580161.27454
2018-07-15,5363678461481.0,35461777.0360721,11580161.27454
2018-07-17,5363678461481.0,35461777.0360721,14162648.5568392
2018-07-19,5178671069072.0,44021066.1135111,14162648.5568392
2018-07-21,5178671069072.0,44021066.1135111,12868685.0037298
2018-07-23,5178671069072.0,42733900.4376774,12868685.0037298
2018-07-25,5178671069072.0,42733900.4376774,18521932.1199499
2018-07-27,5178671069072.0,42991333.5728441,18521932.1199499
2018-07-29,5178671069072.0,42991333.5728441,17783188.6373367
2018-07-31,5949437371609.0,43474975.9754299,17783188.6373367
2018-08-02,5949437371609.0,43474975.9754299,14896249.0194185
2018-08-04,5949437371610.0,52051671.9161698,14896249.0194185
2018-08-06,5949437371610.0,52051671.9161698,11561668.3213017
2018-08-08,5949437371610.0,46432457.3343105,11561668.3213017
2018-08-10,5949437371610.0,46432457.3343105,14364533.2889265
2018-08-12,6389316883512.0,49230273.0794216,14364533.2889265
2018-08-14,6389316883512.0,49230273.0794216,10463532.7086275
2018-08-16,6389316883512.0,50183117.0745072,10463532.7086275
2018-08-18,6389316883512.0,50183117.0745072,13176949.401446
2018-08-20,6389316883512.0,47642199.754279,13176949.401446
2018-08-22,6389316883512.0,47642199.754279,13754538.29512
2018-08-24,6505039002077.41,47211617.4407006,13754538.29512
2018-08-26,6505039002077.41,47211617.4407006,14782108.510734
2018-08-28,6727225469723.0,51165065.369764,14782108.510734
2018-08-30,6727225469723.0,51165065.369764,13524159.9511415
2018-09-01,6727225469723.0,50496240.9858456,13524159.9511415
2018-09-03,6727225469723.0,50496240.9858456,13221829.9042709
2018-09-05,6727225469723.0,44142409.33862,13221829.9042709
2018-09-07,6727225469723.0,44142409.33862,12582725.3198711
2018-09-09,7019199231177.0,56874984.6776413,12582725.3198711
2018-09-11,7019199231177.0,56874984.6776413,11243962.7129766
2018-09-13,7019199231177.0,51641090.3821529,11243962.7129766
2018-09-15,7019199231177.0,51641090.3821529,11500218.9046532
2018-09-17,7019199231177.0,47105048.6593962,11500218.9046532
2018-09-19,7019199231177.0,47105048.6593962,13390617.4929546
2018-09-21,7152633351906.0,51200543.8778585,13390617.4929546
2018-09-23,7152633351906.0,51200543.8778585,12664817.2593975
2018-09-25,7152633351906.0,60089527.1899868,12664817.2593975
2018-09-27,7152633351906.0,60089527.1899868,11811663.0811172
2018-09-29,7152633351906.0,54045018.5377396,11811663.0811172
2018-10-01,7152633351906.0,54045018.5377396,13302756.841859
2018-10-03,7152633351906.0,51556103.2103437,13302756.841859
2018-10-05,7152633351906.0,51556103.2103437,10781240.5783847
2018-10-07,7454968648263.0,52623567.2251537,10781240.5783847
2018-10-09,7454968648263.0,52623567.2251537,10819341.6623845
2018-10-11,7454968648263.0,58923571.7521087,10819341.6623845
2018-10-13,7454968648263.0,58923571.7521087,11153382.1683486
2018-10-15,7454968648263.0,60035337.2568655,11153382.1683486
2018-10-17,7454968648263.0,60035337.2568655,11388324.9367584
2018-10-19,7182852313938.0,50702736.5834647,11388324.9367584
2018-10-21,7182852313938.0,50702736.5834647,11177638.2230549
2018-10-23,7182852313938.0,54987474.8862927,11177638.2230549
2018-10-25,7182852313938.0,54987474.8862927,11078368.7086216
2018-10-27,7182852313938.0,48560367.4320507,11078368.7086216
2018-10-29,7182852313938.0,48560367.4320507,11701707.396594
2018-10-31,7182852313938.0,58201028.6134137,11701707.396594
2018-11-02,7182852313938.0,58201028.6134137,11791348.731355
2018-11-04,7184404942702.0,44285199.6469399,11791348.731355
2018-11-06,7184404942702.0,44285199.6469399,10388473.3176845
2018-11-08,7184404942702.0,43213783.5264494,10388473.3176845
2018-11-10,7184404942702.0,43213783.5264494,10836466.3614449
2018-11-12,7184404942702.0,49999418.9562224,10836466.3614449
2018-11-14,7184404942702.0,49999418.9562224,10486098.1233794
2018-11-16,7175974755379.84,44946674.6331138,10486098.1233794
2018-11-18,7175974755379.84,44946674.6331138,8599720.95927254
2018-11-20,6653303141406.0,43657349.0874779,8599720.95927254
2018-11-22,6653303141406.0,43657349.0874779,6996199.90465438
2018-11-24,6653303141406.0,47295461.5114344,6996199.90465438
2018-11-26,6653303141406.0,47295461.5114344,5473562.85458386
2018-11-28,6653303141406.0,39027024.1842606,5473562.85458386
2018-11-30,6653303141406.0,39027024.1842606,5401820.88924666
2018-12-02,6653303141406.0,37704074.2119128,5401820.88924666
2018-12-04,6653303141406.0,37704074.2119128,7036398.75283324
2018-12-06,5646403851535.0,37892374.8161739,7036398.75283324
2018-12-08,5646403851535.0,37892374.8161739,5447972.13209918
2018-12-10,5646403851535.0,34804847.9793004,5447972.13209918
2018-12-12,5646403851535.0,34804847.9793004,5160390.73972739
2018-12-14,5646403851535.0,40979901.6530473,5160390.73972739
2018-12-16,5646403851535.0,40979901.6530473,4666604.25778655
2018-12-18,5621092245587.73,35766529.4260719,4666604.25778655
2018-12-20,5621092245587.73,35766529.4260719,6721946.32294331
2018-12-22,5106422924660.0,44422290.5748598,6721946.32294331
2018-12-24,5106422924660.0,44422290.5748598,8231393.77197834
2018-12-26,5106422924660.0,39853140.68716,8231393.77197834
2018-12-28,5106422924660.0,39853140.68716,7898836.22197374
2018-12-30,5106422924660.0,44676132.2352876,7898836.22197374
2019-01-01,5106422924660.0,44676132.2352876,7012103.64869832
2019-01-03,5618595848853.0,43291796.7608921,7012103.64869832
2019-01-05,5618595848853.0,43291796.7608921,8052390.56037927
2019-01-07,5618595848853.0,39381569.9566825,8052390.56037927
2019-01-09,5618595848853.0,39381569.9566825,8518054.36444044
2019-01-11,5618595848853.0,41336683.3587873,8518054.36444044
2019-01-13,5618595848853.0,41336683.3587873,6266417.92080623
2019-01-15,5883988430955.0,38609293.9848521,6266417.92080623
2019-01-17,5883988430955.0,38609293.9848521,5891153.31180589
2019-01-19,5883988430955.0,38901788.6362525,5891153.31180589
2019-01-21,5883988430955.0,38901788.6362525,6879083.71968765
2019-01-23,5883988430955.0,42704219.1044576,6879083.71968765
2019-01-25,5883988430955.0,42704219.1044576,6309969.92281265
2019-01-27,5883988430955.0,40071767.241854,6309969.92281265
2019-01-29,5883988430955.0,40071767.241854,6364552.33446091
2019-01-31,5814661935892.0,44802503.958942,6364552.33446091
2019-02-02,5814661935892.0,44802503.958942,6325531.02417506
2019-02-04,5814661935892.0,42490116.6578353,6325531.02417506
2019-02-06,5814661935892.0,42490116.6578353,6985845.57387517
2019-02-08,5814661935892.0,47114891.2600487,6985845.57387517
2019-02-10,5814661935892.0,47114891.2600487,6454979.70124316
2019-02-12,6061518831027.0,38568926.138295,6454979.70124316
2019-02-14,6061518831027.0,38568926.138295,6566282.2719383
2019-02-16,6061518831027.0,45197960.3183144,6566282.2719383
2019-02-18,6061518831027.0,45197960.3183144,7556019.10851886
2019-02-20,6061518831027.0,39171565.6092058,7556019.10851886
2019-02-22,6061518831027.0,39171565.6092058,8096363.88186099
2019-02-24,6064081790460.55,41298258.2978092,8096363.88186099
2019-02-26,6064081790460.55,41298258.2978092,7878415.30725483
2019-02-28,6071846049921.0,45274965.6436762,7878415.30725483
2019-03-02,6071846049921.0,45274965.6436762,6565214.95545392
2019-03-04,6071846049921.0,41351135.2878909,6565214.95545392
2019-03-06,6071846049921.0,41351135.2878909,6388631.33749861
2019-03-08,6071846049921.0,44067633.2265115,6388631.33749861
2019-03-10,6071846049921.0,44067633.2265115,6690849.40826923
2019-03-12,6068891541677.0,43141131.5892332,6690849.40826923
2019-03-14,6068891541677.0,43141131.5892332,7600598.59424684
2019-03-16,6068891541677.0,49174856.287028,7600598.59424684
2019-03-18,6068891541677.0,49174856.287028,8269486.75644039
2019-03-20,6068891541677.0,48571483.8172485,8269486.75644039
2019-03-22,6068891541677.0,48571483.8172485,8113657.07200504
2019-03-24,6368919654419.87,47490106.9905989,8113657.07200504
2019-03-26,6368919654419.87,47490106.9905989,6780907.83753621
2019-03-28,6379265451411.0,46298790.8217788,6780907.83753621
2019-03-30,6379265451411.0,46298790.8217788,7321449.75025686
2019-04-01,6379265451411.0,43127640.7654926,7321449.75025686
2019-04-03,6379265451411.0,43127640.7654926,9794906.73422098
2019-04-05,6379265451411.0,50104170.8893222,9794906.73422098
2019-04-07,6379265451411.0,50104170.8893222,9465714.63768817
2019-04-09,6393023717202.0,41949459.1204562,9465714.63768817
2019-04-11,6393023717202.0,41949459.1204562,10673185.0684278
2019-04-13,6393023717202.0,42902855.9186484,10673185.0684278
2019-04-15,6393023717202.0,42902855.9186484,9812670.32039005
2019-04-17,6393023717202.0,43856252.7168405,9812670.32039005
2019-04-19,6393023717202.0,43856252.7168405,10531918.6568264
2019-04-21,6357721118108.33,51199133.0238072,10531918.6568264
2019-04-23,6357721118108.33,51199133.0238072,8538019.90240713
2019-04-25,6353030562984.0,45160953.3019234,8538019.90240713
2019-04-27,6353030562984.0,45160953.3019234,9112041.03117378
2019-04-29,6353030562984.0,51477170.5469476,9112041.03117378
2019-05-01,6353030562984.0,51477170.5469476,11945018.6431959
2019-05-03,6353030562984.0,48003251.0621843,11945018.6431959
2019-05-05,6353030562984.0,48003251.0621843,9591032.60781153
2019-05-07,6702169884349.0,42312167.3509307,9591032.60781153
2019-05-09,6702169884349.0,42312167.3509307,12149462.758915
2019-05-11,6702169884349.0,43311667.3670944,12149462.758915
2019-05-13,6702169884349.0,43311667.3670944,16443665.5226962
2019-05-15,6702169884349.0,49641834.1361313,16443665.5226962
2019-05-17,6702169884349.0,49641834.1361313,15398528.2663666
2019-05-19,6704632680587.0,54326123.0260958,15398528.2663666
2019-05-21,6704632680587.0,54326123.0260958,16828129.8548241
2019-05-23,6704632680587.0,52659677.5344978,16828129.8548241
2019-05-25,6704632680587.0,52659677.5344978,15115205.1345969
2019-05-27,6704632680587.0,55659279.4193742,15115205.1345969
2019-05-29,6704632680587.0,55659279.4193742,20660475.7496612
2019-05-31,7459680720542.0,43386260.5763838,20660475.7496612
2019-06-02,7459680720542.0,43386260.5763838,15462127.8066285
2019-06-04,7459680720542.0,57106701.9552403,15462127.8066285
2019-06-06,7459680720542.0,57106701.9552403,16576546.9153716
2019-06-08,7459680720542.0,45982019.7561675,16576546.9153716
2019-06-10,7459680720542.0,45982019.7561675,16318423.0157517
2019-06-12,7459680720542.0,48577778.9359511,16318423.0157517
2019-06-14,7459680720542.0,48577778.9359511,18846894.0773128
2019-06-16,7409399249090.0,47882020.4805591,18846894.0773128
2019-06-18,7409399249090.0,47882020.4805591,19759220.101567
2019-06-20,7409399249090.0,53038545.7630809,19759220.101567
2019-06-22,7409399249090.0,53038545.7630809,20226178.7284416
2019-06-24,7409399249090.0,65193212.5004535,20226178.7284416
2019-06-26,7409399249090.0,65193212.5004535,28602342.1291297
2019-06-28,7934713219631.0,64293187.5738079,28602342.1291297
2019-06-30,7934713219631.0,64293187.5738079,23170049.1634577
2019-07-02,7934713219631.0,62321003.9058997,23170049.1634577
2019-07-04,7934713219631.0,62321003.9058997,25608368.4262575
2019-07-06,7934713219631.0,70209738.5775326,25608368.4262575
2019-07-08,7934713219631.0,70209738.5775326,27968213.8393009
2019-07-10,9064159826491.0,58125055.9333793,27968213.8393009
2019-07-12,9064159826491.0,58125055.9333793,24773188.3315347
2019-07-14,9064159826491.0,65334365.1964341,24773188.3315347
2019-07-16,9064159826491.0,65334365.1964341,22149573.0409782
2019-07-18,9064159826491.0,54520401.3018519,22149573.0409782
2019-07-20,9064159826491.0,54520401.3018519,24399901.5665187
2019-07-22,9064159826491.0,71191928.9726661,24399901.5665187
2019-07-24,9064159826491.0,71191928.9726661,17345757.0026475
2019-07-26,9013786945892.0,74380911.3910783,17345757.0026475
2019-07-28,9013786945892.0,74380911.3910783,20994348.8070565
2019-07-30,9013786945892.0,63627044.6839344,20994348.8070565
2019-08-01,9013786945892.0,63627044.6839344,18606541.3941747
2019-08-03,9013786945892.0,77517455.8473286,18606541.3941747
2019-08-05,9013786945892.0,77517455.8473286,22256372.3249701
2019-08-07,9985348008060.0,75945274.2994312,22256372.3249701
2019-08-09,9985348008060.0,75945274.2994312,22823177.0107999
2019-08-11,9985348008060.0,75945274.2994312,22823177.0107999
2019-08-13,9985348008060.0,75945274.2994312,23339417.3415891
2019-08-15,9985348008060.0,77930771.6667366,23339417.3415891
2019-08-17,9985348008060.0,77930771.6667366,16818757.380567
2019-08-19,10183488432890.0,82514504.7903757,16818757.380567
2019-08-21,10183488432890.0,82514504.7903757,18133519.9255694
2019-08-23,10183488432890.0,77452265.232684,18133519.9255694
2019-08-25,10183488432890.0,77452265.232684,20023054.2210009
2019-08-27,10183488432890.0,68340234.0288388,20023054.2210009
2019-08-29,10183488432890.0,68340234.0288388,20199158.8493224
2019-08-31,10183488432890.0,84033176.6576833,20199158.8493224
2019-09-02,10183488432890.0,84033176.6576833,19567794.8424031
2019-09-04,10771996663680.0,72825124.7697365,19567794.8424031
2019-09-06,10771996663680.0,72825124.7697365,21464687.5948385
2019-09-08,10771996663680.0,94779757.9723776,21464687.5948385
2019-09-10,10771996663680.0,94779757.9723776,23662199.3205437
2019-09-12,10771996663680.0,84605659.6589586,23662199.3205437
2019-09-14,10771996663680.0,84605659.6589586,20523303.2794348
2019-09-16,11890594958796.0,96346803.0777296,20523303.2794348
2019-09-18,11890594958796.0,96346803.0777296,22533478.5270288
2019-09-20,11890594958796.0,89253786.9002281,22533478.5270288
2019-09-22,11890594958796.0,89253786.9002281,21169975.568586
2019-09-24,11890594958796.0,92800294.9889788,21169975.568586
2019-09-26,11890594958796.0,92800294.9889788,18142040.4350672
2019-09-28,12759819404409.0,100852756.01995,18142040.4350672
2019-09-30,12759819404409.0,100852756.01995,13436667.5184307
2019-10-02,12759819404409.0,93875521.3267456,13436667.5184307
2019-10-04,12759819404409.0,93875521.3267456,15198779.2000248
2019-10-06,12759819404409.0,94509815.3897642,15198779.2000248
2019-10-08,12759819404409.0,94509815.3897642,17060959.4496355
2019-10-10,12874760266706.7,103681264.292523,17060959.4496355
2019-10-12,12874760266706.7,103681264.292523,14021139.9221787
2019-10-14,13008091666972.0,87295825.4578357,14021139.9221787
2019-10-16,13008091666972.0,87295825.4578357,14633533.2162171
2019-10-18,13008091666972.0,103461719.061139,14633533.2162171
2019-10-20,13008091666972.0,103461719.061139,14984777.0324384
2019-10-22,13008091666972.0,109281440.758328,14984777.0324384
2019-10-24,13008091666972.0,109281440.758328,12594197.4342478
2019-10-26,13691480038694.0,95285003.0093039,12594197.4342478
2019-10-28,13691480038694.0,95285003.0093039,16254462.7222859
2019-10-30,13691480038694.0,91201360.0231908,16254462.7222859
2019-11-01,13691480038694.0,91201360.0231908,15476389.7763189
2019-11-03,13691480038694.0,93923788.6805996,15476389.7763189
2019-11-05,13691480038694.0,93923788.6805996,17451427.0960617
2019-11-07,13669891710442.8,91737090.3690835,17451427.0960617
2019-11-09,13669891710442.8,91737090.3690835,16111246.6162539
2019-11-11,12720005267391.0,95479548.6213797,16111246.6162539
2019-11-13,12720005267391.0,95479548.6213797,15067619.9304147
2019-11-15,12720005267391.0,99905752.8621059,15067619.9304147
2019-11-17,12720005267391.0,99905752.8621059,16582477.2990228
2019-11-19,12720005267391.0,92950289.0552504,16582477.2990228
2019-11-21,12720005267391.0,92950289.0552504,13715760.945241
2019-11-23,12973235968800.0,111568229.030169,13715760.945241
2019-11-25,12973235968800.0,111568229.030169,11205569.8205629
2019-11-27,12973235968800.0,89641525.0589222,11205569.8205629
2019-11-29,12973235968800.0,89641525.0589222,14142605.488628
2019-12-01,12973235968800.0,89641525.0589222,14142605.488628
2019-12-03,12973235968800.0,89641525.0589222,14637722.1146156
2019-12-05,12955951549096.1,93386357.4980277,14637722.1146156
2019-12-07,12955951549096.1,93386357.4980277,15286888.4929326
2019-12-09,12876842089682.0,94736471.2539258,15286888.4929326
2019-12-11,12876842089682.0,94736471.2539258,12062018.8328855
2019-12-13,12876842089682.0,97296916.4229509,12062018.8328855
2019-12-15,12876842089682.0,97296916.4229509,11126047.8730105
2019-12-17,12876842089682.0,90255692.208132,11126047.8730105
2019-12-19,12876842089682.0,90255692.208132,14591652.0228841
2019-12-21,12948593420946.0,113287340.369223,14591652.0228841
2019-12-23,12948593420946.0,113287340.369223,13758030.7646397
2019-12-25,12948593420946.0,82390792.9957983,13758030.7646397
2019-12-27,12948593420946.0,82390792.9957983,13514433.1871364
2019-12-29,12948593420946.0,99770100.8933494,13514433.1871364
2019-12-31,12948593420946.0,99770100.8933494,13152944.2201164
2020-01-02,13798783827516.0,96717718.3123778,13152944.2201164
2020-01-04,13798783827516.0,96717718.3123778,15650931.3942571
2020-01-06,13798783827516.0,92602070.7246171,15650931.3942571
2020-01-08,13798783827516.0,92602070.7246171,14890476.7245234
2020-01-10,13798783827516.0,102205248.429392,14890476.7245234
2020-01-12,13798783827516.0,102205248.429392,15625350.6674988
2020-01-14,13819009697340.3,99607271.2200415,15625350.6674988
2020-01-16,13819009697340.3,99607271.2200415,17478168.636505
2020-01-18,14776367535689.0,96958912.29362,17478168.636505
2020-01-20,14776367535689.0,96958912.29362,16034934.2929324
2020-01-22,14776367535689.0,114587805.437915,16034934.2929324
2020-01-24,14776367535689.0,114587805.437915,16478219.0489395
2020-01-26,14776367535689.0,105038821.651422,16478219.0489395
2020-01-28,14776367535689.0,105038821.651422,16242549.0084109
2020-01-30,15466098935555.0,119936535.919975,16242549.0084109
2020-02-01,15466098935555.0,119936535.919975,17858163.3183205
2020-02-03,15466098935555.0,113785944.334335,17858163.3183205
2020-02-05,15466098935555.0,113785944.334335,19130672.8183499
2020-02-07,15466098935555.0,106866528.80049,19130672.8183499
2020-02-09,15466098935555.0,106866528.80049,19747647.2563808
2020-02-11,15521134947902.1,114190850.876276,19747647.2563808
2020-02-13,15521134947902.1,114190850.876276,18474198.4419548
2020-02-15,15546745765529.0,109742275.18922,18474198.4419548
2020-02-17,15546745765529.0,109742275.18922,19823862.1987849
2020-02-19,15546745765529.0,108969442.265353,19823862.1987849
2020-02-21,15546745765529.0,108969442.265353,18886942.6943443
2020-02-23,15546745765529.0,109742275.18922,18886942.6943443
2020-02-25,15546745765529.0,109742275.18922,17822599.4317669
2020-02-27,15486913440293.0,113169220.498612,17822599.4317669
2020-02-29,15486913440293.0,113169220.498612,15277906.3501235
2020-03-02,15486913440293.0,114708937.784307,15277906.3501235
2020-03-04,15486913440293.0,114708937.784307,18948989.9695022
2020-03-06,15486913440293.0,119328089.641393,18948989.9695022
2020-03-08,15486913440293.0,119328089.641393,17385259.2570763
2020-03-10,16552923967337.0,108616241.391911,17385259.2570763
2020-03-12,16552923967337.0,108616241.391911,13544827.8769228
2020-03-14,16552923967337.0,105324840.13761,13544827.8769228
2020-03-16,16552923967337.0,105324840.13761,7889846.94060429
2020-03-18,16552923967337.0,82285031.3575081,7889846.94060429
2020-03-20,16552923967337.0,82285031.3575081,9446456.6579134
2020-03-22,16552923967337.0,104501989.824035,9446456.6579134
2020-03-24,16552923967337.0,104501989.824035,11290318.1081887
2020-03-26,14143559041805.2,112492821.358516,11290318.1081887
2020-03-28,14143559041805.2,112492821.358516,10989618.9333618
2020-03-30,13912524048946.0,101664512.290166,10989618.9333618
2020-04-01,13912524048946.0,101664512.290166,12386579.1867395
2020-04-03,13912524048946.0,91290582.4646392,12386579.1867395
2020-04-05,13912524048946.0,91290582.4646392,14957634.8766792
2020-04-07,13912524048946.0,116188014.045904,14957634.8766792
2020-04-09,13912524048946.0,116188014.045904,14241012.6272215
2020-04-11,14715214060657.0,116308064.119463,14241012.6272215
2020-04-13,14715214060657.0,116308064.119463,14683700.7327373
2020-04-15,14715214060657.0,123623036.705593,14683700.7327373
2020-04-17,14715214060657.0,123623036.705593,11584618.6908067
2020-04-19,14715214060657.0,111187583.309172,11584618.6908067
2020-04-21,14715214060657.0,111187583.309172,13280755.4956055
2020-04-23,15958652328578.0,112649865.245436,13280755.4956055
2020-04-25,15958652328578.0,112649865.245436,13029925.9247904
2020-04-27,15958652328578.0,111856556.335257,13029925.9247904
2020-04-29,15958652328578.0,111856556.335257,15737371.4387275
2020-05-01,15958652328578.0,111856556.335257,15737371.4387275
2020-05-03,15958652328578.0,111856556.335257,19630255.3423323
2020-05-05,16079831604277.9,126294576.814336,19630255.3423323
2020-05-07,16079831604277.9,126294576.814336,18246780.7005844
2020-05-09,16104807485529.0,108878107.851694,18246780.7005844
2020-05-11,16104807485529.0,108878107.851694,17168436.3390022
2020-05-13,16104807485529.0,95268344.370232,17168436.3390022
2020-05-15,16104807485529.0,95268344.370232,8969982.47707204
2020-05-17,16104807485529.0,81658580.8887703,8969982.47707204
2020-05-19,16104807485529.0,81658580.8887703,8879553.7575469
2020-05-21,15138043247083.0,98579623.7035512,8879553.7575469
2020-05-23,15138043247083.0,98579623.7035512,7843058.63019165
2020-05-25,15138043247083.0,94064526.4346863,7843058.63019165
2020-05-27,15138043247083.0,94064526.4346863,9241012.00693874
2020-05-29,15138043247083.0,95569558.8576412,9241012.00693874
2020-05-31,15138043247083.0,95569558.8576412,9542417.4585863
2020-06-02,15138043247083.0,97074591.2805962,9542417.4585863
2020-06-04,15138043247083.0,97074591.2805962,9764314.20040038
2020-06-06,13732352106018.0,133797229.464477,9764314.20040038
2020-06-08,13732352106018.0,133797229.464477,10379765.6243221
2020-06-10,13732352106018.0,111952783.837623,10379765.6243221
2020-06-12,13732352106018.0,111952783.837623,9866334.58133083
2020-06-14,13732352106018.0,116048617.392658,9866334.58133083
2020-06-16,13732352106018.0,116048617.392658,9617963.21008684
2020-06-18,15784744305477.0,97298323.0370428,9617963.21008684
2020-06-20,15784744305477.0,97298323.0370428,8238014.00234774
2020-06-22,15784744305477.0,112206937.050783,8238014.00234774
2020-06-24,15784744305477.0,112206937.050783,8594577.4593605
2020-06-26,15784744305477.0,128684878.855444,8594577.4593605
2020-06-28,15784744305477.0,128684878.855444,8666896.61256926
2020-06-30,15784618886622.5,115344676.145677,8666896.61256926
2020-07-02,15784618886622.5,115344676.145677,9907317.70423729
2020-07-04,15784217546288.0,123188120.488637,9907317.70423729
2020-07-06,15784217546288.0,123188120.488637,9573702.5263014
2020-07-08,15784217546288.0,118480294.227925,9573702.5263014
2020-07-10,15784217546288.0,118480294.227925,9821730.66445103
2020-07-12,15784217546288.0,119264931.938044,9821730.66445103
2020-07-14,15784217546288.0,119264931.938044,9003009.80517444
2020-07-16,17345948872516.0,117268964.179098,9003009.80517444
2020-07-18,17345948872516.0,117268964.179098,8257260.54422192
2020-07-20,17345948872516.0,121580323.15627,8257260.54422192
2020-07-22,17345948872516.0,121580323.15627,9764974.36846801
2020-07-24,17345948872516.0,138825759.064961,9764974.36846801
2020-07-26,17345948872516.0,138825759.064961,10587041.6037513
2020-07-28,16847561611550.0,121437040.395232,10587041.6037513
2020-07-30,16847561611550.0,121437040.395232,11301864.6984554
2020-08-01,16847561611550.0,114737065.752737,11301864.6984554
2020-08-03,16847561611550.0,114737065.752737,12873862.5784736
2020-08-05,16847561611550.0,108037091.110241,12873862.5784736
2020-08-07,16847561611550.0,108037091.110241,12898632.9438048
2020-08-09,16847561611550.0,130649505.528664,12898632.9438048
2020-08-11,16847561611550.0,130649505.528664,12966824.4492047
2020-08-13,16947802333947.0,123844534.076575,12966824.4492047
2020-08-15,16947802333947.0,123844534.076575,12537672.5372401
2020-08-17,16947802333947.0,105309977.956271,12537672.5372401
2020-08-19,16947802333947.0,105309977.956271,11920459.626279147
2020-08-21,16947802333947.0,130584372.66577661,11920459.626279147
2020-08-23,16947802333947.0,130584372.66577661,12250514.724347962
2020-08-25,17557993035167.0,111720008.69546376,12250514.724347962
2020-08-27,17557993035167.0,111720008.69546376,10690122.01226198
2020-08-29,17557993035167.0,127430634.91826336,10690122.01226198
2020-08-31,17557993035167.0,127430634.91826336,12191565.474340877
2020-09-02,17557993035167.0,125685009.78239675,12191565.474340877
2020-09-04,17557993035167.0,125685009.78239675,10521917.64225536
2020-09-06,17557993035167.0,130921885.1899966,10521917.64225536
2020-09-08,17557993035167.0,130921885.1899966,10676168.86571476
2020-09-10,17345997805929.0,136239328.01257572,10676168.86571476
2020-09-12,17345997805929.0,136239328.01257572,11755971.409291402
2020-09-14,17345997805929.0,151760264.11527425,11755971.409291402
2020-09-16,17345997805929.0,151760264.11527425,11397006.21477204
2020-09-18,17345997805929.0,142275247.6080696,11397006.21477204
2020-09-20,17345997805929.0,142275247.6080696,10041684.798421945
2020-09-22,19314656404097.0,123857644.31701957,10041684.798421945
2020-09-24,19314656404097.0,123857644.31701957,9928235.838903904
2020-09-26,19314656404097.0,144020516.64769718,9928235.838903904
2020-09-28,19314656404097.0,144020516.64769718,9531618.970526235
2020-09-30,19314656404097.0,149781337.3136051,9531618.970526235
2020-10-02,19314656404097.0,149781337.3136051,10232863.851096012
2020-10-04,19300708897945.594,151592064.050859,10232863.851096012
2020-10-06,19300708897945.594,151592064.050859,10054284.607074086
2020-10-08,19298087186263.0,155408725.01316798,10054284.607074086
2020-10-10,19298087186263.0,155408725.01316798,11127194.8560519
2020-10-12,19298087186263.0,142937654.4874199,11127194.8560519
2020-10-14,19298087186263.0,142937654.4874199,11605343.496273927
2020-10-16,19298087186263.0,148693533.1916113,11605343.496273927
2020-10-18,19298087186263.0,148693533.1916113,8982105.736832837
2020-10-20,19997335994446.0,143146506.838782,8982105.736832837
2020-10-22,19997335994446.0,143146506.838782,13585268.793336762
2020-10-24,19997335994446.0,151099090.55204767,13585268.793336762
2020-10-26,19997335994446.0,151099090.55204767,10435984.482452529
2020-10-28,19997335994446.0,99407296.41582084,10435984.482452529
2020-10-30,19997335994446.0,99407296.41582084,12828892.041338578
2020-11-01,19997335994446.0,124259120.51977606,12828892.041338578
2020-11-03,19997335994446.0,124259120.51977606,15826226.373946056
2020-11-05,16787779609933.0,122675182.48120748,15826226.373946056
2020-11-07,16787779609933.0,122675182.48120748,16132958.559332216
2020-11-09,16787779609933.0,154387134.41512507,16132958.559332216
2020-11-11,16787779609933.0,154387134.41512507,16020485.034676496
2020-11-13,16787779609933.0,115998982.07406694,16020485.034676496
2020-11-15,16787779609933.0,115998982.07406694,15662707.440931926
2020-11-17,17596801059571.0,137334450.8705656,15662707.440931926
2020-11-19,17596801059571.0,137334450.8705656,16988027.064900875
2020-11-21,17596801059571.0,147831351.5740483,16988027.064900875
2020-11-23,17596801059571.0,147831351.5740483,18011288.3905691
2020-11-25,17596801059571.0,135584967.41998515,18011288.3905691
2020-11-27,17596801059571.0,135584967.41998515,17988301.561259545
2020-11-29,18158528379021.04,135399801.26976258,17988301.561259545
2020-12-01,18158528379021.04,135399801.26976258,21143567.33429405
2020-12-03,19157154724710.0,149512250.29219317,21143567.33429405
2020-12-05,19157154724710.0,149512250.29219317,18632287.72198453
2020-12-07,19157154724710.0,142846099.00528008,18632287.72198453
2020-12-09,19157154724710.0,142846099.00528008,17187411.942549206
2020-12-11,19157154724710.0,131418411.08485769,17187411.942549206
2020-12-13,19157154724710.0,131418411.08485769,19661607.518971115
2020-12-15,18670168558400.0,129933875.82961763,19661607.518971115
2020-12-17,18670168558400.0,129933875.82961763,22338873.247198086
2020-12-19,18670168558400.0,146639659.8648542,22338873.247198086
2020-12-21,18670168558400.0,146639659.8648542,23298120.991149504
2020-12-23,18670168558400.0,142927263.41257942,23298120.991149504
2020-12-25,18670168558400.0,142927263.41257942,23792132.986943312
2020-12-27,18670168558400.0,137358668.73416725,23792132.986943312
2020-12-29,18670168558400.0,137358668.73416725,28221057.092363108
2020-12-31,18599593048299.0,153482070.38176647,28221057.092363108
2021-01-02,18599593048299.0,153482070.38176647,31908499.940662753
2021-01-04,18599593048299.0,159954205.87979275,31908499.940662753
2021-01-06,18599593048299.0,159954205.87979275,43004565.11013959
2021-01-08,18599593048299.0,136839436.24398455,43004565.11013959
2021-01-10,18599593048299.0,136839436.24398455,43171347.77742759
2021-01-12,20607418304386.0,151611247.4016758,43171347.77742759
2021-01-14,20607418304386.0,151611247.4016758,42518141.3229426
2021-01-16,20607418304386.0,150586847.08139417,42518141.3229426
2021-01-18,20607418304386.0,150586847.08139417,36250411.753908925
2021-01-20,20607418304386.0,144440445.1597046,36250411.753908925
2021-01-22,20607418304386.0,144440445.1597046,31865792.143227555
2021-01-24,20823531150112.0,143884925.38771522,31865792.143227555
2021-01-26,20823531150112.0,143884925.38771522,35209827.729441255
2021-01-28,20823531150112.0,150095785.47639358,35209827.729441255
2021-01-30,20823531150112.0,150095785.47639358,33651946.62402073
2021-02-01,20823531150112.0,124217201.7735671,33651946.62402073
2021-02-03,20823531150112.0,124217201.7735671,39131400.439372316
2021-02-05,20823531150112.0,174939225.83110696,39131400.439372316
2021-02-07,20823531150112.0,174939225.83110696,41085629.48255814
2021-02-09,21434395961349.0,152367873.16992718,41085629.48255814
2021-02-11,21434395961349.0,152367873.16992718,47377470.06192563
2021-02-13,21434395961349.0,167285007.6061438,47377470.06192563
2021-02-15,21434395961349.0,167285007.6061438,51761591.27857075
2021-02-17,21434395961349.0,147040325.15699264,51761591.27857075
2021-02-19,21434395961349.0,147040325.15699264,59244126.437538244
2021-02-21,21724134900047.0,152267677.07260144,59244126.437538244
2021-02-23,21724134900047.0,152267677.07260144,48487887.64094238
2021-02-25,21724134900047.0,168466366.12287825,48487887.64094238
2021-02-27,21724134900047.0,168466366.12287825,51148405.64582984
2021-03-01,21724134900047.0,140388638.43573186,51148405.64582984
2021-03-03,21724134900047.0,140388638.43573186,55147754.83271214
2021-03-05,21724134900047.0,160906977.89941573,55147754.83271214
2021-03-07,21724134900047.0,160906977.89941573,49451162.50304934
2021-03-09,21448277761060.0,149267953.88308737,49451162.50304934
2021-03-11,21448277761060.0,149267953.88308737,52736912.574518405
2021-03-13,21448277761060.0,152466552.89486787,52736912.574518405
2021-03-15,21448277761060.0,152466552.89486787,59673362.68696073
2021-03-17,21448277761060.0,145003155.2007135,59673362.68696073
2021-03-19,21448277761060.0,145003155.2007135,61617467.94631133
2021-03-21,21865558044611.0,169563074.61598912,61617467.94631133
2021-03-23,21865558044611.0,169563074.61598912,60904323.71943131
2021-03-25,21865558044611.0,167389189.0439892,60904323.71943131
2021-03-27,21865558044611.0,167389189.0439892,59212965.29536148
2021-03-29,21865558044611.0,164128360.68598944,59212965.29536148
2021-03-31,21865558044611.0,164128360.68598944,63698731.011946015
2021-04-02,23064760716651.37,160517766.38346806,63698731.011946015
2021-04-04,23064760716651.37,160517766.38346806,56501558.977773495
2021-04-06,23137439666472.0,165624244.467784,56501558.977773495
2021-04-08,23137439666472.0,165624244.467784,53025106.53857864
2021-04-10,23137439666472.0,180576433.20445892,53025106.53857864
2021-04-12,23137439666472.0,180576433.20445892,59662203.17826638
2021-04-14,23137439666472.0,155272729.1885475,59662203.17826638
2021-04-16,23137439666472.0,155272729.1885475,48356808.52401327
2021-04-18,23581981443664.0,145361065.33971703,48356808.52401327
2021-04-20,23581981443664.0,145361065.33971703,62004693.81146113
2021-04-22,23581981443664.0,167634131.8030608,62004693.81146113
2021-04-24,23581981443664.0,167634131.8030608,53877732.96517578
2021-04-26,23581981443664.0,133638398.78006244,53877732.96517578
2021-04-28,23581981443664.0,133638398.78006244,56029341.15713478
2021-04-30,23581981443664.0,169978665.11499172,56029341.15713478
2021-05-02,23581981443664.0,169978665.11499172,70637245.5046327
2021-05-04,20608845737768.0,185429301.3867602,70637245.5046327
2021-05-06,20608845737768.0,185429301.3867602,66659326.27502956
2021-05-08,20608845737768.0,175184588.60296133,66659326.27502956
2021-05-10,20608845737768.0,175184588.60296133,71072062.4963203
2021-05-12,20608845737768.0,176209059.88134116,71072062.4963203
2021-05-14,20608845737768.0,176209059.88134116,45652932.824427664
2021-05-16,25046487590083.0,164348929.98192218,45652932.824427664
2021-05-18,25046487590083.0,164348929.98192218,30628667.240716435
2021-05-20,25046487590083.0,139447576.95435822,30628667.240716435
2021-05-22,25046487590083.0,139447576.95435822,31076144.881794974
2021-05-24,25046487590083.0,156878524.07365298,31076144.881794974
2021-05-26,25046487590083.0,156878524.07365298,32976616.14112848
2021-05-28,25046487590083.0,148163050.51400563,32976616.14112848
2021-05-30,25046487590083.0,148163050.51400563,33235125.091146626
2021-06-01,21047730572452.0,148572947.38247102,33235125.091146626
2021-06-03,21047730572452.0,148572947.38247102,37237145.28549553
2021-06-05,21047730572452.0,137063775.4021388,37237145.28549553
2021-06-07,21047730572452.0,137063775.4021388,32065211.206185155
2021-06-09,21047730572452.0,131832333.59289683,32065211.206185155
2021-06-11,21047730572452.0,131832333.59289683,25753794.507168025
2021-06-13,20836567779802.566,136724465.12868512,25753794.507168025
2021-06-15,20836567779802.566,136724465.12868512,34465050.9411636
2021-06-17,19932791027263.0,128812374.13671976,34465050.9411636
2021-06-19,19932791027263.0,128812374.13671976,23856840.00185822
2021-06-21,19932791027263.0,104040763.72581212,23856840.00185822
2021-06-23,19932791027263.0,104040763.72581212,23621428.331087295
2021-06-25,19932791027263.0,108995085.80799364,23621428.331087295
2021-06-27,19932791027263.0,108995085.80799364,13064509.932234002
2021-06-29,19932791027263.0,89177797.47926754,13064509.932234002
2021-07-01,19932791027263.0,89177797.47926754,22482193.59954811
2021-07-03,15634861856766.197,98706076.21227616,22482193.59954811
2021-07-05,15634861856766.197,98706076.21227616,29781454.423735674
2021-07-07,14363025673660.0,87820755.10899657,29781454.423735674
2021-07-09,14363025673660.0,87820755.10899657,28042394.08723746
2021-07-11,14363025673660.0,89248734.86686642,28042394.08723746
2021-07-13,14363025673660.0,89248734.86686642,28926080.150108404
2021-07-15,14363025673660.0,91390704.50367121,28926080.150108404
2021-07-17,14363025673660.0,91390704.50367121,28583415.04251025
2021-07-19,13672594272814.0,115543619.13247934,28583415.04251025
2021-07-21,13672594272814.0,115543619.13247934,28599770.53082254
2021-07-23,13672594272814.0,91755226.95814537,28599770.53082254
2021-07-25,13672594272814.0,91755226.95814537,33196893.294046123
2021-07-27,13672594272814.0,115543619.13247934,33196893.294046123
2021-07-29,13672594272814.0,115543619.13247934,40901817.89725001
2021-07-31,14319158983942.734,112465862.12588961,40901817.89725001
2021-08-02,14319158983942.734,112465862.12588961,35937889.12802676
2021-08-04,14496442856349.0,98004603.29610927,35937889.12802676
2021-08-06,14496442856349.0,98004603.29610927,41573126.86150505
2021-08-08,14496442856349.0,113858289.12342106,41573126.86150505
2021-08-10,14496442856349.0,113858289.12342106,48233368.67053298
2021-08-12,14496442856349.0,108813934.5420037,48233368.67053298
2021-08-14,14496442856349.0,108813934.5420037,48765927.53500252
2021-08-16,15556093717703.0,124500915.70761941,48765927.53500252
2021-08-18,15556093717703.0,124500915.70761941,38733931.86284885
2021-08-20,15556093717703.0,123727618.0945286,38733931.86284885
2021-08-22,15556093717703.0,123727618.0945286,50723143.42981716
2021-08-24,15556093717703.0,119087832.41598378,50723143.42981716
2021-08-26,15556093717703.0,119087832.41598378,44344740.93695561
2021-08-28,17615033039279.0,123466373.91035247,44344740.93695561
2021-08-30,17615033039279.0,123466373.91035247,41207632.496016696
2021-09-01,17615033039279.0,119963781.7426829,41207632.496016696
2021-09-03,17615033039279.0,119963781.7426829,47116728.859512806
2021-09-05,17615033039279.0,143606278.8744525,47116728.859512806
2021-09-07,17615033039279.0,143606278.8744525,50271634.77666399
2021-09-09,18415156832118.0,125412870.36132078,50271634.77666399
2021-09-11,18415156832118.0,125412870.36132078,42455401.022459485
2021-09-13,18415156832118.0,145552163.4120438,42455401.022459485
2021-09-15,18415156832118.0,145552163.4120438,43026873.39652887
2021-09-17,18415156832118.0,134567094.4752858,43026873.39652887
2021-09-19,18415156832118.0,134567094.4752858,48131991.96049828
2021-09-21,18632996500113.82,113928907.44351819,48131991.96049828
2021-09-23,18632996500113.82,113928907.44351819,46022168.07568965
2021-09-25,18997641161759.0,135990412.4848306,46022168.07568965
2021-09-27,18997641161759.0,135990412.4848306,43218816.609998696
2021-09-29,18997641161759.0,122769122.38213871,43218816.609998696
2021-10-01,18997641161759.0,122769122.38213871,40884975.737541296
2021-10-03,18997641161759.0,141656679.6716985,40884975.737541296
2021-10-05,18997641161759.0,141656679.6716985,52076953.33832859
2021-10-07,19893045048575.0,139433297.2697835,52076953.33832859
2021-10-09,19893045048575.0,139433297.2697835,52134455.4356277
2021-10-11,19893045048575.0,144377740.43537864,52134455.4356277
2021-10-13,19893045048575.0,144377740.43537864,60196305.44825861
2021-10-15,19893045048575.0,139433297.2697835,60196305.44825861
2021-10-17,19893045048575.0,139433297.2697835,61555796.558050446
2021-10-19,20082460130831.0,154737198.72913387,61555796.558050446
2021-10-21,20082460130831.0,154737198.72913387,60807152.14749298
2021-10-23,20082460130831.0,144754153.64983496,60807152.14749298
2021-10-25,20082460130831.0,144754153.64983496,74417752.58679873
2021-10-27,20082460130831.0,156733807.7449937,74417752.58679873
2021-10-29,20082460130831.0,156733807.7449937,68395070.2356678
2021-10-31,20286661027549.07,140175299.14944655,68395070.2356678
2021-11-02,20286661027549.07,140175299.14944655,62861190.1269139
2021-11-04,21659344833265.0,153966937.6477702,62861190.1269139
2021-11-06,21659344833265.0,153966937.6477702,59379244.680895254
2021-11-08,21659344833265.0,145353402.67446837,59379244.680895254
2021-11-10,21659344833265.0,145353402.67446837,63548112.515628144
2021-11-12,21659344833265.0,152890245.77610743,63548112.515628144
2021-11-14,21659344833265.0,152890245.77610743,65428799.071050175
2021-11-16,22674148233453.0,169070703.34607086,65428799.071050175
2021-11-18,22674148233453.0,169070703.34607086,53828907.24201124
2021-11-20,22674148233453.0,163435013.23453516,53828907.24201124
2021-11-22,22674148233453.0,163435013.23453516,51325923.632378705
2021-11-24,22674148233453.0,176960669.50222084,51325923.632378705
2021-11-26,22674148233453.0,176960669.50222084,46589569.53114692
2021-11-28,22464723406485.65,155225116.619112,46589569.53114692
2021-11-30,22464723406485.65,155225116.619112,48794504.356670626
2021-12-02,22335659268936.0,172098304.91522342,48794504.356670626
2021-12-04,22335659268936.0,172098304.91522342,48318140.19851063
2021-12-06,22335659268936.0,190973602.87366727,48318140.19851063
2021-12-08,22335659268936.0,190973602.87366727,53150535.42389043
2021-12-10,22335659268936.0,173208616.55983782,53150535.42389043
2021-12-12,22335659268936.0,173208616.55983782,43658657.58972005
2021-12-14,24195286980614.0,178007627.4567432,43658657.58972005
2021-12-16,24195286980614.0,178007627.4567432,35647706.322254986
2021-12-18,24195286980614.0,153952542.66529143,35647706.322254986
2021-12-20,24195286980614.0,153952542.66529143,42533811.43613241
2021-12-22,24195286980614.0,178007627.4567432,42533811.43613241
2021-12-24,24195286980614.0,178007627.4567432,49180777.12235141
2021-12-26,24272331996980.0,161682278.52670813,49180777.12235141
2021-12-28,24272331996980.0,161682278.52670813,43360200.30927323
2021-12-30,24272331996980.0,143583516.00506175,43360200.30927323
2022-01-01,24272331996980.0,143583516.00506175,50149010.75444461
2022-01-03,24272331996980.0,168921783.5353667,50149010.75444461
2022-01-05,24272331996980.0,168921783.5353667,43723000.844989486
2022-01-07,24272331996980.0,168921783.5353667,43723000.844989486
2022-01-09,24272331996980.0,168921783.5353667,37068053.16263282
2022-01-11,24371874614346.0,191422128.4364691,37068053.16263282
2022-01-13,24371874614346.0,191422128.4364691,49600693.77700761
2022-01-15,24371874614346.0,201114388.10413846,49600693.77700761
2022-01-17,24371874614346.0,201114388.10413846,43763608.21850503
2022-01-19,24371874614346.0,209595115.3133491,43763608.21850503
2022-01-21,24371874614346.0,209595115.3133491,32978968.483064435
2022-01-23,26643185256535.0,186746029.1281284,32978968.483064435
2022-01-25,26643185256535.0,186746029.1281284,35087221.533111915
2022-01-27,26643185256535.0,173501629.89918315,35087221.533111915
2022-01-29,26643185256535.0,173501629.89918315,35684124.95720539
2022-01-31,26643185256535.0,189394908.97391748,35684124.95720539
2022-02-02,26643185256535.0,189394908.97391748,36860308.934098706
2022-02-04,26684698822068.03,172445464.54596007,36860308.934098706
2022-02-06,26684698822068.03,172445464.54596007,40981670.2961239
2022-02-08,26690525287406.0,204326154.12338364,40981670.2961239
2022-02-10,26690525287406.0,204326154.12338364,41628004.65890094
2022-02-12,26690525287406.0,248110330.00696588,41628004.65890094
2022-02-14,26690525287406.0,248110330.00696588,40840022.9699916
2022-02-16,26690525287406.0,206979740.54057044,40840022.9699916
2022-02-18,26690525287406.0,206979740.54057044,34237766.888329044
2022-02-20,27967152532434.0,200196675.81507933,34237766.888329044
2022-02-22,27967152532434.0,200196675.81507933,36863634.739900105
2022-02-24,27967152532434.0,183513619.49715608,36863634.739900105
2022-02-26,27967152532434.0,183513619.49715608,33937773.77919107
2022-02-28,27967152532434.0,214099222.7466821,33937773.77919107
2022-03-02,27967152532434.0,214099222.7466821,38804384.27420314
2022-03-04,27550332084344.0,190365286.64550212,38804384.27420314
2022-03-06,27550332084344.0,190365286.64550212,32347699.625522234
2022-03-08,27550332084344.0,202691096.5721893,32347699.625522234
2022-03-10,27550332084344.0,202691096.5721893,36518474.15193781
2022-03-12,27550332084344.0,213647372.0625779,36518474.15193781
2022-03-14,27550332084344.0,213647372.0625779,37379620.92665644
2022-03-16,27550332084344.0,212277837.6262793,37379620.92665644
2022-03-18,27550332084344.0,212277837.6262793,36959271.78465093
2022-03-20,27452707696466.0,210160951.25482893,36959271.78465093
2022-03-22,27452707696466.0,210160951.25482893,39888938.43880881
2022-03-24,27452707696466.0,195149454.73662692,39888938.43880881
2022-03-26,27452707696466.0,195149454.73662692,45600899.41748507
2022-03-28,27452707696466.0,216984358.7631026,45600899.41748507
2022-03-30,27452707696466.0,216984358.7631026,40379135.25749871
2022-04-01,28587155782195.0,200371606.28467658,40379135.25749871
2022-04-03,28587155782195.0,200371606.28467658,40719203.40116903
2022-04-05,28587155782195.0,206055907.17218518,40719203.40116903
2022-04-07,28587155782195.0,206055907.17218518,38455362.05837601
2022-04-09,28587155782195.0,217424508.94720227,38455362.05837601
2022-04-11,28587155782195.0,217424508.94720227,35801153.7575258
2022-04-13,28587155782195.0,198950531.06279945,35801153.7575258
2022-04-15,28587155782195.0,198950531.06279945,40084844.38845567
2022-04-17,28225928151211.0,231514552.3256366,40084844.38845567
2022-04-19,28225928151211.0,231514552.3256366,32209953.668280132
2022-04-21,28225928151211.0,237127026.3214096,32209953.668280132
2022-04-23,28225928151211.0,237127026.3214096,40745768.893821314
2022-04-25,28225928151211.0,227305196.82880685,40745768.893821314
2022-04-27,28225928151211.0,227305196.82880685,42682531.77661201
2022-04-29,29794407589312.0,222163205.20796743,42682531.77661201
2022-05-01,29794407589312.0,222163205.20796743,40525650.90483759
2022-05-03,29794407589312.0,222163205.20796743,40525650.90483759
2022-05-05,29794407589312.0,222163205.20796743,38641030.35769125
2022-05-07,29794407589312.0,211795588.96492898,38641030.35769125
2022-05-09,29794407589312.0,211795588.96492898,32281111.722359955
2022-05-11,31251101365711.0,225257597.8912952,32281111.722359955
2022-05-13,31251101365711.0,225257597.8912952,29699309.994814295
2022-05-15,31251101365711.0,189527082.3637104,29699309.994814295
2022-05-17,31251101365711.0,189527082.3637104,28397876.911416225
2022-05-19,31251101365711.0,189527082.3637104,28397876.911416225
2022-05-21,31251101365711.0,189527082.3637104,25484061.476900727
2022-05-23,31251101365711.0,248560108.0179809,25484061.476900727
2022-05-25,31251101365711.0,248560108.0179809,27361186.722105965
2022-05-27,29897409688834.0,205096744.96660265,27361186.722105965
2022-05-29,29897409688834.0,205096744.96660265,27414129.737638846
2022-05-31,29897409688834.0,216986411.34147817,27414129.737638846
2022-06-02,29897409688834.0,216986411.34147817,24078261.13086094
2022-06-04,29897409688834.0,206582953.2634621,24078261.13086094
2022-06-06,29897409688834.0,206582953.2634621,30106422.182860665
2022-06-08,30107694713067.656,266405768.7361438,30106422.182860665
2022-06-10,30107694713067.656,266405768.7361438,27700978.416366063
2022-06-12,30283293547737.0,191184617.31646615,27700978.416366063
2022-06-14,30283293547737.0,191184617.31646615,20795095.681292698
2022-06-16,30283293547737.0,179141491.81621632,20795095.681292698
2022-06-18,30283293547737.0,179141491.81621632,19163215.151645448
2022-06-20,30283293547737.0,198711570.75412232,19163215.151645448
2022-06-22,30283293547737.0,198711570.75412232,16701527.504797904
2022-06-24,29570168636358.0,189622396.21199957,16701527.504797904
2022-06-26,29570168636358.0,189622396.21199957,18725062.505838733
2022-06-28,29570168636358.0,214611394.16241816,18725062.505838733
2022-06-30,29570168636358.0,214611394.16241816,20986948.239193026
2022-07-02,29570168636358.0,202851865.7151624,20986948.239193026
2022-07-04,29570168636358.0,202851865.7151624,17710446.53341544
2022-07-06,29570168636358.0,186682514.1001857,17710446.53341544
2022-07-08,29570168636358.0,186682514.1001857,20610085.030495834
2022-07-10,29152798808272.0,221726603.8502846,20610085.030495834
2022-07-12,29152798808272.0,221726603.8502846,19253095.526382394
2022-07-14,29152798808272.0,179699992.6629758,19253095.526382394
2022-07-16,29152798808272.0,179699992.6629758,19644545.69899658
2022-07-18,29152798808272.0,189844347.0874986,19644545.69899658
2022-07-20,29152798808272.0,189844347.0874986,19141473.222768992
2022-07-22,27692567959234.0,181711862.6387281,19141473.222768992
2022-07-24,27692567959234.0,181711862.6387281,22447659.673061103
2022-07-26,27692567959234.0,220256803.19845834,22447659.673061103
2022-07-28,27692567959234.0,220256803.19845834,21195787.991195064
2022-07-30,27692567959234.0,177582047.57875702,21195787.991195064
2022-08-01,27692567959234.0,177582047.57875702,20057094.21660737
2022-08-03,27692567959234.0,199607727.89860287,20057094.21660737
2022-08-05,27692567959234.0,199607727.89860287,22040552.556791432
2022-08-07,28174668481289.0,222690688.3419183,22040552.556791432
2022-08-09,28174668481289.0,222690688.3419183,21500771.45078992
2022-08-11,28174668481289.0,196079851.3702425,21500771.45078992
2022-08-13,28174668481289.0,196079851.3702425,21597981.286947653
2022-08-15,28174668481289.0,203082703.20489404,21597981.286947653
2022-08-17,28174668481289.0,203082703.20489404,19823143.47206977
2022-08-19,28351606743494.0,250867150.78611156,19823143.47206977
2022-08-21,28351606743494.0,250867150.78611156,19658711.446938902
2022-08-23,28351606743494.0,242410954.69219768,19658711.446938902
2022-08-25,28351606743494.0,242410954.69219768,21711435.8619223
2022-08-27,28351606743494.0,204358072.2695853,21711435.8619223
2022-08-29,28351606743494.0,204358072.2695853,19815545.48503768
2022-08-31,30293716756044.19,219862688.89188153,19815545.48503768
2022-09-02,30293716756044.19,219862688.89188153,16573004.97125154
2022-09-04,30977051760460.0,258699436.01770127,16573004.97125154
2022-09-06,30977051760460.0,258699436.01770127,17711313.57191243
2022-09-08,30977051760460.0,195564454.60861945,17711313.57191243
2022-09-10,30977051760460.0,195564454.60861945,21254611.329074144
2022-09-12,30977051760460.0,235601272.08754936,21254611.329074144
2022-09-14,30977051760460.0,235601272.08754936,16390122.367911555
2022-09-16,32045359565303.0,203901883.4393143,16390122.367911555
2022-09-18,32045359565303.0,203901883.4393143,19614731.42557514
2022-09-20,32045359565303.0,242133486.58418575,19614731.42557514
2022-09-22,32045359565303.0,242133486.58418575,15405709.406264087
2022-09-24,32045359565303.0,232575585.79796788,15405709.406264087
2022-09-26,32045359565303.0,232575585.79796788,18586164.0791014
2022-09-28,31419898493798.69,234283743.87934902,18586164.0791014
2022-09-30,31419898493798.69,234283743.87934902,20961626.892611515
2022-10-02,31360548173145.0,244753784.95094424,20961626.892611515
2022-10-04,31360548173145.0,244753784.95094424,20497223.57467133
2022-10-06,31360548173145.0,247871667.56178424,20497223.57467133
2022-10-08,31360548173145.0,247871667.56178424,21693311.538908795
2022-10-10,33738662001569.633,281762541.4868823,21693311.538908795
2022-10-12,33738662001569.633,281762541.4868823,16543247.306288254
2022-10-14,35610794164372.0,276154660.02324307,16543247.306288254
2022-10-16,35610794164372.0,276154660.02324307,17640377.301598247
2022-10-18,35610794164372.0,251371549.5083366,17640377.301598247
2022-10-20,35610794164372.0,251371549.5083366,17832142.511155218
2022-10-22,35610794164372.0,240750216.43051958,17832142.511155218
2022-10-24,35610794164372.0,240750216.43051958,16704131.75423753
2022-10-26,36835682546788.0,283822315.2658024,16704131.75423753
2022-10-28,36835682546788.0,283822315.2658024,20657842.562491424
2022-10-30,36835682546788.0,247200081.03795698,20657842.562491424
2022-11-01,36835682546788.0,247200081.03795698,19035680.24022811
2022-11-03,36835682546788.0,300302320.6683329,19035680.24022811
2022-11-05,36835682546788.0,300302320.6683329,20477935.245340105
2022-11-07,36766791551487.06,263186945.48747677,20477935.245340105
2022-11-09,36766791551487.06,263186945.48747677,16756916.904897429
2022-11-11,36762198818467.0,244879481.2695022,16756916.904897429
2022-11-13,36762198818467.0,244879481.2695022,13715309.636890972
2022-11-15,36762198818467.0,283256116.39382714,13715309.636890972
2022-11-17,36762198818467.0,283256116.39382714,15097004.518378556
2022-11-19,36762198818467.0,268636445.8702748,15097004.518378556
2022-11-21,36762198818467.0,268636445.8702748,13533870.26017263
2022-11-23,36950494067222.0,258991482.2471786,13533870.26017263
2022-11-25,36950494067222.0,258991482.2471786,13127718.390905542
2022-11-27,36950494067222.0,249807387.13203046,13127718.390905542
2022-11-29,36950494067222.0,249807387.13203046,13816257.51734792
2022-12-01,36950494067222.0,281033310.52353424,13816257.51734792
2022-12-03,36950494067222.0,281033310.52353424,14299138.04252222
2022-12-05,36950494067222.0,268175577.36232677,14299138.04252222
2022-12-07,36950494067222.0,268175577.36232677,18475685.995101217
2022-12-09,34244331613176.0,258748833.58216918,18475685.995101217
2022-12-11,34244331613176.0,258748833.58216918,15911653.689838963
2022-12-13,34244331613176.0,280878668.0332757,15911653.689838963
2022-12-15,34244331613176.0,280878668.0332757,15628685.822634194
2022-12-17,34244331613176.0,234916704.1732852,15628685.822634194
2022-12-19,34244331613176.0,234916704.1732852,14497991.473721288
2022-12-21,35364065900457.0,251387886.90897432,14497991.473721288
2022-12-23,35364065900457.0,251387886.90897432,14192911.730580632
2022-12-25,35364065900457.0,247871972.40675086,14192911.730580632
2022-12-27,35364065900457.0,247871972.40675086,12489766.06688427
2022-12-29,35364065900457.0,247871972.40675086,12489766.06688427
2022-12-31,35364065900457.0,247871972.40675086,16375895.467673866
2023-01-02,35364065900457.0,274241331.1734265,16375895.467673866
2023-01-04,35364065900457.0,274241331.1734265,15514421.553151188
2023-01-06,34093570325204.0,305064103.23047346,15514421.553151188
2023-01-08,34093570325204.0,305064103.23047346,16331614.696256422
2023-01-10,34093570325204.0,286421296.9219445,16331614.696256422
2023-01-12,34093570325204.0,286421296.9219445,17645261.628721908
2023-01-14,34093570325204.0,289810898.0689498,17645261.628721908
2023-01-16,34093570325204.0,289810898.0689498,19564851.90352845
2023-01-18,37590453655497.0,261608422.14007932,19564851.90352845
2023-01-20,37590453655497.0,261608422.14007932,18240061.154305376
2023-01-22,37590453655497.0,282163369.59394276,18240061.154305376
2023-01-24,37590453655497.0,282163369.59394276,18918440.50491401
2023-01-26,37590453655497.0,289637895.9408021,18918440.50491401
2023-01-28,37590453655497.0,289637895.9408021,24442485.75123782
2023-01-30,39350942467773.0,269948142.5149194,24442485.75123782
2023-02-01,39350942467773.0,269948142.5149194,20346134.427086793
2023-02-03,39350942467773.0,260167412.7136542,20346134.427086793
2023-02-05,39350942467773.0,260167412.7136542,22388253.779740416
2023-02-07,39350942467773.0,277772726.3559315,22388253.779740416
2023-02-09,39350942467773.0,277772726.3559315,23332309.14710399
2023-02-11,39350942467773.0,291465748.0777028,23332309.14710399
2023-02-13,39350942467773.0,291465748.0777028,21667418.164248344
2023-02-15,39156400059293.0,317275458.3617154,21667418.164248344
2023-02-17,39156400059293.0,317275458.3617154,25714299.92522733
2023-02-19,39156400059293.0,315328983.1570423,25714299.92522733
2023-02-21,39156400059293.0,315328983.1570423,26512359.26103933
2023-02-23,39156400059293.0,332847259.9991002,26512359.26103933
2023-02-25,39156400059293.0,332847259.9991002,16083980.15403232
2023-02-27,43053844193928.0,299630548.4861114,16083980.15403232
2023-03-01,43053844193928.0,299630548.4861114,25988722.583811883
2023-03-03,43053844193928.0,359556658.1833338,25988722.583811883
2023-03-05,43053844193928.0,359556658.1833338,22389334.56458218
2023-03-07,43053844193928.0,353136003.57291716,22389334.56458218
2023-03-09,43053844193928.0,353136003.57291716,19039458.643895354
2023-03-11,43551722213590.0,357219695.9219277,19039458.643895354
2023-03-13,43551722213590.0,357219695.9219277,23087128.98074996
2023-03-15,43551722213590.0,318250274.5486265,23087128.98074996
2023-03-17,43551722213590.0,318250274.5486265,25280852.552496247
2023-03-19,43551722213590.0,320415242.4026988,25280852.552496247
2023-03-21,43551722213590.0,320415242.4026988,26497064.86479075
2023-03-23,43767569956061.28,398152679.74955547,26497064.86479075
2023-03-25,43767569956061.28,398152679.74955547,25755315.778535493
2023-03-27,46843400286277.0,344632512.6727259,25755315.778535493
2023-03-29,46843400286277.0,344632512.6727259,26591193.533266988
2023-03-31,46843400286277.0,328332326.2625294,26591193.533266988
2023-04-02,46843400286277.0,328332326.2625294,27387521.07343141
2023-04-04,46843400286277.0,377232885.49311894,27387521.07343141
2023-04-06,46843400286277.0,377232885.49311894,29988656.93568959
2023-04-08,47887764338536.0,349935510.5526316,29988656.93568959
2023-04-10,47887764338536.0,349935510.5526316,22540478.67849652
2023-04-12,47887764338536.0,380882188.3566059,22540478.67849652
2023-04-14,47887764338536.0,380882188.3566059,27977114.940560613
2023-04-16,47887764338536.0,295183695.97636956,27977114.940560613
2023-04-18,47887764338536.0,295183695.97636956,31642501.63757007
2023-04-20,48296984989381.2,319313867.4340018,31642501.63757007
2023-04-22,48296984989381.2,319313867.4340018,25972883.28916762
2023-04-24,48712405953118.0,341432463.6274834,25972883.28916762
2023-04-26,48712405953118.0,341432463.6274834,24384973.37872218
2023-04-28,48712405953118.0,355961504.6329083,24384973.37872218
2023-04-30,48712405953118.0,355961504.6329083,28548026.97705134
2023-05-02,48712405953118.0,312374381.6166337,28548026.97705134
2023-05-04,48712405953118.0,312374381.6166337,29770202.04218574
2023-05-06,48005534313579.0,355568840.1119249,29770202.04218574
2023-05-08,48005534313579.0,355568840.1119249,41744197.067098685
2023-05-10,48005534313579.0,405682569.25521636,41744197.067098685
2023-05-12,48005534313579.0,405682569.25521636,27932158.246966116
2023-05-14,48005534313579.0,415228041.47298616,27932158.246966116
2023-05-16,48005534313579.0,415228041.47298616,30101350.309985295
2023-05-18,49188301954866.32,344768089.144806,30101350.309985295
2023-05-20,49188301954866.32,344768089.144806,24375940.640033692
2023-05-22,49549703178593.0,354690591.1309403,24375940.640033692
2023-05-24,49549703178593.0,354690591.1309403,25204426.061596133
2023-05-26,49549703178593.0,376858753.07662404,25204426.061596133
2023-05-28,49549703178593.0,376858753.07662404,29018379.77947518
2023-05-30,49549703178593.0,379321882.1817001,29018379.77947518
2023-06-01,49549703178593.0,379321882.1817001,24808640.12866411
2023-06-03,51234338863443.0,331093463.8956832,24808640.12866411
2023-06-05,51234338863443.0,331093463.8956832,24355694.08839815
2023-06-07,51234338863443.0,343827827.89167106,24355694.08839815
2023-06-09,51234338863443.0,343827827.89167106,30334803.515606057
2023-06-11,51234338863443.0,415140266.2692028,30334803.515606057
2023-06-13,51234338863443.0,415140266.2692028,24857915.761624184
2023-06-15,52350439455487.0,385148460.1631553,24857915.761624184
2023-06-17,52350439455487.0,385148460.1631553,24576941.293343797
2023-06-19,52350439455487.0,369534333.3997841,24576941.293343797
2023-06-21,52350439455487.0,369534333.3997841,23415578.90437153
2023-06-23,52350439455487.0,325294307.5702325,23415578.90437153
2023-06-25,52350439455487.0,325294307.5702325,30195817.85050738
2023-06-27,52350439455487.0,364329624.47866035,30195817.85050738
2023-06-29,52350439455487.0,364329624.47866035,28907158.299600467
2023-07-01,50646206431058.0,334845664.7949681,28907158.299600467
2023-07-03,50646206431058.0,334845664.7949681,27990140.909918316
2023-07-05,50646206431058.0,390233669.4978951,27990140.909918316
2023-07-07,50646206431058.0,390233669.4978951,34013005.20105904
2023-07-09,50646206431058.0,425480581.581576,34013005.20105904
2023-07-11,50646206431058.0,425480581.581576,26664260.808558695
2023-07-13,53911173001055.0,321592673.51184636,26664260.808558695
2023-07-15,53911173001055.0,321592673.51184636,27066441.91831429
2023-07-17,53911173001055.0,364471696.6467593,27066441.91831429
2023-07-19,53911173001055.0,364471696.6467593,28328021.50246617
2023-07-21,53911173001055.0,300153161.94439,28328021.50246617
2023-07-23,53911173001055.0,300153161.94439,28310247.069138404
2023-07-25,53911173001055.0,369831574.5386234,28310247.069138404
2023-07-27,53911173001055.0,369831574.5386234,26347218.51898918
2023-07-29,52328312063444.0,343365594.25571066,26347218.51898918
2023-07-31,52328312063444.0,343365594.25571066,27510234.359162603
2023-08-02,52328312063444.0,400593193.2983291,27510234.359162603
2023-08-04,52328312063444.0,400593193.2983291,23104041.166844852
2023-08-06,52328312063444.0,426605738.3177011,23104041.166844852
2023-08-08,52328312063444.0,426605738.3177011,23875114.96975787
2023-08-10,52391178981379.0,330756213.4390739,23875114.96975787
2023-08-12,52391178981379.0,330756213.4390739,31294824.65651836
2023-08-14,52391178981379.0,445348917.3077294,31294824.65651836
2023-08-16,52391178981379.0,445348917.3077294,30586968.731064703
2023-08-18,52391178981379.0,362008769.0396163,30586968.731064703
2023-08-20,52391178981379.0,362008769.0396163,27190186.429498125
2023-08-22,53588410123873.43,380936887.22817194,27190186.429498125
2023-08-24,53588410123873.43,380936887.22817194,23333266.492939506
2023-08-26,55621444139430.0,378799106.9943814,23333266.492939506
2023-08-28,55621444139430.0,378799106.9943814,19666378.699688364
2023-08-30,55621444139430.0,348384580.1554164,19666378.699688364
2023-09-01,55621444139430.0,348384580.1554164,25120794.91081459
2023-09-03,55621444139430.0,436863203.68695074,25120794.91081459
2023-09-05,55621444139430.0,436863203.68695074,21245406.274935115
2023-09-07,54150142369480.0,393005453.9397736,21245406.274935115
2023-09-09,54150142369480.0,393005453.9397736,25270696.568339124
2023-09-11,54150142369480.0,427999090.2494795,25270696.568339124
2023-09-13,54150142369480.0,427999090.2494795,24786596.15628565
2023-09-15,54150142369480.0,506061817.40190023,24786596.15628565
2023-09-17,54150142369480.0,506061817.40190023,25479813.23061756
2023-09-19,55816608966185.68,385677556.7313763,25479813.23061756
2023-09-21,55816608966185.68,385677556.7313763,24381114.451694295
2023-09-23,57119871304635.0,442953295.78705144,24381114.451694295
2023-09-25,57119871304635.0,442953295.78705144,24661550.73070846
2023-09-27,57119871304635.0,445792739.99081457,24661550.73070846
2023-09-29,57119871304635.0,445792739.99081457,25946534.412971754
2023-10-01,57119871304635.0,400361632.7306042,25946534.412971754
2023-10-03,57119871304635.0,400361632.7306042,28995037.486792862
2023-10-05,57321508229258.0,401774935.7811363,28995037.486792862
2023-10-07,57321508229258.0,401774935.7811363,31014954.909119453
2023-10-09,57321508229258.0,444516950.225938,31014954.909119453
2023-10-11,57321508229258.0,444516950.225938,27666095.64227482
2023-10-13,57321508229258.0,393226532.892176,27666095.64227482
2023-10-15,57321508229258.0,393226532.892176,28431414.424704663
2023-10-17,61030681983176.0,491483968.444345,28431414.424704663
2023-10-19,61030681983176.0,491483968.444345,25797505.892024655
2023-10-21,61030681983176.0,455077748.5595787,25797505.892024655
2023-10-23,61030681983176.0,455077748.5595787,30814659.955034763
2023-10-25,61030681983176.0,436874638.6171956,30814659.955034763
2023-10-27,61030681983176.0,436874638.6171956,34005980.050704196
2023-10-29,61030681983176.0,415637677.0177486,34005980.050704196
2023-10-31,61030681983176.0,415637677.0177486,33982514.00176837
2023-11-02,62463471666733.0,447130946.6720681,33982514.00176837
2023-11-04,62463471666733.0,447130946.6720681,40679663.2595844
2023-11-06,62463471666733.0,394344654.35661566,40679663.2595844
2023-11-08,62463471666733.0,394344654.35661566,37138019.602830954
2023-11-10,62463471666732.94,478181706.85762835,37138019.602830954
2023-11-12,62463471666732.94,478181706.85762835,44174930.492356926
2023-11-14,64678587803497.0,443696225.37862045,44174930.492356926
2023-11-16,64678587803497.0,443696225.37862045,45968659.957687706
2023-11-18,64678587803496.94,479063315.80735093,45968659.957687706
2023-11-20,64678587803496.94,479063315.80735093,45344546.355345115
2023-11-22,64678587803496.984,456556985.5345224,45344546.355345115
2023-11-24,64678587803496.984,456556985.5345224,43175803.346235916
2023-11-26,67912869716769.22,492891191.48160595,43175803.346235916
2023-11-28,67912869716769.22,492891191.48160595,37326757.10887134
2023-11-30,67957790298898.0,452678810.6117344,37326757.10887134
2023-12-02,67957790298898.0,452678810.6117344,33852262.01674702
2023-12-04,67957790298898.0,523621012.2747674,33852262.01674702
2023-12-06,67957790298898.0,523621012.2747674,50935074.8445154
2023-12-08,67957790298898.0,456057010.69092655,50935074.8445154
2023-12-10,67957790298898.0,456057010.69092655,44686549.54716012
2023-12-12,67305906902031.055,481794448.2864064,44686549.54716012
2023-12-14,67305906902031.055,481794448.2864064,53487706.78018544
2023-12-16,67305906902031.1,508560806.52454,53487706.78018544
2023-12-18,67305906902031.1,508560806.52454,59706278.14765298
2023-12-20,67305906902031.06,485140243.06617314,59706278.14765298
2023-12-22,67305906902031.06,485140243.06617314,60254531.70180586
2023-12-24,72006146478567.25,612085087.5512694,60254531.70180586
2023-12-26,72006146478567.25,612085087.5512694,44429205.61532214
2023-12-28,72006146478567.0,433112839.72926086,44429205.61532214
2023-12-30,72006146478567.0,433112839.72926086,49356320.35824165
2024-01-01,72006146478567.17,554813968.2482265,49356320.35824165
2024-01-03,72006146478567.17,554813968.2482265,49942736.51560193
2024-01-05,72006146478567.08,493963403.98874366,49942736.51560193
2024-01-07,72006146478567.08,493963403.98874366,35888603.51598232
2024-01-09,73197634206448.0,553078468.1633366,35888603.51598232
2024-01-11,73197634206448.0,553078468.1633366,55090803.641925655
2024-01-13,73197634206448.0,578549187.0919114,55090803.641925655
2024-01-15,73197634206448.0,578549187.0919114,35351902.51078625
2024-01-17,73197634206448.0,440279570.0510773,35351902.51078625
2024-01-19,73197634206448.0,440279570.0510773,38173782.20108948
2024-01-21,70343519904867.086,489551347.763542,38173782.20108948
2024-01-23,70343519904867.086,489551347.763542,41501393.373973474
2024-01-25,70343519904867.29,632919956.7514365,41501393.373973474
2024-01-27,70343519904867.29,632919956.7514365,47675471.29990798
2024-01-29,70343519904867.18,545500073.2222326,47675471.29990798
2024-01-31,70343519904867.18,545500073.2222326,37948047.32824909
2024-02-02,72346611061723.23,676117474.0216229,37948047.32824909
2024-02-04,72346611061723.23,676117474.0216229,45783886.783488914
2024-02-06,75502165623894.0,638049611.833403,45783886.783488914
2024-02-08,75502165623894.0,638049611.833403,42786545.164145045
2024-02-10,75502165623894.0,570491417.639278,42786545.164145045
2024-02-12,75502165623894.0,570491417.639278,57764470.8403383
2024-02-14,75502165623894.0,521699388.49907666,57764470.8403383
2024-02-16,75502165623894.0,521699388.49907666,47283903.32749274
2024-02-18,81725299822043.08,491572989.4556458,47283903.32749274
2024-02-20,81725299822043.08,491572989.4556458,47322899.81340297
2024-02-22,81725299822043.17,548449203.1116709,47322899.81340297
2024-02-24,81725299822043.17,548449203.1116709,45831218.69224145
2024-02-26,81725299822043.16,540324029.7322387,45831218.69224145
2024-02-28,81725299822043.16,540324029.7322387,59287809.13205337
2024-03-01,79428308380841.48,608054004.3789,59287809.13205337
2024-03-03,79428308380841.48,608054004.3789,63058947.8407899
2024-03-05,79351228131136.69,658743347.9554589,63058947.8407899
2024-03-07,79351228131136.69,658743347.9554589,78496285.61822377
2024-03-09,79351228131136.72,642965064.1720946,78496285.61822377
2024-03-11,79351228131136.72,642965064.1720946,78889620.04037066
2024-03-13,79351228131136.72,631131351.3345715,78889620.04037066
2024-03-15,79351228131136.72,631131351.3345715,57055498.61769609
2024-03-17,83947913181362.0,609268716.2671757,57055498.61769609
2024-03-19,83947913181362.0,609268716.2671757,66335356.25590292
2024-03-21,83947913181362.0,500768807.8908293,66335356.25590292
2024-03-23,83947913181362.0,500768807.8908293,67132158.05324538
2024-03-25,83947913181362.0,550845688.6799122,67132158.05324538
2024-03-27,83947913181362.0,550845688.6799122,61355577.38783222
2024-03-29,83126997340024.75,595046224.9834774,61355577.38783222
2024-03-31,83126997340024.75,595046224.9834774,63236811.094294675
2024-04-02,83126997340024.73,611575286.7885739,63236811.094294675
2024-04-04,83126997340024.73,611575286.7885739,60862190.09987233
2024-04-06,83126997340024.7,640501144.9474928,60862190.09987233
2024-04-08,83126997340024.7,640501144.9474928,72584586.6894471
2024-04-10,83450993523979.81,626404079.729565,72584586.6894471
2024-04-12,83450993523979.81,626404079.729565,70825577.10394244
2024-04-14,86388558925171.34,674220573.4624075,70825577.10394244
2024-04-16,86388558925171.34,674220573.4624075,71877767.00329177
2024-04-18,86388558925171.28,622687790.7773827,71877767.00329177
2024-04-20,86388558925171.28,622687790.7773827,107755899.72006707
2024-04-22,86388558925171.31,652748580.6769805,107755899.72006707
2024-04-24,86388558925171.31,652748580.6769805,48915600.66247102
2024-04-26,88104191118792.78,578118168.6740619,48915600.66247102
2024-04-28,88104191118792.78,578118168.6740619,31312027.141232885
2024-04-30,88104191118792.73,617535316.5382024,31312027.141232885
2024-05-02,88104191118792.73,617535316.5382024,28934123.907706067
2024-05-04,88104191118792.73,617535316.5382024,28934123.907706067
2024-05-06,88104191118792.73,617535316.5382024,27451699.523492247
2024-05-08,88104191118792.81,556219753.1939834,27451699.523492247
2024-05-10,88104191118792.81,556219753.1939834,30606208.36564269
2024-05-12,83148355189240.0,545599184.5546882,30606208.36564269
2024-05-14,83148355189240.0,545599184.5546882,27735381.41456481
2024-05-16,83148355189240.0,586932456.1118613,27735381.41456481
2024-05-18,83148355189240.0,586932456.1118613,28438160.460786633
2024-05-20,83148355189240.0,644799036.2919042,28438160.460786633
2024-05-22,83148355189240.0,644799036.2919042,38917719.969275184
2024-05-24,84381461788831.33,671140034.7624127,38917719.969275184
2024-05-26,84381461788831.33,671140034.7624127,38481434.68217408
2024-05-28,84381461788831.19,562079779.1135205,38481434.68217408
2024-05-30,84381461788831.19,562079779.1135205,28767073.21231229
2024-06-01,84381461788831.23,591442155.634376,28767073.21231229
2024-06-03,84381461788831.23,591442155.634376,36823366.331727035
2024-06-05,84381461788831.12,515938901.7236049,36823366.331727035
2024-06-07,84381461788831.12,515938901.7236049,53491882.961922884
2024-06-09,83716654861184.7,636721355.302943,53491882.961922884
2024-06-11,83716654861184.7,636721355.302943,28949556.468733203
2024-06-13,83716654861184.75,603428735.4178218,28949556.468733203
2024-06-15,83716654861184.75,603428735.4178218,31162127.595971256
2024-06-17,83716654861184.77,582620847.9896209,31162127.595971256
2024-06-19,83716654861184.77,582620847.9896209,30061986.735367663
2024-06-21,83675262295060.0,582332779.002438,30061986.735367663
2024-06-23,83675262295060.0,582332779.002438,23464996.032867584
2024-06-25,83675262295060.0,515780461.4021594,23464996.032867584
2024-06-27,83675262295060.0,515780461.4021594,26857887.760584537
2024-06-29,83675262295060.0,653044616.4527341,26857887.760584537
2024-07-01,83675262295060.0,653044616.4527341,29429485.801967986
2024-07-03,83675262295060.0,603130378.2525251,29429485.801967986
2024-07-05,83675262295060.0,603130378.2525251,22301675.55097078
2024-07-07,79495195323031.17,557193590.72128,22301675.55097078
2024-07-09,79495195323031.17,557193590.72128,28449925.860777948
2024-07-11,79495195323031.17,553241863.127512,28449925.860777948
2024-07-13,79495195323031.17,553241863.127512,30099376.59774986
2024-07-15,79495195323031.23,604614321.8464954,30099376.59774986
2024-07-17,79495195323031.23,604614321.8464954,33282763.029105972
2024-07-19,82047728459932.77,599556361.5235602,33282763.029105972
2024-07-21,82047728459932.77,599556361.5235602,36593236.63656708
2024-07-23,82047728459932.66,689285885.0168821,36593236.63656708
2024-07-25,82047728459932.66,689285885.0168821,33681498.18421587
2024-07-27,82047728459932.73,628106664.4532535,33681498.18421587
2024-07-29,82047728459932.73,628106664.4532535,40280474.14703804
2024-07-31,87487947532070.14,613215974.0238556,40280474.14703804
2024-08-02,87487947532070.14,613215974.0238556,25639623.020384252
2024-08-04,90666502495566.0,644509048.8165007,25639623.020384252
2024-08-06,90666502495566.0,644509048.8165007,24947450.301382836
2024-08-08,90666502495566.0,581410260.8204794,24947450.301382836
2024-08-10,90666502495566.0,581410260.8204794,24917672.54543788
2024-08-12,90666502495566.0,617466711.1039201,24917672.54543788
2024-08-14,90666502495566.0,617466711.1039201,25374791.768216494
2024-08-16,86871474313762.0,613213426.3989986,25374791.768216494
2024-08-18,86871474313762.0,613213426.3989986,29963139.508225396
2024-08-20,86871474313762.0,647760661.689083,29963139.508225396
2024-08-22,86871474313762.0,647760661.689083,36484622.08943517
2024-08-24,86871474313762.0,660715874.9228647,36484622.08943517
2024-08-26,86871474313762.0,660715874.9228647,27674781.48507304
2024-08-28,87937390901164.8,703794017.3679069,27674781.48507304
2024-08-30,87937390901164.8,703794017.3679069,26777389.05608681
2024-09-01,89471664776971.3,631567802.399059,26777389.05608681
2024-09-03,89471664776971.3,631567802.399059,27866937.66663015
2024-09-05,89471664776971.36,689387389.9426349,27866937.66663015
2024-09-07,89471664776971.36,689387389.9426349,27552792.156600785
2024-09-09,89471664776971.31,644910784.1398844,27552792.156600785
2024-09-11,89471664776971.31,644910784.1398844,19599003.467874914
2024-09-13,92671576265160.81,566627672.3067043,19599003.467874914
2024-09-15,92671576265160.81,566627672.3067043,28778640.08225594
2024-09-17,92671576265160.67,691009356.4715909,28778640.08225594
2024-09-19,92671576265160.67,691009356.4715909,24968850.56564683
2024-09-21,92671576265160.73,621908420.8244318,24968850.56564683
2024-09-23,92671576265160.73,621908420.8244318,29543659.11037773
2024-09-25,91782581703877.36,657005311.2676694,29543659.11037773
2024-09-27,91782581703877.36,657005311.2676694,29299201.002719067
2024-09-29,88404402371000.0,681164035.1378452,29299201.002719067
2024-10-01,88404402371000.0,681164035.1378452,31840978.55680005
2024-10-03,88404402371000.0,694347855.1727712,31840978.55680005
2024-10-05,88404402371000.0,694347855.1727712,30081843.746234596
2024-10-07,88404402371000.0,681164035.1378452,30081843.746234596
2024-10-09,88404402371000.0,681164035.1378452,25530107.240756985
2024-10-11,92049594548484.72,640613423.0024583,25530107.240756985
2024-10-13,92049594548484.72,640613423.0024583,28664910.99483269
2024-10-15,92049594548484.64,713826385.6313109,28664910.99483269
2024-10-17,92049594548484.64,713826385.6313109,38062121.87630825
2024-10-19,92049594548484.58,791615158.4244666,38062121.87630825
2024-10-21,92049594548484.58,791615158.4244666,37717977.99061954
2024-10-23,95672703408224.0,718143298.2753785,37717977.99061954
2024-10-25,95672703408224.0,718143298.2753785,34823376.2580687
2024-10-27,95672703408224.0,765702457.1015625,34823376.2580687
2024-10-29,95672703408224.0,765702457.1015625,36386425.459195286
2024-10-31,95672703408224.0,751434709.4537071,36386425.459195286
2024-11-02,95672703408224.0,751434709.4537071,32026078.597759437
2024-11-04,95989214149657.64,720519107.2542773,32026078.597759437
2024-11-06,95989214149657.64,720519107.2542773,36479752.335798346
2024-11-08,101646843652784.62,717510664.7072663,36479752.335798346
2024-11-10,101646843652784.62,717510664.7072663,38393587.929907665
2024-11-12,101646843652784.61,737722232.7271894,38393587.929907665
2024-11-14,101646843652784.61,737722232.7271894,37903153.606656246
2024-11-16,101646843652784.56,793304044.7819778,37903153.606656246
2024-11-18,101646843652784.56,793304044.7819778,45939880.53391854
2024-11-20,102289407543324.0,747470602.2973549,45939880.53391854
2024-11-22,102289407543324.0,747470602.2973549,45870965.214776054
2024-11-24,102289407543324.0,681367759.9173166,45870965.214776054
2024-11-26,102289407543324.0,681367759.9173166,42134965.081264235
2024-11-28,102289407543324.0,722046432.1511863,42134965.081264235
2024-11-30,102289407543324.0,722046432.1511863,51219912.1666137
2024-12-02,102892719959890.11,649582756.2207783,51219912.1666137
2024-12-04,102892719959890.11,649582756.2207783,46080118.04099268
2024-12-06,103919634711492.0,702558736.3396405,46080118.04099268
2024-12-08,103919634711492.0,702558736.3396405,47090807.27574497
2024-12-10,103919634711492.0,795544451.4434165,47090807.27574497
2024-12-12,103919634711492.0,795544451.4434165,48612048.372051
2024-12-14,103919634711492.0,821373816.7500207,48612048.372051
2024-12-16,103919634711492.0,821373816.7500207,49902125.28962492
2024-12-18,108522647629298.0,776835370.7386113,49902125.28962492
2024-12-20,108522647629298.0,776835370.7386113,48792080.69288845
2024-12-22,108522647629298.0,836176961.5589218,48792080.69288845
2024-12-24,108522647629298.0,836176961.5589218,40475096.03004776
2024-12-26,108522647629298.0,706704399.7691535,40475096.03004776
2024-12-28,108522647629298.0,706704399.7691535,43529291.78230904
2024-12-30,109782075598904.53,867710155.9849901,43529291.78230904
2025-01-01,109782075598904.53,867710155.9849901,41677508.02058292
2025-01-03,109782075598904.6,774936114.1501169,41677508.02058292
2025-01-05,109782075598904.6,774936114.1501169,49028390.2707316
2025-01-07,109782075598904.62,731277741.5219413,49028390.2707316
2025-01-09,109782075598904.62,731277741.5219413,45131715.5046244
2025-01-11,109782075598904.61,753106927.8360293,45131715.5046244
2025-01-13,109782075598904.61,753106927.8360293,38030872.878672
2025-01-15,110451907374650.0,763192579.4414012,38030872.878672
2025-01-17,110451907374650.0,763192579.4414012,49088495.97809198
2025-01-19,110451907374650.0,823589114.5051093,49088495.97809198
2025-01-21,110451907374650.0,823589114.5051093,44179305.061924905
2025-01-23,110451907374650.0,746720797.1512991,44179305.061924905
2025-01-25,110451907374650.0,746720797.1512991,43120149.290072314
2025-01-27,108526595760699.28,841602268.6110247,43120149.290072314
2025-01-29,108526595760699.28,841602268.6110247,50806098.81323439
2025-01-31,108105433845147.33,671743783.1087936,50806098.81323439
2025-02-02,108105433845147.33,671743783.1087936,53478549.88510187
2025-02-04,108105433845147.36,703987484.6980155,53478549.88510187
2025-02-06,108105433845147.36,703987484.6980155,44757606.39731677
2025-02-08,108105433845147.47,859832042.3792553,44757606.39731677
2025-02-10,108105433845147.47,859832042.3792553,43320703.27320515
2025-02-12,114167270716408.0,754813012.7554775,43320703.27320515
2025-02-14,114167270716408.0,754813012.7554775,46640110.77105758
2025-02-16,114167270716408.0,856968157.3389257,46640110.77105758
2025-02-18,114167270716408.0,856968157.3389257,42231628.83348872
2025-02-20,114167270716408.0,737787155.324903,42231628.83348872
2025-02-22,114167270716408.0,737787155.324903,42595344.10286018
2025-02-24,110568428300952.64,714530229.8374169,42595344.10286018
2025-02-26,110568428300952.64,714530229.8374169,44000914.86033099
2025-02-28,110568428300952.53,857436275.8049003,44000914.86033099
2025-03-02,110568428300952.53,857436275.8049003,35174001.36934307
2025-03-04,110568428300952.58,802472411.9712528,35174001.36934307
2025-03-06,110568428300952.58,802472411.9712528,49258687.207736224
2025-03-08,110568428300952.61,753004934.5209701,49258687.207736224
2025-03-10,110568428300952.61,753004934.5209701,39454820.13211145
2025-03-12,112149504190348.52,852972260.0961236,39454820.13211145
2025-03-14,112149504190348.52,852972260.0961236,37405446.53126042
2025-03-16,112149504190348.55,808372403.3590714,37405446.53126042
2025-03-18,112149504190348.55,808372403.3590714,37114004.517978825
2025-03-20,112149504190348.56,791647457.0826768,37114004.517978825
2025-03-22,112149504190348.56,791647457.0826768,40336852.4258118
2025-03-24,113757508810854.0,870857131.0489082,40336852.4258118
2025-03-26,113757508810854.0,870857131.0489082,42937270.49430426
2025-03-28,113757508810854.0,870857131.0489082,42937270.49430426
2025-03-30,113757508810854.0,870857131.0489082,35801263.66273607
2025-04-01,113757508810854.0,763413718.7766403,35801263.66273607
2025-04-03,113757508810854.0,763413718.7766403,40851454.910893194
2025-04-05,116403947359503.08,948981343.907835,40851454.910893194
2025-04-07,116403947359503.08,948981343.907835,36726339.728355154
2025-04-09,121507793131898.0,791264255.7881161,36726339.728355154
2025-04-11,121507793131898.0,791264255.7881161,39052696.81422857
2025-04-13,121507793131897.72,1038911847.2943201,39052696.81422857
2025-04-15,121507793131897.72,1038911847.2943201,39338862.03654765
2025-04-17,121507793131897.94,924148329.2792498,39338862.03654765
2025-04-19,121507793131897.94,924148329.2792498,37461821.80553237
2025-04-21,123234387977051.39,771877846.401681,37461821.80553237
2025-04-23,123234387977051.39,771877846.401681,34345867.712945186
2025-04-25,123234387977051.47,882146110.1733494,34345867.712945186
2025-04-27,123234387977051.47,882146110.1733494,40230728.76315034
2025-04-29,123234387977051.48,894398139.4813126,40230728.76315034
2025-05-01,123234387977051.48,894398139.4813126,40939035.12337938
2025-05-03,122656845148755.53,999957994.4593519,40939035.12337938
2025-05-05,122656845148755.53,999957994.4593519,52286092.94880676
2025-05-07,119116256505723.5,894116485.453914,52286092.94880676
2025-05-09,119116256505723.5,894116485.453914,47753844.10631721
2025-05-11,119116256505723.48,882273882.9975705,47753844.10631721
2025-05-13,119116256505723.48,882273882.9975705,42585530.2522898
2025-05-15,119116256505723.48,864509979.3130558,42585530.2522898
2025-05-17,119116256505723.48,864509979.3130558,46842170.668077596
2025-05-19,121658450774824.53,852722089.09428,46842170.668077596
2025-05-21,121658450774824.53,852722089.09428,49846442.67697942
2025-05-23,121658450774824.48,937389530.5646338,49846442.67697942
2025-05-25,121658450774824.48,937389530.5646338,55807931.7439643
2025-05-27,121658450774824.53,852722089.09428,55807931.7439643
2025-05-29,121658450774824.53,852722089.09428,53953669.204095624
2025-05-31,126982285146988.45,1016284104.8877773,53953669.204095624
2025-06-02,126982285146988.45,1016284104.8877773,44023056.63066118
2025-06-04,126982285146988.58,795352777.73826,44023056.63066118
2025-06-06,126982285146988.58,795352777.73826,43897190.94928961
2025-06-08,126982285146988.47,965785515.8250304,43897190.94928961
2025-06-10,126982285146988.47,965785515.8250304,58400130.58904057
2025-06-12,126982285146988.48,934223897.6608136,58400130.58904057
2025-06-14,126982285146988.48,934223897.6608136,50643856.22323849
2025-06-16,126411437451912.0,917456209.4405266,50643856.22323849
2025-06-18,126411437451912.0,917456209.4405266,47261638.10736218
2025-06-20,126411437451912.0,948875942.6405447,47261638.10736218
2025-06-22,126411437451912.0,948875942.6405447,34173347.374878295
2025-06-24,126411437451912.0,735221756.880422,34173347.374878295
2025-06-26,126411437451912.0,735221756.880422,53545026.820175804
2025-06-28,126411437451912.0,911172262.800523,53545026.820175804
2025-06-30,126411437451912.0,911172262.800523,49333586.62119861
2025-07-02,116958512019762.0,889547992.701345,49333586.62119861
2025-07-04,116958512019762.0,889547992.701345,54347747.508406095
2025-07-06,116958512019761.95,930246266.8772235,54347747.508406095
2025-07-08,116958512019761.95,930246266.8772235,49375267.19171441
2025-07-10,116958512019761.83,994200697.7250328,49375267.19171441
2025-07-12,116958512019761.83,994200697.7250328,56609152.581327505
2025-07-14,126271255279307.5,910161831.228891,56609152.581327505
2025-07-16,126271255279307.5,910161831.228891,49061620.40880899
2025-07-18,126271255279307.5,903884853.0824848,49061620.40880899
2025-07-20,126271255279307.5,903884853.0824848,55345444.39756341
2025-07-22,126271255279307.52,941546721.960922,55345444.39756341
2025-07-24,126271255279307.52,941546721.960922,55738019.27735036
2025-07-26,127540743850681.12,970032969.1338755,55738019.27735036
2025-07-28,127540743850681.12,970032969.1338755,57401899.31434401
2025-07-30,127620086886392.0,869131963.3112651,57401899.31434401
2025-08-01,127620086886392.0,869131963.3112651,56353797.87732009
2025-08-03,127620086886392.0,983324484.0382924,56353797.87732009
2025-08-05,127620086886392.0,983324484.0382924,49657668.28134079
2025-08-07,127620086886392.0,1021388657.6139685,49657668.28134079
2025-08-09,127620086886392.0,1021388657.6139685,43614181.876055986
2025-08-11,129435235580344.48,945836287.6602162,43614181.876055986
2025-08-13,129435235580344.48,945836287.6602162,60045859.57365181
2025-08-15,129435235580344.53,862190901.6766596,60045859.57365181
2025-08-17,129435235580344.53,862190901.6766596,57118058.45187763
2025-08-19,129435235580344.53,862190901.6766596,57118058.45187763
2025-08-21,129435235580344.53,862190901.6766596,55379284.1129266
2025-08-23,129699156960680.47,980001769.6141683,55379284.1129266
2025-08-25,129699156960680.47,980001769.6141683,51120833.63289729
2025-08-27,129699156960680.48,967107009.4876657,51120833.63289729
2025-08-29,129699156960680.48,967107009.4876657,58475677.66527168
2025-08-31,129699156960680.55,851054168.3491462,58475677.66527168
2025-09-02,129699156960680.55,851054168.3491462,61013436.12510861
2025-09-04,129699156960680.52,902633208.8551546,61013436.12510861
2025-09-06,129699156960680.52,902633208.8551546,51557818.35938023
2025-09-08,136039872848260.42,1082012601.5468137,51557818.35938023
2025-09-10,136039872848260.42,1082012601.5468137,61107717.83874749
2025-09-12,136039872848260.56,811509451.1601102,61107717.83874749
2025-09-14,136039872848260.56,811509451.1601102,58590040.977576114
2025-09-16,136039872848260.42,1082012601.5468137,58590040.977576114
2025-09-18,136039872848260.42,1082012601.5468137,60565164.56275341
2025-09-20,142342602928675.6,1082611043.2192645,60565164.56275341
2025-09-22,142342602928675.6,1082611043.2192645,54197851.96025491
2025-09-24,142342602928675.6,1082611043.2192645,54197851.96025491
2025-09-26,142342602928675.6,1082611043.2192645,49131500.76535409
2025-09-28,142342602928675.62,1167521713.2756777,49131500.76535409
2025-09-30,142342602928675.62,1167521713.2756777,59806339.233965605
2025-10-02,150839487445891.56,1019764936.475331,59806339.233965605
2025-10-04,150839487445891.56,1019764936.475331,54672826.381599
2025-10-06,150839487445891.5,922287405.7828363,54672826.381599
2025-10-08,150839487445891.5,922287405.7828363,58604481.531066805
2025-10-10,150839487445891.53,989771850.1084098,58604481.531066805
2025-10-12,150839487445891.53,989771850.1084098,52631008.27803633
2025-10-14,150839487445891.66,1267207899.0024335,52631008.27803633
2025-10-16,150839487445891.66,1267207899.0024335,53836990.62783982
2025-10-18,146716052770107.62,1203393599.4625034,53836990.62783982
2025-10-20,146716052770107.62,1203393599.4625034,57476921.76238207
2025-10-22,146716052770107.6,1115874064.956139,57476921.76238207
2025-10-24,146716052770107.6,1115874064.956139,67896489.5775563
2025-10-26,146716052770107.56,1072114297.7029574,67896489.5775563
2025-10-28,146716052770107.56,1072114297.7029574,59559818.98605979
2025-10-30,155973032196072.0,1240553837.6668227,59559818.98605979
2025-11-01,155973032196072.0,1240553837.6668227,48497027.14215949
2025-11-03,155973032196072.0,1100991530.929305,48497027.14215949
2025-11-05,155973032196072.0,1100991530.929305,48614915.985910416
2025-11-07,155973032196072.0,1100991530.929305,48614915.985910416
2025-11-09,155973032196072.0,1100991530.929305,45526140.89176192
