timestamp,mvrv_ratio,exchange_inflow_native,exchange_inflow_usd,exchange_outflow_native,exchange_outflow_usd,exchange_supply_native,exchange_supply_usd
2009-01-03 00:00:00+00:00,0.0,0.0,0.0,0.0,0.0,0.0,0.0
2009-01-04 00:00:00+00:00,0.0,0.0,0.0,0.0,0.0,0.0,0.0
2009-01-05 00:00:00+00:00,0.0,0.0,0.0,0.0,0.0,0.0,0.0
2009-01-06 00:00:00+00:00,0.0,0.0,0.0,0.0,0.0,0.0,0.0
2009-01-07 00:00:00+00:00,0.0,0.0,0.0,0.0,0.0,0.0,0.0
2009-01-08 00:00:00+00:00,0.0,0.0,0.0,0.0,0.0,0.0,0.0
2009-01-09 00:00:00+00:00,0.0,0.0,0.0,0.0,0.0,0.0,0.0
2009-01-10 00:00:00+00:00,0.0,0.0,0.0,0.0,0.0,0.0,0.0
2009-01-11 00:00:00+00:00,0.0,0.0,0.0,0.0,0.0,0.0,0.0
2009-01-12 00:00:00+00:00,0.0,0.0,0.0,0.0,0.0,0.0,0.0
2009-01-13 00:00:00+00:00,0.0,0.0,0.0,0.0,0.0,0.0,0.0
2009-01-14 00:00:00+00:00,0.0,0.0,0.0,0.0,0.0,0.0,0.0
2009-01-15 00:00:00+00:00,0.0,0.0,0.0,0.0,0.0,0.0,0.0
2009-01-16 00:00:00+00:00,0.0,0.0,0.0,0.0,0.0,0.0,0.0
2009-01-17 00:00:00+00:00,0.0,0.0,0.0,0.0,0.0,0.0,0.0
2009-01-18 00:00:00+00:00,0.0,0.0,0.0,0.0,0.0,0.0,0.0
2009-01-19 00:00:00+00:00,0.0,0.0,0.0,0.0,0.0,0.0,0.0
2009-01-20 00:00:00+00:00,0.0,0.0,0.0,0.0,0.0,0.0,0.0
2009-01-21 00:00:00+00:00,0.0,0.0,0.0,0.0,0.0,0.0,0.0
2009-01-22 00:00:00+00:00,0.0,0.0,0.0,0.0,0.0,0.0,0.0
2009-01-23 00:00:00+00:00,0.0,0.0,0.0,0.0,0.0,0.0,0.0
2009-01-24 00:00:00+00:00,0.0,0.0,0.0,0.0,0.0,0.0,0.0
2009-01-25 00:00:00+00:00,0.0,0.0,0.0,0.0,0.0,0.0,0.0
2009-01-26 00:00:00+00:00,0.0,0.0,0.0,0.0,0.0,0.0,0.0
2009-01-27 00:00:00+00:00,0.0,0.0,0.0,0.0,0.0,0.0,0.0
2009-01-28 00:00:00+00:00,0.0,0.0,0.0,0.0,0.0,0.0,0.0
2009-01-29 00:00:00+00:00,0.0,0.0,0.0,0.0,0.0,0.0,0.0
2009-01-30 00:00:00+00:00,0.0,0.0,0.0,0.0,0.0,0.0,0.0
2009-01-31 00:00:00+00:00,0.0,0.0,0.0,0.0,0.0,0.0,0.0
2009-02-01 00:00:00+00:00,0.0,0.0,0.0,0.0,0.0,0.0,0.0
2009-02-02 00:00:00+00:00,0.0,0.0,0.0,0.0,0.0,0.0,0.0
2009-02-03 00:00:00+00:00,0.0,0.0,0.0,0.0,0.0,0.0,0.0
2009-02-04 00:00:00+00:00,0.0,0.0,0.0,0.0,0.0,0.0,0.0
2009-02-05 00:00:00+00:00,0.0,0.0,0.0,0.0,0.0,0.0,0.0
2009-02-06 00:00:00+00:00,0.0,0.0,0.0,0.0,0.0,0.0,0.0
2009-02-07 00:00:00+00:00,0.0,0.0,0.0,0.0,0.0,0.0,0.0
2009-02-08 00:00:00+00:00,0.0,0.0,0.0,0.0,0.0,0.0,0.0
2009-02-09 00:00:00+00:00,0.0,0.0,0.0,0.0,0.0,0.0,0.0
2009-02-10 00:00:00+00:00,0.0,0.0,0.0,0.0,0.0,0.0,0.0
2009-02-11 00:00:00+00:00,0.0,0.0,0.0,0.0,0.0,0.0,0.0
2009-02-12 00:00:00+00:00,0.0,0.0,0.0,0.0,0.0,0.0,0.0
2009-02-13 00:00:00+00:00,0.0,0.0,0.0,0.0,0.0,0.0,0.0
2009-02-14 00:00:00+00:00,0.0,0.0,0.0,0.0,0.0,0.0,0.0
2009-02-15 00:00:00+00:00,0.0,0.0,0.0,0.0,0.0,0.0,0.0
2009-02-16 00:00:00+00:00,0.0,0.0,0.0,0.0,0.0,0.0,0.0
2009-02-17 00:00:00+00:00,0.0,0.0,0.0,0.0,0.0,0.0,0.0
2009-02-18 00:00:00+00:00,0.0,0.0,0.0,0.0,0.0,0.0,0.0
2009-02-19 00:00:00+00:00,0.0,0.0,0.0,0.0,0.0,0.0,0.0
2009-02-20 00:00:00+00:00,0.0,0.0,0.0,0.0,0.0,0.0,0.0
2009-02-21 00:00:00+00:00,0.0,0.0,0.0,0.0,0.0,0.0,0.0
2009-02-22 00:00:00+00:00,0.0,0.0,0.0,0.0,0.0,0.0,0.0
2009-02-23 00:00:00+00:00,0.0,0.0,0.0,0.0,0.0,0.0,0.0
2009-02-24 00:00:00+00:00,0.0,0.0,0.0,0.0,0.0,0.0,0.0
2009-02-25 00:00:00+00:00,0.0,0.0,0.0,0.0,0.0,0.0,0.0
2009-02-26 00:00:00+00:00,0.0,0.0,0.0,0.0,0.0,0.0,0.0
2009-02-27 00:00:00+00:00,0.0,0.0,0.0,0.0,0.0,0.0,0.0
2009-02-28 00:00:00+00:00,0.0,0.0,0.0,0.0,0.0,0.0,0.0
2009-03-01 00:00:00+00:00,0.0,0.0,0.0,0.0,0.0,0.0,0.0
2009-03-02 00:00:00+00:00,0.0,0.0,0.0,0.0,0.0,0.0,0.0
2009-03-03 00:00:00+00:00,0.0,0.0,0.0,0.0,0.0,0.0,0.0
2009-03-04 00:00:00+00:00,0.0,0.0,0.0,0.0,0.0,0.0,0.0
2009-03-05 00:00:00+00:00,0.0,0.0,0.0,0.0,0.0,0.0,0.0
2009-03-06 00:00:00+00:00,0.0,0.0,0.0,0.0,0.0,0.0,0.0
2009-03-07 00:00:00+00:00,0.0,0.0,0.0,0.0,0.0,0.0,0.0
2009-03-08 00:00:00+00:00,0.0,0.0,0.0,0.0,0.0,0.0,0.0
2009-03-09 00:00:00+00:00,0.0,0.0,0.0,0.0,0.0,0.0,0.0
2009-03-10 00:00:00+00:00,0.0,0.0,0.0,0.0,0.0,0.0,0.0
2009-03-11 00:00:00+00:00,0.0,0.0,0.0,0.0,0.0,0.0,0.0
2009-03-12 00:00:00+00:00,0.0,0.0,0.0,0.0,0.0,0.0,0.0
2009-03-13 00:00:00+00:00,0.0,0.0,0.0,0.0,0.0,0.0,0.0
2009-03-14 00:00:00+00:00,0.0,0.0,0.0,0.0,0.0,0.0,0.0
2009-03-15 00:00:00+00:00,0.0,0.0,0.0,0.0,0.0,0.0,0.0
2009-03-16 00:00:00+00:00,0.0,0.0,0.0,0.0,0.0,0.0,0.0
2009-03-17 00:00:00+00:00,0.0,0.0,0.0,0.0,0.0,0.0,0.0
2009-03-18 00:00:00+00:00,0.0,0.0,0.0,0.0,0.0,0.0,0.0
2009-03-19 00:00:00+00:00,0.0,0.0,0.0,0.0,0.0,0.0,0.0
2009-03-20 00:00:00+00:00,0.0,0.0,0.0,0.0,0.0,0.0,0.0
2009-03-21 00:00:00+00:00,0.0,0.0,0.0,0.0,0.0,0.0,0.0
2009-03-22 00:00:00+00:00,0.0,0.0,0.0,0.0,0.0,0.0,0.0
2009-03-23 00:00:00+00:00,0.0,0.0,0.0,0.0,0.0,0.0,0.0
2009-03-24 00:00:00+00:00,0.0,0.0,0.0,0.0,0.0,0.0,0.0
2009-03-25 00:00:00+00:00,0.0,0.0,0.0,0.0,0.0,0.0,0.0
2009-03-26 00:00:00+00:00,0.0,0.0,0.0,0.0,0.0,0.0,0.0
2009-03-27 00:00:00+00:00,0.0,0.0,0.0,0.0,0.0,0.0,0.0
2009-03-28 00:00:00+00:00,0.0,0.0,0.0,0.0,0.0,0.0,0.0
2009-03-29 00:00:00+00:00,0.0,0.0,0.0,0.0,0.0,0.0,0.0
2009-03-30 00:00:00+00:00,0.0,0.0,0.0,0.0,0.0,0.0,0.0
2009-03-31 00:00:00+00:00,0.0,0.0,0.0,0.0,0.0,0.0,0.0
2009-04-01 00:00:00+00:00,0.0,0.0,0.0,0.0,0.0,0.0,0.0
2009-04-02 00:00:00+00:00,0.0,0.0,0.0,0.0,0.0,0.0,0.0
2009-04-03 00:00:00+00:00,0.0,0.0,0.0,0.0,0.0,0.0,0.0
2009-04-04 00:00:00+00:00,0.0,0.0,0.0,0.0,0.0,0.0,0.0
2009-04-05 00:00:00+00:00,0.0,0.0,0.0,0.0,0.0,0.0,0.0
2009-04-06 00:00:00+00:00,0.0,0.0,0.0,0.0,0.0,0.0,0.0
2009-04-07 00:00:00+00:00,0.0,0.0,0.0,0.0,0.0,0.0,0.0
2009-04-08 00:00:00+00:00,0.0,0.0,0.0,0.0,0.0,0.0,0.0
2009-04-09 00:00:00+00:00,0.0,0.0,0.0,0.0,0.0,0.0,0.0
2009-04-10 00:00:00+00:00,0.0,0.0,0.0,0.0,0.0,0.0,0.0
2009-04-11 00:00:00+00:00,0.0,0.0,0.0,0.0,0.0,0.0,0.0
2009-04-12 00:00:00+00:00,0.0,0.0,0.0,0.0,0.0,0.0,0.0
2009-04-13 00:00:00+00:00,0.0,0.0,0.0,0.0,0.0,0.0,0.0
2009-04-14 00:00:00+00:00,0.0,0.0,0.0,0.0,0.0,0.0,0.0
2009-04-15 00:00:00+00:00,0.0,0.0,0.0,0.0,0.0,0.0,0.0
2009-04-16 00:00:00+00:00,0.0,0.0,0.0,0.0,0.0,0.0,0.0
2009-04-17 00:00:00+00:00,0.0,0.0,0.0,0.0,0.0,0.0,0.0
2009-04-18 00:00:00+00:00,0.0,0.0,0.0,0.0,0.0,0.0,0.0
2009-04-19 00:00:00+00:00,0.0,0.0,0.0,0.0,0.0,0.0,0.0
2009-04-20 00:00:00+00:00,0.0,0.0,0.0,0.0,0.0,0.0,0.0
2009-04-21 00:00:00+00:00,0.0,0.0,0.0,0.0,0.0,0.0,0.0
2009-04-22 00:00:00+00:00,0.0,0.0,0.0,0.0,0.0,0.0,0.0
2009-04-23 00:00:00+00:00,0.0,0.0,0.0,0.0,0.0,0.0,0.0
2009-04-24 00:00:00+00:00,0.0,0.0,0.0,0.0,0.0,0.0,0.0
2009-04-25 00:00:00+00:00,0.0,0.0,0.0,0.0,0.0,0.0,0.0
2009-04-26 00:00:00+00:00,0.0,0.0,0.0,0.0,0.0,0.0,0.0
2009-04-27 00:00:00+00:00,0.0,0.0,0.0,0.0,0.0,0.0,0.0
2009-04-28 00:00:00+00:00,0.0,0.0,0.0,0.0,0.0,0.0,0.0
2009-04-29 00:00:00+00:00,0.0,0.0,0.0,0.0,0.0,0.0,0.0
2009-04-30 00:00:00+00:00,0.0,0.0,0.0,0.0,0.0,0.0,0.0
2009-05-01 00:00:00+00:00,0.0,0.0,0.0,0.0,0.0,0.0,0.0
2009-05-02 00:00:00+00:00,0.0,0.0,0.0,0.0,0.0,0.0,0.0
2009-05-03 00:00:00+00:00,0.0,0.0,0.0,0.0,0.0,0.0,0.0
2009-05-04 00:00:00+00:00,0.0,0.0,0.0,0.0,0.0,0.0,0.0
2009-05-05 00:00:00+00:00,0.0,0.0,0.0,0.0,0.0,0.0,0.0
2009-05-06 00:00:00+00:00,0.0,0.0,0.0,0.0,0.0,0.0,0.0
2009-05-07 00:00:00+00:00,0.0,0.0,0.0,0.0,0.0,0.0,0.0
2009-05-08 00:00:00+00:00,0.0,0.0,0.0,0.0,0.0,0.0,0.0
2009-05-09 00:00:00+00:00,0.0,0.0,0.0,0.0,0.0,0.0,0.0
2009-05-10 00:00:00+00:00,0.0,0.0,0.0,0.0,0.0,0.0,0.0
2009-05-11 00:00:00+00:00,0.0,0.0,0.0,0.0,0.0,0.0,0.0
2009-05-12 00:00:00+00:00,0.0,0.0,0.0,0.0,0.0,0.0,0.0
2009-05-13 00:00:00+00:00,0.0,0.0,0.0,0.0,0.0,0.0,0.0
2009-05-14 00:00:00+00:00,0.0,0.0,0.0,0.0,0.0,0.0,0.0
2009-05-15 00:00:00+00:00,0.0,0.0,0.0,0.0,0.0,0.0,0.0
2009-05-16 00:00:00+00:00,0.0,0.0,0.0,0.0,0.0,0.0,0.0
2009-05-17 00:00:00+00:00,0.0,0.0,0.0,0.0,0.0,0.0,0.0
2009-05-18 00:00:00+00:00,0.0,0.0,0.0,0.0,0.0,0.0,0.0
2009-05-19 00:00:00+00:00,0.0,0.0,0.0,0.0,0.0,0.0,0.0
2009-05-20 00:00:00+00:00,0.0,0.0,0.0,0.0,0.0,0.0,0.0
2009-05-21 00:00:00+00:00,0.0,0.0,0.0,0.0,0.0,0.0,0.0
2009-05-22 00:00:00+00:00,0.0,0.0,0.0,0.0,0.0,0.0,0.0
2009-05-23 00:00:00+00:00,0.0,0.0,0.0,0.0,0.0,0.0,0.0
2009-05-24 00:00:00+00:00,0.0,0.0,0.0,0.0,0.0,0.0,0.0
2009-05-25 00:00:00+00:00,0.0,0.0,0.0,0.0,0.0,0.0,0.0
2009-05-26 00:00:00+00:00,0.0,0.0,0.0,0.0,0.0,0.0,0.0
2009-05-27 00:00:00+00:00,0.0,0.0,0.0,0.0,0.0,0.0,0.0
2009-05-28 00:00:00+00:00,0.0,0.0,0.0,0.0,0.0,0.0,0.0
2009-05-29 00:00:00+00:00,0.0,0.0,0.0,0.0,0.0,0.0,0.0
2009-05-30 00:00:00+00:00,0.0,0.0,0.0,0.0,0.0,0.0,0.0
2009-05-31 00:00:00+00:00,0.0,0.0,0.0,0.0,0.0,0.0,0.0
2009-06-01 00:00:00+00:00,0.0,0.0,0.0,0.0,0.0,0.0,0.0
2009-06-02 00:00:00+00:00,0.0,0.0,0.0,0.0,0.0,0.0,0.0
2009-06-03 00:00:00+00:00,0.0,0.0,0.0,0.0,0.0,0.0,0.0
2009-06-04 00:00:00+00:00,0.0,0.0,0.0,0.0,0.0,0.0,0.0
2009-06-05 00:00:00+00:00,0.0,0.0,0.0,0.0,0.0,0.0,0.0
2009-06-06 00:00:00+00:00,0.0,0.0,0.0,0.0,0.0,0.0,0.0
2009-06-07 00:00:00+00:00,0.0,0.0,0.0,0.0,0.0,0.0,0.0
2009-06-08 00:00:00+00:00,0.0,0.0,0.0,0.0,0.0,0.0,0.0
2009-06-09 00:00:00+00:00,0.0,0.0,0.0,0.0,0.0,0.0,0.0
2009-06-10 00:00:00+00:00,0.0,0.0,0.0,0.0,0.0,0.0,0.0
2009-06-11 00:00:00+00:00,0.0,0.0,0.0,0.0,0.0,0.0,0.0
2009-06-12 00:00:00+00:00,0.0,0.0,0.0,0.0,0.0,0.0,0.0
2009-06-13 00:00:00+00:00,0.0,0.0,0.0,0.0,0.0,0.0,0.0
2009-06-14 00:00:00+00:00,0.0,0.0,0.0,0.0,0.0,0.0,0.0
2009-06-15 00:00:00+00:00,0.0,0.0,0.0,0.0,0.0,0.0,0.0
2009-06-16 00:00:00+00:00,0.0,0.0,0.0,0.0,0.0,0.0,0.0
2009-06-17 00:00:00+00:00,0.0,0.0,0.0,0.0,0.0,0.0,0.0
2009-06-18 00:00:00+00:00,0.0,0.0,0.0,0.0,0.0,0.0,0.0
2009-06-19 00:00:00+00:00,0.0,0.0,0.0,0.0,0.0,0.0,0.0
2009-06-20 00:00:00+00:00,0.0,0.0,0.0,0.0,0.0,0.0,0.0
2009-06-21 00:00:00+00:00,0.0,0.0,0.0,0.0,0.0,0.0,0.0
2009-06-22 00:00:00+00:00,0.0,0.0,0.0,0.0,0.0,0.0,0.0
2009-06-23 00:00:00+00:00,0.0,0.0,0.0,0.0,0.0,0.0,0.0
2009-06-24 00:00:00+00:00,0.0,0.0,0.0,0.0,0.0,0.0,0.0
2009-06-25 00:00:00+00:00,0.0,0.0,0.0,0.0,0.0,0.0,0.0
2009-06-26 00:00:00+00:00,0.0,0.0,0.0,0.0,0.0,0.0,0.0
2009-06-27 00:00:00+00:00,0.0,0.0,0.0,0.0,0.0,0.0,0.0
2009-06-28 00:00:00+00:00,0.0,0.0,0.0,0.0,0.0,0.0,0.0
2009-06-29 00:00:00+00:00,0.0,0.0,0.0,0.0,0.0,0.0,0.0
2009-06-30 00:00:00+00:00,0.0,0.0,0.0,0.0,0.0,0.0,0.0
2009-07-01 00:00:00+00:00,0.0,0.0,0.0,0.0,0.0,0.0,0.0
2009-07-02 00:00:00+00:00,0.0,0.0,0.0,0.0,0.0,0.0,0.0
2009-07-03 00:00:00+00:00,0.0,0.0,0.0,0.0,0.0,0.0,0.0
2009-07-04 00:00:00+00:00,0.0,0.0,0.0,0.0,0.0,0.0,0.0
2009-07-05 00:00:00+00:00,0.0,0.0,0.0,0.0,0.0,0.0,0.0
2009-07-06 00:00:00+00:00,0.0,0.0,0.0,0.0,0.0,0.0,0.0
2009-07-07 00:00:00+00:00,0.0,0.0,0.0,0.0,0.0,0.0,0.0
2009-07-08 00:00:00+00:00,0.0,0.0,0.0,0.0,0.0,0.0,0.0
2009-07-09 00:00:00+00:00,0.0,0.0,0.0,0.0,0.0,0.0,0.0
2009-07-10 00:00:00+00:00,0.0,0.0,0.0,0.0,0.0,0.0,0.0
2009-07-11 00:00:00+00:00,0.0,0.0,0.0,0.0,0.0,0.0,0.0
2009-07-12 00:00:00+00:00,0.0,0.0,0.0,0.0,0.0,0.0,0.0
2009-07-13 00:00:00+00:00,0.0,0.0,0.0,0.0,0.0,0.0,0.0
2009-07-14 00:00:00+00:00,0.0,0.0,0.0,0.0,0.0,0.0,0.0
2009-07-15 00:00:00+00:00,0.0,0.0,0.0,0.0,0.0,0.0,0.0
2009-07-16 00:00:00+00:00,0.0,0.0,0.0,0.0,0.0,0.0,0.0
2009-07-17 00:00:00+00:00,0.0,0.0,0.0,0.0,0.0,0.0,0.0
2009-07-18 00:00:00+00:00,0.0,0.0,0.0,0.0,0.0,0.0,0.0
2009-07-19 00:00:00+00:00,0.0,0.0,0.0,0.0,0.0,0.0,0.0
2009-07-20 00:00:00+00:00,0.0,0.0,0.0,0.0,0.0,0.0,0.0
2009-07-21 00:00:00+00:00,0.0,0.0,0.0,0.0,0.0,0.0,0.0
2009-07-22 00:00:00+00:00,0.0,0.0,0.0,0.0,0.0,0.0,0.0
2009-07-23 00:00:00+00:00,0.0,0.0,0.0,0.0,0.0,0.0,0.0
2009-07-24 00:00:00+00:00,0.0,0.0,0.0,0.0,0.0,0.0,0.0
2009-07-25 00:00:00+00:00,0.0,0.0,0.0,0.0,0.0,0.0,0.0
2009-07-26 00:00:00+00:00,0.0,0.0,0.0,0.0,0.0,0.0,0.0
2009-07-27 00:00:00+00:00,0.0,0.0,0.0,0.0,0.0,0.0,0.0
2009-07-28 00:00:00+00:00,0.0,0.0,0.0,0.0,0.0,0.0,0.0
2009-07-29 00:00:00+00:00,0.0,0.0,0.0,0.0,0.0,0.0,0.0
2009-07-30 00:00:00+00:00,0.0,0.0,0.0,0.0,0.0,0.0,0.0
2009-07-31 00:00:00+00:00,0.0,0.0,0.0,0.0,0.0,0.0,0.0
2009-08-01 00:00:00+00:00,0.0,0.0,0.0,0.0,0.0,0.0,0.0
2009-08-02 00:00:00+00:00,0.0,0.0,0.0,0.0,0.0,0.0,0.0
2009-08-03 00:00:00+00:00,0.0,0.0,0.0,0.0,0.0,0.0,0.0
2009-08-04 00:00:00+00:00,0.0,0.0,0.0,0.0,0.0,0.0,0.0
2009-08-05 00:00:00+00:00,0.0,0.0,0.0,0.0,0.0,0.0,0.0
2009-08-06 00:00:00+00:00,0.0,0.0,0.0,0.0,0.0,0.0,0.0
2009-08-07 00:00:00+00:00,0.0,0.0,0.0,0.0,0.0,0.0,0.0
2009-08-08 00:00:00+00:00,0.0,0.0,0.0,0.0,0.0,0.0,0.0
2009-08-09 00:00:00+00:00,0.0,0.0,0.0,0.0,0.0,0.0,0.0
2009-08-10 00:00:00+00:00,0.0,0.0,0.0,0.0,0.0,0.0,0.0
2009-08-11 00:00:00+00:00,0.0,0.0,0.0,0.0,0.0,0.0,0.0
2009-08-12 00:00:00+00:00,0.0,0.0,0.0,0.0,0.0,0.0,0.0
2009-08-13 00:00:00+00:00,0.0,0.0,0.0,0.0,0.0,0.0,0.0
2009-08-14 00:00:00+00:00,0.0,0.0,0.0,0.0,0.0,0.0,0.0
2009-08-15 00:00:00+00:00,0.0,0.0,0.0,0.0,0.0,0.0,0.0
2009-08-16 00:00:00+00:00,0.0,0.0,0.0,0.0,0.0,0.0,0.0
2009-08-17 00:00:00+00:00,0.0,0.0,0.0,0.0,0.0,0.0,0.0
2009-08-18 00:00:00+00:00,0.0,0.0,0.0,0.0,0.0,0.0,0.0
2009-08-19 00:00:00+00:00,0.0,0.0,0.0,0.0,0.0,0.0,0.0
2009-08-20 00:00:00+00:00,0.0,0.0,0.0,0.0,0.0,0.0,0.0
2009-08-21 00:00:00+00:00,0.0,0.0,0.0,0.0,0.0,0.0,0.0
2009-08-22 00:00:00+00:00,0.0,0.0,0.0,0.0,0.0,0.0,0.0
2009-08-23 00:00:00+00:00,0.0,0.0,0.0,0.0,0.0,0.0,0.0
2009-08-24 00:00:00+00:00,0.0,0.0,0.0,0.0,0.0,0.0,0.0
2009-08-25 00:00:00+00:00,0.0,0.0,0.0,0.0,0.0,0.0,0.0
2009-08-26 00:00:00+00:00,0.0,0.0,0.0,0.0,0.0,0.0,0.0
2009-08-27 00:00:00+00:00,0.0,0.0,0.0,0.0,0.0,0.0,0.0
2009-08-28 00:00:00+00:00,0.0,0.0,0.0,0.0,0.0,0.0,0.0
2009-08-29 00:00:00+00:00,0.0,0.0,0.0,0.0,0.0,0.0,0.0
2009-08-30 00:00:00+00:00,0.0,0.0,0.0,0.0,0.0,0.0,0.0
2009-08-31 00:00:00+00:00,0.0,0.0,0.0,0.0,0.0,0.0,0.0
2009-09-01 00:00:00+00:00,0.0,0.0,0.0,0.0,0.0,0.0,0.0
2009-09-02 00:00:00+00:00,0.0,0.0,0.0,0.0,0.0,0.0,0.0
2009-09-03 00:00:00+00:00,0.0,0.0,0.0,0.0,0.0,0.0,0.0
2009-09-04 00:00:00+00:00,0.0,0.0,0.0,0.0,0.0,0.0,0.0
2009-09-05 00:00:00+00:00,0.0,0.0,0.0,0.0,0.0,0.0,0.0
2009-09-06 00:00:00+00:00,0.0,0.0,0.0,0.0,0.0,0.0,0.0
2009-09-07 00:00:00+00:00,0.0,0.0,0.0,0.0,0.0,0.0,0.0
2009-09-08 00:00:00+00:00,0.0,0.0,0.0,0.0,0.0,0.0,0.0
2009-09-09 00:00:00+00:00,0.0,0.0,0.0,0.0,0.0,0.0,0.0
2009-09-10 00:00:00+00:00,0.0,0.0,0.0,0.0,0.0,0.0,0.0
2009-09-11 00:00:00+00:00,0.0,0.0,0.0,0.0,0.0,0.0,0.0
2009-09-12 00:00:00+00:00,0.0,0.0,0.0,0.0,0.0,0.0,0.0
2009-09-13 00:00:00+00:00,0.0,0.0,0.0,0.0,0.0,0.0,0.0
2009-09-14 00:00:00+00:00,0.0,0.0,0.0,0.0,0.0,0.0,0.0
2009-09-15 00:00:00+00:00,0.0,0.0,0.0,0.0,0.0,0.0,0.0
2009-09-16 00:00:00+00:00,0.0,0.0,0.0,0.0,0.0,0.0,0.0
2009-09-17 00:00:00+00:00,0.0,0.0,0.0,0.0,0.0,0.0,0.0
2009-09-18 00:00:00+00:00,0.0,0.0,0.0,0.0,0.0,0.0,0.0
2009-09-19 00:00:00+00:00,0.0,0.0,0.0,0.0,0.0,0.0,0.0
2009-09-20 00:00:00+00:00,0.0,0.0,0.0,0.0,0.0,0.0,0.0
2009-09-21 00:00:00+00:00,0.0,0.0,0.0,0.0,0.0,0.0,0.0
2009-09-22 00:00:00+00:00,0.0,0.0,0.0,0.0,0.0,0.0,0.0
2009-09-23 00:00:00+00:00,0.0,0.0,0.0,0.0,0.0,0.0,0.0
2009-09-24 00:00:00+00:00,0.0,0.0,0.0,0.0,0.0,0.0,0.0
2009-09-25 00:00:00+00:00,0.0,0.0,0.0,0.0,0.0,0.0,0.0
2009-09-26 00:00:00+00:00,0.0,0.0,0.0,0.0,0.0,0.0,0.0
2009-09-27 00:00:00+00:00,0.0,0.0,0.0,0.0,0.0,0.0,0.0
2009-09-28 00:00:00+00:00,0.0,0.0,0.0,0.0,0.0,0.0,0.0
2009-09-29 00:00:00+00:00,0.0,0.0,0.0,0.0,0.0,0.0,0.0
2009-09-30 00:00:00+00:00,0.0,0.0,0.0,0.0,0.0,0.0,0.0
2009-10-01 00:00:00+00:00,0.0,0.0,0.0,0.0,0.0,0.0,0.0
2009-10-02 00:00:00+00:00,0.0,0.0,0.0,0.0,0.0,0.0,0.0
2009-10-03 00:00:00+00:00,0.0,0.0,0.0,0.0,0.0,0.0,0.0
2009-10-04 00:00:00+00:00,0.0,0.0,0.0,0.0,0.0,0.0,0.0
2009-10-05 00:00:00+00:00,0.0,0.0,0.0,0.0,0.0,0.0,0.0
2009-10-06 00:00:00+00:00,0.0,0.0,0.0,0.0,0.0,0.0,0.0
2009-10-07 00:00:00+00:00,0.0,0.0,0.0,0.0,0.0,0.0,0.0
2009-10-08 00:00:00+00:00,0.0,0.0,0.0,0.0,0.0,0.0,0.0
2009-10-09 00:00:00+00:00,0.0,0.0,0.0,0.0,0.0,0.0,0.0
2009-10-10 00:00:00+00:00,0.0,0.0,0.0,0.0,0.0,0.0,0.0
2009-10-11 00:00:00+00:00,0.0,0.0,0.0,0.0,0.0,0.0,0.0
2009-10-12 00:00:00+00:00,0.0,0.0,0.0,0.0,0.0,0.0,0.0
2009-10-13 00:00:00+00:00,0.0,0.0,0.0,0.0,0.0,0.0,0.0
2009-10-14 00:00:00+00:00,0.0,0.0,0.0,0.0,0.0,0.0,0.0
2009-10-15 00:00:00+00:00,0.0,0.0,0.0,0.0,0.0,0.0,0.0
2009-10-16 00:00:00+00:00,0.0,0.0,0.0,0.0,0.0,0.0,0.0
2009-10-17 00:00:00+00:00,0.0,0.0,0.0,0.0,0.0,0.0,0.0
2009-10-18 00:00:00+00:00,0.0,0.0,0.0,0.0,0.0,0.0,0.0
2009-10-19 00:00:00+00:00,0.0,0.0,0.0,0.0,0.0,0.0,0.0
2009-10-20 00:00:00+00:00,0.0,0.0,0.0,0.0,0.0,0.0,0.0
2009-10-21 00:00:00+00:00,0.0,0.0,0.0,0.0,0.0,0.0,0.0
2009-10-22 00:00:00+00:00,0.0,0.0,0.0,0.0,0.0,0.0,0.0
2009-10-23 00:00:00+00:00,0.0,0.0,0.0,0.0,0.0,0.0,0.0
2009-10-24 00:00:00+00:00,0.0,0.0,0.0,0.0,0.0,0.0,0.0
2009-10-25 00:00:00+00:00,0.0,0.0,0.0,0.0,0.0,0.0,0.0
2009-10-26 00:00:00+00:00,0.0,0.0,0.0,0.0,0.0,0.0,0.0
2009-10-27 00:00:00+00:00,0.0,0.0,0.0,0.0,0.0,0.0,0.0
2009-10-28 00:00:00+00:00,0.0,0.0,0.0,0.0,0.0,0.0,0.0
2009-10-29 00:00:00+00:00,0.0,0.0,0.0,0.0,0.0,0.0,0.0
2009-10-30 00:00:00+00:00,0.0,0.0,0.0,0.0,0.0,0.0,0.0
2009-10-31 00:00:00+00:00,0.0,0.0,0.0,0.0,0.0,0.0,0.0
2009-11-01 00:00:00+00:00,0.0,0.0,0.0,0.0,0.0,0.0,0.0
2009-11-02 00:00:00+00:00,0.0,0.0,0.0,0.0,0.0,0.0,0.0
2009-11-03 00:00:00+00:00,0.0,0.0,0.0,0.0,0.0,0.0,0.0
2009-11-04 00:00:00+00:00,0.0,0.0,0.0,0.0,0.0,0.0,0.0
2009-11-05 00:00:00+00:00,0.0,0.0,0.0,0.0,0.0,0.0,0.0
2009-11-06 00:00:00+00:00,0.0,0.0,0.0,0.0,0.0,0.0,0.0
2009-11-07 00:00:00+00:00,0.0,0.0,0.0,0.0,0.0,0.0,0.0
2009-11-08 00:00:00+00:00,0.0,0.0,0.0,0.0,0.0,0.0,0.0
2009-11-09 00:00:00+00:00,0.0,0.0,0.0,0.0,0.0,0.0,0.0
2009-11-10 00:00:00+00:00,0.0,0.0,0.0,0.0,0.0,0.0,0.0
2009-11-11 00:00:00+00:00,0.0,0.0,0.0,0.0,0.0,0.0,0.0
2009-11-12 00:00:00+00:00,0.0,0.0,0.0,0.0,0.0,0.0,0.0
2009-11-13 00:00:00+00:00,0.0,0.0,0.0,0.0,0.0,0.0,0.0
2009-11-14 00:00:00+00:00,0.0,0.0,0.0,0.0,0.0,0.0,0.0
2009-11-15 00:00:00+00:00,0.0,0.0,0.0,0.0,0.0,0.0,0.0
2009-11-16 00:00:00+00:00,0.0,0.0,0.0,0.0,0.0,0.0,0.0
2009-11-17 00:00:00+00:00,0.0,0.0,0.0,0.0,0.0,0.0,0.0
2009-11-18 00:00:00+00:00,0.0,0.0,0.0,0.0,0.0,0.0,0.0
2009-11-19 00:00:00+00:00,0.0,0.0,0.0,0.0,0.0,0.0,0.0
2009-11-20 00:00:00+00:00,0.0,0.0,0.0,0.0,0.0,0.0,0.0
2009-11-21 00:00:00+00:00,0.0,0.0,0.0,0.0,0.0,0.0,0.0
2009-11-22 00:00:00+00:00,0.0,0.0,0.0,0.0,0.0,0.0,0.0
2009-11-23 00:00:00+00:00,0.0,0.0,0.0,0.0,0.0,0.0,0.0
2009-11-24 00:00:00+00:00,0.0,0.0,0.0,0.0,0.0,0.0,0.0
2009-11-25 00:00:00+00:00,0.0,0.0,0.0,0.0,0.0,0.0,0.0
2009-11-26 00:00:00+00:00,0.0,0.0,0.0,0.0,0.0,0.0,0.0
2009-11-27 00:00:00+00:00,0.0,0.0,0.0,0.0,0.0,0.0,0.0
2009-11-28 00:00:00+00:00,0.0,0.0,0.0,0.0,0.0,0.0,0.0
2009-11-29 00:00:00+00:00,0.0,0.0,0.0,0.0,0.0,0.0,0.0
2009-11-30 00:00:00+00:00,0.0,0.0,0.0,0.0,0.0,0.0,0.0
2009-12-01 00:00:00+00:00,0.0,0.0,0.0,0.0,0.0,0.0,0.0
2009-12-02 00:00:00+00:00,0.0,0.0,0.0,0.0,0.0,0.0,0.0
2009-12-03 00:00:00+00:00,0.0,0.0,0.0,0.0,0.0,0.0,0.0
2009-12-04 00:00:00+00:00,0.0,0.0,0.0,0.0,0.0,0.0,0.0
2009-12-05 00:00:00+00:00,0.0,0.0,0.0,0.0,0.0,0.0,0.0
2009-12-06 00:00:00+00:00,0.0,0.0,0.0,0.0,0.0,0.0,0.0
2009-12-07 00:00:00+00:00,0.0,0.0,0.0,0.0,0.0,0.0,0.0
2009-12-08 00:00:00+00:00,0.0,0.0,0.0,0.0,0.0,0.0,0.0
2009-12-09 00:00:00+00:00,0.0,0.0,0.0,0.0,0.0,0.0,0.0
2009-12-10 00:00:00+00:00,0.0,0.0,0.0,0.0,0.0,0.0,0.0
2009-12-11 00:00:00+00:00,0.0,0.0,0.0,0.0,0.0,0.0,0.0
2009-12-12 00:00:00+00:00,0.0,0.0,0.0,0.0,0.0,0.0,0.0
2009-12-13 00:00:00+00:00,0.0,0.0,0.0,0.0,0.0,0.0,0.0
2009-12-14 00:00:00+00:00,0.0,0.0,0.0,0.0,0.0,0.0,0.0
2009-12-15 00:00:00+00:00,0.0,0.0,0.0,0.0,0.0,0.0,0.0
2009-12-16 00:00:00+00:00,0.0,0.0,0.0,0.0,0.0,0.0,0.0
2009-12-17 00:00:00+00:00,0.0,0.0,0.0,0.0,0.0,0.0,0.0
2009-12-18 00:00:00+00:00,0.0,0.0,0.0,0.0,0.0,0.0,0.0
2009-12-19 00:00:00+00:00,0.0,0.0,0.0,0.0,0.0,0.0,0.0
2009-12-20 00:00:00+00:00,0.0,0.0,0.0,0.0,0.0,0.0,0.0
2009-12-21 00:00:00+00:00,0.0,0.0,0.0,0.0,0.0,0.0,0.0
2009-12-22 00:00:00+00:00,0.0,0.0,0.0,0.0,0.0,0.0,0.0
2009-12-23 00:00:00+00:00,0.0,0.0,0.0,0.0,0.0,0.0,0.0
2009-12-24 00:00:00+00:00,0.0,0.0,0.0,0.0,0.0,0.0,0.0
2009-12-25 00:00:00+00:00,0.0,0.0,0.0,0.0,0.0,0.0,0.0
2009-12-26 00:00:00+00:00,0.0,0.0,0.0,0.0,0.0,0.0,0.0
2009-12-27 00:00:00+00:00,0.0,0.0,0.0,0.0,0.0,0.0,0.0
2009-12-28 00:00:00+00:00,0.0,0.0,0.0,0.0,0.0,0.0,0.0
2009-12-29 00:00:00+00:00,0.0,0.0,0.0,0.0,0.0,0.0,0.0
2009-12-30 00:00:00+00:00,0.0,0.0,0.0,0.0,0.0,0.0,0.0
2009-12-31 00:00:00+00:00,0.0,0.0,0.0,0.0,0.0,0.0,0.0
2010-01-01 00:00:00+00:00,0.0,0.0,0.0,0.0,0.0,0.0,0.0
2010-01-02 00:00:00+00:00,0.0,0.0,0.0,0.0,0.0,0.0,0.0
2010-01-03 00:00:00+00:00,0.0,0.0,0.0,0.0,0.0,0.0,0.0
2010-01-04 00:00:00+00:00,0.0,0.0,0.0,0.0,0.0,0.0,0.0
2010-01-05 00:00:00+00:00,0.0,0.0,0.0,0.0,0.0,0.0,0.0
2010-01-06 00:00:00+00:00,0.0,0.0,0.0,0.0,0.0,0.0,0.0
2010-01-07 00:00:00+00:00,0.0,0.0,0.0,0.0,0.0,0.0,0.0
2010-01-08 00:00:00+00:00,0.0,0.0,0.0,0.0,0.0,0.0,0.0
2010-01-09 00:00:00+00:00,0.0,0.0,0.0,0.0,0.0,0.0,0.0
2010-01-10 00:00:00+00:00,0.0,0.0,0.0,0.0,0.0,0.0,0.0
2010-01-11 00:00:00+00:00,0.0,0.0,0.0,0.0,0.0,0.0,0.0
2010-01-12 00:00:00+00:00,0.0,0.0,0.0,0.0,0.0,0.0,0.0
2010-01-13 00:00:00+00:00,0.0,0.0,0.0,0.0,0.0,0.0,0.0
2010-01-14 00:00:00+00:00,0.0,0.0,0.0,0.0,0.0,0.0,0.0
2010-01-15 00:00:00+00:00,0.0,0.0,0.0,0.0,0.0,0.0,0.0
2010-01-16 00:00:00+00:00,0.0,0.0,0.0,0.0,0.0,0.0,0.0
2010-01-17 00:00:00+00:00,0.0,0.0,0.0,0.0,0.0,0.0,0.0
2010-01-18 00:00:00+00:00,0.0,0.0,0.0,0.0,0.0,0.0,0.0
2010-01-19 00:00:00+00:00,0.0,0.0,0.0,0.0,0.0,0.0,0.0
2010-01-20 00:00:00+00:00,0.0,0.0,0.0,0.0,0.0,0.0,0.0
2010-01-21 00:00:00+00:00,0.0,0.0,0.0,0.0,0.0,0.0,0.0
2010-01-22 00:00:00+00:00,0.0,0.0,0.0,0.0,0.0,0.0,0.0
2010-01-23 00:00:00+00:00,0.0,0.0,0.0,0.0,0.0,0.0,0.0
2010-01-24 00:00:00+00:00,0.0,0.0,0.0,0.0,0.0,0.0,0.0
2010-01-25 00:00:00+00:00,0.0,0.0,0.0,0.0,0.0,0.0,0.0
2010-01-26 00:00:00+00:00,0.0,0.0,0.0,0.0,0.0,0.0,0.0
2010-01-27 00:00:00+00:00,0.0,0.0,0.0,0.0,0.0,0.0,0.0
2010-01-28 00:00:00+00:00,0.0,0.0,0.0,0.0,0.0,0.0,0.0
2010-01-29 00:00:00+00:00,0.0,0.0,0.0,0.0,0.0,0.0,0.0
2010-01-30 00:00:00+00:00,0.0,0.0,0.0,0.0,0.0,0.0,0.0
2010-01-31 00:00:00+00:00,0.0,0.0,0.0,0.0,0.0,0.0,0.0
2010-02-01 00:00:00+00:00,0.0,0.0,0.0,0.0,0.0,0.0,0.0
2010-02-02 00:00:00+00:00,0.0,0.0,0.0,0.0,0.0,0.0,0.0
2010-02-03 00:00:00+00:00,0.0,0.0,0.0,0.0,0.0,0.0,0.0
2010-02-04 00:00:00+00:00,0.0,0.0,0.0,0.0,0.0,0.0,0.0
2010-02-05 00:00:00+00:00,0.0,0.0,0.0,0.0,0.0,0.0,0.0
2010-02-06 00:00:00+00:00,0.0,0.0,0.0,0.0,0.0,0.0,0.0
2010-02-07 00:00:00+00:00,0.0,0.0,0.0,0.0,0.0,0.0,0.0
2010-02-08 00:00:00+00:00,0.0,0.0,0.0,0.0,0.0,0.0,0.0
2010-02-09 00:00:00+00:00,0.0,0.0,0.0,0.0,0.0,0.0,0.0
2010-02-10 00:00:00+00:00,0.0,0.0,0.0,0.0,0.0,0.0,0.0
2010-02-11 00:00:00+00:00,0.0,0.0,0.0,0.0,0.0,0.0,0.0
2010-02-12 00:00:00+00:00,0.0,0.0,0.0,0.0,0.0,0.0,0.0
2010-02-13 00:00:00+00:00,0.0,0.0,0.0,0.0,0.0,0.0,0.0
2010-02-14 00:00:00+00:00,0.0,0.0,0.0,0.0,0.0,0.0,0.0
2010-02-15 00:00:00+00:00,0.0,0.0,0.0,0.0,0.0,0.0,0.0
2010-02-16 00:00:00+00:00,0.0,0.0,0.0,0.0,0.0,0.0,0.0
2010-02-17 00:00:00+00:00,0.0,0.0,0.0,0.0,0.0,0.0,0.0
2010-02-18 00:00:00+00:00,0.0,0.0,0.0,0.0,0.0,0.0,0.0
2010-02-19 00:00:00+00:00,0.0,0.0,0.0,0.0,0.0,0.0,0.0
2010-02-20 00:00:00+00:00,0.0,0.0,0.0,0.0,0.0,0.0,0.0
2010-02-21 00:00:00+00:00,0.0,0.0,0.0,0.0,0.0,0.0,0.0
2010-02-22 00:00:00+00:00,0.0,0.0,0.0,0.0,0.0,0.0,0.0
2010-02-23 00:00:00+00:00,0.0,0.0,0.0,0.0,0.0,0.0,0.0
2010-02-24 00:00:00+00:00,0.0,0.0,0.0,0.0,0.0,0.0,0.0
2010-02-25 00:00:00+00:00,0.0,0.0,0.0,0.0,0.0,0.0,0.0
2010-02-26 00:00:00+00:00,0.0,0.0,0.0,0.0,0.0,0.0,0.0
2010-02-27 00:00:00+00:00,0.0,0.0,0.0,0.0,0.0,0.0,0.0
2010-02-28 00:00:00+00:00,0.0,0.0,0.0,0.0,0.0,0.0,0.0
2010-03-01 00:00:00+00:00,0.0,0.0,0.0,0.0,0.0,0.0,0.0
2010-03-02 00:00:00+00:00,0.0,0.0,0.0,0.0,0.0,0.0,0.0
2010-03-03 00:00:00+00:00,0.0,0.0,0.0,0.0,0.0,0.0,0.0
2010-03-04 00:00:00+00:00,0.0,0.0,0.0,0.0,0.0,0.0,0.0
2010-03-05 00:00:00+00:00,0.0,0.0,0.0,0.0,0.0,0.0,0.0
2010-03-06 00:00:00+00:00,0.0,0.0,0.0,0.0,0.0,0.0,0.0
2010-03-07 00:00:00+00:00,0.0,0.0,0.0,0.0,0.0,0.0,0.0
2010-03-08 00:00:00+00:00,0.0,0.0,0.0,0.0,0.0,0.0,0.0
2010-03-09 00:00:00+00:00,0.0,0.0,0.0,0.0,0.0,0.0,0.0
2010-03-10 00:00:00+00:00,0.0,0.0,0.0,0.0,0.0,0.0,0.0
2010-03-11 00:00:00+00:00,0.0,0.0,0.0,0.0,0.0,0.0,0.0
2010-03-12 00:00:00+00:00,0.0,0.0,0.0,0.0,0.0,0.0,0.0
2010-03-13 00:00:00+00:00,0.0,0.0,0.0,0.0,0.0,0.0,0.0
2010-03-14 00:00:00+00:00,0.0,0.0,0.0,0.0,0.0,0.0,0.0
2010-03-15 00:00:00+00:00,0.0,0.0,0.0,0.0,0.0,0.0,0.0
2010-03-16 00:00:00+00:00,0.0,0.0,0.0,0.0,0.0,0.0,0.0
2010-03-17 00:00:00+00:00,0.0,0.0,0.0,0.0,0.0,0.0,0.0
2010-03-18 00:00:00+00:00,0.0,0.0,0.0,0.0,0.0,0.0,0.0
2010-03-19 00:00:00+00:00,0.0,0.0,0.0,0.0,0.0,0.0,0.0
2010-03-20 00:00:00+00:00,0.0,0.0,0.0,0.0,0.0,0.0,0.0
2010-03-21 00:00:00+00:00,0.0,0.0,0.0,0.0,0.0,0.0,0.0
2010-03-22 00:00:00+00:00,0.0,0.0,0.0,0.0,0.0,0.0,0.0
2010-03-23 00:00:00+00:00,0.0,0.0,0.0,0.0,0.0,0.0,0.0
2010-03-24 00:00:00+00:00,0.0,0.0,0.0,0.0,0.0,0.0,0.0
2010-03-25 00:00:00+00:00,0.0,0.0,0.0,0.0,0.0,0.0,0.0
2010-03-26 00:00:00+00:00,0.0,0.0,0.0,0.0,0.0,0.0,0.0
2010-03-27 00:00:00+00:00,0.0,0.0,0.0,0.0,0.0,0.0,0.0
2010-03-28 00:00:00+00:00,0.0,0.0,0.0,0.0,0.0,0.0,0.0
2010-03-29 00:00:00+00:00,0.0,0.0,0.0,0.0,0.0,0.0,0.0
2010-03-30 00:00:00+00:00,0.0,0.0,0.0,0.0,0.0,0.0,0.0
2010-03-31 00:00:00+00:00,0.0,0.0,0.0,0.0,0.0,0.0,0.0
2010-04-01 00:00:00+00:00,0.0,0.0,0.0,0.0,0.0,0.0,0.0
2010-04-02 00:00:00+00:00,0.0,0.0,0.0,0.0,0.0,0.0,0.0
2010-04-03 00:00:00+00:00,0.0,0.0,0.0,0.0,0.0,0.0,0.0
2010-04-04 00:00:00+00:00,0.0,0.0,0.0,0.0,0.0,0.0,0.0
2010-04-05 00:00:00+00:00,0.0,0.0,0.0,0.0,0.0,0.0,0.0
2010-04-06 00:00:00+00:00,0.0,0.0,0.0,0.0,0.0,0.0,0.0
2010-04-07 00:00:00+00:00,0.0,0.0,0.0,0.0,0.0,0.0,0.0
2010-04-08 00:00:00+00:00,0.0,0.0,0.0,0.0,0.0,0.0,0.0
2010-04-09 00:00:00+00:00,0.0,0.0,0.0,0.0,0.0,0.0,0.0
2010-04-10 00:00:00+00:00,0.0,0.0,0.0,0.0,0.0,0.0,0.0
2010-04-11 00:00:00+00:00,0.0,0.0,0.0,0.0,0.0,0.0,0.0
2010-04-12 00:00:00+00:00,0.0,0.0,0.0,0.0,0.0,0.0,0.0
2010-04-13 00:00:00+00:00,0.0,0.0,0.0,0.0,0.0,0.0,0.0
2010-04-14 00:00:00+00:00,0.0,0.0,0.0,0.0,0.0,0.0,0.0
2010-04-15 00:00:00+00:00,0.0,0.0,0.0,0.0,0.0,0.0,0.0
2010-04-16 00:00:00+00:00,0.0,0.0,0.0,0.0,0.0,0.0,0.0
2010-04-17 00:00:00+00:00,0.0,0.0,0.0,0.0,0.0,0.0,0.0
2010-04-18 00:00:00+00:00,0.0,0.0,0.0,0.0,0.0,0.0,0.0
2010-04-19 00:00:00+00:00,0.0,0.0,0.0,0.0,0.0,0.0,0.0
2010-04-20 00:00:00+00:00,0.0,0.0,0.0,0.0,0.0,0.0,0.0
2010-04-21 00:00:00+00:00,0.0,0.0,0.0,0.0,0.0,0.0,0.0
2010-04-22 00:00:00+00:00,0.0,0.0,0.0,0.0,0.0,0.0,0.0
2010-04-23 00:00:00+00:00,0.0,0.0,0.0,0.0,0.0,0.0,0.0
2010-04-24 00:00:00+00:00,0.0,0.0,0.0,0.0,0.0,0.0,0.0
2010-04-25 00:00:00+00:00,0.0,0.0,0.0,0.0,0.0,0.0,0.0
2010-04-26 00:00:00+00:00,0.0,0.0,0.0,0.0,0.0,0.0,0.0
2010-04-27 00:00:00+00:00,0.0,0.0,0.0,0.0,0.0,0.0,0.0
2010-04-28 00:00:00+00:00,0.0,0.0,0.0,0.0,0.0,0.0,0.0
2010-04-29 00:00:00+00:00,0.0,0.0,0.0,0.0,0.0,0.0,0.0
2010-04-30 00:00:00+00:00,0.0,0.0,0.0,0.0,0.0,0.0,0.0
2010-05-01 00:00:00+00:00,0.0,0.0,0.0,0.0,0.0,0.0,0.0
2010-05-02 00:00:00+00:00,0.0,0.0,0.0,0.0,0.0,0.0,0.0
2010-05-03 00:00:00+00:00,0.0,0.0,0.0,0.0,0.0,0.0,0.0
2010-05-04 00:00:00+00:00,0.0,0.0,0.0,0.0,0.0,0.0,0.0
2010-05-05 00:00:00+00:00,0.0,0.0,0.0,0.0,0.0,0.0,0.0
2010-05-06 00:00:00+00:00,0.0,0.0,0.0,0.0,0.0,0.0,0.0
2010-05-07 00:00:00+00:00,0.0,0.0,0.0,0.0,0.0,0.0,0.0
2010-05-08 00:00:00+00:00,0.0,0.0,0.0,0.0,0.0,0.0,0.0
2010-05-09 00:00:00+00:00,0.0,0.0,0.0,0.0,0.0,0.0,0.0
2010-05-10 00:00:00+00:00,0.0,0.0,0.0,0.0,0.0,0.0,0.0
2010-05-11 00:00:00+00:00,0.0,0.0,0.0,0.0,0.0,0.0,0.0
2010-05-12 00:00:00+00:00,0.0,0.0,0.0,0.0,0.0,0.0,0.0
2010-05-13 00:00:00+00:00,0.0,0.0,0.0,0.0,0.0,0.0,0.0
2010-05-14 00:00:00+00:00,0.0,0.0,0.0,0.0,0.0,0.0,0.0
2010-05-15 00:00:00+00:00,0.0,0.0,0.0,0.0,0.0,0.0,0.0
2010-05-16 00:00:00+00:00,0.0,0.0,0.0,0.0,0.0,0.0,0.0
2010-05-17 00:00:00+00:00,0.0,0.0,0.0,0.0,0.0,0.0,0.0
2010-05-18 00:00:00+00:00,0.0,0.0,0.0,0.0,0.0,0.0,0.0
2010-05-19 00:00:00+00:00,0.0,0.0,0.0,0.0,0.0,0.0,0.0
2010-05-20 00:00:00+00:00,0.0,0.0,0.0,0.0,0.0,0.0,0.0
2010-05-21 00:00:00+00:00,0.0,0.0,0.0,0.0,0.0,0.0,0.0
2010-05-22 00:00:00+00:00,0.0,0.0,0.0,0.0,0.0,0.0,0.0
2010-05-23 00:00:00+00:00,0.0,0.0,0.0,0.0,0.0,0.0,0.0
2010-05-24 00:00:00+00:00,0.0,0.0,0.0,0.0,0.0,0.0,0.0
2010-05-25 00:00:00+00:00,0.0,0.0,0.0,0.0,0.0,0.0,0.0
2010-05-26 00:00:00+00:00,0.0,0.0,0.0,0.0,0.0,0.0,0.0
2010-05-27 00:00:00+00:00,0.0,0.0,0.0,0.0,0.0,0.0,0.0
2010-05-28 00:00:00+00:00,0.0,0.0,0.0,0.0,0.0,0.0,0.0
2010-05-29 00:00:00+00:00,0.0,0.0,0.0,0.0,0.0,0.0,0.0
2010-05-30 00:00:00+00:00,0.0,0.0,0.0,0.0,0.0,0.0,0.0
2010-05-31 00:00:00+00:00,0.0,0.0,0.0,0.0,0.0,0.0,0.0
2010-06-01 00:00:00+00:00,0.0,0.0,0.0,0.0,0.0,0.0,0.0
2010-06-02 00:00:00+00:00,0.0,0.0,0.0,0.0,0.0,0.0,0.0
2010-06-03 00:00:00+00:00,0.0,0.0,0.0,0.0,0.0,0.0,0.0
2010-06-04 00:00:00+00:00,0.0,0.0,0.0,0.0,0.0,0.0,0.0
2010-06-05 00:00:00+00:00,0.0,0.0,0.0,0.0,0.0,0.0,0.0
2010-06-06 00:00:00+00:00,0.0,0.0,0.0,0.0,0.0,0.0,0.0
2010-06-07 00:00:00+00:00,0.0,0.0,0.0,0.0,0.0,0.0,0.0
2010-06-08 00:00:00+00:00,0.0,0.0,0.0,0.0,0.0,0.0,0.0
2010-06-09 00:00:00+00:00,0.0,0.0,0.0,0.0,0.0,0.0,0.0
2010-06-10 00:00:00+00:00,0.0,0.0,0.0,0.0,0.0,0.0,0.0
2010-06-11 00:00:00+00:00,0.0,0.0,0.0,0.0,0.0,0.0,0.0
2010-06-12 00:00:00+00:00,0.0,0.0,0.0,0.0,0.0,0.0,0.0
2010-06-13 00:00:00+00:00,0.0,0.0,0.0,0.0,0.0,0.0,0.0
2010-06-14 00:00:00+00:00,0.0,0.0,0.0,0.0,0.0,0.0,0.0
2010-06-15 00:00:00+00:00,0.0,0.0,0.0,0.0,0.0,0.0,0.0
2010-06-16 00:00:00+00:00,0.0,0.0,0.0,0.0,0.0,0.0,0.0
2010-06-17 00:00:00+00:00,0.0,0.0,0.0,0.0,0.0,0.0,0.0
2010-06-18 00:00:00+00:00,0.0,0.0,0.0,0.0,0.0,0.0,0.0
2010-06-19 00:00:00+00:00,0.0,0.0,0.0,0.0,0.0,0.0,0.0
2010-06-20 00:00:00+00:00,0.0,0.0,0.0,0.0,0.0,0.0,0.0
2010-06-21 00:00:00+00:00,0.0,0.0,0.0,0.0,0.0,0.0,0.0
2010-06-22 00:00:00+00:00,0.0,0.0,0.0,0.0,0.0,0.0,0.0
2010-06-23 00:00:00+00:00,0.0,0.0,0.0,0.0,0.0,0.0,0.0
2010-06-24 00:00:00+00:00,0.0,0.0,0.0,0.0,0.0,0.0,0.0
2010-06-25 00:00:00+00:00,0.0,0.0,0.0,0.0,0.0,0.0,0.0
2010-06-26 00:00:00+00:00,0.0,0.0,0.0,0.0,0.0,0.0,0.0
2010-06-27 00:00:00+00:00,0.0,0.0,0.0,0.0,0.0,0.0,0.0
2010-06-28 00:00:00+00:00,0.0,0.0,0.0,0.0,0.0,0.0,0.0
2010-06-29 00:00:00+00:00,0.0,0.0,0.0,0.0,0.0,0.0,0.0
2010-06-30 00:00:00+00:00,0.0,0.0,0.0,0.0,0.0,0.0,0.0
2010-07-01 00:00:00+00:00,0.0,0.0,0.0,0.0,0.0,0.0,0.0
2010-07-02 00:00:00+00:00,0.0,0.0,0.0,0.0,0.0,0.0,0.0
2010-07-03 00:00:00+00:00,0.0,0.0,0.0,0.0,0.0,0.0,0.0
2010-07-04 00:00:00+00:00,0.0,0.0,0.0,0.0,0.0,0.0,0.0
2010-07-05 00:00:00+00:00,0.0,0.0,0.0,0.0,0.0,0.0,0.0
2010-07-06 00:00:00+00:00,0.0,0.0,0.0,0.0,0.0,0.0,0.0
2010-07-07 00:00:00+00:00,0.0,0.0,0.0,0.0,0.0,0.0,0.0
2010-07-08 00:00:00+00:00,0.0,0.0,0.0,0.0,0.0,0.0,0.0
2010-07-09 00:00:00+00:00,0.0,0.0,0.0,0.0,0.0,0.0,0.0
2010-07-10 00:00:00+00:00,0.0,0.0,0.0,0.0,0.0,0.0,0.0
2010-07-11 00:00:00+00:00,0.0,0.0,0.0,0.0,0.0,0.0,0.0
2010-07-12 00:00:00+00:00,0.0,0.0,0.0,0.0,0.0,0.0,0.0
2010-07-13 00:00:00+00:00,0.0,0.0,0.0,0.0,0.0,0.0,0.0
2010-07-14 00:00:00+00:00,0.0,0.0,0.0,0.0,0.0,0.0,0.0
2010-07-15 00:00:00+00:00,0.0,0.0,0.0,0.0,0.0,0.0,0.0
2010-07-16 00:00:00+00:00,0.0,0.0,0.0,0.0,0.0,0.0,0.0
2010-07-17 00:00:00+00:00,0.0,0.0,0.0,0.0,0.0,0.0,0.0
2010-07-18 00:00:00+00:00,146.0383322,0.0,0.0,0.0,0.0,0.0,0.0
2010-07-19 00:00:00+00:00,62.56512971,0.0,0.0,0.0,0.0,0.0,0.0
2010-07-20 00:00:00+00:00,45.10663005,0.0,0.0,0.0,0.0,0.0,0.0
2010-07-21 00:00:00+00:00,38.35756046,0.0,0.0,0.0,0.0,0.0,0.0
2010-07-22 00:00:00+00:00,25.1323482,0.0,0.0,0.0,0.0,0.0,0.0
2010-07-23 00:00:00+00:00,23.1909876,0.0,0.0,0.0,0.0,0.0,0.0
2010-07-24 00:00:00+00:00,17.07191365,0.0,0.0,0.0,0.0,0.0,0.0
2010-07-25 00:00:00+00:00,14.29480012,0.0,0.0,0.0,0.0,0.0,0.0
2010-07-26 00:00:00+00:00,12.57111018,0.0,0.0,0.0,0.0,0.0,0.0
2010-07-27 00:00:00+00:00,12.41061061,0.0,0.0,0.0,0.0,0.0,0.0
2010-07-28 00:00:00+00:00,11.86773641,0.0,0.0,0.0,0.0,0.0,0.0
2010-07-29 00:00:00+00:00,13.54121185,0.0,0.0,0.0,0.0,0.0,0.0
2010-07-30 00:00:00+00:00,12.03290217,0.0,0.0,0.0,0.0,0.0,0.0
2010-07-31 00:00:00+00:00,12.05286591,0.0,0.0,0.0,0.0,0.0,0.0
2010-08-01 00:00:00+00:00,10.44892297,0.0,0.0,0.0,0.0,0.0,0.0
2010-08-02 00:00:00+00:00,9.9762043,0.0,0.0,0.0,0.0,0.0,0.0
2010-08-03 00:00:00+00:00,9.60461264,0.0,0.0,0.0,0.0,0.0,0.0
2010-08-04 00:00:00+00:00,8.82883787,0.0,0.0,0.0,0.0,0.0,0.0
2010-08-05 00:00:00+00:00,9.19506028,0.0,0.0,0.0,0.0,0.0,0.0
2010-08-06 00:00:00+00:00,9.02581206,0.0,0.0,0.0,0.0,0.0,0.0
2010-08-07 00:00:00+00:00,8.42875731,0.0,0.0,0.0,0.0,0.0,0.0
2010-08-08 00:00:00+00:00,8.47702357,0.0,0.0,0.0,0.0,0.0,0.0
2010-08-09 00:00:00+00:00,9.28085443,0.0,0.0,0.0,0.0,0.0,0.0
2010-08-10 00:00:00+00:00,8.88387323,0.0,0.0,0.0,0.0,0.0,0.0
2010-08-11 00:00:00+00:00,8.33793184,0.0,0.0,0.0,0.0,0.0,0.0
2010-08-12 00:00:00+00:00,8.49787609,0.0,0.0,0.0,0.0,0.0,0.0
2010-08-13 00:00:00+00:00,7.56762836,0.0,0.0,0.0,0.0,0.0,0.0
2010-08-14 00:00:00+00:00,7.65189676,0.0,0.0,0.0,0.0,0.0,0.0
2010-08-15 00:00:00+00:00,7.26649664,0.0,0.0,0.0,0.0,0.0,0.0
2010-08-16 00:00:00+00:00,7.13837504,0.0,0.0,0.0,0.0,0.0,0.0
2010-08-17 00:00:00+00:00,7.50985867,0.0,0.0,0.0,0.0,0.0,0.0
2010-08-18 00:00:00+00:00,7.14796434,0.0,0.0,0.0,0.0,0.0,0.0
2010-08-19 00:00:00+00:00,6.93168437,0.0,0.0,0.0,0.0,0.0,0.0
2010-08-20 00:00:00+00:00,6.69412905,0.0,0.0,0.0,0.0,0.0,0.0
2010-08-21 00:00:00+00:00,6.61775626,0.0,0.0,0.0,0.0,0.0,0.0
2010-08-22 00:00:00+00:00,6.41568722,0.0,0.0,0.0,0.0,0.0,0.0
2010-08-23 00:00:00+00:00,6.22495622,0.0,0.0,0.0,0.0,0.0,0.0
2010-08-24 00:00:00+00:00,6.13247009,0.0,0.0,0.0,0.0,0.0,0.0
2010-08-25 00:00:00+00:00,6.02386076,0.0,0.0,0.0,0.0,0.0,0.0
2010-08-26 00:00:00+00:00,5.87469011,0.0,0.0,0.0,0.0,0.0,0.0
2010-08-27 00:00:00+00:00,5.87209239,0.0,0.0,0.0,0.0,0.0,0.0
2010-08-28 00:00:00+00:00,5.77497614,0.0,0.0,0.0,0.0,0.0,0.0
2010-08-29 00:00:00+00:00,5.66272908,0.0,0.0,0.0,0.0,0.0,0.0
2010-08-30 00:00:00+00:00,5.69050244,0.0,0.0,0.0,0.0,0.0,0.0
2010-08-31 00:00:00+00:00,5.19159819,0.0,0.0,0.0,0.0,0.0,0.0
2010-09-01 00:00:00+00:00,5.31891315,0.0,0.0,0.0,0.0,0.0,0.0
2010-09-02 00:00:00+00:00,5.38522542,0.0,0.0,0.0,0.0,0.0,0.0
2010-09-03 00:00:00+00:00,5.12179597,0.0,0.0,0.0,0.0,0.0,0.0
2010-09-04 00:00:00+00:00,5.18235949,0.0,0.0,0.0,0.0,0.0,0.0
2010-09-05 00:00:00+00:00,5.06897347,0.0,0.0,0.0,0.0,0.0,0.0
2010-09-06 00:00:00+00:00,5.03207272,0.0,0.0,0.0,0.0,0.0,0.0
2010-09-07 00:00:00+00:00,4.94816313,0.0,0.0,0.0,0.0,0.0,0.0
2010-09-08 00:00:00+00:00,4.88836125,0.0,0.0,0.0,0.0,0.0,0.0
2010-09-09 00:00:00+00:00,4.79545778,0.0,0.0,0.0,0.0,0.0,0.0
2010-09-10 00:00:00+00:00,4.74669508,0.0,0.0,0.0,0.0,0.0,0.0
2010-09-11 00:00:00+00:00,4.91061134,0.0,0.0,0.0,0.0,0.0,0.0
2010-09-12 00:00:00+00:00,4.69699949,0.0,0.0,0.0,0.0,0.0,0.0
2010-09-13 00:00:00+00:00,4.70641545,0.0,0.0,0.0,0.0,0.0,0.0
2010-09-14 00:00:00+00:00,4.64512859,0.0,0.0,0.0,0.0,0.0,0.0
2010-09-15 00:00:00+00:00,4.45428881,0.0,0.0,0.0,0.0,0.0,0.0
2010-09-16 00:00:00+00:00,4.47633904,0.0,0.0,0.0,0.0,0.0,0.0
2010-09-17 00:00:00+00:00,4.19274776,0.0,0.0,0.0,0.0,0.0,0.0
2010-09-18 00:00:00+00:00,4.22048014,0.0,0.0,0.0,0.0,0.0,0.0
2010-09-19 00:00:00+00:00,4.29534109,0.0,0.0,0.0,0.0,0.0,0.0
2010-09-20 00:00:00+00:00,4.22043399,0.0,0.0,0.0,0.0,0.0,0.0
2010-09-21 00:00:00+00:00,4.22602175,0.0,0.0,0.0,0.0,0.0,0.0
2010-09-22 00:00:00+00:00,4.14162414,0.0,0.0,0.0,0.0,0.0,0.0
2010-09-23 00:00:00+00:00,4.11497371,0.0,0.0,0.0,0.0,0.0,0.0
2010-09-24 00:00:00+00:00,4.07954667,0.0,0.0,0.0,0.0,0.0,0.0
2010-09-25 00:00:00+00:00,4.03278411,0.0,0.0,0.0,0.0,0.0,0.0
2010-09-26 00:00:00+00:00,4.00070639,0.0,0.0,0.0,0.0,0.0,0.0
2010-09-27 00:00:00+00:00,3.91751164,0.0,0.0,0.0,0.0,0.0,0.0
2010-09-28 00:00:00+00:00,3.70318762,0.0,0.0,0.0,0.0,0.0,0.0
2010-09-29 00:00:00+00:00,3.67369778,0.0,0.0,0.0,0.0,0.0,0.0
2010-09-30 00:00:00+00:00,3.58697479,0.0,0.0,0.0,0.0,0.0,0.0
2010-10-01 00:00:00+00:00,3.57218676,0.0,0.0,0.0,0.0,0.0,0.0
2010-10-02 00:00:00+00:00,3.26607208,0.0,0.0,0.0,0.0,0.0,0.0
2010-10-03 00:00:00+00:00,3.2380791,0.0,0.0,0.0,0.0,0.0,0.0
2010-10-04 00:00:00+00:00,3.23417646,0.0,0.0,0.0,0.0,0.0,0.0
2010-10-05 00:00:00+00:00,3.17003606,0.0,0.0,0.0,0.0,0.0,0.0
2010-10-06 00:00:00+00:00,3.22421336,0.0,0.0,0.0,0.0,0.0,0.0
2010-10-07 00:00:00+00:00,3.40312006,0.0,0.0,0.0,0.0,0.0,0.0
2010-10-08 00:00:00+00:00,4.14833833,0.0,0.0,0.0,0.0,0.0,0.0
2010-10-09 00:00:00+00:00,4.40766563,0.0,0.0,0.0,0.0,0.0,0.0
2010-10-10 00:00:00+00:00,4.45879954,0.0,0.0,0.0,0.0,0.0,0.0
2010-10-11 00:00:00+00:00,4.28117529,0.0,0.0,0.0,0.0,0.0,0.0
2010-10-12 00:00:00+00:00,4.2360293,0.0,0.0,0.0,0.0,0.0,0.0
2010-10-13 00:00:00+00:00,4.55044647,0.0,0.0,0.0,0.0,0.0,0.0
2010-10-14 00:00:00+00:00,4.35844526,0.0,0.0,0.0,0.0,0.0,0.0
2010-10-15 00:00:00+00:00,4.34353862,0.0,0.0,0.0,0.0,0.0,0.0
2010-10-16 00:00:00+00:00,4.06985428,0.0,0.0,0.0,0.0,0.0,0.0
2010-10-17 00:00:00+00:00,4.06277933,0.0,0.0,0.0,0.0,0.0,0.0
2010-10-18 00:00:00+00:00,4.02994877,0.0,0.0,0.0,0.0,0.0,0.0
2010-10-19 00:00:00+00:00,3.80761656,0.0,0.0,0.0,0.0,0.0,0.0
2010-10-20 00:00:00+00:00,3.8186494,0.0,0.0,0.0,0.0,0.0,0.0
2010-10-21 00:00:00+00:00,4.00919854,0.0,0.0,0.0,0.0,0.0,0.0
2010-10-22 00:00:00+00:00,3.82096178,0.0,0.0,0.0,0.0,0.0,0.0
2010-10-23 00:00:00+00:00,3.85485171,0.0,0.0,0.0,0.0,0.0,0.0
2010-10-24 00:00:00+00:00,4.14384219,0.0,0.0,0.0,0.0,0.0,0.0
2010-10-25 00:00:00+00:00,4.88883386,0.0,0.0,0.0,0.0,0.0,0.0
2010-10-26 00:00:00+00:00,5.14523738,0.0,0.0,0.0,0.0,0.0,0.0
2010-10-27 00:00:00+00:00,6.05058402,0.0,0.0,0.0,0.0,0.0,0.0
2010-10-28 00:00:00+00:00,5.2615273,0.0,0.0,0.0,0.0,0.0,0.0
2010-10-29 00:00:00+00:00,5.63366942,0.0,0.0,0.0,0.0,0.0,0.0
2010-10-30 00:00:00+00:00,5.72124637,0.0,0.0,0.0,0.0,0.0,0.0
2010-10-31 00:00:00+00:00,5.43761091,0.0,0.0,0.0,0.0,0.0,0.0
2010-11-01 00:00:00+00:00,5.41406405,0.0,0.0,0.0,0.0,0.0,0.0
2010-11-02 00:00:00+00:00,5.28311477,0.0,0.0,0.0,0.0,0.0,0.0
2010-11-03 00:00:00+00:00,5.18370173,0.0,0.0,0.0,0.0,0.0,0.0
2010-11-04 00:00:00+00:00,5.7153824,0.0,0.0,0.0,0.0,0.0,0.0
2010-11-05 00:00:00+00:00,6.25148898,0.0,0.0,0.0,0.0,0.0,0.0
2010-11-06 00:00:00+00:00,8.19405221,0.0,0.0,0.0,0.0,0.0,0.0
2010-11-07 00:00:00+00:00,6.73312638,0.0,0.0,0.0,0.0,0.0,0.0
2010-11-08 00:00:00+00:00,4.59520726,0.0,0.0,0.0,0.0,0.0,0.0
2010-11-09 00:00:00+00:00,4.06257605,0.0,0.0,0.0,0.0,0.0,0.0
2010-11-10 00:00:00+00:00,4.25825739,0.0,0.0,0.0,0.0,0.0,0.0
2010-11-11 00:00:00+00:00,4.10381259,0.0,0.0,0.0,0.0,0.0,0.0
2010-11-12 00:00:00+00:00,4.88620474,0.0,0.0,0.0,0.0,0.0,0.0
2010-11-13 00:00:00+00:00,4.93212505,0.0,0.0,0.0,0.0,0.0,0.0
2010-11-14 00:00:00+00:00,4.88743661,0.0,0.0,0.0,0.0,0.0,0.0
2010-11-15 00:00:00+00:00,4.51276218,0.0,0.0,0.0,0.0,0.0,0.0
2010-11-16 00:00:00+00:00,3.76028119,0.0,0.0,0.0,0.0,0.0,0.0
2010-11-17 00:00:00+00:00,4.00641517,0.0,0.0,0.0,0.0,0.0,0.0
2010-11-18 00:00:00+00:00,4.39720823,0.0,0.0,0.0,0.0,0.0,0.0
2010-11-19 00:00:00+00:00,4.48312449,0.0,0.0,0.0,0.0,0.0,0.0
2010-11-20 00:00:00+00:00,4.49841005,0.0,0.0,0.0,0.0,0.0,0.0
2010-11-21 00:00:00+00:00,4.36944711,0.0,0.0,0.0,0.0,0.0,0.0
2010-11-22 00:00:00+00:00,4.46021601,0.0,0.0,0.0,0.0,0.0,0.0
2010-11-23 00:00:00+00:00,4.38599831,0.0,0.0,0.0,0.0,0.0,0.0
2010-11-24 00:00:00+00:00,4.33600482,0.0,0.0,0.0,0.0,0.0,0.0
2010-11-25 00:00:00+00:00,4.23185505,0.0,0.0,0.0,0.0,0.0,0.0
2010-11-26 00:00:00+00:00,4.23141948,0.0,0.0,0.0,0.0,0.0,0.0
2010-11-27 00:00:00+00:00,4.17587813,0.0,0.0,0.0,0.0,0.0,0.0
2010-11-28 00:00:00+00:00,3.97931625,0.0,0.0,0.0,0.0,0.0,0.0
2010-11-29 00:00:00+00:00,3.37289742,0.0,0.0,0.0,0.0,0.0,0.0
2010-11-30 00:00:00+00:00,3.0371558,0.0,0.0,0.0,0.0,0.0,0.0
2010-12-01 00:00:00+00:00,3.31113157,0.0,0.0,0.0,0.0,0.0,0.0
2010-12-02 00:00:00+00:00,3.6445754,0.0,0.0,0.0,0.0,0.0,0.0
2010-12-03 00:00:00+00:00,3.57134671,0.0,0.0,0.0,0.0,0.0,0.0
2010-12-04 00:00:00+00:00,2.90733946,0.0,0.0,0.0,0.0,0.0,0.0
2010-12-05 00:00:00+00:00,2.86401711,0.0,0.0,0.0,0.0,0.0,0.0
2010-12-06 00:00:00+00:00,2.83306957,0.0,0.0,0.0,0.0,0.0,0.0
2010-12-07 00:00:00+00:00,3.1967626,0.0,0.0,0.0,0.0,0.0,0.0
2010-12-08 00:00:00+00:00,3.24906898,0.0,0.0,0.0,0.0,0.0,0.0
2010-12-09 00:00:00+00:00,2.71091675,0.0,0.0,0.0,0.0,0.0,0.0
2010-12-10 00:00:00+00:00,2.7619015,0.0,0.0,0.0,0.0,0.0,0.0
2010-12-11 00:00:00+00:00,3.07070131,0.0,0.0,0.0,0.0,0.0,0.0
2010-12-12 00:00:00+00:00,2.94969685,0.0,0.0,0.0,0.0,0.0,0.0
2010-12-13 00:00:00+00:00,3.03156879,0.0,0.0,0.0,0.0,0.0,0.0
2010-12-14 00:00:00+00:00,3.26966627,0.0,0.0,0.0,0.0,0.0,0.0
2010-12-15 00:00:00+00:00,3.15229808,0.0,0.0,0.0,0.0,0.0,0.0
2010-12-16 00:00:00+00:00,3.26455554,0.0,0.0,0.0,0.0,0.0,0.0
2010-12-17 00:00:00+00:00,3.15712017,0.0,0.0,0.0,0.0,0.0,0.0
2010-12-18 00:00:00+00:00,3.11960091,0.0,0.0,0.0,0.0,0.0,0.0
2010-12-19 00:00:00+00:00,3.09706546,0.0,0.0,0.0,0.0,0.0,0.0
2010-12-20 00:00:00+00:00,3.39996207,0.0,0.0,0.0,0.0,0.0,0.0
2010-12-21 00:00:00+00:00,3.01272532,0.0,0.0,0.0,0.0,0.0,0.0
2010-12-22 00:00:00+00:00,3.10757151,0.0,0.0,0.0,0.0,0.0,0.0
2010-12-23 00:00:00+00:00,3.09503865,0.0,0.0,0.0,0.0,0.0,0.0
2010-12-24 00:00:00+00:00,3.05891168,0.0,0.0,0.0,0.0,0.0,0.0
2010-12-25 00:00:00+00:00,3.06790542,0.0,0.0,0.0,0.0,0.0,0.0
2010-12-26 00:00:00+00:00,3.23677185,0.0,0.0,0.0,0.0,0.0,0.0
2010-12-27 00:00:00+00:00,3.21872427,0.0,0.0,0.0,0.0,0.0,0.0
2010-12-28 00:00:00+00:00,3.39360976,0.0,0.0,0.0,0.0,0.0,0.0
2010-12-29 00:00:00+00:00,3.55514947,0.0,0.0,0.0,0.0,0.0,0.0
2010-12-30 00:00:00+00:00,3.53000117,0.0,0.0,0.0,0.0,0.0,0.0
2010-12-31 00:00:00+00:00,3.51255257,0.0,0.0,0.0,0.0,0.0,0.0
2011-01-01 00:00:00+00:00,3.49431915,0.0,0.0,0.0,0.0,0.0,0.0
2011-01-02 00:00:00+00:00,3.46374621,0.0,0.0,0.0,0.0,0.0,0.0
2011-01-03 00:00:00+00:00,3.38619201,0.0,0.0,0.0,0.0,0.0,0.0
2011-01-04 00:00:00+00:00,3.41744847,0.0,0.0,0.0,0.0,0.0,0.0
2011-01-05 00:00:00+00:00,3.39994438,0.0,0.0,0.0,0.0,0.0,0.0
2011-01-06 00:00:00+00:00,3.37409013,0.0,0.0,0.0,0.0,0.0,0.0
2011-01-07 00:00:00+00:00,3.59662517,0.0,0.0,0.0,0.0,0.0,0.0
2011-01-08 00:00:00+00:00,3.60311438,0.0,0.0,0.0,0.0,0.0,0.0
2011-01-09 00:00:00+00:00,3.58303029,0.0,0.0,0.0,0.0,0.0,0.0
2011-01-10 00:00:00+00:00,3.56790627,0.0,0.0,0.0,0.0,0.0,0.0
2011-01-11 00:00:00+00:00,3.47434474,0.0,0.0,0.0,0.0,0.0,0.0
2011-01-12 00:00:00+00:00,3.37613389,0.0,0.0,0.0,0.0,0.0,0.0
2011-01-13 00:00:00+00:00,3.31520101,0.0,0.0,0.0,0.0,0.0,0.0
2011-01-14 00:00:00+00:00,4.10741466,0.0,0.0,0.0,0.0,0.0,0.0
2011-01-15 00:00:00+00:00,3.93479597,0.0,0.0,0.0,0.0,0.0,0.0
2011-01-16 00:00:00+00:00,3.89072744,0.0,0.0,0.0,0.0,0.0,0.0
2011-01-17 00:00:00+00:00,3.48443916,0.0,0.0,0.0,0.0,0.0,0.0
2011-01-18 00:00:00+00:00,3.11008305,0.0,0.0,0.0,0.0,0.0,0.0
2011-01-19 00:00:00+00:00,3.07260733,0.0,0.0,0.0,0.0,0.0,0.0
2011-01-20 00:00:00+00:00,3.78751517,0.0,0.0,0.0,0.0,0.0,0.0
2011-01-21 00:00:00+00:00,4.03324208,0.0,0.0,0.0,0.0,0.0,0.0
2011-01-22 00:00:00+00:00,4.1752733,0.0,0.0,0.0,0.0,0.0,0.0
2011-01-23 00:00:00+00:00,4.11467439,0.0,0.0,0.0,0.0,0.0,0.0
2011-01-24 00:00:00+00:00,3.8538566,0.0,0.0,0.0,0.0,0.0,0.0
2011-01-25 00:00:00+00:00,3.73958941,0.0,0.0,0.0,0.0,0.0,0.0
2011-01-26 00:00:00+00:00,3.28267628,0.0,0.0,0.0,0.0,0.0,0.0
2011-01-27 00:00:00+00:00,3.29852211,0.0,0.0,0.0,0.0,0.0,0.0
2011-01-28 00:00:00+00:00,3.44964227,0.0,0.0,0.0,0.0,0.0,0.0
2011-01-29 00:00:00+00:00,3.35970677,0.0,0.0,0.0,0.0,0.0,0.0
2011-01-30 00:00:00+00:00,3.62408311,0.0,0.0,0.0,0.0,0.0,0.0
2011-01-31 00:00:00+00:00,3.88967746,0.0,0.0,0.0,0.0,0.0,0.0
2011-02-01 00:00:00+00:00,5.02344554,0.0,0.0,0.0,0.0,0.0,0.0
2011-02-02 00:00:00+00:00,4.95514811,0.0,0.0,0.0,0.0,0.0,0.0
2011-02-03 00:00:00+00:00,4.68663449,0.0,0.0,0.0,0.0,0.0,0.0
2011-02-04 00:00:00+00:00,5.36029838,0.0,0.0,0.0,0.0,0.0,0.0
2011-02-05 00:00:00+00:00,5.79068626,0.0,0.0,0.0,0.0,0.0,0.0
2011-02-06 00:00:00+00:00,5.59155797,0.0,0.0,0.0,0.0,0.0,0.0
2011-02-07 00:00:00+00:00,5.25293615,0.0,0.0,0.0,0.0,0.0,0.0
2011-02-08 00:00:00+00:00,5.35492291,0.0,0.0,0.0,0.0,0.0,0.0
2011-02-09 00:00:00+00:00,5.69602563,0.0,0.0,0.0,0.0,0.0,0.0
2011-02-10 00:00:00+00:00,5.38116292,0.0,0.0,0.0,0.0,0.0,0.0
2011-02-11 00:00:00+00:00,5.62034798,0.0,0.0,0.0,0.0,0.0,0.0
2011-02-12 00:00:00+00:00,5.66318761,0.0,0.0,0.0,0.0,0.0,0.0
2011-02-13 00:00:00+00:00,5.42738984,0.0,0.0,0.0,0.0,0.0,0.0
2011-02-14 00:00:00+00:00,5.31812686,0.0,0.0,0.0,0.0,0.0,0.0
2011-02-15 00:00:00+00:00,5.15817185,0.0,0.0,0.0,0.0,0.0,0.0
2011-02-16 00:00:00+00:00,5.01369832,0.0,0.0,0.0,0.0,0.0,0.0
2011-02-17 00:00:00+00:00,5.00090272,0.0,0.0,0.0,0.0,0.0,0.0
2011-02-18 00:00:00+00:00,4.27713788,0.0,0.0,0.0,0.0,0.0,0.0
2011-02-19 00:00:00+00:00,4.46173899,0.0,0.0,0.0,0.0,0.0,0.0
2011-02-20 00:00:00+00:00,4.04564986,0.0,0.0,0.0,0.0,0.0,0.0
2011-02-21 00:00:00+00:00,3.8865163,0.0,0.0,0.0,0.0,0.0,0.0
2011-02-22 00:00:00+00:00,4.03903963,0.0,0.0,0.0,0.0,0.0,0.0
2011-02-23 00:00:00+00:00,4.11116115,0.0,0.0,0.0,0.0,0.0,0.0
2011-02-24 00:00:00+00:00,4.46075117,0.0,0.0,0.0,0.0,0.0,0.0
2011-02-25 00:00:00+00:00,4.09708361,0.0,0.0,0.0,0.0,0.0,0.0
2011-02-26 00:00:00+00:00,4.20136279,0.0,0.0,0.0,0.0,0.0,0.0
2011-02-27 00:00:00+00:00,3.85737612,0.0,0.0,0.0,0.0,0.0,0.0
2011-02-28 00:00:00+00:00,3.66264324,0.0,0.0,0.0,0.0,0.0,0.0
2011-03-01 00:00:00+00:00,3.45556491,0.0,0.0,0.0,0.0,0.0,0.0
2011-03-02 00:00:00+00:00,3.49629585,0.0,0.0,0.0,0.0,0.0,0.0
2011-03-03 00:00:00+00:00,3.4729141,0.0,0.0,0.0,0.0,0.0,0.0
2011-03-04 00:00:00+00:00,3.31231304,0.0,0.0,0.0,0.0,0.0,0.0
2011-03-05 00:00:00+00:00,3.30711769,0.0,0.0,0.0,0.0,0.0,0.0
2011-03-06 00:00:00+00:00,3.2074455,0.0,0.0,0.0,0.0,0.0,0.0
2011-03-07 00:00:00+00:00,3.17308684,0.0,0.0,0.0,0.0,0.0,0.0
2011-03-08 00:00:00+00:00,3.11400943,0.0,0.0,0.0,0.0,0.0,0.0
2011-03-09 00:00:00+00:00,3.08389438,0.0,0.0,0.0,0.0,0.0,0.0
2011-03-10 00:00:00+00:00,3.286687,0.0,0.0,0.0,0.0,0.0,0.0
2011-03-11 00:00:00+00:00,3.13277134,0.0,0.0,0.0,0.0,0.0,0.0
2011-03-12 00:00:00+00:00,3.23180751,0.0,0.0,0.0,0.0,0.0,0.0
2011-03-13 00:00:00+00:00,3.12541924,0.0,0.0,0.0,0.0,0.0,0.0
2011-03-14 00:00:00+00:00,3.09976092,0.0,0.0,0.0,0.0,0.0,0.0
2011-03-15 00:00:00+00:00,3.0094772,0.0,0.0,0.0,0.0,0.0,0.0
2011-03-16 00:00:00+00:00,2.90524469,0.0,0.0,0.0,0.0,0.0,0.0
2011-03-17 00:00:00+00:00,2.80330055,0.0,0.0,0.0,0.0,0.0,0.0
2011-03-18 00:00:00+00:00,2.72116816,0.0,0.0,0.0,0.0,0.0,0.0
2011-03-19 00:00:00+00:00,2.5915635,0.0,0.0,0.0,0.0,0.0,0.0
2011-03-20 00:00:00+00:00,2.50871253,0.0,0.0,0.0,0.0,0.0,0.0
2011-03-21 00:00:00+00:00,2.56031946,0.0,0.0,0.0,0.0,0.0,0.0
2011-03-22 00:00:00+00:00,2.71742347,0.0,0.0,0.0,0.0,0.0,0.0
2011-03-23 00:00:00+00:00,2.8434557,0.0,0.0,0.0,0.0,0.0,0.0
2011-03-24 00:00:00+00:00,2.88481841,0.0,0.0,0.0,0.0,0.0,0.0
2011-03-25 00:00:00+00:00,2.91145917,0.0,0.0,0.0,0.0,0.0,0.0
2011-03-26 00:00:00+00:00,2.79254753,0.0,0.0,0.0,0.0,0.0,0.0
2011-03-27 00:00:00+00:00,2.67675364,0.0,0.0,0.0,0.0,0.0,0.0
2011-03-28 00:00:00+00:00,2.58237,0.0,0.0,0.0,0.0,0.0,0.0
2011-03-29 00:00:00+00:00,2.56999182,0.0,0.0,0.0,0.0,0.0,0.0
2011-03-30 00:00:00+00:00,2.55673793,0.0,0.0,0.0,0.0,0.0,0.0
2011-03-31 00:00:00+00:00,2.53409399,0.0,0.0,0.0,0.0,0.0,0.0
2011-04-01 00:00:00+00:00,2.49434063,0.0,0.0,0.0,0.0,0.0,0.0
2011-04-02 00:00:00+00:00,2.51639313,0.0,0.0,0.0,0.0,0.0,0.0
2011-04-03 00:00:00+00:00,2.50130518,0.0,0.0,0.0,0.0,0.0,0.0
2011-04-04 00:00:00+00:00,2.1702087,0.0,0.0,0.0,0.0,0.0,0.0
2011-04-05 00:00:00+00:00,2.2785139,0.0,0.0,0.0,0.0,0.0,0.0
2011-04-06 00:00:00+00:00,2.35209347,0.0,0.0,0.0,0.0,0.0,0.0
2011-04-07 00:00:00+00:00,2.39124558,0.0,0.0,0.0,0.0,0.0,0.0
2011-04-08 00:00:00+00:00,2.37382641,0.0,0.0,0.0,0.0,0.0,0.0
2011-04-09 00:00:00+00:00,2.31988599,0.0,0.0,0.0,0.0,0.0,0.0
2011-04-10 00:00:00+00:00,2.31383197,0.0,0.0,0.0,0.0,0.0,0.0
2011-04-11 00:00:00+00:00,2.42399078,0.0,0.0,0.0,0.0,0.0,0.0
2011-04-12 00:00:00+00:00,2.6961135,0.0,0.0,0.0,0.0,0.0,0.0
2011-04-13 00:00:00+00:00,2.89135449,0.0,0.0,0.0,0.0,0.0,0.0
2011-04-14 00:00:00+00:00,3.07319764,0.0,0.0,0.0,0.0,0.0,0.0
2011-04-15 00:00:00+00:00,2.99333242,0.0,0.0,0.0,0.0,0.0,0.0
2011-04-16 00:00:00+00:00,3.15615233,0.0,0.0,0.0,0.0,0.0,0.0
2011-04-17 00:00:00+00:00,3.27386129,0.0,0.0,0.0,0.0,0.0,0.0
2011-04-18 00:00:00+00:00,3.37473832,0.0,0.0,0.0,0.0,0.0,0.0
2011-04-19 00:00:00+00:00,3.42498343,0.0,0.0,0.0,0.0,0.0,0.0
2011-04-20 00:00:00+00:00,3.28485981,0.0,0.0,0.0,0.0,0.0,0.0
2011-04-21 00:00:00+00:00,3.43905824,0.0,0.0,0.0,0.0,0.0,0.0
2011-04-22 00:00:00+00:00,3.90431563,0.0,0.0,0.0,0.0,0.0,0.0
2011-04-23 00:00:00+00:00,4.86099744,0.0,0.0,0.0,0.0,0.0,0.0
2011-04-24 00:00:00+00:00,4.27543628,140.0,228.4777907656342,0.0,0.0,140.0,228.4777907656342
2011-04-25 00:00:00+00:00,4.06113168,0.0,0.0,0.0,0.0,140.0,219.0277089421386
2011-04-26 00:00:00+00:00,4.51459705,0.0,0.0,0.0,0.0,140.0,247.9177246171836
2011-04-27 00:00:00+00:00,4.76744161,0.0,0.0,0.0,0.0,140.0,266.444634190532
2011-04-28 00:00:00+00:00,5.53562475,0.0,0.0,0.0,0.0,140.0,320.0042252133258
2011-04-29 00:00:00+00:00,5.27956549,0.0,0.0,0.0,0.0,140.0,399.084712600819
2011-04-30 00:00:00+00:00,5.74340681,0.0,0.0,0.0,0.0,140.0,490.0
2011-05-01 00:00:00+00:00,4.96719361,0.0,0.0,0.0,0.0,140.0,433.19185748685
2011-05-02 00:00:00+00:00,5.05486151,0.0,0.0,0.0,0.0,140.0,448.0
2011-05-03 00:00:00+00:00,5.13349205,0.0,0.0,0.0,0.0,140.0,470.4819985154884
2011-05-04 00:00:00+00:00,4.84337805,0.0,0.0,0.0,0.0,140.0,477.2142266277036
2011-05-05 00:00:00+00:00,4.67664599,0.0,0.0,0.0,0.0,140.0,468.1231358153126
2011-05-06 00:00:00+00:00,4.63603126,0.0,0.0,0.0,0.0,140.0,483.7105818234956
2011-05-07 00:00:00+00:00,4.80792811,0.0,0.0,0.0,0.0,140.0,509.7768168907078
2011-05-08 00:00:00+00:00,4.92348609,10.0,38.4866837697253,0.0,0.0,150.0,577.3002565458795
2011-05-09 00:00:00+00:00,4.77598264,41.0,155.96767286674452,0.0,0.0,191.0,726.5811101841025
2011-05-10 00:00:00+00:00,6.2849561,22.826,129.00495099536286,0.0,0.0,213.826,1208.4733484418846
2011-05-11 00:00:00+00:00,5.77375573,55.14,299.9478725570079,12.91,70.2271859758972,256.056,1392.8808932799639
2011-05-12 00:00:00+00:00,6.23619574,1.37,8.678783811233195,0.0,0.0,257.426,1630.7624827668005
2011-05-13 00:00:00+00:00,6.81610339,26.31,214.1380073594273,49.9,406.1378398797196,233.836,1903.1993572367558
2011-05-14 00:00:00+00:00,5.71115111,17.39,121.85597019221512,9.22,64.60678810651083,242.006,1695.795050163152
2011-05-15 00:00:00+00:00,5.38878812,21.01,145.4926709836879,121.95,844.4945847910872,141.066,976.8714481192251
2011-05-16 00:00:00+00:00,5.64948105,3.27,25.78441023673291,4.28,33.74840238936295,140.056,1104.3612722066864
2011-05-17 00:00:00+00:00,5.05909092,41.51,301.2463529311163,10.51,76.27316717191115,171.056,1241.3875246202126
2011-05-18 00:00:00+00:00,4.61026723,71.98,486.81249882275847,57.06,385.9061014563295,185.976,1257.7860694784847
2011-05-19 00:00:00+00:00,4.62646251,46.97,323.63004641282896,54.98,378.82009690818256,177.966,1226.211301679913
2011-05-20 00:00:00+00:00,3.71328197,193.5,1087.1016182963174,151.45,850.8606723047922,220.016,1236.0710576283338
2011-05-21 00:00:00+00:00,4.07285788,74.83,455.3256339449797,15.96,97.1134186524372,278.886,1696.9657189413285
2011-05-22 00:00:00+00:00,4.35034379,71.54,480.1733350832028,78.02,523.6668102207364,272.406,1828.377096962188
2011-05-23 00:00:00+00:00,4.487161,47.16,333.1975099217533,85.46,603.7968447394621,234.106,1654.01900461709
2011-05-24 00:00:00+00:00,4.5999394,37.6,278.34003788755143,39.45,292.03495996446554,232.256,1719.312336159871
2011-05-25 00:00:00+00:00,5.19133406,92.65,793.9446848730864,132.04,1131.4890036766576,192.866,1652.7246151401262
2011-05-26 00:00:00+00:00,5.17913836,44.44,390.27898749802466,236.97,2081.1073732539808,0.336,2.9508042259076572
2011-05-27 00:00:00+00:00,4.74938352,344.57,2938.7198483695083,42.72,364.3442897592518,302.186,2577.241187855554
2011-05-28 00:00:00+00:00,4.61095078,145.86,1217.8243938159212,207.03,1728.5491858748812,241.016,2012.307446180845
2011-05-29 00:00:00+00:00,4.59177413,22.0,184.8209763892461,157.18,1320.461866766441,105.836,889.1233116878296
2011-05-30 00:00:00+00:00,4.71031321,20.11,176.55257696392167,16.96,148.8976482003039,108.986,956.825417851316
2011-05-31 00:00:00+00:00,4.60202531,157.31,1371.991186940958,164.9,1438.1879519837516,101.396,884.3329628826227
2011-06-01 00:00:00+00:00,4.97744055,24.87,239.34333976053762,126.2,1214.5206866819399,0.066,0.6351692973138513
2011-06-02 00:00:00+00:00,5.3275221,17.81,190.6161596595562,15.72,168.24739078316807,2.156,23.075151051431956
2011-06-03 00:00:00+00:00,6.42904939,112.78,1608.7668631510248,111.83,1595.2154487158991,3.106,44.30599287947405
2011-06-04 00:00:00+00:00,7.74313927,53.02407407,971.0160146262177,56.05007407,1026.4303620107648,0.08,1.465019098071304
2011-06-05 00:00:00+00:00,6.57534893,794.27,13139.880565077034,19.53,323.09147699894805,774.82,12818.112555469786
2011-06-06 00:00:00+00:00,6.0241396,39.63,729.2751692644069,64.8,1192.4559921355935,749.65,13795.133248525426
2011-06-07 00:00:00+00:00,7.22127316,309.49,7191.891005478959,112.91,2623.7888572445936,946.23,21988.377737937757
2011-06-08 00:00:00+00:00,7.38787829,260.16,7552.424332356743,222.47,6458.286597553062,983.92,28563.12019177601
2011-06-09 00:00:00+00:00,6.61438788,261.19047799,7519.815953684401,131.37,3782.2137676601747,1113.74047799,32065.19425633099
2011-06-10 00:00:00+00:00,5.13598194,320.99,7719.616658363052,117.4,2823.3994694284006,1317.33047799,31681.006581080303
2011-06-11 00:00:00+00:00,3.17745001,260.34586077,3840.035481928768,127.7916,1884.8937211487835,1449.88473876,21385.4325360835
2011-06-12 00:00:00+00:00,3.60717104,335.67905182,6327.598710022671,227.46,4287.653920547697,1558.10379058,29370.48195858861
2011-06-13 00:00:00+00:00,3.61267024,257.05136586,5023.382390981467,191.58262612,3743.970732267379,1623.57253032,31728.388728860857
2011-06-14 00:00:00+00:00,3.30858495,401.6487148,7734.844715763409,144.6,2784.668554102863,1880.62124512,36216.5065246434
2011-06-15 00:00:00+00:00,3.13518917,307.658,5988.299191475016,255.18779156,4967.011570877542,1933.09145356,37625.967757706974
2011-06-16 00:00:00+00:00,2.83819584,238.16903936,4270.219053054121,78.90320616,1414.6841889982306,2092.35728676,37514.63236249574
2011-06-17 00:00:00+00:00,2.42625836,131.87575174,2035.6827545268168,74.85519718,1155.4924387195795,2149.37784132,33178.589291863405
2011-06-18 00:00:00+00:00,2.62955708,110.26,1860.6821040687275,231.59,3908.1749363438835,2028.04784132,34224.12773933737
2011-06-19 00:00:00+00:00,2.69066084,169.302737,2964.61227960743,178.3355,3122.7824343438156,2019.01507832,35354.40123392706
2011-06-20 00:00:00+00:00,2.67081932,79.84780943,1398.192377338424,68.5115,1199.6854734505823,2030.35138775,35552.908137814906
2011-06-21 00:00:00+00:00,2.63871848,72.08109986,1262.1917256574854,96.072,1682.2895835785869,2006.36048761,35132.8102798938
2011-06-22 00:00:00+00:00,2.62779902,343.26044613,6010.736457854918,132.713,2323.8997575304456,2216.90793374,38819.64698021828
2011-06-23 00:00:00+00:00,2.61500773,154.1195,2698.7429165244816,40.3415,706.40858143825,2330.68593374,40811.9813153045
2011-06-24 00:00:00+00:00,2.59755925,193.90744993,3395.4584394571298,1218.8857377,21343.562953880544,1305.70764597,22863.87680088109
2011-06-25 00:00:00+00:00,2.58920413,88.1888,1544.2491009690157,256.805,4496.839625602663,1137.09144597,19911.286276247443
2011-06-26 00:00:00+00:00,2.40438777,64.0645,1048.1811955699507,180.8405,2958.793270804699,1020.31544597,16693.729975498474
2011-06-27 00:00:00+00:00,2.41862667,566.19985503,9485.141798892957,131.917,2209.911287628756,1454.598301,24367.84648184473
2011-06-28 00:00:00+00:00,2.4228443,203.051,3444.1176209481146,155.2805,2633.8422674088465,1502.368801,25482.932173132816
2011-06-29 00:00:00+00:00,2.39153255,189.3275,3191.0332832152967,82.339,1387.788300731084,1609.357301,27125.022577684373
2011-06-30 00:00:00+00:00,2.27916897,87.37638659,1414.2097777985318,37.82,612.1266383709868,1658.91368759,26849.95396435971
2011-07-01 00:00:00+00:00,2.17517451,86.0525,1326.9603050930918,48.832,753.0068925168457,1696.13418759,26154.995369608667
2011-07-02 00:00:00+00:00,2.17108212,51.6608,794.6900309082087,52.295,804.4458306171173,1695.49998759,26081.61192902093
2011-07-03 00:00:00+00:00,2.17640481,88.97977779,1375.4094140501702,41.44560411,640.6475210404144,1743.03416127,26943.038676493874
2011-07-04 00:00:00+00:00,1.95761946,247.8141415,3432.9189494364637,152.2969,2109.7380108569396,1838.55140277,25469.079011708156
2011-07-05 00:00:00+00:00,1.82728432,382.88849935,4964.079599160976,348.16149705,4513.850344560497,1873.27840507,24286.71305077891
2011-07-06 00:00:00+00:00,2.06878863,192.07507118,2826.343104157685,93.63,1377.7451869029371,1971.72347625,29013.484239100344
2011-07-07 00:00:00+00:00,2.07598143,64.91142951,960.5131923334092,44.9545,665.2047356020744,1991.68040576,29471.47088094436
2011-07-08 00:00:00+00:00,2.0056172,320.74649612,4586.366239187971,39.6871811,567.4884986350102,2272.73972078,32497.990942813383
2011-07-09 00:00:00+00:00,2.01609779,189.72768895,2728.5688857109576,155.155,2231.3617364203055,2307.31240973,33182.614965932466
2011-07-10 00:00:00+00:00,2.03850499,160.589412,2348.288943050244,391.63849578,5726.905266413229,2076.26332595,30361.068955088464
2011-07-11 00:00:00+00:00,1.99133352,114.49870562,1638.494274308682,37.4161441,535.4308377775229,2153.34588747,30814.71435087951
2011-07-12 00:00:00+00:00,1.94872351,156.9643535,2200.8399922914045,122.372,1715.8111732463112,2187.93824097,30677.67855579059
2011-07-13 00:00:00+00:00,1.93841196,186.06580732,2599.6099651639065,97.9685,1368.7624423876882,2276.03554829,31799.5271545305
2011-07-14 00:00:00+00:00,1.93955814,419.68579328,5874.7510523366045,163.12949999,2283.4825888281175,2532.59184158,35451.15613797983
2011-07-15 00:00:00+00:00,1.91086852,100.34378639,1385.3854896775556,95.07159415,1312.595545318684,2537.86403382,35038.74164727717
2011-07-16 00:00:00+00:00,1.89668424,61.17292658,838.8691931581386,108.47845506,1487.5736564968443,2490.55850534,34153.22628312457
2011-07-17 00:00:00+00:00,1.8320481,173.22431401,2296.6313942874863,87.19649999,1156.0629955068653,2576.58631936,34160.73006236417
2011-07-18 00:00:00+00:00,1.94207395,262.89344804,3583.374730110217,152.83778158,2083.2586296960376,2686.64198582,36620.33068003927
2011-07-19 00:00:00+00:00,1.96438973,197.80129253,2734.562288055113,160.42587607,2217.854823484986,2724.01740228,37658.981723544464
2011-07-20 00:00:00+00:00,1.96296845,126.86813609,1735.3443070363874,106.31899842,1454.2664086045504,2744.56653995,37541.088465318746
2011-07-21 00:00:00+00:00,1.95201716,190.51983779,2593.319536369224,90.28744674,1228.9754297283343,2844.798931,38722.858104342835
2011-07-22 00:00:00+00:00,1.96311336,271.83847795,3723.7922566103284,89.41892979,1224.9094420239878,3027.21847916,41468.49561833232
2011-07-23 00:00:00+00:00,1.95853437,151.55415469,2073.5212581027095,173.6465,2375.782504159155,3005.12613385,41115.289346991005
2011-07-24 00:00:00+00:00,1.99913286,161.97968587,2266.5032128214875,142.46689925,1993.470249905234,3024.63892047,42322.305998124175
2011-07-25 00:00:00+00:00,2.00132141,250.96003561,3521.8289327753296,71.3565,1001.3761180370547,3204.24245608,44966.497402744084
2011-07-26 00:00:00+00:00,1.97632833,446.27731538,6193.45100795581,323.17886389,4485.086719241378,3327.34090757,46176.9446655714
2011-07-27 00:00:00+00:00,1.97282473,362.07323107,5024.933678599786,186.84868089,2593.127988587994,3502.56545775,48609.39064215325
2011-07-28 00:00:00+00:00,1.91925019,208.90394181,2818.4465569995696,309.07205087,4169.873723261878,3402.39734869,45903.75370552609
2011-07-29 00:00:00+00:00,1.91940166,300.98605706,4067.0188320102443,219.00107031,2959.211751804227,3484.38233544,47082.07654061992
2011-07-30 00:00:00+00:00,1.91948827,158.63135999,2147.913137943089,34.74404784,470.44415950013695,3608.26964759,48856.98377539228
2011-07-31 00:00:00+00:00,1.8957305,123.17832446,1647.252166839686,104.24811063,1394.100194795025,3627.19986142,48506.203160970515
2011-08-01 00:00:00+00:00,1.84650394,205.82663847,2679.680438960141,84.62335271,1101.7210630355958,3748.40314718,48800.88731711422
2011-08-02 00:00:00+00:00,1.73338364,516.09993753,6303.725375110634,520.87049625,6361.993725617789,3743.63258846,45725.31408530668
2011-08-03 00:00:00+00:00,1.33360498,372.51614196,3459.3178502809214,393.66085955,3655.6752446568416,3722.48787087,34568.3509750768
2011-08-04 00:00:00+00:00,1.54422773,86.71489041,933.7896223962091,399.74573985,4304.663497861932,3409.45702143,36714.75071425652
2011-08-05 00:00:00+00:00,1.40034516,410.71216426,3996.2925913601875,354.84184868,3452.6658189912864,3465.32733701,33718.16850976994
2011-08-06 00:00:00+00:00,1.01786264,258.50125737,1800.2466332493802,412.7042159,2874.142210218992,3311.12437848,23059.2321881694
2011-08-07 00:00:00+00:00,1.24329896,462.16687902,3929.2472719416173,185.57463216,1577.7171629053382,3587.71662534,30502.025139726076
2011-08-08 00:00:00+00:00,1.15587536,405.83442601,3155.499687323693,153.3671597,1192.4814492379905,3840.18389165,29858.72634932274
2011-08-09 00:00:00+00:00,1.45369998,425.98538597,4175.721524886751,353.50417726,3465.2245141243416,3912.66510036,38353.897615626294
2011-08-10 00:00:00+00:00,1.48953532,141.65114286,1423.7714926729032,394.13425887,3961.5432020868648,3660.18198435,36789.41561709097
2011-08-11 00:00:00+00:00,1.40111707,262.44231261,2477.0389337078204,132.02853706,1246.1398598636051,3790.5957599,35777.2082780462
2011-08-12 00:00:00+00:00,1.40327416,222.5342638,2103.614901431292,217.05802359,2051.8480394979465,3796.07200011,35884.24312722617
2011-08-13 00:00:00+00:00,1.48374896,204.85644366,2049.3889314641256,181.16254247,1812.354557663405,3819.7659013,38213.03259516084
2011-08-14 00:00:00+00:00,1.60021658,166.72933733,1801.8140650444284,110.44118066,1193.5180446344589,3876.05405797,41887.82148578865
2011-08-15 00:00:00+00:00,1.64552851,341.08834534,3796.550868711187,91.20779186,1015.2062541865569,4125.93461145,45924.52614507163
2011-08-16 00:00:00+00:00,1.62211392,285.06222616,3133.394174380253,263.68429685,2898.4087115126854,4147.31254076,45587.116643289
2011-08-17 00:00:00+00:00,1.61521112,219.0739867,2401.9193158069725,99.97795854,1096.1547438355658,4266.40856892,46776.75019830792
2011-08-18 00:00:00+00:00,1.59806892,289.0597936,3138.747517846372,202.47407534,2198.5589676338313,4352.99428718,47266.86421492575
2011-08-19 00:00:00+00:00,1.71440506,330.14736065,3852.9758727658286,155.37563428,1813.3071514425485,4527.76601355,52841.17120727698
2011-08-20 00:00:00+00:00,1.68142171,344.24742645,3944.9831590730087,97.35871455,1115.7047512293648,4774.65472545,54716.262301598996
2011-08-21 00:00:00+00:00,1.66508331,344.14665532,3907.6067763077813,196.65798708,2232.94944480664,4922.14339369,55888.385320082045
2011-08-22 00:00:00+00:00,1.60062575,233.52619474,2550.3152450857147,403.49642651,4406.542439539863,4752.17316192,51897.98804209197
2011-08-23 00:00:00+00:00,1.60020118,371.33577272,4053.9636282322153,76.91063092,839.6522050386312,5046.59830372,55094.950372599465
2011-08-24 00:00:00+00:00,1.5924043,368.6484598,4007.3725448092846,368.4225,4004.91626139163,5046.82426352,54861.22199745424
2011-08-25 00:00:00+00:00,1.38808124,214.64782223,2049.048217838107,118.98739735,1135.864841078906,5142.4846884,49090.64055043114
2011-08-26 00:00:00+00:00,1.18126116,671.64400943,5458.397242636834,274.405514,2230.0717045821402,5539.72318383,45020.888040453036
2011-08-27 00:00:00+00:00,1.32290185,227.86565512,1958.8465588797242,292.34398418,2513.1343603256287,5475.24485477,47067.92928992295
2011-08-28 00:00:00+00:00,1.38880945,127.67806214,1153.0435213673895,86.04265561,777.0397274950054,5516.8802613,49822.208583307656
2011-08-29 00:00:00+00:00,1.37651145,131.13440579,1175.1160338711302,39.65193427,355.3272190770427,5608.36273282,50257.42047938319
2011-08-30 00:00:00+00:00,1.35371166,1014.71594647,8939.595472199087,569.84804819,5020.33209309717,6053.2306311,53328.65156028002
2011-08-31 00:00:00+00:00,1.26084033,520.39102802,4266.765015602058,490.20344462,4019.2524379030065,6083.4182145,49878.86918739759
2011-09-01 00:00:00+00:00,1.26774835,460.02596019,3787.9833294662794,336.97666971,2774.7608129622513,6206.46750498,51105.80158134622
2011-09-02 00:00:00+00:00,1.32640199,461.77175979,3981.130334518961,538.302269,4640.932336855943,6129.93699577,52848.78861723424
2011-09-03 00:00:00+00:00,1.29992885,182.2413093,1539.8759061604012,96.7584,817.5749474744944,6215.41990507,52518.144186133
2011-09-04 00:00:00+00:00,1.26279873,304.8928625,2501.179634363556,201.4615804,1652.6841523001417,6318.85118717,51836.50995412719
2011-09-05 00:00:00+00:00,1.17142574,579.1124073,4399.709527687491,556.10152429,4224.888197763622,6341.86207018,48181.2349756763
2011-09-06 00:00:00+00:00,1.05875513,718.95936442,4922.37687808228,631.55913098,4323.988555299789,6429.26230362,44018.13742560489
2011-09-07 00:00:00+00:00,1.10898952,1043.27418773,7472.941993845158,363.46881823,2603.5163403344827,7109.06767312,50922.04041503084
2011-09-08 00:00:00+00:00,1.03732633,583.78085875,3898.5936554576733,1013.55959406,6768.7334101558035,6679.28893781,44605.49380065587
2011-09-09 00:00:00+00:00,0.7778049,1028.86359216,5130.713340515463,651.39800419,3248.3766123614955,7056.75452578,35190.46145869631
2011-09-10 00:00:00+00:00,0.74125214,1361.50066627,6457.388881033691,840.60605189,3986.8656015241804,7577.64914016,35939.62787847802
2011-09-11 00:00:00+00:00,0.95191723,1464.80511499,8573.36367650823,1146.90468797,6712.723004333673,7895.54956718,46211.89342706071
2011-09-12 00:00:00+00:00,0.99274325,747.02275358,4549.8387993870765,750.77307805,4572.680636134515,7891.79924271,48066.02505663868
2011-09-13 00:00:00+00:00,0.94859348,3608.13101543,20936.26420361,3135.94965669,18196.420878541034,8363.98060145,48532.1921285492
2011-09-14 00:00:00+00:00,0.9162271,645.20516197,3611.4924138605656,1705.05775928,9543.945904016393,7304.12800414,40884.364279225425
2011-09-15 00:00:00+00:00,0.79879632,2458.64513497,11968.082603056473,2128.76727948,10362.31796168149,7634.00585963,37160.471603147314
2011-09-16 00:00:00+00:00,0.7945909,1450.2759039,7006.526683883205,1577.79170021,7622.576931329249,7506.49006332,36265.115340827055
2011-09-17 00:00:00+00:00,0.78623754,3108.64171532,14844.652128465057,3278.99606352,15658.142800335581,7336.13571512,35032.14349903117
2011-09-18 00:00:00+00:00,0.86238311,3309.78053724,17332.43457312245,2934.03772836,15364.770077559064,7711.878524,40385.04319218725
2011-09-19 00:00:00+00:00,0.91006394,4257.34798536,23502.164588084655,3547.12382929,19581.45971082544,8422.10268007,46493.17933263012
2011-09-20 00:00:00+00:00,1.01350919,4318.61358429,26545.073349763257,3836.80458245,23583.55455564274,8903.91168191,54729.36721079035
2011-09-21 00:00:00+00:00,0.92389277,5591.58644955,31296.486778778602,4328.83278414,24228.769280189492,10166.66534732,56903.51217806416
2011-09-22 00:00:00+00:00,0.90549337,4525.29992422,24776.23781447667,4493.38355751,24601.49414996314,10198.58171403,55837.73233787013
2011-09-23 00:00:00+00:00,0.92077591,2801.15935303,15584.029944465416,2441.20918044,13581.475444275944,10558.53188662,58741.56245794873
2011-09-24 00:00:00+00:00,0.90381871,2914.6681968,15907.937493266605,2363.46685813,12899.541391304088,11109.73322529,60635.69839915732
2011-09-25 00:00:00+00:00,0.88996971,3776.78274999,20172.381620929962,3849.4293304,20560.39825850065,11037.08664488,58950.78920924915
2011-09-26 00:00:00+00:00,0.81318218,6172.40300503,30083.21874983344,4810.39263242,23445.017072888717,12399.09701749,60431.04242765596
2011-09-27 00:00:00+00:00,0.82013287,10420.72478024,51177.82370817142,8740.96636324,42928.265068972505,14078.85543449,69143.4805768439
2011-09-28 00:00:00+00:00,0.79634397,6822.03520303,32496.18700958061,6117.6826,29141.063028604705,14783.20803752,70418.55966609743
2011-09-29 00:00:00+00:00,0.79926256,1440.52777258,6882.353327321239,919.11972771,4391.242457534924,15304.61608239,73120.26704584854
2011-09-30 00:00:00+00:00,0.86045873,2708.2451952,13930.362651359623,4263.06623154,21927.8737085442,13749.79504605,70724.62704367489
2011-10-01 00:00:00+00:00,0.84362417,1423.38114457,7165.401093776425,2209.83219841,11124.45117876905,12963.34399221,65258.38815213664
2011-10-02 00:00:00+00:00,0.84035131,598.95089017,2998.9845994465845,750.75184227,3759.0614688540504,12811.54304011,64148.19796249367
2011-10-03 00:00:00+00:00,0.84387152,2153.67231124,10817.561899315875,1804.64344931,9064.444074068968,13160.57190204,66103.51093697564
2011-10-04 00:00:00+00:00,0.83346608,3007.14355173,14905.82605943593,1706.24493264,8457.524472383202,14461.47052113,71682.69836257501
2011-10-05 00:00:00+00:00,0.82223206,5695.79577485,27824.34472413902,3426.14179243,16736.93265606287,16731.12450355,81732.66637558199
2011-10-06 00:00:00+00:00,0.79686105,6467.98668679,30594.65262710698,5122.8236141,24231.807598403448,18076.28757624,85503.84624511647
2011-10-07 00:00:00+00:00,0.72247318,2622.75652624,11215.000687759388,4583.82984427,19600.620317494126,16115.21425821,68909.23239768419
2011-10-08 00:00:00+00:00,0.67368961,1322.03228893,5263.345008672759,865.731627,3446.696632128828,16571.51492014,65975.39339349925
2011-10-09 00:00:00+00:00,0.6969726,1074.86349869,4419.445998229514,1890.72109001,7773.954334849698,15755.65732882,64781.5065040285
2011-10-10 00:00:00+00:00,0.69210157,1746.85335506,7118.361886792437,3056.213483,12453.955286098488,14446.29720088,58868.11912525329
2011-10-11 00:00:00+00:00,0.68231478,4668.39359712,18715.237448038304,2726.92205512,10932.024625204616,16387.76874288,65697.32754662068
2011-10-12 00:00:00+00:00,0.71047083,1654.35655485,6892.438747895686,3663.1574254,15261.575930805313,14378.96787233,59906.16413822618
2011-10-13 00:00:00+00:00,0.68913751,3199.66406196,12916.983312503795,1886.20880443,7614.589275286434,15692.42312986,63350.01543161508
2011-10-14 00:00:00+00:00,0.68173462,2910.67253345,11602.75828388765,2905.65902274,11582.773021975392,15697.43664057,62574.39163082129
2011-10-15 00:00:00+00:00,0.65700741,2083.1150813,7993.61782741271,1943.89619863,7459.387840594654,15836.65552324,60770.60890854068
2011-10-16 00:00:00+00:00,0.61884987,1918.90017093,6926.733996881815,2314.45725927,8354.592919935823,15441.0984349,55738.3771696595
2011-10-17 00:00:00+00:00,0.44588055,5959.85900884,15383.866528959163,3050.76669522,7874.781531013611,18350.19074852,47366.36971402414
2011-10-18 00:00:00+00:00,0.41992353,3510.10786444,8502.445608266677,4493.97284303,10885.636891670305,17366.32576993,42066.01220724216
2011-10-19 00:00:00+00:00,0.38682853,1927.07334888,4272.812465165064,2150.83021646,4768.9384343803895,17142.56890235,38009.44169223379
2011-10-20 00:00:00+00:00,0.41178781,2550.35487854,6008.951084280926,1653.48804061,3895.822043462792,18039.43574028,42503.138627290245
2011-10-21 00:00:00+00:00,0.4496029,2885.86839564,7416.9481571216365,1816.23728591,4667.897472725302,19109.06685001,49112.06566856078
2011-10-22 00:00:00+00:00,0.55278915,2659.00537923,8390.454616398389,2504.08948873,7901.619671289855,19263.98274051,60787.23051028095
2011-10-23 00:00:00+00:00,0.55184552,4810.98107197,15143.770142859272,2227.59906167,7011.9270177394355,21847.36475081,68770.06270947467
2011-10-24 00:00:00+00:00,0.44332969,6162.46762819,15547.511413588487,5261.08610806,13273.383528825045,22748.74627094,57393.630868638036
2011-10-25 00:00:00+00:00,0.49277864,2892.15977568,8103.611398806174,3576.39528747,10020.787185370644,22064.51075915,61823.07851746874
2011-10-26 00:00:00+00:00,0.49043071,2467.34143902,6853.053773382244,2442.58609114,6784.295664951249,22089.26610703,61353.05233885766
2011-10-27 00:00:00+00:00,0.53782812,2656.77859262,8090.9743221284225,5753.54333675,17521.88591409493,18992.5013629,57839.91231601742
2011-10-28 00:00:00+00:00,0.56150563,2163.56863518,6879.368156180585,1447.97284274,4604.031553882786,19708.09715534,62664.642935202995
2011-10-29 00:00:00+00:00,0.63046202,5723.05646283,20426.669994561726,2530.98616321,9033.567893741803,22900.16745496,81735.02506235284
2011-10-30 00:00:00+00:00,0.57571366,1924.47556321,6268.793864363156,3302.42336988,10757.326179867008,21522.21964829,70106.55840889683
2011-10-31 00:00:00+00:00,0.57758861,1978.7548442,6460.828905250194,1527.35523552,4986.964849717098,21973.61925697,71746.02496338595
2011-11-01 00:00:00+00:00,0.56157774,2547.05332223,8076.725806218797,1782.23168902,5651.470485418015,22738.44089018,72103.77212288044
2011-11-02 00:00:00+00:00,0.57806992,2627.06190526,8553.189639711552,2285.37759269,7440.733661238351,23080.12520275,75144.2847129517
2011-11-03 00:00:00+00:00,0.56292746,3107.03108859,9844.0575071653,2021.77309405,6405.616820943893,24165.38319729,76563.57953752033
2011-11-04 00:00:00+00:00,0.55505983,4758.10863793,14845.861224743543,3948.18405362,12318.800811426587,24975.3077816,77925.91165640089
2011-11-05 00:00:00+00:00,0.53030549,2379.75667934,7086.481318449129,2534.57149272,7547.491594147074,24820.49296822,73910.9007492187
2011-11-06 00:00:00+00:00,0.52799021,1704.8905089,5051.114192003914,1127.59699025,3340.7548054141635,25397.78648687,75246.54463123587
2011-11-07 00:00:00+00:00,0.5382165,1746.78549858,5271.375366434282,2164.1389729,6530.847021892071,24980.43301255,75384.89375613912
2011-11-08 00:00:00+00:00,0.54611468,5701.29852995,17426.401576901048,4372.15637263,13363.78937293178,26309.57516987,80416.9821698216
2011-11-09 00:00:00+00:00,0.53811177,3429.82849957,10013.614870756448,2690.81274883,7856.00870699022,27048.59092061,78970.17950302335
2011-11-10 00:00:00+00:00,0.52701216,3808.82035561,10880.665052519276,5177.78088018,14791.377437793148,25679.63039604,73359.05370287677
2011-11-11 00:00:00+00:00,0.56660138,4659.63564731,14295.11789438448,4779.72968431,14663.549794917015,25559.53635904,78413.12352162444
2011-11-12 00:00:00+00:00,0.55904007,2405.27643916,7277.219178196286,1738.53688394,5259.983321596151,26226.27591426,79348.20087564351
2011-11-13 00:00:00+00:00,0.55219421,1573.8100451,4699.9843032014105,2790.05517313,8332.146283857071,25010.03078623,74689.28825549345
2011-11-14 00:00:00+00:00,0.4125825,11965.34717642,26613.617914214577,4375.72136348,9732.586505823847,32599.65659917,72508.9537372284
2011-11-15 00:00:00+00:00,0.43137161,4279.11673374,9937.752731757128,3895.71119864,9047.33780716107,32983.06213427,76599.33958849382
2011-11-16 00:00:00+00:00,0.50419206,4988.37038425,12704.28657008734,5365.46574455,13664.665842770763,32605.96677397,83040.25440836253
2011-11-17 00:00:00+00:00,0.45379982,7523.98759615,17147.888798759763,4906.38149238,11182.11362797519,35223.57287774,80277.89826654762
2011-11-18 00:00:00+00:00,0.42341662,5361.39664637,11286.093810021666,6448.10307285,13573.682563879422,34136.86645126,71860.3570228207
2011-11-19 00:00:00+00:00,0.44318529,5126.90137944,11296.905306533376,9201.69406436,20275.53463806231,30062.07376634,66240.47851169293
2011-11-20 00:00:00+00:00,0.44369635,1612.8875787,3551.5615285316726,4143.18031598,9123.239592349319,27531.78102906,60624.693007791495
2011-11-21 00:00:00+00:00,0.45948528,6005.14041057,13690.994507362248,8650.62977977,19722.390602489442,24886.29165986,56737.73785939131
2011-11-22 00:00:00+00:00,0.46857456,4053.77828938,9414.732235026866,6580.76920078,15283.563999582044,22359.30074846,51928.55022699882
2011-11-23 00:00:00+00:00,0.4707238,2886.19199718,6725.761231371089,4369.25600543,10181.780241913575,20876.23674021,48648.386476512176
2011-11-24 00:00:00+00:00,0.49214464,4530.1069566,11048.382725529484,4881.35164073,11905.02600961842,20524.99205608,50057.97210673835
2011-11-25 00:00:00+00:00,0.50383539,2317.09016648,5783.830113822047,3176.95105503,7930.181331758648,19665.13116753,49087.33353773967
2011-11-26 00:00:00+00:00,0.50116148,1631.95432197,4033.864642493964,2203.47189215,5446.541754761536,19093.61359735,47195.59349848519
2011-11-27 00:00:00+00:00,0.50265443,2397.38067986,5939.6663471006805,1290.47919583,3197.246025838756,20200.51508138,50048.08816177633
2011-11-28 00:00:00+00:00,0.52129794,4317.90961167,10972.845710501237,2897.71830756,7363.7984026842805,21620.70638549,54943.409347625304
2011-11-29 00:00:00+00:00,0.56397222,5404.1799246,14903.098778624013,8994.62338718,24804.459267811486,18030.26292291,49722.02870624791
2011-11-30 00:00:00+00:00,0.60468486,3357.98895253,9959.9347438087,4332.70733276,12850.989955103349,17055.54454268,50587.45370118896
2011-12-01 00:00:00+00:00,0.62781131,3800.61533873,11715.736746788329,3989.92866274,12299.312002131517,16866.23121867,51991.666416425614
2011-12-02 00:00:00+00:00,0.63153668,4158.73093258,12893.739086266365,3342.68806913,10363.677888484946,17682.27408212,54822.16381939963
2011-12-03 00:00:00+00:00,0.57397228,2823.70915766,7917.274387113531,2005.56298959,5623.310193314064,18500.42025019,51872.51774862234
2011-12-04 00:00:00+00:00,0.57735261,3774.19514756,10642.075321964556,3829.21720659,10797.220690360622,18445.39819116,52010.37816522519
2011-12-05 00:00:00+00:00,0.58900798,3666.96477734,10541.77650773124,3871.80298954,11130.644627381413,18240.55997896,52437.893012309745
2011-12-06 00:00:00+00:00,0.6191175,8750.44684745,26473.25582514373,6059.56013924,18332.353598684116,20931.44668717,63325.17099984303
2011-12-07 00:00:00+00:00,0.61474353,7654.11820183,22851.388422939628,10380.17977725,30990.051856420367,18205.38511175,54352.22132816513
2011-12-08 00:00:00+00:00,0.61605341,2918.79053946,8732.672449123836,4927.38379288,14742.143402418744,16196.79185833,48458.86544897444
2011-12-09 00:00:00+00:00,0.60914874,2980.00640103,8808.278937295892,2946.95143421,8710.575332393237,16229.84682515,47972.05062918527
2011-12-10 00:00:00+00:00,0.63235376,3891.26657921,11942.200889269907,2343.42988891,7191.928369236606,17777.68351545,54559.271015163344
2011-12-11 00:00:00+00:00,0.66826403,4607.12243767,14969.779411797848,9223.31346779,29969.02511853112,13161.49248533,42765.22751478428
2011-12-12 00:00:00+00:00,0.65547484,3065.04188402,9769.316366141382,3933.69079158,12537.991741606942,12292.84357777,39181.41496755508
2011-12-13 00:00:00+00:00,0.66660548,2638.8553783,8552.763578403148,2005.46978613,6499.904877489138,12926.22916994,41895.05152873394
2011-12-14 00:00:00+00:00,0.65014649,3395.24464809,10712.290568268725,2380.11501463,7509.468761539411,13941.3588034,43986.193013374046
2011-12-15 00:00:00+00:00,0.6600436,3552.90383254,11380.443197123675,2928.5957238,9380.6978327973,14565.66691214,46655.849056102146
2011-12-16 00:00:00+00:00,0.66134284,3847.86389761,12348.325395818341,4876.12964236,15648.17184242294,13537.40116739,43443.38549305044
2011-12-17 00:00:00+00:00,0.65825176,3827.63643946,12219.888961746225,1872.0565,5976.6184489931975,15492.98110685,49461.98830703174
2011-12-18 00:00:00+00:00,0.65885831,1735.8958952,5544.470252365629,1035.32557669,3306.8410826615996,16193.55142536,51722.37828681373
2011-12-19 00:00:00+00:00,0.72601344,4139.79321382,14595.974944769672,9814.67726927,34604.333142784395,10518.66736991,37086.44307909826
2011-12-20 00:00:00+00:00,0.81110758,6390.60932546,25259.208176259548,3538.83667201,13987.4318156114,13370.44002336,52847.34377561611
2011-12-21 00:00:00+00:00,0.79739555,5756.65879383,22387.607195963654,4316.57534163,16787.132369869076,14810.52347556,57598.0258362395
2011-12-22 00:00:00+00:00,0.79956455,4368.47425061,17050.418945591846,3297.84652206,12871.69423318319,15881.15120411,61985.092696965075
2011-12-23 00:00:00+00:00,0.80606997,2133.8856815,8403.167289878562,1772.23785101,6979.0107636053835,16242.7990346,63963.57533439957
2011-12-24 00:00:00+00:00,0.80659692,1155.94990127,4553.771141257763,1685.88994286,6641.427072832443,15712.85899301,61899.537125622
2011-12-25 00:00:00+00:00,0.86693708,3079.07335206,13036.386679754974,2678.8012005,11341.68767513965,16113.13114457,68220.85225143546
2011-12-26 00:00:00+00:00,0.81869415,4777.53590661,19105.94877819077,3070.71663288,12280.17033194283,17819.9504183,71264.15511621439
2011-12-27 00:00:00+00:00,0.83793425,3004.26311077,12304.015286860475,3582.60744132,14672.635218532321,17241.60608775,70613.31749313074
2011-12-28 00:00:00+00:00,0.86007177,3658.72699166,15393.346983771693,3878.84334655,16319.441615961641,17021.48973286,71614.44355806973
2011-12-29 00:00:00+00:00,0.85308817,2392.5754807,9985.06021008979,5371.83514002,22418.560143432896,14042.23007354,58603.17214619632
2011-12-30 00:00:00+00:00,0.88040913,3143.0898381,13548.713347154635,1920.11221629,8276.903096288557,15265.20769535,65802.73994780288
2011-12-31 00:00:00+00:00,0.96110917,8381.56954666,39513.2863807642,2869.48140434,13527.614352272014,20777.29583767,97950.53731659001
2012-01-01 00:00:00+00:00,1.07623657,8274.67425498,43813.09921368308,2914.1846899,15430.149757102865,26137.78540275,138395.4642549746
2012-01-02 00:00:00+00:00,1.05930034,5248.13430668,27315.898226435234,5571.55342668,28999.25525393326,25814.36628275,134360.6243578773
2012-01-03 00:00:00+00:00,0.99064729,5574.47385605,27150.524131556067,6261.59749439,30497.16587853737,25127.24264441,122382.45714187081
2012-01-04 00:00:00+00:00,1.13112076,3851.14773223,21511.38002342685,5417.92019261,30262.91077448369,23560.47018403,131601.86596264763
2012-01-05 00:00:00+00:00,1.37524885,14183.34219073,97496.3066616243,8160.37861158,56094.449734813505,29583.43376318,203356.54964060325
2012-01-06 00:00:00+00:00,1.3299183,9444.58164027,63121.12963403417,8440.28280797,56409.08253661449,30587.73259548,204427.50223452674
2012-01-07 00:00:00+00:00,1.34825017,3939.78005439,26775.643443500423,3005.67785384,20427.271931276897,31521.83479603,214229.5756441927
2012-01-08 00:00:00+00:00,1.40190243,6123.95056936,43459.53727625913,3796.13466008,26939.841185342477,33849.65070531,240219.14284809638
2012-01-09 00:00:00+00:00,1.23859081,8690.18955696,54648.590232447146,3741.70837882,23529.876606624806,38798.13188345,243983.53996605016
2012-01-10 00:00:00+00:00,1.28528776,3980.93493968,25989.43245973038,2544.63575309,16612.589766378784,40234.43107004,262669.4594849461
2012-01-11 00:00:00+00:00,1.35196805,3789.78161805,26108.289602261793,3547.07724286,24436.26816308004,40477.13544523,278852.15587113495
2012-01-12 00:00:00+00:00,1.3223058,4074.50888772,27598.947517296234,4083.97173163,27663.044697995378,40467.67260132,274110.3782193316
2012-01-13 00:00:00+00:00,1.2583872,4691.46792295,30280.46461089718,3123.0033442,20157.015628553727,42036.13718007,271316.73607597523
2012-01-14 00:00:00+00:00,1.3151655,5514.79443273,37289.535201686536,12289.02958531,83095.0649032869,35261.90202749,238431.36003921594
2012-01-15 00:00:00+00:00,1.36849062,3162.12950736,22283.281757216795,1715.47824207,12088.842322063942,36708.55329278,258682.33227605736
2012-01-16 00:00:00+00:00,1.30213368,5994.25095551,40255.03767216307,5860.73199066,39358.37668818402,36842.07225763,247416.90290563868
2012-01-17 00:00:00+00:00,1.08841281,9557.33255416,53517.4491567961,4824.41707919,27014.91177413802,41574.9877326,232804.21389181196
2012-01-18 00:00:00+00:00,1.14730395,5287.18511886,31195.615064462712,5929.75933776,34986.95157576579,40932.4135137,241510.7069124372
2012-01-19 00:00:00+00:00,1.22398742,3103.50708808,19600.83939742803,5001.77587417,31589.747607822825,39034.14472761,246528.19539560963
2012-01-20 00:00:00+00:00,1.25883339,3354.74958961,21810.877579638796,4998.78588817,32499.566403218992,37390.10842905,243091.49039354554
2012-01-21 00:00:00+00:00,1.19649675,3497.2275437,21614.853783800445,2690.80681296,16630.71535832948,38196.52915979,236076.25827058675
2012-01-22 00:00:00+00:00,1.2195885,1215.03355305,7658.316664297592,768.40354277,4843.222347011711,38643.15917007,243566.56578772937
2012-01-23 00:00:00+00:00,1.23243877,2599.18220582,16569.46446403035,6630.73150211,42270.0916267918,34611.60987378,220644.72377593513
2012-01-24 00:00:00+00:00,1.21229511,4115.93715497,25825.35085450481,3926.81919073,24638.73463674011,34800.72783802,218356.34815846692
2012-01-25 00:00:00+00:00,1.12369377,7558.53965453,43918.63066154296,4615.5492776,26818.48786776928,37743.71821495,219308.55639320126
2012-01-26 00:00:00+00:00,1.04093223,10161.06656423,54536.75034911609,4655.2520405,24985.79423135595,43249.53273868,232130.05788079437
2012-01-27 00:00:00+00:00,1.03027298,5089.6315082,26991.014169959322,5007.34313272,26554.627625073852,43331.82111416,229794.592362555
2012-01-28 00:00:00+00:00,1.09958449,7439.77742942,42107.62830164041,3794.15896727,21474.168686736644,46977.43957631,265882.76101107034
2012-01-29 00:00:00+00:00,1.04861043,1866.10239327,10060.959413479015,1982.2157352,10686.976305550015,46861.32623438,252649.5346698166
2012-01-30 00:00:00+00:00,1.07087848,2025.64960141,11148.125995357814,1749.2357361,9626.887280036666,47137.74009969,259421.7012665912
2012-01-31 00:00:00+00:00,1.07878577,3368.72560664,18656.744525450762,5818.01734899,32221.461763105974,44688.44835734,247494.47167745832
2012-02-01 00:00:00+00:00,1.18086101,4580.54381375,27827.86934235643,6024.07560213,36597.66079768366,43244.91656896,262722.92918357934
2012-02-02 00:00:00+00:00,1.18457113,4643.49098607,28323.311840004128,4058.0084539,24752.11844579428,43830.39910113,267346.71511956875
2012-02-03 00:00:00+00:00,1.15560669,2644.45061537,15738.741179743602,2975.53847022,17709.247274640587,43499.31124628,258890.97615329124
2012-02-04 00:00:00+00:00,1.14466214,2900.71620105,17100.920694372337,2735.30167445,16125.733704324914,43664.72577288,257421.60240055335
2012-02-05 00:00:00+00:00,1.10288002,4278.90828209,24296.13636866938,4182.67028739,23749.685898378768,43760.96376758,248479.81616521135
2012-02-06 00:00:00+00:00,1.066879,4578.82418374,25104.154782131667,2700.31040902,14804.894826179816,45639.4775423,250225.9231673919
2012-02-07 00:00:00+00:00,1.10174851,3447.55611941,19520.15824600842,4991.07290054,28259.59301645196,44095.96076117,249672.55129558942
2012-02-08 00:00:00+00:00,1.09353017,5460.31122778,30678.912559168228,6176.4665119,34702.65121137624,43379.80547705,243730.65994724006
2012-02-09 00:00:00+00:00,1.1353915,4089.68123994,23866.152215555794,4010.4759804,23403.934094008022,43459.01073659,253613.7426182749
2012-02-10 00:00:00+00:00,1.15551803,4590.84968948,27259.704088798582,3622.20956947,21508.079699849834,44427.6508566,263804.02270337736
2012-02-11 00:00:00+00:00,1.09013106,3911.05375646,21949.35327765999,3499.52928797,19639.823288109554,44839.17532509,251643.40895691316
2012-02-12 00:00:00+00:00,1.07230709,5253.03882341,28992.031701511194,4281.30118325,23628.91724221577,45810.91296525,252834.88007833366
2012-02-13 00:00:00+00:00,1.04822456,5451.77993459,29158.052069584784,8459.06516498,45242.07974272294,42803.62773486,228928.97755126137
2012-02-14 00:00:00+00:00,0.88628318,166679.63091304,747333.8091561667,8657.42120787,38816.88202274929,200825.83744003,900433.5877689605
2012-02-15 00:00:00+00:00,0.85881942,9436.55056285,40817.991229508116,157006.81017764,679136.1481211007,53255.57782524,230358.08414473356
2012-02-16 00:00:00+00:00,0.84731155,6611.00811504,28131.419857949364,3524.80764181,14998.899103554579,56341.77829847,239747.73488054774
2012-02-17 00:00:00+00:00,0.87548728,3773.42311858,16571.13242236172,3950.86858033,17350.390976730498,56164.33283672,246647.82283973647
2012-02-18 00:00:00+00:00,0.85418126,3610.32973622,15416.401412651276,3063.46782546,13081.256606074,56711.19474748,242161.41092241686
2012-02-19 00:00:00+00:00,0.87896592,3789.65210471,16634.872922344326,2597.21799469,11400.622035884819,57903.6288575,254170.95848718067
2012-02-20 00:00:00+00:00,0.8748865,4398.75750725,19201.174481511407,9087.73045553,39669.17881469372,53214.65590922,232289.20698684308
2012-02-21 00:00:00+00:00,0.86595781,11160.17034466,48157.42517507656,3772.04121248,16276.793887310936,60602.7850414,261508.023256018
2012-02-22 00:00:00+00:00,0.88771358,6475.72963328,28618.258587754077,4723.96631676,20876.672941702534,62354.54835792,275564.0970337609
2012-02-23 00:00:00+00:00,1.01031089,8365.57143072,42158.423696321,6596.61498508,33243.74094532923,64123.50480356,323151.37188050867
2012-02-24 00:00:00+00:00,1.0069634,5632.99096924,28309.20875388992,6566.38616245,33000.087812413316,63190.10961035,317568.76833444246
2012-02-25 00:00:00+00:00,0.9562508,3351.80232184,15996.702428987192,2972.56730139,14186.777740630492,63569.3446308,303388.98062055354
2012-02-26 00:00:00+00:00,0.987122,3882.34310212,19126.05601115062,2113.45879644,10411.787483671247,65338.22893648,321883.61343594425
2012-02-27 00:00:00+00:00,0.99206546,4623.88210464,22899.848978423997,7773.49554866,38498.359186133406,62188.61549246,307990.0980878251
2012-02-28 00:00:00+00:00,0.97277124,3708.3545425,18012.43393612786,3404.99445274,16538.935781343538,62491.97558222,303539.63430745865
2012-02-29 00:00:00+00:00,0.98303424,4935.86197564,24051.215300098957,5235.34363558,25510.514185926088,62192.49392228,303048.3973735714
2012-03-01 00:00:00+00:00,0.99267825,7612.15801161,37467.59074947472,48631.51794058,239367.83878426178,21173.13399331,104215.69259797108
2012-03-02 00:00:00+00:00,0.95273137,7941.71667481,37443.79310032917,5419.67318305,25552.802957728483,23695.17748507,111718.58170673982
2012-03-03 00:00:00+00:00,0.93570447,3624.37199545,16774.29401383341,4567.64716848,21139.953804886463,22751.90231204,105300.20076175705
2012-03-04 00:00:00+00:00,0.97707036,6746.14697532,32611.849172736293,2722.41217253,13160.533780448553,26775.63711483,129437.29839970407
2012-03-05 00:00:00+00:00,1.00656035,5000.80307488,24915.96575387033,5799.4765337,28895.270727594332,25976.96365601,129427.43938346555
2012-03-06 00:00:00+00:00,1.00730295,5061.67341211,25246.823957394838,8376.80550519,41782.1769000121,22661.83156293,113033.6205912832
2012-03-07 00:00:00+00:00,0.99924077,3741.43979589,18516.807900683758,4383.54585053,21694.66324896327,22019.72550829,108978.1072277822
2012-03-08 00:00:00+00:00,0.99664788,3021.57991201,14911.434908370367,2160.37508511,10661.406746596163,22880.93033519,112916.92203142152
2012-03-09 00:00:00+00:00,0.98421823,4854.58634092,23652.990579161728,4563.32700241,22233.88833108752,23172.1896737,112901.80986804843
2012-03-10 00:00:00+00:00,0.97883044,3934.37585436,19047.980918299414,4149.89126087,20091.382337676463,22956.67426719,111142.98927604154
2012-03-11 00:00:00+00:00,0.98947911,2128.70007127,10413.66195220122,3511.14159138,17176.60561599496,21574.23274708,105541.76689258181
2012-03-12 00:00:00+00:00,0.99347632,5837.00534635,28664.59571210063,5842.51966164,28691.675628776695,21568.71843179,105920.5118360913
2012-03-13 00:00:00+00:00,1.06881595,13133.93622851,69490.08417423473,6962.57140427,36838.13173247993,27740.08325603,146769.4594311648
2012-03-14 00:00:00+00:00,1.08718901,6259.04764521,33739.66729961453,4733.02836391,25513.594298994096,29266.10253733,157760.1927222251
2012-03-15 00:00:00+00:00,1.07616655,6971.75789226,37234.9102529803,6942.48748974,37078.58227548257,29295.37293985,156461.340037914
2012-03-16 00:00:00+00:00,1.07471861,5058.63233437,27010.945691310513,4747.62506003,25350.299089318145,29606.38021419,158085.481454815
2012-03-17 00:00:00+00:00,1.05459511,5320.82407362,27859.853760012702,3443.87760703,18032.155390163443,31483.32668078,164846.81039425748
2012-03-18 00:00:00+00:00,1.06154819,5650.56841482,29779.33739823283,10937.22921634,57640.82745745746,26196.66587926,138060.33210414782
2012-03-19 00:00:00+00:00,0.94459498,8753.76505775,40956.00031016917,5694.86366443,26644.40231923658,29255.56727258,136877.21961753623
2012-03-20 00:00:00+00:00,0.97583693,4858.89309378,23472.487574950228,4848.03210187,23420.019967052976,29266.42826449,141381.14598174725
2012-03-21 00:00:00+00:00,0.97521983,7269.15443556,35017.185367596045,5736.92251681,27636.072529692403,30798.66018324,148364.2151601957
2012-03-22 00:00:00+00:00,0.958695,10133.51314113,47927.54993749192,8141.06496617,38504.050103493435,32791.1083582,155089.10497826507
2012-03-23 00:00:00+00:00,0.95107358,6714.24663403,31500.84940591831,3597.56051901,16878.470261076945,35907.79447322,168466.55892362547
2012-03-24 00:00:00+00:00,0.94428539,4270.16449109,19864.746565797104,3260.66278898,15168.558512152102,36917.29617533,171738.7547827709
2012-03-25 00:00:00+00:00,0.92514492,4417.5189316,20109.74006599846,3604.37419256,16408.08545142369,37730.44091437,171759.16416246785
2012-03-26 00:00:00+00:00,0.94207727,9130.4697148,42298.931202602056,7013.11984719,32489.83712755142,39847.79078198,184603.75134156755
2012-03-27 00:00:00+00:00,0.97836225,9636.21100035,46363.09451937632,8800.77175003,42343.511622491205,40683.2300323,195740.88189564808
2012-03-28 00:00:00+00:00,0.97414873,6582.59029868,31534.487253999305,7799.57105703,37364.542364712506,39466.24927395,189066.59509738948
2012-03-29 00:00:00+00:00,0.97547676,12122.81701844,58117.59182875814,8243.64964371,39520.60518967376,43345.41664868,207800.81301265166
2012-03-30 00:00:00+00:00,1.00380823,9456.4078209,45971.46945956058,6823.35039877,33171.09947137216,45978.47407081,223520.18404619436
2012-03-31 00:00:00+00:00,1.00947443,5687.06830252,27808.495061820824,4601.1978821,22498.830992787836,47064.34449123,230134.14324429084
2012-04-01 00:00:00+00:00,0.98982662,4151.76203172,19900.747553021683,2788.75124774,13367.392963622257,48427.35527521,232128.0855283478
2012-04-02 00:00:00+00:00,1.02854689,13653.16361643,68034.33522835844,12040.09710642,59996.35144886323,50040.42178522,249353.6975274527
2012-04-03 00:00:00+00:00,1.02616999,5673.32675336,28118.33036899835,4762.26856827,23602.913551419693,50951.47997031,252527.41625468456
2012-04-04 00:00:00+00:00,1.01818959,10691.91724343,52581.16157993859,40197.23855809,197683.6752069934,21446.15865565,105468.8235858411
2012-04-05 00:00:00+00:00,1.01855009,5997.22994676,29511.464454921832,6230.15809467,30657.668755677456,21213.23050774,104387.10932560568
2012-04-06 00:00:00+00:00,1.02383214,5221.26038571,25840.5785803865,4258.47220011,21075.636415395922,22176.01869334,109751.49893189031
2012-04-07 00:00:00+00:00,0.9749089,4852.06613467,22851.833663952497,4130.7777583,19454.77320701158,22897.30706971,107839.71981969771
2012-04-08 00:00:00+00:00,0.98932901,4333.86298478,20710.746121564465,2987.48328112,14276.64141551895,24243.68677337,115856.18732694772
2012-04-09 00:00:00+00:00,1.00365621,12668.46773953,61474.3399515464,4875.01568151,23656.24457795587,32037.13883139,155461.73413303602
2012-04-10 00:00:00+00:00,1.00159858,10378.64547057,50247.356781079994,12690.85766363,61441.741573170635,29724.92663833,143910.78280136755
2012-04-11 00:00:00+00:00,1.01641869,7150.929098,35148.60937705088,5774.81427916,28384.660026901936,31101.04145717,152869.41632567334
2012-04-12 00:00:00+00:00,1.01283392,14035.31127788,68789.28021922457,22860.44420416,112042.65236171099,22275.90853089,109177.7505842866
2012-04-13 00:00:00+00:00,1.01932475,18064.61072951,89138.1368215552,20048.61466233,98928.01918693125,20291.90459807,100128.51068403687
2012-04-14 00:00:00+00:00,1.0235231,6624.88143965,32835.32825090836,6547.70287574,32452.803144156795,20369.08316198,100956.60396135307
2012-04-15 00:00:00+00:00,1.0239991,2275.41752999,11289.712386796491,1763.66340085,8750.592926478586,20880.83729112,103602.3693696671
2012-04-16 00:00:00+00:00,1.02128074,12471.2947402,61742.44413255257,13296.89712681,65829.807176476,20055.23490451,99288.74639338924
2012-04-17 00:00:00+00:00,1.02477367,6613.35780589,32860.08527479564,5851.41855423,29074.203802986758,20817.17415617,103435.21975217863
2012-04-18 00:00:00+00:00,1.05577307,18535.45474981,94982.66621596606,11115.64643742,56960.76786845376,28236.98246856,144696.9560207209
2012-04-19 00:00:00+00:00,1.05634217,17014.73400846,87301.00951369267,16034.14772281,82269.71295566464,29217.56875421,149912.61376816095
2012-04-20 00:00:00+00:00,1.10253174,9332.30829746,50081.98149799245,8598.70047025,46145.06337891215,29951.17658142,160733.4673889893
2012-04-21 00:00:00+00:00,1.08513311,5813.26362336,30708.8577241782,4633.84371983,24478.512712982443,31130.59648495,164448.94301431716
2012-04-22 00:00:00+00:00,1.06645583,5016.34268271,26062.955162985858,3632.99237282,18875.60785004512,32513.94679484,168929.7544217659
2012-04-23 00:00:00+00:00,1.05038086,14033.81055695,71725.23666008122,13694.550378,69991.31581757138,32853.20697379,167909.06758184437
2012-04-24 00:00:00+00:00,1.04562838,8213.72021072,41790.31816279684,6856.83181913,34886.65013646883,34210.09536538,174056.42425377076
2012-04-25 00:00:00+00:00,1.05274593,7664.05347102,39460.8030177422,10463.31038204,53873.662476447484,31410.83845436,161728.63531765764
2012-04-26 00:00:00+00:00,1.04365008,11441.03766885,58319.76606273487,11567.48500421,58964.32114863667,31284.391119,159469.6586344314
2012-04-27 00:00:00+00:00,1.04332334,4745.43132037,24182.183387647325,5295.37112613,26984.614681504627,30734.45131324,156619.30134467498
2012-04-28 00:00:00+00:00,1.01826429,7463.14513325,37097.32905926994,14067.57782139,69926.22469338638,24130.0186251,119943.96801336613
2012-04-29 00:00:00+00:00,1.00664344,4994.94618183,24488.25400818827,3030.85184082,14859.072958418354,26094.11296611,127929.15942857071
2012-04-30 00:00:00+00:00,1.0154865,4500.5544208,22242.265657592223,3789.43104558,18727.81087089612,26805.23634133,132474.60911991986
2012-05-01 00:00:00+00:00,1.02469896,7071.39560814,35266.02028669147,4882.90075964,24351.696155868103,28993.73118983,144595.71617665046
2012-05-02 00:00:00+00:00,1.03816859,16874.83762239,85275.9347817569,17643.66963794,89161.17920800121,28224.89917428,142632.75979699017
2012-05-03 00:00:00+00:00,1.05122986,6226.01213868,31870.165303363956,5596.30948739,28646.797416896312,28854.60182557,147703.04160355064
2012-05-04 00:00:00+00:00,1.04434248,7276.17819995,37003.0558112339,8480.06930885,43125.452579028984,27650.71071667,140617.8853448441
2012-05-05 00:00:00+00:00,1.0384012,7605.58822978,38458.718354625635,8986.18992741,45439.92352179073,26270.10901904,132838.47263156326
2012-05-06 00:00:00+00:00,1.03909745,10747.08494902,54249.14371251285,2661.05501901,13432.475581794011,34356.13894905,173422.94474224176
2012-05-07 00:00:00+00:00,1.04315667,8772.99943322,44457.66474932471,8423.77134373,42687.931895495596,34705.36703854,175871.38635381963
2012-05-08 00:00:00+00:00,1.034375,10966.04128451,55087.540184346224,11413.81181613,57336.900415081946,34257.59650692,172091.88578012903
2012-05-09 00:00:00+00:00,1.03787929,18797.79990662,94765.46588357851,12139.55034091,61199.19083021795,40915.84607263,206269.30993813087
2012-05-10 00:00:00+00:00,1.01481717,20384.90626863,100446.39569192773,15156.42995571,74683.13763851067,46144.32238555,227375.62803551406
2012-05-11 00:00:00+00:00,1.02276513,12661.70301613,62849.02159328784,33556.65136074,166565.4851707451,25249.37404094,125330.56985260651
2012-05-12 00:00:00+00:00,1.01650991,5643.6459667,27916.47669692891,4245.84248009,21002.196692286598,26647.17752755,131811.12261046984
2012-05-13 00:00:00+00:00,1.01723564,5477.2590717,27083.923565957542,5410.44523442,26753.542833852025,26713.99136483,132095.21236725867
2012-05-14 00:00:00+00:00,1.03132782,8534.44103997,42769.80440168717,7349.24003677,36830.245519489356,27899.19236803,139815.01482724887
2012-05-15 00:00:00+00:00,1.03590742,15186.06311843,76441.18083520453,17646.21466969,88824.69907461223,25439.04081677,128050.98360146317
2012-05-16 00:00:00+00:00,1.04782389,9003.43181007,45807.52089164345,7988.52122028,40643.87451482992,26453.95140656,134592.0041696963
2012-05-17 00:00:00+00:00,1.04954557,7469.14240261,38015.407917133605,5671.5960475,28866.505103929147,28251.49776167,143790.56574213642
2012-05-18 00:00:00+00:00,1.05722248,4898.80657264,25073.568944490984,7902.6170038,40447.97632822302,25247.68733051,129225.27549997535
2012-05-19 00:00:00+00:00,1.05598806,4044.96367285,20680.06208217244,2932.81046413,14994.127853494445,26359.84053923,134765.89233330727
2012-05-20 00:00:00+00:00,1.05630265,4083.6312298,20802.838165596986,4191.04405801,21350.020699087196,26252.42771102,133735.14266936632
2012-05-21 00:00:00+00:00,1.05927394,15395.9603451,78430.42927873321,16306.51392936,83068.99075161527,25341.87412676,129097.11521321142
2012-05-22 00:00:00+00:00,1.05870456,5167.31324092,26297.176315059958,6610.63630009,33642.44825754966,23898.55106759,121623.05279309629
2012-05-23 00:00:00+00:00,1.0665583,6654.39970099,34129.477129024235,8407.25175845,43119.608003901485,22145.69901013,113582.16545964922
2012-05-24 00:00:00+00:00,1.06748348,5194.13479344,26589.595430195764,3585.88610971,18356.71670214788,23753.94769386,121600.20564877646
2012-05-25 00:00:00+00:00,1.07106937,13763.44466866,70706.62507448456,13401.49992172,68847.21472077859,24115.8924408,123890.01490527696
2012-05-26 00:00:00+00:00,1.0671858,7234.0262584,36922.316696186135,5959.325278,30416.269909776292,25390.5934212,129593.0506629092
2012-05-27 00:00:00+00:00,1.07321035,13933.29984478,71542.14619692258,11546.39677907,59286.31520302611,27777.49648691,142626.78165183752
2012-05-28 00:00:00+00:00,1.07353739,10983.45495574,56414.598878192985,9708.00947497,49863.495834697525,29052.94196768,149225.3643268717
2012-05-29 00:00:00+00:00,1.07601639,7016.70208737,36125.28509227981,10595.266237,54549.417756981704,25474.37781805,131154.08774187253
2012-05-30 00:00:00+00:00,1.07393,8645.79559135,44424.38516007848,9813.81390478,50425.972276220025,24306.35950462,124892.50585023005
2012-05-31 00:00:00+00:00,1.08799952,10889.68253986,56426.411599967214,8009.87741241,41504.29896221177,27186.16463207,140868.91052504224
2012-06-01 00:00:00+00:00,1.10502904,17874.14325556,94142.1072501173,5628.01794983,29642.454010973033,39432.2899378,207687.65335297096
2012-06-02 00:00:00+00:00,1.09982963,3778.78390942,19814.578907485095,14774.68568096,77473.11893884043,28436.38816626,149110.15571957332
2012-06-03 00:00:00+00:00,1.09327409,3627.81916863,18910.751064285865,2112.53211538,11012.006688400308,29951.67521951,156129.2467199765
2012-06-04 00:00:00+00:00,1.10255401,3279.10411658,17244.040771108856,6603.36032926,34725.52584357813,26627.41900683,140027.36194362407
2012-06-05 00:00:00+00:00,1.13624416,7165.47969683,38879.99526450582,10678.7772798,57943.19817178692,23114.12142386,125417.55325892041
2012-06-06 00:00:00+00:00,1.13951888,9384.59171497,51110.07643579376,7825.73731641,42620.29127704436,24672.97582242,134373.20647320338
2012-06-07 00:00:00+00:00,1.16734111,15005.15567526,83836.35277956715,7809.68235775,43634.021493038985,31868.44913993,178054.43691850072
2012-06-08 00:00:00+00:00,1.17328064,10358.394356,58240.37371344241,5360.02257491,30136.882913173213,36866.82092102,207284.77351541005
2012-06-09 00:00:00+00:00,1.15906527,19452.02136054,108094.92813025624,16290.65527077,90527.20938610868,40028.18701079,222436.7287038433
2012-06-10 00:00:00+00:00,1.13827143,5443.48479186,29709.960639845,14283.10148119,77955.6477232426,31188.57032146,170223.89739183933
2012-06-11 00:00:00+00:00,1.16358167,15002.33677113,83818.01025709562,19630.55199925,109675.8347667496,26560.35509334,148392.62373644146
2012-06-12 00:00:00+00:00,1.19076668,20180.01530193,115580.86204854396,9211.83172406,52760.686044234644,37528.53867121,214944.3786906211
2012-06-13 00:00:00+00:00,1.22631584,13987.71331792,82657.61282634134,14809.58540737,87514.30265251202,36706.66658176,216910.75342341195
2012-06-14 00:00:00+00:00,1.23632319,11741.49659002,70003.07486174574,12397.89477648,73916.53606608062,36050.2683953,214932.5358921655
2012-06-15 00:00:00+00:00,1.34544986,9119.20819012,59488.06688152669,6406.48917976,41791.96799281812,38762.98740566,252865.72465951508
2012-06-16 00:00:00+00:00,1.32650659,16798.3563545,108251.26723072783,15996.01255673,103080.83680108342,39565.33120343,254965.25676617236
2012-06-17 00:00:00+00:00,1.27481556,8054.29529224,49936.360896494785,7314.51315884,45349.7364609798,40305.11333683,249890.35198414157
2012-06-18 00:00:00+00:00,1.29624188,7844.06612102,49502.682860101435,7365.78625796,46484.33293620339,40783.39319989,257377.65954354894
2012-06-19 00:00:00+00:00,1.33207309,11708.60398735,76045.3539835848,10666.30564641,69275.80687285152,41825.69154083,271650.6188327
2012-06-20 00:00:00+00:00,1.37148675,9116.4185714,61021.21315118477,7608.76309755,50929.64426283094,43333.34701468,290053.97064945963
2012-06-21 00:00:00+00:00,1.36507314,10903.79488961,72752.98179105941,7923.24447382,52865.96701110143,46313.89743047,309018.4812301155
2012-06-22 00:00:00+00:00,1.340806,18075.01826467,118640.11257335455,19238.91000875,126279.62062357616,45150.00568639,296353.87798147294
2012-06-23 00:00:00+00:00,1.31590739,9115.94821699,58775.456164452924,6323.83070681,40773.16211678303,47942.12319657,309108.8379724495
2012-06-24 00:00:00+00:00,1.29595593,15322.7880521,97307.27417919289,18098.26423408,114932.91912706081,45166.64701459,286830.5226085268
2012-06-25 00:00:00+00:00,1.28915512,13772.99811347,87010.55238844993,8649.00483222,54639.85995364626,50290.64029584,317709.793906842
2012-06-26 00:00:00+00:00,1.31046257,14134.63728843,90926.15454140269,21125.74779415,135898.9954631472,43299.52979012,278539.8490903779
2012-06-27 00:00:00+00:00,1.34542168,21132.30322175,139805.26162910688,15634.00215162,103430.07755385838,48797.83086025,322832.46358724165
2012-06-28 00:00:00+00:00,1.33892459,10811.86904728,71250.91582470924,6346.97978936,41827.00703599343,53262.72011817,351004.76810616854
2012-06-29 00:00:00+00:00,1.35144702,9888.06004645,65842.38441069933,16751.30551942,111543.20384479254,46399.4746452,308963.74331187207
2012-06-30 00:00:00+00:00,1.35478588,6796.90909814,45406.259290421185,3818.03609965,25506.113825817923,49378.34764369,329868.47757836006
2012-07-01 00:00:00+00:00,1.3431952,7223.22961152,47867.33205041689,8243.67863618,54629.704968207254,48357.89861903,320461.0285080505
2012-07-02 00:00:00+00:00,1.36464463,27017.75666294,182193.64903967362,32571.00289899,219641.84314342806,42804.65238298,288652.23381878104
2012-07-03 00:00:00+00:00,1.30578732,9075.48176714,58536.788454095076,15066.18290846,97176.7653058876,36813.95124166,237449.7058431674
2012-07-04 00:00:00+00:00,1.31743258,13922.60804737,90703.49883644478,10851.8063778,70697.73161846938,39884.75291123,259842.59751958065
2012-07-05 00:00:00+00:00,1.34189548,9037.14853554,60028.342819548256,10229.60452895,67949.11084589377,38692.29691782,257009.65904505452
2012-07-06 00:00:00+00:00,1.34647254,11043.40083997,73683.57135104283,11788.01099221,78651.74520222725,37947.68676558,253193.84181714023
2012-07-07 00:00:00+00:00,1.37465592,4421.85458128,30105.196303415833,5557.9364652,37839.952728233766,36811.60488166,250623.48180734535
2012-07-08 00:00:00+00:00,1.37033073,9132.09303563,62064.605425617105,5498.9677011,37372.73145218669,40444.73021619,274875.2353507089
2012-07-09 00:00:00+00:00,1.41488587,16996.25414981,119524.38776107067,20740.69699064,145856.79219040388,36700.28737536,258090.94995465767
2012-07-10 00:00:00+00:00,1.45714854,10793.826725,77484.34903636845,9992.67466777,71733.21487281591,37501.43943259,269207.0844189909
2012-07-11 00:00:00+00:00,1.45509139,9248.83137012,66454.22026996504,4181.64798472,30045.758771838522,42568.62281799,305861.84612197813
2012-07-12 00:00:00+00:00,1.52548031,10879.80617492,82207.11534439374,10859.12758536,82050.86925234139,42589.30140755,321802.0208226143
2012-07-13 00:00:00+00:00,1.53494235,11367.89406957,86747.50449133177,7627.33967547,58203.628456204846,46329.85580165,353539.4814237927
2012-07-14 00:00:00+00:00,1.53495281,5280.34335804,40025.68475950158,3925.98670848,29759.48640240363,47684.21245121,361452.49014368607
2012-07-15 00:00:00+00:00,1.54252702,9094.27729314,69364.18879429885,7912.92198324,60353.71439290108,48865.56776111,372709.16186809284
2012-07-16 00:00:00+00:00,1.70367355,15059.57845129,127907.10911716084,16456.52305216,139771.92632117774,47468.62316024,403170.2734466725
2012-07-17 00:00:00+00:00,1.73352208,18194.70806299,159239.80940944504,18069.24784067,158141.7834437885,47594.08338256,416542.6969544147
2012-07-18 00:00:00+00:00,1.79066623,19158.12103161,174246.80228704607,15303.67360447,139189.86023857864,51448.5308097,467934.30113346665
2012-07-19 00:00:00+00:00,1.73994899,12315.3050188,109354.16241188956,7918.04165647,70308.51545811714,55845.79417203,495884.5953540325
2012-07-20 00:00:00+00:00,1.67043972,11601.55777883,98989.7195490021,15084.86446156,128710.8620196972,52362.4874893,446780.34193927626
2012-07-21 00:00:00+00:00,1.73068675,6205.05817813,55073.89881206029,8558.52790826,75962.46263427542,50009.01775917,443862.3304881046
2012-07-22 00:00:00+00:00,1.65722469,14248.73647941,121207.76803687429,5132.67366927,43661.409586235175,59125.08056931,502951.1957893386
2012-07-23 00:00:00+00:00,1.65967218,10183.07979713,86874.00512281178,18736.82604476,159847.82150646375,50571.33432168,431434.7372753843
2012-07-24 00:00:00+00:00,1.66485314,11330.9373874,97158.08769168188,10293.20762286,88259.98544150425,51609.06408622,442526.3155853658
2012-07-25 00:00:00+00:00,1.69811126,8607.44556893,75481.67932687406,10862.36505614,95255.85138273789,49354.14459901,432803.6333476049
2012-07-26 00:00:00+00:00,1.71150143,5324.24590479,47256.755698958594,6124.68398283,54361.256013650986,48553.70652097,430951.29120091075
2012-07-27 00:00:00+00:00,1.71018114,4908.70658294,43645.56771467481,7245.64929665,64424.4001287027,46216.76380726,410934.50183260924
2012-07-28 00:00:00+00:00,1.69715731,6393.10997531,56531.464260085064,3496.2584777,30915.878490973875,49113.61530487,434290.1340683093
2012-07-29 00:00:00+00:00,1.67503455,4109.99132061,35952.89158504132,3803.42509555,33271.148147300504,49420.18152993,432311.96614666434
2012-07-30 00:00:00+00:00,1.73507837,10775.75286724,97933.46065405292,17931.83199726,162970.1780464595,42264.10239991,384109.57085364114
2012-07-31 00:00:00+00:00,1.77024687,12697.5182044,118353.54689389923,16297.3205069,151907.29840339214,38664.30009741,360389.8794264293
2012-08-01 00:00:00+00:00,1.80931121,12494.96313469,119552.06846564138,11038.16466026,105613.39020958758,40121.09857184,383879.509821088
2012-08-02 00:00:00+00:00,1.9719365,15927.92565368,168056.17584825557,13730.33070853,144869.26434606392,42318.69351699,446506.21518418257
2012-08-03 00:00:00+00:00,2.02602743,9006.19920202,98310.45237054201,8855.48076952,96665.23034654651,42469.41194949,463590.35670994397
2012-08-04 00:00:00+00:00,2.01583662,7171.38595423,78309.48992016105,4551.27480653,49698.62323134607,45089.52309719,492364.7363312759
2012-08-05 00:00:00+00:00,1.9855767,10258.33699578,110842.53533793835,10111.83278718,109259.54016770924,45236.02730579,488780.5847334345
2012-08-06 00:00:00+00:00,1.98923564,5227.29738298,56817.82925305666,6546.50830784,71156.92182535106,43916.81638093,477351.486179846
2012-08-07 00:00:00+00:00,1.99677645,7952.89655496,87014.86356597427,8045.01428638,88022.74940682798,43824.69864951,479498.27430217713
2012-08-08 00:00:00+00:00,2.00790333,8181.73490378,90575.00932545491,5378.96408828,59547.23884199176,46627.46946501,516184.34614209615
2012-08-09 00:00:00+00:00,2.00671418,11472.46081713,127387.04704984468,9132.00160994,101399.23223862445,48967.9286722,543726.4012603945
2012-08-10 00:00:00+00:00,2.06026781,7746.76335138,88681.60647710388,10614.16407478,121506.37354829932,46100.5279488,527738.9656176771
2012-08-11 00:00:00+00:00,2.07039383,4675.50406558,53967.17178441812,4225.81828895,48776.65773160012,46550.21372543,537307.4957234629
2012-08-12 00:00:00+00:00,2.0737898,3260.28009015,37794.96775058518,2264.17191706,26247.531568101007,47546.32189852,551183.2275523383
2012-08-13 00:00:00+00:00,2.13114399,11372.48822914,136298.85053450783,8822.04777248,105731.9160523298,50096.76235518,600407.842763517
2012-08-14 00:00:00+00:00,2.1544732,9410.01200089,114680.73355227616,6524.41647916,79513.6996382003,52982.35787691,645701.1602194111
2012-08-15 00:00:00+00:00,2.30814027,7519.49683716,99032.35500770283,7048.48351853,92829.07316663489,53453.37119554,703985.0334712757
2012-08-16 00:00:00+00:00,2.33572798,8946.85190764,120342.23354891082,8767.82503485,117934.18053101882,53632.39806833,721398.167842215
2012-08-17 00:00:00+00:00,2.0858717,18637.64634159,225086.95816416843,8176.2697776,98744.85542001124,64093.77463232,774060.8714661283
2012-08-18 00:00:00+00:00,1.97544904,8964.32456301,103784.53185598344,9508.78181495,110087.98959125477,63549.31738038,735742.6772905091
2012-08-19 00:00:00+00:00,1.36686681,13906.30627986,108895.02569529683,9630.65992122,75414.0559310675,67824.96373902,531111.6424812063
2012-08-20 00:00:00+00:00,1.71866113,11821.08120982,117972.93232878235,17743.40280231,177076.9712960223,61902.64214653,617780.7328536756
2012-08-21 00:00:00+00:00,1.70425191,9951.87341325,98553.22345800196,9350.33312535,92596.18080375469,62504.18243443,618977.794705331
2012-08-22 00:00:00+00:00,1.67933753,12709.52154886,124204.49300424154,10656.87960654,104144.93759257735,64556.82437675,630885.0896434654
2012-08-23 00:00:00+00:00,1.72984273,6862.50102167,69233.42189366068,5545.80564905,55949.73334481038,65873.51974937,664575.3742006265
2012-08-24 00:00:00+00:00,1.80794118,7484.1878817,79287.80520314128,7321.89908137,77568.51073985294,66035.8085497,699586.1685304523
2012-08-25 00:00:00+00:00,1.80118006,2715.08197817,28735.54979366863,2966.27907541,31394.138651685455,65784.61145246,696243.0575755333
2012-08-26 00:00:00+00:00,1.7917826,3777.98157984,39840.82089387961,4542.75345449,47905.74620881394,65019.83957781,685668.7171243487
2012-08-27 00:00:00+00:00,1.83189532,9566.96580623,104283.56350653317,7077.34132722,77145.71042722248,67509.46405682,735878.8172606284
2012-08-28 00:00:00+00:00,1.83040885,9732.86546323,106409.01452266051,11909.35977739,130204.53660800125,65332.96974266,714282.6490738437
2012-08-29 00:00:00+00:00,1.81697118,7284.23845436,79163.52941125208,8935.92317762,97113.68205756559,63681.2850194,692074.4441805242
2012-08-30 00:00:00+00:00,1.79273795,8643.22933264,92722.39343324146,4337.86514204,46535.52773864939,67986.64921,729343.6970891906
2012-08-31 00:00:00+00:00,1.67505198,7207.64613986,72814.5951465353,6303.80716041,63683.64336432312,68890.48818945,695959.9444291542
2012-09-01 00:00:00+00:00,1.66090374,3815.81790218,38183.10752152705,4166.85513976,41695.77320164751,68539.45095187,685842.2734655512
2012-09-02 00:00:00+00:00,1.69521665,3790.77435503,38764.899048720436,4645.70538265,47507.523081547064,67684.51992425,692149.7657973614
2012-09-03 00:00:00+00:00,1.73716742,5046.35101578,52972.22438388889,4397.42002414,46160.30860725711,68333.45091589,717305.4120735762
2012-09-04 00:00:00+00:00,1.71209367,6053.59619321,62739.482413234495,6385.36098984,66177.8933939413,68001.68611926,704769.6037497497
2012-09-05 00:00:00+00:00,1.81269181,6489.93712965,71554.95030255242,7213.47931418,79532.38121159983,67278.14393473,741776.7151709211
2012-09-06 00:00:00+00:00,1.82965166,12356.85784881,137912.036211399,7709.25208447,86041.18179919169,71925.74969907,802746.6786781425
2012-09-07 00:00:00+00:00,1.81354854,5420.122732,60033.942459263606,6738.36668037,74634.97370095193,70607.5057507,782057.3715801326
2012-09-08 00:00:00+00:00,1.80523977,6115.10118957,67530.71371746056,6961.65535646,76879.43998025391,69760.95158381,770389.0261209508
2012-09-09 00:00:00+00:00,1.8034734,3211.46351093,35525.51603108807,5210.79782372,57642.34312215999,67761.61727102,749585.4810310332
2012-09-10 00:00:00+00:00,1.78632149,6400.06537996,71202.57572160904,6218.12337601,69178.4183819426,67943.55927497,755891.7193595794
2012-09-11 00:00:00+00:00,1.80560418,11887.09716156,133944.91578501367,12906.48319475,145431.4523643222,66924.17324178,754107.8050442619
2012-09-12 00:00:00+00:00,1.80894872,9164.61800634,103700.2729815489,6302.82413051,71318.25706607988,69785.96711761,789648.1703188482
2012-09-13 00:00:00+00:00,1.81613397,7897.0346156,89870.6174189099,6958.79413958,79193.15999701119,70724.20759363,804862.6493730731
2012-09-14 00:00:00+00:00,1.86613678,6697.34531134,78560.58128668222,6635.44877638,77834.52827014512,70786.10412859,830328.6196018175
2012-09-15 00:00:00+00:00,1.85833105,3585.13478649,42012.019875851125,3878.29246187,45447.35684874103,70492.94645321,826064.0795597681
2012-09-16 00:00:00+00:00,1.87885659,6239.75949827,74171.46721408347,7811.79403187,92858.10215580635,68920.91191961,819256.761454893
2012-09-17 00:00:00+00:00,1.87699904,10448.9234156,124429.09398444639,7954.66279368,94726.64742586321,71415.17254153,850434.5244619854
2012-09-18 00:00:00+00:00,1.92401948,11607.55315521,142304.5487744183,12193.82480256,149492.03446755337,70828.90089418,868337.5942508813
2012-09-19 00:00:00+00:00,1.9513395,13578.4361675,169796.36315614925,9560.28756296,119550.00111153803,74847.04949872,935951.4336613639
2012-09-20 00:00:00+00:00,1.91810213,6503.11589287,80425.18301817503,8361.36095992,103406.42802012454,72988.80443167,902665.43782971
2012-09-21 00:00:00+00:00,1.90624657,6993.47683587,86255.15037599423,13823.25783685,170491.3323353147,66159.02343069,815982.7577427281
2012-09-22 00:00:00+00:00,1.88391087,4952.87741989,60493.095766911276,3440.44460352,42020.65329654589,67671.45624706,826520.7345936423
2012-09-23 00:00:00+00:00,1.87373566,4181.89318164,50874.66688117916,4327.49368269,52645.96439331375,67525.85574601,821483.301397379
2012-09-24 00:00:00+00:00,1.86187643,12904.84156702,156323.94319498984,14321.13744565,173480.3689696443,66109.55986738,800824.01846492
2012-09-25 00:00:00+00:00,1.86751446,8314.36507041,101288.96588565587,7998.21767247,97437.53011953254,66425.70726532,809224.8945229175
2012-09-26 00:00:00+00:00,1.88332202,6332.72387163,78017.99832172951,7081.88793714,87247.56240670438,65676.54319981,809122.9842018838
2012-09-27 00:00:00+00:00,1.87790927,8887.97121087,109488.70781316774,7860.52215485,96831.81831403114,66703.99225583,821709.8981079493
2012-09-28 00:00:00+00:00,1.87920326,8005.21750813,99116.25946855843,8336.05043297,103212.45323042455,66373.15933099,821796.4440462949
2012-09-29 00:00:00+00:00,1.87778161,5083.71277147,63062.19365568794,4645.17310232,57622.218034555066,66811.69900014,828782.5237604937
2012-09-30 00:00:00+00:00,1.87229802,5079.02660597,62937.380230603274,4451.88239855,55166.04597623689,67438.84320756,835676.6850319805
2012-10-01 00:00:00+00:00,1.8688831,12115.29714882,150101.20385925207,14188.22716429,175783.55296022567,65365.91319209,809844.1285402308
2012-10-02 00:00:00+00:00,1.9232089,15587.172059,199628.62380059971,14628.50682127,187350.7698467766,66324.57842982,849434.6675576085
2012-10-03 00:00:00+00:00,1.93693159,17398.89897431,225410.22634159058,18122.35958978,234782.97006078254,65601.11781435,849890.7222018862
2012-10-04 00:00:00+00:00,1.91743612,20547.61013944,264291.2884275251,11855.07427289,152484.53872365982,74293.6536809,955593.6344940083
2012-10-05 00:00:00+00:00,1.8990167,11201.77739466,142847.52322009442,9317.77141382,118822.2655656142,76177.65966174,971434.2308364664
2012-10-06 00:00:00+00:00,1.86118784,5493.99120121,68703.07261660592,5861.87507952,73303.50823442126,75809.77578343,948011.0797320736
2012-10-07 00:00:00+00:00,1.76871725,18377.67031082,218216.40370583604,7784.87827545,92437.62195234369,86402.5678188,1025943.8384454761
2012-10-08 00:00:00+00:00,1.74493179,13835.04801288,162331.18041592362,22350.73560495,262248.5509654889,77886.88022673,913872.4487510318
2012-10-09 00:00:00+00:00,1.7595105,8504.49055128,100596.75642078275,10075.59242941,119180.79175993547,76315.7783486,902713.6568975418
2012-10-10 00:00:00+00:00,1.79846745,13625.87162396,164998.24767269453,10578.62404071,128098.55234773736,79363.02593185,961021.8391997603
2012-10-11 00:00:00+00:00,1.79078273,10148.65656371,122469.43886720616,9528.08083642,114980.60912716112,79983.60165914,965206.2568360379
2012-10-12 00:00:00+00:00,1.7833828,11062.43769107,133059.75461721857,12730.59421706,153124.4550214088,78315.44513315,941983.5124194279
2012-10-13 00:00:00+00:00,1.76778643,11943.07662347,142442.73200689827,12444.53947225,148423.5810319991,77813.98228437,928072.1018853879
2012-10-14 00:00:00+00:00,1.72624831,5747.39539754,66960.47815082197,4001.57179988,46620.62422040718,79559.80588203,926917.7209780146
2012-10-15 00:00:00+00:00,1.76179327,7280.8901784,86703.09387564342,6335.67379666,75447.16463200131,80505.02226377,958678.7235857332
2012-10-16 00:00:00+00:00,1.7507955,8542.71091064,101214.19322721144,10730.09326184,127130.33884796528,78317.63991257,927908.812802863
2012-10-17 00:00:00+00:00,1.7561613,8240.00673462,98215.83871692143,17224.78926028,205308.9491799594,69332.85738691,826405.2394867492
2012-10-18 00:00:00+00:00,1.75473806,11071.28837702,132035.44168682583,7136.4464158,85108.78070345616,73267.69934813,873785.6620994085
2012-10-19 00:00:00+00:00,1.72901826,10111.08596874,118880.94967167416,10974.5885177,129033.56862691269,72404.19679917,851291.315523524
2012-10-20 00:00:00+00:00,1.71932352,7276.44985783,85093.55187365317,7280.10285611,85136.2714147353,72400.54380089,846679.2941577454
2012-10-21 00:00:00+00:00,1.70878321,7580.72229028,88371.59849169319,7781.52289331,90712.4137317673,72199.74319786,841662.1098580007
2012-10-22 00:00:00+00:00,1.71974123,15674.10691706,184030.91052858334,16231.53899185,190575.76394985136,71642.31112307,841157.9567573621
2012-10-23 00:00:00+00:00,1.71372613,14477.10428311,169494.77702884664,10377.32113087,121495.41074216113,75742.09427531,886771.9075470865
2012-10-24 00:00:00+00:00,1.70097555,9720.4986543,113091.70672059315,11930.37187668,138802.15052015442,73532.22105293,855499.7715218175
2012-10-25 00:00:00+00:00,1.57445232,21081.98161829,226707.8262010487,21336.92747733,229449.41959337826,73277.27519389,787996.6916739161
2012-10-26 00:00:00+00:00,1.4868804,14280.54742646,144670.79213736084,14638.53505244,148297.42855957104,72919.28756791,738717.5560927786
2012-10-27 00:00:00+00:00,1.53614064,6261.49927066,65483.92586316172,4882.6959827,51064.14421250615,74298.09085587,777023.2755880221
2012-10-28 00:00:00+00:00,1.57242952,4584.64975604,49101.42505500812,10788.51039144,115544.53723375018,68094.23022047,729286.6237914871
2012-10-29 00:00:00+00:00,1.56040388,8810.13871948,93658.28506947227,10113.56647467,107514.68530901954,66790.80246528,710035.587008467
2012-10-30 00:00:00+00:00,1.59285398,8492.33306697,92220.98829414566,11297.07584349,122678.59620021748,63986.05968876,694845.2933972152
2012-10-31 00:00:00+00:00,1.63149593,9337.77840726,104079.54893563873,7176.85945254,79993.7910300038,66146.97864348,737278.9758339179
2012-11-01 00:00:00+00:00,1.5558671,8341.93533185,88537.42887731022,10118.29017291,107390.83448940296,64370.62380242,683199.9170426239
2012-11-02 00:00:00+00:00,1.5453108,12416.2419241,130749.28076205177,11529.78963866,121414.49174459645,65257.07608786,687189.8772011606
2012-11-03 00:00:00+00:00,1.56238365,5637.58578121,60044.49995519718,4855.49800895,51714.68094597817,66039.16386012,703366.4276393788
2012-11-04 00:00:00+00:00,1.58109304,11816.78800303,127584.47623374709,10977.32464069,118520.88861805097,66878.62722246,722080.7061294215
2012-11-05 00:00:00+00:00,1.57225848,18401.83223561,197650.78124269375,14717.33339407,158076.23968650395,70563.126064,757905.8875717417
2012-11-06 00:00:00+00:00,1.58971981,10035.76891483,109070.71862193476,9099.57017554,98895.9258249008,71499.32480329,777068.7830161209
2012-11-07 00:00:00+00:00,1.60010198,15773.76353471,172787.36648599504,13638.86891277,149401.51956123265,73634.21942523,806596.5252832924
2012-11-08 00:00:00+00:00,1.5902082,12950.45831809,141065.44917727832,19075.58600133,207784.62364058537,67509.09174199,735356.241163397
2012-11-09 00:00:00+00:00,1.57844306,10865.54438178,117520.28528463142,8569.41770275,92685.68400853287,69805.21842102,755003.9735653237
2012-11-10 00:00:00+00:00,1.5845781,7906.35707008,85888.81600775836,9184.70823651,99775.87766632049,68526.86725459,744425.2063305823
2012-11-11 00:00:00+00:00,1.58025646,12759.99688601,138341.8527898029,14454.58995462,156714.36078730065,66832.27418598,724584.8662534967
2012-11-12 00:00:00+00:00,1.60489338,10822.380019,119385.38017086932,10872.88962091,119942.56888681886,66781.76458407,736692.5148953868
2012-11-13 00:00:00+00:00,1.59806012,7265.75080852,79908.74758418101,7977.26806006,87734.01629397887,66070.24733253,726640.7637774432
2012-11-14 00:00:00+00:00,1.59128731,8650.30693497,94798.30210548604,6772.27265614,74217.0138035349,67948.28161136,744641.985095606
2012-11-15 00:00:00+00:00,1.62005507,6561.91975077,73330.17409792384,10287.32701786,114962.00957554056,64222.87434427,717697.6762298531
2012-11-16 00:00:00+00:00,1.68971657,16684.11332445,195288.2944102196,13543.66333562,158529.1865048301,67363.3243331,788490.7312116458
2012-11-17 00:00:00+00:00,1.69344447,6821.92211648,80157.87411255605,4807.29310085,56485.89776028165,69377.95334873,815193.8934160344
2012-11-18 00:00:00+00:00,1.67867627,8334.58947797,97228.2456543952,6585.37686405,76822.57670363075,71127.16596265,829743.2744824103
2012-11-19 00:00:00+00:00,1.6880353,11489.37903657,135006.28559021253,12301.81158553,144552.79810220835,70314.73341369,826235.3387622485
2012-11-20 00:00:00+00:00,1.67898029,9056.54854144,105954.10386843591,8351.76402573,97708.70978251967,71019.5179294,830869.4360712211
2012-11-21 00:00:00+00:00,1.68083489,8302.16114613,97377.17033523384,8490.745736,99589.10448191459,70830.93333953,830785.5917759615
2012-11-22 00:00:00+00:00,1.75627213,19293.15369383,237151.40558650135,15100.66525895,185617.34635413706,75023.42177441,922187.7463921391
2012-11-23 00:00:00+00:00,1.74998238,8717.22890182,107050.07815954817,11019.95625431,135328.2323574628,72720.69442192,893031.0433924522
2012-11-24 00:00:00+00:00,1.76602085,7748.5698489,96184.5813402612,7554.2578473,93772.5467470727,72915.00642352,905108.8785454192
2012-11-25 00:00:00+00:00,1.77806828,5450.60419653,68294.37811416964,4951.11457637,62035.92827020063,73414.49604368,919860.8394754127
2012-11-26 00:00:00+00:00,1.72578205,10434.82299649,127144.41809193391,14254.09239966,173680.7882791158,69595.22664051,847991.8246970123
2012-11-27 00:00:00+00:00,1.72025602,14585.54762923,177349.6902585755,13933.28729413,169418.67722166242,70247.48697561,854158.5392104645
2012-11-28 00:00:00+00:00,1.74127299,9595.95396353,118334.0399938216,12055.76887136,148667.64067456895,67787.67206778,835934.5124042147
2012-11-29 00:00:00+00:00,1.76192076,12644.20174863,158022.9553319479,13813.03521933,172630.64057794804,66618.83859708,832579.704530043
2012-11-30 00:00:00+00:00,1.77041545,10720.72295371,134932.50849893026,12550.87483268,157967.0543061227,64788.68671811,815439.4119662077
2012-12-01 00:00:00+00:00,1.76938314,5906.35941382,74375.16273357213,5396.19263746,67950.94531729804,65298.85349447,822268.4253862272
2012-12-02 00:00:00+00:00,1.75501044,6192.65892274,77395.50911271639,4546.609589,56823.27547303662,66944.90282821,836673.6972812568
2012-12-03 00:00:00+00:00,1.77399667,11998.01921162,151858.42328824045,11237.0154124,142226.43028776365,67705.90662743,856950.8054950087
2012-12-04 00:00:00+00:00,1.85774266,13535.55375157,180964.79841724716,16660.67396108,222746.373011345,64580.78641792,863418.6092601214
2012-12-05 00:00:00+00:00,1.84294645,11823.01012299,157396.78064063462,14307.84564707,190476.7753156935,62095.95089384,826667.8840530011
2012-12-06 00:00:00+00:00,1.8612199,11419.44907517,153910.47292725163,7398.29260193,99713.62941607425,66117.10736708,891121.3839182225
2012-12-07 00:00:00+00:00,1.8543992,16757.91381347,225851.1377275878,18089.62249316,243798.95174414717,64785.39868739,873131.1167098454
2012-12-08 00:00:00+00:00,1.85513901,5488.57409937,74095.66476978113,4970.31267482,67099.1436185091,65303.66011194,881598.3933694984
2012-12-09 00:00:00+00:00,1.83087828,4810.31906998,64200.9758552646,4249.01049197,56709.46480580676,65864.96868995,879067.5219365064
2012-12-10 00:00:00+00:00,1.84712224,9075.20854229,122445.04217817687,9636.78045175,130021.91446926341,65303.39678049,881090.1849697463
2012-12-11 00:00:00+00:00,1.85959868,10645.51879128,144943.1633264399,7821.73959898,106496.23587349147,68127.17597279,927579.819039135
2012-12-12 00:00:00+00:00,1.86112478,8975.64930954,122681.09234390804,10978.33274521,150054.1974011552,66124.49253712,903803.6910063085
2012-12-13 00:00:00+00:00,1.86515926,11937.27991141,164200.28765501815,9240.46797019,127104.9610993801,68821.30447834,946654.3530855543
2012-12-14 00:00:00+00:00,1.84173767,12402.45288428,168684.7974228122,13442.00877322,182823.7162457008,67781.7485894,921894.2927216523
2012-12-15 00:00:00+00:00,1.83124675,6861.93890167,92848.54043885357,7609.39305202,102962.30389542863,67034.29443905,907037.5716256229
2012-12-16 00:00:00+00:00,1.80326306,3868.13097818,51573.25295802523,5957.81107094,79434.66732925443,64944.61434629,865897.5207500709
2012-12-17 00:00:00+00:00,1.80108367,12891.70460251,171718.43288279316,11753.48856498,156557.31336655325,66082.83038382,880228.0554706184
2012-12-18 00:00:00+00:00,1.79259699,11208.9844428,148766.0211628593,10614.02567076,140869.70818963676,66677.78915586,884949.8759921091
2012-12-19 00:00:00+00:00,1.82412757,20097.78043458,272094.66823595564,26976.22188867,365218.7448733356,59799.34770177,809596.0509969465
2012-12-20 00:00:00+00:00,1.82505515,10755.79955353,145956.49063087188,9996.26815041,135649.6289632096,60558.87910489,821785.6261358159
2012-12-21 00:00:00+00:00,1.80384887,10812.0599051,145194.80650494737,10195.34297138,136912.9345355216,61175.59603861,821525.1217264368
2012-12-22 00:00:00+00:00,1.80284753,5184.85198985,69618.1167745262,5320.6082278,71440.94482149363,61039.83980066,819594.9862136102
2012-12-23 00:00:00+00:00,1.78784107,5480.3967932,72988.504081434,4229.00882161,56322.38673292674,62291.22777225,829601.159195935
2012-12-24 00:00:00+00:00,1.80152292,7542.46351393,101270.11331391448,5558.30255452,74629.453425883,64275.38873166,863003.9625819157
2012-12-25 00:00:00+00:00,1.79274659,4774.37195655,63812.188290513164,3597.33204502,48080.38248578151,65452.42864319,874808.8206493044
2012-12-26 00:00:00+00:00,1.80324201,4582.02243678,61649.73277846078,5086.62214575,68438.96998698718,64947.82893422,873853.4901521902
2012-12-27 00:00:00+00:00,1.79484765,9311.03027764,124761.31761925053,8797.97606839,117886.74872112891,65460.88314347,877130.2197471891
2012-12-28 00:00:00+00:00,1.80018039,7948.42609307,106950.1046949252,11966.01961099,161008.8632883811,61443.28962555,826750.6272697895
2012-12-29 00:00:00+00:00,1.78895887,4257.03190565,56933.56113964978,3391.99753217,45364.58808942257,62308.32399903,833311.7656928224
2012-12-30 00:00:00+00:00,1.79682629,6785.87907957,91236.2378628112,5644.53318306,75890.82653486158,63449.66989554,853081.6872842308
2012-12-31 00:00:00+00:00,1.80428719,8263.16782719,111929.17315347206,4632.15434117,62745.08955516857,67080.68338156,908644.9146974614
2013-01-01 00:00:00+00:00,1.77533304,2025.23289169,26999.13189512087,3971.57066534,52946.483668269895,65134.34560791,868330.1536263668
2013-01-02 00:00:00+00:00,1.7682754,6236.18067682,82820.26358351811,7127.09130541,94652.09734732223,64243.43497932,853191.8002752672
2013-01-03 00:00:00+00:00,1.78037669,7369.85327373,98638.71426778105,7211.47034541,96518.90430261685,64401.81790764,861959.1569836314
2013-01-04 00:00:00+00:00,1.78670376,7791.64750869,104811.06958303004,6683.43040116,89903.64207929792,65510.03501517,881222.7235259156
2013-01-05 00:00:00+00:00,1.78641402,11248.10059055,151392.76120212948,7446.78776032,100229.34557219676,69311.3478454,932889.6242066133
2013-01-06 00:00:00+00:00,1.79112313,3962.14576648,53506.7836671807,9077.19034664,122582.88533765361,64196.30326524,866938.7532648874
2013-01-07 00:00:00+00:00,1.79609055,12333.18540368,167189.4217693959,9188.04526167,124553.70808187862,67341.44340725,912884.7589540987
2013-01-08 00:00:00+00:00,1.82064961,10756.06579491,148222.35806622216,13423.73545711,184983.78137957916,64673.77374505,891227.2788503196
2013-01-09 00:00:00+00:00,1.82378518,6699.94611516,92599.65547909052,7597.18728956,105000.38560482982,63776.53257065,881452.6030784582
2013-01-10 00:00:00+00:00,1.85730887,10163.20923883,143536.76084803353,7691.08498417,108622.52267885015,66248.65682531,935641.2317978278
2013-01-11 00:00:00+00:00,1.86676138,9626.13634953,136957.02085690215,8640.05104926,122927.372809962,67234.74212558,956590.4372475562
2013-01-12 00:00:00+00:00,1.86299654,5293.2998594,75240.47626463613,4682.74303476,66561.8471499529,67845.29895022,964372.4596984752
2013-01-13 00:00:00+00:00,1.85333941,7824.3350985,110798.75266066074,6577.54488448,93143.2204264371,69092.08916424,978398.445586072
2013-01-14 00:00:00+00:00,1.87068729,8153.01594112,116734.64026572995,11008.51773882,157619.63025470616,66236.58736654,948373.492030786
2013-01-15 00:00:00+00:00,1.86625363,11796.78851037,168854.9573697581,11248.51799006,161007.21175215556,66784.85788685,955934.263084938
2013-01-16 00:00:00+00:00,1.91141576,9235.047226,135827.35732381543,14920.10833475,219442.1789624019,61099.7967781,898644.4493783141
2013-01-17 00:00:00+00:00,2.0121271,15023.53065967,234346.04143619168,10973.67011644,171173.8878210426,65149.65732133,1016243.4277292213
2013-01-18 00:00:00+00:00,2.01889919,13452.97137865,211424.08818272492,14408.40444393,226439.47466953692,64194.22425605,1008863.0197691463
2013-01-19 00:00:00+00:00,1.99859889,5121.97557956,79842.00275069702,6193.52045444,96545.37970334811,63122.67938117,983964.3048855937
2013-01-20 00:00:00+00:00,2.01174993,9246.53238183,145351.7177271356,7974.95788095,125363.08520105192,64394.25388205,1012251.4070145739
2013-01-21 00:00:00+00:00,2.13015937,19450.14866369,326393.32440683444,21091.41221917,353935.40017003677,62752.99032657,1053059.155655488
2013-01-22 00:00:00+00:00,2.1703499,14546.615072,251659.04224319506,12217.72843757,211368.88697251934,65081.876961,1125928.1105829705
2013-01-23 00:00:00+00:00,2.18559134,12603.41269381,221018.42867604573,12893.63594285,226107.89833211605,64791.65371196,1136212.0595934335
2013-01-24 00:00:00+00:00,2.09953529,21217.72291134,358602.56118022295,20218.0328209,341706.7129161911,65791.3438024,1111945.1644087485
2013-01-25 00:00:00+00:00,2.15223509,12472.66702461,217114.23474061023,12939.56855792,225241.68405869126,65324.44226909,1137115.7640243445
2013-01-26 00:00:00+00:00,2.16087068,4861.65118093,85339.62201340329,8867.93407198,155664.42625729178,61318.15937804,1076356.231480709
2013-01-27 00:00:00+00:00,2.18079976,6680.82886662,119350.52253284917,6393.38468898,114215.43922428423,61605.60355568,1100561.1911508003
2013-01-28 00:00:00+00:00,2.27526587,10230.44625248,192273.71665183373,8741.49215891,164289.9190315426,63094.55764925,1185815.828589477
2013-01-29 00:00:00+00:00,2.32416991,17300.30546143,337610.5164128687,14712.34552575,287107.21794287045,65682.51758493,1281775.5576965753
2013-01-30 00:00:00+00:00,2.32557517,11017.40551625,217455.45399988204,9038.73297308,178401.51016914015,67661.1901281,1335459.1328945016
2013-01-31 00:00:00+00:00,2.38254625,16184.05163514,331961.48993014614,10175.5946143,208718.1643534702,73669.64714894,1511085.5045154898
2013-02-01 00:00:00+00:00,2.33077644,13958.25806439,285349.9531582204,13519.56793267,276381.7704552059,74108.33728066,1515003.5537470973
2013-02-02 00:00:00+00:00,2.2350697,10888.01077169,213795.90928062669,9239.48276101,181425.57530425725,75756.86529134,1487554.360372663
2013-02-03 00:00:00+00:00,2.32891208,6061.45614557,124738.3404122058,10029.4499934,206395.44647011202,71788.87144351,1477338.8553628721
2013-02-04 00:00:00+00:00,2.30317042,9429.32697341,192740.0444843375,11383.92203471,232692.92130430308,69834.27638221,1427446.6856854665
2013-02-05 00:00:00+00:00,2.31494333,7549.29262809,155963.4388535774,8005.47097329,165387.78454435064,69378.09803701,1433306.0438949128
2013-02-06 00:00:00+00:00,2.36137756,10185.21799671,216013.86333942952,18878.91905905,400394.7920344048,60684.39697467,1287029.0099982524
2013-02-07 00:00:00+00:00,2.44320117,9295.1624252,205588.2198205369,8171.11644532,180726.83478723685,61808.44295455,1367064.6273436935
2013-02-08 00:00:00+00:00,2.48951622,10267.06985123,233959.46869310748,11946.13739619,272220.99378360057,60129.37540959,1370190.0276826054
2013-02-09 00:00:00+00:00,2.57029343,8870.01373255,210519.6654898405,4957.52628282,117661.2355047981,64041.86285932,1519960.6170862585
2013-02-10 00:00:00+00:00,2.57573299,5450.83276615,130276.48034815279,5775.29851765,138031.30569547205,63717.39710782,1522864.2279582147
2013-02-11 00:00:00+00:00,2.61956557,11878.63276625,290994.1061175823,16904.11728991,414104.7709177579,58691.91258416,1437791.7875602983
2013-02-12 00:00:00+00:00,2.64695645,17094.80710109,427023.7753199642,11562.84663336,288836.8610201102,64223.87305189,1604295.4198962268
2013-02-13 00:00:00+00:00,2.58643345,13793.05602551,339883.6719045738,10465.87055416,257896.32892427337,67551.05852324,1664569.604405028
2013-02-14 00:00:00+00:00,2.81731895,13056.54129797,356213.6493961142,17814.69516753,486027.4580904376,62792.90465368,1713140.5027108726
2013-02-15 00:00:00+00:00,2.76388477,10591.94843874,287796.6826898114,11410.69057787,310042.9457813266,61974.16251455,1683916.6549311946
2013-02-16 00:00:00+00:00,2.75541364,9004.95336654,246250.92762915403,7947.11695133,217323.15999703232,63031.99892976,1723683.3523700067
2013-02-17 00:00:00+00:00,2.69341809,11865.77023011,319512.5777606344,7364.27489176,198299.68121524478,67533.49426811,1818491.3764832627
2013-02-18 00:00:00+00:00,2.67527962,9356.20185578,251951.92135986235,8696.94506537,234198.88251208214,68192.75105852,1836353.5670614864
2013-02-19 00:00:00+00:00,2.87905367,13488.09641975,396733.8017021554,13354.82485088,392813.80183477706,68326.02262739,2009715.9649941437
2013-02-20 00:00:00+00:00,2.88625353,8208.51001418,244776.18624903867,9942.83886433,296493.53822985437,66591.69377724,1985751.471399644
2013-02-21 00:00:00+00:00,2.8644687,14207.1245831,423629.01991478197,14185.00600111,422969.4865126835,66613.81235923,1986295.247674268
2013-02-22 00:00:00+00:00,2.89510636,12998.93577802,396112.1052508128,18712.37630919,570215.8161756617,60900.37182806,1855796.113414187
2013-02-23 00:00:00+00:00,2.81513609,10304.91619055,307153.0160327273,8989.46823893,267944.17645529535,62215.81977968,1854433.0042976688
2013-02-24 00:00:00+00:00,2.78872419,6928.44139115,207041.56438022308,9809.64460156,293140.12339272763,59334.61656927,1773087.3572942666
2013-02-25 00:00:00+00:00,2.77552491,8562.73695405,259896.4754128799,9822.97120843,298147.1472092412,58074.38231489,1762675.5739916966
2013-02-26 00:00:00+00:00,2.82058485,11475.34927866,357520.6730632998,10876.17978437,338853.22550456435,58673.55180918,1828006.034887502
2013-02-27 00:00:00+00:00,2.81550442,10200.71642249,318673.0442721558,12124.25331109,378764.8388747867,56750.01492058,1772885.2825826334
2013-02-28 00:00:00+00:00,2.93242114,20520.6182944,684881.6673361005,13673.92051223,456371.11636119976,63596.71270275,2122558.9798549446
2013-03-01 00:00:00+00:00,2.99916694,11900.15676981,411819.8839223728,6826.3453339,236234.26122861184,68670.52413866,2376429.8090102375
2013-03-02 00:00:00+00:00,2.94238341,8364.58330525,285596.2832806036,5961.85292873,203558.620408764,71073.25451518,2426690.7973110457
2013-03-03 00:00:00+00:00,2.95351788,4546.25537443,156626.4103361803,4349.39260538,149844.14530580727,71270.11728423,2455379.584977025
2013-03-04 00:00:00+00:00,3.07990408,14324.37782139,521067.36718256515,15601.63610083,567529.2531491664,69992.85900479,2546078.804815229
2013-03-05 00:00:00+00:00,3.34059331,20336.54619088,827147.4075427585,18801.96953081,764731.6416531819,71527.43566486,2909232.0998391844
2013-03-06 00:00:00+00:00,3.41073072,23851.97620233,1032432.6989276524,12710.40021532,550169.6248326605,82669.01165187,3578327.853986547
2013-03-07 00:00:00+00:00,3.24461202,22376.57449147,938640.0319044864,21912.86123443,919188.4475456525,83132.72490891,3487205.0496626296
2013-03-08 00:00:00+00:00,3.35334641,9159.43095585,402125.84615618497,15291.07536396,671322.9947372626,77001.0805008,3380572.963601889
2013-03-09 00:00:00+00:00,3.50857536,7868.1200165,368925.02686969924,7388.95974664,346457.8790551915,77480.24077066,3632938.9801176153
2013-03-10 00:00:00+00:00,3.41442475,8778.30565767,404381.7660312424,9891.20457714,455648.6104565471,76367.34185119,3517940.906729901
2013-03-11 00:00:00+00:00,3.52669627,13356.56930188,644789.3791440376,16865.2302871,814170.2498717082,72858.68086597,3517258.252402428
2013-03-12 00:00:00+00:00,3.21775227,16508.43637227,733198.1859621202,13601.75885823,604102.3326412786,75765.35838001,3365008.1734151957
2013-03-13 00:00:00+00:00,3.35448171,17998.19128321,846206.3963546611,20178.8487664,948732.6047662502,73584.70089682,3459672.3411213853
2013-03-14 00:00:00+00:00,3.31080577,13399.77637164,628792.0443309111,15612.53288395,732626.8884650788,71371.94438451,3349168.6407834804
2013-03-15 00:00:00+00:00,3.27320999,10616.53863478,497942.38642994076,11707.83168374,549126.7774812158,70280.65133555,3296339.461453819
2013-03-16 00:00:00+00:00,3.26643484,8223.23518154,387783.23055731,7828.69961157,369178.11049018765,70675.18690552,3332830.8984751278
2013-03-17 00:00:00+00:00,3.25507816,6947.08252814,328829.7293434234,6474.31092907,306451.7949610794,71147.95850459,3367681.878491421
2013-03-18 00:00:00+00:00,3.46957223,13352.4908095,685856.5173402266,14995.82495951,770267.093092147,69504.62435458,3570135.361183447
2013-03-19 00:00:00+00:00,3.86035942,26200.95383411,1558920.1009145698,25601.95444594,1523280.4752518553,70103.62374275,4171067.545535298
2013-03-20 00:00:00+00:00,4.00566845,20506.65799646,1306017.4837658862,16383.77382659,1043441.3579865738,74226.50791262,4727299.646266264
2013-03-21 00:00:00+00:00,4.23461019,28115.81362969,1993903.9161284997,23984.39240481,1700913.7481055562,78357.9291375,5556950.398973866
2013-03-22 00:00:00+00:00,4.05568242,17042.6675001,1190363.5950295741,13172.88723832,920074.5957071442,82227.70939928,5743283.542379719
2013-03-23 00:00:00+00:00,3.70672564,18848.39157254,1213518.1880124141,14329.03530518,922547.9475310303,86747.06566664,5585046.423618462
2013-03-24 00:00:00+00:00,4.02556381,9418.75528523,675234.5618951246,8777.35177383,629252.0720753355,87388.46917804,6264916.426128224
2013-03-25 00:00:00+00:00,4.02378239,13783.57377613,1024313.731777243,15774.9857461,1172303.698646239,85397.05720807,6346204.531010441
2013-03-26 00:00:00+00:00,4.15075356,15065.01485411,1184324.052057149,12341.902275,970248.7421334086,88120.16978718,6927496.4253915055
2013-03-27 00:00:00+00:00,4.49610198,14154.30574279,1257639.504983051,19583.98962582,1740078.2112648254,82690.48590415,7347221.661668332
2013-03-28 00:00:00+00:00,4.28052357,24422.20540284,2141172.262790597,17313.83235189,1517958.6357160993,89798.8589551,7872950.982655561
2013-03-29 00:00:00+00:00,4.30087359,10965.99149818,990181.8714850061,16290.99411776,1471006.707104602,84473.85633552,7627625.935305806
2013-03-30 00:00:00+00:00,4.24924608,9834.6451469,906655.542591947,11424.04950829,1053182.6670737378,82884.45197413,7641114.311148121
2013-03-31 00:00:00+00:00,4.26532297,8777.70965595,824220.2517931858,9427.15463086,885202.640334973,82235.00699922,7721804.5289487075
2013-04-01 00:00:00+00:00,4.45266486,24275.95984461,2514512.3423061664,20001.61706543,2071774.4344214774,86509.3497784,8960668.461105814
2013-04-02 00:00:00+00:00,4.75336825,42068.54337058,4908555.294786642,47772.4708964,5574089.240455012,80805.42225258,9428372.162815474
2013-04-03 00:00:00+00:00,4.85046378,42251.77306852,5551241.150496521,44962.94193461,5907447.555159742,78094.25338649,10260398.594713246
2013-04-04 00:00:00+00:00,4.73920513,21186.95218034,2818015.5011643306,25675.21959853,3414987.0263828887,73605.9859683,9790120.243421674
2013-04-05 00:00:00+00:00,4.71276367,28159.5893994,4016291.44179455,19199.28423931,2738318.371238919,82566.29112839,11776105.245580595
2013-04-06 00:00:00+00:00,4.6145611,23330.35867669,3338150.249886547,30545.42752931,4370495.454136924,75351.22227577,10781390.245853039
2013-04-07 00:00:00+00:00,5.04960835,16722.1301905,2723235.933965428,17850.98200754,2907071.9522995,74222.37045873,12087277.400347997
2013-04-08 00:00:00+00:00,5.33290242,22542.63912312,4200846.991714539,18311.03286002,3412282.2481024023,78453.97672183,14619989.713712262
2013-04-09 00:00:00+00:00,5.64074143,28074.90003355,6476402.071657682,21701.9979309,5006281.916973194,84826.87882448,19568118.607532244
2013-04-10 00:00:00+00:00,3.7993504,46969.68682126,7571179.545191888,41028.54127121,6613509.1260826355,90768.02437453,14631160.137752116
2013-04-11 00:00:00+00:00,2.09881888,64391.33683533,5338143.886363936,52787.61437082,4376176.901715131,102371.74683904,8486780.076064207
2013-04-12 00:00:00+00:00,2.84072926,41691.61107129,4647629.594843852,48325.95909389,5387202.650910344,95737.39881644,10672457.999088014
2013-04-13 00:00:00+00:00,2.50198944,24557.10045415,2396995.783154108,21939.95565383,2141538.7082448187,98354.54361676,9600295.716654094
2013-04-14 00:00:00+00:00,2.29456796,16721.47924936,1485895.5845083743,11265.19397678,1001041.937684335,103810.82888934,9224785.078552697
2013-04-15 00:00:00+00:00,2.11528578,30949.4544305,2503027.630721316,23328.0607046,1886649.7516419922,111432.22261524,9012046.812811248
2013-04-16 00:00:00+00:00,1.81094891,36912.32839515,2520489.640544831,37578.63675786,2565987.2669107583,110765.91425253,7563444.289135161
2013-04-17 00:00:00+00:00,2.42321708,21448.6423914,1991807.5187794499,31271.01414832,2903952.6121921972,100943.54249561,9374024.856491873
2013-04-18 00:00:00+00:00,2.78425484,20869.89387373,2267062.0337561383,20109.96642914,2184512.373060073,101703.4699402,11047879.62975288
2013-04-19 00:00:00+00:00,3.00006559,20363.70831279,2423531.4215189978,20186.66790392,2402461.4382338054,101880.51034907,12125032.154201668
2013-04-20 00:00:00+00:00,3.18525555,10210.9702914,1309131.0289981111,15479.91576408,1984653.51232117,96611.56487639,12386403.420081368
2013-04-21 00:00:00+00:00,2.91485166,14875.65146001,1762515.437969872,18013.02369265,2134241.476963951,93474.19264375,11075125.551931186
2013-04-22 00:00:00+00:00,3.07341776,13265.28934004,1675595.362670058,17007.82799954,2148331.407977661,89731.65398425,11334388.526821997
2013-04-23 00:00:00+00:00,3.38292483,12389.71277337,1760915.4089570895,11938.16421176,1696738.0680795428,90183.20254586,12817487.692969993
2013-04-24 00:00:00+00:00,3.50996743,25426.73098538,3919105.3906298634,22775.21609277,3510418.709084437,92834.71743847,14308919.292845957
2013-04-25 00:00:00+00:00,3.16156158,21155.74356272,2983143.035818735,22257.91414971,3138558.6325863833,91732.54685148,12935083.443728648
2013-04-26 00:00:00+00:00,3.0583438,13643.9112066,1872075.604818607,14779.42702049,2027879.2759126339,90597.03103759,12430782.427873265
2013-04-27 00:00:00+00:00,2.83739563,13882.88544863,1780156.1655883456,13843.43525204,1775097.5982643394,90636.48123418,11622014.13339329
2013-04-28 00:00:00+00:00,2.9627086,12630.14172023,1700314.7624470075,7705.95355248,1037402.9741112123,95560.66940193,12864718.424589518
2013-04-29 00:00:00+00:00,3.11966325,14650.96239937,2106960.4435386253,15974.70841053,2297328.85803446,94236.92339077,13552247.59253154
2013-04-30 00:00:00+00:00,3.00006777,17862.24520912,2485167.8803124996,13835.75438855,1924963.63160223,98263.41421134,13671354.185821066
2013-05-01 00:00:00+00:00,2.52047369,27700.07434384,3216360.9211629042,18804.46051036,2183457.3863706267,107159.02804482,12442642.062071051
2013-05-02 00:00:00+00:00,2.32100761,25785.07911156,2742010.70321986,23690.4127893,2519261.823898558,109253.69436708,11618145.440808011
2013-05-03 00:00:00+00:00,2.10886798,31026.27860966,2988353.1211466175,26525.99718923,2554900.2343865223,113753.97578751,10956423.516470429
2013-05-04 00:00:00+00:00,2.45598818,11086.00950153,1247149.86568731,13049.78788822,1468070.292542624,111790.19740082,12576132.976825343
2013-05-05 00:00:00+00:00,2.53233335,8829.45884885,1028532.3227498959,11317.14804036,1318320.0420456086,109302.50820931,12732508.817972865
2013-05-06 00:00:00+00:00,2.43394807,18373.43680117,2060003.941428535,21798.68726582,2444038.2151420736,105877.25774466,11870809.507329388
2013-05-07 00:00:00+00:00,2.41884231,13646.49942694,1523075.0595189782,12280.89490846,1370661.0141149769,107242.86226314,11969291.443486586
2013-05-08 00:00:00+00:00,2.44959787,15002.06804471,1697274.898255674,16819.02717675,1902838.499005728,105425.9031311,11927471.497734383
2013-05-09 00:00:00+00:00,2.42161822,8814.32890669,986980.3604849927,9755.02528957,1092314.3983806227,104485.20674822,11699682.200812396
2013-05-10 00:00:00+00:00,2.54554421,18861.10923576,2219783.5027332115,19853.60710046,2336591.605534607,103492.70888352,12180164.218403758
2013-05-11 00:00:00+00:00,2.486801,9372.02228546,1082466.4902211556,8200.79413632,947189.8994031079,104663.93703266,12088661.45658239
2013-05-12 00:00:00+00:00,2.46930854,7725.73474436,887576.2553001804,9287.31452236,1066979.4030359425,103102.35725466,11844983.964990284
2013-05-13 00:00:00+00:00,2.5169175,9210.26144952,1081325.7410495367,9158.81148788,1075285.2862587292,103153.8072163,12110716.68720759
2013-05-14 00:00:00+00:00,2.31657619,17152.88076661,1850205.2021853162,16453.31014635,1774745.620875764,103853.37783656,11202203.440471767
2013-05-15 00:00:00+00:00,2.33507149,17919.23478785,1952960.9974009711,15193.05893583,1655843.672130955,106579.55368858,11615770.089431005
2013-05-16 00:00:00+00:00,2.41471463,21357.97793868,2411697.462848164,17575.62169199,1984601.836571197,110361.90993527,12461832.246017287
2013-05-17 00:00:00+00:00,2.50090692,15029.34758331,1762711.260249858,13014.10823665,1526354.6873004814,112377.14928193,13180110.80228215
2013-05-18 00:00:00+00:00,2.50453812,12632.08258026,1492731.6407247405,12296.93720568,1453127.5531406477,112712.29465651,13319197.959913874
2013-05-19 00:00:00+00:00,2.47744864,9585.76116569,1121858.8237668006,9238.94990347,1081270.1560566342,113059.10591873,13231745.856144816
2013-05-20 00:00:00+00:00,2.48938747,8177.66474514,963481.3097803752,6993.78604004,823998.3349997413,114242.98462383,13459952.674631516
2013-05-21 00:00:00+00:00,2.4741524,11978.83045505,1404542.3185904154,10407.96507749,1220355.147073902,115813.85000139,13579410.278510027
2013-05-22 00:00:00+00:00,2.50485148,12372.38805398,1472044.1335189564,11977.62270022,1425075.6727348631,116208.61535515,13826288.809530253
2013-05-23 00:00:00+00:00,2.59511089,13676.4549793,1692135.2029672805,15211.1081913,1882011.9457564359,114673.96214315,14188168.534891274
2013-05-24 00:00:00+00:00,2.69072496,21049.07394629,2714721.8136313544,23661.91655401,3051702.9483293546,112061.11953543,14452643.68584737
2013-05-25 00:00:00+00:00,2.65472177,6236.08371448,803487.6777105031,7104.05096722,915320.8448332413,111193.15228269,14326672.282714663
2013-05-26 00:00:00+00:00,2.67740913,7003.53317591,911570.0810071568,6638.08759734,864004.1957184821,111558.59786126,14520311.03946618
2013-05-27 00:00:00+00:00,2.59424673,10921.32156424,1380377.5688051835,9958.75672726,1258716.2019392522,112521.16269824,14221876.729012664
2013-05-28 00:00:00+00:00,2.57846403,10186.79490495,1282564.2895647269,10508.37854944,1323053.1481683818,112199.57905375,14126442.589769661
2013-05-29 00:00:00+00:00,2.63946924,9852.07488979,1276482.2347519598,7641.04783953,990010.9297948903,114410.60610401,14823588.715339724
2013-05-30 00:00:00+00:00,2.56977125,9288.08598395,1175064.2572166685,10545.45730314,1334138.1609017416,113153.23478482,14315362.929870522
2013-05-31 00:00:00+00:00,2.58656508,8438.36923256,1078562.7273086468,12982.43739767,1659369.5654742925,108609.16661971,13882042.339184966
2013-06-01 00:00:00+00:00,2.59949225,7965.79249489,1025923.5846911777,5969.01206314,768755.9344296019,110605.94705146,14245067.237188106
2013-06-02 00:00:00+00:00,2.47023042,14362.42439651,1761216.836174308,13871.21419275,1700981.3454884219,111097.15725522,13623478.767034909
2013-06-03 00:00:00+00:00,2.47098358,15435.02351087,1897723.6059068416,16816.08316852,2067523.7692588635,109716.09759757,13489505.099377178
2013-06-04 00:00:00+00:00,2.41037014,10968.09083744,1318254.4947987536,13813.35585756,1660226.8086004788,106870.83257745,12844802.025818309
2013-06-05 00:00:00+00:00,2.41605705,9412.72366679,1137715.192785563,9702.7551344,1172771.2741884415,106580.80110984,12882413.313560486
2013-06-06 00:00:00+00:00,2.36554851,9478.37410303,1128438.1198512444,14909.52428842,1775038.1418816082,101149.65092445,12042268.080166616
2013-06-07 00:00:00+00:00,2.19162685,22214.45974048,2447983.0686460794,15450.16916808,1702573.5927422687,107913.94149685,11891871.544090237
2013-06-08 00:00:00+00:00,2.17144932,11518.79342811,1257605.110568218,9920.41869248,1083096.882021816,109512.31623248,11956395.383220902
2013-06-09 00:00:00+00:00,1.98865953,23701.4808365,2367863.3426266066,21561.72535647,2154094.059673414,111652.07171251,11154444.296545062
2013-06-10 00:00:00+00:00,2.07770045,11792.74654761,1230662.3335658251,12823.5827747,1338237.8938166196,110621.23548542,11544162.95260854
2013-06-11 00:00:00+00:00,2.13557988,9235.64907498,992901.7318516861,10544.02756592,1133562.2592304437,109312.85699448,11751954.209424088
2013-06-12 00:00:00+00:00,2.11326913,12032.9820422,1280045.9631962173,13538.70892614,1440222.3527814401,107807.13011054,11468319.425542481
2013-06-13 00:00:00+00:00,2.01619261,14009.72564932,1419520.0087858003,14172.30665703,1435993.3501823256,107644.54910283,10906965.283478588
2013-06-14 00:00:00+00:00,1.97525553,11315.29604102,1122627.2304623968,11401.28112941,1131158.0900431266,107558.56401444,10671234.088291563
2013-06-15 00:00:00+00:00,1.98785838,5312.67151524,530603.2663052127,9063.6922481,905236.6023066344,103807.54328158,10367782.268171689
2013-06-16 00:00:00+00:00,1.97078129,11066.00122233,1095958.516062808,8092.60211865,801477.9712065626,106780.94238526,10575408.479459489
2013-06-17 00:00:00+00:00,1.99247389,6481.42452438,648961.0893118266,9720.05581042,973233.2735148709,103542.31109922,10367309.030300183
2013-06-18 00:00:00+00:00,2.07413684,12204.3105483,1272777.4953952054,11485.84823664,1197849.6526505088,104260.77341088,10873270.187995292
2013-06-19 00:00:00+00:00,2.07549068,9409.67479395,982531.4318354425,9170.17254888,957523.2897976615,104500.27565595,10911621.040660651
2013-06-20 00:00:00+00:00,2.07320647,18454.66732624,1925255.4814160466,11764.11505417,1227273.6534159118,111190.82792802,11599816.304855833
2013-06-21 00:00:00+00:00,2.01650897,22117.32249456,2243069.341353236,18902.57829096,1917040.0869006782,114405.57213162,11602653.593875635
2013-06-22 00:00:00+00:00,1.9886398,12055.65060581,1206041.3609464567,18814.60753468,1882204.0899114413,107646.61520275,10768914.47383493
2013-06-23 00:00:00+00:00,1.99397986,10284.7552666,1031712.5977787699,10698.91920093,1073259.3470710493,107232.45126842,10756995.961159194
2013-06-24 00:00:00+00:00,1.96797679,20003.88794574,1981298.7487658346,19852.48684,1966303.1228066166,107383.85237416,10635907.025858304
2013-06-25 00:00:00+00:00,1.94416036,14760.04760672,1444016.61900607,14710.92574418,1439210.8902066592,107432.9742367,10510467.470065303
2013-06-26 00:00:00+00:00,1.95910003,9838.36816098,970571.7517816405,9702.56669009,957174.7057126609,107568.77570759,10611842.672202094
2013-06-27 00:00:00+00:00,1.92349796,18787.57157103,1818711.1314508128,10952.03713102,1060200.4504383474,115404.3101476,11171593.023043124
2013-06-28 00:00:00+00:00,1.78128607,19173.9608438,1714621.9903487198,18458.77032004,1650666.4305497939,116119.50067136,10383929.068250243
2013-06-29 00:00:00+00:00,1.76821188,9787.96980164,869145.2033417801,8097.09645087,719000.2302714759,117810.37402213,10461242.071678532
2013-06-30 00:00:00+00:00,1.78301213,11875.30154196,1062612.7606673301,14721.20587062,1317266.8630989376,114964.46969347,10287125.096401637
2013-07-01 00:00:00+00:00,1.65189371,36144.21809126,2995183.5276314155,29184.18091979,2418422.159186425,121924.50686494,10103587.623735512
2013-07-02 00:00:00+00:00,1.74762367,14797.89528596,1299498.8784046187,16148.13122563,1418071.8278190896,120574.27092527,10588406.445915604
2013-07-03 00:00:00+00:00,1.55181119,27701.38125962,2152157.1750774877,23529.88634572,1828068.1837882395,124745.76583917,9691664.559797794
2013-07-04 00:00:00+00:00,1.58276019,20518.52519799,1623730.841283402,19186.29550706,1518305.0167680804,126077.9955301,9977165.891507074
2013-07-05 00:00:00+00:00,1.36137275,35453.38946011,2391246.8766094055,18364.82400661,1238663.7417191912,143166.5609836,9656244.353509022
2013-07-06 00:00:00+00:00,1.34844416,12814.03794387,850104.8161636807,26791.12853423,1777368.4998571745,129189.47039324,8570646.618965775
2013-07-07 00:00:00+00:00,1.46501861,9586.06038662,691246.235916767,6317.00255574,455516.0371226825,132458.52822412,9551521.204456123
2013-07-08 00:00:00+00:00,1.50296907,13366.1498384,988942.0960126636,15757.82422264,1165898.6247906794,130066.85383988,9623458.408990962
2013-07-09 00:00:00+00:00,1.52222014,13345.73072044,999487.2756213677,19202.68538218,1438125.802122926,124209.89917814,9302316.698524762
2013-07-10 00:00:00+00:00,1.71733658,25171.41564782,2139914.653257709,22844.45947936,1942091.5481910212,126536.8553466,10757363.619188875
2013-07-11 00:00:00+00:00,1.76516035,16122.80054161,1410705.536635369,16014.91442873,1401265.7661455527,126644.74145948,11081104.52036906
2013-07-12 00:00:00+00:00,1.81083744,26104.6933254,2350641.454898939,26194.37021889,2358716.5631086584,126555.06456599,11395865.769730108
2013-07-13 00:00:00+00:00,1.83583015,14218.03493224,1302266.756419475,12412.62075311,1136904.181474743,128360.47874512,11756869.715435633
2013-07-14 00:00:00+00:00,1.80117415,8242.89119011,740972.1944729987,10996.15159353,988469.0200437978,125607.2183417,11291117.89416409
2013-07-15 00:00:00+00:00,1.87663807,20358.72055655,1909569.6588897067,16742.81349957,1570411.488994168,129223.12539868,12120631.981896771
2013-07-16 00:00:00+00:00,1.83749352,15837.79715766,1453609.425571042,13692.35389536,1256698.42102526,131368.56866098,12057143.283781698
2013-07-17 00:00:00+00:00,1.8238974,14804.2973577,1347655.1928755753,11727.12304108,1067535.8567816287,134445.7429776,12238777.65394512
2013-07-18 00:00:00+00:00,1.7072557,48814.61903694,4147374.4395892443,21149.04751875,1796859.6463806485,162111.31449579,13773257.589069141
2013-07-19 00:00:00+00:00,1.7344736,14950.75986147,1289335.5088019925,11190.22015865,965031.0977866723,165871.85419861,14304588.764096905
2013-07-20 00:00:00+00:00,1.70903901,8218.69623311,697856.558219099,8240.95228539,699746.3387394076,165849.59814633,14082431.86773946
2013-07-21 00:00:00+00:00,1.72424963,6235.02383814,534119.265961317,8407.32362403,720207.9156935076,163677.29836044,14021309.416659636
2013-07-22 00:00:00+00:00,1.72449453,10929.23083281,936078.0045930968,15113.5921024,1294464.482804883,159492.93709085,13660415.136488559
2013-07-23 00:00:00+00:00,1.75049177,16623.36045359,1445850.964583332,13462.02351205,1170887.1821965156,162654.27403239,14147190.01371015
2013-07-24 00:00:00+00:00,1.77287254,14093.29788192,1242348.5976863562,15216.8358555,1341390.4144150836,161530.73605881,14239213.923332488
2013-07-25 00:00:00+00:00,1.81143598,11550.92077517,1041501.3879180688,11731.99558521,1057828.1959400799,161349.66124877,14548268.436914371
2013-07-26 00:00:00+00:00,1.80661592,12172.60343265,1095339.3765398704,13299.38473857,1196731.6497665439,160222.87994285,14417493.381349519
2013-07-27 00:00:00+00:00,1.76941732,7220.07907754,636560.2636172668,8175.00845955,720751.8760109735,159267.95056084,14041902.797182826
2013-07-28 00:00:00+00:00,1.85884089,9566.55681638,887258.3688658308,10607.92463627,983840.9043589506,158226.58274095,14674857.674348993
2013-07-29 00:00:00+00:00,1.869772,18013.12331044,1680600.9383229308,19290.45765255,1799774.568398399,156949.24839884,14643160.410460003
2013-07-30 00:00:00+00:00,1.93317595,17680.1838525,1708958.6662494838,15966.76723658,1543340.5822351424,158662.66501476,15336262.261145676
2013-07-31 00:00:00+00:00,1.95512089,25118.6529958,2462241.3893328756,17491.78771149,1714622.3439551585,166289.53029907,16300434.747976147
2013-08-01 00:00:00+00:00,1.92448734,14048.66703746,1356651.9289026284,11252.17257278,1086600.0015875672,169086.02476375,16328302.253485033
2013-08-02 00:00:00+00:00,1.90836477,21815.5034287,2095914.2535434135,20098.6227562,1930965.7486928708,170802.90543625,16409808.979219
2013-08-03 00:00:00+00:00,1.88398021,10198.83504135,974057.1758038484,14715.16461692,1405396.9527041717,166286.57586068,15881483.69889767
2013-08-04 00:00:00+00:00,1.89918712,4811.22623452,463636.13593852264,4863.64840831,468687.823992414,166234.15368689,16019234.373851769
2013-08-05 00:00:00+00:00,1.91794773,14396.66385931,1404065.363054399,13980.13342296,1363442.3434401173,166650.68412324,16252963.574991425
2013-08-06 00:00:00+00:00,1.91969225,13080.68497436,1277606.2846568038,12481.76002088,1219108.5617849731,167249.60907672,16335471.122624893
2013-08-07 00:00:00+00:00,1.90613164,15881.40636378,1541357.2990385168,14552.0656233,1412339.1877759558,168578.9498172,16361296.273961935
2013-08-08 00:00:00+00:00,1.85073304,20677.56876398,1949011.2185478157,14412.8993029,1358520.566599977,174843.61927828,16480282.539719595
2013-08-09 00:00:00+00:00,1.81530455,14339.89802861,1326050.1888560837,16264.08124898,1503984.7541978064,172919.43605791,15990340.404373547
2013-08-10 00:00:00+00:00,1.83035886,8979.63088157,837741.6686097711,15340.2924937,1431150.389155782,166558.77444578,15538859.83355813
2013-08-11 00:00:00+00:00,1.84834368,5835.9586727,550163.4831316534,6970.44713497,657113.1993616301,165424.28598351,15594764.54091282
2013-08-12 00:00:00+00:00,1.87013093,11448.18804215,1092689.1454183708,9719.35238565,927677.8834514492,167153.12164001,15954175.539951565
2013-08-13 00:00:00+00:00,1.90506811,19019.92473421,1859370.2501978492,16912.87821159,1653387.330985988,169260.16816263,16546717.488267247
2013-08-14 00:00:00+00:00,1.92870802,20171.46781685,1999421.861802549,15850.08269074,1571080.6040981817,173581.55328874,17205627.057106677
2013-08-15 00:00:00+00:00,1.90518517,19476.58693576,1910776.5263209294,10545.13986936,1034545.0050156739,182513.00035514,17905681.214951362
2013-08-16 00:00:00+00:00,1.90684121,16104.56241769,1582932.904556114,17006.42829949,1671578.168101406,181611.13447334,17850732.80077673
2013-08-17 00:00:00+00:00,1.92994937,8860.7978321,882805.7572514736,11918.35790706,1187432.0097022892,178553.57439838,17789382.676769804
2013-08-18 00:00:00+00:00,1.91982911,11102.63691072,1101137.764781716,10533.71539695,1044713.244278478,179122.49591215,17765018.018411998
2013-08-19 00:00:00+00:00,1.98520771,24833.09735637,2552445.3834667504,25322.10120673,2602707.161223953,178633.49206179,18360667.040541474
2013-08-20 00:00:00+00:00,2.01417621,26314.20762606,2749840.2488980987,17240.80415649,1801667.6719512683,187706.89553136,19615410.186878163
2013-08-21 00:00:00+00:00,2.12829753,23223.67764857,2573220.7282140297,27615.82266335,3059877.439712509,183314.75051658,20311568.346527264
2013-08-22 00:00:00+00:00,2.10024403,18365.38946395,2011436.532469136,14361.16071215,1572880.5186397666,187318.97926838,20515777.183208775
2013-08-23 00:00:00+00:00,2.06093411,14019.45796103,1509861.577488944,21171.850411,2280156.8754491163,180166.58681841,19403503.883003026
2013-08-24 00:00:00+00:00,2.08130944,6956.16660956,757406.02849949,5480.89293163,596774.284024716,181641.86049634,19777651.670780417
2013-08-25 00:00:00+00:00,2.15729459,11087.2756185,1253777.5482087522,8121.70076984,918422.7423285402,184607.435345,20875882.013950843
2013-08-26 00:00:00+00:00,2.13483001,23014.64469917,2580358.577501174,17727.06686277,1987525.318387168,189895.0131814,21290670.896387782
2013-08-27 00:00:00+00:00,2.23422335,23727.18826681,2794108.725756352,20080.82315226,2364713.532811837,193541.37829595,22791392.21262349
2013-08-28 00:00:00+00:00,2.23736392,17750.66366876,2100212.6287733233,16120.94911236,1907389.0162866078,195171.09285235,23092139.06753215
2013-08-29 00:00:00+00:00,2.23910779,12575.19737979,1494381.606410824,15532.26083325,1845786.1291694234,192214.02939889,22841876.859081745
2013-08-30 00:00:00+00:00,2.34219842,21007.21039058,2623493.4440186783,18893.29384418,2359496.173673356,194327.94594529,24268719.296765633
2013-08-31 00:00:00+00:00,2.39605237,16715.22311719,2145866.5616448577,13090.21496182,1680495.3409461246,197952.95410066,25412800.176539645
2013-09-01 00:00:00+00:00,2.42498554,10793.4527869,1408938.1682056852,7859.43406736,1025942.0091631287,200886.9728202,26223056.614950866
2013-09-02 00:00:00+00:00,2.39758629,14735.94721222,1909268.478086311,9796.10846331,1269236.4343842277,205826.81156911,26668027.349339936
2013-09-03 00:00:00+00:00,2.37429811,19135.42531595,2471967.8908446627,18864.61191193,2436983.456054505,206097.62497313,26624269.014196686
2013-09-04 00:00:00+00:00,2.2514393,21042.93887477,2578375.281372967,22508.28975492,2757923.609218318,204632.27409298,25073436.7681446
2013-09-05 00:00:00+00:00,2.24501895,26911.46808384,3293158.637916628,17524.53094407,2144478.3418767154,214019.21123275,26189549.07831495
2013-09-06 00:00:00+00:00,2.16099099,22962.33529812,2706367.1623864505,17068.17432214,2011674.592658233,219913.37220873,25919242.15844475
2013-09-07 00:00:00+00:00,2.19342788,13063.46766674,1565199.241060631,12954.9836536,1552201.2301675314,220021.85622187,26361916.388557345
2013-09-08 00:00:00+00:00,2.15970205,8951.04615799,1056737.1142758748,6485.04588744,765607.5676609902,222487.85649242,26266334.82627691
2013-09-09 00:00:00+00:00,2.21003514,14128.80846266,1713249.0375590539,10670.31492664,1293874.626924929,225946.35002844,27398090.06182302
2013-09-10 00:00:00+00:00,2.22281192,10836.457526,1324383.4019146028,19253.07536542,2353024.813560569,217529.73218902,26585511.551431224
2013-09-11 00:00:00+00:00,2.30280245,12239.30864717,1555472.036411398,20653.75734458,2624849.403054236,209115.28349161,26576090.630139615
2013-09-12 00:00:00+00:00,2.28428174,17176.9376008,2177704.5774623663,14682.41216021,1861446.8371818077,211609.8089322,26828044.68743755
2013-09-13 00:00:00+00:00,2.29152617,13042.1331853,1661668.7814536048,14131.17186198,1800420.7436613175,210520.77025552,26821976.651445888
2013-09-14 00:00:00+00:00,2.22795516,11963.14620498,1487599.0166816877,7851.95767324,976378.9820503648,214631.95878726,26689157.29772495
2013-09-15 00:00:00+00:00,2.23809743,6240.89451308,780588.7300896917,8130.392137,1016920.32449046,212742.46116334,26609064.974195696
2013-09-16 00:00:00+00:00,2.25259491,12916.78319972,1630158.3093187904,15090.79596579,1904528.8643073547,210568.44839727,26574720.6969159
2013-09-17 00:00:00+00:00,2.26165636,17794.97140125,2258132.937247348,16327.87423244,2071962.3408282115,212035.54556608,26906727.665566396
2013-09-18 00:00:00+00:00,2.25652894,26161.99616562,3320057.2366462396,16058.79054312,2037921.8549284672,222138.75118858,28190255.96343388
2013-09-19 00:00:00+00:00,2.19436054,14924.17595255,1853298.4572220328,13029.43333982,1618007.5056700069,224033.49380131,27820693.73532727
2013-09-20 00:00:00+00:00,2.17030968,14874.06148348,1828343.9698100802,16502.74310859,2028544.1795051696,222404.8121762,27338363.341494087
2013-09-21 00:00:00+00:00,2.17848848,7598.67680133,938499.3262304795,8343.70636331,1030516.628745259,221659.78261422,27376813.368273392
2013-09-22 00:00:00+00:00,2.16687478,4796.60512237,590581.6945152051,5834.19962148,718335.4499048635,220622.18811511,27164092.598953635
2013-09-23 00:00:00+00:00,2.16034239,15857.95847308,1948399.1526098978,13791.09910325,1694453.0313877475,222689.04748494,27360845.480313014
2013-09-24 00:00:00+00:00,2.17210146,17030.23802792,2108298.4686127063,14478.51045288,1792401.3372893627,225240.77505998,27884212.795474008
2013-09-25 00:00:00+00:00,2.16519894,17436.72540232,2155424.744565949,19713.83594239,2436907.6658675466,222963.66451991,27561447.952915084
2013-09-26 00:00:00+00:00,2.18059655,14625.13324839,1823544.6031338102,12554.54103294,1565371.4162200852,225034.25673536,28058548.07751364
2013-09-27 00:00:00+00:00,2.21042861,17388.90545684,2201528.422352562,23637.27099488,2992604.9141643196,218785.89119732,27699463.83779842
2013-09-28 00:00:00+00:00,2.21128719,17903.53464025,2270106.4560573557,16744.86486885,2123191.12445684,219944.56096872,27888211.90131313
2013-09-29 00:00:00+00:00,2.21364079,11498.50027627,1461558.590760373,11342.08681108,1441677.0898457856,220100.97443391,27976732.81640896
2013-09-30 00:00:00+00:00,2.19174983,16475.32629391,2077378.2062192035,21066.08580701,2656228.2752483445,215510.21492081,27173739.42752171
2013-10-01 00:00:00+00:00,2.21273466,26991.96042194,3443510.803875905,25297.18984053,3227299.727838882,217204.98550222,27710018.188402724
2013-10-02 00:00:00+00:00,1.81680607,58098.2891148,6048327.7872605715,39927.01512569,4156605.620002091,235376.25949133,24503867.367416315
2013-10-03 00:00:00+00:00,2.04455417,23753.63587326,2792845.4966118624,23905.98954669,2810758.5551853604,235223.9058179,27656567.169934243
2013-10-04 00:00:00+00:00,2.11654681,19193.19537092,2340232.9860071638,16956.29072784,2067486.4249931562,237460.81046098,28953679.19646946
2013-10-05 00:00:00+00:00,2.10462698,8978.87971584,1089976.7610364438,11030.6422944,1339047.2019567443,235409.04788242,28577105.346103694
2013-10-06 00:00:00+00:00,2.12014896,5586.2664441,684179.4421573395,7713.41769789,944702.8476850898,233281.89662863,28571261.23465748
2013-10-07 00:00:00+00:00,2.126249,16841.39421064,2086764.4866810653,14344.13988418,1777337.5130297348,235779.15095509,29214657.21656535
2013-10-08 00:00:00+00:00,2.13762894,16664.76584134,2079204.989462722,22349.38991331,2788455.8031968996,230094.52688312,28708095.445100997
2013-10-09 00:00:00+00:00,2.15267013,23305.12920557,2934896.9621993513,21289.75879218,2681094.2713071215,232109.89729651,29230416.465964805
2013-10-10 00:00:00+00:00,2.16263506,26962.06879218,3416219.502983441,28591.66205133,3622696.5473359586,230480.30403736,29202926.369446445
2013-10-11 00:00:00+00:00,2.16817047,17779.4195362,2262525.353396367,17508.98509783,2228111.1380167343,230750.73847573,29364254.27462846
2013-10-12 00:00:00+00:00,2.174057,16331.39202689,2087989.0972528283,16459.60646271,2104381.4748077723,230622.52403991,29485380.975693833
2013-10-13 00:00:00+00:00,2.2466238,19985.07618002,2646337.0261300392,17529.7110034,2321208.2289700913,233077.88921653,30863162.224149276
2013-10-14 00:00:00+00:00,2.28766824,42180.90715767,5708730.015514133,38641.03928649,5229647.147722257,236617.75708771,32023656.746903807
2013-10-15 00:00:00+00:00,2.37863355,34478.92279074,4878557.547670093,26568.460687,3759275.3463095687,244528.21919145,34599253.48001778
2013-10-16 00:00:00+00:00,2.31116231,25994.5899371,3595777.6070838105,25146.55428785,3478470.5980115174,245376.2548407,33942387.41989221
2013-10-17 00:00:00+00:00,2.38998533,24449.982266,3514614.8731729053,24695.9289976,3549969.010917687,245130.3081091,35236779.20796492
2013-10-18 00:00:00+00:00,2.52745724,32700.27880359,4995803.804664381,24232.93899105,3702201.1199609865,253597.64792164,38743525.764733784
2013-10-19 00:00:00+00:00,2.71725799,38676.47510413,6411504.366809283,29636.93359958,4912995.010040439,262637.18942619,43538080.50911863
2013-10-20 00:00:00+00:00,2.71537286,32859.38850113,5471093.149875273,25018.88463772,4165648.0720644696,270477.6932896,45034576.79682343
2013-10-21 00:00:00+00:00,2.87138391,47106.25287686,8474915.56511386,45083.79462687,8111053.8300818,272500.15153959,49025673.5515724
2013-10-22 00:00:00+00:00,2.97641992,53231.26783802,10135381.454572732,45576.40224282,8677873.753893424,280155.01713479,53342294.48965675
2013-10-23 00:00:00+00:00,3.12646993,32012.64801887,6549799.019958941,33537.28968953,6861741.240870847,278630.37546413,57007872.60928906
2013-10-24 00:00:00+00:00,2.94581752,31730.09546651,6168649.248313423,38256.97180601,7437539.563124688,272103.49912463,52899653.173442565
2013-10-25 00:00:00+00:00,2.72008931,29911.77199822,5552934.648353391,18952.07978155,3518335.874036129,283063.1913413,52548922.97808795
2013-10-26 00:00:00+00:00,2.63011758,16751.38754602,3012037.1436968315,8492.5686274,1527033.6311454277,291322.01025992,52382091.52935449
2013-10-27 00:00:00+00:00,2.83044183,13032.62258758,2535446.330590753,12595.76679985,2450457.726297637,291758.86604765,56760559.23255227
2013-10-28 00:00:00+00:00,2.84330802,13625.28073278,2674297.715437617,13983.61053826,2744628.785964694,291400.53624217,57194549.13504236
2013-10-29 00:00:00+00:00,2.92026025,13697.32192874,2800118.5128720384,21900.92147042,4477165.388776182,283196.93670049,57893432.69941226
2013-10-30 00:00:00+00:00,2.81514522,29629.00803593,5863598.450559639,25393.95310453,5025478.541054794,287431.99163189,56882963.43671771
2013-10-31 00:00:00+00:00,2.87412323,16045.05268202,3261696.8722366774,17487.50219875,3554923.2748118313,285989.54211516,58136997.95792631
2013-11-01 00:00:00+00:00,2.85280581,14941.89942833,3033760.075588316,9581.0537694,1945309.4666505416,291350.38777409,59154940.68714912
2013-11-02 00:00:00+00:00,2.86731813,9630.47322043,1972252.3596330013,7238.68346638,1482430.844303506,293742.17752814,60156306.91175349
2013-11-03 00:00:00+00:00,2.92760426,14145.31290589,2974411.0834489167,14806.16493609,3113371.9969489723,293081.32549794,61627787.85543759
2013-11-04 00:00:00+00:00,3.1028572,25899.02350215,5925464.492675992,38593.04341556,8829742.496052789,280387.30558453,64150102.92956808
2013-11-05 00:00:00+00:00,3.23550814,44255.37358164,10782453.077536713,42945.68594155,10463358.595158221,281696.99322462,68633125.55535057
2013-11-06 00:00:00+00:00,3.44238515,33506.67561932,8819278.15055333,32515.92465212,8558503.00064176,282687.74419182,74406123.54699256
2013-11-07 00:00:00+00:00,3.65033333,51160.17903766,14842807.354711346,41910.20008352,12159164.368427651,291937.72314596,84698206.02149975
2013-11-08 00:00:00+00:00,4.05004446,43719.13988593,14591291.639068272,41290.44871984,13780714.367920885,294366.41431205,98244984.03172448
2013-11-09 00:00:00+00:00,3.9318261,40957.50224378,13559028.155495888,34697.10812039,11486517.491190497,300626.80843544,99522850.18777071
2013-11-10 00:00:00+00:00,3.83414476,27756.75876041,9091966.525076123,23065.81989723,7555408.907403432,305317.74729862,100009470.19470008
2013-11-11 00:00:00+00:00,3.93601752,18297.00685397,6270342.035276003,24611.58509337,8434333.429363387,299003.16905922,102467696.1973137
2013-11-12 00:00:00+00:00,3.97746675,25173.21951355,8927568.726741146,30467.65393553,10805216.007654434,293708.73463724,104162477.61660905
2013-11-13 00:00:00+00:00,4.2842717,36867.33369089,14544328.867995182,46868.27641999,18489745.73110721,283707.79190814,111923999.2379584
2013-11-14 00:00:00+00:00,4.37591685,30030.58371716,12513933.526801411,26458.0519716,11025237.029677393,287280.3236537,119711521.68135004
2013-11-15 00:00:00+00:00,4.19286144,31441.58399599,12840705.090266304,23368.17501711,9543534.572898993,295353.73263258,120622109.19551691
2013-11-16 00:00:00+00:00,4.38705732,20155.13889637,8783578.144798437,24568.85918819,10707070.57478441,290940.01234076,126791204.31682757
2013-11-17 00:00:00+00:00,4.73725385,27973.59048158,13576606.646691551,21803.13734916,10581860.045754667,297110.46547318,144198576.260739
2013-11-18 00:00:00+00:00,5.88406778,57258.38422149,37663334.30750742,57671.80436361,37935273.19006287,296697.04533106,195160938.58197606
2013-11-19 00:00:00+00:00,4.73213355,63205.70885739,34565836.76086761,57688.17919766,31548418.983435724,302214.57499079,165274622.4151436
2013-11-20 00:00:00+00:00,4.91891962,40490.75728995,24105730.989118297,51107.24313589,30426140.114080053,291598.08914485,173599743.85095948
2013-11-21 00:00:00+00:00,5.68827806,29093.17306033,20969324.159820855,29714.74780495,21417333.12338307,290976.51440023,209725520.16586375
2013-11-22 00:00:00+00:00,5.68433725,30418.08339149,24423194.246282514,38695.69065984,31069425.29271036,282698.90713188,226983739.67984185
2013-11-23 00:00:00+00:00,5.59412815,26679.26579605,22258387.127975874,21536.1628675,17967520.32160217,287842.01006043,240145247.64652073
2013-11-24 00:00:00+00:00,5.296892,19334.98708778,15606557.635172905,20634.59674774,16655559.269842317,286542.40040047,231287482.45180157
2013-11-25 00:00:00+00:00,5.13246251,29977.17551504,24468671.263578903,22570.01819569,18422628.088035062,293949.55771982,239934382.48750535
2013-11-26 00:00:00+00:00,5.08521124,52781.17691148,48352686.27746796,39860.94099003,36516494.84148533,306869.79364127,281122546.4875978
2013-11-27 00:00:00+00:00,5.07240404,52769.15174997,50811973.510400765,48044.81029998,46262855.23485227,311594.13509126,300037283.39753616
2013-11-28 00:00:00+00:00,5.00804872,89533.05511974,90194450.4497245,83427.13326248,84043423.14848918,317700.05694852,320046959.25985676
2013-11-29 00:00:00+00:00,5.25316203,57470.6633343,64868602.51876618,49461.48342602,55828437.018163264,325709.2368568,367636317.32338995
2013-11-30 00:00:00+00:00,5.06423911,31186.26044545,34906678.863073654,36928.16652326,41333575.47258,319967.33077899,358138382.17998326
2013-12-01 00:00:00+00:00,4.31245878,49255.00266817,47505750.34150967,36251.8090484,34964354.822668344,332970.52439876,321145340.499415
2013-12-02 00:00:00+00:00,4.55216972,35104.870614,36537437.816660285,33898.10729698,35281428.639476165,334177.28771578,347814467.22626865
2013-12-03 00:00:00+00:00,4.5167953,19995.58017231,21067763.72557372,21698.70374476,22862210.533849873,332474.16414333,350301770.4247034
2013-12-04 00:00:00+00:00,4.71817918,30595.96824142,34724350.49242452,24754.20866505,28094349.264101416,338315.9237197,383965646.05225873
2013-12-05 00:00:00+00:00,4.1962207,48797.32297797,50134944.11000786,48190.03959144,49511014.00924469,338923.20710623,348213693.06522423
2013-12-06 00:00:00+00:00,3.37225697,40876.13349731,33705712.07120869,41415.14222905,34150168.813113876,338384.19837449,279025421.0469271
2013-12-07 00:00:00+00:00,2.86818513,42026.62891541,29576171.849055186,39005.39646326,27449984.41725843,341405.43082664,240263517.5106078
2013-12-08 00:00:00+00:00,3.17322401,21639.01543495,16955755.779021524,21587.06356346,16915047.677125867,341457.38269813,267556904.6742426
2013-12-09 00:00:00+00:00,3.60228356,23153.65649634,20747512.071573112,23307.6742936,20885524.229972117,341303.36490087,305834876.8570821
2013-12-10 00:00:00+00:00,3.88194448,23420.09833496,22885308.99236359,22694.15951346,22175946.71719413,342029.30372237,334219190.20916784
2013-12-11 00:00:00+00:00,3.43846013,22334.18540941,19552776.060708847,22736.48958697,19904978.899000145,341626.99954481,299082151.23785937
2013-12-12 00:00:00+00:00,3.41655496,18240.9052212,15930235.013345007,18782.05037516,16402830.499938322,341085.85439085,297878737.61104715
2013-12-13 00:00:00+00:00,3.40755236,14553.95754033,12795201.064491283,17836.83161954,15681359.952649357,337802.98031164,296981562.6639392
2013-12-14 00:00:00+00:00,3.3146272,12336.54320944,10521296.382304465,17063.37060135,14552600.054164898,333076.15291973,284066035.6188483
2013-12-15 00:00:00+00:00,3.34036895,14359.89192439,12407832.022891773,13129.99136545,11345122.106930029,334306.05347867,288861042.8017143
2013-12-16 00:00:00+00:00,2.62754698,49236.45252364,33377101.00557686,41890.34481888,28397217.884592537,341652.16118343,231603986.64217028
2013-12-17 00:00:00+00:00,2.64569174,37852.39238498,25839056.452960826,29458.76576201,20109342.200023483,350045.7878064,238950626.42961913
2013-12-18 00:00:00+00:00,2.04906035,90038.3630303,47371071.464360185,69206.61899787,36411053.95543,370877.53183883,195126449.14868572
2013-12-19 00:00:00+00:00,2.65997338,46666.06159743,31990757.894618243,43930.85564559,30115705.481751863,373612.73779067,256120920.25492555
2013-12-20 00:00:00+00:00,2.33082877,34983.1873599,20997502.167489406,20871.19547919,12527245.382298402,387724.72967138,232718956.3348958
2013-12-21 00:00:00+00:00,2.28074868,19557.8016019,11676662.792525487,29078.67109591,17360940.853838746,378203.86017737,225800375.31895134
2013-12-22 00:00:00+00:00,2.38571042,22029.97926916,13548724.417300284,30711.90131177,18888219.64471875,369521.93813476,227260808.77176633
2013-12-23 00:00:00+00:00,2.54494127,14881.41100056,9790876.651082551,23958.41270298,15762877.829379167,360444.93643234,237146323.82531
2013-12-24 00:00:00+00:00,2.46859013,28237.15677088,18372922.41488316,39565.64573986,25743970.803139236,349116.44746336,227157764.32628584
2013-12-25 00:00:00+00:00,2.56119713,19556.16979133,13264757.49948765,30450.05447617,20653972.264633,338222.56277852,229413035.5782305
2013-12-26 00:00:00+00:00,2.81662728,18305.96420477,13729410.820966959,15232.84409602,11424581.203513136,341295.68288727,255970600.0386919
2013-12-27 00:00:00+00:00,2.69881739,15725.53678123,11362810.036140593,18043.83088592,13037941.122981414,338977.38878258,244935084.1798204
2013-12-28 00:00:00+00:00,2.67127051,10079.10048195,7215147.897713598,11252.73155251,8055294.472956794,337803.75771202,241817618.21508205
2013-12-29 00:00:00+00:00,2.70995202,11172.17504809,8125201.328828216,9702.81373898,7056577.143303088,339273.11902113,246743573.71239534
2013-12-30 00:00:00+00:00,2.73973508,15750.63477079,11588403.481503,23978.615928,17642074.770026635,331045.13786392,243563810.85487363
2013-12-31 00:00:00+00:00,2.71424112,11544.34702613,8422265.912664333,11405.96726947,8321309.91187171,331183.51762058,241617446.6150935
2014-01-01 00:00:00+00:00,2.79859382,11170.82544127,8404979.888648376,9315.66277636,7009147.058682753,333038.68028549,250579818.35434562
2014-01-02 00:00:00+00:00,2.90688604,33130.51331283,26005959.47057935,14284.76726339,11212898.363229329,351884.42633493,276213412.18551046
2014-01-03 00:00:00+00:00,2.97276592,55086.58079936,44467151.653962314,17759.60045735,14335956.877177171,389211.40667694,314180375.6016849
2014-01-04 00:00:00+00:00,3.00082617,13729.38992334,11376200.808971142,12657.44573379,10487985.642498255,390283.35086649,323389589.5335756
2014-01-05 00:00:00+00:00,3.23751863,21808.36129188,19681770.850137882,43393.00830868,39161642.39023138,368698.70384969,332745927.34367186
2014-01-06 00:00:00+00:00,3.25855458,29254.16217416,26751759.99623655,25318.35010175,23152617.442620553,372634.5159221,340759344.838357
2014-01-07 00:00:00+00:00,2.85648041,24477.9227397,19664383.200151343,17555.99403283,14103639.340327885,379556.44462897,304917351.55148077
2014-01-08 00:00:00+00:00,2.89105715,21868.08425143,17946918.272123173,30572.69211183,25090702.9797966,370851.83676857,304354397.4418821
2014-01-09 00:00:00+00:00,2.91922133,15328.57172655,12743174.35162018,11862.67404621,9861853.168319749,374317.73444891,311183340.37110615
2014-01-10 00:00:00+00:00,2.98942387,9753.30626545,8322485.067257176,16159.53255619,13788910.625021007,367911.50815817,313938468.5955173
2014-01-11 00:00:00+00:00,3.08800818,14348.10021493,12763436.29776431,15284.77914137,13596664.504285693,366974.82923173,326444601.4189603
2014-01-12 00:00:00+00:00,2.92251348,15207.10136558,12852910.262393193,9846.3215936,8322025.665170436,372335.60900371,314694829.4071347
2014-01-13 00:00:00+00:00,2.83904175,20923.19667224,17217217.56327447,26025.45305705,21415747.052672766,367233.3526189,302187883.98232794
2014-01-14 00:00:00+00:00,2.80186801,11524.11958912,9395540.97789601,18688.80655896,15236864.429839613,360068.66564906,293561679.6406757
2014-01-15 00:00:00+00:00,2.87183201,14934.78734305,12561498.156129314,12133.26896045,10205169.459305335,362870.18403166,305206431.32887906
2014-01-16 00:00:00+00:00,2.77584537,12365.56975406,10088509.442270488,17901.50395859,14605027.937170573,357334.24982713,291532863.03237414
2014-01-17 00:00:00+00:00,2.69438096,14111.521932,11188030.968969211,22644.5084186,17953234.43390449,348801.26334053,276539933.47238874
2014-01-18 00:00:00+00:00,2.74847429,10774.18812183,8724760.072470961,5321.58456744,4309331.527468455,354253.86689492,286868946.2680618
2014-01-19 00:00:00+00:00,2.83776277,12539.60923688,10513565.446238592,10236.38740392,8582478.677855723,356557.08872788,298947616.05773795
2014-01-20 00:00:00+00:00,2.79830469,17056.77275887,14138106.782607334,25894.01930749,21463169.802142747,347719.84217926,288219836.6983131
2014-01-21 00:00:00+00:00,2.77609902,20883.73538032,17204396.356798943,15883.79373185,13085354.609018164,352719.78382773,290576894.0921968
2014-01-22 00:00:00+00:00,2.75067841,16694.21348788,13672166.634821786,12635.4977885,10348174.318227932,356778.49952711,292193166.2607355
2014-01-23 00:00:00+00:00,2.72035724,17218.19664645,13962621.782037286,16045.93828214,13012011.18629497,357950.75789142,290270296.6899821
2014-01-24 00:00:00+00:00,2.61463948,22309.66977514,17424800.56658989,10206.61410358,7971799.538386896,370053.81356298,289027760.84234977
2014-01-25 00:00:00+00:00,2.68630023,12372.9326066,9952827.086957704,20492.58287954,16484300.080678938,361934.16329004,291141013.9069983
2014-01-26 00:00:00+00:00,2.7159709,16314.98925447,13288548.654880561,9835.27328304,8010824.004675058,368413.87926147,300072876.7478661
2014-01-27 00:00:00+00:00,2.47713004,24779.89641133,18404063.136328213,38784.84213467,28805555.581443936,354408.93353813,263220002.24069586
2014-01-28 00:00:00+00:00,2.62930512,23985.52153632,18952793.104690947,27510.03698564,21737782.040791336,350884.41808881,277260586.95980364
2014-01-29 00:00:00+00:00,2.63373693,13284.36835003,10539610.94367332,11475.81996242,9104736.821248518,352692.96647642,279821106.3774883
2014-01-30 00:00:00+00:00,2.64884556,13602.84268927,10875125.58329987,33563.14822701,26832880.470459234,332732.66093868,266011271.0285168
2014-01-31 00:00:00+00:00,2.65797129,12779.18052947,10264718.282930499,8439.5551264,6778967.9945425065,337072.28634175,270749133.8980906
2014-02-01 00:00:00+00:00,2.67963991,11021.22731376,8962677.507912155,16778.68246396,13644752.589793932,331314.83119155,269431697.6704434
2014-02-02 00:00:00+00:00,2.68024654,12338.48477593,10049583.204893207,8754.36785945,7130352.697878528,334898.94810803,272772135.7494792
2014-02-03 00:00:00+00:00,2.65176796,9669.18995997,7803011.432141286,19706.73111066,15903281.327931572,324861.40695734,262162319.99205562
2014-02-04 00:00:00+00:00,2.627458,12042.56215258,9634991.834505342,37896.50653758,30320169.94553236,299007.46257234,239229361.97787824
2014-02-05 00:00:00+00:00,2.49283475,14772.00775835,11588251.475935003,13078.6408064,10259849.649910914,300700.82952429,235891890.1582648
2014-02-06 00:00:00+00:00,2.4248508,17714.0503912,13525906.514045943,18039.26658069,13774231.638946867,300375.6133348,229357621.51179516
2014-02-07 00:00:00+00:00,2.26379227,53100.92308056,37785091.45616126,48285.40165397,34358504.74246588,305191.13476139,217165244.3983681
2014-02-08 00:00:00+00:00,2.15811443,14705.18356365,9965442.63317968,11247.12002959,7621974.180616422,308649.19829545,209166098.8845725
2014-02-09 00:00:00+00:00,2.18797536,15640.21526227,10751178.666160598,19141.67119538,13158100.674412418,305147.74236234,209760405.64015257
2014-02-10 00:00:00+00:00,2.1809637,38676.31304222,26510968.802154567,37838.07625761,25936393.112342678,305985.97914695,209740383.9452398
2014-02-11 00:00:00+00:00,2.13932234,26873.90902854,18056571.190787584,29936.50974164,20114331.66568978,302923.37843385,203534124.5754697
2014-02-12 00:00:00+00:00,2.08400611,16734.70854553,10940579.800598906,9736.12087247,6365142.665241509,309921.96610691,202616376.193588
2014-02-13 00:00:00+00:00,1.95543342,21397.66236616,13115021.301359061,16552.76473782,10145494.326343702,314766.86373525,192926407.20317274
2014-02-14 00:00:00+00:00,2.12998114,31499.43329716,21066461.97936633,23941.60439906,16011872.151468225,322324.69263335,215567080.7888349
2014-02-15 00:00:00+00:00,2.08368328,16917.82722116,11070638.04193246,24379.2370465,15953213.46837625,314863.28280801,206039309.36842188
2014-02-16 00:00:00+00:00,1.98508729,27379.79644452,17064466.948933348,23134.41382717,14418530.865875106,319108.66542536,198884578.46293348
2014-02-17 00:00:00+00:00,2.01155832,14565.5685757,9195747.356710618,29833.98108083,18835224.401874226,303840.25292023,191824863.41898352
2014-02-18 00:00:00+00:00,1.99849686,18914.48697768,11864523.562759569,16620.79377949,10425754.590184212,306133.94611842,192029179.6107742
2014-02-19 00:00:00+00:00,1.9894402,16939.03908389,10562170.750106312,21169.57900694,13200082.193081403,301903.40619537,188248891.24359432
2014-02-20 00:00:00+00:00,1.80129677,25538.76690599,14397953.870826945,20992.1033695,11834687.911059719,306450.06973186,172766914.86134937
2014-02-21 00:00:00+00:00,1.85383269,18810.7758538,10916350.630280074,24330.46460313,14119560.228119504,300930.38098253,174637217.4992156
2014-02-22 00:00:00+00:00,1.93944631,16836.27153166,10221715.18042512,21487.78317308,13045762.480186095,296278.86934111,179878199.9142905
2014-02-23 00:00:00+00:00,1.94857991,19382.79436148,11825100.22474931,18890.4683946,11524740.854834493,296771.19530799,181054860.45447955
2014-02-24 00:00:00+00:00,1.7420652,55306.5153958,29990878.868551962,36447.49248216,19764259.676680494,315630.21822163,171155741.3117801
2014-02-25 00:00:00+00:00,1.72827883,69214.98924653,36940568.87042873,57170.39915165,30512279.06269313,327674.80831651,174882550.08762303
2014-02-26 00:00:00+00:00,1.89989181,28770.23253422,16904772.617497854,27540.43388212,16182169.261604628,328904.60696861,193257304.64773223
2014-02-27 00:00:00+00:00,1.89448535,23779.35204199,13920288.241275249,26542.41775242,15537770.124332933,326141.54125818,190921277.15468633
2014-02-28 00:00:00+00:00,1.78120748,19821.93265974,10927727.812746894,22721.2441666,12526103.083977722,323242.22975132,178201750.80516863
2014-03-01 00:00:00+00:00,1.83532329,12448.91585435,7065185.941471132,14359.9518523,8149764.295468414,321331.19375337,182366453.37024686
2014-03-02 00:00:00+00:00,1.80787101,11984.90138959,6693899.493626048,10071.90264414,5625436.6905363435,323244.19249882,180540837.68806323
2014-03-03 00:00:00+00:00,2.18083347,41398.19608492,28006116.978281688,38819.31821229,26261491.313302845,325823.07037145,220421174.9789186
2014-03-04 00:00:00+00:00,2.17294282,33607.85505311,22668881.343817335,40344.71463896,27212969.930853177,319086.2107856,215227286.5767938
2014-03-05 00:00:00+00:00,2.15549405,22336.97404611,14973341.51910904,23689.8763391,15880244.487841854,317733.30849261,212988980.97098365
2014-03-06 00:00:00+00:00,2.14266138,20010.0017896,13360935.003349062,33420.24617867,22315127.28905462,304323.06410354,203200415.5852056
2014-03-07 00:00:00+00:00,1.96402906,18269.35279381,11542034.407901745,16997.57941058,10738565.762134079,305594.83748677,193065740.69468507
2014-03-08 00:00:00+00:00,1.93041869,18773.43421015,11668142.073516166,17554.69402691,10910665.660326988,306813.57767001,190692037.17676434
2014-03-09 00:00:00+00:00,1.95221351,9779.07249267,6264267.395954203,11134.23983946,7132358.989806429,305458.41032322,195670209.2189224
2014-03-10 00:00:00+00:00,1.9107893,21781.19741423,13681886.189829918,15966.48431601,10029366.940158915,311273.12342144,195526598.81879038
2014-03-11 00:00:00+00:00,1.92512349,13224.1731248,8380605.991862977,18160.20242297,11508734.784632416,306337.09412327,194136182.45248103
2014-03-12 00:00:00+00:00,1.92370225,21736.88517268,13795245.132345231,24840.57012312,15764988.927960621,303233.40917283,192446119.97645187
2014-03-13 00:00:00+00:00,1.94782915,17877.93088748,11503234.629945891,19562.00127016,12586819.57426835,301549.33879015,194026524.57043287
2014-03-14 00:00:00+00:00,1.90343662,15596.94113839,9799692.09506598,11085.91846969,6965377.802610679,306060.36145885,192300354.1648893
2014-03-15 00:00:00+00:00,1.92641386,8685.11629646,5525632.965759769,11274.0597659,7172767.084972081,303471.41798941,193074175.8854316
2014-03-16 00:00:00+00:00,1.91927821,9407.48122419,5965932.028848893,6038.01570765,3829121.7853653952,306840.88350595,194588945.86590642
2014-03-17 00:00:00+00:00,1.88442201,18664.44868838,11623475.959511105,18085.31353197,11262813.628668714,307420.01866236,191448954.96533117
2014-03-18 00:00:00+00:00,1.85742156,17809.0643252,10940277.64537061,23212.17445233,14259459.600127915,302016.90853523,185531860.21662655
2014-03-19 00:00:00+00:00,1.84533875,18087.65790064,11042717.79295615,16915.43100634,10327060.140971791,303189.13542953,185100363.95149857
2014-03-20 00:00:00+00:00,1.77477734,22950.31994821,13462832.005597267,17689.74182125,10376936.918496063,308449.71355649,180938944.86684504
2014-03-21 00:00:00+00:00,1.71786219,23361.72536989,13309046.874138616,22865.98442502,13026625.975500355,308945.45450136,176004531.78899857
2014-03-22 00:00:00+00:00,1.7024792,14214.76376513,8027077.477755442,10711.08741679,6048551.3502867855,312449.1308497,176440032.53436783
2014-03-23 00:00:00+00:00,1.68536505,6490.7709052,3628073.916670302,7262.38311363,4059373.3983615283,311677.51864127,174214911.03452688
2014-03-24 00:00:00+00:00,1.76264446,20657.40634683,12085063.008314205,21514.58243191,12586530.947874853,310820.34255619,181837127.1296498
2014-03-25 00:00:00+00:00,1.75724218,16943.21448237,9890960.46544946,19737.84589899,11522385.770609438,308025.71113957,179816535.66350162
2014-03-26 00:00:00+00:00,1.74314104,17492.08492451,10132182.623214353,19964.10173315,11564083.157706963,305553.69433093,176990098.40849626
2014-03-27 00:00:00+00:00,1.4579435,54478.44297057,26322023.106542226,40619.61033833,19625933.921823997,319412.52696317,154328638.2062258
2014-03-28 00:00:00+00:00,1.50668923,36390.61357416,18146591.726165712,31473.39113767,15694563.051247017,324329.74939966,161730703.8533802
2014-03-29 00:00:00+00:00,1.47991892,14866.6638742,7277485.049781506,17054.6943808,8348563.230803758,322141.71889306,157693855.39304903
2014-03-30 00:00:00+00:00,1.38999605,28456.05246635,13060369.917705948,20546.86320848,9430318.364382463,330050.90815093,151482253.45814613
2014-03-31 00:00:00+00:00,1.38223661,22214.33665198,10115417.13128393,32858.88011274,14962466.987623928,319406.36469017,145443398.28126672
2014-04-01 00:00:00+00:00,1.45469684,26921.37092407,12895564.58539981,20822.91571895,9974352.91343109,325504.81989529,155919564.4106542
2014-04-02 00:00:00+00:00,1.33564877,31823.32364193,13970804.809144685,26160.59079652,11484800.010911811,331167.5527407,145386361.60449305
2014-04-03 00:00:00+00:00,1.36778873,29079.57050477,13069555.653358614,23238.45058017,10444315.988282433,337008.6726653,151465565.9147773
2014-04-04 00:00:00+00:00,1.36964635,22568.82599244,10149649.485437047,23343.60591952,10498083.413318302,336233.89273822,151211062.44339538
2014-04-05 00:00:00+00:00,1.41084013,14094.34985459,6507013.641143569,24535.3585192,11327369.77738564,325792.88407361,150410537.7492174
2014-04-06 00:00:00+00:00,1.40141439,13590.08476225,6232867.875405967,16980.95032345,7788032.349797721,322402.01851241,147864359.8849302
2014-04-07 00:00:00+00:00,1.37167544,13602.36639782,6102773.437767807,12354.8123475,5543051.732161294,323649.57256273,145207088.00325248
2014-04-08 00:00:00+00:00,1.38533994,14367.15367357,6505491.704271205,15119.52483473,6846167.697489217,322897.20140157,146208853.3871954
2014-04-09 00:00:00+00:00,1.35469234,19978.91583011,8847422.827336004,16446.30688012,7283049.398368967,326429.81035156,144555519.437886
2014-04-10 00:00:00+00:00,1.1286601,57005.89882865,20916140.7158421,46854.32932509,17191409.405818466,336581.37985512,123495702.16484052
2014-04-11 00:00:00+00:00,1.30082437,30858.50529257,13020546.594153961,42438.21320477,17906529.404662814,325001.67194292,137132352.08866787
2014-04-12 00:00:00+00:00,1.30827456,13050.48830985,5536985.65232799,12951.72063531,5495081.0749775,325100.43961746,137931733.05007833
2014-04-13 00:00:00+00:00,1.28401659,14452.46086071,6017460.157578841,9542.26006199,3973037.5532364366,330010.64041618,137403996.4142054
2014-04-14 00:00:00+00:00,1.42132931,25259.63564043,11647426.299576305,22108.51682996,10194419.430094276,333161.75922665,153623634.62672392
2014-04-15 00:00:00+00:00,1.60547388,30417.95172485,15866469.00236085,30935.13533916,16136239.888290515,332644.57561234,173512499.9703674
2014-04-16 00:00:00+00:00,1.62848084,27891.9874441,14824084.995815996,30160.33367573,16029669.840030279,330376.22938071,175588968.50761425
2014-04-17 00:00:00+00:00,1.53010414,20896.87274257,10445041.706587808,31533.47121919,15761613.045905858,319739.63090409,159817874.24291316
2014-04-18 00:00:00+00:00,1.48000554,15562.99552115,7517238.3072493225,14269.04782364,6892235.672886264,321033.5786016,155065643.4808868
2014-04-19 00:00:00+00:00,1.54481447,10871.32719064,5483123.408887223,11247.49130775,5672847.647698199,320657.41448449,161728567.70486492
2014-04-20 00:00:00+00:00,1.53703688,9060.40825325,4544312.853460002,9625.77030938,4827874.254526952,320092.05242836,160544468.58052114
2014-04-21 00:00:00+00:00,1.52622244,13738.00640572,6842688.467865093,14929.07062031,7435939.127747475,318900.98821377,158839648.92697847
2014-04-22 00:00:00+00:00,1.50076937,15183.41263076,7432333.776979059,21865.01750221,10703002.814182188,312219.38334232,152832484.04522517
2014-04-23 00:00:00+00:00,1.5016104,12493.73457909,6129838.072237519,19229.35008851,9434553.097855065,305483.7678329,149880407.54817033
2014-04-24 00:00:00+00:00,1.53947611,15845.05857837,7974688.069312108,15616.35815811,7859585.022903446,305712.46825316,153862578.7440432
2014-04-25 00:00:00+00:00,1.42807837,32795.73565716,15296789.41898701,23530.50813573,10975244.819533104,314977.69577459,146913840.69897375
2014-04-26 00:00:00+00:00,1.4063299,16481.48998624,7568740.419292824,13817.92879605,6345561.97752077,317641.25696478,145869349.33865026
2014-04-27 00:00:00+00:00,1.34395279,16791.97813154,7366798.041642511,14201.61634164,6230382.068997909,320231.61875468,140488609.7060225
2014-04-28 00:00:00+00:00,1.35421878,25499.78122059,11259372.437867902,21746.80338621,9602253.311127033,323984.59658906,143054687.62936357
2014-04-29 00:00:00+00:00,1.37364362,17064.9670111,7640155.199166846,25681.16809001,11497713.98772368,315368.39551015,141193562.5215408
2014-04-30 00:00:00+00:00,1.37742743,17597.97810511,7899305.013531116,13164.1481388,5909066.41493626,319802.22547646,143551452.7837184
2014-05-01 00:00:00+00:00,1.41200262,14201.54886453,6535477.494480095,14703.58768936,6766513.099985529,319300.18665163,146940253.04922846
2014-05-02 00:00:00+00:00,1.38757157,11577.85241465,5235965.426114794,21828.34774271,9871647.175724994,309049.69132357,139764564.33959296
2014-05-03 00:00:00+00:00,1.34737725,9696.46569779,4256540.820662955,9512.81111009,4175920.3890736136,309233.34591127,135746817.55245203
2014-05-04 00:00:00+00:00,1.34079342,11367.40034482,4963864.077128231,11911.92192492,5201643.255189043,308688.82433117,134796815.42197898
2014-05-05 00:00:00+00:00,1.32836701,17694.68742308,7650088.9390948955,10153.77169569,4389863.165255739,316229.74005856,136718189.9737538
2014-05-06 00:00:00+00:00,1.32260352,16857.6528163,7250951.953038759,12204.75914344,5249611.1476400355,320882.63373142,138020671.38915825
2014-05-07 00:00:00+00:00,1.36002582,18388.00528635,8130861.063183937,22742.93312927,10056535.581956198,316527.7058885,139963131.35379824
2014-05-08 00:00:00+00:00,1.35471389,14842.14502781,6536521.674817679,17833.6135296,7853972.667571516,313536.23738671,138082225.1553899
2014-05-09 00:00:00+00:00,1.39224562,15233.61158907,6896225.494937524,10392.4256704,4704630.313265785,318377.42330538,144128822.68748444
2014-05-10 00:00:00+00:00,1.4045981,11117.1589423,5077827.341016448,11933.3794463,5450640.828079173,317561.20280138,145047935.93400815
2014-05-11 00:00:00+00:00,1.3505933,9733.18285972,4273981.491622199,10003.0708666,4392493.222352089,317291.3147945,139327209.4472062
2014-05-12 00:00:00+00:00,1.3576711,15100.31186846,6663480.050893162,12403.42025058,5473393.140655255,319988.20641238,141204701.50047523
2014-05-13 00:00:00+00:00,1.35114784,14207.3689686,6237117.02456361,15115.83368057,6635938.279488877,319079.74170041,140077849.28732625
2014-05-14 00:00:00+00:00,1.36967388,14205.88666394,6319463.19322399,19960.39686188,8879346.729619034,313325.23150247,139382167.04307276
2014-05-15 00:00:00+00:00,1.37634402,16466.25124939,7359781.324991979,11949.78601926,5341094.98574899,317841.6967326,142063020.20340008
2014-05-16 00:00:00+00:00,1.38233452,14185.47640251,6365621.232282878,15580.90104978,6991807.0938406205,316446.27208533,142002781.6694767
2014-05-17 00:00:00+00:00,1.38379554,7230.52078155,3248111.0983516537,5966.9042903,2680466.4053494087,317709.88857658,142722363.48104888
2014-05-18 00:00:00+00:00,1.37668474,8969.10830336,4008856.3386110957,9388.5992836,4196353.1351984795,317290.39759634,141816954.21249595
2014-05-19 00:00:00+00:00,1.37835145,16606.02821297,7429617.67478813,14621.37989599,6541676.378713701,319275.04591332,142845206.1994988
2014-05-20 00:00:00+00:00,1.50867507,27857.39878025,13659475.686936812,30006.49874922,14713256.01318014,317125.94594435,155498156.25264966
2014-05-21 00:00:00+00:00,1.51856262,18187.64075536,8983484.906219985,12478.99842658,6163795.267227632,322834.58827313,159458815.46526077
2014-05-22 00:00:00+00:00,1.61686251,26050.11295926,13723571.722096888,25604.19681672,13488656.7267662,323280.50441567,170308788.8963279
2014-05-23 00:00:00+00:00,1.60608676,29018.21115133,15196817.455708649,28589.55097357,14972328.411984403,323709.16459343,169526269.4661601
2014-05-24 00:00:00+00:00,1.61622687,9533.85614934,5030932.403293285,10024.46865285,5289824.325166908,323218.55208992,170559599.55587187
2014-05-25 00:00:00+00:00,1.7510962,24878.38483777,14263087.982215691,20474.77397502,11738443.010911599,327622.16295267,187829867.79846755
2014-05-26 00:00:00+00:00,1.78420425,24253.68273058,14184717.228082776,22996.58788522,13449507.853556352,328879.25779803,192344367.8994325
2014-05-27 00:00:00+00:00,1.7360648,20922.03854713,12007749.37244135,21090.16303271,12104240.767468063,328711.13331245,188656611.82373172
2014-05-28 00:00:00+00:00,1.74983943,21504.2823487,12455050.645243686,20618.15238183,11941813.63334679,329597.26327932,190899214.4034891
2014-05-29 00:00:00+00:00,1.72220405,15799.93588405,9011482.544194737,13851.65248497,7900280.450034502,331545.5466784,189096774.0896972
2014-05-30 00:00:00+00:00,1.86223265,26904.70513381,16703688.265552793,21511.2911445,13355206.819038311,336938.96066771,209187327.4775332
2014-05-31 00:00:00+00:00,1.87963895,17948.30566625,11269605.092059564,22757.40122135,14289199.741479162,332129.86511261,208541824.98888528
2014-06-01 00:00:00+00:00,1.88300736,24975.59493532,15736496.818404308,24741.89486099,15589248.254929487,332363.56518694,209413957.8922019
2014-06-02 00:00:00+00:00,1.97543263,23562.7710651,15634033.471359786,27422.76139574,18195159.149728496,328503.5748563,217964002.22093073
2014-06-03 00:00:00+00:00,1.99693718,20614.29161626,13860800.190809006,16104.7460443,10828636.326639058,333013.12042826,223913991.76351455
2014-06-04 00:00:00+00:00,1.90998921,19225.69222298,12379180.378624437,22250.97189576,14327119.746985173,329987.84075548,212475002.51679927
2014-06-05 00:00:00+00:00,1.95863649,20907.55901039,13830424.677669456,18734.35924994,12392845.303554257,332161.04051593,219725710.18113267
2014-06-06 00:00:00+00:00,1.92408683,13094.41181557,8513113.373379162,16502.44177418,10728787.19104706,328753.01055732,213733284.8647966
2014-06-07 00:00:00+00:00,1.94195206,11057.64824619,7262666.373244542,8669.14023894,5693893.664955785,331141.51856457,217493839.38783613
2014-06-08 00:00:00+00:00,1.94276934,9447.43423958,6214710.954052303,8808.19061816,5794203.731074951,331780.76218599,218252012.64303905
2014-06-09 00:00:00+00:00,1.91093556,14026.66633392,9093997.265429363,11927.426145,7732983.601665771,333880.00237491,216466532.83798704
2014-06-10 00:00:00+00:00,1.91468487,16678.76153211,10856816.483789038,19864.91205915,12930798.505488036,330693.85184787,215260734.73246935
2014-06-11 00:00:00+00:00,1.8557786,15279.89682255,9649087.103930097,11507.52725234,7266877.132626311,334466.22141808,211211747.12532082
2014-06-12 00:00:00+00:00,1.71579412,30008.65638116,17764376.676341023,21070.01129017,12472921.559004815,343404.86650907,203287122.3446597
2014-06-13 00:00:00+00:00,1.72900225,21479.50330435,12824230.044068756,25047.5931654,14954540.25411666,339836.77664802,202897848.2145076
2014-06-14 00:00:00+00:00,1.6672379,19287.57951409,11101148.882978415,18203.85495142,10477400.957037179,340920.50121069,196220020.1655554
2014-06-15 00:00:00+00:00,1.70763012,9431.33778968,5561892.343150915,13275.84447616,7829092.68943934,337075.99452421,198782021.6826094
2014-06-16 00:00:00+00:00,1.70895309,20511.78123402,12113590.99828252,14813.27297405,8748237.323043343,342774.50278418,202431475.06275517
2014-06-17 00:00:00+00:00,1.76144005,15053.29382125,9168660.244636709,14652.54119895,8924569.836275117,343175.25540648,209021185.56582892
2014-06-18 00:00:00+00:00,1.75639628,18040.82056818,10962140.121979754,15364.64653267,9336017.038653497,345851.42944199,210149633.5270387
2014-06-19 00:00:00+00:00,1.72175665,18720.96008482,11153039.61978115,17974.46344337,10708313.143125907,346597.92608344,206486226.35956824
2014-06-20 00:00:00+00:00,1.70893923,13345.89678685,7894518.649372769,15920.06999127,9417223.244918039,344023.75287902,203500894.4177261
2014-06-21 00:00:00+00:00,1.71186032,10097.43136363,5985397.333915498,10878.57250306,6448429.953299922,343242.61173959,203461983.46960264
2014-06-22 00:00:00+00:00,1.73072722,9820.30776288,5888596.646719525,8784.628809,5267567.676736695,344278.29069347,206441186.67838436
2014-06-23 00:00:00+00:00,1.70033791,14999.61290469,8843056.284439698,20255.46045939,11941653.29784092,339022.44313877,199871461.04463825
2014-06-24 00:00:00+00:00,1.67166269,14527.12269969,8425349.37248881,14999.43710393,8699279.313857434,338550.12873453,196350177.0898064
2014-06-25 00:00:00+00:00,1.62093285,18357.90640317,10321490.18280134,12377.38610852,6959021.709892298,344530.64902918,193707802.70536742
2014-06-26 00:00:00+00:00,1.67219737,14723.83370818,8550855.092718113,14308.70696234,8309770.554605096,344945.77577502,200326993.7678497
2014-06-27 00:00:00+00:00,1.72780213,13874.73956703,8333700.061087735,13079.17542603,7855853.763618808,345741.33991602,207665492.50592226
2014-06-28 00:00:00+00:00,1.70918053,10457.15252634,6215630.071281368,9887.11987747,5876808.191710999,346311.37256489,205844122.0895575
2014-06-29 00:00:00+00:00,1.72411286,8708.46300982,5232397.429377048,10347.01507095,6216905.89922864,344672.82050376,207093396.1534146
2014-06-30 00:00:00+00:00,1.82938369,26590.3078593,16989773.875924204,19453.745885,12429895.33535028,351809.38247806,224787237.79199302
2014-07-01 00:00:00+00:00,1.83761917,28248.9128695,18162824.879812967,24865.58681463,15987493.073955761,355192.70853293,228373495.06059924
2014-07-02 00:00:00+00:00,1.85565119,21516.64683602,14013756.53341695,25126.26419636,16364694.356215581,351583.09117259,228985486.37749416
2014-07-03 00:00:00+00:00,1.83854971,15767.71925502,10192464.842493087,16436.57500963,10624822.157669865,350914.23541798,226835660.210616
2014-07-04 00:00:00+00:00,1.79270708,13894.36505595,8762279.894844614,12089.12134767,7623829.120976197,352719.47912626,222437426.10926938
2014-07-05 00:00:00+00:00,1.79121232,9769.89235106,6159607.831166247,8314.41529211,5241975.623128812,354174.95618521,223296097.370478
2014-07-06 00:00:00+00:00,1.80217443,8030.86079286,5096967.897615433,8096.29669406,5138498.276035697,354109.52028401,224743636.29018068
2014-07-07 00:00:00+00:00,1.76756914,15414.69575894,9601120.002604334,13649.16069307,8501447.69629931,355875.05534988,221658550.112222
2014-07-08 00:00:00+00:00,1.77273738,12932.79220596,8081628.534707207,13098.72742082,8185320.509801907,355709.12013502,222280612.6904273
2014-07-09 00:00:00+00:00,1.76136723,13554.71930353,8430209.812688412,10826.54912219,6733454.127941267,358437.29031636,222926162.79198742
2014-07-10 00:00:00+00:00,1.74495565,14563.34207924,8978633.161238909,15786.68376425,9732851.26315483,357213.94863135,220230561.59688216
2014-07-11 00:00:00+00:00,1.79446067,13289.65669603,8432212.461060753,12008.33602846,7619221.700891153,358495.26929892,227463232.9604656
2014-07-12 00:00:00+00:00,1.80030291,16989.64822734,10821113.992872952,11719.42853747,7464384.808816401,363765.48898879,231690955.0067338
2014-07-13 00:00:00+00:00,1.77957268,13289.98252491,8371037.716190111,12803.21298305,8064433.385720517,364252.25853065,229433664.6908534
2014-07-14 00:00:00+00:00,1.74898486,13739.61807739,8507536.602362903,13698.54123385,8482101.925215568,364293.33537419,225569507.62648287
2014-07-15 00:00:00+00:00,1.75571279,15721.04443732,9777461.505758576,12639.38646395,7860871.782431286,367374.99334756,228483220.05293027
2014-07-16 00:00:00+00:00,1.73946637,14657.67457392,9034285.312788691,16872.3745799,10399319.830055041,365160.29334158,225067234.11769557
2014-07-17 00:00:00+00:00,1.76036866,15417.04849573,9624235.516358992,12765.92186684,7969245.129113662,367811.41997047,229609690.36211205
2014-07-18 00:00:00+00:00,1.77738508,18735.42892959,11817374.425335944,15039.07329351,9485897.589394933,371507.77560655,234328581.57479948
2014-07-19 00:00:00+00:00,1.77274463,8601.64707354,5411927.228698895,18772.12387608,11810920.336174097,361337.29880401,227343803.97417694
2014-07-20 00:00:00+00:00,1.76080313,10808.64039515,6758088.098727095,8861.15727974,5540426.858870328,363284.78191942,227143328.98335165
2014-07-21 00:00:00+00:00,1.74762284,16525.9975309,10267690.372406079,14659.32076866,9107914.148053586,365151.45868166,226870548.0419815
2014-07-22 00:00:00+00:00,1.74270129,11413.79816691,7074537.639761358,17037.11528361,10560000.412157528,359528.14156496,222843906.37190905
2014-07-23 00:00:00+00:00,1.74066345,16614.81801051,10297412.558558129,14237.62854117,8824095.145140221,361905.3310343,224299086.4205888
2014-07-24 00:00:00+00:00,1.69279908,24354.65302197,14682924.580865357,23795.56217859,14345860.091389952,362464.42187768,218522422.17846426
2014-07-25 00:00:00+00:00,1.68863136,15531.15513903,9343209.23419731,16578.57155018,9973312.442690382,361417.00546653,217420705.1982175
2014-07-26 00:00:00+00:00,1.66914747,12200.92858571,7255924.040758923,9726.92162456,5784625.650615236,363891.01242768,216406933.8445733
2014-07-27 00:00:00+00:00,1.65995112,8833.03692855,5225407.744506709,10321.12059196,6105721.4986724565,362402.92876427,214388673.5575545
2014-07-28 00:00:00+00:00,1.64850401,18304.91251444,10754008.05878205,17948.88285923,10544843.126785059,362758.95841948,213118350.56086946
2014-07-29 00:00:00+00:00,1.63937643,13066.43102588,7632264.298902605,10987.31905937,6417829.232128373,364838.07038599,213106438.4736974
2014-07-30 00:00:00+00:00,1.58077127,16484.45972153,9279343.46367697,17222.69858973,9694908.919384131,364099.83151779,204957120.14799997
2014-07-31 00:00:00+00:00,1.63310806,17606.3771633,10246481.243551698,14194.41758864,8260804.152731181,367511.79109245,213882881.14504218
2014-08-01 00:00:00+00:00,1.67172212,19499.03400261,11631305.580527779,17119.37777491,10211824.556120116,369891.44732015,220642748.49864256
2014-08-02 00:00:00+00:00,1.65218507,13982.65045099,8246369.639088255,14602.98572078,8612216.869038116,369271.11205036,217780319.80974275
2014-08-03 00:00:00+00:00,1.64362281,7727.00910472,4533851.465737833,8716.24933735,5114291.868731105,368281.87181773,216090764.44927952
2014-08-04 00:00:00+00:00,1.64417187,20769.16346085,12204133.570465881,23030.13591492,13532699.830759788,366020.89936366,215076931.42462954
2014-08-05 00:00:00+00:00,1.61859835,23085.85407529,13433242.677932018,21324.53652475,12408363.719062163,367782.2169142,214005847.75091198
2014-08-06 00:00:00+00:00,1.61916711,19203.22908204,11181048.859027235,15363.85392463,8945578.926354004,371621.59207161,216376066.768285
2014-08-07 00:00:00+00:00,1.62893008,13774.57608361,8072543.94234538,18618.10175791,10911075.858270423,366778.06639731,214949051.07125375
2014-08-08 00:00:00+00:00,1.63661291,15179.7910172,8941267.487664277,14020.30885912,8258304.190552969,367937.54855539,216724198.4202252
2014-08-09 00:00:00+00:00,1.63562717,10156.62351851,5982033.101663462,7852.50419378,4624956.308810224,370241.66788012,218064390.08373162
2014-08-10 00:00:00+00:00,1.63601768,14236.00133175,8390321.960019138,11063.32496024,6520430.576085003,373414.34425163,220080519.78563958
2014-08-11 00:00:00+00:00,1.59181557,17149.84627117,9834433.294868708,22140.74787787,12696423.31835104,368423.44264493,211269285.66399717
2014-08-12 00:00:00+00:00,1.57747585,22422.64501456,12742957.783734357,22681.4039338,12890012.423447866,368164.68372569,209230758.4199803
2014-08-13 00:00:00+00:00,1.52247712,26811.08163077,14702397.53481479,28461.88054428,15607646.424460847,366513.88481218,200985283.277556
2014-08-14 00:00:00+00:00,1.40529956,31105.48705207,15711614.792063585,32768.75326818,16551743.031831315,364850.61859607,184288783.72589523
2014-08-15 00:00:00+00:00,1.39272818,29569.97516633,14794540.463265313,23849.04499196,11932227.171619179,370571.54877044,185405491.2789299
2014-08-16 00:00:00+00:00,1.4519714,14349.43986252,7486791.016842193,24945.11686073,13015063.906069024,359975.87177223,187816677.7857049
2014-08-17 00:00:00+00:00,1.38521881,27913.64314423,13894425.060335943,20634.4829261,10271116.356760558,367255.03199036,182806575.7541982
2014-08-18 00:00:00+00:00,1.30849176,46968.01916911,22026024.490420006,48573.27657245,22778822.660427753,365649.77458702,171474357.07203722
2014-08-19 00:00:00+00:00,1.35854035,25934.72218447,12624876.24565095,22545.27447286,10974912.24774065,369039.22229863,179646208.59140646
2014-08-20 00:00:00+00:00,1.43685004,23817.03700889,12268640.532550046,30029.06070273,15468580.37607295,362827.19860479,186899674.94498894
2014-08-21 00:00:00+00:00,1.44883851,21197.12739816,11007834.700533442,23538.73961902,12223852.31347723,360485.58638393,187202995.59003565
2014-08-22 00:00:00+00:00,1.43998218,20005.8107745,10326186.661501722,23987.54846358,12381397.873785328,356503.84869485,184012801.51360396
2014-08-23 00:00:00+00:00,1.38794257,12477.12191175,6202698.7067199955,9287.60625359,4617108.312728452,359693.36435301,178812836.9401543
2014-08-24 00:00:00+00:00,1.41936719,12229.36928195,6217787.297770702,9157.85890095,4656136.995809468,362764.87473401,184440814.4194046
2014-08-25 00:00:00+00:00,1.40049218,38233.29685247,19178214.994677167,16609.52085411,8331506.5171555225,384388.65073237,192813301.28827262
2014-08-26 00:00:00+00:00,1.4286897,27938.5385234,14300405.809271434,15150.35880983,7754746.33203088,397176.83044594,203295882.80575278
2014-08-27 00:00:00+00:00,1.42412594,27376.90294958,13966664.426855998,25905.03694348,13215773.84488055,398648.69645204,203375545.35673437
2014-08-28 00:00:00+00:00,1.41962708,18860.70031145,9548892.517703647,14454.10803837,7317900.280398468,403055.28872512,204060907.98185706
2014-08-29 00:00:00+00:00,1.4275503,17155.40718901,8729813.24561058,13458.94847755,6848808.972985191,406751.74743658,206982367.3274186
2014-08-30 00:00:00+00:00,1.40634187,10069.03040975,5047360.501186961,9078.55801102,4550860.733143275,407742.21983531,204391276.15209302
2014-08-31 00:00:00+00:00,1.34266216,15801.02740843,7560972.1492907405,12202.98979084,5839270.039959265,411340.2574529,196831012.95199162
2014-09-01 00:00:00+00:00,1.33136652,17680.47500939,8390118.95083366,18848.66229713,8944472.286690585,410172.07016516,194643665.23906618
2014-09-02 00:00:00+00:00,1.33208957,23661.85040823,11225907.5582434,26283.73194887,12469808.575961445,407550.18862452,193354309.316917
2014-09-03 00:00:00+00:00,1.33099316,18139.86469058,8597555.818346601,26530.13548913,12574201.882252313,399159.91782597,189185516.67794675
2014-09-04 00:00:00+00:00,1.37428858,21961.98832882,10751605.61823539,20124.87448495,9852236.980507316,400997.03166984,196310182.57757232
2014-09-05 00:00:00+00:00,1.34365527,17172.89876804,8221521.55654228,15896.84480671,7610610.999618107,402273.08563117,192588152.4025845
2014-09-06 00:00:00+00:00,1.34865874,15098.6194793,7257038.089537261,11062.38280671,5317051.237657824,406309.32230376,195289525.1208199
2014-09-07 00:00:00+00:00,1.34317011,13218.04574762,6323057.074671111,13396.61200081,6408477.0098180175,406130.75605057,194278942.53955567
2014-09-08 00:00:00+00:00,1.31734021,21193.50378771,9939233.948886858,20508.04742869,9617771.712991595,406816.21240959,190786834.95853737
2014-09-09 00:00:00+00:00,1.33112394,26437.80284262,12518617.618117228,22246.24046436,10533862.419348111,411007.77478785,194617124.62533972
2014-09-10 00:00:00+00:00,1.34373558,25614.10026929,12237864.294705503,25319.83535311,12097270.868700165,411302.03970403,196511237.68217438
2014-09-11 00:00:00+00:00,1.34256122,20444.82972111,9757717.825539038,16254.72778837,7757905.018210707,415492.14163677,198302217.82841954
2014-09-12 00:00:00+00:00,1.33422001,15318.14234364,7260757.840632938,16655.63077431,7894723.72186625,414154.6532061,196308180.067887
2014-09-13 00:00:00+00:00,1.34529696,12942.79802895,6186152.352096324,12294.08577579,5876093.211735544,414803.36545926,198259820.56999195
2014-09-14 00:00:00+00:00,1.33870825,15474.27496811,7360308.930349004,16871.35369255,8024826.720881213,413406.28673482,196635899.92987946
2014-09-15 00:00:00+00:00,1.33078173,20828.05812741,9844498.93065319,19156.59205277,9054471.080540659,415077.75280946,196188836.64882433
2014-09-16 00:00:00+00:00,1.30741226,20177.37579573,9365888.989160137,19952.60959129,9261557.517089056,415302.5190139,192774190.7263233
2014-09-17 00:00:00+00:00,1.28560635,23354.35524615,10657523.93421448,21351.46181633,9743523.764181677,417305.41244372,190433106.54998103
2014-09-18 00:00:00+00:00,1.20503333,39741.35922917,16964795.678285047,31848.47774649,13595481.586775493,425198.2939264,181508693.18838388
2014-09-19 00:00:00+00:00,1.11512348,44944.68722812,17703437.71890189,43010.51100048,16941577.519283418,427132.47015404,168244870.5163471
2014-09-20 00:00:00+00:00,1.16620763,22838.80179049,9387691.755494932,21235.07067859,8728491.965798289,428736.20126594,176228303.86760536
2014-09-21 00:00:00+00:00,1.1367134,26236.96354475,10505399.074703882,27217.70685727,10898093.140474739,427755.45795342,171275223.3892778
2014-09-22 00:00:00+00:00,1.13884767,22167.2463446,8886441.673239395,21927.00102454,8790131.739619607,427995.70327348,171575611.80184042
2014-09-23 00:00:00+00:00,1.2456203,40141.91953219,17601902.591009,29411.84781688,12896854.11977254,438725.77498879,192377655.2171347
2014-09-24 00:00:00+00:00,1.20431489,27468.0591659,11638219.189039102,35266.16297602,14942276.488934752,430927.67117867,182584093.819983
2014-09-25 00:00:00+00:00,1.16485544,23102.3644006,9461290.332926268,26488.48377392,10848034.041812394,427541.55180535,175094405.0954021
2014-09-26 00:00:00+00:00,1.15453429,29945.94119622,12137037.61831241,23186.9542908,9397632.040934248,434300.53871077,176021249.1384749
2014-09-27 00:00:00+00:00,1.14181027,16052.72733706,6430711.889735831,24197.39862601,9693461.788622066,426155.86742182,170717756.92491734
2014-09-28 00:00:00+00:00,1.07103907,25897.8936758,9725953.705064666,21932.4060968,8236714.885329972,430121.35500082,161532070.47130382
2014-09-29 00:00:00+00:00,1.0668785,33333.61938817,12435591.978951165,33373.26376591,12450381.89120441,430081.71062308,160448243.21765888
2014-09-30 00:00:00+00:00,1.1140296,28576.7536886,11123902.602667386,28667.14715806,11159089.529816195,429991.31715362,167380157.4570615
2014-10-01 00:00:00+00:00,1.09708972,27077.28586904,10368146.361538336,26137.76195083,10008393.853798807,430930.84107183,165007455.08774126
2014-10-02 00:00:00+00:00,1.06843242,28669.94137271,10680289.950342132,27179.61199571,10125103.957425391,432421.17044883,161087998.78662857
2014-10-03 00:00:00+00:00,1.02941189,38064.10086154,13614223.797861364,33103.8988487,11840129.60525066,437381.37246167,156436320.70462155
2014-10-04 00:00:00+00:00,0.9484552,48845.6881397,16061737.772269784,35971.72932676,11828443.935707327,450255.33127461,148055710.48187232
2014-10-05 00:00:00+00:00,0.93172895,117276.26403802,37859857.88711873,66090.38585219,21335712.188594036,501441.20946044,161878391.0336927
2014-10-06 00:00:00+00:00,0.95087199,42743.07209681,13968586.960944865,51767.15908643,16917690.468810078,492417.12247082,160923655.1999086
2014-10-07 00:00:00+00:00,0.97154668,29140.53106395,9720412.626935815,34706.6879141,11577116.652369227,486850.96562067,162398971.4967665
2014-10-08 00:00:00+00:00,1.03194969,40807.61691956,14462518.731899751,46727.33202027,16560509.180601781,480931.25051996,170445562.48191446
2014-10-09 00:00:00+00:00,1.05462843,50647.30200319,18319961.01130907,49961.01282099,18071718.941877704,481617.53970216,174208974.6291015
2014-10-10 00:00:00+00:00,1.04743744,30147.50417511,10819649.555352932,38205.65527567,13711642.55303937,473559.3886016,169955914.046998
2014-10-11 00:00:00+00:00,1.05694518,30036.75824717,10870554.42674958,18609.18046866,6734818.300201665,484986.96638011,175520845.85545707
2014-10-12 00:00:00+00:00,1.10393506,17316.97594697,6543587.238501075,17374.20695548,6565213.190865934,484929.7353716,183241002.22028232
2014-10-13 00:00:00+00:00,1.14335604,35784.51433842,14027322.390467579,42394.11919486,16618249.217587896,478320.13051516,187498721.18239084
2014-10-14 00:00:00+00:00,1.16884486,38453.49190229,15415258.600347323,37634.62892699,15086992.32599767,479138.99349046,192077523.38678288
2014-10-15 00:00:00+00:00,1.15308824,26410.41191287,10422232.039500378,26078.63367284,10291303.759598592,479470.77173049,189211575.17798245
2014-10-16 00:00:00+00:00,1.11729203,25360.61772827,9695908.810503624,20250.61336492,7742244.398256791,484580.77609384,185265637.71715575
2014-10-17 00:00:00+00:00,1.11813531,22701.59543688,8676567.701080991,25587.31095221,9779490.449591642,481695.06057851,184104232.49794978
2014-10-18 00:00:00+00:00,1.14449554,15004.62520607,5871207.467919138,24919.47441366,9750820.314719558,471780.21137092,184604377.79524586
2014-10-19 00:00:00+00:00,1.13688775,15166.55416027,5895004.489482959,16008.21636522,6222145.541061154,470938.54916597,183046513.54995468
2014-10-20 00:00:00+00:00,1.11540138,26111.98480419,9953649.906273454,22254.77517832,8483316.857333517,474795.75879184,180987802.9355736
2014-10-21 00:00:00+00:00,1.1273598,23061.10703149,8883245.28311959,17540.08879679,6756523.477247669,480316.77702654,185020248.07820052
2014-10-22 00:00:00+00:00,1.11497797,52891.80473891,20140075.99699248,27418.41767572,10440351.174102567,505790.16408973,192594153.16952914
2014-10-23 00:00:00+00:00,1.04769288,30431.54869691,10874555.472914806,29779.03835939,10641384.301355861,506442.67442725,180974652.71196252
2014-10-24 00:00:00+00:00,1.04955841,27355.67835141,9779338.61367013,30932.92279122,11058162.126338298,502865.42998744,179768575.05719763
2014-10-25 00:00:00+00:00,1.01613431,17509.67135073,6055041.278041988,17825.76855908,6164351.247720733,502549.33277909,173787211.2661318
2014-10-26 00:00:00+00:00,1.03785791,17307.85685406,6111091.955072356,19024.79787846,6717312.850589138,500832.39175469,176834880.59203488
2014-10-27 00:00:00+00:00,1.02988218,22074.33064243,7726362.553740429,23638.06368091,8273693.686369899,499268.65871621,174751874.9921419
2014-10-28 00:00:00+00:00,1.04388822,26598.98589227,9433431.558089033,21544.54740692,7640855.716692875,504323.09720156,178860105.41465747
2014-10-29 00:00:00+00:00,0.98355448,26937.06426241,8986187.131209724,29201.35987045,9741554.67445823,502058.80159352,167486489.91739172
2014-10-30 00:00:00+00:00,1.01672909,32469.32381821,11189233.622504015,25587.66294375,8817748.719822012,508940.46246798,175385658.36427096
2014-10-31 00:00:00+00:00,0.99675714,22221.55713206,7492729.356832966,24245.28424454,8175095.558975527,506916.7353555,170923661.28511626
2014-11-01 00:00:00+00:00,0.95963351,19327.8283377,6269393.094389383,26342.7432444,8544830.267432261,499901.8204488,162153810.88009715
2014-11-02 00:00:00+00:00,0.95980572,13682.35384299,4436483.621682551,13874.62723682,4498827.994032573,499709.54705497,162030104.36275274
2014-11-03 00:00:00+00:00,0.96404683,26424.00089874,8597362.228387676,21242.46697113,6911488.68315677,504891.08098258,164272304.0210175
2014-11-04 00:00:00+00:00,0.97805226,40466.84240488,13340206.354281934,31740.66181908,10463553.697902134,513617.26156838,169317887.1701914
2014-11-05 00:00:00+00:00,1.00559416,34002.90977588,11520381.870468767,37303.12869169,12638515.066035606,510317.04265257,172898356.20292157
2014-11-06 00:00:00+00:00,1.03634538,37948.83748476,13270325.630966552,26078.01209025,9119217.746390177,522187.86804708,182603829.49300694
2014-11-07 00:00:00+00:00,1.01476248,34628.61604646,11847602.271560319,30749.48323977,10520421.809292817,526067.00085377,179985032.78173015
2014-11-08 00:00:00+00:00,1.02534954,21425.73578232,7407226.796936007,15391.37191929,5321048.652912513,532101.3647168,183956132.35690346
2014-11-09 00:00:00+00:00,1.07917955,23901.32466751,8690761.898628727,16002.65499458,5818726.210302769,540000.03438973,196349440.43548602
2014-11-10 00:00:00+00:00,1.0847227,39837.38814363,14560655.157781014,38493.9187969,14069614.0834451,541343.50373646,197862270.7741927
2014-11-11 00:00:00+00:00,1.09194006,26770.41208249,9846839.325445417,25886.33744022,9521654.157308714,542227.57837873,199445112.2257098
2014-11-12 00:00:00+00:00,1.25193043,63550.02621247,26855695.79513687,67830.88071629,28664748.177168343,537946.72387491,227331669.7317152
2014-11-13 00:00:00+00:00,1.24597359,69953.6193864,29514444.363698248,61191.19621304,25817451.220101263,546709.14704827,230664500.92528203
2014-11-14 00:00:00+00:00,1.1770509,47183.76402062,18797487.035278875,37926.32504168,15109426.26271181,555966.58602721,221490907.0909984
2014-11-15 00:00:00+00:00,1.11736503,29907.26855336,11304763.306419833,32708.0383942,12363437.05557765,553165.81618637,209093271.42437753
2014-11-16 00:00:00+00:00,1.15327838,19777.85473915,7717434.095455147,17795.13870073,6943766.750926663,555148.53222479,216622190.1788325
2014-11-17 00:00:00+00:00,1.14624262,35738.50086886,13848705.953108754,39610.03794632,15348930.564349193,551276.99514733,213620404.29515818
2014-11-18 00:00:00+00:00,1.10670813,49737.75442522,18595183.901477087,45216.58310019,16904878.1526436,555798.16647236,207793239.5037273
2014-11-19 00:00:00+00:00,1.1187722,40607.90985419,15334090.826240506,29606.15454906,11179680.621364381,566799.92177749,214031244.4558201
2014-11-20 00:00:00+00:00,1.05691479,35158.983595,12522971.26500238,38102.4373071,13571374.332653485,563856.46806539,200835110.26674807
2014-11-21 00:00:00+00:00,1.04171403,28466.48585764,9984587.430164168,28739.02271958,10080179.4234854,563583.93120345,197676420.7383268
2014-11-22 00:00:00+00:00,1.04704666,17777.88028485,6265911.944495567,19284.06890003,6796776.427960573,562077.74258827,198107400.01552787
2014-11-23 00:00:00+00:00,1.09252099,21484.29025746,7901347.085554864,17604.24850754,6474371.551098176,565957.78433819,208144129.32607305
2014-11-24 00:00:00+00:00,1.11975677,36132.79078145,13621853.416031951,34404.78138085,12970403.853254674,567685.79373879,214014265.19878754
2014-11-25 00:00:00+00:00,1.11940193,37772.79752854,14231114.131272892,40264.16649572,15169751.416167168,565194.42477161,212940181.60043877
2014-11-26 00:00:00+00:00,1.09262566,27503.01178243,10108187.642823268,28334.5451408,10413801.271038365,564362.89141324,207420410.90553215
2014-11-27 00:00:00+00:00,1.09877029,19725.44283695,7289147.3761653965,23558.67254442,8705641.621460855,560529.66170577,207132653.32791105
2014-11-28 00:00:00+00:00,1.13429879,32688.96342048,12353058.98395563,30450.8637351,11507287.979539188,562767.76139115,212668210.40822902
2014-11-29 00:00:00+00:00,1.12906205,28530.32806659,10729581.229220655,22029.16876291,8284649.06194483,569268.92069483,214088569.5954772
2014-11-30 00:00:00+00:00,1.13677757,20326.98581821,7697634.332079403,17792.88737725,6737995.587090091,571803.01913579,216536312.4001979
2014-12-01 00:00:00+00:00,1.13825789,25553.65583524,9687697.033352232,23613.40779449,8952125.75895087,573743.26717654,217512945.43408647
2014-12-02 00:00:00+00:00,1.1510639,35031.9909069,13415388.686436666,27549.34781424,10549934.486111933,581225.9102692,222578600.27457035
2014-12-03 00:00:00+00:00,1.13011906,33298.8714055,12517579.185504172,36519.11683208,13728121.027391186,578005.66484262,217281588.65295452
2014-12-04 00:00:00+00:00,1.11229742,54859.81673668,20234800.269490223,29970.09412243,11054336.392263608,602895.38745687,222375291.68466872
2014-12-05 00:00:00+00:00,1.1410958,43132.3769454,16322513.360496623,38254.59493355,14476622.461444216,607773.16946872,229998585.31706896
2014-12-06 00:00:00+00:00,1.13129289,21434.17758155,8040773.463559556,21580.74453456,8095756.29002508,607626.60251571,227943798.76122394
2014-12-07 00:00:00+00:00,1.13597735,21387.7890928,8055492.458852374,18967.93249214,7144078.169439779,610046.45911637,229767772.14508066
2014-12-08 00:00:00+00:00,1.10418082,33293.77655098,12092821.583098782,27152.8554427,9862342.76659668,616187.38022465,223808916.34218678
2014-12-09 00:00:00+00:00,1.06761307,32899.51758824,11551245.58601776,38854.93318442,13642232.723861555,610231.96462847,214256615.43381467
2014-12-10 00:00:00+00:00,1.06041309,27392.38215678,9529300.087536063,33053.53188961,11498708.747792328,604570.81489564,210318937.81026304
2014-12-11 00:00:00+00:00,1.06328138,34375.33048011,11982999.789006207,36850.44883555,12845808.737073315,602095.6965402,209886348.83895594
2014-12-12 00:00:00+00:00,1.07767689,23778.11461756,8398206.866044942,30998.83896009,10948498.919329528,594874.97219767,210104255.7957617
2014-12-13 00:00:00+00:00,1.06591465,23758.63302817,8297534.969390378,21157.06482139,7388955.627076509,597476.54040445,208664466.57592756
2014-12-14 00:00:00+00:00,1.08689147,16904.87545192,6019483.343045239,16663.84913357,5933658.7587311,597717.5667228,212835104.69902828
2014-12-15 00:00:00+00:00,1.06028962,28469.37762862,9881583.794424186,26212.28787588,9098158.817096448,599974.65647554,208248312.2684722
2014-12-16 00:00:00+00:00,1.00469489,41785.03342676,13731118.57240087,37039.7172543,12171744.469187856,604719.972648,198719038.0518154
2014-12-17 00:00:00+00:00,0.98028857,47477.8481897,15207041.46376811,43995.13704151,14091537.394897051,608202.68379619,194805868.07365474
2014-12-18 00:00:00+00:00,0.96077271,54633.7500785,17128317.197234683,54555.63713267,17103827.87860903,608280.79674202,190703116.9673281
2014-12-19 00:00:00+00:00,0.97619248,36197.34190758,11519546.650539886,35705.18556421,11362921.394152686,608772.95308539,193737663.12894782
2014-12-20 00:00:00+00:00,1.01306177,31115.62540974,10270202.496730225,33075.3228349,10917031.513459997,606813.25566023,200288277.39325732
2014-12-21 00:00:00+00:00,0.98778637,22585.97031153,7249930.916554806,16230.65391851,5209920.938381677,613168.57205325,196822617.15004805
2014-12-22 00:00:00+00:00,1.0214974,40469.93135382,13429646.613108817,45678.59824537,15158104.095958335,607959.9051617,201746986.17298517
2014-12-23 00:00:00+00:00,1.03954357,35242.04004028,11844290.316311149,91140.02165699,30630714.75733158,552061.92354499,185539250.496694
2014-12-24 00:00:00+00:00,0.99961153,28282.94387136,9136304.346722085,21489.16217661,6941693.43525756,558855.70523974,180528442.59053978
2014-12-25 00:00:00+00:00,0.98749454,27881.8029959,8894187.653497837,18009.76488616,5745045.559515568,568727.74334948,181421957.31906083
2014-12-26 00:00:00+00:00,1.01929944,22538.32931092,7419851.098422646,29518.68306114,9717855.743152648,561747.38959926,184933050.19439283
2014-12-27 00:00:00+00:00,0.97876537,24125.13531913,7622781.465480557,24886.68759209,7863407.9521104945,560985.8373263,177253822.06570026
2014-12-28 00:00:00+00:00,0.98276009,13930.66168668,4416165.753874157,16800.24226424,5325852.871372669,558116.25674874,176928702.68258053
2014-12-29 00:00:00+00:00,0.97130504,26915.76721461,8426398.970400317,25403.53012879,7952969.66328259,559628.49383456,175200391.8987135
2014-12-30 00:00:00+00:00,0.9677018,20646.0877783,6409412.8665377665,21770.00686908,6758324.561515842,558504.57474378,173383279.4775485
2014-12-31 00:00:00+00:00,1.00093553,28739.46507691,9215662.606159613,24947.59768035,7999753.733796183,562296.44214034,180307263.25427046
2015-01-01 00:00:00+00:00,0.98274685,13376.46768687,4210597.3055756865,11140.55390094,3506784.2524647033,564532.35592627,177701503.29796466
2015-01-02 00:00:00+00:00,0.98668726,19859.34867463,6274416.870756878,24053.42468769,7599504.70343076,560338.27991321,177034806.85193405
2015-01-03 00:00:00+00:00,0.89443575,44158.59234274,12613783.105508732,37664.06040741,10758637.530028882,566832.81184854,161914267.78844368
2015-01-04 00:00:00+00:00,0.826303,57816.16834027,15224996.107031448,67415.49178623,17752829.8651375,557233.48840258,146738843.73841602
2015-01-05 00:00:00+00:00,0.86470946,47427.02283169,13042613.946207719,54304.93687559,14934066.798901815,550355.57435868,151349902.6699901
2015-01-06 00:00:00+00:00,0.90423431,33057.55845946,9505685.101780333,37471.63263448,10774950.016643811,545941.50018366,156985216.89384902
2015-01-07 00:00:00+00:00,0.93577843,38548.5824015,11469574.251200357,39203.42612213,11664413.547713785,545286.65646303,162242173.50851637
2015-01-08 00:00:00+00:00,0.89651769,36182.63846553,10288257.965676837,34045.9195284,9680698.192326343,547423.37540016,155655671.9301675
2015-01-09 00:00:00+00:00,0.9241025,57193.86057128,16729267.962682161,66665.97724963,19499872.648274582,537951.25872181,157351342.75126112
2015-01-10 00:00:00+00:00,0.87375367,41617.00055777,11495886.210349238,59380.88122624,16402812.42035999,520187.37805334,143691636.2547573
2015-01-11 00:00:00+00:00,0.85069708,55544.61769913,14927922.362314627,52137.55131525,14012254.480013058,523594.44443722,140718894.82138798
2015-01-12 00:00:00+00:00,0.85146752,63173.03630985,16969366.152359657,57332.16848012,15400408.403295878,529435.31226695,142215448.11905652
2015-01-13 00:00:00+00:00,0.71350593,99494.12823442,22297441.807523,88155.14403279,19756283.400701553,540774.29646858,121191909.71855693
2015-01-14 00:00:00+00:00,0.56357972,137007.55322634,24063683.387720257,140708.88093198,24713775.852882203,537072.96876294,94330229.04265472
2015-01-15 00:00:00+00:00,0.68179854,80294.8383669,17049887.188773658,86057.23865279,18273481.093553007,531310.56847705,112819023.47624893
2015-01-16 00:00:00+00:00,0.66753485,62144.38074783,12900875.451682072,69623.99945836,14453608.430101652,523830.94976652,108744793.32405575
2015-01-17 00:00:00+00:00,0.64325099,40745.29239962,8141921.397816483,44449.83653811,8882181.325135319,520126.40562803,103934174.03949538
2015-01-18 00:00:00+00:00,0.68000493,40242.855817,8496575.496665237,37154.38300968,7844498.45481408,523214.87843535,110467674.95378709
2015-01-19 00:00:00+00:00,0.69895138,41477.88264139,8996332.701234994,38200.67857605,8285524.525308045,526492.08250069,114193339.6092839
2015-01-20 00:00:00+00:00,0.68366065,48297.96545745,10235297.78276363,44138.74849643,9353877.132101538,530651.29946171,112455545.8466685
2015-01-21 00:00:00+00:00,0.73912676,51737.75596846,11791252.4220291,247856.20331556,56487472.3101858,334532.85211461,76241445.5151351
2015-01-22 00:00:00+00:00,0.75789177,50204.62058829,11730178.205777748,46493.40400523,10863062.164078483,338244.06869767,79029841.40460648
2015-01-23 00:00:00+00:00,0.75661441,52185.85145801,12166236.40665837,43148.63736045,10059364.90611443,347281.28279523,80962676.05203244
2015-01-24 00:00:00+00:00,0.8081469,36106.82375244,8993564.347690566,40580.95899281,10107991.45599633,342807.14755486,85387132.40248787
2015-01-25 00:00:00+00:00,0.8258294,32557.51098747,8286470.669159483,35765.25431851,9102898.89787404,339599.40422382,86434141.21699105
2015-01-26 00:00:00+00:00,0.89147229,88871.27133824,24346484.288986523,82538.55839511,22611623.361997228,345932.11716695,94768880.0760638
2015-01-27 00:00:00+00:00,0.86202293,44675.74581518,11828073.673456904,52546.87608947,13911985.359292608,338060.98689266,89502932.43295509
2015-01-28 00:00:00+00:00,0.76846781,50542.90162303,11914773.39259274,53736.372732,12667588.988400005,334867.51578369,78940275.27072455
2015-01-29 00:00:00+00:00,0.76357085,54159.02783475,12670903.90167975,55096.56154333,12890246.825674787,333929.98207511,78125381.52777742
2015-01-30 00:00:00+00:00,0.74804548,42537.88406766,9736759.59151154,50747.78198131,11615973.943803126,325720.08416146,74556086.25390434
2015-01-31 00:00:00+00:00,0.71163625,43433.07734734,9439404.343744466,49079.30943736,10666512.137422096,320073.85207144,69562340.36562483
2015-02-01 00:00:00+00:00,0.74387279,28533.80606038,6480349.825009491,26399.3238072,5995584.782918339,322208.33432462,73177154.0935939
2015-02-02 00:00:00+00:00,0.78676033,42719.09729097,10256531.44580837,37632.85391526,9035362.965381905,327294.57770033,78580947.18999578
2015-02-03 00:00:00+00:00,0.74694335,49426.51127867,11258157.997066982,53802.79422383,12254968.88988318,322918.29475517,73552939.271804
2015-02-04 00:00:00+00:00,0.7443882,38113.24424914,8643364.756273212,36147.98177093,8197680.3025975125,324883.55723338,73677461.57025272
2015-02-05 00:00:00+00:00,0.71333929,40380.05569262,8762922.366580004,43013.16825311,9334337.154258408,322250.44467289,69931939.93490498
2015-02-06 00:00:00+00:00,0.73237364,38412.29838016,8555377.978085432,40584.8336188,9039255.822449867,320077.90943425,71289342.55753325
2015-02-07 00:00:00+00:00,0.75214553,33513.39687011,7662741.924131126,30829.27399109,7049024.938225407,322762.03231327,73798611.5257239
2015-02-08 00:00:00+00:00,0.73731062,31168.80339742,6982933.691826763,27514.08053648,6164144.241537507,326416.75517421,73129100.53747626
2015-02-09 00:00:00+00:00,0.72729218,41395.58490433,9138840.931916725,50420.10089097,11131169.73413195,317392.23918757,70070206.60932042
2015-02-10 00:00:00+00:00,0.72810409,41530.51332144,9173598.434527274,47654.46158428,10526306.063308569,311268.29092473,68755478.27315117
2015-02-11 00:00:00+00:00,0.72439005,48288.02364122,10599021.26384773,40621.97567846,8916355.475521484,318934.33888749,70004766.91189589
2015-02-12 00:00:00+00:00,0.73482642,28453.18533179,6333201.8362360755,31111.51514077,6924901.466039671,316276.00907851,70397735.0196884
2015-02-13 00:00:00+00:00,0.78098836,62818.04445989,14859945.36181633,43131.68948688,10203032.498840492,335962.36405152,79473699.25881605
2015-02-14 00:00:00+00:00,0.85038033,42476.26771847,10943062.978150778,43483.54764906,11202566.18568614,334955.08412093,86293706.51586895
2015-02-15 00:00:00+00:00,0.7743708,37544.55180648,8802162.598015474,43495.95222202,10197443.447644327,329003.68370539,77133532.8291513
2015-02-16 00:00:00+00:00,0.77684571,27804.56278385,6536466.972957235,35393.28788961,8320470.965620745,321414.95859963,75560197.72126019
2015-02-17 00:00:00+00:00,0.80607357,32491.76962064,7924930.876636574,32317.69092,7882472.072891075,321589.03730027,78437429.57200435
2015-02-18 00:00:00+00:00,0.78023417,34156.93443591,8060873.677551187,44143.62062332,10417684.004458752,311602.35111286,73536669.24242517
2015-02-19 00:00:00+00:00,0.80139075,27359.26586765,6617447.301690681,30450.3609591,7365097.438618206,308511.25602141,74620312.86132021
2015-02-20 00:00:00+00:00,0.81236962,32968.13837985,8094692.575864265,29600.25541381,7267773.66016819,311879.13898745,76575926.78850365
2015-02-21 00:00:00+00:00,0.81269734,20460.01317829,5024897.450345985,21368.85096572,5248104.3779779235,310970.30120002,76373062.91138475
2015-02-22 00:00:00+00:00,0.78366869,20138.88644022,4766686.4908089815,18583.36675907,4398509.497888602,312525.82088117,73971945.41243893
2015-02-23 00:00:00+00:00,0.79211394,38257.99478414,9146186.46304584,54664.88852693,13068517.21502622,296118.92713838,70791972.7138305
2015-02-24 00:00:00+00:00,0.79522354,31272.3910003,7501285.35420185,31629.88227303,7587036.522008584,295761.43586565,70944077.38683705
2015-02-25 00:00:00+00:00,0.79086428,26437.04751342,6298259.387140052,25816.83248958,6150501.771848002,296381.65088949,70608811.89335632
2015-02-26 00:00:00+00:00,0.78721981,31733.33596413,7522209.659656909,26597.88140463,6304878.902567089,301517.10544899,71472942.07340564
2015-02-27 00:00:00+00:00,0.8470053,58775.12783955,14994521.029428592,48097.28021579,12270422.986110251,312194.95307275,79646169.41217124
2015-02-28 00:00:00+00:00,0.84675657,24935.03958821,6357149.657998021,20318.96606698,5180288.875284196,316811.02659398,80770479.71939878
2015-03-01 00:00:00+00:00,0.86514949,23697.38831526,6176755.800873501,22431.28526212,5846744.355141729,318077.12964712,82907227.13978894
2015-03-02 00:00:00+00:00,0.91679724,49684.21416844,13728871.917472074,40485.61511495,11187090.984852178,327275.72870061,90433684.74733976
2015-03-03 00:00:00+00:00,0.9391453,49034.69565855,13862397.81323009,40421.85551518,11427497.080888454,335888.56884398,94957680.46884745
2015-03-04 00:00:00+00:00,0.90841341,37546.13835106,10266899.038249811,44714.64745218,12227110.192532104,328720.05974286,89887690.5441358
2015-03-05 00:00:00+00:00,0.91835146,39943.36194576,11035105.039237915,45408.34925001,12544910.573944587,323255.07243861,89305293.92269087
2015-03-06 00:00:00+00:00,0.90850025,33680.80998133,9205575.490553817,34129.97869923,9328341.437777644,322805.90372071,88228701.06581977
2015-03-07 00:00:00+00:00,0.91980286,28031.23097325,7747926.352874397,33619.17872001,9292453.871017395,317217.95597395,87680108.05665155
2015-03-08 00:00:00+00:00,0.91749265,19753.25157951,5438821.453000871,22731.95611286,6258972.102777428,314239.2514406,86522017.66532992
2015-03-09 00:00:00+00:00,0.96777239,48177.78596387,13977823.88562301,39998.82609504,11604861.776076939,322418.21130943,93543214.67948972
2015-03-10 00:00:00+00:00,0.9731036,53175.94540526,15544412.733064452,42438.28903057,12405576.90791913,333155.86768412,97388250.87653089
2015-03-11 00:00:00+00:00,0.98702529,36936.17619916,10958717.089601692,33383.40914173,9904634.802964844,336708.63474155,99899205.858851
2015-03-12 00:00:00+00:00,0.98143882,42388.45663363,12538520.088936929,48175.84352642,14250431.127474863,330921.24784876,97886619.22443826
2015-03-13 00:00:00+00:00,0.95005909,45640.45928727,13049110.555645399,51118.82117695,14615434.625968857,325442.88595908,93047709.52672753
2015-03-14 00:00:00+00:00,0.94250473,26450.9847945,7501718.996309275,27206.0461895,7715860.679662745,324687.82456408,92084163.98580196
2015-03-15 00:00:00+00:00,0.95476771,15745.76576427,4523288.367350279,16136.10918549,4635422.377401584,324297.48114286,93160983.46535404
2015-03-16 00:00:00+00:00,0.96883474,30476.0853756,8880491.067761712,29130.11776736,8488286.715557024,325643.4487511,94889934.2638204
2015-03-17 00:00:00+00:00,0.94842564,32167.38043226,9175693.689571468,30761.06806337,8774545.341294738,327049.76111999,93290419.95210151
2015-03-18 00:00:00+00:00,0.85686576,61907.79317136,15928018.38781718,61868.59811406,15917934.042027986,327088.95617729,84155461.55914366
2015-03-19 00:00:00+00:00,0.87346947,49226.41037825,12901895.014687747,50018.43904191,13109480.142033936,326296.92751363,85520123.65004975
2015-03-20 00:00:00+00:00,0.87674824,33890.08746342,8911957.417552477,32751.12246001,8612447.785969835,327435.89251704,86104668.04607274
2015-03-21 00:00:00+00:00,0.87101347,27939.63340239,7297393.522243361,30806.8634023,8046268.975503075,324568.66251713,84772238.1057831
2015-03-22 00:00:00+00:00,0.89689624,24683.7366504,6637442.366008648,20202.43545156,5432423.091443346,329049.96371597,88481343.0249668
2015-03-23 00:00:00+00:00,0.89015559,42354.08516016,11299137.833809245,32059.50026295,8552769.136301829,339344.54861318,90529657.60995363
2015-03-24 00:00:00+00:00,0.8245462,47782.54016264,11794407.266633026,50662.65622541,12505320.954014609,336464.43255041,83051226.13257189
2015-03-25 00:00:00+00:00,0.82488492,42793.11135935,10557879.493944403,47886.64805621,11814552.470859919,331370.89585355,81755541.37308055
2015-03-26 00:00:00+00:00,0.834809,47709.60729458,11905121.13031389,42124.24434278,10511388.792770619,336956.25880535,84081703.96218732
2015-03-27 00:00:00+00:00,0.82811622,38144.72562396,9436200.20100497,43258.71452253,10701293.140677653,331842.26990678,82090775.1405979
2015-03-28 00:00:00+00:00,0.84785463,26010.84207907,6586767.52036111,26155.05203155,6623286.039377932,331698.0599543,83996435.07242776
2015-03-29 00:00:00+00:00,0.81383575,31563.17675763,7668829.755289065,25800.41697902,6268665.760322869,337460.81973291,81992050.27695382
2015-03-30 00:00:00+00:00,0.83226724,37142.50397783,9223855.579038778,39835.59955559,9892650.679246169,334767.72415515,83135190.40002532
2015-03-31 00:00:00+00:00,0.82051756,39938.07364572,9773345.275150506,46355.9617441,11343882.624526864,328349.83605677,80351304.55436425
2015-04-01 00:00:00+00:00,0.83080879,33209.01243944,8208796.9514358565,39134.1528847,9673407.647480384,322424.69561151,79698812.58077027
2015-04-02 00:00:00+00:00,0.85233643,37281.63095613,9455742.685023664,37263.94602582,9451257.254903648,322442.38054182,81781083.6853588
2015-04-03 00:00:00+00:00,0.85676268,33688.14198466,8584855.799339896,33369.50065074,8503655.420148365,322761.02187574,82250212.30653018
2015-04-04 00:00:00+00:00,0.85381712,20208.84696302,5131952.791787868,18282.27324191,4642707.39323901,324687.59559685,82453067.00235096
2015-04-05 00:00:00+00:00,0.87790912,25915.18567781,6766769.491774032,16241.32620713,4240807.380302154,334361.45506753,87305833.78815812
2015-04-06 00:00:00+00:00,0.86213123,31114.68274592,7976789.910050443,31319.37607443,8029266.603798102,334156.76173902,85666895.82475224
2015-04-07 00:00:00+00:00,0.85722526,39313.49563407,10018332.709950265,39177.99306469,9983802.333009541,334292.2643084,85188332.20472556
2015-04-08 00:00:00+00:00,0.82735719,51464.15527225,12651186.798027568,45855.67475732,11272480.895402243,339900.74482333,83556172.1124243
2015-04-09 00:00:00+00:00,0.82153081,36598.109309,8924838.218992792,43225.79227601,10541069.203711785,333273.06185632,81272180.8851635
2015-04-10 00:00:00+00:00,0.7967323,34442.91707418,8124116.313972594,36566.97103157,8625120.957970245,331149.00789893,78108745.889131
2015-04-11 00:00:00+00:00,0.80216867,30837.10601471,7321008.592497536,31714.95238266,7529417.280381186,330271.16153098,78409368.57917356
2015-04-12 00:00:00+00:00,0.80176151,22554.23283324,5348534.283995191,19658.01959658,4661723.258119503,333167.37476764,79007658.53703444
2015-04-13 00:00:00+00:00,0.76357046,61994.90247357,13980199.903958675,56278.23064842,12691058.188879805,338884.04659279,76420262.41834056
2015-04-14 00:00:00+00:00,0.74489185,51514.26811108,11320633.210903546,51485.51584338,11314314.692004828,338912.79886049,74478540.16109207
2015-04-15 00:00:00+00:00,0.75926768,35911.14285881,8019457.6507001715,46998.55343256,10495430.634954559,327825.38828674,73207968.58306862
2015-04-16 00:00:00+00:00,0.77719921,50073.10938513,11441395.807977669,37298.50738365,8522478.257558467,340599.99028822,77824991.27641816
2015-04-17 00:00:00+00:00,0.75827898,43366.01004339,9661299.158094676,43021.07131265,9584451.962201899,340944.92901896,75957436.53593528
2015-04-18 00:00:00+00:00,0.76055574,34870.12817704,7789918.433182096,38314.3190014,8559343.926941669,337500.7381946,75397004.8038365
2015-04-19 00:00:00+00:00,0.76035314,24883.65823284,5556126.11164514,22257.33818349,4969710.510402361,340127.05824395,75944976.0924712
2015-04-20 00:00:00+00:00,0.76631946,37946.14745017,8533895.17147559,46786.87379456,10522129.47014321,331286.33189956,74504607.66500945
2015-04-21 00:00:00+00:00,0.80085177,41869.60823967,9836818.81743259,40325.71968727,9474098.6343983,332830.22045196,78194917.82228057
2015-04-22 00:00:00+00:00,0.79730639,38617.58933715,9029658.145529794,34706.99871873,8115274.388346919,336740.81107038,78737550.94000304
2015-04-23 00:00:00+00:00,0.80445024,34253.676327,8081582.676748428,33296.1145107,7855661.963518999,337698.37288668,79674289.38819972
2015-04-24 00:00:00+00:00,0.78956794,39532.51573947,9150140.44486127,38776.57588447,8975171.6701265,338454.31274168,78338158.79982978
2015-04-25 00:00:00+00:00,0.77276772,32236.22407195,7299763.770109902,27776.07117581,6289780.018671607,342914.46563782,77651606.68081108
2015-04-26 00:00:00+00:00,0.75294572,42425.29555244,9354922.20294702,40618.8466311,8956594.061618106,344720.91455916,76012136.04849522
2015-04-27 00:00:00+00:00,0.77665961,54809.4841347,12459620.261850484,55422.23836023,12598915.223014232,344108.16033363,78224728.33760157
2015-04-28 00:00:00+00:00,0.77087913,43684.02479723,9852904.219229842,49850.04977156,11243647.260134464,337942.1353593,76222635.31789602
2015-04-29 00:00:00+00:00,0.77154151,37578.25001728,8480256.941762293,50534.86641282,11404167.34417603,324985.51896376,73339250.81389752
2015-04-30 00:00:00+00:00,0.80792304,48240.03386248,11400469.56669578,43049.69045055,10173846.213215284,330175.86237569,78029793.29165159
2015-05-01 00:00:00+00:00,0.7959527,35115.3978857,8172988.858053626,33710.72938935,7846057.065701569,331580.53087204,77174235.45037718
2015-05-02 00:00:00+00:00,0.80559481,19824.54032902,4669473.758518372,19956.52107952,4700560.514673175,331448.55012154,78069417.06617619
2015-05-03 00:00:00+00:00,0.8223728,36732.72737694,8832907.70158033,25390.27129258,6105452.517697763,342791.0062059,82428981.86344251
2015-05-04 00:00:00+00:00,0.81741779,49362.71549665,11796536.94254414,37230.50848357,8897222.616246512,354923.21321898,84818364.51619664
2015-05-05 00:00:00+00:00,0.80768013,36472.03811977,8608253.836577328,37162.20573493,8771149.532221548,354233.04560382,83607281.93603852
2015-05-06 00:00:00+00:00,0.78562752,39878.42640612,9151349.915458843,50230.25888879,11526901.055575741,343881.21312115,78914280.0815522
2015-05-07 00:00:00+00:00,0.81202047,38046.43264986,9021976.724234872,39710.4809191,9416573.634049013,342217.16485191,81150191.51313102
2015-05-08 00:00:00+00:00,0.83681725,48860.61172042,11940725.976488067,39033.73353926,9539199.359568495,352044.04303307,86033745.82303998
2015-05-09 00:00:00+00:00,0.83113721,31800.74523729,7718230.084453758,27181.12440967,6597020.62271146,356663.66386069,86564393.37821221
2015-05-10 00:00:00+00:00,0.82457424,23401.4891237,5633475.202862208,20270.43704585,4879732.389907007,359794.71593854,86613915.87716815
2015-05-11 00:00:00+00:00,0.83050336,48943.59402139,11856577.685117757,38138.17919345,9238967.701850012,370600.13076648,89777821.35548161
2015-05-12 00:00:00+00:00,0.83069449,38593.12697003,9347606.242836598,40416.89994878,9789340.640127573,368776.35778773,89320986.78980012
2015-05-13 00:00:00+00:00,0.81161902,54109.85834732,12799701.381296162,48092.5237049,11376299.271463819,374793.69243015,88657547.61187398
2015-05-14 00:00:00+00:00,0.81336253,38986.75421113,9237869.176575681,40416.28271667,9576594.407377128,373364.16392461,88468234.18227655
2015-05-15 00:00:00+00:00,0.81536167,30989.75272273,7359586.00292945,33960.47773404,8065087.153822903,370393.4389133,87962701.50951657
2015-05-16 00:00:00+00:00,0.80981981,23279.29839551,5489541.042545698,21012.6046903,4955027.161833974,372660.13261851,87877781.28761838
2015-05-17 00:00:00+00:00,0.81389832,18881.12368578,4474140.606513998,18768.99091377,4447569.211880914,372772.26539052,88333488.90257205
2015-05-18 00:00:00+00:00,0.80026593,39523.95985765,9204491.923695255,42572.58159288,9914466.68941689,369723.64365529,86102665.42828739
2015-05-19 00:00:00+00:00,0.79745588,42293.87382532,9811097.984280512,43209.19956926,10023430.167386271,368808.31791135,85554105.52815576
2015-05-20 00:00:00+00:00,0.80520035,39527.15321718,9256876.11726645,39528.14068092,9257107.371702135,368807.33044761,86371101.666118
2015-05-21 00:00:00+00:00,0.81004487,44683.02647355,10525257.652829008,45337.39192169,10679395.934954086,368152.96499947,86719837.89115317
2015-05-22 00:00:00+00:00,0.82662537,51811.82694737,12451584.24061229,55728.60059544,13392875.83181393,364236.1913514,87534408.4025192
2015-05-23 00:00:00+00:00,0.8221977,29266.58665325,6993639.5910113165,30153.82276886,7205656.444846102,363348.95523579,86827058.74781033
2015-05-24 00:00:00+00:00,0.82826864,27404.66713577,6596625.612657441,24065.35963029,5792815.0314139165,366688.26274127,88266176.48286052
2015-05-25 00:00:00+00:00,0.81597835,35380.99912233,8385422.155701853,31871.85596856,7553742.794488421,370197.40589504,87738096.89892077
2015-05-26 00:00:00+00:00,0.8155281,41956.62006802,9935170.766824527,42091.88008132,9967199.832270691,370062.14588174,87629332.57521863
2015-05-27 00:00:00+00:00,0.81731823,49627.04759623,11771714.17026839,46064.61801167,10926693.06076491,373624.5754663,88625093.01704404
2015-05-28 00:00:00+00:00,0.81693429,37507.07143826,8887558.698725399,43290.63109926,10258012.962512154,367841.0158053,87162460.15500814
2015-05-29 00:00:00+00:00,0.81601049,41936.71270933,9924177.399376199,48676.40196919,11519101.45303576,361101.32654544,85453374.67497161
2015-05-30 00:00:00+00:00,0.80519424,36044.65436576,8390790.755512407,34303.99315981,7985584.374362069,362841.98775139,84465540.03936322
2015-05-31 00:00:00+00:00,0.79414393,27361.92348263,6278208.3353765765,29180.09209461,6695388.11961577,361023.81913941,82837113.11558232
2015-06-01 00:00:00+00:00,0.77376466,53615.37274179,11971385.290701082,48970.8857983,10934351.69688608,365668.3060829,81647407.39187971
2015-06-02 00:00:00+00:00,0.78141163,48562.5868495,10942160.967249198,54573.64077529,12296576.45262375,359657.25215711,81038260.13918677
2015-06-03 00:00:00+00:00,0.781559,42463.47937963,9563330.274270104,42977.46353447,9679086.220327469,359143.26800227,80883755.59102234
2015-06-04 00:00:00+00:00,0.77606861,38819.93591582,8677811.458153423,45667.0645136,10208419.111141615,352296.13940449,78752306.07842496
2015-06-05 00:00:00+00:00,0.78040202,41907.70914325,9417964.3961241,44068.86716974,9903643.755936088,350134.981378,78686209.67048758
2015-06-06 00:00:00+00:00,0.78204257,31915.89533274,7186199.3707679715,31650.5390333,7126451.610218422,350400.33767744,78896319.8394575
2015-06-07 00:00:00+00:00,0.77660755,30260.70956766,6760596.139716518,25436.57137893,5682827.294168953,355224.47586617,79361299.01065496
2015-06-08 00:00:00+00:00,0.79532581,56183.14713272,12853259.671105746,50031.61550188,11445947.381542675,361376.00749701,82673540.02605255
2015-06-09 00:00:00+00:00,0.79751177,49619.89152737,11381340.794104956,46777.31242013,10729336.919089314,364218.58660425,83541010.06858674
2015-06-10 00:00:00+00:00,0.79522298,45178.31655115,10327243.045253076,40957.32611319,9362373.22556537,368439.57704221,84221045.62699324
2015-06-11 00:00:00+00:00,0.79912895,42194.43433874,9687184.386678813,39663.56292212,9106135.761285506,370970.44845883,85169032.18513268
2015-06-12 00:00:00+00:00,0.79991673,44132.03581755,10142036.926568191,46838.42919659,10763996.486773387,368264.05507979,84631211.23140426
2015-06-13 00:00:00+00:00,0.81144066,36041.88812155,8398312.978347836,33078.49603593,7707797.150523736,371227.44716541,86501691.5022298
2015-06-14 00:00:00+00:00,0.80992401,33837.99308345,7867573.936326375,31458.98246289,7314437.055353493,373606.45778597,86866157.29458709
2015-06-15 00:00:00+00:00,0.8248878,52071.91244962,12330158.288323497,46114.27812631,10919444.32037709,379564.09210928,89877346.84796229
2015-06-16 00:00:00+00:00,0.87513216,83274.73471196,20937989.458204392,84807.72442177,21323433.164444476,378031.10239947,95049371.98889327
2015-06-17 00:00:00+00:00,0.86325931,63417.64212698,15725629.445230644,62384.93924918,15469550.817286873,379063.80527727,93996193.14060551
2015-06-18 00:00:00+00:00,0.86709753,48554.12505596,12090583.072280176,56781.18271989,14139223.10052789,370836.74761334,92342978.02927704
2015-06-19 00:00:00+00:00,0.85251691,60977.23853833,14927440.452282304,56484.43140202,13827585.611386238,375329.55474965,91881982.73336361
2015-06-20 00:00:00+00:00,0.85520736,33605.08050795,8252820.125757328,29412.48403562,7223191.747457843,379522.15122198,93204003.69326599
2015-06-21 00:00:00+00:00,0.85070324,25202.92609139,6157081.398949565,23774.73195436,5808173.1998258,380950.34535901,93066268.44946682
2015-06-22 00:00:00+00:00,0.86017515,39363.29482949,9723438.129083846,43532.29706998,10753256.276192991,376781.34311852,93071733.29559179
2015-06-23 00:00:00+00:00,0.85051054,38240.79647149,9337819.834653458,43858.81878311,10709655.283009822,371163.3208069,90632427.63550822
2015-06-24 00:00:00+00:00,0.8379559,44597.054462,10723430.66099982,46254.08343186,11121865.837401485,369506.29183704,88848358.86849657
2015-06-25 00:00:00+00:00,0.8448489,43212.9977944,10472577.439643843,40547.00603512,9826480.048174966,372172.28359632,90195155.61951232
2015-06-26 00:00:00+00:00,0.84717268,48375.4126339,11753677.129604097,51234.52046901,12448348.834565531,369313.17576121,89731282.71704088
2015-06-27 00:00:00+00:00,0.87686139,32630.41624337,8207506.627946469,27394.7602373,6890585.597856991,374548.83176728,94210015.47426383
2015-06-28 00:00:00+00:00,0.86825845,31185.66644855,7767048.627137174,31099.7927989,7745661.083160145,374634.70541693,93305877.5314965
2015-06-29 00:00:00+00:00,0.89447788,61929.07176544,15894110.040670171,65637.32926862,16845835.15352057,370926.44791375,95198355.34538256
2015-06-30 00:00:00+00:00,0.91895089,65712.33105478,17338484.84855835,66796.49476134,17624546.166089106,369842.28420719,97584498.04096733
2015-07-01 00:00:00+00:00,0.89877462,56422.06938141,14559300.164812183,55791.66057279,14396627.80678158,370472.69301581,95597754.55986126
2015-07-02 00:00:00+00:00,0.88759905,54109.72975686,13784297.461547656,53905.36009003,13732234.878859466,370677.06268264,94428911.71605738
2015-07-03 00:00:00+00:00,0.89360593,44376.85846707,11364338.455069661,44967.29643806,11515541.96903706,370086.62471165,94774389.31461221
2015-07-04 00:00:00+00:00,0.90895603,31210.6879027,8130672.573735213,28978.85944902,7549260.640291477,372318.45316533,96992397.13281
2015-07-05 00:00:00+00:00,0.94652746,64210.7379815,17420531.057960104,55691.84211051,15109333.666912105,380837.34903632,103322108.97233206
2015-07-06 00:00:00+00:00,0.93879668,77098.83768854,20750222.35909776,74691.15504177,20102223.611147184,383245.03168309,103145778.37825997
2015-07-07 00:00:00+00:00,0.92913382,58303.93547213,15536244.965740602,59125.94350774,15755285.380450668,382423.02364748,101904232.15541825
2015-07-08 00:00:00+00:00,0.94328042,45399.387409,12283991.135099607,64637.34925604,17489324.648907676,363185.06180044,98269213.18045768
2015-07-09 00:00:00+00:00,0.94097662,71559.57665551,19298208.443281565,69774.08795297,18816697.305776976,364970.55050298,98425369.2999371
2015-07-10 00:00:00+00:00,0.99548676,93631.96331999,26737429.29236851,94319.55649999,26933777.562556278,364282.95732298,104024197.1702694
2015-07-11 00:00:00+00:00,1.02415822,51735.32559676,15205915.1723711,53740.09777328,15795152.70599942,362278.18514646,106479881.75573824
2015-07-12 00:00:00+00:00,1.08367916,44861.28553456,13973477.552802056,41857.21438709,13037763.824450377,365282.25629393,113778803.88264672
2015-07-13 00:00:00+00:00,1.0183322,56913.91455497,16655812.920532687,52697.38171323,15421847.857077556,369498.78913567,108133533.85248128
2015-07-14 00:00:00+00:00,1.00130096,52273.91031292,15041344.691561187,49505.19179414,14244670.990558457,372267.50765445,107116606.8614352
2015-07-15 00:00:00+00:00,0.9949258,52580.70323661,15034026.388249569,39632.23916277,11331764.178149035,385215.97172829,110142062.15686387
2015-07-16 00:00:00+00:00,0.96964467,60565.35882477,16869435.903952904,54867.01304183,15282259.986742746,390914.31751123,108882439.58518694
2015-07-17 00:00:00+00:00,0.97483547,39450.16152158,11048598.626794927,41726.52226817,11686126.972657498,388637.95676464,108843782.37795906
2015-07-18 00:00:00+00:00,0.96571539,35104.7787348,9736473.103312543,36088.46050065,10009301.800732108,387654.27499879,107517710.06516063
2015-07-19 00:00:00+00:00,0.95860718,32360.31596193,8908212.158196183,27871.84745437,7672617.617717477,392142.74350635,107949834.59250906
2015-07-20 00:00:00+00:00,0.97272012,36011.27049658,10051263.907432351,36341.14057276,10143335.39352904,391812.87343017,109360612.35468048
2015-07-21 00:00:00+00:00,0.96438518,41094.86320263,11368993.051468883,55357.00993097,15314650.353064429,377550.72670183,104450319.43007973
2015-07-22 00:00:00+00:00,0.96830559,36041.72915087,10011108.158230439,40300.83759293,11194136.727492793,373291.61825977,103687110.8296761
2015-07-23 00:00:00+00:00,0.96492102,47640.43961067,13187427.674886128,44348.94461775,12276303.585433757,376583.11325269,104242584.8751201
2015-07-24 00:00:00+00:00,1.00796633,54706.70173367,15826975.75683337,48452.63521143,14017636.93558626,382837.17977493,110757084.07006897
2015-07-25 00:00:00+00:00,1.00828547,32374.09667013,9372548.323344354,30630.44190588,8867746.947612343,384580.83453918,111339089.78767776
2015-07-26 00:00:00+00:00,1.02127006,24799.4783942,7274055.106270354,28216.45930427,8276306.324696628,381163.85362911,111801015.80140328
2015-07-27 00:00:00+00:00,1.02492676,43977.05180523,12948020.958072001,37457.77121068,11028570.283123692,387683.13422366,114144289.82758722
2015-07-28 00:00:00+00:00,1.02815783,64083.9494858,18931047.54532277,59759.14114227,17653455.370796807,392007.94256719,115803115.42015736
2015-07-29 00:00:00+00:00,1.00910193,43712.28895331,12670262.073466111,48409.39764224,14031746.440936906,387310.83387826,112264305.68236478
2015-07-30 00:00:00+00:00,1.00375693,46436.36704301,13384644.795403944,44718.75071801,12889565.488626592,389028.45020326,112132105.77938461
2015-07-31 00:00:00+00:00,0.99098704,46390.76919495,13202688.788428409,47673.75316509,13567822.59354205,387745.46623312,110351322.22720796
2015-08-01 00:00:00+00:00,0.98089158,37082.68845342,10445038.07395885,33096.61000324,9322283.95568032,391731.5446833,110338572.24584328
2015-08-02 00:00:00+00:00,0.98353023,27567.45773142,7785684.292111713,27135.40443491,7663662.501173804,392163.59797981,110756022.35346733
2015-08-03 00:00:00+00:00,0.98277599,43765.51797541,12349974.97920365,45904.34926833,12953521.199475532,390024.76668689,110059159.18918605
2015-08-04 00:00:00+00:00,0.99397021,59099.0650098,16860172.352590486,64518.30085073,18406207.814949565,384605.53084596,109722810.95728263
2015-08-05 00:00:00+00:00,0.98382413,77306.13286524,21826527.50435245,86315.20363101,24370138.516437527,375596.46008019,106045486.46571642
2015-08-06 00:00:00+00:00,0.97232925,63629.48759751,17752356.53070895,71789.53809832,20028975.929489683,367436.40957938,102513196.18472008
2015-08-07 00:00:00+00:00,0.97419688,61876.60195468,17293811.97376213,56759.67942411,15863689.87053484,372553.33210995,104124452.089773
2015-08-08 00:00:00+00:00,0.91166096,80696.91844123,21098231.56409665,85689.08109685,22403433.86609797,367561.16945433,96098969.04260796
2015-08-09 00:00:00+00:00,0.93317694,35197.97608878,9374700.067443207,33105.924832,8817498.908815172,369653.22071111,98454185.67221816
2015-08-10 00:00:00+00:00,0.92856137,54376.74463071,14405967.075845862,52337.95897866,13865833.988114977,371692.00636316,98471926.6000102
2015-08-11 00:00:00+00:00,0.95127646,56005.53575678,15201119.747392785,68126.85019642,18491107.956646953,359570.69192352,97595301.45947424
2015-08-12 00:00:00+00:00,0.93998135,65315.93243572,17514066.79786495,67192.85250424,18017351.40589935,357693.771855,95913391.72282428
2015-08-13 00:00:00+00:00,0.92822959,52226.45949704,13823906.588703368,75278.88280573,19925690.043517876,334641.34854631,88576763.34127344
2015-08-14 00:00:00+00:00,0.93435614,89975.8419845,23965600.108953547,57784.90763056,15391353.479586057,366832.28290025,97707958.10453635
2015-08-15 00:00:00+00:00,0.91933993,44453.23329776,11643939.30866797,70796.18866414,18544129.70522422,340489.32753387,89186697.36568591
2015-08-16 00:00:00+00:00,0.90950511,72530.81611928,18780463.5037167,69852.08013601,18086856.205997046,343168.06351714,88856787.1885785
2015-08-17 00:00:00+00:00,0.90668516,139644.93466185,36029705.56845683,137021.88933552,35352935.22208346,345791.10884347,89217355.93195185
2015-08-18 00:00:00+00:00,0.76798027,125989.62292202,27451360.253934216,88374.78690295,19255618.48962038,383405.94486254,83538742.88865818
2015-08-19 00:00:00+00:00,0.80186184,82949.24402265,18847582.223209426,90859.55414107,20644949.060299538,375495.63474412,85319461.72244234
2015-08-20 00:00:00+00:00,0.83203851,83717.83740032,19717550.150035765,83808.24252499,19738842.716051023,375405.22961945,88416897.41950864
2015-08-21 00:00:00+00:00,0.82326318,50122.03457787,11668440.617118962,54428.20080514,12670918.775348557,371099.06339218,86392091.23749287
2015-08-22 00:00:00+00:00,0.81611734,45286.98459542,10444952.687906055,50046.33777228,11542645.97001443,366339.71021532,84492287.90753286
2015-08-23 00:00:00+00:00,0.8092317,34700.39048469,7935044.958822395,31044.21748915,7098976.641100078,369995.88321086,84608095.95652026
2015-08-24 00:00:00+00:00,0.75213176,106365.73921932,22544847.85658778,121411.33654904,25733851.24432909,354950.28588114,75233813.54349786
2015-08-25 00:00:00+00:00,0.79407506,89919.00153625,20020918.834413566,110801.92023124,24670605.920290526,334067.36718615,74381782.81999499
2015-08-26 00:00:00+00:00,0.80814493,74084.91608071,16751836.756936831,72029.30767014,16287029.366286077,336122.97559672,76003018.09504531
2015-08-27 00:00:00+00:00,0.80418084,63701.20872158,14328942.071448874,68841.50248168,15485199.118950564,330982.68183662,74451203.82908942
2015-08-28 00:00:00+00:00,0.82998858,77218.89714857,17927973.766959377,100168.33990276,23256164.441216804,308033.23908243,71516326.10080081
2015-08-29 00:00:00+00:00,0.82198826,35415.55807644,8139423.139797137,37316.07673385,8576212.121192008,306132.72042502,70357319.88462082
2015-08-30 00:00:00+00:00,0.81927215,23466.98405102,5374398.6545774285,24142.08612226,5529010.242307935,305457.61835378,69955773.16377074
2015-08-31 00:00:00+00:00,0.82540167,48701.99788188,11235037.889456779,56436.15110701,13019225.56771072,297723.46512865,68681667.21647488
2015-09-01 00:00:00+00:00,0.81598508,50189.89909253,11441067.07729373,64672.02371113,14742348.055716539,283241.34051005,64566441.34437774
2015-09-02 00:00:00+00:00,0.82188383,51057.25344939,11717751.007674025,73910.13809698,16962537.8697992,260388.45586246,59759718.45202099
2015-09-03 00:00:00+00:00,0.81397546,72358.22528316,16433068.265706873,48323.29670291,10974564.818793857,284423.38444271,64594576.14693897
2015-09-04 00:00:00+00:00,0.82872426,59129.81118884,13669485.675719135,57701.4423671,13339278.851853885,285851.75326445,66082511.81706936
2015-09-05 00:00:00+00:00,0.8456626,43855.04565909,10345537.105244286,39454.96776978,9307545.503920158,290251.83115376,68471279.50587185
2015-09-06 00:00:00+00:00,0.86322379,49350.73317954,11883926.60861322,42638.6934087,10267630.701912787,296963.8709246,71510525.1757585
2015-09-07 00:00:00+00:00,0.86259401,39223.55133406,9438504.978964489,44902.62167014,10805080.207873838,291284.80058852,70092914.77041906
2015-09-08 00:00:00+00:00,0.87516289,61780.91820476,15085352.777893135,69279.75226328,16916380.229131933,283785.96653,69293424.94282623
2015-09-09 00:00:00+00:00,0.85581756,69015.96194872,16475660.435096046,71340.06636493,17030476.366019882,281461.86211379,67191269.0148722
2015-09-10 00:00:00+00:00,0.85661875,83881.4892733,20026745.592776515,75378.2116632,17996584.005547393,289965.13972389,69229315.48227367
2015-09-11 00:00:00+00:00,0.86421443,56392.17627676,13581774.15310541,54322.57365985,13083320.694036983,292034.7423408,70335109.88948415
2015-09-12 00:00:00+00:00,0.84831164,31650.54913053,7480665.276393252,29824.35422017,7049040.763418258,293860.93725116,69454570.92441663
2015-09-13 00:00:00+00:00,0.82782905,43312.68555576,9985689.295972794,47989.2627753,11063868.736562584,289184.36003162,66671117.975654244
2015-09-14 00:00:00+00:00,0.82963832,60198.84086353,13902849.696433961,80398.7543547,18567995.35572261,268984.44654045,62121633.52792941
2015-09-15 00:00:00+00:00,0.82794791,71260.81257115,16418390.739063755,58468.36679472,13471029.269448055,281776.89231688,64920998.68603797
2015-09-16 00:00:00+00:00,0.82333716,89912.91459985,20593949.39560474,96362.78507396,22071248.921964973,275327.02184277,63061805.75178491
2015-09-17 00:00:00+00:00,0.83834106,65752.97258901,15333770.598593766,68411.34105169,15953709.295936927,272668.65338009,63587065.58396115
2015-09-18 00:00:00+00:00,0.83835706,58804.626535,13711776.49085873,63848.22354997,14887817.885119935,267625.05636512,62403507.55476479
2015-09-19 00:00:00+00:00,0.83518355,36086.98842627,8380898.779720657,35872.58921629,8331106.370997894,267839.4555751,62203455.15882162
2015-09-20 00:00:00+00:00,0.83222368,33881.40213848,7838879.93192934,33012.8143224,7637921.43638777,268708.04339118,62168917.339311026
2015-09-21 00:00:00+00:00,0.81585049,71796.43186241,16281524.40636083,78254.26607766,17745989.737859763,262250.20917593,59471384.16925516
2015-09-22 00:00:00+00:00,0.82986426,69389.46295703,16003035.433317207,75187.64698555,17340249.190321777,256452.02514741,59144582.916305326
2015-09-23 00:00:00+00:00,0.82892525,43783.24942883,10075945.92392242,42418.60244573,9761896.387025658,257816.67213051,59331979.25145579
2015-09-24 00:00:00+00:00,0.84398148,46597.06665629,10918618.531292269,45233.13298201,10599021.772095049,259180.60580479,60731165.46939845
2015-09-25 00:00:00+00:00,0.8484784,60039.92765768,14141697.797497611,67603.20563749,15923138.843842039,251617.32782498,59265497.96999289
2015-09-26 00:00:00+00:00,0.84518839,42983.50073435,10083577.428082392,41319.93363981,9693318.204938224,253280.89491952,59417624.70114456
2015-09-27 00:00:00+00:00,0.84044962,26980.14843545,6292939.118910534,24475.32609764,5708706.066478012,255785.71725733,59660307.28253086
2015-09-28 00:00:00+00:00,0.86502832,71095.02079072,17064032.469614495,57594.43266994,13823658.228357472,269286.30537811,64633362.610879086
2015-09-29 00:00:00+00:00,0.85547192,73516.35849679,17448095.646952394,72253.97258616,17148485.729344748,270548.69128874,64211007.444960006
2015-09-30 00:00:00+00:00,0.85345406,58464.39484368,13840851.951165028,70473.25565979,16683827.835929409,258539.83047263,61206680.178915806
2015-10-01 00:00:00+00:00,0.85908051,85378.81451947,20339779.08983927,95765.28950012,22814147.09105329,248153.35549198,59117527.68549166
2015-10-02 00:00:00+00:00,0.85804128,75203.45163748,17893684.221678603,68926.27145596,16400110.754969278,254430.5356735,60538440.225330845
2015-10-03 00:00:00+00:00,0.86449878,50341.92958123,12068767.681144964,40048.38053954,9601034.460904071,264724.08471519,63463866.09746844
2015-10-04 00:00:00+00:00,0.86381713,39587.62364963,9481905.880567672,43442.5449254,10405224.770262903,260869.16343942,62482579.82765087
2015-10-05 00:00:00+00:00,0.86904243,52891.27150894,12744744.983987749,51803.43690143,12482619.036512125,261956.99804693,63121476.221549965
2015-10-06 00:00:00+00:00,0.89045639,61861.21702697,15276039.75478344,67590.00718953,16690710.05187645,256228.20788437,63273121.31980972
2015-10-07 00:00:00+00:00,0.87953074,53429.3226603,13022568.541340344,61769.98463733,15055475.508299349,247887.54590734,60418743.79818051
2015-10-08 00:00:00+00:00,0.87738611,85249.12072214,20718062.519535422,87415.72978124,21244612.723943193,245720.93684824,59717469.09359625
2015-10-09 00:00:00+00:00,0.88249178,48574.65307546,11874019.904639764,54200.62221648,13249281.80223033,240094.96770722,58690947.74862422
2015-10-10 00:00:00+00:00,0.88802862,39697.65379443,9763873.132077102,40875.20155529,10053497.980022442,238917.41994636,58763154.857447945
2015-10-11 00:00:00+00:00,0.89733993,36549.13530371,9083489.544000247,39902.53140404,9916902.924675953,235564.02384603,58544294.68077837
2015-10-12 00:00:00+00:00,0.88965466,67786.32650077,16681783.650937425,66124.72760483,16272874.734824488,237225.62274197,58379716.372379206
2015-10-13 00:00:00+00:00,0.9052258,78649.70542534,19699494.01766246,77567.37859191,19428402.207909282,238307.9495754,59689302.09762073
2015-10-14 00:00:00+00:00,0.91550869,84665.89206342,21432520.810905177,68427.76800401,17321964.324089054,254546.07363481,64436385.03714945
2015-10-15 00:00:00+00:00,0.92101163,75400.39445484,19203953.796112802,74547.67525601,18986772.17241191,255398.79283364,65048288.57490644
2015-10-16 00:00:00+00:00,0.94954679,91946.7972285,24157859.06198346,90241.55302248,23709827.695617102,257104.03703966,67550836.7696127
2015-10-17 00:00:00+00:00,0.98206419,105444.60391671,28673650.147604033,98652.76425465,26826738.811274685,263895.87670172,71761453.52983052
2015-10-18 00:00:00+00:00,0.9516082,49673.33093441,13088012.55573205,56090.34562445,14778778.350046467,257478.86201168,67840962.45315534
2015-10-19 00:00:00+00:00,0.95474467,72729.12372613,19226869.56995193,76695.17736483,20275346.330181636,253512.80837298,67019337.66250354
2015-10-20 00:00:00+00:00,0.97727168,78318.27253269,21211110.979427867,71868.53041188,19464313.054893862,259962.55049379,70406232.55214573
2015-10-21 00:00:00+00:00,0.96713256,68171.81945513,18272789.328367732,64819.38553277,17374202.209963515,263314.98441615,70579005.74893151
2015-10-22 00:00:00+00:00,0.99332361,77165.05045307,21252409.010628007,70883.89109634,19522483.77988712,269596.14377288,74250810.1985096
2015-10-23 00:00:00+00:00,1.00428416,68527.28672051,19092577.723846156,63702.76351697,17748403.91145271,274420.66697642,76457104.37429103
2015-10-24 00:00:00+00:00,1.02166516,61258.55006949,17373607.397536937,51354.15854235,14564611.596806679,284325.05850356,80637754.79698841
2015-10-25 00:00:00+00:00,1.02981363,75863.81948866,21700822.308989886,69460.68814857,19869208.552010674,290728.18984365,83162709.58324729
2015-10-26 00:00:00+00:00,1.03170839,78796.80652483,22591310.98585062,61988.90271106,17772428.104378894,307536.09365742,88171638.38992836
2015-10-27 00:00:00+00:00,1.06222316,85363.58283648,25230309.27496903,73574.3614143,21745852.640077427,319325.3150796,94380720.57282759
2015-10-28 00:00:00+00:00,1.09230955,104037.74012344,31673467.772327688,93498.36211269,28464837.429455996,329864.69309035,100424698.89704967
2015-10-29 00:00:00+00:00,1.12707436,123946.91368214,39028337.53431724,116271.37914859,36611469.34750685,337540.2276239,106284485.37976046
2015-10-30 00:00:00+00:00,1.17145113,133250.81461153,43771869.38783163,136301.95635901,44774146.022641025,334489.08587642,109877096.22130123
2015-10-31 00:00:00+00:00,1.11900853,92019.6435131,28905165.163450055,118758.00674931,37304206.67280934,307750.72264021,96670505.63850527
2015-11-01 00:00:00+00:00,1.17301764,90180.20345784,29746321.36042339,88979.62307058,29350304.844058424,308951.30302747,101908893.43993495
2015-11-02 00:00:00+00:00,1.29040009,136826.36494618,49889167.807533756,124606.76730156,45433699.31889281,321170.90067209,117104250.8132786
2015-11-03 00:00:00+00:00,1.40849617,168716.20855818,67642226.23299253,162417.76745448,65117035.6677675,327469.34177579,131290025.36308588
2015-11-04 00:00:00+00:00,1.41400867,193321.77865965,78388439.87623179,162799.28395846,66012127.40204794,357991.83647698,145159131.80822974
2015-11-05 00:00:00+00:00,1.33554498,196397.2523987,75483560.17467244,140462.46626528,53985516.06564299,413926.6226104,159089064.35351878
2015-11-06 00:00:00+00:00,1.29585462,127031.09795724,47379476.84490024,112947.86152268,42126775.85055713,428009.85904496,159637156.0358849
2015-11-07 00:00:00+00:00,1.33922357,108342.7400374,41874962.07573819,90995.2170107,35170065.47998758,445357.38207166,172132654.9242067
2015-11-08 00:00:00+00:00,1.29084893,88539.93642322,32972283.81194745,77311.90868533,28790964.82553538,456585.40980955,170032465.85443294
2015-11-09 00:00:00+00:00,1.31634235,132962.20963234,50591541.62958966,117186.57287984,44588980.55825752,472361.04656205,179731320.78220204
2015-11-10 00:00:00+00:00,1.1732578,132396.75350679,44727661.745094605,169032.38553084,57104295.71524272,435725.414538,147201335.6747248
2015-11-11 00:00:00+00:00,1.07637834,166144.64957215,51325768.314145096,190027.58446341,58703736.765415035,411842.47964674,127227279.04091878
2015-11-12 00:00:00+00:00,1.17484219,141641.76492531,47807351.80861631,124830.18315485,42133056.48630431,428654.0614172,144680599.88641414
2015-11-13 00:00:00+00:00,1.17320189,118394.14693554,39931854.53676671,94867.15586122,31996695.497367106,452181.05249152,152511154.307352
2015-11-14 00:00:00+00:00,1.15846495,98474.8713548,32796772.048453443,90981.63745267,30301172.096781895,459674.28639365,153093196.06085676
2015-11-15 00:00:00+00:00,1.113692,109085.78443773,34899599.202550285,90156.94257848,28843732.274872087,478603.1282529,153118551.96538162
2015-11-16 00:00:00+00:00,1.15257372,109929.4088539,36401224.713037215,138166.78151719,45751542.87028551,450365.75558961,149130839.90165183
2015-11-17 00:00:00+00:00,1.16708912,103733.10047854,34838739.60617076,138348.52007131,46464320.87181836,415750.33599684,139629661.41138685
2015-11-18 00:00:00+00:00,1.16637111,95135.90589765,31941357.630274937,89074.86898985,29906397.794073727,421811.37290464,141620850.58567965
2015-11-19 00:00:00+00:00,1.13381269,103594.3370826,33795802.851103894,87406.31162975,28514748.575743698,437999.39835749,142889483.4665449
2015-11-20 00:00:00+00:00,1.11922908,91196.36033922,29359799.60718713,88189.32065545,28391711.821688324,441006.43804126,141977822.34081563
2015-11-21 00:00:00+00:00,1.13292142,77435.49461049,25236632.770352643,67278.98788279,21926574.097571097,451162.94476896,147036363.80186203
2015-11-22 00:00:00+00:00,1.12503742,58662.49040379,18990043.417484697,55128.39565723,17845996.988212354,454697.03951552,147193146.12738666
2015-11-23 00:00:00+00:00,1.12274649,69284.98113244,22379918.871649638,60926.22762451,19679936.533226185,463055.79302345,149572835.4331622
2015-11-24 00:00:00+00:00,1.11232756,79661.65646023,25488651.664217144,73076.71611181,23381725.21768614,469640.73337187,150266886.13008177
2015-11-25 00:00:00+00:00,1.14323112,100519.50277536,33066941.60405837,82460.14942306,27126128.466113348,487700.08672417,160434043.57104945
2015-11-26 00:00:00+00:00,1.23571942,141116.47641059,50273491.5829046,110436.15514906,39343464.75730149,518380.4079857,184675763.88306153
2015-11-27 00:00:00+00:00,1.24471977,101951.39559652,36627958.039017074,170265.97564823,61171256.90164214,450065.82793399,161694620.8917258
2015-11-28 00:00:00+00:00,1.23492724,79327.80333052,28285702.4427587,72080.19887043,25701443.525027584,457313.43239408,163063026.18616584
2015-11-29 00:00:00+00:00,1.28597204,73741.57389175,27410304.37383348,62534.40364831,23244513.879681475,468520.60263752,174152674.61687678
2015-11-30 00:00:00+00:00,1.30285581,111210.37047521,41969663.90438086,94415.51668588,35631456.72235801,485315.45642685,183153122.38238117
2015-12-01 00:00:00+00:00,1.25175777,199978.06970545,72498524.71893951,101937.67989967,36955709.27793669,583355.84623263,211485380.8736489
2015-12-02 00:00:00+00:00,1.2400996,111347.52715235,39998526.399782255,130156.34015762,46755073.42673599,564547.03322736,202797942.53146768
2015-12-03 00:00:00+00:00,1.24663471,81509.23164104,29441955.110928845,102389.07130852,36983963.4189033,543667.19355988,196378064.00343117
2015-12-04 00:00:00+00:00,1.25296246,77405.81324577,28117013.91375617,78928.01671294,28669941.585093897,542144.99009271,196929630.8703654
2015-12-05 00:00:00+00:00,1.34032565,130188.8760749,50690725.99085222,118230.40627167,46034540.80559366,554103.45989594,215747362.62419832
2015-12-06 00:00:00+00:00,1.35140208,122853.61109934,48320675.404075794,120208.03868716,47280121.16523003,556749.03230812,218980044.87585226
2015-12-07 00:00:00+00:00,1.35604281,106266.68268194,42012170.443214305,99191.4261076,39214991.89553803,563824.28888246,222906008.9835635
2015-12-08 00:00:00+00:00,1.41573376,103542.80710317,42845874.87671208,126173.44658045,52210403.1771413,541193.64940518,223945207.15843737
2015-12-09 00:00:00+00:00,1.4230962,124466.20011815,51981151.63504353,113781.41936409,47518838.10705951,551878.43015924,230482462.98983765
2015-12-10 00:00:00+00:00,1.4147374,104447.94224484,43422135.12412382,95829.36362864,39839134.08832305,560497.00877544,233015379.0360262
2015-12-11 00:00:00+00:00,1.53766856,121902.95604479,55327056.06253762,117572.15445998,53361472.04511255,564827.81036025,256353586.02788797
2015-12-12 00:00:00+00:00,1.47529212,99642.81301424,43429890.24675221,95446.86325254,41601061.53227709,569023.76012195,248012262.0219368
2015-12-13 00:00:00+00:00,1.46917519,91509.60774987,39752090.81489164,88369.75958079,38388129.88629267,572163.60829103,248549854.7860776
2015-12-14 00:00:00+00:00,1.49347951,111261.67619332,49287997.930745564,99363.75399586,44017317.27310697,584061.53048849,258734404.25368252
2015-12-15 00:00:00+00:00,1.5607304,123447.09782365,57355727.859902754,148438.62767958,68967239.27240308,559070.00063256,259753913.83217755
2015-12-16 00:00:00+00:00,1.52430436,115952.44952246,52658934.42625914,130241.7597225,59148317.37521211,544780.69043252,247408060.56556368
2015-12-17 00:00:00+00:00,1.52913908,93513.16758996,42664460.16917596,111773.65808206,50995628.80936072,526520.19994042,240219646.89640582
2015-12-18 00:00:00+00:00,1.54887254,110296.40082895,51086620.3518799,105144.1299539,48700213.32349534,531672.47081547,246257805.91171113
2015-12-19 00:00:00+00:00,1.5407991,96904.17681015,44711578.26003497,108071.69510336,49864270.17253601,520504.95252226,240160937.18054453
2015-12-20 00:00:00+00:00,1.47646827,96072.35947488,42478777.07670899,89226.3352349,39451780.14292499,527350.97676224,233170338.5397251
2015-12-21 00:00:00+00:00,1.46115451,125268.81919456,54822662.24916487,129604.90329025,56720306.65413673,523014.89266655,228892305.33424443
2015-12-22 00:00:00+00:00,1.45244997,110336.05705364,48025796.700988464,146834.89333859,63912586.006786324,486516.0563816,211765055.22750634
2015-12-23 00:00:00+00:00,1.47498552,114865.52639001,50847031.753586255,105716.7395393,46797177.37059792,495664.84323231,219413838.20761007
2015-12-24 00:00:00+00:00,1.51648924,128070.70941654,58384710.186075784,129743.80679684,59147439.666586354,493991.74585201,225200321.34809425
2015-12-25 00:00:00+00:00,1.51327284,82268.59692975,37491348.39574135,83625.96405807,38109926.14968344,492634.37872369,224502760.63685358
2015-12-26 00:00:00+00:00,1.39046843,104737.41129329,43803440.56276081,95658.00729066,40006238.31512444,501713.78272632,209827506.61680895
2015-12-27 00:00:00+00:00,1.40524438,37278.93517259,15758025.638365949,45953.88308196,19424977.254190337,493038.83481695,208410421.69756237
2015-12-28 00:00:00+00:00,1.39984175,44740.85142524,18838264.32846814,70275.66529079,29589771.23667365,467504.0209514,196843914.24736813
2015-12-29 00:00:00+00:00,1.43330598,46824.57301928,20197312.325023968,49295.67841615,21263198.979624864,465032.91555453,200587307.71563074
2015-12-30 00:00:00+00:00,1.41549314,47630.80802135,20292803.158499546,48154.80920629,20516050.5343585,464508.91436959,197901071.93741548
2015-12-31 00:00:00+00:00,1.42597532,53503.0764841,22989049.602849964,37107.51097959,15944249.688176487,480904.4798741,206633667.97877356
2016-01-01 00:00:00+00:00,1.44202141,30112.79869976,13089371.30680913,30071.89119515,13071589.71425727,480945.38737871,209056382.1869955
2016-01-02 00:00:00+00:00,1.44085731,24549.02948242,10665077.355311446,24008.53263956,10430263.973237358,481485.88422157,209176668.44593188
2016-01-03 00:00:00+00:00,1.42578556,36097.17306271,15526700.13041492,28600.56294301,12302136.890490191,488982.49434127,210329062.2085412
2016-01-04 00:00:00+00:00,1.4358758,41544.0445133,18007223.34835747,43291.4268335,18764624.41711328,487235.11202107,211191557.97448972
2016-01-05 00:00:00+00:00,1.43257229,48262.02804237,20881507.66900932,64336.46601716,27836426.75261915,471160.67404628,203856854.49843884
2016-01-06 00:00:00+00:00,1.42542709,41569.47408814,17903052.543451957,51593.08090511,22219998.17376283,461137.06722931,198601529.73874375
2016-01-07 00:00:00+00:00,1.51365061,85494.72205099,39259940.696624614,80668.28473029,37043597.53015819,465963.50455001,213974607.04666892
2016-01-08 00:00:00+00:00,1.49531085,66765.41632824,30320473.86923962,63252.19836838,28725000.65560488,469476.72250987,213205540.83111215
2016-01-09 00:00:00+00:00,1.48063286,34795.34555535,15652519.745763626,32127.50609391,14452404.926317714,472144.56197131,212391972.58021054
2016-01-10 00:00:00+00:00,1.47362064,32408.86392267,14537975.186777093,32777.33766299,14703265.216891475,471776.08823099,211629419.67920244
2016-01-11 00:00:00+00:00,1.4731839,52231.29172567,23453576.700655848,48581.08561493,21814513.484660972,475426.29434173,213482123.29147243
2016-01-12 00:00:00+00:00,1.44857001,47127.55098196,20819451.351497862,43319.47980969,19137166.76716915,479234.365514,211710482.5286577
2016-01-13 00:00:00+00:00,1.41794151,70005.34553563,30264056.09852662,64148.44850681,27732057.16491251,485091.26254282,209710116.7085739
2016-01-14 00:00:00+00:00,1.4098903,45446.63289266,19534018.302697532,50232.30273586,21591010.34715843,480305.59269962,206446498.70634708
2016-01-15 00:00:00+00:00,1.21085056,121450.06215208,44672150.48678053,98043.18626537,36062558.49886408,503712.46858633,185277132.0164439
2016-01-16 00:00:00+00:00,1.2771992,79809.21870333,30971659.637093034,82989.18443719,32205712.769887596,500532.50285247,194242251.302758
2016-01-17 00:00:00+00:00,1.25902054,42285.76714233,16173548.445814436,39829.6083575,15234111.709019508,502988.6616373,192384152.78843588
2016-01-18 00:00:00+00:00,1.26741248,55418.01539671,21328463.7265925,58682.91141398,22585008.476110425,499723.76562003,192326270.2939697
2016-01-19 00:00:00+00:00,1.24584593,57252.01572697,21650521.027874615,49098.63976256,18567226.30848066,507877.14158444,192059695.95706165
2016-01-20 00:00:00+00:00,1.3822596,109095.54195968,45888085.87280858,94664.9425795,39818244.96401568,522307.74096462,219694609.32028946
2016-01-21 00:00:00+00:00,1.34524409,82602.4915431,33809072.55371855,74882.1992624,30649168.81500496,530028.03324532,216939657.59066328
2016-01-22 00:00:00+00:00,1.25973209,82998.68569104,31626355.315804016,76161.38333225,29021025.46027329,536865.33560411,204570635.2960587
2016-01-23 00:00:00+00:00,1.27705234,48762.68683954,18840468.697203103,47578.21582471,18382823.917474646,538049.80661894,207886627.99689054
2016-01-24 00:00:00+00:00,1.33208711,62794.91185917,25334414.198907655,53812.55617142,21710510.40259806,547032.16230669,220698444.6619294
2016-01-25 00:00:00+00:00,1.29373682,98734.77653797,38702659.724043295,88327.51405192,34623157.51844003,557439.42479274,218508504.61208138
2016-01-26 00:00:00+00:00,1.29079002,81318.5141398,31807162.300698612,63630.1668109,24888490.20895059,575127.77212164,224957164.85993826
2016-01-27 00:00:00+00:00,1.3020216,90722.26539725,35801503.5436559,77900.35318467,30741623.992532585,587949.68433422,232021131.9130155
2016-01-28 00:00:00+00:00,1.25165178,67961.94033463,25750846.856827203,83912.51572106,31794535.75140315,571999.10894779,216731031.87212512
2016-01-29 00:00:00+00:00,1.2534027,102665.66093705,38910284.96363258,90384.74922435,34255819.488098666,584280.02066049,221442124.80545545
2016-01-30 00:00:00+00:00,1.24726247,63218.17101145,23849862.883917104,66354.52761464,25033093.492211696,581143.6640573,219243873.7449941
2016-01-31 00:00:00+00:00,1.21190019,52089.08212695,19082402.252421133,55395.48275745,20293674.6393119,577837.2634268,211685878.24747825
2016-02-01 00:00:00+00:00,1.23041296,91611.11931115,34008194.40317899,84597.96389938,31404746.76039757,584850.41883857,217110181.49542427
2016-02-02 00:00:00+00:00,1.236387,87177.66199951,32510958.983887516,92380.17459923,34451119.68404034,579647.90623885,216166720.60938558
2016-02-03 00:00:00+00:00,1.22129665,76292.93108503,28083291.108986903,74201.27720358,27313357.066388182,581739.5601203,214137288.79107133
2016-02-04 00:00:00+00:00,1.29128531,97313.35270801,37925259.663067326,85478.89862012,33313099.751152862,593574.01420819,231329493.7606427
2016-02-05 00:00:00+00:00,1.27387646,98916.68136035,38023415.43138536,104213.44990039,40059484.85741206,588277.24566815,226132840.21715453
2016-02-06 00:00:00+00:00,1.24218056,67596.80713363,25323897.004865844,101613.68091111,38067691.34215565,554260.37189067,207643425.28620583
2016-02-07 00:00:00+00:00,1.24380766,47674.50229259,17885276.304316357,45942.0749962,17235349.41713224,555992.79918706,208582876.76799607
2016-02-08 00:00:00+00:00,1.23006764,68537.31461704,25414619.792895038,61630.36294328,22853422.995247707,562899.75086082,208731305.41485062
2016-02-09 00:00:00+00:00,1.23955252,85003.81614659,31749912.468244243,77664.64273114,29008645.968773674,570238.92427627,212990860.32249424
2016-02-10 00:00:00+00:00,1.25743769,131111.30193219,49702014.750746,110356.9502575,41834400.91520407,590993.27595096,224035274.50362855
2016-02-11 00:00:00+00:00,1.25239109,95740.25007986,36155268.107401334,85312.45760304,32217325.26253425,601421.06842778,227120150.15950274
2016-02-12 00:00:00+00:00,1.26735993,92105.32981906,35211357.00008189,90249.34095454,34501822.74592772,603277.0572923,230629474.71126944
2016-02-13 00:00:00+00:00,1.29090383,73616.51464748,28680878.710727755,72996.77134281,28439427.69069316,603896.80059697,235277246.8875792
2016-02-14 00:00:00+00:00,1.34395157,84839.53910275,34457635.60593433,84104.61796891,34159146.89540174,604631.72173081,245571578.57678193
2016-02-15 00:00:00+00:00,1.32080872,109700.96238985,43800042.01667842,98539.50518787,39343633.57901357,615793.17893279,245866276.13155487
2016-02-16 00:00:00+00:00,1.34439265,93122.10036921,37903982.94210524,94223.7916915,38352410.21041192,614691.4876105,250201139.88697553
2016-02-17 00:00:00+00:00,1.36891644,98563.86009348,40935947.80502782,93135.55819236,38681443.13076455,620119.78951162,257550701.77077758
2016-02-18 00:00:00+00:00,1.387065,101447.67291581,42738855.93299779,107850.65484636,45436366.03259828,613716.80758107,258552547.0321455
2016-02-19 00:00:00+00:00,1.37990407,86610.02366593,36343863.56780573,82788.60899961,34740296.59726142,617538.22224739,259135420.44317877
2016-02-20 00:00:00+00:00,1.44479793,95930.1629107,42228050.97724869,85969.71956796,37843506.04923932,627498.66559013,276222252.049777
2016-02-21 00:00:00+00:00,1.43896168,92231.93464456,40463866.41218965,89207.95481876,39137190.178237915,630522.64541593,276622020.26112914
2016-02-22 00:00:00+00:00,1.43388713,90661.73543871,39667709.16891893,82148.25288671,35942760.06825116,639036.12796793,279600860.8262374
2016-02-23 00:00:00+00:00,1.37701655,113441.15798138,47648983.69555256,98057.90275951,41187515.12193556,654419.3831898,274877470.17517716
2016-02-24 00:00:00+00:00,1.38888584,87749.29441329,37205271.95719961,90298.77393181,38286238.81248957,651869.90367128,276389653.1472311
2016-02-25 00:00:00+00:00,1.38869889,90806.0687404,38510024.71621697,86171.68063197,36544623.030230545,656504.29177971,278417476.42458045
2016-02-26 00:00:00+00:00,1.4125491,108704.89060398,46934667.279600106,107485.52394472,46408190.79702215,657723.65843897,283980241.36021864
2016-02-27 00:00:00+00:00,1.41577688,66648.62333751,28855377.91260655,69174.48860402,29948945.83901941,655197.79317246,283666473.2556723
2016-02-28 00:00:00+00:00,1.41489813,107905.83936684,46734263.18960133,96289.80077108,41703330.59002934,666813.83176822,288798579.3463843
2016-02-29 00:00:00+00:00,1.42718873,169880.1168646,74369416.39594348,152538.93862453,66777866.96017321,684155.01000829,299506556.4926034
2016-03-01 00:00:00+00:00,1.40836687,160654.64255899,69532593.19429827,140076.92339798,60626394.45333348,704732.7291693,305013869.4251786
2016-03-02 00:00:00+00:00,1.37665947,144132.01833125,60979343.96025335,147810.11186399,62535470.99744968,701054.63563656,296602047.59751886
2016-03-03 00:00:00+00:00,1.36370699,119900.95338304,50270731.401556686,101680.08092025,42631287.68043193,719275.50809935,301569794.49418837
2016-03-04 00:00:00+00:00,1.32762119,91928.66578584,37505990.53816582,112879.06208177,46053545.95549908,698325.11180342,284909770.113263
2016-03-05 00:00:00+00:00,1.29300875,138865.27331591,55173180.23944243,125611.48985059,49907260.499212734,711578.89526874,282720580.2125292
2016-03-06 00:00:00+00:00,1.31351951,77279.35324035,31198075.78695137,80245.14879119,32395382.835781563,708613.0997179,286070784.2606868
2016-03-07 00:00:00+00:00,1.34309201,96138.66997096,39727321.65557869,99632.89905142,41171239.7237155,705118.87063744,291375823.98106307
2016-03-08 00:00:00+00:00,1.33712484,74992.73500145,30853957.484325025,73347.5346646,30177079.367459632,706764.07097429,290781081.61900735
2016-03-09 00:00:00+00:00,1.3411659,80192.23365453,33082560.487615153,75534.73319189,31161151.97017477,711421.57143693,293490355.5704481
2016-03-10 00:00:00+00:00,1.35270133,75045.19741982,31244387.187992726,94733.2418745,39441325.9004755,691733.52698225,287996979.0344123
2016-03-11 00:00:00+00:00,1.36229072,77932.15696505,32693469.90860301,101725.04110011,42674868.75346383,667940.64284719,280209071.0443298
2016-03-12 00:00:00+00:00,1.33231582,69867.70466357,28664215.395233802,64957.77561484,26649847.4622123,672850.57189592,276046476.90232867
2016-03-13 00:00:00+00:00,1.33700014,52939.70900134,21800883.58281092,47578.6681308,19593175.41617979,678211.61276646,279291531.6942483
2016-03-14 00:00:00+00:00,1.34667706,70877.85987037,29416222.520265978,68865.8563505,28581186.821384832,680223.61628633,282311137.7348963
2016-03-15 00:00:00+00:00,1.34702813,69858.91602187,29010060.58471894,72452.78725922,30087208.156274818,677629.74504898,281396864.95742947
2016-03-16 00:00:00+00:00,1.3520056,62553.85786397,26086467.432540447,61963.06100566,25840090.893509623,678220.54190729,282834323.61627334
2016-03-17 00:00:00+00:00,1.35638731,68906.4260882,28844599.562347177,66627.03956017,27890436.13548947,680499.92843532,284860920.12373394
2016-03-18 00:00:00+00:00,1.32505057,79855.58586874,32653075.824886147,82960.8217093,33922811.689358115,677394.69259476,276987765.10173696
2016-03-19 00:00:00+00:00,1.32598423,49306.32787325,20172423.279908564,49629.51693179,20304647.819222536,677071.50353622,277006492.86248434
2016-03-20 00:00:00+00:00,1.33522284,44131.97770138,18184888.29804341,42931.57832947,17690255.389476925,678271.90290813,279486654.179561
2016-03-21 00:00:00+00:00,1.33302131,59302.82171361,24409146.623508334,62412.4322881,25689067.852573875,675162.29233364,277897997.2963685
2016-03-22 00:00:00+00:00,1.34807127,63478.05901822,26443794.807612333,66191.95777549,27574355.240238085,672448.39357637,280129663.91014105
2016-03-23 00:00:00+00:00,1.35020487,57023.05556545,23800185.966051187,57518.19412132,24006846.054533157,671953.2550205,280458706.94574225
2016-03-24 00:00:00+00:00,1.33729801,66217.12128575,27384768.565625794,65520.61891622,27096722.87857939,672649.75739003,278181195.0471244
2016-03-25 00:00:00+00:00,1.34555077,47135.57686239,19625993.038180865,44288.15681981,18440403.518493842,675497.17743261,281258950.968337
2016-03-26 00:00:00+00:00,1.34628144,32593.1561968,13585580.296154035,34463.7182952,14365273.782520065,673626.61533421,280783131.8020033
2016-03-27 00:00:00+00:00,1.37287033,53416.86610781,22726470.62510654,46337.39628189,19714475.07457432,680706.08516013,289609780.130121
2016-03-28 00:00:00+00:00,1.36375683,62086.97484622,26257664.882413603,60923.23914156,25765500.749431655,681869.82086479,288374643.70015293
2016-03-29 00:00:00+00:00,1.3408893,65296.43955833,27154427.358804,61261.36272789,25476384.85877617,685904.89769523,285243036.9174231
2016-03-30 00:00:00+00:00,1.3308193,58989.17934156,24349417.642486166,61236.56121522,25277086.758325968,683657.51582157,282198575.4501899
2016-03-31 00:00:00+00:00,1.34039332,60996.10060253,25371743.50357468,60941.84878815,25349177.091862194,683711.76763595,284394566.6604704
2016-04-01 00:00:00+00:00,1.3439179,54932.95051239,22918063.223643005,63442.0471867,26468063.97435714,675202.67096164,281695000.13259417
2016-04-02 00:00:00+00:00,1.35165651,50958.43402354,21390468.029958405,40046.2271123,16809926.70164081,686114.87787288,288005678.3777736
2016-04-03 00:00:00+00:00,1.35223224,38925.54552993,16351593.221440354,39950.07221711,16781969.813603874,685090.3511857,287788355.69327545
2016-04-04 00:00:00+00:00,1.35014818,53183.44977339,22312623.229014177,54441.61044336,22840472.87228141,683832.19051573,286895454.95567334
2016-04-05 00:00:00+00:00,1.35890201,65677.74517351,27748936.946968786,74314.10881627,31397812.369547993,675195.82687297,285271158.0955938
2016-04-06 00:00:00+00:00,1.35566372,56464.51400447,23822784.507973455,60447.2065713,25503111.14239003,671213.13430614,283189648.2139341
2016-04-07 00:00:00+00:00,1.35117853,58219.16216163,24537468.42971348,58975.35102501,24856177.247792568,670456.94544276,282575624.9567996
2016-04-08 00:00:00+00:00,1.34214463,58942.01424018,24675688.813260145,55558.11383369,23259041.036932696,673840.84584925,282099063.5658554
2016-04-09 00:00:00+00:00,1.34233375,45921.18884175,19229894.37345433,49534.90911447,20743170.943429295,670227.12557653,280663396.4873071
2016-04-10 00:00:00+00:00,1.35084023,42852.8570592,18081955.383094344,37521.20956772,15832242.79272621,675558.77306801,285055056.57180464
2016-04-11 00:00:00+00:00,1.35449753,56844.09955168,24060575.05121018,57268.02018987,24240009.230155244,675134.85242982,285766384.1047739
2016-04-12 00:00:00+00:00,1.36654458,74901.80788098,32015104.81554561,71819.12743407,30697481.911469918,678217.53287673,289888936.15614516
2016-04-13 00:00:00+00:00,1.35807492,62678.24528505,26630263.905480616,64334.01952804,27333756.8775348,676561.75863374,287452498.0531002
2016-04-14 00:00:00+00:00,1.36084658,47227.65518501,20112208.425680365,49939.50281692,21267066.62429305,673849.91100183,286963428.6225701
2016-04-15 00:00:00+00:00,1.37555561,67203.8756967,28946350.297944847,65556.50342739,28236786.834763374,675497.28327114,290953174.71156865
2016-04-16 00:00:00+00:00,1.37971516,38447.24418554,16617526.128165618,58507.14439662,25287742.237214815,655437.38306006,283290729.130423
2016-04-17 00:00:00+00:00,1.37038391,45321.15974953,19458185.309749223,47386.29869125,20344831.998413976,653372.24411834,280518818.8599523
2016-04-18 00:00:00+00:00,1.37101446,57727.56685878,24803049.364457212,48978.75347638,21044061.033372074,662121.05750074,284484903.2804799
2016-04-19 00:00:00+00:00,1.39507656,62115.19969728,27179668.808173653,53938.74500133,23601907.942169566,670297.51219669,293301228.5758868
2016-04-20 00:00:00+00:00,1.41003606,72505.29287561,32095312.817475062,56194.98069125,24875363.060071852,686607.82438105,303934954.7107168
2016-04-21 00:00:00+00:00,1.43844551,58932.36393525,26647134.824400634,66515.87993186,30076133.081227615,679024.30838444,307030824.598277
2016-04-22 00:00:00+00:00,1.42445756,55832.31285502,25020381.212942503,55311.95813787,24787192.352884825,679544.66310159,304527354.3686564
2016-04-23 00:00:00+00:00,1.44126699,44566.98717579,20229611.637462765,44973.16691055,20413982.59924198,679138.48336683,308270956.5350577
2016-04-24 00:00:00+00:00,1.46984701,49981.36634983,23160509.056690287,49725.65339448,23042016.05318085,679394.19632218,314819633.5180058
2016-04-25 00:00:00+00:00,1.47288881,67776.61281751,31537542.821372464,82043.31553591,38176067.95854324,665127.49360378,309494469.245328
2016-04-26 00:00:00+00:00,1.48393742,81809.98605466,38418686.476827554,72928.1272122,34247687.71914628,674009.35244624,316520699.2796776
2016-04-27 00:00:00+00:00,1.40953828,78302.51325309,34902649.41531455,75834.25679891,33802446.03603244,676477.60890042,301533882.3729248
2016-04-28 00:00:00+00:00,1.4252343,71912.2966213,32436764.956510756,74089.48547498,33418807.895351287,674300.42004674,304149989.1223636
2016-04-29 00:00:00+00:00,1.44285983,51790.15325924,23668616.14000347,56561.57258588,25849202.32054518,669529.0007201,305981425.33623195
2016-04-30 00:00:00+00:00,1.42025882,45752.73156639,20584176.099465467,46214.65828792,20791997.155290846,669067.07399857,301013600.7629701
2016-05-01 00:00:00+00:00,1.43481218,32454.59290086,14767188.045040501,41109.8023132,18705401.208017576,660411.86458623,300494485.3664227
2016-05-02 00:00:00+00:00,1.40306525,60568.0461641,26948726.19022865,60679.49757395,26998314.607187405,660300.41317638,293789484.14109737
2016-05-03 00:00:00+00:00,1.42352585,61121.31421231,27604148.8714139,66947.0624904,30235224.868850343,654474.66489829,295579640.5107817
2016-05-04 00:00:00+00:00,1.41279571,103417.04987494,46368892.46377057,64369.4303932,28861190.67857608,693522.28438003,310953177.10700434
2016-05-05 00:00:00+00:00,1.41534562,63774.42417343,28656149.28226759,65509.22350994,29435657.20266244,691787.48504352,310845071.51490235
2016-05-06 00:00:00+00:00,1.45231269,68414.40171105,31586509.367104817,113015.84798138,52178723.36254866,647186.03877319,298801821.9074342
2016-05-07 00:00:00+00:00,1.45028008,41259.163775,19035403.818821255,47444.36522676,21889019.756775662,641000.83732143,295733327.34410155
2016-05-08 00:00:00+00:00,1.44965118,33057.7045798,15252126.459752256,36303.83489864,16749822.405587438,637754.70700259,294246547.5188961
2016-05-09 00:00:00+00:00,1.45525025,67799.59368964,31422550.998220302,64736.07237112,30002724.571147785,640818.22832111,296995046.19724774
2016-05-10 00:00:00+00:00,1.41626148,75186.6800448,33915182.69688719,62697.98072771,28281784.35115332,653306.9276382,294693472.23190784
2016-05-11 00:00:00+00:00,1.42414735,59762.1601864,27125823.70296813,54971.64526806,24951426.681240305,658097.44255654,298707997.67752254
2016-05-12 00:00:00+00:00,1.42876187,62730.34251825,28580399.218427084,63805.48019535,29070239.745239936,657022.30487944,299344129.41237295
2016-05-13 00:00:00+00:00,1.43336991,66591.61450945,30448476.52139911,61048.69434725,27914021.15998441,662565.22504164,302952584.1532644
2016-05-14 00:00:00+00:00,1.43505829,49122.83031007,22504127.680409603,51799.41892659,23730325.18559996,659888.63642512,302307868.5659131
2016-05-15 00:00:00+00:00,1.44303466,48229.799346,22227075.393098183,46627.8913067,21488823.705445573,661490.54446442,304853024.5409707
2016-05-16 00:00:00+00:00,1.42545539,64769.23059058,29484513.234530553,71301.11641334,32457984.931376986,654958.65864166,298152951.06499237
2016-05-17 00:00:00+00:00,1.41546718,79306.71870575,35969227.35917642,77006.43214785,34925942.10487976,657258.94519956,298097019.0110941
2016-05-18 00:00:00+00:00,1.41776705,78439.4597158,35649650.72932427,75316.88477473,34230483.55978213,660381.52014063,300134277.1407636
2016-05-19 00:00:00+00:00,1.36583656,90104.05296843,39440723.34380772,85510.62372466,37430068.2618841,664974.9493844,291075619.1890937
2016-05-20 00:00:00+00:00,1.37946798,79909.39999009,35351662.78482156,87171.10328318,38564217.07871668,657713.24609131,290970234.88868475
2016-05-21 00:00:00+00:00,1.38433791,47409.48044641,21053517.08039318,45546.81868471,20226349.58465835,659575.90785301,292903286.66427535
2016-05-22 00:00:00+00:00,1.37324466,43844.13509236,19315913.793109495,41848.51216063,18436724.81078273,661571.53078474,291461072.9506735
2016-05-23 00:00:00+00:00,1.38378129,80268.67587454,35655751.7643546,78347.01670278,34802141.04189714,663493.1899565,294727030.4471596
2016-05-24 00:00:00+00:00,1.38792754,84201.68919098,37526541.93510211,82774.14096062,36890320.15563781,664920.73818686,296338187.56882167
2016-05-25 00:00:00+00:00,1.40185071,94050.53701892,42374424.98462581,96948.03751445,43679892.46288223,662023.23769133,298274256.722075
2016-05-26 00:00:00+00:00,1.41287581,94421.77424878,42908438.34602863,98594.17505279,44804517.97467527,657850.83688732,298949604.5805094
2016-05-27 00:00:00+00:00,1.46115986,171956.46891486,81132521.33387296,150141.57600809,70839816.00371762,679665.72979409,320679964.3561187
2016-05-28 00:00:00+00:00,1.63473944,145658.64994977,77331720.93355176,111376.39861557,59130910.38049182,713947.98112829,379042549.527439
2016-05-29 00:00:00+00:00,1.61944736,115603.07972714,60986371.46825534,113753.91283935,60010844.008331776,715797.14801608,377618579.6075971
2016-05-30 00:00:00+00:00,1.63256643,94802.87147516,50576682.440905295,108884.23081463,58088991.17762174,701715.78867661,374360565.82912076
2016-05-31 00:00:00+00:00,1.62098355,108044.14962737,57365359.78980394,109465.82037237,58120186.90511592,700294.11793161,371816745.02858573
2016-06-01 00:00:00+00:00,1.63749336,85842.29627043,46149992.6982579,97899.12209328,52631907.18404694,688237.29210876,370005782.5273848
2016-06-02 00:00:00+00:00,1.63594156,66169.47526362,35650210.44908435,58152.88805512,31331103.7926108,696253.87931726,375121568.1363974
2016-06-03 00:00:00+00:00,1.72607424,70468.7412121,40179584.161517665,64304.23161621,36664728.810589164,702418.38891315,400502099.0652729
2016-06-04 00:00:00+00:00,1.73508921,60081.34438512,34502685.429255515,53633.34437372,30799816.954556923,708866.38892455,407078008.635462
2016-06-05 00:00:00+00:00,1.73449123,49794.08080473,28638450.02279993,34604.52723734,19902366.061048813,724055.94249194,416431824.5793786
2016-06-06 00:00:00+00:00,1.76124697,64544.15715914,37813655.90016283,60690.90210133,35556198.877487056,727909.19754975,426450807.2333257
2016-06-07 00:00:00+00:00,1.73648602,80611.19566138,46631097.144381434,69953.75478807,40466095.41482748,738566.63842306,427238082.5186654
2016-06-08 00:00:00+00:00,1.74643017,79486.44907951,46348356.52473545,60179.16419692,35090325.33041464,757873.92330565,441914454.6642618
2016-06-09 00:00:00+00:00,1.7262705,81225.68090543,46875478.51044486,77270.78202166,44593099.64244881,761828.82218942,439652708.1718851
2016-06-10 00:00:00+00:00,1.73124783,58635.13693247,33997531.54353544,62169.07555293,36046562.1420378,758294.88356896,439670743.0414671
2016-06-11 00:00:00+00:00,1.80308386,72994.79663808,44194667.28667877,42433.52627396,25691359.68384734,788856.15393308,477612608.9230589
2016-06-12 00:00:00+00:00,1.97978904,113682.98431664,76212205.77837235,101010.3490581,67716567.73822336,801528.78919162,537338788.0900313
2016-06-13 00:00:00+00:00,2.05438766,162898.15673584,114732719.4081495,163752.22951834,115334261.4689821,800674.71640912,563932639.974163
2016-06-14 00:00:00+00:00,1.99146107,94101.17169613,64454439.40719804,102428.11563037,70157965.66072586,792347.77247488,542717275.1400588
2016-06-15 00:00:00+00:00,2.00817303,90039.0638624,62577281.60128673,78371.24840031,54468132.72165297,804015.58793697,558792014.2644494
2016-06-16 00:00:00+00:00,2.18424554,103461.87214233,79398713.15454002,125148.07400631,96041138.86708544,782329.38607299,600375241.9222158
2016-06-17 00:00:00+00:00,2.12593041,101196.21086621,75898639.04767342,92611.93181025,69460304.13398583,790913.66512895,593196823.0199689
2016-06-18 00:00:00+00:00,2.14155867,71224.25852246,54008556.11055881,69418.67318818,52639401.01000957,792719.25046323,601110113.4182049
2016-06-19 00:00:00+00:00,2.15941186,44574.58163096,34178324.147178486,48033.30395211,36830358.74407169,789260.52814208,605179032.0938638
2016-06-20 00:00:00+00:00,2.03279428,75586.05000722,54610728.56470391,67991.55386358,49123724.448912725,796855.02428572,575725724.9523062
2016-06-21 00:00:00+00:00,1.88290437,148409.77929682,99375812.23213264,119300.81486211,79884327.2528975,825963.98872043,553068959.7578529
2016-06-22 00:00:00+00:00,1.68209991,125133.31413872,74433421.47503518,117105.59787385,69658271.12967907,833991.7049853,496085766.6970845
2016-06-23 00:00:00+00:00,1.77191858,110339.71274827,69257794.28976515,123006.3936916,77208389.42235029,821325.02404197,515527529.8741163
2016-06-24 00:00:00+00:00,1.86988311,81911.49493689,54399634.225052156,77488.29414353,51462067.21509666,825748.22483533,548401679.4912328
2016-06-25 00:00:00+00:00,1.87909186,61716.96690704,41280793.30979948,58556.83090941,39167064.662934616,828908.36083296,554434160.1856472
2016-06-26 00:00:00+00:00,1.7731205,61341.45757382,38671755.31725897,57127.98327702,36015436.842183284,833121.83512976,525228532.73956645
2016-06-27 00:00:00+00:00,1.83085813,66797.28835904,43568184.501611225,71537.05101767,46659670.08550308,828382.07247113,540307905.573309
2016-06-28 00:00:00+00:00,1.81560781,85033.73380809,55035428.46611525,61281.82017105,39662744.175256826,852133.98610817,551517108.9845765
2016-06-29 00:00:00+00:00,1.79144978,58768.34000693,37528659.48469653,78483.69935357,50118618.76296155,832418.62676153,531571168.9111581
2016-06-30 00:00:00+00:00,1.88463722,67776.52381217,45700680.80161245,69059.65587517,46565877.266984254,831135.49469853,560422043.0568533
2016-07-01 00:00:00+00:00,1.89054098,65497.31767895,44375243.96019247,57067.19787914,38663733.3825548,839565.61449834,568816102.4634804
2016-07-02 00:00:00+00:00,1.95662702,47106.81814926,33103813.201599415,48307.8354618,33947815.2872473,838364.5971858,589151764.2337054
2016-07-03 00:00:00+00:00,1.84470645,54870.45504858,36354424.70661372,42054.8843138,27863467.215239696,851180.16792058,563949493.3846436
2016-07-04 00:00:00+00:00,1.89000024,59624.79631685,40535467.809173845,52087.99231564,35411628.48649319,858716.97192179,583792252.933702
2016-07-05 00:00:00+00:00,1.85502138,63356.32756257,42332542.777249604,59803.08557935,39958387.360743985,862270.21390501,576139623.617435
2016-07-06 00:00:00+00:00,1.87853142,59959.33300401,40631521.94426354,67475.6784663,45724983.46711399,854753.86844272,579225098.455512
2016-07-07 00:00:00+00:00,1.77579285,65210.8494186,41738415.200458676,76188.56775768,48764739.34859224,843776.15010364,540061655.4340591
2016-07-08 00:00:00+00:00,1.8419359,85729.48530421,57014540.65818991,64694.10672555,43024926.19850142,864811.5286823,575144384.5575848
2016-07-09 00:00:00+00:00,1.80354226,44242.70423324,28843673.279543854,49372.18007582,32187793.57831013,859682.05283972,560462762.9828887
2016-07-10 00:00:00+00:00,1.79645545,38835.01830159,25241182.90186682,27028.82145672,17567634.981210742,871488.24968459,566431928.4282631
2016-07-11 00:00:00+00:00,1.79504742,47771.61791748,31064573.935331665,46876.65482014,30482603.959880214,872383.21278193,567286895.3322651
2016-07-12 00:00:00+00:00,1.84676287,64826.87889018,43435508.17217244,62225.78679028,41692716.30719352,874984.30488183,586259720.903738
2016-07-13 00:00:00+00:00,1.81377039,73780.08968394,48571913.03742277,62910.20461941,41415902.325822115,885854.18994636,583187589.7987311
2016-07-14 00:00:00+00:00,1.81967435,63276.58239786,41819870.44775071,54808.45139568,36223232.196666434,894322.32094854,591062952.2536373
2016-07-15 00:00:00+00:00,1.83455167,50502.51123578,33672987.28019531,51600.76600214,34405258.16877349,893224.06618218,595564891.3871746
2016-07-16 00:00:00+00:00,1.82935184,32125.61698801,21372389.82867631,32733.4448867,21776762.912137907,892616.23828349,593835823.2659457
2016-07-17 00:00:00+00:00,1.86895135,38866.57219747,26471618.188579362,34282.98795935,23349786.624163672,897199.82252161,611073470.0241778
2016-07-18 00:00:00+00:00,1.8515086,65263.51601247,44060612.20350798,65936.20798907,44514759.05498501,896527.13054501,605262122.5819314
2016-07-19 00:00:00+00:00,1.8472273,47524.03865019,32062585.039389923,52038.94561338,35108613.79796712,892012.22358182,601805288.1676347
2016-07-20 00:00:00+00:00,1.82663887,55397.07965088,36966768.44940352,52013.56414151,34708930.39786538,895395.73909119,597502380.3811786
2016-07-21 00:00:00+00:00,1.82456417,37611.49215217,25081288.960611235,40598.02625461,27072864.42140283,892409.20498875,595104630.5441729
2016-07-22 00:00:00+00:00,1.7803472,60117.02945451,39109909.72051007,53343.96319688,34703604.01527916,899182.27124638,584974636.4686834
2016-07-23 00:00:00+00:00,1.79860084,38616.46976059,25385615.455490787,40356.67205198,26529586.058134384,897442.06895499,589958621.2130061
2016-07-24 00:00:00+00:00,1.80565737,39891.58841975,26384056.426932223,44730.44874698,29584449.51663111,892603.20862776,590362388.5690126
2016-07-25 00:00:00+00:00,1.78771375,48844.68012817,31999106.225746475,45729.1294858,29958048.004149202,895718.75927013,586802895.4446666
2016-07-26 00:00:00+00:00,1.78522608,65268.80204887,42726676.9465052,60872.88641053,39848994.78492958,900114.67490847,589238774.4580734
2016-07-27 00:00:00+00:00,1.78796338,54732.65987398,35919684.3975557,55570.7413084,36469696.414021365,899276.59347405,590172878.4617897
2016-07-28 00:00:00+00:00,1.78683669,66814.39331183,43843367.92466357,79682.8295206,52287590.12515568,886408.15726528,581657889.0273888
2016-07-29 00:00:00+00:00,1.78935642,51878.7776626,34113282.84491998,44973.29996572,29572533.728103794,893313.63496216,587405140.8242162
2016-07-30 00:00:00+00:00,1.78228347,28178.05436986,18466818.46431209,25932.39900889,16995101.881608646,895559.29032313,586915285.9650607
2016-07-31 00:00:00+00:00,1.7008979,59400.83656857,37113909.22803245,41888.18433169,26171925.52867205,913071.94256001,570491446.7949768
2016-08-01 00:00:00+00:00,1.6531908,72529.52425582,43989827.20876922,55628.45513082,33739172.48463382,929973.01168501,564037231.9077994
2016-08-02 00:00:00+00:00,1.44664432,110701.90564512,58337817.35966144,212057.76528855,111750444.66496703,828617.15204158,436665618.3123749
2016-08-03 00:00:00+00:00,1.56457026,74560.18980104,42525183.622841455,91036.58735193,51922448.21087714,812140.75449069,463202076.1275995
2016-08-04 00:00:00+00:00,1.59778327,78344.05801972,45717060.68614349,106343.41551231,62055866.18099751,784141.3969981,457579563.00982016
2016-08-05 00:00:00+00:00,1.59141223,53300.66022136,30982597.415512145,56848.81452295,33045067.858424716,780593.24269651,453743088.4213172
2016-08-06 00:00:00+00:00,1.61723105,36692.64871359,21677848.183175143,42493.388745,25104898.72761837,774792.5026651,457743848.8384629
2016-08-07 00:00:00+00:00,1.62732927,44975.90648608,26748625.389419325,32908.07626616,19571496.676834967,786860.33288502,467971274.45667714
2016-08-08 00:00:00+00:00,1.6187062,41874.62649897,24774255.287870947,45987.8031877,27207731.066651285,782747.15619629,463096139.4709723
2016-08-09 00:00:00+00:00,1.6089797,47251.34140072,27780582.183642607,61840.45535848,36357991.14761127,768158.04223853,451624800.266693
2016-08-10 00:00:00+00:00,1.61532499,46705.81098742,27554969.31497206,84832.59937171,50048583.3171037,730031.25385424,430695632.37735695
2016-08-11 00:00:00+00:00,1.61439329,65618.82086111,38687930.54953611,81983.63967028,48336396.72488825,713666.43504507,420767656.47769123
2016-08-12 00:00:00+00:00,1.60770275,52874.59122839,31047518.4432968,55732.10257079,32725425.242081814,710808.92370267,417381064.43211895
2016-08-13 00:00:00+00:00,1.60245343,28811.60576467,16865264.743441977,33659.22551399,19702884.80237228,705961.30395335,413244037.3871376
2016-08-14 00:00:00+00:00,1.56450982,36231.21112874,20702045.298991513,39725.46239631,22698615.266532872,702467.05268578,401380585.7628203
2016-08-15 00:00:00+00:00,1.55189891,43623.94874464,24715778.148717012,46188.10343135,26168537.01625314,699902.89799907,396540094.38369745
2016-08-16 00:00:00+00:00,1.58343489,52829.70847659,30557491.820715815,71238.27265844,41205280.07544882,681494.33381722,394186493.39531714
2016-08-17 00:00:00+00:00,1.5706748,45685.22776357,26207958.823460165,62786.89664846,36018566.231770985,664392.66493233,381137983.92924565
2016-08-18 00:00:00+00:00,1.56943471,41241.3881481,23642169.81200155,46151.02524191,26456684.043926243,659483.02783852,378057345.6039099
2016-08-19 00:00:00+00:00,1.57097556,44738.77182038,25678196.48323075,50730.12527417,29116984.4724178,653491.67438473,375077073.69299036
2016-08-20 00:00:00+00:00,1.58942926,27271.90633015,15866715.199861722,35607.91252253,20716579.17921082,645155.66819235,375349677.5349258
2016-08-21 00:00:00+00:00,1.5862522,23371.02372054,13573708.109431786,24015.02617265,13947739.705618002,644511.66574024,374327343.4870121
2016-08-22 00:00:00+00:00,1.5971444,52065.46123402,30456831.663764626,51446.60478159,30094818.03036999,645130.52219267,377383225.8445478
2016-08-23 00:00:00+00:00,1.5907111,57751.72061922,33647754.89280304,56485.20032079,32909845.02429343,646397.0424911,376608852.7920829
2016-08-24 00:00:00+00:00,1.58033884,45857.23572718,26537666.310980547,51847.00521139,30003956.882818162,640407.27300689,370604861.9086045
2016-08-25 00:00:00+00:00,1.5702844,44099.5493914,25402814.98785707,50857.74868158,29295763.75011787,633649.07371671,365003053.5230733
2016-08-26 00:00:00+00:00,1.57746065,37638.1967644,21787798.107310172,38024.37031732,22011344.18891634,633262.90016379,366579841.8554583
2016-08-27 00:00:00+00:00,1.55410904,26238.20427403,14961050.151171556,29251.33071226,16679137.840533692,630249.77372556,359369047.2867246
2016-08-28 00:00:00+00:00,1.56720759,28920.29990027,16632215.799677994,26702.16497457,15356554.797397008,632467.90865126,363735603.6878641
2016-08-29 00:00:00+00:00,1.56317394,49468.82337417,28366871.154645257,49832.62148787,28575483.640524987,632104.11053756,362466997.1290065
2016-08-30 00:00:00+00:00,1.56851349,50149.12483096,28870635.444810376,61262.82045337,35268742.20820296,620990.41491515,357501510.6279299
2016-08-31 00:00:00+00:00,1.55808288,70922.021583,40586740.917534195,50251.2637515,28757429.31656201,641661.17274665,367205209.2400018
2016-09-01 00:00:00+00:00,1.55789624,55853.44777496,31960554.950901914,58009.80093033,33194467.023679107,639504.81959128,365938536.3328783
2016-09-02 00:00:00+00:00,1.57001279,49090.30335952,28317582.8030105,54556.53707301,31470762.050421737,634038.58587779,365743108.66254056
2016-09-03 00:00:00+00:00,1.63244029,43360.23740826,26032376.811809365,43084.00123253,25866531.681674384,634314.82205352,380826385.00192827
2016-09-04 00:00:00+00:00,1.65865731,46641.68833345,28476565.710773125,41105.99674515,25096810.583947107,639850.51364182,390653637.28966606
2016-09-05 00:00:00+00:00,1.64951295,50592.29359833,30736182.540342428,43634.99611808,26509436.723317694,646807.81112207,392953185.89437306
2016-09-06 00:00:00+00:00,1.66267259,49755.47460773,30499879.958607644,48725.20162079,29868327.29683514,647838.08410901,397121803.2531724
2016-09-07 00:00:00+00:00,1.6686166,47351.1003224,29152169.859225478,47017.17658043,28946586.428647146,648172.00785098,399053461.10675704
2016-09-08 00:00:00+00:00,1.70667998,52417.24312113,33051701.66603944,52747.25761945,33259792.364719152,647841.99335266,408496880.3403719
2016-09-09 00:00:00+00:00,1.68507108,39872.40587653,24839627.044720877,43137.59486273,26873767.570348892,644576.80436646,401557093.68833
2016-09-10 00:00:00+00:00,1.68900378,26478.7312359,16542657.255240442,27392.35252603,17113444.568615183,643663.18307633,402130273.183646
2016-09-11 00:00:00+00:00,1.64409449,35220.36642972,21422670.80557965,34352.12435082,20894565.44719441,644531.42515523,392034096.8769802
2016-09-12 00:00:00+00:00,1.64235516,33024.71069217,20069360.169115037,43791.08980638,26612168.134168565,633765.04604102,385143691.04249805
2016-09-13 00:00:00+00:00,1.64324029,48909.22397465,29770765.67070625,40004.64906708,24350601.713332515,642669.62094859,391189332.68822116
2016-09-14 00:00:00+00:00,1.64445893,33884.25528053,20649508.633839536,39601.90679662,24133920.298469737,636951.9694325,388166866.38809246
2016-09-15 00:00:00+00:00,1.63757095,42559.77853576,25836775.93168776,48472.53215976,29426232.826868825,631039.2158085,383085142.44859254
2016-09-16 00:00:00+00:00,1.63843679,35986.44538184,21872793.18554237,42374.71518658,25755624.7008505,624650.94600376,379666866.5138121
2016-09-17 00:00:00+00:00,1.63684292,25847.9730759,15699579.358092297,26155.14848355,15886152.002496354,624343.77059611,379214824.48243797
2016-09-18 00:00:00+00:00,1.64735892,29146.71615423,17824192.186633013,24524.17644467,14997354.482599497,628966.31030567,384633944.163165
2016-09-19 00:00:00+00:00,1.63980889,52283.4942726,31833919.456319056,38402.65786082,23382276.457574032,642847.14671745,391411181.9808587
2016-09-20 00:00:00+00:00,1.63608322,44396.95092231,27009850.666292146,50589.36820294,30777142.395534188,636654.72943682,387322751.0188311
2016-09-21 00:00:00+00:00,1.60558003,53210.78006088,31763949.36450332,50420.44937474,30098273.30180767,639445.06012296,381714015.2406849
2016-09-22 00:00:00+00:00,1.60186568,38934.28130918,23187884.21159177,31080.42548919,18510404.79641312,647298.91594295,385508395.39023495
2016-09-23 00:00:00+00:00,1.61963842,41637.0569952,25081279.80045912,46781.80103293,28180364.46263699,642154.17190522,386820049.80428094
2016-09-24 00:00:00+00:00,1.62065676,22415.45179871,13509509.46174541,26151.04725132,15760905.622102624,638418.57645261,384766806.2455435
2016-09-25 00:00:00+00:00,1.61373559,22588.12890923,13566657.343813369,20841.89247921,12517850.185745275,640164.81288263,384489423.39780104
2016-09-26 00:00:00+00:00,1.62933517,39458.31753492,23942470.983578008,44448.8357468,26970611.688645117,635174.29467075,385410303.067548
2016-09-27 00:00:00+00:00,1.62414841,34133.11047174,20655706.883756816,47241.44378836,28588235.943681188,622065.96135413,376444220.36285317
2016-09-28 00:00:00+00:00,1.62251024,50588.24789806,30590030.278772045,43429.50857911,26261237.29574971,629224.70067308,380483678.4331274
2016-09-29 00:00:00+00:00,1.62353046,37853.72418865,22909170.85839821,41555.86991544,25149718.936971445,625522.55494629,378567852.8123023
2016-09-30 00:00:00+00:00,1.63296882,45702.4345263,27826651.221556474,41888.6396983,25504561.827210072,629336.34977429,383181405.7113077
2016-10-01 00:00:00+00:00,1.64973693,27779.59433798,17095797.89440583,24781.12980147,15250517.395128185,632334.8143108,389144206.19434243
2016-10-02 00:00:00+00:00,1.63963562,19225.92104988,11761429.869094629,22142.93022135,13545906.082678393,629417.80513933,385045447.4612494
2016-10-03 00:00:00+00:00,1.64023485,33425.9623798,20476421.90639367,34496.96143013,21132505.58669952,628346.806089,384919188.22922695
2016-10-04 00:00:00+00:00,1.63178451,44534.66418327,27166496.14533444,41026.81888451,25026682.866513487,631854.65138776,385436317.2179385
2016-10-05 00:00:00+00:00,1.63673816,42349.53679182,25924174.97123811,49078.51480237,30043303.92843621,625125.67337721,382669293.7707426
2016-10-06 00:00:00+00:00,1.63502177,38099.78533466,23307957.547695205,31507.56738718,19275096.60857492,631717.89132469,386460282.22423327
2016-10-07 00:00:00+00:00,1.65057413,35076.46272144,21673946.431820236,35596.36813692,21995198.95418017,631197.98590921,390020836.56819236
2016-10-08 00:00:00+00:00,1.65345115,25582.62894444,15843347.73277622,33008.45614623,20442169.957692124,623772.15870742,386302722.7533617
2016-10-09 00:00:00+00:00,1.6471487,28752.83895142,17743406.85785241,30127.20330887,18591528.533989087,622397.79434997,384082327.0091761
2016-10-10 00:00:00+00:00,1.64905635,38784.17352261,23971923.648557108,41839.21583217,25860200.08546996,619342.75204041,382806588.7634472
2016-10-11 00:00:00+00:00,1.71172286,68168.34319088,43830975.872013696,60194.09655389,38703683.707017146,627316.9986774,403353154.06069237
2016-10-12 00:00:00+00:00,1.69165254,60014.93619092,38205384.28045807,50735.55741173,32298150.937493697,636596.37745659,405255937.537034
2016-10-13 00:00:00+00:00,1.68770306,41675.33240651,26482343.89839723,47375.45741523,30104454.67779914,630896.25244787,400899298.38027334
2016-10-14 00:00:00+00:00,1.69764855,39854.79853166,25490574.77248172,44844.97470976,28682222.04413127,625906.07626977,400320820.21518844
2016-10-15 00:00:00+00:00,1.6909697,38640.44745806,24624929.61795801,27832.58976427,17737257.43664195,636713.93396356,405767449.44901884
2016-10-16 00:00:00+00:00,1.70485941,30511.6147986,19616315.10322713,27056.15658083,17394755.94704238,640169.39218133,411573251.6735416
2016-10-17 00:00:00+00:00,1.69213973,36775.10087011,23504347.37355422,32846.56756259,20993474.273445934,644097.92548885,411667161.34231746
2016-10-18 00:00:00+00:00,1.6808924,47206.919777,30003609.253223132,46863.41809543,29785287.653755575,644441.42717042,409591832.2726777
2016-10-19 00:00:00+00:00,1.66452177,41819.18333441,26331060.204175074,44932.78046056,28291507.70322375,641327.83004427,403806108.992417
2016-10-20 00:00:00+00:00,1.66126571,44929.01155057,28242327.288667556,48216.94952381,30309121.48556558,638039.89207103,401071175.02048725
2016-10-21 00:00:00+00:00,1.66533193,39655.75283411,25019060.46313383,53015.95697957,33448096.137059066,624679.68792557,394114290.2438652
2016-10-22 00:00:00+00:00,1.72581278,34774.50997729,22760216.918098617,32241.19683989,21102141.604705334,627213.00106297,410516322.65609616
2016-10-23 00:00:00+00:00,1.71807394,29851.39759953,19461975.590724908,24101.0738854,15712983.290112266,632963.3247771,412668007.7729411
2016-10-24 00:00:00+00:00,1.71141678,60092.71299058,39061895.99184772,48608.767121,31597019.19049808,644447.27064668,418908233.71840227
2016-10-25 00:00:00+00:00,1.72432365,52282.39046715,34286399.81627114,57994.70511714,38032492.95042038,638734.95599669,418877596.87826437
2016-10-26 00:00:00+00:00,1.77111563,48775.39305157,32928749.228891175,54946.72672694,37095077.499976814,632563.62232132,427049944.39952147
2016-10-27 00:00:00+00:00,1.79615707,85968.72459635,59019534.83300816,77142.7021551,52960264.54193324,641389.64476257,440328952.8643587
2016-10-28 00:00:00+00:00,1.80415758,40962.56142237,28280169.608353965,48392.4463714,33409692.74443347,633959.75981354,437679893.7824077
2016-10-29 00:00:00+00:00,1.8651885,47352.03835284,33877801.302425794,38709.26678081,27694369.538882174,642602.53138557,459747069.6509202
2016-10-30 00:00:00+00:00,1.8226058,31330.69968384,21910605.078531895,34887.85277363,24398241.082220264,639045.37829578,446905784.17952955
2016-10-31 00:00:00+00:00,1.81838639,52677.7423205,36816354.42372063,50945.23616113,35605509.80519903,640777.88445515,447838207.5953552
2016-11-01 00:00:00+00:00,1.89570499,68728.28056709,50211402.75052152,58961.66484632,43076123.4823831,650544.50017592,475273812.1184876
2016-11-02 00:00:00+00:00,1.91748494,47497.79106416,35165799.71402288,45001.0886976,33317323.534375336,653041.20254248,483490192.26163113
2016-11-03 00:00:00+00:00,1.78730294,73907.19607844,50991472.250626355,60748.79661661,41912976.56113431,666199.60200431,459637225.0805883
2016-11-04 00:00:00+00:00,1.82526343,48279.7489484,34058080.66435991,56025.66408839,39522297.20241647,658453.68686432,464494312.1998853
2016-11-05 00:00:00+00:00,1.82779984,34452.26242026,24351524.888243385,42597.55640074,30108776.086094353,650308.39288384,459650539.67056364
2016-11-06 00:00:00+00:00,1.84962453,25883.63847586,18530016.022167582,27124.50444979,19418348.10112664,649067.52690991,464665417.2799679
2016-11-07 00:00:00+00:00,1.82330887,45706.3912458,32276994.984299134,45782.24627569,32330562.38160527,648991.67188002,458305728.52430564
2016-11-08 00:00:00+00:00,1.83441017,56794.65816514,40428473.57625793,52431.21760245,37322420.16930985,653355.11244271,465081589.5836463
2016-11-09 00:00:00+00:00,1.85565551,62562.48910836,45138930.35701815,53570.10065889,38650908.51279711,662347.50089218,477884721.9958519
2016-11-10 00:00:00+00:00,1.83311387,45578.32721534,32515925.74195604,49321.02626774,35185995.74885548,658604.80183978,469853681.30646104
2016-11-11 00:00:00+00:00,1.83712016,32571.37473122,23311440.727134272,42549.69664765,30452958.757325504,648626.47992335,464224119.0480009
2016-11-12 00:00:00+00:00,1.80622068,25561.20705758,17991192.991652116,26341.61827305,18540483.51454262,647846.06870788,455984868.97551346
2016-11-13 00:00:00+00:00,1.80498214,28247.91176765,19875977.46176857,31522.8782074,22180330.42350025,644571.10226813,453537266.9869568
2016-11-14 00:00:00+00:00,1.80858594,42632.85984933,30083604.027127985,41104.3301703,29005006.86592032,646099.63194716,455916060.0124966
2016-11-15 00:00:00+00:00,1.82341234,47641.20273785,33937075.1279234,50378.30162628,35886839.728123255,643362.53305873,458297468.66484255
2016-11-16 00:00:00+00:00,1.89261677,82663.34345418,61340343.73072637,73168.62231652,54294784.79402203,652857.25419639,484452802.2472547
2016-11-17 00:00:00+00:00,1.87204522,71484.60235619,52563920.59255416,63555.14692243,46733248.643292546,660786.70963015,485888414.97006243
2016-11-18 00:00:00+00:00,1.90458043,49549.54879561,37141287.7242043,51704.93601866,38756920.13568383,658631.3224071,493696028.405865
2016-11-19 00:00:00+00:00,1.90689799,32689.19338477,24556573.8158044,40080.97415151,30109381.677783135,651239.54164036,489220143.42247266
2016-11-20 00:00:00+00:00,1.85356329,34420.72017549,25139200.98547861,35317.02333551,25793816.72764739,650343.23848034,474978713.3549298
2016-11-21 00:00:00+00:00,1.86694042,50248.92999954,37008687.87954669,56188.94296824,41383548.91561432,644403.22551164,474607476.05474865
2016-11-22 00:00:00+00:00,1.89259128,51757.86923374,38714766.00331067,46786.13327321,34995919.049373664,649374.96147217,485730963.3105101
2016-11-23 00:00:00+00:00,1.86965336,52010.98818649,38552641.41986911,44905.05446507,33285436.848923825,656480.89519359,486610107.47662073
2016-11-24 00:00:00+00:00,1.85483303,51469.79022983,37951505.93855841,48004.3143805,35396220.076920025,659946.37104292,486614740.5677541
2016-11-25 00:00:00+00:00,1.85929274,44577.62932002,32973412.666920923,48925.94828581,36189799.85155751,655598.05207713,484936176.38523227
2016-11-26 00:00:00+00:00,1.84525241,33651.05789391,24721848.14109824,33257.42765125,24432666.53160877,655991.68231979,481926208.7765846
2016-11-27 00:00:00+00:00,1.82681448,26237.01910083,19093757.556719072,29089.88740091,21169907.116760124,653138.81401971,475315969.312263
2016-11-28 00:00:00+00:00,1.83082068,39031.83412169,28496458.400966994,52117.88680246,38050356.24465559,640052.76133894,467291309.7307823
2016-11-29 00:00:00+00:00,1.83343351,42963.27283993,31433925.439775802,42326.39401266,30967955.31582447,640689.64016621,468758291.6240011
2016-11-30 00:00:00+00:00,1.85741761,40680.89156352,30193538.801908188,42068.47223992,31223407.356490973,639302.05948981,474492834.2881967
2016-12-01 00:00:00+00:00,1.88258493,53331.82937955,40194861.71368999,50422.3960236,38002094.79067029,642211.49284576,484018689.14280885
2016-12-02 00:00:00+00:00,1.92399804,67647.88865493,52244625.59481545,71142.54823535,54943559.51560193,638716.83326534,493282532.2201977
2016-12-03 00:00:00+00:00,1.89395129,34823.11614328,26678353.81087545,39716.68241273,30427366.15647354,633823.26699589,485578639.80086166
2016-12-04 00:00:00+00:00,1.89327742,20144.13888238,15438067.958726935,20268.30441422,15533225.956289891,633699.10146405,485654405.5275269
2016-12-05 00:00:00+00:00,1.85781173,55548.83954332,41809985.40096899,58532.5690676,44055751.26891841,630715.37193977,474720997.0498771
2016-12-06 00:00:00+00:00,1.87197007,50478.6536111,38319220.537950546,45511.17794555,34548323.69486881,635682.84760532,482557863.3148066
2016-12-07 00:00:00+00:00,1.88398255,50731.80167305,38809201.746580146,50831.44014913,38885423.9502549,635583.20912924,486213305.58695614
2016-12-08 00:00:00+00:00,1.88724567,45006.82712367,34549906.01302526,46916.38951805,36015799.20008662,633673.64673486,486445420.3239362
2016-12-09 00:00:00+00:00,1.89591358,45815.21548167,35364871.17194151,54446.43779338,42027331.708269976,625042.42442315,482471698.1974339
2016-12-10 00:00:00+00:00,1.90150182,27617.76939929,21416877.609252397,23219.76003742,18006333.22872261,629440.43378502,488115044.2596958
2016-12-11 00:00:00+00:00,1.8880226,21511.34763084,16574410.541560378,21687.03940865,16709780.380036918,629264.74200721,484846061.35990846
2016-12-12 00:00:00+00:00,1.90486371,40520.96560627,31545839.124961987,48255.44641042,37567183.471333355,621530.26120306,483865409.86509705
2016-12-13 00:00:00+00:00,1.90337593,39423.87401485,30708465.568813685,44033.86388174,34299328.177766,616920.27133617,480538135.4428533
2016-12-14 00:00:00+00:00,1.89626794,36124.03872661,28067076.233846832,38147.51088065,29639241.17460335,614896.79918213,477752652.99669415
2016-12-15 00:00:00+00:00,1.89136263,48463.49246349,37616237.624736264,47274.22230664,36693153.74146519,616086.06933898,478191702.73383814
2016-12-16 00:00:00+00:00,1.90373524,44645.86845808,34923347.32287905,47905.00261254,37472740.53616003,612826.93518452,479371745.81696725
2016-12-17 00:00:00+00:00,1.91920336,29997.92956999,23686453.14849488,28912.97223195,22829767.653062914,613911.89252256,484746630.4503458
2016-12-18 00:00:00+00:00,1.91892195,24628.00836343,19471715.312005997,26988.31951902,21337855.122874547,611551.58136697,483512840.95983887
2016-12-19 00:00:00+00:00,1.91635095,37696.31466658,29790607.052510735,39761.88893545,31422987.085571036,609486.0070981,481664011.5104004
2016-12-20 00:00:00+00:00,1.93543766,44735.66000806,35778575.2502762,51549.02291949,41227749.74753675,602672.64418667,482004033.19031733
2016-12-21 00:00:00+00:00,1.99546268,56335.65542509,46673171.07964583,59977.62220467,49690481.11690546,599030.67740709,496287139.60298395
2016-12-22 00:00:00+00:00,2.05790608,63762.21142725,54739949.9425476,66796.60545828,57344981.569376655,595996.28337606,511663663.91124105
2016-12-23 00:00:00+00:00,2.17751843,91721.7562564,83976994.80695067,89809.85687887,82226531.55099829,597908.18275359,547422273.7054061
2016-12-24 00:00:00+00:00,2.11635351,45263.87146641,40337137.69127874,43566.14614869,38824200.82387753,599605.90807131,534341966.13794297
2016-12-25 00:00:00+00:00,2.12388831,40150.71278522,35975170.32220492,42077.05028317,37701175.0374266,597679.57057336,535522855.2105293
2016-12-26 00:00:00+00:00,2.13574409,39973.91360139,36104488.597830795,39131.290205,35343430.09576383,598522.19396975,540585991.7348222
2016-12-27 00:00:00+00:00,2.18144466,50809.89886853,47047467.036793336,55318.09232041,51221832.41727983,594014.00051787,550027745.2051297
2016-12-28 00:00:00+00:00,2.2923126,63635.26740531,62360078.62673738,64573.5071134,63279516.92491505,593075.76080978,581191100.2140905
2016-12-29 00:00:00+00:00,2.26582772,52009.80375995,50629596.68407715,50417.47144178,49079520.79015407,594668.09312795,578887123.9529992
2016-12-30 00:00:00+00:00,2.23030531,58990.3435155,56700495.185594365,53552.6474117,51473875.99031498,600105.78923175,576811277.6668537
2016-12-31 00:00:00+00:00,2.2443903,33419.73028794,32382736.00932877,27332.70798863,26484590.377896648,606192.81153106,587383010.4980513
2017-01-01 00:00:00+00:00,2.30193946,30789.74217439,30705296.933649536,24081.71262095,24015665.10394902,612900.8410845,611219873.4822944
2017-01-02 00:00:00+00:00,2.33524167,46096.30253713,46883529.94102974,40729.07234246,41424638.800476305,618268.07127917,628826782.9735658
2017-01-03 00:00:00+00:00,2.35770988,64176.16631231,66268890.33281485,52553.21155779,54266922.02853472,629891.02603369,650431176.0025469
2017-01-04 00:00:00+00:00,2.55770131,94637.80723365,107366255.90263419,73490.05304331,83374203.94648197,651038.78022403,738601181.9514991
2017-01-05 00:00:00+00:00,2.23704042,106255.05209757,106307980.81302626,112592.24685176,112648332.30726123,644701.58546984,645022729.9810696
2017-01-06 00:00:00+00:00,2.00164999,72963.9619764,65117706.12462282,91824.4431903,81950005.79405348,625841.10425594,558540627.5063474
2017-01-07 00:00:00+00:00,2.0252978,64875.39389098,58611887.63793943,56652.30511288,51182711.07974039,634064.19303404,572847377.2321708
2017-01-08 00:00:00+00:00,2.04304794,40476.44222151,36934146.26221154,40777.71685764,37209054.84768022,633762.91839791,578299154.7422918
2017-01-09 00:00:00+00:00,2.02053011,45107.64691732,40755149.928890005,47260.58717607,42700350.11177981,631609.97813916,570665089.288009
2017-01-10 00:00:00+00:00,2.02492109,55284.32136459,50115179.12467895,62695.00716313,56832958.00056152,624199.29234062,565836001.4740863
2017-01-11 00:00:00+00:00,1.76845775,108323.04916785,85392647.24061184,101186.59408304,79766875.10543711,631335.74742543,497691222.5462771
2017-01-12 00:00:00+00:00,1.81077416,75920.14244744,61275893.53366589,82273.82371124,66404012.16090622,624982.06616163,504429171.38996893
2017-01-13 00:00:00+00:00,1.85366729,46234.54384619,38224267.06508078,59912.87829485,49532788.0426087,611303.73171297,505393481.9084974
2017-01-14 00:00:00+00:00,1.83889611,29696.91639622,24352812.47676373,36719.98841662,30112048.67629646,604280.65969257,495537428.6167087
2017-01-15 00:00:00+00:00,1.84823542,27652.08365903,22800444.426793627,27178.66598483,22410089.272934034,604754.07736677,498648199.6402864
2017-01-16 00:00:00+00:00,1.86155157,36593.44924177,30403229.464363944,43034.57102976,35754758.434326164,598312.95557878,497101160.36832964
2017-01-17 00:00:00+00:00,2.0228738,50056.5234939,45352553.20750279,51107.24254052,46304532.852548994,597262.23653216,541135609.7164404
2017-01-18 00:00:00+00:00,1.96641888,47005.38118419,41423953.54382877,57402.05034824,50586120.29181418,586865.56736811,517181041.5464929
2017-01-19 00:00:00+00:00,2.01003826,44297.31567233,39967867.46731582,44777.73750505,40401334.72931861,586385.14553539,529074130.69728404
2017-01-20 00:00:00+00:00,1.99263298,50625.72765186,45318861.25748823,56713.42668009,50768414.289790474,580297.44650716,519467485.9229697
2017-01-21 00:00:00+00:00,2.05421871,29429.00752294,27206183.36346735,27081.23962476,25035746.460933086,582645.21440534,538637007.2657766
2017-01-22 00:00:00+00:00,2.04635127,27983.16201815,25813545.682779968,29917.62419684,27598023.355061468,580710.75222665,535686550.41061616
2017-01-23 00:00:00+00:00,2.03609568,37306.00955322,34288540.73088849,37079.15196058,34080032.34581849,580937.60981929,533948903.53997713
2017-01-24 00:00:00+00:00,1.96451725,39111.96033468,34721376.583475165,38655.3620991,34316034.60753574,581394.20805487,516128751.11823803
2017-01-25 00:00:00+00:00,1.97868447,35960.21576407,32209206.853591435,50510.45439038,45241710.57266513,566843.96942856,507716493.82809323
2017-01-26 00:00:00+00:00,2.02100235,33309.88977436,30534092.337355293,36634.66679193,33581807.26956569,563519.19241099,516559711.5903291
2017-01-27 00:00:00+00:00,2.02710253,34821.48172753,32051588.280801628,30525.34935193,28097194.06001553,567815.32478659,522648150.12742364
2017-01-28 00:00:00+00:00,2.03067894,20343.591837,18772556.911077872,18617.47289895,17179737.59679638,569541.44372464,525558576.4403998
2017-01-29 00:00:00+00:00,2.00928142,17128.5898821,15683485.407357238,18895.07028104,17300931.428883526,567774.9633257,519872938.3606255
2017-01-30 00:00:00+00:00,2.01726706,25246.05717961,23234281.20488519,25210.83846932,23201868.95877762,567810.18203599,522563240.13542616
2017-01-31 00:00:00+00:00,2.11732767,35870.45538304,34740503.95842115,32507.30142838,31483292.361105107,571173.33599065,553180865.0890374
2017-02-01 00:00:00+00:00,2.1532295,42228.16583823,41701689.99869987,41012.52879335,40501208.79876514,572388.97303553,565252765.2667367
2017-02-02 00:00:00+00:00,2.19051199,33813.96213861,34074477.27832202,31314.6372137,31555896.639475584,574888.29796044,579317447.808306
2017-02-03 00:00:00+00:00,2.19895326,44864.64890676,45551169.534269005,46705.97989294,47420676.63984116,573046.96697426,581815754.2699525
2017-02-04 00:00:00+00:00,2.23392412,28866.48737427,29841769.737251412,35504.21954437,36703764.14722002,566409.23480416,585545921.9172128
2017-02-05 00:00:00+00:00,2.18915215,25141.98057286,25508245.821833152,29971.67020585,30408293.773284335,561579.54517117,569760566.2062583
2017-02-06 00:00:00+00:00,2.20253705,35188.51655374,36009024.126255065,34807.6421607,35619268.70172318,561960.41956421,575063921.0716405
2017-02-07 00:00:00+00:00,2.25911131,39914.74626173,42055152.9373274,41568.91350109,43798024.000042915,560306.25232485,590352371.9967903
2017-02-08 00:00:00+00:00,2.25075614,33873.88697606,35647782.6759699,45101.35050223,47463202.03029874,549078.78879868,577832752.081668
2017-02-09 00:00:00+00:00,2.10032332,71310.93125319,70080955.99310188,65211.40559705,64086635.32480151,555178.31445482,545602565.2713972
2017-02-10 00:00:00+00:00,2.12395089,36579.80399741,36457267.255367994,44072.03486254,43924400.294361345,547686.08358969,545851419.0750967
2017-02-11 00:00:00+00:00,2.15345527,27490.49835944,27803211.63597094,24488.60265207,24767168.3976911,550687.97929706,556952232.4983138
2017-02-12 00:00:00+00:00,2.14002159,11707.15384709,11780867.530066697,17931.85637388,18044763.677669846,544463.27677027,547891470.667822
2017-02-13 00:00:00+00:00,2.12270941,26935.84584642,26934584.844245728,32397.91647892,32396399.76979734,539001.20613777,538975972.7852794
2017-02-14 00:00:00+00:00,2.14502476,31451.80140613,31835936.83555972,33306.47999132,33713267.47000999,537146.52755258,543706947.0771633
2017-02-15 00:00:00+00:00,2.14664641,25129.16097916,25478552.825379156,28182.48035229,28574325.064076744,534093.20817945,541519154.959515
2017-02-16 00:00:00+00:00,2.19057597,35546.86221178,36855230.7617607,35113.35306348,36405765.500868104,534526.71732775,554200969.9216762
2017-02-17 00:00:00+00:00,2.22822443,25661.85626111,27167435.32369968,21929.13998129,23215720.877094626,538259.43360757,569839071.6990306
2017-02-18 00:00:00+00:00,2.22851853,17681.96182365,18754705.31542799,18228.69764624,19334610.94695971,537712.69778498,570335084.5284976
2017-02-19 00:00:00+00:00,2.22135058,12605.37663439,13346401.351790233,12462.8127715,13195456.672580842,537855.26164787,569473836.389816
2017-02-20 00:00:00+00:00,2.27876692,21501.3661681,23408288.559690464,19122.09199563,20818000.29817401,540234.53582034,588147088.2140896
2017-02-21 00:00:00+00:00,2.35331243,35385.81813781,39945468.107730836,27251.50265035,30763003.01346287,548368.8513078,619029080.4039154
2017-02-22 00:00:00+00:00,2.3431243,27542.04442707,31114296.90738813,24017.55779129,27132678.04382991,551893.33794358,623474892.1219726
2017-02-23 00:00:00+00:00,2.45151251,39983.4121937,47534750.811206564,31888.09479123,37910537.30987193,559988.65534605,665749112.657557
2017-02-24 00:00:00+00:00,2.42731203,40783.62537135,48348534.83625351,45334.32182094,53743334.92621261,555437.95889646,658465530.2357715
2017-02-25 00:00:00+00:00,2.35507801,23301.82899613,26834496.649888206,19738.87140105,22731377.806094997,559000.91649154,643748103.3513709
2017-02-26 00:00:00+00:00,2.41199874,18147.08733128,21444610.28322747,18925.178328,22364088.868685484,558222.82549482,659657978.4627149
2017-02-27 00:00:00+00:00,2.42985611,25885.3531849,30911057.92864575,19951.62943155,23825287.170092672,564156.54924817,673688925.5506768
2017-02-28 00:00:00+00:00,2.41245373,35237.03907463,41875695.148016855,29354.2979803,34884645.980147436,570039.2903425,677434658.8604522
2017-03-01 00:00:00+00:00,2.48115883,34958.51630411,42945126.72491961,34153.47879961,41956170.633410625,570844.327847,701259223.5417266
2017-03-02 00:00:00+00:00,2.53571034,56728.4753451,71644176.61024219,47733.16499056,60283716.10457711,579839.63820154,732297725.1233022
2017-03-03 00:00:00+00:00,2.57132568,61154.62711965,78850525.17451996,55289.84228806,71288687.48885055,585704.42303313,755185723.9329337
2017-03-04 00:00:00+00:00,2.52422599,46767.59800623,59345306.886734694,20384.19300009,25866331.40893024,612087.82803927,776703135.1874542
2017-03-05 00:00:00+00:00,2.53213829,21270.47488067,27146947.313706983,22733.11853667,29013680.919370096,610625.18438327,779324852.9650644
2017-03-06 00:00:00+00:00,2.53275359,34465.96048099,44194138.32209734,26162.98326671,33547607.125164546,618928.16159755,793623517.3301008
2017-03-07 00:00:00+00:00,2.43376828,40444.67701942,49928001.79645578,39217.72281278,48413355.70832219,620155.11580419,765566893.2919289
2017-03-08 00:00:00+00:00,2.27006537,45866.60601215,52844723.437628165,38023.20042691,43808026.917040616,627998.52138943,723541832.8810467
2017-03-09 00:00:00+00:00,2.34691879,35004.18211814,41775934.602749445,30310.24389856,36173928.093107276,632692.45960901,755090312.5538636
2017-03-10 00:00:00+00:00,2.16260738,49254.9415674,54108038.30077815,45646.33525425,50143875.469782494,636301.06592216,698995904.7790134
2017-03-11 00:00:00+00:00,2.31121876,38870.7694561,45744012.468043655,46077.34872231,54224880.13334072,629094.48665595,740332811.6174265
2017-03-12 00:00:00+00:00,2.41252703,32953.61201667,40590557.44667288,27298.67600091,33625099.302392624,634749.42267171,781851558.2499734
2017-03-13 00:00:00+00:00,2.41079093,47363.13276023,58701691.325043954,49377.1236018,61197824.11490406,632735.43183014,784209950.7594079
2017-03-14 00:00:00+00:00,2.41809563,44803.00232212,55848580.61067254,45638.50202179,56890061.53625273,631899.93213047,787686370.7422446
2017-03-15 00:00:00+00:00,2.43048179,53187.02161881,66943918.23693995,46604.57109518,58658907.79189656,638482.3826541,803626732.9736407
2017-03-16 00:00:00+00:00,2.27079494,102199.20175967,120392780.34515223,89823.47519995,105813917.65677454,650858.10921382,766724358.2069006
2017-03-17 00:00:00+00:00,2.07020764,116044.67868497,124409473.66510363,93046.28175468,99753293.91035631,673856.50614411,722429793.4658551
2017-03-18 00:00:00+00:00,1.86260387,103669.07064069,99788639.4802138,69251.30500601,66659163.2978978,708274.27177879,681762897.2927603
2017-03-19 00:00:00+00:00,1.97134108,54416.80999284,55517131.6875123,50749.12850235,51775288.747395515,711941.95326928,726337600.0672572
2017-03-20 00:00:00+00:00,2.00477708,56603.78576113,58740937.874422,63474.16476907,65870717.28850973,705071.57426134,731692500.4890252
2017-03-21 00:00:00+00:00,2.1395375,55946.74345483,62202611.16138261,57517.06375418,63948521.94988376,703501.25396199,782165542.6123803
2017-03-22 00:00:00+00:00,1.99485875,66331.50637856,68805842.04736796,68490.43426298,71045303.49061169,701342.32607757,727504197.3843158
2017-03-23 00:00:00+00:00,1.97800188,56048.66355778,57627714.50104083,53905.6429477,55424318.879301794,703485.34668765,723304538.2569932
2017-03-24 00:00:00+00:00,1.8009221,98398.61932092,92008957.00357585,72735.24103531,68012068.7795032,729148.72497326,681800356.0240358
2017-03-25 00:00:00+00:00,1.86294639,69867.78830789,67669980.29723243,71589.25910501,69337299.35433526,727427.25417614,704544814.5695835
2017-03-26 00:00:00+00:00,1.85054884,51761.27461371,49843936.30501134,46778.53742536,45045769.395594746,732409.99136449,705280100.4451339
2017-03-27 00:00:00+00:00,1.99869446,70724.16710755,73759591.62339965,70747.77900832,73784216.92800874,732386.37946372,763819815.3346277
2017-03-28 00:00:00+00:00,1.9993941,49984.91637797,52242381.73832669,49229.54138647,51452891.797738925,733141.75445522,766252585.3786708
2017-03-29 00:00:00+00:00,1.98727297,48160.82086875,50072257.18387126,59021.74902582,61364240.54558411,722280.82629815,750947152.4985387
2017-03-30 00:00:00+00:00,1.98163667,77642.05755437,80591497.74916884,78325.24573979,81300638.65606688,721597.63811273,749009444.8752081
2017-03-31 00:00:00+00:00,2.0572416,82369.30719716,89102465.22113416,72161.24906814,78059964.37504616,731805.69624175,791626077.9264708
2017-04-01 00:00:00+00:00,2.06862352,43455.86294869,47346239.163818546,59446.67988965,64768630.34278273,715814.87930079,779898043.0422398
2017-04-02 00:00:00+00:00,2.09581972,63818.71886851,70555611.46488665,60336.14343747,66705405.07769981,719297.45473183,795228620.1217154
2017-04-03 00:00:00+00:00,2.16252803,60388.07478198,69124101.79211631,57284.02465045,65571004.95910156,722401.50486336,826907553.142492
2017-04-04 00:00:00+00:00,2.15325451,51008.59324439,58247830.66794972,68144.4812665,77815676.79682893,705265.61684125,805358266.3782694
2017-04-05 00:00:00+00:00,2.13735782,51761.90925335,58791779.23400935,57050.45462052,64798570.64067639,699977.07147408,795042108.1561844
2017-04-06 00:00:00+00:00,2.23959041,57873.42760095,69135391.70430742,57941.91732909,69217209.2910474,699908.58174594,836108313.6437132
2017-04-07 00:00:00+00:00,2.22647362,58802.43956477,70076716.62964027,48722.84859732,58064551.05969572,709988.17271339,846115235.3182464
2017-04-08 00:00:00+00:00,2.21001181,23199.31737745,27477682.601619814,30087.67651199,35636377.22462787,703099.81357885,832763878.3698233
2017-04-09 00:00:00+00:00,2.2586269,34215.81815196,41525485.030451335,31263.16683963,37942046.59487857,706052.46489118,856889375.8827877
2017-04-10 00:00:00+00:00,2.24975256,37028.45704265,44865525.392075635,44727.34643256,54193883.76833566,698353.57550127,846160023.3088381
2017-04-11 00:00:00+00:00,2.27711178,48844.64553157,60068409.127797134,42045.56416443,51707001.304895066,705152.65686841,867186112.8145096
2017-04-12 00:00:00+00:00,2.24625621,37995.0322974,46206304.68398519,46477.2265184,56521622.94708045,696670.46264741,847230959.2857472
2017-04-13 00:00:00+00:00,2.16504122,51253.19390942,60097359.95395212,49531.40478352,58078461.75520016,698392.25177331,818905659.1877618
2017-04-14 00:00:00+00:00,2.16522828,67589.76857131,79372911.48108245,61183.78013138,71850146.36235072,704798.24021324,827667996.4282933
2017-04-15 00:00:00+00:00,2.1659084,42551.4179489,50021838.02958488,43982.59993989,51704281.463788025,703367.05822225,826851718.642869
2017-04-16 00:00:00+00:00,2.16125164,30220.3743685,35469392.89350221,32368.60126026,37990748.27841912,701218.83133049,823014497.7525018
2017-04-17 00:00:00+00:00,2.18766073,34923.65107008,41625541.66983763,43657.2325763,52035107.96015996,692485.24982427,825374001.2596582
2017-04-18 00:00:00+00:00,2.20166725,42870.1525806,51535559.02795275,52377.59469498,62964754.27910753,682977.80770989,821029107.7886848
2017-04-19 00:00:00+00:00,2.21134437,49060.19841729,59341298.187631465,62264.4381478,75312630.39718527,669773.56797938,810131925.6314108
2017-04-20 00:00:00+00:00,2.25276621,47705.96205928,58955174.58568917,54493.24040133,67342914.02840284,662986.28963733,819320495.0969809
2017-04-21 00:00:00+00:00,2.26940479,43678.53993059,54481818.35133749,50576.08269028,63085372.231599666,656088.74687764,818363159.2664685
2017-04-22 00:00:00+00:00,2.26016436,30119.5341232,37455158.48315496,32107.22228755,39926948.88025393,654101.05871329,813407628.348231
2017-04-23 00:00:00+00:00,2.26874872,26747.20412643,33434044.8301909,29845.95940422,37307493.52358335,651002.3034355,813753844.8780347
2017-04-24 00:00:00+00:00,2.27570599,33325.50171379,41898135.18754638,40979.46946167,51521005.32993636,643348.33568762,808842902.7362227
2017-04-25 00:00:00+00:00,2.3093693,47686.14840323,61031818.85079174,42280.84294382,54113759.10643291,648753.64114703,830316895.5997118
2017-04-26 00:00:00+00:00,2.33216845,50998.57775523,66118914.41037954,54333.60599489,70442730.02328974,645418.61290737,836775845.603105
2017-04-27 00:00:00+00:00,2.4099622,54956.45544814,73965341.3868335,47279.17378213,63632565.10570735,653095.89457338,878995204.5951029
2017-04-28 00:00:00+00:00,2.40107994,62468.48232666,84206586.86439417,52354.89937303,70573627.17374957,663209.47752701,893996530.7086338
2017-04-29 00:00:00+00:00,2.41223986,52354.12334039,71081991.83862981,50255.35856824,68232466.8941432,665308.24229916,903299148.7949867
2017-04-30 00:00:00+00:00,2.44637619,43289.44460674,59824123.827478014,31216.51059474,43139855.73727463,677381.17631116,936111233.0771775
2017-05-01 00:00:00+00:00,2.52560356,70703.3379507,101596559.64276788,55256.79192769,79400776.81571455,692827.72233417,995552898.271469
2017-05-02 00:00:00+00:00,2.55708418,63745.07410385,93311254.99416786,56521.06352928,82736610.56429256,700051.73290874,1024749075.546392
2017-05-03 00:00:00+00:00,2.6373993,57368.60885717,87166377.42978138,67616.54860605,102737188.74669011,689803.79315986,1048094053.2611916
2017-05-04 00:00:00+00:00,2.64748386,88666.58490912,136531472.0112663,76177.24304088,117300008.07848372,702293.1350281,1081412074.3126876
2017-05-05 00:00:00+00:00,2.61101197,77630.8964441,118763661.31671852,80555.11871476,123237284.05296433,699368.91275744,1069929841.0134339
2017-05-06 00:00:00+00:00,2.6710611,65667.2478727,103313329.53436676,63322.74717807,99624760.56422481,701713.41345207,1103995545.2861018
2017-05-07 00:00:00+00:00,2.58516798,66282.85016515,101165378.02431369,59135.09087103,90255983.3737402,708861.17274619,1081911962.5808015
2017-05-08 00:00:00+00:00,2.82026827,94463.75252722,159179593.7751381,84748.86974974,142809175.99349484,718576.05552367,1210862807.7403467
2017-05-09 00:00:00+00:00,2.8500152,84310.10659126,144948297.07786646,88335.62044718,151869073.26793534,714550.54166775,1228475308.339182
2017-05-10 00:00:00+00:00,2.92992045,79216.98986922,141204205.2248948,97111.81354405,173101710.5304556,696655.71799292,1241788120.666662
2017-05-11 00:00:00+00:00,2.98180004,76153.33790132,139778503.47306657,73553.66046187,135006827.90357435,699255.39543237,1283474571.3399634
2017-05-12 00:00:00+00:00,2.75847679,65074.15646004,110929418.3435292,79642.45874644,135763444.42691648,684687.09314597,1167159823.8333516
2017-05-13 00:00:00+00:00,2.86505128,48076.52034729,85568526.31577832,48801.41544516,86858723.79284602,683962.1980481,1217343454.141548
2017-05-14 00:00:00+00:00,2.87984317,37395.81510948,67110288.61322863,37718.20752724,67688851.96688864,683639.80563034,1226855586.0870392
2017-05-15 00:00:00+00:00,2.77569902,62061.52364463,107793595.82201779,64972.85990938,112850245.83952986,680728.46936559,1182345601.3021107
2017-05-16 00:00:00+00:00,2.7951762,92236.68513887,162062341.43558446,99008.64625796,173960859.6164809,673956.5082465,1184159747.1519527
2017-05-17 00:00:00+00:00,2.85141326,111261.77851947,201244304.0485042,117920.61569027,213288449.5766602,667297.6710757,1206972036.5409868
2017-05-18 00:00:00+00:00,2.96696988,92657.41174675,175516048.74183202,78030.19294088,147808479.53079617,681924.88988157,1291734357.2886946
2017-05-19 00:00:00+00:00,3.05210147,96964.44656069,190781965.11484727,105808.09304535,208182242.38109684,673081.24339691,1324318003.6801884
2017-05-20 00:00:00+00:00,3.14988555,74101.28125714,151768144.1048517,69188.70959151,141706619.232056,677993.81506254,1388611118.201078
2017-05-21 00:00:00+00:00,3.12275546,71636.69673726,146512983.50286114,52202.63431177,106766001.89673667,697427.87748803,1426395182.396674
2017-05-22 00:00:00+00:00,3.12461059,111452.37332311,231703187.08290958,106375.66899203,221149005.6122406,702504.58181911,1460467334.113584
2017-05-23 00:00:00+00:00,3.32739524,95042.11816343,214537467.40333745,95118.23986158,214709296.02680585,702428.46012096,1585583589.4486806
2017-05-24 00:00:00+00:00,3.49513899,123957.12232429,299357346.20803225,110307.48350506,266393369.81841472,716078.09894019,1729333783.7871258
2017-05-25 00:00:00+00:00,3.29706174,145391.57536514,337250498.66361123,112499.72499721,260954517.2032373,748969.94930812,1737311726.9956052
2017-05-26 00:00:00+00:00,3.20703848,99028.47548871,225727347.33803838,97649.64160558,222584407.76108584,750348.78319125,1710358960.61427
2017-05-27 00:00:00+00:00,2.87538901,83033.93966255,169746324.35456163,71908.92500085,147003451.32109165,761473.79785295,1556681265.5541677
2017-05-28 00:00:00+00:00,3.1100624,54224.81259511,120688212.38566095,53898.65018126,119962272.41849363,761799.9602668,1695538831.7627642
2017-05-29 00:00:00+00:00,3.1715195,47279.38582778,108019959.69620486,66027.20067317,150853388.44182587,743052.14542141,1697662975.0007915
2017-05-30 00:00:00+00:00,2.99605054,98410.99013702,213282643.15968454,98896.27226767,214334377.88320562,742566.86329076,1609338785.2813778
2017-05-31 00:00:00+00:00,3.14282004,78301.06477168,180048021.7538591,98937.74126764,227500668.65599698,721930.1867948,1660029813.845006
2017-06-01 00:00:00+00:00,3.24185226,96206.12322912,230883885.25449815,94474.41662346,226727983.98942524,723661.89340046,1736707227.678329
2017-06-02 00:00:00+00:00,3.32189022,65839.94507923,163245133.03087044,64006.55680487,158699386.33583635,725495.28167482,1798810336.6088028
2017-06-03 00:00:00+00:00,3.38499502,76594.46497389,195281567.64977938,84558.13521862,215585358.66348916,717531.61143009,1829384120.198575
2017-06-04 00:00:00+00:00,3.33016911,55782.7568639,140851117.09963423,54247.06077264,136973493.93899953,719067.30752135,1815640517.3971062
2017-06-05 00:00:00+00:00,3.49837338,76225.6927354,204690294.642103,72881.70567911,195710622.9425961,722411.29457764,1939904714.9781764
2017-06-06 00:00:00+00:00,3.68734337,75194.19480677,215908225.44363636,68074.11474716,195464042.8223922,729531.37463725,2094733840.9321454
2017-06-07 00:00:00+00:00,3.45563714,69265.85392089,187486043.37222064,79216.7388326,214420700.7039506,719580.48972554,1947731692.7410066
2017-06-08 00:00:00+00:00,3.54000799,65282.07614708,182957166.87018982,70318.70209816,197072631.15962768,714543.86377446,2002554585.2144518
2017-06-09 00:00:00+00:00,3.50908106,56856.87441594,159476270.2330194,57438.37395827,161107302.17252746,713962.36423213,2002573235.0592873
2017-06-10 00:00:00+00:00,3.60375711,65649.55568964,191455628.240506,48710.92125023,142057016.718063,730900.99867154,2131546945.1738536
2017-06-11 00:00:00+00:00,3.64019441,65550.49042664,194961222.98994982,55384.15924136,164724372.7649888,741067.32985682,2204093241.811432
2017-06-12 00:00:00+00:00,3.22800548,83204.80734468,221776861.71704653,62346.12980185,166179448.62703893,761926.00739965,2030862929.370123
2017-06-13 00:00:00+00:00,3.24114582,78515.02322779,212550989.13384083,83139.26510748,225069449.23377177,757301.76551996,2050120253.6369963
2017-06-14 00:00:00+00:00,2.919798,81729.15592791,199731709.64674145,70867.09601847,173186742.04776847,768163.8254294,1877257539.2449493
2017-06-15 00:00:00+00:00,2.87371971,85339.11445902,205657602.40103698,101118.80405417,243684867.4991474,752384.13583425,1813160570.5206997
2017-06-16 00:00:00+00:00,2.93413098,68329.27812209,169207829.3585799,71159.35163746,176216107.64896843,749554.06231888,1856165019.7044995
2017-06-17 00:00:00+00:00,3.1272984,56984.10781547,151164897.63347393,49461.71545906,131209830.96474846,757076.45467529,2008338625.6094825
2017-06-18 00:00:00+00:00,2.93677553,56480.65508875,141665581.53813607,67543.39490027,169413302.7064097,746013.71486377,1871162198.5533905
2017-06-19 00:00:00+00:00,3.00723619,57902.25107937,149946113.64509526,55313.07733063,143241080.00757247,748602.88861251,1938613641.412149
2017-06-20 00:00:00+00:00,3.14552423,81613.24676382,223067493.39934063,54692.99905356,149488357.45594463,775523.13632277,2119680431.2091832
2017-06-21 00:00:00+00:00,3.02520974,75375.67916088,198936114.04102904,74875.13653773,197615051.25963995,776023.67894592,2048129274.7468505
2017-06-22 00:00:00+00:00,3.0574306,52741.48505702,141697779.72994128,61265.55523148,164598951.67603588,767499.60877146,2062000916.1467323
2017-06-23 00:00:00+00:00,3.04158628,43611.15811278,117133921.78171241,49861.05354874,133920331.38006449,761249.7133355,2044618126.1134918
2017-06-24 00:00:00+00:00,2.89910643,45087.2981819,115522186.14782311,38138.16316218,97717187.80714363,768198.84835522,1968270753.3329368
2017-06-25 00:00:00+00:00,2.82389576,52824.75498821,131941919.3553232,47309.81102038,118167084.19678895,773713.79232305,1932527331.429623
2017-06-26 00:00:00+00:00,2.74177101,77151.50960741,187197726.55859637,72623.5289147,176211192.45330495,778241.77301576,1888298639.427908
2017-06-27 00:00:00+00:00,2.84709982,71723.4372526,181485079.27886036,70655.01748655,178781608.09325907,779310.19278181,1971924067.4665759
2017-06-28 00:00:00+00:00,2.86973355,62941.64111887,161306350.9556324,80314.26261687,205828770.93962,761937.57128381,1952687713.491176
2017-06-29 00:00:00+00:00,2.83338619,53774.23047406,136610369.08849657,44582.32068213,113258845.9103181,771129.48107574,1959010516.674793
2017-06-30 00:00:00+00:00,2.7235698,59070.39877001,144882679.7056182,76093.99899207,186636669.34791282,754105.88085368,1849604591.7217753
2017-07-01 00:00:00+00:00,2.67604439,45682.07058451,110201883.62481453,51126.53371438,123335922.52805491,748661.41772381,1806045509.2060475
2017-07-02 00:00:00+00:00,2.78455696,43990.87687138,110807396.24959242,40474.55365819,101950227.50606424,752177.740937,1894639591.609369
2017-07-03 00:00:00+00:00,2.8067694,52981.62010456,135205249.7226332,61572.88513542,157129534.6281976,743586.47590614,1897578725.7326524
2017-07-04 00:00:00+00:00,2.84851858,57278.09559758,148908428.31478515,48411.60678102,125857820.5637769,752452.9647227,1956185644.593807
2017-07-05 00:00:00+00:00,2.84213614,53120.86880229,138544797.74670473,55139.31196259,143809109.22564137,750434.5215624,1957211946.1932788
2017-07-06 00:00:00+00:00,2.82784137,45373.02144549,118114844.05497399,53032.96074974,138055163.38061118,742774.58225815,1933587430.5135198
2017-07-07 00:00:00+00:00,2.70091753,55748.13432594,139135130.09943858,61374.69497327,153177792.820698,737148.02161082,1839759969.1805618
2017-07-08 00:00:00+00:00,2.7563821,47147.44248181,120390718.94778442,55338.62260962,141306849.55228785,728956.84148301,1861387036.2513158
2017-07-09 00:00:00+00:00,2.70314378,56097.11725363,140589092.61894387,40162.71114904,100654710.8656443,744891.2475876,1866826491.7188265
2017-07-10 00:00:00+00:00,2.50667922,67966.42548942,157639077.41272262,61091.42037319,141693418.12688965,751766.25270383,1743621761.0811236
2017-07-11 00:00:00+00:00,2.5040635,72960.90214533,169208548.69367623,66886.268314,155120455.6983699,757840.88653516,1757559909.2225752
2017-07-12 00:00:00+00:00,2.5607933,53403.14512411,126826395.94061169,57989.98020056,137719607.5701548,753254.05145871,1788892701.958897
2017-07-13 00:00:00+00:00,2.52324473,46239.78780288,108373963.8883971,60056.7041685,140757200.6290173,739437.13509309,1733047169.6353064
2017-07-14 00:00:00+00:00,2.38547763,63265.69381181,140122455.3089409,50320.66605644,111451481.13895197,752382.16284846,1666395002.3622043
2017-07-15 00:00:00+00:00,2.15162881,63689.40166332,126718547.41584457,47427.37122289,94363071.91087785,768644.19328889,1529319998.452541
2017-07-16 00:00:00+00:00,2.0725336,69249.86211098,132319142.28532472,55860.89491347,106736179.3500098,782033.1604864,1494269502.9256248
2017-07-17 00:00:00+00:00,2.38704005,69670.2844562,154371674.7350272,68416.89855387,151594489.56430215,783286.54638873,1735564263.979165
2017-07-18 00:00:00+00:00,2.47286929,71998.54362553,165867447.36441335,70060.95452083,161403704.86832586,785224.13549343,1808968854.1566627
2017-07-19 00:00:00+00:00,2.41800668,62519.1382403,141109773.49969777,74198.91571104,167471793.19178313,773544.35802269,1745940078.908342
2017-07-20 00:00:00+00:00,2.98008325,92497.48772141,261203463.7698929,65080.46608934,183780593.23615468,800961.37965476,2261833179.1006002
2017-07-21 00:00:00+00:00,2.80324324,61264.22737011,163338989.90200788,62621.28068616,166957083.64777055,799604.32633871,2131856853.3708723
2017-07-22 00:00:00+00:00,2.956705,41088.6485357,116270769.8070463,41938.04024694,118674339.44618377,798754.93462747,2260280015.187671
2017-07-23 00:00:00+00:00,2.86830102,35219.12567557,96966841.69456,49930.5930062,137471098.86677623,784043.46729684,2158662866.1756573
2017-07-24 00:00:00+00:00,2.8571688,51520.07310159,141946020.09464484,49274.9816997,135760435.1359706,786288.55869873,2166350411.288426
2017-07-25 00:00:00+00:00,2.63175728,73950.19932333,189215857.27941212,75752.59006715,193827621.856993,784486.16795491,2007259265.7177575
2017-07-26 00:00:00+00:00,2.58755545,51012.12850321,128669148.98329389,69898.8658196,176307632.00440526,765599.43063852,1931090313.0841503
2017-07-27 00:00:00+00:00,2.70895213,67374.21072283,179562212.4048716,73995.27669686,197208330.14072782,758978.36466449,2022789326.4270475
2017-07-28 00:00:00+00:00,2.77596935,103536.10616544,289262640.2973005,84046.15227102,234810954.48864073,778468.31855891,2174910855.294607
2017-07-29 00:00:00+00:00,2.65045335,60379.57520785,163414347.53936282,54559.37470591,147662261.4357636,784288.51906085,2122638262.7527862
2017-07-30 00:00:00+00:00,2.63429117,99450.60082247,273427943.1720762,97750.84755095,268754667.8264464,785988.27233237,2160983994.9067087
2017-07-31 00:00:00+00:00,2.66440296,116442.76794145,333330382.2508079,61859.6730676,177080198.57361308,840571.36720622,2406229086.557082
2017-08-01 00:00:00+00:00,2.51234417,83728.5400022,228360314.22655657,70816.8644456,193145149.99200702,853483.04276282,2327780417.85076
2017-08-02 00:00:00+00:00,2.45667542,76098.62439635,204716385.06312636,98348.41863702,264571572.74200904,831233.24852215,2236138525.913955
2017-08-03 00:00:00+00:00,2.51633659,112031.42965541,312539267.7595539,106781.22852432,297892538.51448077,836483.44965324,2333576619.094628
2017-08-04 00:00:00+00:00,2.52690325,86510.18893794,247442744.0835783,82825.83417468,236904484.20932853,840167.8044165,2403109154.745123
2017-08-05 00:00:00+00:00,2.8058202,79990.93839529,258964532.8129085,78255.3986143,253345855.77800128,841903.34419749,2725597556.142257
2017-08-06 00:00:00+00:00,2.74360243,56540.76013382,182633254.0445416,68050.91749351,219812405.65462962,830393.1868378,2682266907.79649
2017-08-07 00:00:00+00:00,2.8173808,85566.28928183,290288977.32036334,126514.03989157,429206777.16697705,789445.43622806,2678242918.5173903
2017-08-08 00:00:00+00:00,2.79701154,113873.321936,390093176.21054596,66912.04480418,229219027.25446925,836406.71335988,2865258919.9229283
2017-08-09 00:00:00+00:00,2.70304955,78356.35650537,262275605.6602096,74635.33241722,249820536.4109281,840127.73744803,2812088527.317151
2017-08-10 00:00:00+00:00,2.74911842,84455.67639431,290276875.4787594,70920.36733121,243755582.99473274,853663.04651113,2934067340.7906604
2017-08-11 00:00:00+00:00,2.89608699,98691.20764477,361261192.4334479,111345.62126222,407582933.36746216,841008.63289368,3078529372.7439294
2017-08-12 00:00:00+00:00,3.02040239,92663.50971078,358708082.1376994,88700.57847284,343367248.7455485,844971.56413162,3270954555.6451616
2017-08-13 00:00:00+00:00,3.12865374,82818.50350259,336557921.7183306,71655.12660225,291192178.91884434,856134.94103196,3479162074.6340938
2017-08-14 00:00:00+00:00,3.25544228,87008.94181843,374539033.0020203,77147.09678347,332087696.0955494,865996.78606692,3727773169.7187333
2017-08-15 00:00:00+00:00,3.11536106,95254.09205288,396259932.56000805,103297.30546862,429719946.05651504,857953.57265118,3569113069.1754413
2017-08-16 00:00:00+00:00,3.22936466,104747.57903806,457189513.9722774,100885.62961014,440333346.0479122,861815.5220791,3761547744.5062833
2017-08-17 00:00:00+00:00,3.14349195,60212.68285108,259427359.33557856,64132.07905657,276314143.97354156,857896.12587361,3696259923.6785507
2017-08-18 00:00:00+00:00,2.97541172,111398.2300858,457680426.16233766,99661.47711067,409459892.5032098,869632.87884874,3572892911.222357
2017-08-19 00:00:00+00:00,2.97749577,87849.13058812,365481589.2933322,97612.63836393,406101027.5859111,859869.37107293,3577342453.1408086
2017-08-20 00:00:00+00:00,2.88932289,81704.97590731,333831039.8306348,75085.55688662,306785348.79146856,866488.79009362,3540308905.135631
2017-08-21 00:00:00+00:00,2.8086644,98216.84211626,392143120.9326867,100496.55426629,401245159.01575524,864209.07794359,3450463664.4905357
2017-08-22 00:00:00+00:00,2.84203031,95799.84844145,390320240.688203,104315.26780059,425014873.1734713,855693.65858445,3486378738.669707
2017-08-23 00:00:00+00:00,2.86484514,93316.24746587,386974578.5761216,88623.3161885,367513389.8478547,860386.58986182,3567950352.333856
2017-08-24 00:00:00+00:00,2.96780825,61349.15158233,265385167.7584182,83034.69824393,359192861.7572265,838701.04320022,3628066750.8523245
2017-08-25 00:00:00+00:00,2.96751747,54797.70173126,238541616.46960908,54428.51440305,236934495.38115165,839070.23052843,3652583279.922477
2017-08-26 00:00:00+00:00,2.94348577,48925.769119,212434648.2164878,37934.41426872,164710419.38806334,850061.58537871,3690949311.6613703
2017-08-27 00:00:00+00:00,2.93116239,53802.87742457,233768307.460506,59154.81742845,257021970.01956198,844709.64537483,3670181848.0188174
2017-08-28 00:00:00+00:00,2.93365297,78444.05528207,343566443.11699533,97078.63817639,425181516.9546388,826075.06248051,3618013754.433594
2017-08-29 00:00:00+00:00,3.03875355,88902.02105736,408989910.06090754,70378.68510584,323774102.6502733,844598.39843203,3885538471.4980555
2017-08-30 00:00:00+00:00,3.00669499,64015.31714747,293614749.27905434,60781.54488499,278782623.5569192,847832.17069451,3888694789.337982
2017-08-31 00:00:00+00:00,3.06677185,46295.10672767,219455297.02600947,57680.39898176,273425637.95311844,836446.87844042,3965056160.998279
2017-09-01 00:00:00+00:00,3.14249768,57194.2979027,281291065.345015,53597.03228053,263599114.98816955,840044.14406259,4131476753.5428076
2017-09-02 00:00:00+00:00,2.91990917,42544.84380254,195494408.9279445,39873.61276484,183220048.83747533,842715.37510029,3872294017.915436
2017-09-03 00:00:00+00:00,2.92473488,35410.17185792,163782537.38798276,46718.55609167,216087165.3065728,831406.99086654,3845503690.6513324
2017-09-04 00:00:00+00:00,2.75162247,88020.5097254,385068032.6843144,84937.80268117,371581949.26390475,834489.69791077,3650686723.722762
2017-09-05 00:00:00+00:00,2.78742564,68706.31588839,306021540.6385124,84562.87927327,376647507.0220944,818633.13452589,3646234990.278095
2017-09-06 00:00:00+00:00,2.86204183,65054.62991253,299740282.66246736,63454.5550273,292367911.17984086,820233.20941112,3779238070.6584888
2017-09-07 00:00:00+00:00,2.84583752,51960.99134273,240845008.0512169,58993.98337069,273443712.9224465,813200.21738316,3769273984.99877
2017-09-08 00:00:00+00:00,2.66619471,81550.8195015,354375632.9837022,73230.66267594,318220743.804112,821520.37420872,3569881999.9456687
2017-09-09 00:00:00+00:00,2.65540041,40298.90247567,174719657.605105,44216.20291574,191703479.7337244,817603.07376865,3544794531.116196
2017-09-10 00:00:00+00:00,2.59879339,74836.39049203,318940985.9565022,56340.43785761,240114130.0560305,836099.02640307,3563323218.6240516
2017-09-11 00:00:00+00:00,2.56454296,50774.96081085,213891937.9506327,54331.68892437,228874824.33430323,832542.29828955,3507124038.3699765
2017-09-12 00:00:00+00:00,2.53102364,55800.59703878,232371510.69128764,57765.63119533,240554540.61837184,830577.264133,3458789042.6744003
2017-09-13 00:00:00+00:00,2.36797159,66044.81305056,256724020.3699917,69353.35042056,269584697.47601247,827268.726763,3215691644.071672
2017-09-14 00:00:00+00:00,1.99521056,90634.39171451,294332353.7749132,73086.7008018,237346776.09352484,844816.41767571,2743514906.630895
2017-09-15 00:00:00+00:00,2.26320938,114405.5926069,423211793.0810581,107549.49249855,397849550.25462615,851672.51778406,3150526518.469454
2017-09-16 00:00:00+00:00,2.26588756,42172.16154758,156510774.5774728,61005.77459382,226406726.26194528,832838.90473782,3090860351.839143
2017-09-17 00:00:00+00:00,2.26478555,30831.89560092,114443562.96656221,42847.38481928,159043331.16551787,820823.41551946,3046778487.263266
2017-09-18 00:00:00+00:00,2.47915064,59899.31057557,244414850.58959174,65810.76770515,268536128.4007984,814911.95838988,3325189933.567758
2017-09-19 00:00:00+00:00,2.38109715,45900.56574554,180193512.09973985,55287.10599867,217042592.87259337,805525.41813675,3162280286.13735
2017-09-20 00:00:00+00:00,2.3596557,37742.32877489,147035699.33454135,34273.36429427,133521387.0244332,808994.38261737,3151661772.5241895
2017-09-21 00:00:00+00:00,2.19309389,34448.1313735,124607278.12013908,39755.19289716,143804211.73924705,803687.32109371,2907132710.78014
2017-09-22 00:00:00+00:00,2.19168978,36006.15651676,130313975.6084771,36124.90532543,130743752.92584656,803568.57228504,2908286400.4034586
2017-09-23 00:00:00+00:00,2.28253357,27195.6854083,102680045.98445314,32866.46763681,124090654.73541032,797897.79005653,3012543370.166134
2017-09-24 00:00:00+00:00,2.22242941,28061.09561515,103177756.71781944,21705.92303359,79810442.07291515,804252.96263809,2957155260.6754766
2017-09-25 00:00:00+00:00,2.34287282,41699.52896651,163409531.71647874,35841.46035205,140453295.2126872,810111.03125255,3174612940.1521697
2017-09-26 00:00:00+00:00,2.32052467,32390.78109526,126003083.97710322,44996.59772165,175040856.98738182,797505.21462616,3102367807.5309825
2017-09-27 00:00:00+00:00,2.4968666,41973.38870991,176615099.73291296,48680.12178664,204835607.24101964,790798.48154943,3327511954.1280465
2017-09-28 00:00:00+00:00,2.47501585,55814.5011603,233738282.15565696,49765.06181034,208404622.76123723,796847.92089939,3337015655.401212
2017-09-29 00:00:00+00:00,2.44954557,44890.45793426,186520306.9998892,38389.86358933,159510271.71190602,803348.51524432,3337921210.5768814
2017-09-30 00:00:00+00:00,2.54204123,26048.76829012,112909548.2543909,30774.60222659,133393886.28332116,798622.68130785,3461665640.6890836
2017-10-01 00:00:00+00:00,2.56194858,24849.26086988,108891620.4832048,22904.96232966,100371535.3242812,800566.97984807,3508154073.373953
2017-10-02 00:00:00+00:00,2.55136556,36939.21042186,162047725.13384703,41496.39290662,182039518.30542362,796009.79736331,3491996049.017981
2017-10-03 00:00:00+00:00,2.49742904,42560.02724702,183287508.5055182,36563.05790061,157461172.35897785,802006.76670972,3453893984.1746354
2017-10-04 00:00:00+00:00,2.44055834,39166.68166196,165153552.07052886,45575.4781379,192177426.89438373,795597.97023378,3354785885.0607634
2017-10-05 00:00:00+00:00,2.48286744,36408.39417171,157263179.29738364,32516.61673007,140452954.41617462,799489.74767542,3453332738.1078057
2017-10-06 00:00:00+00:00,2.50112549,36394.57791191,158895659.4791037,32844.46411475,143396161.87836346,803039.86147258,3506004347.2832026
2017-10-07 00:00:00+00:00,2.535902,26677.06577555,118415651.69496739,27803.87466323,123417394.01149312,801913.0525849,3559576511.2808337
2017-10-08 00:00:00+00:00,2.61523452,32080.14972333,147592421.51333708,27236.84867061,125309653.61312424,806756.35363762,3711676062.3487062
2017-10-09 00:00:00+00:00,2.68982061,64932.96793842,310219504.7028514,41007.05491896,195912626.05378976,830682.26665708,3968613317.8478537
2017-10-10 00:00:00+00:00,2.65170924,42355.11779213,200808913.54988202,38457.50137537,182330010.43538782,834579.88307384,3956808251.9129596
2017-10-11 00:00:00+00:00,2.68235621,40114.42078564,193149617.04286394,34030.42909859,163855397.12317014,840663.87476089,4047768914.3142757
2017-10-12 00:00:00+00:00,2.9735157,52297.65544917,282076242.0671856,35915.22316138,193714825.1743893,857046.30704868,4622624083.116285
2017-10-13 00:00:00+00:00,3.05039678,58823.50215881,330239700.80046684,46810.98610523,262800504.5301556,869058.82310226,4878963597.652992
2017-10-14 00:00:00+00:00,3.12159957,32469.11743521,187857816.79979333,31526.23753344,182402560.42565992,870001.70300403,5033602187.203467
2017-10-15 00:00:00+00:00,3.05072713,25499.53715053,145088925.46913642,26068.01319402,148323477.44621792,869433.22696054,4946957739.750451
2017-10-16 00:00:00+00:00,3.05813234,28821.28521064,165899606.61994612,27770.73790117,159852499.97279444,870483.77427001,5010634142.960686
2017-10-17 00:00:00+00:00,2.95026635,29626.1813082,165622687.6141573,37524.56874395,209777961.6711865,862585.38683426,4822211427.7227335
2017-10-18 00:00:00+00:00,2.93164856,34046.41171824,190110751.49721932,39527.19560264,220714738.5393814,857104.60294986,4785961044.206833
2017-10-19 00:00:00+00:00,2.96891932,31089.60670115,177469205.81541997,29183.16265552,166586626.50324818,859011.04699549,4903503918.92616
2017-10-20 00:00:00+00:00,3.09805688,45217.82229661,271346867.0101287,34496.2748372,207008113.72988907,869732.5944549,5219163653.965283
2017-10-21 00:00:00+00:00,3.09579617,31951.33833666,192673212.62174162,33643.79544696,202879080.84641823,868040.1373446,5234462487.441614
2017-10-22 00:00:00+00:00,3.04834116,35924.96240257,215427562.6799886,34561.69196213,207252577.6941545,869403.40778504,5213462856.9968605
2017-10-23 00:00:00+00:00,2.93951363,95477.26379856,562194000.1522291,110220.46191027,649005636.6790818,854660.20967333,5032452993.845
2017-10-24 00:00:00+00:00,2.73999189,79971.76518666,441266234.9070203,88285.70195312,487140670.2859059,846346.27290687,4669948605.004671
2017-10-25 00:00:00+00:00,2.83167233,35464.71633049,203426244.19960535,45172.38123195,259109582.88613406,836638.60800541,4798973949.006487
2017-10-26 00:00:00+00:00,2.89701261,28748.2946688,169624072.7158781,30286.84551394,178702011.54458836,835100.05716027,4927355672.84
2017-10-27 00:00:00+00:00,2.82258819,22006.39324264,127019692.46096519,36546.73821397,210945764.58786285,820559.71218894,4736225565.857135
2017-10-28 00:00:00+00:00,2.81072114,24201.73618288,139459808.12030154,24433.0211639,140792562.05292946,820328.42720792,4727051158.212872
2017-10-29 00:00:00+00:00,2.99284618,48120.16147419,297128949.0724418,35391.25735635,218531417.65297064,833057.33132576,5143903133.1322565
2017-10-30 00:00:00+00:00,2.94639905,42007.57577737,257055126.25144577,38505.93768764,235627705.01645702,836558.96941549,5119118814.176461
2017-10-31 00:00:00+00:00,3.07051562,43258.3241854,278086770.2002861,36551.48610773,234971763.44963104,843265.80749316,5420946586.397235
2017-11-01 00:00:00+00:00,3.17194342,44432.61481236,298872066.11606604,47222.39296127,317637262.8728017,840476.02934425,5653387910.478486
2017-11-02 00:00:00+00:00,3.26783421,60125.78211446,423512657.61842126,67544.18860833,475766265.6219178,833057.62285038,5867872905.686484
2017-11-03 00:00:00+00:00,3.2996631,38872.32984325,279827601.82943815,43138.99861093,310541780.6264103,828790.9540827,5966161175.162119
2017-11-04 00:00:00+00:00,3.37458714,32948.27067709,244492579.2528356,26999.48122533,200349598.55600104,834739.74353446,6194184663.03603
2017-11-05 00:00:00+00:00,3.31955857,29080.71416891,214357987.2251177,25904.21019316,190943534.79112938,837916.24751021,6176397155.73204
2017-11-06 00:00:00+00:00,3.12842422,39508.01310354,275973895.47849673,47504.60425728,331832194.53957444,829919.65635647,5797207768.931014
2017-11-07 00:00:00+00:00,3.16064437,50603.01545176,360202513.31439024,59710.82470314,425033744.2963184,820811.84710509,5842704978.072553
2017-11-08 00:00:00+00:00,3.2777098,79245.25894669,590473286.7469052,58328.84658162,434620647.4809398,841728.25947016,6271896369.869294
2017-11-09 00:00:00+00:00,3.10220792,64839.22296061,461508604.37832487,71994.88329906,512440720.23988616,834572.59913171,5940269144.058896
2017-11-10 00:00:00+00:00,2.86889448,74238.36148208,491500071.1326263,65494.60331059,433611431.3854899,843316.3573032,5583232729.37377
2017-11-11 00:00:00+00:00,2.7353594,67957.02802756,431304327.40317535,54959.19164236,348810680.4246512,856314.1936884,5434787660.295931
2017-11-12 00:00:00+00:00,2.4696982,148615.06559651,866291756.0151986,76697.50090553,447077235.9097163,928231.75837938,5410753726.265772
2017-11-13 00:00:00+00:00,2.72664306,206252.76379977,1344653585.1911411,210609.435333,1373056666.3849769,923875.08684615,6023152974.582529
2017-11-14 00:00:00+00:00,2.74071229,132410.16938982,872897410.6059141,137491.39594954,906394758.4842606,918793.86028643,6057033120.798178
2017-11-15 00:00:00+00:00,2.97614814,137723.22898655,999508872.7387029,145974.10717615,1059388575.0886734,910542.98209683,6608150246.786757
2017-11-16 00:00:00+00:00,3.15562228,149886.45762089,1174166207.5672355,136246.20368198,1067312489.8136721,924183.23603574,7239778313.381536
2017-11-17 00:00:00+00:00,3.06551771,155409.58158486,1201165826.5488865,160652.40687011,1241687797.607473,918940.41075049,7102521007.854112
2017-11-18 00:00:00+00:00,3.06748215,87265.45578402,680334953.2109846,85791.54195247,668844093.6421491,920414.32458204,7175692040.147572
2017-11-19 00:00:00+00:00,3.12664738,91612.67535468,734579810.1240059,91745.13853155,735641942.3555653,920281.86140517,7379115088.543719
2017-11-20 00:00:00+00:00,3.18401839,84254.85190847,696777030.863268,83168.88047505,687796183.6617,921367.83283859,7619596122.43599
2017-11-21 00:00:00+00:00,3.07693153,89443.77709364,723778872.8296107,106775.20723063,864024772.2837801,904036.4027016,7315460838.145065
2017-11-22 00:00:00+00:00,3.11368282,97778.72174889,806635081.8916005,112504.17108195,928114109.395847,889310.95336854,7336457266.641175
2017-11-23 00:00:00+00:00,3.0255203,92287.08223265,744910856.5669048,83784.14677032,676277969.0018834,897813.88883087,7246857271.754305
2017-11-24 00:00:00+00:00,3.04932356,82029.92613209,675304995.87552,74068.67362494,609764602.9359034,905775.14133802,7456723502.352806
2017-11-25 00:00:00+00:00,3.19796528,54061.88199913,473591030.42578053,52555.65423072,460396225.98096496,907281.36910643,7947934895.942798
2017-11-26 00:00:00+00:00,3.34857257,52419.45509493,488544253.29548573,55811.81839677,520160751.2770667,903889.00580459,8424158141.344603
2017-11-27 00:00:00+00:00,3.43189779,72450.73359237,704998423.971978,72775.41967222,708157856.0885355,903564.31972474,8792339149.349064
2017-11-28 00:00:00+00:00,3.42405668,77897.78990084,773695975.4888965,72745.69613394,722524379.7624178,908716.41349164,9025547873.362762
2017-11-29 00:00:00+00:00,3.31618599,86415.90341588,846878234.3827562,86063.67365209,843426372.9930769,909068.64325543,8908897750.311697
2017-11-30 00:00:00+00:00,3.33958212,78616.38844683,785905627.426766,86828.46559612,867999422.0158509,900856.56610614,9005606321.969318
2017-12-01 00:00:00+00:00,3.55287307,64341.64462838,695466155.8361628,55986.43796061,605155075.1043587,909211.77277391,9827632167.38084
2017-12-02 00:00:00+00:00,3.54526509,38554.63987639,421589588.8466742,35446.48069194,387602303.35150534,912319.93195836,9976090718.110592
2017-12-03 00:00:00+00:00,3.59996863,44004.1199958,493459678.2370843,40748.04638047,456946255.43280244,915576.00557369,10267216823.222696
2017-12-04 00:00:00+00:00,3.65371219,62852.10669547,726704138.3147912,50556.00265565,584535002.5341692,927872.10961351,10728176625.010597
2017-12-05 00:00:00+00:00,3.65310274,60726.6208089,712733413.7669101,61621.66780885,723238360.2839193,926977.06261356,10879701809.84212
2017-12-06 00:00:00+00:00,4.21096815,75845.3568716,1061238270.5118412,79035.14348615,1105870186.9501486,923787.27599901,12925753817.227085
2017-12-07 00:00:00+00:00,4.7166582,96605.33909416,1645410477.1771877,97492.79556768,1660525896.1929553,922899.81952549,15719100483.173777
2017-12-08 00:00:00+00:00,4.34686442,82321.07096133,1341708932.7707038,71636.49838027,1167566561.8389747,933584.39210655,15216013394.347952
2017-12-09 00:00:00+00:00,3.96460494,60138.56839757,905086774.6727998,59779.13935307,899677359.6621263,933943.82115105,14055875012.2384
2017-12-10 00:00:00+00:00,4.00840979,49763.59603585,770091625.9252363,44456.81106156,687969130.8719747,939250.60612534,14534902700.786547
2017-12-11 00:00:00+00:00,4.25607302,61401.33266848,1036055250.7728008,53250.43114344,898521031.9449284,947401.50765038,15985977240.769598
2017-12-12 00:00:00+00:00,4.23927385,66132.2698973,1152945412.9471493,53637.42550719,935111161.2658244,959896.35204049,16734766517.290958
2017-12-13 00:00:00+00:00,3.93575963,60666.76516867,1001920882.8212004,48740.50305683,804956844.4283531,971822.61415233,16049798745.820545
2017-12-14 00:00:00+00:00,3.8994793,61925.69949283,1028145750.4507701,66580.17615022,1105423527.4490244,967168.13749494,16057788909.626173
2017-12-15 00:00:00+00:00,4.07868942,66834.05066775,1183096510.0921955,63433.43369905,1122898781.1257145,970568.75446364,17181010199.70871
2017-12-16 00:00:00+00:00,4.43076633,48310.8248154,948849425.5054414,35502.39707816,697285322.7076343,983377.18220088,19314033199.63663
2017-12-17 00:00:00+00:00,4.25193445,42489.34064721,817939677.6324703,33517.55646399,645228636.4435332,992348.9663841,19103181675.671017
2017-12-18 00:00:00+00:00,4.12995773,57019.40416696,1082343756.7653332,54551.88160335,1035505181.7149748,994816.48894771,18883631487.74673
2017-12-19 00:00:00+00:00,3.80550806,66583.77716856,1175425130.621961,64082.17858083,1131263595.0079274,997318.08753544,17605981414.14124
2017-12-20 00:00:00+00:00,3.49226172,79671.49948911,1310885155.8689015,60497.32111959,995400371.9528918,1016492.26590496,16724984856.253288
2017-12-21 00:00:00+00:00,3.30154348,65005.40819131,1016283738.0455827,62392.48298824,975433700.0795957,1019105.19110803,15932521030.140692
2017-12-22 00:00:00+00:00,3.01016272,98036.33950266,1402480260.3683553,72545.22008558,1037811485.7230394,1044596.31052511,14943700601.197266
2017-12-23 00:00:00+00:00,3.11960008,52658.7288662,785186834.1088048,48942.49711225,729774629.7406979,1048312.54227906,15631239567.5199
2017-12-24 00:00:00+00:00,2.92511724,41639.34986366,584047964.4690914,34067.04007059,477836120.7334706,1055884.85207213,14810207185.887842
2017-12-25 00:00:00+00:00,2.92950297,38397.53160311,540673425.433058,35999.1398268,506901809.3137819,1058283.24384844,14901625251.441952
2017-12-26 00:00:00+00:00,3.23788307,47273.46841549,743476715.079231,39534.07021999,621758073.7367429,1066022.64204394,16765493175.601517
2017-12-27 00:00:00+00:00,3.13118795,62885.96615789,967752169.2961255,59279.94693442,912259137.3965309,1069628.66126741,16460516082.139788
2017-12-28 00:00:00+00:00,2.90015736,58938.49144972,842198756.8723661,60533.00242739,864983445.2853471,1068034.15028974,15261622948.70759
2017-12-29 00:00:00+00:00,2.94080172,78020.70881032,1136897957.9306703,63124.81470106,919838771.3044506,1082930.044399,15780181631.67651
2017-12-30 00:00:00+00:00,2.60242905,63718.43032935,825071850.8338292,59556.27637363,771177301.8006675,1087092.19835472,14076448014.92232
2017-12-31 00:00:00+00:00,2.78726716,45808.5163556,637722373.6574723,39667.36207587,552228413.2361281,1093233.35263445,15219426955.27464
2018-01-01 00:00:00+00:00,2.69423548,36000.62207975,484735906.1070542,45594.71097723,613916989.8308133,1083639.26373697,14590827326.180717
2018-01-02 00:00:00+00:00,2.92544313,65831.31089658,971296372.1358598,49016.3209269,723202592.2518634,1100454.25370665,16236456630.886763
2018-01-03 00:00:00+00:00,2.96026687,56969.47496376,855128121.5656874,47368.59794122,711016210.0746579,1110055.13072919,16662245165.128265
2018-01-04 00:00:00+00:00,2.94402195,77816.06330536,1172711480.979017,72054.89909421,1085889003.3665361,1115816.29494034,16815687200.792562
2018-01-05 00:00:00+00:00,3.26196426,72765.21839575,1236806964.4616075,70779.78320658,1203060071.0475416,1117801.73012951,18999530204.00967
2018-01-06 00:00:00+00:00,3.24692954,53870.60786512,921380751.170688,56620.8936177,968420509.0845196,1115051.44437693,19071381930.315773
2018-01-07 00:00:00+00:00,3.04278121,57759.28223775,937531052.6683152,48517.31395967,787518242.3842474,1124293.41265501,18249187764.06811
2018-01-08 00:00:00+00:00,2.80152545,66297.53246616,990313761.8514235,67914.5123855,1014467262.0978643,1122676.43273567,16769883886.883587
2018-01-09 00:00:00+00:00,2.69017079,58571.77254499,842179281.4450591,59625.01053774,857323354.7312739,1121623.19474292,16127355809.065437
2018-01-10 00:00:00+00:00,2.73334467,71814.45553025,1053452586.9216921,68392.30973629,1003252828.2122245,1125045.34053688,16503389403.175867
2018-01-11 00:00:00+00:00,2.45400706,54565.37819971,719540270.6766084,61864.2565149,815788790.3757782,1117746.46222169,14739448685.413689
2018-01-12 00:00:00+00:00,2.55762013,55381.16873607,763675506.3291482,53462.47117702,737217734.4304905,1119665.15978074,15439559643.271997
2018-01-13 00:00:00+00:00,2.63127775,43527.54248432,619450253.602517,38333.33157545,545530269.1254805,1124859.37068961,16008126870.288025
2018-01-14 00:00:00+00:00,2.52606465,34272.03121567,468877902.5476023,39084.6163429,534719194.71051484,1120046.78556238,15323433392.811413
2018-01-15 00:00:00+00:00,2.50804935,54277.37868905,737721641.4931022,48630.12387256,660965869.6821966,1125694.04037887,15300091407.229998
2018-01-16 00:00:00+00:00,2.12079726,83371.06951256,953018039.2116238,83134.23424682,950310765.7906238,1125930.87564461,12870560995.178293
2018-01-17 00:00:00+00:00,2.07376393,86909.87903261,969880232.6594783,81023.20510086,904187255.6807171,1131817.54957636,12630640849.23321
2018-01-18 00:00:00+00:00,2.09352287,69693.57148161,783776673.8269259,64198.57743683,721979752.4817071,1137312.54362114,12790262051.303118
2018-01-19 00:00:00+00:00,2.129939,61899.63829486,708147681.2675021,71877.5873297,822297968.2072884,1127334.5945863,12896995865.567415
2018-01-20 00:00:00+00:00,2.37080852,53450.68619622,682479986.7324793,36777.48243689,469589775.39483356,1144007.79834563,14607154418.384129
2018-01-21 00:00:00+00:00,2.12617327,30550.35252863,348958171.3307885,35705.83700503,407846147.61593443,1138852.31386923,13008420131.689566
2018-01-22 00:00:00+00:00,2.00268788,44939.37978349,482529875.4680563,42156.69165838,452651177.5210707,1141635.00199434,12258135247.889757
2018-01-23 00:00:00+00:00,2.02766184,42991.87748058,466435726.41410804,44250.57841743,480091866.1368487,1140376.30105749,12372389380.05105
2018-01-24 00:00:00+00:00,2.09753554,42131.88258307,472968139.52436906,42787.44806121,480327449.5177201,1139720.73557935,12794386645.825304
2018-01-25 00:00:00+00:00,2.08000559,41922.74738879,466619670.30959845,35968.93976961,400351023.30075717,1145674.54319853,12751890344.19883
2018-01-26 00:00:00+00:00,2.05791562,60307.17833555,665523159.8895712,59418.54104084,655716554.4954255,1146563.18049324,12652960592.007753
2018-01-27 00:00:00+00:00,2.10883443,23766.6603301,269061653.00054413,25133.34369925,284533834.6753981,1145196.49712409,12964735400.219526
2018-01-28 00:00:00+00:00,2.15410037,30598.64135475,355432554.5980407,33243.41749269,386154165.01693034,1142551.72098615,13271833616.477026
2018-01-29 00:00:00+00:00,2.06552658,34480.90921731,383860594.6526864,34632.49949779,385548181.68358195,1142400.13070567,12717831503.231924
2018-01-30 00:00:00+00:00,1.85916763,42904.716298,427311526.2796761,44910.59235335,447289142.5581788,1140394.25465032,11357809853.130703
2018-01-31 00:00:00+00:00,1.87794381,39813.13097241,400125780.2589759,45210.20790011,454366920.4071896,1134997.17772262,11406830365.657835
2018-02-01 00:00:00+00:00,1.69691999,81329.29061683,735205813.8299251,58751.83909664,531108698.34774464,1157574.62924281,10464318462.716549
2018-02-02 00:00:00+00:00,1.66151934,99958.13549491,878239913.2082883,74565.48458465,655138117.4300878,1182967.28015307,10393642061.308563
2018-02-03 00:00:00+00:00,1.72878243,36332.72808021,331794117.8122734,37021.63300263,338085266.6763571,1182278.37523065,10796684731.523031
2018-02-04 00:00:00+00:00,1.56184746,56622.27718735,467163620.84514517,30668.42581955,253030672.08117434,1208232.22659845,9968552482.124933
2018-02-05 00:00:00+00:00,1.30831891,79020.31695294,541253024.0202787,76196.75735568,521912932.3900641,1211055.78619571,8295178149.260716
2018-02-06 00:00:00+00:00,1.48101152,95083.29864882,735815794.7544472,71171.84037621,550773532.6261479,1234967.24446832,9556971806.798416
2018-02-07 00:00:00+00:00,1.46484643,47718.24612494,363832319.4010704,48561.56778137,370262305.8145844,1234123.92281189,9409695571.990433
2018-02-08 00:00:00+00:00,1.58085047,47231.68158437,388177393.8695559,43023.00481628,353588043.5717432,1238332.59957998,10177336591.11855
2018-02-09 00:00:00+00:00,1.6660923,41013.67114899,355196990.531737,60574.22866971,524600288.7452348,1218772.04205926,10555118558.176899
2018-02-10 00:00:00+00:00,1.64139497,39914.55302485,340482824.47438747,44726.72088247,381532025.3256972,1213959.87420164,10355433180.209082
2018-02-11 00:00:00+00:00,1.55971533,35009.7710982,283464610.7745016,57649.29755244,466770709.41963464,1191320.3477474,9645797389.955605
2018-02-12 00:00:00+00:00,1.71364615,26672.73944846,237591965.78088513,30394.41057261,270743384.670024,1187598.67662325,10578737316.537127
2018-02-13 00:00:00+00:00,1.64241903,32378.79191052,275995751.54050505,26435.20353793,225332800.79565623,1193542.26499584,10173714798.662888
2018-02-14 00:00:00+00:00,1.81957973,33389.34224453,316106954.31379426,41528.03731216,393158430.5326374,1185403.56992821,11222572441.78246
2018-02-15 00:00:00+00:00,1.93482187,34561.88902274,349307787.21703964,33555.75691228,339139078.5298045,1186409.70203867,11990726186.270838
2018-02-16 00:00:00+00:00,1.9474862,36303.43908721,369907230.29335105,41345.24597296,421279796.30015624,1181367.89515292,12037331366.973991
2018-02-17 00:00:00+00:00,2.11360732,22419.09844889,248529122.2167903,19658.15317992,217922391.72091314,1184128.84042189,13126776795.79969
2018-02-18 00:00:00+00:00,1.99108492,41411.71179103,432839020.5734042,44975.25081017,470085458.165819,1180565.30140275,12339377115.359821
2018-02-19 00:00:00+00:00,2.11485368,27600.22503333,307448724.8899605,34241.37348918,381426839.99917877,1173924.1529469,13076758740.379944
2018-02-20 00:00:00+00:00,2.12780635,37347.76089667,420010391.2706578,31240.9074475,351333130.70569706,1180031.00639607,13270548831.004013
2018-02-21 00:00:00+00:00,1.97827013,39292.2928993,410952790.4648428,33052.01337546,345686548.80836886,1186271.28591991,12407051338.197403
2018-02-22 00:00:00+00:00,1.84607258,34034.26212084,336195850.72797304,26745.04434139,264191798.9344395,1193560.50369936,11790180363.299458
2018-02-23 00:00:00+00:00,1.89577059,40904.83702191,415554923.1745014,34024.23950172,345654481.5136362,1200441.10121955,12195359911.239925
2018-02-24 00:00:00+00:00,1.8093287,22498.08231592,217929964.20692542,19924.18312812,192997627.7529617,1203015.00040735,11653127244.256296
2018-02-25 00:00:00+00:00,1.7940982,20533.85972583,197191325.9381913,15967.94444101,153343802.8150773,1207580.91569217,11596674230.877895
2018-02-26 00:00:00+00:00,1.92409125,32622.9085799,336419363.89878064,27589.73708516,284515458.7486073,1212614.08718691,12504919935.847464
2018-02-27 00:00:00+00:00,1.98459986,32535.38900714,346635525.361974,33029.56002474,351900476.40549296,1212119.91616931,12914055641.100658
2018-02-28 00:00:00+00:00,1.91774992,37068.9667827,382070766.1077151,38836.80714605,400291940.86936235,1210352.07580596,12475129063.458712
2018-03-01 00:00:00+00:00,2.0275908,38464.39519057,420170854.3832857,24533.98820288,268000230.69544545,1224282.48279365,13373609912.577316
2018-03-02 00:00:00+00:00,2.0411051,28785.62639078,317046572.0850585,23384.33243173,257556404.62116632,1229683.7767527,13543809013.408365
2018-03-03 00:00:00+00:00,2.11464502,18937.46873144,216373468.44379774,19703.65093813,225127621.592376,1228917.59454601,14041219876.554724
2018-03-04 00:00:00+00:00,2.11715719,18889.55787806,216523128.74211,16946.75872371,194253631.79925248,1230860.39370036,14108839667.353739
2018-03-05 00:00:00+00:00,2.124487,30797.68232686,355425651.99056405,27491.21658304,317266847.36659586,1234166.85944418,14243102972.087114
2018-03-06 00:00:00+00:00,1.96727059,28503.48984075,304332765.2321222,26234.58645036,280107603.7975125,1236435.76283457,13201468200.478851
2018-03-07 00:00:00+00:00,1.82720774,32868.17568159,325496339.18335223,35644.63007911,352991803.2169241,1233659.30843705,12217033053.058716
2018-03-08 00:00:00+00:00,1.72480924,29164.0267119,272114235.3446045,47645.72059922,444557226.4892074,1215177.61454973,11338184903.532404
2018-03-09 00:00:00+00:00,1.72471755,43974.7623134,408003965.34441704,45173.72179422,419128078.28391504,1213978.65506891,11263462928.614105
2018-03-10 00:00:00+00:00,1.6363096,16378.34808984,143909345.12267017,21784.02956384,191406692.02224323,1208572.97359491,10619199458.27093
2018-03-11 00:00:00+00:00,1.76958222,24080.87638236,229094269.92097616,21378.54208107,203385516.88365123,1211275.3078962,11523510520.533226
2018-03-12 00:00:00+00:00,1.70331347,23949.01654817,219082973.31593904,26904.95393352,246123563.89783937,1208319.37051085,11053572904.520327
2018-03-13 00:00:00+00:00,1.70702426,30398.66061262,278468235.6411522,30063.74168591,275400196.434022,1208654.28943756,11071929509.290949
2018-03-14 00:00:00+00:00,1.53691592,44948.08826571,369568900.8723354,31008.72025767,254957643.47840616,1222593.6574456,10052320613.162828
2018-03-15 00:00:00+00:00,1.54749227,40045.01329838,331115761.367071,38084.24044593,314902936.28772134,1224554.43029805,10125337442.201866
2018-03-16 00:00:00+00:00,1.56958433,25480.658402,213449041.98599985,27604.30906929,231238660.81352592,1222430.77963076,10240185896.684061
2018-03-17 00:00:00+00:00,1.47896206,18412.88808305,145124158.8508671,19307.65377329,152176399.51941442,1221536.01394052,9627733885.611847
2018-03-18 00:00:00+00:00,1.5372127,34087.29717146,279141446.4484049,19230.8072219,157481401.86327583,1236392.50389008,10124838885.812424
2018-03-19 00:00:00+00:00,1.60262445,39624.89381415,338278337.5637827,25477.34775687,217500515.84114832,1250540.04994736,10675879943.98761
2018-03-20 00:00:00+00:00,1.66984764,28986.69278312,257852493.21933627,31328.96118121,278688252.26074284,1248197.78154927,11103402254.663187
2018-03-21 00:00:00+00:00,1.66685407,29939.77600962,265853063.0981667,27509.2358329,244270852.50458878,1250628.32172599,11105072062.708258
2018-03-22 00:00:00+00:00,1.6366036,24372.21959008,212298238.57449254,26215.82148531,228357236.95760372,1248784.71983076,10877745270.550522
2018-03-23 00:00:00+00:00,1.64830412,25129.3870702,220428608.6447104,26267.50668068,230411905.15363592,1247646.60022028,10944039478.503315
2018-03-24 00:00:00+00:00,1.61787156,21051.45084596,181273801.4873775,17260.50462022,148630007.07137427,1251437.54644602,10776114341.394295
2018-03-25 00:00:00+00:00,1.58785272,12987.13995075,109619395.32111461,15203.44386643,128326354.35951553,1249221.24253034,10544190464.39545
2018-03-26 00:00:00+00:00,1.54056226,32380.65165655,264588274.2035791,29295.74915224,239380967.1252926,1252306.14503465,10232824379.315111
2018-03-27 00:00:00+00:00,1.47972397,24562.39698983,192502022.08982444,23545.88352977,184535336.40258896,1253322.65849471,9822622205.443638
2018-03-28 00:00:00+00:00,1.49995286,24205.84801298,192040550.10416573,43879.05724504,348120763.49777347,1233649.44926265,9787333984.128992
2018-03-29 00:00:00+00:00,1.34902071,46081.52230448,327573764.4845434,31748.8041724,225688622.69605535,1247982.16739473,8871369610.619993
2018-03-30 00:00:00+00:00,1.30076662,49114.74065424,335559229.50417507,42457.02921298,290072752.4968395,1254639.87883599,8571886676.776568
2018-03-31 00:00:00+00:00,1.31875342,28658.47993476,198382059.65004185,32987.88208556,228351399.18529373,1250310.47668519,8655000828.079016
2018-04-01 00:00:00+00:00,1.29804435,39949.18343126,271835212.5661415,19717.91597793,134171049.83997576,1270541.74413852,8645432908.192924
2018-04-02 00:00:00+00:00,1.34269917,29457.21471681,207180238.4786138,27677.95593531,194666249.55569035,1272321.00292002,8948563920.264107
2018-04-03 00:00:00+00:00,1.41752889,61464.62027759,456116685.84021527,55632.70223967,412839185.45813465,1278152.92095794,9484917854.7172
2018-04-04 00:00:00+00:00,1.29795987,35476.61374167,240550726.30551526,32071.66232211,217463304.7445307,1281557.8723775,8689659031.376503
2018-04-05 00:00:00+00:00,1.30312944,48727.71927899,331271628.8015474,46848.46019155,318495631.3190471,1283437.13146494,8725348021.533525
2018-04-06 00:00:00+00:00,1.26963243,21548.64544466,142447155.86037928,39070.21330639,258273346.1667671,1265915.56360321,8368325148.686003
2018-04-07 00:00:00+00:00,1.32349168,21131.09126954,145518614.93659672,19351.43218938,133263047.01060297,1267695.22268337,8729944450.741106
2018-04-08 00:00:00+00:00,1.34758367,15162.19273483,106286912.00418252,14311.55148367,100323920.1473728,1268545.86393453,8892501564.338596
2018-04-09 00:00:00+00:00,1.29733763,25388.37305758,171038748.25924453,33074.50949338,222819425.65623534,1260859.72749873,8494276849.988554
2018-04-10 00:00:00+00:00,1.3143587,25841.00028673,176150827.69587326,29704.07779362,202484340.04993758,1256996.64999184,8568592463.531983
2018-04-11 00:00:00+00:00,1.33919481,31309.9309669,217440765.7657392,51784.70941862,359633717.58452284,1236521.87154012,8587379605.46802
2018-04-12 00:00:00+00:00,1.52215846,56469.96756521,446357274.2696346,39938.4739949,315686889.146276,1253053.36511043,9904547650.380873
2018-04-13 00:00:00+00:00,1.52369622,40225.66542842,318549646.911919,46899.02592264,371396420.3961887,1246380.00461621,9870163890.640318
2018-04-14 00:00:00+00:00,1.54037773,26187.93674249,209671566.63328704,18102.69297865,144937725.8864593,1254465.24838005,10043773073.886372
2018-04-15 00:00:00+00:00,1.60406337,18737.86444253,156316345.04091904,27350.46055513,228164956.6991152,1245852.65226745,10393240577.616642
2018-04-16 00:00:00+00:00,1.54777167,71430.33086391,574798596.2552797,48328.43794435,388898076.6804498,1268954.54518701,10211254553.403929
2018-04-17 00:00:00+00:00,1.51791712,68322.8543847,538912771.9235947,79176.90730093,624526697.1082072,1258100.49227078,9923567007.761251
2018-04-18 00:00:00+00:00,1.57002305,35281.80607677,287999556.62990457,31164.03395966,254386862.83950686,1262218.26438789,10303279251.716799
2018-04-19 00:00:00+00:00,1.58612722,39863.53594083,329789729.9345775,37810.4725181,312804803.34086835,1264271.35268546,10459275579.191877
2018-04-20 00:00:00+00:00,1.69131108,63471.13339319,561053155.4839163,61711.65755034,545500266.7791648,1266030.82852831,11191080942.032406
2018-04-21 00:00:00+00:00,1.69378446,41828.75289968,370750859.154446,42474.31827642,376472854.22900033,1265385.26315157,11215793944.418753
2018-04-22 00:00:00+00:00,1.68092587,29205.9468437,257040343.27094153,30653.45785455,269779828.45553535,1263937.75214072,11123864445.210863
2018-04-23 00:00:00+00:00,1.70339486,37306.68454095,333177965.0269252,35718.32080508,318992630.58213305,1265526.11587659,11302141189.023867
2018-04-24 00:00:00+00:00,1.83531084,90906.55188037,877449473.5447019,82299.81081448,794375368.7525754,1274132.85694248,12298202730.441477
2018-04-25 00:00:00+00:00,1.68455575,47312.12256309,418972924.166333,60480.17399117,535582721.26512986,1260964.8055144,11166485103.954193
2018-04-26 00:00:00+00:00,1.75708104,33932.03333849,314371039.9230631,37012.5261012,342910965.71024275,1257884.31275169,11653955292.272318
2018-04-27 00:00:00+00:00,1.70402847,38873.54844579,349136197.5797735,35108.45845721,315320678.937537,1261649.40274027,11331290627.244883
2018-04-28 00:00:00+00:00,1.77091583,60519.95783023,565366835.9746783,63989.08029233,597774769.8253273,1258180.28027817,11753699600.089418
2018-04-29 00:00:00+00:00,1.78054751,33533.0802236,315110275.3793419,26111.69559199,245371541.58664936,1265601.66490978,11892855845.3632
2018-04-30 00:00:00+00:00,1.74740041,34083.24834214,314544976.6234264,35088.7908213,323824853.1312705,1264596.12243062,11670611726.17797
2018-05-01 00:00:00+00:00,1.71724649,28363.38436185,257317409.46317196,31795.22133195,288451613.60398114,1261164.28546052,11441495228.568928
2018-05-02 00:00:00+00:00,1.7386519,27361.40088296,251837826.15132448,31455.51741193,289520597.2592952,1257070.16893155,11570234287.987665
2018-05-03 00:00:00+00:00,1.83904816,43356.54300941,422756650.2694952,35609.82329089,347220709.17595905,1264816.88865007,12332850221.336525
2018-05-04 00:00:00+00:00,1.82662477,43491.8361127,421724804.2848404,37747.22663897,366021377.56071115,1270561.4981238,12320181142.493704
2018-05-05 00:00:00+00:00,1.84393794,24018.82417635,235286618.7637597,21830.13135944,213846346.3914616,1272750.19094071,12467766396.834358
2018-05-06 00:00:00+00:00,1.80577797,28456.79226703,273045392.40389323,31410.5467209,301386922.8319767,1269796.43648684,12183807051.06087
2018-05-07 00:00:00+00:00,1.75762436,41624.72762117,388754595.12822247,38289.77262052,357607746.72484326,1273131.39148749,11890424440.664192
2018-05-08 00:00:00+00:00,1.73387152,33936.72785412,312637681.1849341,37257.46454664,343229535.0559944,1269810.65479497,11697965118.072708
2018-05-09 00:00:00+00:00,1.74723256,28685.80337948,266578383.45551243,30060.94862947,279357666.39590555,1268435.50954498,11787624811.440771
2018-05-10 00:00:00+00:00,1.69887071,38848.96505095,351098706.8933286,43957.12211912,397263832.2419805,1263327.35247681,11417359490.93794
2018-05-11 00:00:00+00:00,1.58493865,47266.96069224,397976398.1876426,40743.4819014,343050281.6189035,1269850.83126765,10691837441.252108
2018-05-12 00:00:00+00:00,1.5974431,24958.79575151,211794731.67735234,20547.88362211,174364722.6256483,1274261.74339705,10813098785.55201
2018-05-13 00:00:00+00:00,1.63680889,20378.99278723,177212319.89760375,22629.52114219,196782538.84521097,1272011.21504209,11061197219.453848
2018-05-14 00:00:00+00:00,1.62361239,34264.20469873,297107460.48156047,42565.60556024,369089523.1060606,1263709.81418058,10957721534.121384
2018-05-15 00:00:00+00:00,1.58958164,27588.65271825,234185269.4443245,30175.3912797,256142705.1038944,1261123.07561913,10704997097.2651
2018-05-16 00:00:00+00:00,1.56132079,29273.92331321,243786096.4092603,37972.49126141,316225649.5826971,1252424.50767093,10429885960.472094
2018-05-17 00:00:00+00:00,1.50426871,25152.49040449,202490532.4610323,31387.2809457,252683814.9618877,1246189.71712972,10032470555.043507
2018-05-18 00:00:00+00:00,1.5392871,32502.77166245,267598129.1334783,32859.79376638,270537522.9815833,1245832.69502579,10257048286.97341
2018-05-19 00:00:00+00:00,1.53821787,14068.30667103,115774889.68357809,14914.67347285,122740050.83650732,1244986.32822397,10245593743.311546
2018-05-20 00:00:00+00:00,1.59036292,16427.83179112,139824649.68151766,15990.98052898,136106412.51739764,1245423.17948611,10600355664.161253
2018-05-21 00:00:00+00:00,1.56883389,27409.77703603,230204387.3079473,24207.80874356,203312262.3563796,1248625.14777858,10486732042.505352
2018-05-22 00:00:00+00:00,1.49717102,24310.87842121,194670003.97758922,25524.26521406,204386230.91508985,1247411.76098573,9988682772.602888
2018-05-23 00:00:00+00:00,1.40810171,47138.04800153,354519021.6722216,35717.74797171,268628456.2919238,1258832.06101555,9467509361.15076
2018-05-24 00:00:00+00:00,1.41826534,41182.35471315,311982054.75496966,40837.63999467,309370625.49297726,1259176.77573403,9539050414.419401
2018-05-25 00:00:00+00:00,1.39150485,23788.84999871,176641148.1037843,32954.67138092,244700815.2316861,1250010.95435182,9281800933.251759
2018-05-26 00:00:00+00:00,1.37360478,14696.20163379,107668828.8582104,15717.2223291,115149136.03168194,1248989.93365651,9150478930.780024
2018-05-27 00:00:00+00:00,1.37644815,12984.47917343,95282614.75586051,18746.21052851,137563311.70951638,1243228.20230143,9123048546.753233
2018-05-28 00:00:00+00:00,1.33597351,28694.08458672,204038581.94128096,30349.85651274,215812484.49538654,1241572.43037541,8828602888.709414
2018-05-29 00:00:00+00:00,1.40088628,38105.8103804,284026753.37036127,42781.8231233,318880039.64943874,1236896.41763251,9219372852.815432
2018-05-30 00:00:00+00:00,1.38664652,28179.39430254,207813706.98516035,29620.9684294,218444839.08048967,1235454.84350565,9111070595.954512
2018-05-31 00:00:00+00:00,1.40689168,28655.02671947,214303548.02795902,33780.55587105,252636057.4845981,1230329.31435407,9201315353.502487
2018-06-01 00:00:00+00:00,1.41524122,28696.17307627,215790507.82234088,30295.30639239,227815727.68158814,1228730.18103795,9239849126.853703
2018-06-02 00:00:00+00:00,1.43730299,19539.54016095,149232226.86800703,13684.39732508,104513876.44472586,1234585.32387382,9429081525.083967
2018-06-03 00:00:00+00:00,1.44919617,18054.7095537,139060224.41848698,17070.72138948,131481392.17338301,1235569.31203804,9516549978.584074
2018-06-04 00:00:00+00:00,1.40952829,27054.63487754,202548668.76969784,21934.27189685,164214286.87724838,1240689.67501873,9288613325.178345
2018-06-05 00:00:00+00:00,1.43371987,25238.86504321,192096783.95638996,25649.09893784,195219135.6030829,1240279.4411241,9439952685.640497
2018-06-06 00:00:00+00:00,1.44133056,27871.39505268,213237794.9800161,27571.88136881,210946282.93355903,1240578.95480797,9491391454.279848
2018-06-07 00:00:00+00:00,1.44450247,23351.92998876,179014678.57093385,27332.89824768,209532573.82047746,1236597.98654905,9479695733.504423
2018-06-08 00:00:00+00:00,1.43712165,20696.7278335,157762925.81148863,23832.8250682,181668147.9004976,1233461.88931435,9402189471.720503
2018-06-09 00:00:00+00:00,1.42518183,18653.94024573,140952375.3379373,14254.20526618,107707222.40747584,1237861.6242939,9353494971.328749
2018-06-10 00:00:00+00:00,1.27551954,29645.30744448,199949766.45224544,25380.89171546,171187409.01440418,1242126.04002292,8377811971.48896
2018-06-11 00:00:00+00:00,1.29750932,35004.85539465,239764100.85204104,41800.4366389,286310113.06735265,1235330.45877867,8461337530.606548
2018-06-12 00:00:00+00:00,1.23858038,31562.9068081,206001613.76466507,33266.15265716,217118187.9027062,1233627.21292961,8051514335.881398
2018-06-13 00:00:00+00:00,1.20092906,36364.37529837,229332411.66636944,32767.92792255,206651368.93263227,1237223.66030543,7802567305.514953
2018-06-14 00:00:00+00:00,1.2632478,37118.77475599,246088943.92403728,38444.28740377,254876788.07553357,1235898.14765765,8193720615.890334
2018-06-15 00:00:00+00:00,1.22097074,28090.57846139,179770545.92951992,28404.73799118,181781064.5187663,1235583.98812786,7907334781.048423
2018-06-16 00:00:00+00:00,1.23955794,14619.43480614,94957838.70782045,16899.11898823,109765106.2758358,1233304.30394577,8010700326.291512
2018-06-17 00:00:00+00:00,1.23172728,20871.12733557,134633255.3095809,16709.34864268,107786894.57913254,1237466.08263866,7982515000.849981
2018-06-18 00:00:00+00:00,1.28056779,24394.86996317,163538636.38352567,23804.01900606,159577682.29860732,1238056.93359577,8299701658.221562
2018-06-19 00:00:00+00:00,1.28664559,21238.73104143,142989943.83214554,24810.34727132,167035881.56287566,1234485.31736588,8311183273.964118
2018-06-20 00:00:00+00:00,1.29123078,20721.26590953,139934994.38013554,22744.03909307,153595200.0503295,1232462.54418234,8323074465.955499
2018-06-21 00:00:00+00:00,1.28466547,27481.06453156,184683010.52977708,28771.97713018,193358425.0054486,1231171.63158372,8273932879.80579
2018-06-22 00:00:00+00:00,1.16113556,42262.48059347,256092707.1518467,39511.68394595,239424046.19311285,1233922.42823124,7477046558.169699
2018-06-23 00:00:00+00:00,1.18384639,16067.14451134,99202177.84275919,17645.79744701,108949137.49484912,1232343.77529557,7608768706.474567
2018-06-24 00:00:00+00:00,1.17963703,24688.12188332,151745225.0223336,22590.67137908,138853272.3560539,1234441.22579981,7587477187.254029
2018-06-25 00:00:00+00:00,1.19907224,35584.82570753,222175120.46571067,34726.31982082,216815008.53575525,1235299.73168652,7712637655.005754
2018-06-26 00:00:00+00:00,1.17183193,24049.86284936,146611060.7395953,23806.83024558,145129502.69256303,1235542.7642903,7532027787.283333
2018-06-27 00:00:00+00:00,1.19000509,33543.22063598,205928194.07058793,30618.86176593,187975000.265526,1238467.12316035,7603184585.520827
2018-06-28 00:00:00+00:00,1.13776355,30010.46924645,175820408.84781915,22324.94120121,130793699.26761751,1246152.65120559,7300754507.451705
2018-06-29 00:00:00+00:00,1.20834141,26955.39084645,167687160.61199304,24937.18189131,155132056.84306756,1248170.86016073,7764763222.735713
2018-06-30 00:00:00+00:00,1.23851505,21757.83250101,138717958.21703288,19819.78014739,126361825.52783225,1250108.91251435,7970120915.530358
2018-07-01 00:00:00+00:00,1.23860628,13821.16540588,87921996.70305417,13835.08634467,88010553.39841628,1250094.99157556,7952357453.232638
2018-07-02 00:00:00+00:00,1.28633397,29135.07880593,192535297.90406603,26884.56040188,177663045.99602735,1252345.50997961,8275958937.638681
2018-07-03 00:00:00+00:00,1.26579418,23588.37779611,153284540.81698313,41408.58790162,269085752.1972642,1234525.2998741,8022325458.487301
2018-07-04 00:00:00+00:00,1.28137705,19746.67396873,129919951.11511897,20577.68683704,135387461.81579894,1233694.28700579,8116885998.75649
2018-07-05 00:00:00+00:00,1.27324533,32257.50513093,210812421.7568826,29634.97310056,193673392.36780614,1236316.81903616,8079699332.663932
2018-07-06 00:00:00+00:00,1.28661278,19776.78587512,130496312.64437088,23142.28007938,152703388.48850203,1232951.3248319,8135578884.077827
2018-07-07 00:00:00+00:00,1.31378163,13120.92331298,88406892.92433053,12123.30984086,81685116.92535539,1233948.93830402,8314170356.80842
2018-07-08 00:00:00+00:00,1.30865599,14294.76585952,95845261.22275554,12545.22062741,84114700.4398425,1235698.48353613,8285259451.675985
2018-07-09 00:00:00+00:00,1.30098801,19716.58124797,131391772.47817022,21099.66018164,140608643.81537676,1234315.40460246,8225507595.264509
2018-07-10 00:00:00+00:00,1.2330456,26824.94519941,169240832.66822013,23153.58792739,146077931.23001492,1237986.76187448,7810562476.618918
2018-07-11 00:00:00+00:00,1.24746562,21190.41541167,135151971.76237285,25222.17958965,160866468.9890205,1233954.9976965,7870135991.429019
2018-07-12 00:00:00+00:00,1.20621817,20027.40816621,123358153.2106814,23746.89589632,146268213.93687612,1230235.50996639,7577594627.531566
2018-07-13 00:00:00+00:00,1.21722522,24732.59720804,153564339.2200326,30334.88244822,188348847.44591013,1224633.22472621,7603730023.179456
2018-07-14 00:00:00+00:00,1.22667095,8961.24537626,56053597.777444825,12568.07325135,78614711.82732585,1221026.39685112,7637657451.725782
2018-07-15 00:00:00+00:00,1.24480827,11515.99856487,73099001.70763326,12311.83922264,78150683.26817103,1220230.55619335,7745540693.5343685
2018-07-16 00:00:00+00:00,1.31568081,29462.62323985,197717991.16516945,20738.20301055,139170087.00282627,1228954.97642265,8247280196.084863
2018-07-17 00:00:00+00:00,1.43309368,33119.20118311,242452252.88454026,23619.1210707,172906015.54920086,1238455.05653506,9066227681.430449
2018-07-18 00:00:00+00:00,1.44339934,34217.03817117,252386185.40699562,30382.59230043,224103165.6545416,1242289.5024058,9163174998.224392
2018-07-19 00:00:00+00:00,1.46018625,25823.82140223,192827360.1177191,24879.74718927,185777925.5896221,1243233.57661876,9283267757.126135
2018-07-20 00:00:00+00:00,1.43265396,32801.99301566,240348622.53754783,24582.39052779,180121485.27724177,1251453.17910663,9169718669.988005
2018-07-21 00:00:00+00:00,1.44833778,15513.93882732,114967061.71068642,13347.76580881,98914494.41188368,1253619.35212514,9290028471.923462
2018-07-22 00:00:00+00:00,1.44583406,11004.14031606,81424957.41764095,12135.21959278,89794360.14222176,1252488.27284842,9267766618.164341
2018-07-23 00:00:00+00:00,1.50619599,31877.6430638,245972950.54826465,22558.08982128,174061799.39237902,1261807.82609094,9736309343.42616
2018-07-24 00:00:00+00:00,1.63581402,38258.20089819,321277699.95028037,30037.20942202,252240966.10585865,1270028.81756711,10665214981.341146
2018-07-25 00:00:00+00:00,1.59635249,29725.02339416,243826055.64850768,28271.98602145,231907196.3561259,1271481.85493982,10429610143.874043
2018-07-26 00:00:00+00:00,1.5404035,22496.8130628,178038221.30910227,22356.66276428,176929081.54807094,1271622.00523834,10063528525.49196
2018-07-27 00:00:00+00:00,1.58953743,22768.76522121,186106755.09665105,25293.03990064,206739607.38342035,1269097.73055891,10373318809.3496
2018-07-28 00:00:00+00:00,1.59195773,11224.43436597,91932158.89000157,8479.42342733,69449530.94298193,1271842.74149755,10416849988.35517
2018-07-29 00:00:00+00:00,1.59809411,9225.50248005,75922249.07467622,8475.07198953,69746501.92836119,1272593.17198807,10472940198.471104
2018-07-30 00:00:00+00:00,1.5863148,24812.1916276,202761248.10254297,20415.31293265,166830661.02163965,1276990.05068302,10435357761.907774
2018-07-31 00:00:00+00:00,1.50002457,29118.48171843,224944145.0795718,22520.41328405,173973188.6437243,1283588.1191174,9915888983.538908
2018-08-01 00:00:00+00:00,1.47548838,25973.5066642,197312886.4401112,28390.17722552,215671602.88890457,1281171.44855608,9732672596.253176
2018-08-02 00:00:00+00:00,1.46550321,22112.29369334,166786279.6029798,16382.04684853,123564777.3152986,1286901.69540089,9706706548.282156
2018-08-03 00:00:00+00:00,1.44098379,29328.38328813,217362744.84856355,25073.71736817,185829951.0463754,1291156.36132085,9569204274.514854
2018-08-04 00:00:00+00:00,1.36290424,15246.21746923,106757195.88604034,15250.13929805,106784657.34973869,1291152.43949203,9040918783.939594
2018-08-05 00:00:00+00:00,1.36894032,13820.57188891,97180564.00618947,10267.49062032,72196761.2795835,1294705.52076062,9103835480.961958
2018-08-06 00:00:00+00:00,1.35040999,17362.68841187,120323272.59333247,22324.38564951,154707789.27002397,1289743.82352298,8937912952.882883
2018-08-07 00:00:00+00:00,1.31126727,24614.71717442,165474366.80592832,20670.16271511,138956790.07081383,1293688.37798229,8696921588.572025
2018-08-08 00:00:00+00:00,1.22457474,37209.15673954,233204247.5029564,31502.55737527,197438771.28265634,1299394.97734656,8143813363.532079
2018-08-09 00:00:00+00:00,1.28263103,28690.8492341,188157369.64856982,30268.11973225,198501262.42548582,1297817.70684841,8511214290.3634615
2018-08-10 00:00:00+00:00,1.20148237,25110.34822397,154070865.78436896,29724.68459697,182383288.76103505,1293203.37047541,7934774983.89345
2018-08-11 00:00:00+00:00,1.23709272,20261.07374787,127923340.43206401,19884.45101723,125545438.92567523,1293579.99320605,8167339791.870657
2018-08-12 00:00:00+00:00,1.237715,14021.54969003,88541762.82841277,13942.56491005,88042998.29734127,1293658.97798603,8169057553.683344
2018-08-13 00:00:00+00:00,1.22859486,29474.72137831,184684125.29083648,27095.4550353,169776003.92972717,1296038.24432904,8120778697.963193
2018-08-14 00:00:00+00:00,1.21462636,39230.7270061,242635341.43744102,39135.73275357,242047818.22142652,1296133.23858157,8016362552.821303
2018-08-15 00:00:00+00:00,1.23272558,30819.2233721,193243150.4708189,39864.46677459,249958769.51055506,1287087.99517908,8070318194.544041
2018-08-16 00:00:00+00:00,1.23701888,19658.94755491,123669533.28155856,19669.708453,123737227.40611754,1287077.23428099,8096681697.54563
2018-08-17 00:00:00+00:00,1.28997856,26884.60149966,176445744.40330905,16261.01548892,106722317.7078713,1297700.82029173,8516912078.910852
2018-08-18 00:00:00+00:00,1.25820087,11519.85942065,73718891.77963595,11419.69762873,73077927.68195182,1297800.98208365,8305001533.11173
2018-08-19 00:00:00+00:00,1.27574994,8166.20157791,53004496.27904221,9884.5250037,64157645.85042312,1296082.65865786,8412504614.629388
2018-08-20 00:00:00+00:00,1.23354388,19454.32106126,122036036.38844603,18411.36560831,115493626.13383235,1297125.61411081,8136807660.650371
2018-08-21 00:00:00+00:00,1.27272294,24774.78295374,160369053.9204438,18632.75423358,120611234.97835861,1303267.64283097,8436150551.800427
2018-08-22 00:00:00+00:00,1.25162869,32828.28795753,208952375.6068146,30586.35754779,194682466.506883,1305509.57324071,8309581269.02606
2018-08-23 00:00:00+00:00,1.28108729,24220.59803185,157831323.61590758,28996.96969839,188956115.052527,1300733.20157417,8476109574.406225
2018-08-24 00:00:00+00:00,1.31632801,27780.24160528,186064609.79839116,24217.60270492,162203009.66306102,1304295.84047453,8735823830.035837
2018-08-25 00:00:00+00:00,1.32478942,13873.75596002,93584573.68591048,13333.16932427,89938079.5431022,1304836.42711028,8801694444.738245
2018-08-26 00:00:00+00:00,1.31333891,13279.0605619,88835180.02594398,12168.1679475,81403453.59245934,1305947.31972468,8736616924.920582
2018-08-27 00:00:00+00:00,1.34163355,26810.18641032,183359126.40276918,23304.78327547,159385117.17140433,1309452.72285953,8955555312.246151
2018-08-28 00:00:00+00:00,1.38993223,30750.38335112,218111663.70465517,21684.57362121,153808112.73937914,1318518.53258944,9352217417.414045
2018-08-29 00:00:00+00:00,1.37670606,28594.12709822,201114736.11512023,24100.1944425,169506984.03827816,1323012.46524516,9305313007.48672
2018-08-30 00:00:00+00:00,1.36359134,27099.70094062,188802633.91887656,20963.26724623,146050322.85433725,1329148.89893955,9260132188.91339
2018-08-31 00:00:00+00:00,1.37493819,28341.56772317,199103503.18813032,24310.6592265,170785803.52673593,1333179.80743622,9365775832.619991
2018-09-01 00:00:00+00:00,1.40711254,18914.16520114,136037344.26524284,15007.3745491,107938328.56711598,1337086.59808826,9616798199.77526
2018-09-02 00:00:00+00:00,1.42507788,16333.16081546,119014316.84018071,13538.78526654,98652630.53174572,1339880.97363718,9763267534.453285
2018-09-03 00:00:00+00:00,1.41924297,23424.86870176,170005286.8677758,17612.80773691,127824427.53394791,1345693.03460203,9766327115.690392
2018-09-04 00:00:00+00:00,1.43842941,31040.50848053,228421250.11926916,23003.51867951,169278557.31524137,1353730.02440305,9961844042.98952
2018-09-05 00:00:00+00:00,1.32907873,36598.86067339,248539105.1717097,28051.93139465,190497785.96615297,1362276.95368179,9251082925.384232
2018-09-06 00:00:00+00:00,1.27139307,45759.85124017,296893389.70651054,30945.59349554,200777360.510853,1377091.21142642,8934672351.743334
2018-09-07 00:00:00+00:00,1.25683206,23473.60865112,150434227.11380976,28582.94811804,183178213.99677765,1371981.8719595,8792556593.659391
2018-09-08 00:00:00+00:00,1.21428401,14631.27866069,90535287.13367546,13450.06406288,83226178.66412397,1373163.08655731,8496845505.160195
2018-09-09 00:00:00+00:00,1.22689803,15996.89152879,99968515.36327738,16642.67172692,104004154.88373503,1372517.30635918,8577198712.64953
2018-09-10 00:00:00+00:00,1.23657997,21847.9828173,137541542.01721057,21734.44288788,136826764.0396031,1372630.8462886,8641244585.263462
2018-09-11 00:00:00+00:00,1.23448848,21091.63095322,132422215.46782641,22616.98518424,141999037.05610922,1371105.49205758,8608382504.9409
2018-09-12 00:00:00+00:00,1.24485106,27251.34833,172433897.5053366,25797.69898768,163235878.43241,1372559.1413999,8684917877.902416
2018-09-13 00:00:00+00:00,1.27856168,30257.25556232,196397192.79239398,56076.54440754,363987932.7606282,1346739.85255468,8741570296.043774
2018-09-14 00:00:00+00:00,1.27941999,19805.26331088,128629154.08477816,17140.32218434,111321172.99854514,1349404.79368122,8763973212.807926
2018-09-15 00:00:00+00:00,1.28532707,12526.26225369,81723410.1369483,11791.72746405,76931183.4808344,1350139.32847086,8808532653.078102
2018-09-16 00:00:00+00:00,1.28016559,8074.8948956,52465860.05753205,8976.35904733,58323037.47507585,1349237.86431913,8766544442.858778
2018-09-17 00:00:00+00:00,1.23381568,18129.89075354,113467641.35309076,16546.64833468,103558768.46464664,1350821.10673799,8454242055.573522
2018-09-18 00:00:00+00:00,1.25024052,20931.79612464,132714867.30338421,19410.99314957,123072447.52109817,1352341.90971306,8574318038.818597
2018-09-19 00:00:00+00:00,1.25910583,21237.03603796,135576216.0510438,19358.27913669,123582322.40700221,1354220.66661433,8645279564.88458
2018-09-20 00:00:00+00:00,1.28206545,23625.26816422,153531335.6923728,20877.71370012,135676058.7139859,1356968.22107843,8818403330.963957
2018-09-21 00:00:00+00:00,1.3314931,37634.80931146,253701627.54101053,27751.94585705,187079832.7446196,1366851.08453284,9214138482.33802
2018-09-22 00:00:00+00:00,1.32462421,14173.0634088,95037137.25899266,15834.34886013,106176847.06699276,1365189.79908151,9154247503.00127
2018-09-23 00:00:00+00:00,1.32411544,10805.19128513,72428675.86928585,10279.07539027,68902049.02734043,1365715.91497637,9154580675.631098
2018-09-24 00:00:00+00:00,1.29944603,17425.24596401,114597914.2743936,14233.0344467,93604191.57102475,1368908.12649368,9002685899.151733
2018-09-25 00:00:00+00:00,1.26947306,21376.95209619,137164016.47815764,27758.30967916,178109640.19125545,1362526.76891071,8742576740.680853
2018-09-26 00:00:00+00:00,1.27892467,22616.56215182,146176504.45500737,25410.9765573,164237504.4889543,1359732.35450523,8788290688.996546
2018-09-27 00:00:00+00:00,1.3210537,23174.91363559,154759767.0904425,23344.0932132,155889531.474426,1359563.17492762,9079027590.136017
2018-09-28 00:00:00+00:00,1.31014502,26569.78147153,175975014.7255361,28340.09031942,187699993.5670068,1357792.86607973,8992833450.987707
2018-09-29 00:00:00+00:00,1.30289231,12633.44111205,83184882.23322612,15330.84729639,100945950.9546751,1355095.45989539,8922624900.563297
2018-09-30 00:00:00+00:00,1.3069717,11804.48597321,77962550.87738581,10457.53094019,69066606.52794993,1356442.41492841,8958603621.208176
2018-10-01 00:00:00+00:00,1.29942083,20282.49596823,133089962.59712662,21115.84746975,138558260.00693673,1355609.06342689,8895254303.534084
2018-10-02 00:00:00+00:00,1.28953035,18764.94728013,122135805.27451485,20572.92183574,133903407.12112825,1353801.08887128,8811513493.879816
2018-10-03 00:00:00+00:00,1.2814305,20740.54513332,134076358.9283022,22004.64367949,142248069.42614985,1352536.99032511,8743417003.40867
2018-10-04 00:00:00+00:00,1.29764795,22503.09227939,147289167.3760806,24833.44092321,162541964.9553087,1350206.64168129,8837488180.281422
2018-10-05 00:00:00+00:00,1.30556584,16402.56855203,108013367.40767872,16558.60732351,109040906.0581193,1350050.60290981,8890285160.430449
2018-10-06 00:00:00+00:00,1.298913,10511.29856561,68854033.32594901,12276.39401986,80416252.82450226,1348285.50745556,8831914980.226017
2018-10-07 00:00:00+00:00,1.30175802,9412.80622623,61791008.991009995,12058.80631156,79160857.1673411,1345639.50737023,8833542399.594748
2018-10-08 00:00:00+00:00,1.30960738,19609.85537666,129516923.03362781,18029.13811811,119076783.03355314,1347220.22462878,8897965578.587132
2018-10-09 00:00:00+00:00,1.30696334,19152.75927213,126224892.90020949,18995.18471548,125186409.03194061,1347377.79918543,8879797212.602198
2018-10-10 00:00:00+00:00,1.29493068,26461.32529906,172768703.469943,22007.57038806,143689681.4311755,1351831.55409643,8826246692.91583
2018-10-11 00:00:00+00:00,1.22741162,43260.16163292,266450221.59699214,42634.82096141,262598591.0388054,1352456.89476794,8330122350.654138
2018-10-12 00:00:00+00:00,1.23438108,33911.80717881,209970964.10866523,32246.59770007,199660524.50719202,1354122.10424668,8384286990.378764
2018-10-13 00:00:00+00:00,1.23595286,11658.98186747,72258705.1543305,14423.75688705,89393911.74688023,1351357.3292271,8375287990.044198
2018-10-14 00:00:00+00:00,1.23348719,12199.37176231,75427243.68192941,12616.38280777,78005572.66122527,1350940.31818164,8352700988.590504
2018-10-15 00:00:00+00:00,1.28526524,55883.23072645,360039751.99018633,48000.76201886,309255249.346751,1358822.78688923,8754508514.101627
2018-10-16 00:00:00+00:00,1.28989252,25244.95865333,163131336.40602604,28016.70279704,181042172.88423693,1356051.04274552,8762716622.975414
2018-10-17 00:00:00+00:00,1.28666145,23214.44956021,149564446.8692369,26636.18059134,171609738.43124077,1352629.31171439,8714626392.539341
2018-10-18 00:00:00+00:00,1.27802221,28469.06296491,182101786.52439904,27492.65508706,175856213.2453579,1353605.71959224,8658311658.912407
2018-10-19 00:00:00+00:00,1.2749913,24050.87613705,153518614.5066434,24057.60966987,153561595.1707727,1353598.98605942,8640127692.368046
2018-10-20 00:00:00+00:00,1.28642152,17083.85504382,109477661.00275646,15705.64383076,100645735.21161826,1354977.19727248,8683036345.65916
2018-10-21 00:00:00+00:00,1.28793139,9701.85055928,62240674.84624806,9702.64520985,62245772.80023545,1354976.40262191,8692634996.244253
2018-10-22 00:00:00+00:00,1.28689576,22276.68550096,142749749.9796835,24597.67744044,157622744.39581206,1352655.41068243,8667861369.020172
2018-10-23 00:00:00+00:00,1.28492912,26539.62600547,169747120.6141026,24361.3611541,155814965.48958218,1354833.6755338,8665499479.362806
2018-10-24 00:00:00+00:00,1.2887609,22739.37053792,145845857.55346867,21554.40668011,138245732.04762104,1356018.63939161,8697237286.791115
2018-10-25 00:00:00+00:00,1.28694965,23687.16979808,151652956.0410765,24340.13227099,155833433.9134781,1355365.6769187,8677491366.570787
2018-10-26 00:00:00+00:00,1.28863398,21409.37115732,137107936.92814186,20925.60377617,134009838.10519122,1355849.44429985,8683007021.883518
2018-10-27 00:00:00+00:00,1.28980748,11084.45161495,71044743.2342321,11984.76135704,76815193.29166152,1354949.13455776,8684418201.642832
2018-10-28 00:00:00+00:00,1.28937475,8982.08472741,57544922.696502544,7766.16099098,49754945.25349495,1356165.05829419,8688452159.116976
2018-10-29 00:00:00+00:00,1.26107732,31467.57265255,197082720.81130654,26381.35981376,165227557.53061092,1361251.27113298,8525573522.462243
2018-10-30 00:00:00+00:00,1.26329155,22087.31180158,138535324.28520405,19122.49347717,119939486.47077733,1364216.08945739,8556592130.625558
2018-10-31 00:00:00+00:00,1.27073654,25348.07646413,159853003.7823071,23894.36011428,150685407.7519016,1365669.80580724,8612346618.963858
2018-11-01 00:00:00+00:00,1.27883905,23264.70214839,147567482.28503647,24543.69802586,155680124.35916898,1364390.80992977,8654300209.388725
2018-11-02 00:00:00+00:00,1.27995054,48289.83041038,306551984.27509403,28870.4697984,183274609.34199727,1383810.17054175,8784660249.054115
2018-11-03 00:00:00+00:00,1.276901,10050.37800399,63643356.72164863,17708.53015876,112138100.8219397,1376152.01838698,8714392013.379887
2018-11-04 00:00:00+00:00,1.29459494,12132.67411106,77896887.7850256,10284.37535007,66030029.75685253,1378000.31714797,8847343552.626497
2018-11-05 00:00:00+00:00,1.29123581,27122.11340386,173661450.2857852,28583.55141726,183018960.1940544,1376538.87913457,8813905264.891966
2018-11-06 00:00:00+00:00,1.2989943,32498.98379358,209330674.08040655,24972.87392732,160853907.49859655,1384064.98900083,8914963586.51892
2018-11-07 00:00:00+00:00,1.31084446,28777.46358271,187078544.07176545,25161.55497184,163571992.96541473,1387680.8976117,9021132846.376802
2018-11-08 00:00:00+00:00,1.29195817,27794.81285267,178074498.89009094,23440.61959261,150178258.4309179,1392035.09087176,8918424907.494877
2018-11-09 00:00:00+00:00,1.2768824,27706.00176969,175417191.32571924,25619.36232938,162205886.67875695,1394121.73031207,8826712722.043959
2018-11-10 00:00:00+00:00,1.28133653,10279.00199983,65303658.498688385,9531.0322303,60551722.23118521,1394869.7000816,8861764453.961891
2018-11-11 00:00:00+00:00,1.27781403,11570.93997406,73306697.4649935,9998.04334307,63341745.80763617,1396442.59671259,8847042262.24767
2018-11-12 00:00:00+00:00,1.27501457,25306.76767099,159955374.2809868,19678.73357298,124382506.48857747,1402070.6308106,8862006220.44575
2018-11-13 00:00:00+00:00,1.26499475,28684.20582439,179790823.4350467,21179.59681209,132752399.49750048,1409575.2398229,8835130197.187605
2018-11-14 00:00:00+00:00,1.12750028,52751.31812227,294049475.45953304,36577.03864456,203889863.0431627,1425749.51930061,7947496161.428334
2018-11-15 00:00:00+00:00,1.12835655,61653.07371657,341469285.4383373,64040.74332747,354693538.28978485,1423361.84968971,7883375871.381865
2018-11-16 00:00:00+00:00,1.12138354,37301.56216279,205009991.09399563,36581.86647176,201054531.89460507,1424081.54538074,7826775287.895674
2018-11-17 00:00:00+00:00,1.12295891,15551.8981302,85552427.68341139,17924.46776366,98604152.32120864,1421708.97574728,7820952356.824102
2018-11-18 00:00:00+00:00,1.13432294,14569.66514683,80939973.01509015,16907.40400566,93926992.15678927,1419371.23688845,7885141384.813649
2018-11-19 00:00:00+00:00,0.98256686,66781.3912765,320029784.85598356,35548.42797173,170355177.36756894,1450604.20019322,6951585482.502287
2018-11-20 00:00:00+00:00,0.89259762,96840.03955297,418109840.86131895,77635.61809775,335194162.2273414,1469808.62164844,6345943803.1092415
2018-11-21 00:00:00+00:00,0.94205218,43650.05772061,198578168.32333523,47583.4774268,216472561.16702026,1465875.20194225,6668738320.014832
2018-11-22 00:00:00+00:00,0.89310508,32393.4871123,139409114.8069409,36745.36255184,158137913.61372247,1461523.32650271,6289834512.446594
2018-11-23 00:00:00+00:00,0.89181194,38615.53759739,165656518.76546422,31552.44974432,135356628.66233394,1468586.41435578,6300078363.401505
2018-11-24 00:00:00+00:00,0.79317203,33793.75402768,128629737.91138887,23736.90574375,90350186.07713753,1478643.26263971,5628184876.471513
2018-11-25 00:00:00+00:00,0.82453777,58075.57534249,229215635.3184498,32088.35364621,126647946.64475496,1504630.48433599,5938552142.663866
2018-11-26 00:00:00+00:00,0.77562836,56305.85692716,208347773.69422117,43494.01167515,160940282.1676412,1517442.329588,5614970596.895929
2018-11-27 00:00:00+00:00,0.7940544,51919.0959595,196075368.44464916,80665.56715417,304638023.99194914,1488695.85839333,5622143135.238568
2018-11-28 00:00:00+00:00,0.88549955,64030.16870966,269469381.4935204,66746.35876146,280900400.1528071,1485979.66834153,6253708684.661451
2018-11-29 00:00:00+00:00,0.89130855,40457.74733125,171501988.54527488,46260.0641034,196098238.46610755,1480177.35156938,6274530243.006092
2018-11-30 00:00:00+00:00,0.8373706,40775.1124205,162013142.6670836,48727.26203239,193609689.50905865,1472225.20195749,5849642527.604586
2018-12-01 00:00:00+00:00,0.8734641,19027.22598935,78926336.19745831,17120.19823371,71015844.47029988,1474132.22971313,6114809170.131792
2018-12-02 00:00:00+00:00,0.86368527,18832.53079598,77189774.65570797,23057.79437548,94508060.07872687,1469906.96613363,6024776420.646016
2018-12-03 00:00:00+00:00,0.80763958,39105.40152346,150320250.9701467,37313.08716371,143430636.3931582,1471699.28049338,5657177693.563171
2018-12-04 00:00:00+00:00,0.81335924,35983.84131649,140083354.31805873,37239.4197668,144971260.51411825,1470443.70204307,5724366231.67473
2018-12-05 00:00:00+00:00,0.78473772,37661.21210291,139705051.84347597,33291.20569014,123494421.90453191,1474813.70845584,5470852213.579498
2018-12-06 00:00:00+00:00,0.74841821,47760.99196739,167735122.31942898,42845.66536232,150472647.7480405,1479729.03506091,5196762472.291589
2018-12-07 00:00:00+00:00,0.72100902,61851.9642949,208626409.14415133,47465.52517155,160101011.94956422,1494115.47418426,5039645058.636808
2018-12-08 00:00:00+00:00,0.72908961,29993.81894884,102217471.11800615,26412.68895253,90013154.86898112,1497696.60418057,5104076931.400029
2018-12-09 00:00:00+00:00,0.75773343,23853.97965989,84453573.63247168,24866.20483171,88037295.69058532,1496684.37900875,5298920608.192072
2018-12-10 00:00:00+00:00,0.73200608,42874.62894132,146356515.40275782,45829.45076763,156443073.27656764,1493729.55718244,5098984139.140534
2018-12-11 00:00:00+00:00,0.7222971,44549.87879667,149356328.7758663,36947.2991835,123868192.53576967,1501332.13679561,5033312374.393708
2018-12-12 00:00:00+00:00,0.73845418,44273.81707127,151549847.75900277,40674.32906606,139228753.81939942,1504931.62480082,5151400392.225785
2018-12-13 00:00:00+00:00,0.7044642,37290.326143,121579200.94557716,30282.59813169,98731613.9120982,1511939.35281213,4929438742.052352
2018-12-14 00:00:00+00:00,0.69277432,37483.0636542,119906351.78312401,41615.41457846,133125525.3327257,1507807.00188787,4823395399.515755
2018-12-15 00:00:00+00:00,0.69048064,20884.47158799,66518588.374096006,19608.20046166,62453570.336727515,1509083.2730142,4806541962.861616
2018-12-16 00:00:00+00:00,0.69338644,17436.80997862,55717836.40247705,14206.78907082,45396580.579992935,1512313.293922,4832467911.467484
2018-12-17 00:00:00+00:00,0.75972613,48268.6198404,168899453.98603088,41359.84446199,144724567.83880118,1519222.06930041,5315995751.210624
2018-12-18 00:00:00+00:00,0.79650093,41159.42992965,150624060.74436006,37042.91240268,135559552.1470024,1523338.58682738,5574699266.454734
2018-12-19 00:00:00+00:00,0.80573894,56346.46848551,208353762.27223507,55980.67105129,207001143.8438261,1523704.3842616,5634240256.481093
2018-12-20 00:00:00+00:00,0.88611656,55464.41565464,225614694.99798697,47768.70593677,194310566.3905303,1531400.09397947,6229333907.967758
2018-12-21 00:00:00+00:00,0.8376707,43706.7341646,167793872.26881838,40940.48336582,157174000.02107784,1534166.34477825,5889795168.071385
2018-12-22 00:00:00+00:00,0.86519497,22360.59429413,88658551.50481044,22063.02470205,87478704.106362,1534463.91437033,6084066737.894726
2018-12-23 00:00:00+00:00,0.86090691,22713.36457796,89551232.88756758,21678.31032791,85470358.65692028,1535498.96862038,6053961105.83162
2018-12-24 00:00:00+00:00,0.88260111,41178.52239121,166363116.00842264,36785.82571997,148616420.3168039,1539891.66529162,6221232838.796506
2018-12-25 00:00:00+00:00,0.82260882,26416.36958328,99367393.4481768,24760.48564245,93138646.89258967,1541547.54923245,5798660613.09981
2018-12-26 00:00:00+00:00,0.83308567,29234.89526313,111316466.85199949,26178.40362944,99678393.70130952,1544604.04086614,5881323088.96569
2018-12-27 00:00:00+00:00,0.78552581,32632.09502347,117001088.91182269,31629.77622394,113407314.41167322,1545606.35966567,5541710606.685158
2018-12-28 00:00:00+00:00,0.85252346,41954.11822123,162826235.4626098,42580.31960333,165256557.39551675,1544980.15828357,5996152790.32232
2018-12-29 00:00:00+00:00,0.84031284,27711.67487851,105945566.30914888,29517.50781855,112849515.43279491,1543174.32534353,5899768907.113048
2018-12-30 00:00:00+00:00,0.8415034,13963.87155546,53417498.45905498,16272.40862651,62248593.399001405,1540865.78827248,5894439485.765113
2018-12-31 00:00:00+00:00,0.81213582,21353.92508402,78736191.29055984,27332.64764688,100780936.76617296,1534887.06570962,5659435496.734815
2019-01-01 00:00:00+00:00,0.8391035,12398.80491162,47216110.0754292,14216.39001801,54137688.32966419,1533069.48060323,5838109226.28554
2019-01-02 00:00:00+00:00,0.85907301,25609.4999637,99830888.42791033,29015.52782978,113108257.69958508,1529663.45273715,5962930228.973969
2019-01-03 00:00:00+00:00,0.83487141,26211.56446061,99194746.64287245,33576.6973722,127067271.92667039,1522298.31982556,5760968460.195933
2019-01-04 00:00:00+00:00,0.8447265,26932.22928936,103083769.98675591,29477.33506323,112825224.93156542,1519753.21405169,5816892804.184954
2019-01-05 00:00:00+00:00,0.83856669,21120.88574925,80230091.349,15219.25715238,57812082.603719786,1525654.84264856,5795373775.7936945
2019-01-06 00:00:00+00:00,0.89346662,17103.23858586,69199596.85047948,13324.91056905,53912505.21461333,1529433.17066537,6188077087.768254
2019-01-07 00:00:00+00:00,0.8841578,32134.36054607,128570163.90309115,26321.57551147,105313104.73240982,1535245.95569997,6142547130.288023
2019-01-08 00:00:00+00:00,0.88278743,28941.99694566,115554476.57322335,27149.71937852,108398588.31390096,1537038.23326711,6136813878.174589
2019-01-09 00:00:00+00:00,0.88542141,27181.77570204,108842870.95995069,29647.87860865,118717785.80659063,1534572.1303605,6144824318.855265
2019-01-10 00:00:00+00:00,0.80976747,38899.4412775,141123417.2148513,38124.15002499,138310735.4050928,1535347.42161301,5570092207.863306
2019-01-11 00:00:00+00:00,0.80976244,33633.36121846,121892730.18982226,39206.86617681,142092011.84017703,1529773.91665466,5544147611.742984
2019-01-12 00:00:00+00:00,0.80855945,14546.60478998,52615390.68990614,15325.67224816,55433294.88664133,1528994.84919648,5530408127.176289
2019-01-13 00:00:00+00:00,0.784834,13621.9292723,47794856.05269696,13061.42596144,45828234.840378,1529555.35250734,5366705144.063418
2019-01-14 00:00:00+00:00,0.82050798,33415.29552612,122532057.32711965,31879.59759988,116900737.19744764,1531091.05043358,5614426968.575466
2019-01-15 00:00:00+00:00,0.80090242,37511.70758195,134340416.36226654,36924.52618852,132237547.73915115,1531678.23182701,5485388553.617111
2019-01-16 00:00:00+00:00,0.80691139,31555.33807368,113819680.82302012,28088.64490848,101315365.11411878,1535144.92499221,5537247136.180513
2019-01-17 00:00:00+00:00,0.81482992,28520.88420118,103819701.41190791,30119.6563975,109639438.65696624,1533546.15279589,5582306023.950768
2019-01-18 00:00:00+00:00,0.80838072,23731.30040113,85656390.15071563,25288.46667919,91276867.74732867,1531988.98651783,5529602007.377658
2019-01-19 00:00:00+00:00,0.82616434,16617.53691536,61273876.45722091,15608.47011622,57553142.46983694,1532998.05331697,5652626728.410023
2019-01-20 00:00:00+00:00,0.79319975,15023.55315186,53158044.28498086,14395.5453881,50935955.79633776,1533626.06108073,5426450137.824886
2019-01-21 00:00:00+00:00,0.79297133,25567.35399149,90396534.8705745,29836.71605912,105491391.2702661,1529356.6990131,5407229321.340797
2019-01-22 00:00:00+00:00,0.80398567,28043.84904671,100321495.35519858,30148.88322514,107851851.698301,1527251.66483467,5463450132.852052
2019-01-23 00:00:00+00:00,0.79874618,25903.78854845,92007506.4898027,26012.13181957,92392330.2850578,1527143.32156355,5424250927.883087
2019-01-24 00:00:00+00:00,0.80256605,23760.67503828,84768321.32296652,28026.68163483,99987679.24775815,1522877.314967,5433000256.205007
2019-01-25 00:00:00+00:00,0.80172488,23862.38745764,84982325.45464729,24202.44938079,86193405.15399286,1522537.25304385,5422288804.281855
2019-01-26 00:00:00+00:00,0.8011809,13768.94277421,48976679.03871642,14758.3814066,52496151.74782222,1521547.81441146,5412206308.829413
2019-01-27 00:00:00+00:00,0.79718191,13985.33439411,49474716.574124396,12823.73206474,45365415.75957775,1522709.41674083,5386758349.49866
2019-01-28 00:00:00+00:00,0.77522856,40712.24986205,139848716.24032575,40422.57043983,138853652.2127671,1522999.09616305,5231581874.135566
2019-01-29 00:00:00+00:00,0.76708054,29161.93200301,99028781.6794528,32011.40926034,108705104.26286645,1520149.61890572,5162160199.645888
2019-01-30 00:00:00+00:00,0.77747695,26701.07949527,91795530.81880201,26687.52349075,91748926.68690105,1520163.17491024,5226162694.912788
2019-01-31 00:00:00+00:00,0.77173662,34141.79144894,116428002.44738775,30826.67130394,105123006.43003824,1523478.29505524,5195261500.279025
2019-02-01 00:00:00+00:00,0.78014383,29446.58949892,101444969.95216389,31482.46464133,108458661.39020681,1521442.41991283,5241445043.327185
2019-02-02 00:00:00+00:00,0.78422167,14029.24833372,48568347.47828514,18467.16842398,63932138.88730477,1517004.49982257,5251771151.303596
2019-02-03 00:00:00+00:00,0.77343528,13998.15907727,47776019.51921606,11610.77513991,39627826.53458405,1519391.88375993,5185717342.912914
2019-02-04 00:00:00+00:00,0.77384742,20120.6555394,68639362.08898959,21801.64598925,74373872.67337129,1517710.89331008,5177500670.806719
2019-02-05 00:00:00+00:00,0.77765737,22150.0742439,75896454.39656566,21817.88042375,74758203.89481944,1518043.08713023,5201521523.844578
2019-02-06 00:00:00+00:00,0.76510945,28017.62024729,94349514.51465623,28647.63295659,96471086.32324935,1517413.07442093,5109898186.433393
2019-02-07 00:00:00+00:00,0.76378864,32225.54009333,108241515.8350926,23799.42103549,79939246.98913647,1525839.19347877,5125100983.394275
2019-02-08 00:00:00+00:00,0.8216013,38743.1775314,139958939.21633482,32733.37665454,118248656.03305638,1531848.99435563,5533773271.845418
2019-02-09 00:00:00+00:00,0.82367897,18367.13630102,66512325.16061278,15857.65780256,57424830.6738501,1534358.47285409,5556323423.904958
2019-02-10 00:00:00+00:00,0.8284814,14523.12792006,52893556.60960623,14517.87726763,52874433.61605606,1534363.72350652,5588186988.074331
2019-02-11 00:00:00+00:00,0.81717159,26051.31802559,93540344.02574493,31796.96353152,114170764.97975327,1528618.07800059,5488684325.287985
2019-02-12 00:00:00+00:00,0.81707553,25589.75956429,91813561.44018756,25545.42471251,91654492.3161648,1528662.41285237,5484691640.463272
2019-02-13 00:00:00+00:00,0.81622357,31729.61031749,113467795.33432913,29337.16941603,104912222.42183407,1531054.85375383,5475182867.140661
2019-02-14 00:00:00+00:00,0.81324408,24022.53160778,85566248.90453243,23419.92262156,83419806.08373044,1531657.46274005,5455635810.292987
2019-02-15 00:00:00+00:00,0.81432592,22765.02116321,81157458.06567654,30072.19028637,107207566.58259931,1524350.29361689,5434319350.932258
2019-02-16 00:00:00+00:00,0.81951471,16780.18722722,60152541.28428828,13441.49828022,48184222.8143944,1527688.98256389,5476361696.6180315
2019-02-17 00:00:00+00:00,0.82849268,12331.50080527,44674036.15287449,13229.72093131,47928069.787353255,1526790.76243785,5531192577.1333475
2019-02-18 00:00:00+00:00,0.88420768,35414.77048354,136918078.884172,32680.65567749,126347637.74952944,1529524.8772439,5913340816.231391
2019-02-19 00:00:00+00:00,0.89133025,37806.91218976,147274376.96271232,36344.32003909,141576943.99967813,1530987.46939457,5963862495.860607
2019-02-20 00:00:00+00:00,0.89885411,29306.35890082,115221285.93348852,34554.78230924,135856059.98672837,1525739.04598615,5998616732.716642
2019-02-21 00:00:00+00:00,0.89047082,31219.98417785,121516351.63323313,31717.68148728,123453519.85583967,1525241.34867672,5936638628.498844
2019-02-22 00:00:00+00:00,0.90331002,29502.89839637,116486308.80021209,26093.49780898,103024970.72045241,1528650.74926411,6035572533.726511
2019-02-23 00:00:00+00:00,0.94072884,17228.9834562,70813725.67091352,17393.37503967,71489399.92204078,1528486.35768064,6282309916.873262
2019-02-24 00:00:00+00:00,0.8599356,26014.64048009,97663741.59014277,27040.95278458,101516706.6070227,1527460.04537615,5734365742.054182
2019-02-25 00:00:00+00:00,0.87606044,32662.60312907,124837079.84117219,38818.02533254,148363218.58872363,1521304.62317268,5814454713.0943775
2019-02-26 00:00:00+00:00,0.87035678,28837.28819202,109471394.47426586,30551.51529528,115978900.66520455,1519590.39606942,5768631175.710032
2019-02-27 00:00:00+00:00,0.8713884,27240.37881075,103496604.71977529,25905.9124656,98426457.31854573,1520924.86241457,5778574534.054559
2019-02-28 00:00:00+00:00,0.87032071,32481.90902039,123202182.85657512,29528.18684886,111998869.0717873,1523878.5845861,5779991807.487102
2019-03-01 00:00:00+00:00,0.87459349,23802.39186763,90702172.61233027,29974.12412311,114220377.31489706,1517706.85233062,5783423349.2398615
2019-03-02 00:00:00+00:00,0.87461492,14270.08157193,54363921.949525736,12548.36422863,47804792.85145381,1519428.56967392,5788481008.553951
2019-03-03 00:00:00+00:00,0.86848471,20126.00707737,76124244.28999405,18302.40985107,69226703.20259634,1521252.16690022,5753956616.163927
2019-03-04 00:00:00+00:00,0.85007558,35321.46749079,130624503.7390232,33992.2210173,125708735.1347954,1522581.41337371,5630752504.155175
2019-03-05 00:00:00+00:00,0.88264283,31912.0841659,122546489.51052429,30435.49126255,116876183.68527666,1524058.00627706,5852577898.35097
2019-03-06 00:00:00+00:00,0.88556451,34803.55449672,134063237.12254868,42861.04760468,165100687.88774413,1516000.5131691,5839631589.75755
2019-03-07 00:00:00+00:00,0.88659022,30787.70118526,118715010.29963782,28183.26017379,108672485.86298105,1518604.95418057,5855624026.354371
2019-03-08 00:00:00+00:00,0.88315552,26977.56357521,103573167.25325134,29345.22610913,112663176.69540477,1516237.29164665,5821189084.237489
2019-03-09 00:00:00+00:00,0.89955742,21502.01053727,84080627.00810364,22327.35717128,87308030.43469499,1515411.94501264,5925808021.132618
2019-03-10 00:00:00+00:00,0.89825462,15749.92973016,61486338.89949976,16746.05082357,65375107.94061251,1514415.82391923,5912146033.639287
2019-03-11 00:00:00+00:00,0.88665284,32537.17661803,125319178.26132262,33913.59886151,130620563.39742368,1513039.40167575,5827575536.776508
2019-03-12 00:00:00+00:00,0.88880804,31620.00594838,122018909.68244492,27453.8843023,105942201.10468583,1517205.52332183,5854766884.678517
2019-03-13 00:00:00+00:00,0.88736975,30766.9551844,118513002.7407567,28183.05852325,108559942.70444964,1519789.41998298,5854164203.649925
2019-03-14 00:00:00+00:00,0.88808394,34670.72672356,133613466.43436626,36030.95154222,138855478.0772234,1518429.19516432,5851697021.487111
2019-03-15 00:00:00+00:00,0.89930632,28395.9083481,110798398.20118374,31546.75623988,123092736.35389017,1515278.34727254,5912486110.625448
2019-03-16 00:00:00+00:00,0.92006352,18895.12775128,75387706.57374308,16412.0211351,65480617.53809383,1517761.45388872,6055558694.327928
2019-03-17 00:00:00+00:00,0.91484274,11877.45316187,47119561.04171972,13574.72745269,53852891.7028396,1516064.1795979,6014444147.256984
2019-03-18 00:00:00+00:00,0.91560369,30660.55229984,121705227.19203418,29470.55399782,116981600.15853699,1517254.17789992,6022649645.170823
2019-03-19 00:00:00+00:00,0.92168535,31287.09778877,125028495.97918747,28669.93169119,114569860.82173938,1519871.3439975,6073661082.431267
2019-03-20 00:00:00+00:00,0.92967286,35737.99950833,144047556.26700637,33652.68704707,135642380.59320784,1521956.65645876,6134482626.988897
2019-03-21 00:00:00+00:00,0.91748018,31723.08510841,126139673.76067626,34084.31574712,135528573.40340465,1519595.42582005,6042327554.401103
2019-03-22 00:00:00+00:00,0.9194745,26922.62595295,107256716.92702164,30101.82434772,119922286.1355603,1516416.22742528,6041231874.362304
2019-03-23 00:00:00+00:00,0.91913227,15655.32551931,62335999.941940464,16021.29102413,63793192.6179454,1516050.26192046,6036572597.771052
2019-03-24 00:00:00+00:00,0.91670464,12291.04097368,48803630.6425764,12707.73865356,50458198.364059895,1515633.56424058,6018076159.463191
2019-03-25 00:00:00+00:00,0.90273487,29538.30573723,115442753.71136616,32265.37134319,126100777.42823695,1512906.49863462,5912799937.271562
2019-03-26 00:00:00+00:00,0.90526912,31730.48656955,124312539.01313645,28143.07811832,110257921.47450885,1516493.90708585,5941264328.694693
2019-03-27 00:00:00+00:00,0.93039612,35274.11653575,142049146.58583805,34775.25882548,140040242.63668314,1516992.76479612,6108941875.207141
2019-03-28 00:00:00+00:00,0.92674903,31769.55946739,127425716.21932553,33870.3314246,135851781.1616403,1514891.99283891,6076137044.977357
2019-03-29 00:00:00+00:00,0.94438915,39945.29166825,163354714.01014587,39179.79462969,160224243.69469252,1515657.48987747,6198222254.891262
2019-03-30 00:00:00+00:00,0.944965,23488.49679248,96112369.52923027,26030.96273252,106515863.124565,1513115.02393743,6191501806.427411
2019-03-31 00:00:00+00:00,0.94641855,22139.78200059,90647303.85921505,18999.11903095,77788431.51256073,1516255.68690707,6208032670.586606
2019-04-01 00:00:00+00:00,0.95655086,38988.81048534,161351987.61414817,43287.80082383,179143005.78614902,1511956.69656858,6257108517.573039
2019-04-02 00:00:00+00:00,1.12892016,93038.15630683,456233017.7968172,76286.84588675,374089290.8747121,1528708.00698866,7496355205.690959
2019-04-03 00:00:00+00:00,1.14051964,57343.75389889,284438070.9344011,55431.87270168,274954705.0468272,1530619.88818587,7592223018.692972
2019-04-04 00:00:00+00:00,1.12838804,51852.03386757,254659322.94445205,59598.15162181,292702596.3824975,1522873.77043163,7479243809.383834
2019-04-05 00:00:00+00:00,1.15614507,34851.82916178,175417114.69041207,33618.73149359,169210656.08299485,1524106.86809982,7671173528.392683
2019-04-06 00:00:00+00:00,1.15841744,20036.74216317,101072477.50108217,19397.64978081,97848667.46693763,1524745.96048218,7691362724.074672
2019-04-07 00:00:00+00:00,1.19121228,20964.02863983,108784691.65209545,23887.04682026,123952560.23854694,1521822.94230175,7896909624.176271
2019-04-08 00:00:00+00:00,1.21179209,47620.95595388,251601655.1515868,47930.72955202,253238320.112487,1521513.16870361,8038797708.124825
2019-04-09 00:00:00+00:00,1.19099798,29730.25354187,154465848.52591342,34034.45401922,176828657.4411882,1517208.96822626,7882777398.387907
2019-04-10 00:00:00+00:00,1.21651316,38697.56850349,205551484.5654924,49641.7246818,263684014.2505382,1506264.81204795,8000889467.701192
2019-04-11 00:00:00+00:00,1.15695368,47015.92280732,237461723.18549156,49400.88681389,249507379.8251888,1503879.84804138,7595594829.508303
2019-04-12 00:00:00+00:00,1.16368455,35384.1408782,179852684.97524992,37159.14647429,188874792.46124974,1502104.84244529,7634990770.527735
2019-04-13 00:00:00+00:00,1.16156591,22497.82375738,114171746.60719964,25996.25398878,131925547.78413989,1498606.41221389,7605113872.539919
2019-04-14 00:00:00+00:00,1.18135304,29273.1797465,150956051.5985327,27463.8105833,141625489.38677058,1500415.78137709,7737350164.014672
2019-04-15 00:00:00+00:00,1.15555322,39564.78011579,199521140.16846746,34255.47992774,172746882.25736058,1505725.08156514,7593217608.562886
2019-04-16 00:00:00+00:00,1.19224124,35742.25378481,186072849.21956155,39211.82750872,204135321.50438502,1502255.50784123,7820686526.449355
2019-04-17 00:00:00+00:00,1.1961381,40945.2610254,213994355.66186914,35726.15357764,186717461.8909238,1507474.61528899,7878593294.967034
2019-04-18 00:00:00+00:00,1.20765693,44830.99698834,236640522.48809624,43721.93814022,230786352.76357678,1508583.67413711,7963062453.36607
2019-04-19 00:00:00+00:00,1.20719787,24156.5593341,127787020.49896473,24036.35747395,127151158.52232474,1508703.87599726,7980969908.1101465
2019-04-20 00:00:00+00:00,1.21246475,18030.93935682,95815929.63318227,18174.90981802,96580984.81453523,1508559.90553606,8016447002.336074
2019-04-21 00:00:00+00:00,1.20835451,20026.88920705,106057074.64680056,19635.83114029,103986135.21388061,1508950.96360282,7991002663.002169
2019-04-22 00:00:00+00:00,1.22794551,26279.18495377,141481875.3059587,25201.84373703,135681685.68984535,1510028.30481956,8129690350.2443
2019-04-23 00:00:00+00:00,1.2632969,29670.99633063,164521601.177576,31753.58274238,176069256.9163241,1507945.71840781,8361351985.515056
2019-04-24 00:00:00+00:00,1.238908,42940.93165233,233252904.35617602,49833.79812624,270694596.0594715,1501052.8519339,8153640916.328495
2019-04-25 00:00:00+00:00,1.17030753,41051.7258558,210499833.1457329,47565.77090267,243901727.14372158,1494538.80688703,7663506537.693937
2019-04-26 00:00:00+00:00,1.17673094,46217.4805201,238027634.87965122,62922.4052066,324060747.65915525,1477833.88220053,7611087834.444424
2019-04-27 00:00:00+00:00,1.18413668,19895.04716037,103092309.83372827,24714.84853914,128067594.03747512,1473014.08082176,7632875799.963531
2019-04-28 00:00:00+00:00,1.17650667,21412.14555381,110244063.21405691,27357.03639617,140852342.06116134,1467069.1899794,7553454562.179809
2019-04-29 00:00:00+00:00,1.17708337,40595.32409505,209017224.7254054,55013.40503303,283253046.9710102,1452651.10904142,7479410746.79443
2019-04-30 00:00:00+00:00,1.20333737,41368.45176412,217871841.07070163,40459.29311283,213083649.5688454,1453560.26769271,7655346964.2803135
2019-05-01 00:00:00+00:00,1.21799733,25505.46715986,135566029.803915,24791.6652555,131772047.53203371,1454274.06959707,7729721656.39562
2019-05-02 00:00:00+00:00,1.23567987,26087.12617165,140691246.50186792,30206.4096746,162907075.37129837,1450154.78609412,7820872377.193971
2019-05-03 00:00:00+00:00,1.2951638,43503.47605341,246161390.90031478,39923.99262155,225907133.07481343,1453734.26952598,8225854167.2997675
2019-05-04 00:00:00+00:00,1.32099457,25927.79397946,149725554.14187434,23409.39954939,135182550.52618867,1456252.66395605,8409440357.8696375
2019-05-05 00:00:00+00:00,1.30956777,24650.41319207,141206236.3692432,28772.76219027,164820501.2702309,1452130.31495785,8318313161.5354
2019-05-06 00:00:00+00:00,1.29939268,27331.88117045,155564550.29877347,32166.14537399,183079675.66314945,1447296.05075431,8237558105.887161
2019-05-07 00:00:00+00:00,1.32870246,29216.44262621,170207541.42258516,41328.2833628,240768035.73914874,1435184.21001772,8361017082.089555
2019-05-08 00:00:00+00:00,1.35126305,30710.01250542,182165670.4513001,36740.3888965,217936660.71582383,1429153.83362664,8477455560.615447
2019-05-09 00:00:00+00:00,1.39928506,37731.16618601,232051971.18888587,35113.93618794,215955639.12449253,1431771.06362471,8805593126.048458
2019-05-10 00:00:00+00:00,1.44472955,31201.1526035,198360188.63408932,34312.32439813,218139349.74067736,1428659.89183008,9082653107.038841
2019-05-11 00:00:00+00:00,1.6543368,44791.17921579,328099099.1669081,48626.67676688,356194436.53918,1424824.39427899,10436956749.492601
2019-05-12 00:00:00+00:00,1.56569495,32168.34704484,223332711.67943832,30227.51396671,209858238.9733422,1426765.22735712,9905493332.045742
2019-05-13 00:00:00+00:00,1.74753483,48913.85366874,381474533.9471155,43783.71743124,341465085.0180033,1431895.36359462,11167216964.493238
2019-05-14 00:00:00+00:00,1.77133721,43601.60716973,346875100.88193053,45483.0450098,361842988.1443625,1430013.92575455,11376558272.903378
2019-05-15 00:00:00+00:00,1.81667469,54833.64264603,450469716.03997076,41197.53614308,338446280.6478043,1443650.0322575,11859883617.256174
2019-05-16 00:00:00+00:00,1.72799889,45046.40509988,354158062.3231721,43687.81305683,343476714.40234655,1445008.62430055,11360761270.246593
2019-05-17 00:00:00+00:00,1.61073752,42865.41357899,314071485.28932476,47961.26833498,351408408.89285433,1439912.76954456,10550126651.28194
2019-05-18 00:00:00+00:00,1.59950822,16007.43655436,116501924.16475809,19945.72320577,145164725.43487632,1435974.48289315,10451004427.875061
2019-05-19 00:00:00+00:00,1.80201739,24382.94090321,200421502.61419547,19127.64259205,157224302.22767982,1441229.78120431,11846538098.415709
2019-05-20 00:00:00+00:00,1.74723194,29408.30433497,234711775.79625943,32087.18453845,256092292.07976916,1438550.90100083,11481275244.615639
2019-05-21 00:00:00+00:00,1.74497388,29436.94137523,235018902.09974793,25502.78287591,203609334.12151384,1442485.05950015,11516524446.53367
2019-05-22 00:00:00+00:00,1.67542929,24819.54821594,190313866.25450674,30777.5476485,235999222.7036796,1436527.06006759,11015148881.924517
2019-05-23 00:00:00+00:00,1.72268374,32347.38498473,255462544.34277618,28674.83569122,226458691.7226272,1440199.6093611,11373935072.109814
2019-05-24 00:00:00+00:00,1.73899884,32120.5039602,256549688.9886939,31015.60579658,247724756.4598605,1441304.50752472,11511843761.904884
2019-05-25 00:00:00+00:00,1.75307893,13386.08226335,107913130.48260567,12548.7372545,101162796.85837655,1442141.85253357,11625958876.180912
2019-05-26 00:00:00+00:00,1.89396436,22030.34084092,192358470.83889788,15498.05567244,135321659.87143075,1448674.13770205,12649134386.27435
2019-05-27 00:00:00+00:00,1.90714924,34545.42639923,304579656.3112799,28186.15789903,248511342.32383883,1455033.40620225,12828719196.020414
2019-05-28 00:00:00+00:00,1.88105961,31680.59365485,276227083.02657855,24923.45132597,217310708.68596706,1461790.54853113,12745535756.548565
2019-05-29 00:00:00+00:00,1.84071984,29277.81464352,253413788.1317899,29126.30088909,252102362.5717994,1461942.06228556,12653822716.750536
2019-05-30 00:00:00+00:00,1.75787076,36246.15342046,299814478.7134478,28819.80074971,238386496.85575595,1469368.41495631,12154060053.154745
2019-05-31 00:00:00+00:00,1.81476063,36676.3968353,313811400.28874314,49334.26621867,422114943.12870485,1456710.54557294,12463939087.976227
2019-06-01 00:00:00+00:00,1.81246057,19089.95663647,163310900.95602658,16637.52576163,142330827.33253005,1459162.97644778,12482858126.042807
2019-06-02 00:00:00+00:00,1.8504971,16356.05464268,143023127.67583886,12488.11950961,109200534.6077413,1463030.91158085,12793259831.42111
2019-06-03 00:00:00+00:00,1.72701182,33594.04573417,274577616.08636284,30047.42015689,245589622.0868803,1466577.53715813,11986926705.558876
2019-06-04 00:00:00+00:00,1.62636908,38121.584054,291627805.2516801,40724.84448774,311542589.635108,1463974.27672439,11199314400.505672
2019-06-05 00:00:00+00:00,1.65612566,31310.92101183,244179609.79450396,34156.72131902,266372710.03260267,1461128.4764172,11394675394.453934
2019-06-06 00:00:00+00:00,1.651342,25360.0165907,197217578.97164956,26160.57840472,203443318.69912574,1460327.91460318,11356551554.006983
2019-06-07 00:00:00+00:00,1.70183629,24225.98398838,194388086.47766837,26779.03294744,214873623.9102663,1457774.86564412,11697112768.8238
2019-06-08 00:00:00+00:00,1.6835165,13845.72330595,109932345.27762659,13265.90356524,105328689.51143605,1458354.68538483,11579052048.662151
2019-06-09 00:00:00+00:00,1.61842434,11458.68090706,87476323.46113704,13698.39415592,104574441.66571666,1456114.97213597,11116077437.909206
2019-06-10 00:00:00+00:00,1.69111483,29732.50834008,237660934.392932,27535.55688471,220100036.7475993,1458311.92359134,11656728400.87529
2019-06-11 00:00:00+00:00,1.67511723,29388.62539194,232830903.49116778,29940.16787343,237200489.77043268,1457760.38110985,11549082751.605015
2019-06-12 00:00:00+00:00,1.72008481,28816.05666372,234757386.12561327,23815.17529595,194016425.2119693,1462761.26247762,11916759274.609152
2019-06-13 00:00:00+00:00,1.73649236,30375.31289562,250073187.7443671,25913.47804186,213339894.8593553,1467223.09733138,12079321070.458155
2019-06-14 00:00:00+00:00,1.82901577,28582.76948668,248613066.6217625,32542.41790331,283054107.6153984,1463263.44891475,12727472524.30394
2019-06-15 00:00:00+00:00,1.85878621,19270.49470606,170555147.84253338,18057.18085714,159816610.7142225,1464476.76276367,12961475799.921518
2019-06-16 00:00:00+00:00,1.88896018,29546.67760956,266496761.1915352,19891.3069549,179409981.36563244,1474132.13341833,13295959847.520847
2019-06-17 00:00:00+00:00,1.9511578,31670.30086816,295818731.49938256,37810.04145878,353167421.7064422,1467992.39282771,13711888917.784897
2019-06-18 00:00:00+00:00,1.88755922,34099.51500434,308502838.76654613,27173.41707193,245841511.37078577,1474918.49076012,13343783373.190346
2019-06-19 00:00:00+00:00,1.93150882,25502.9391015,236796209.47343352,25055.83588128,232644831.18052003,1475365.59398034,13698851683.393503
2019-06-20 00:00:00+00:00,1.98086596,27116.85957638,258877059.64049578,24849.57278292,237231907.9665198,1477632.8807738,14106547047.801702
2019-06-21 00:00:00+00:00,2.08422475,33700.18821626,339815386.6469697,34819.93134428,351106301.1531923,1476513.13764578,14888400015.414326
2019-06-22 00:00:00+00:00,2.19688103,36634.92861097,391455028.04031914,27399.70951451,292773985.45516425,1485748.35674224,15875659833.420164
2019-06-23 00:00:00+00:00,2.2136737,21104.7502367,227813700.48014086,18636.26738994,201167840.87104467,1488216.839589,16064449071.473255
2019-06-24 00:00:00+00:00,2.24706654,32664.22405803,359443880.0717879,31681.14941227,348625923.26239276,1489199.91423476,16387463985.801449
2019-06-25 00:00:00+00:00,2.37982686,32268.45518643,378388418.92844737,33281.01864892,390262005.23503417,1488187.35077227,17450877504.815983
2019-06-26 00:00:00+00:00,2.57176389,62841.92822651,808364673.1100149,48137.75979173,619218180.5439059,1502891.51920705,19332385971.109
2019-06-27 00:00:00+00:00,2.21524309,58226.76975618,646887640.9749249,42330.77716883,470286376.83396953,1518787.5117944,16873422220.757448
2019-06-28 00:00:00+00:00,2.44168454,36850.84211136,455410370.24740833,39963.43532064,493876444.4170078,1515674.91858512,18731025840.92035
2019-06-29 00:00:00+00:00,2.35329242,22137.54252911,264418590.3618956,17261.40989392,206176347.9757254,1520551.05122031,18161996301.45384
2019-06-30 00:00:00+00:00,2.13021037,37468.95803875,406261550.57424766,16785.55670769,181999357.66203126,1541234.45255137,16711014430.783464
2019-07-01 00:00:00+00:00,2.07558255,38053.12764185,402204501.03143823,30057.78961579,317697362.1803199,1549229.79057743,16374664410.421682
2019-07-02 00:00:00+00:00,2.11000412,34448.27377903,370872985.60494554,30124.60810022,324324040.6754022,1553553.45625624,16725685946.254047
2019-07-03 00:00:00+00:00,2.33157806,28249.8366437,337642750.80316687,32256.65543574,385532348.749423,1549546.6374642,18520219984.630863
2019-07-04 00:00:00+00:00,2.17425127,31850.79451846,355996660.9044235,22158.61302395,247667047.7475071,1559238.81895871,17427628462.459347
2019-07-05 00:00:00+00:00,2.13840364,20337.79937457,223683234.3467612,33160.19064142,364709010.92192787,1546416.42769186,17008105047.274473
2019-07-06 00:00:00+00:00,2.17712562,10803.41275597,121087087.4245121,12144.24268996,136115411.8166104,1545075.59775787,17317555869.53777
2019-07-07 00:00:00+00:00,2.22256119,11622.63531297,133151044.1067397,11785.74577587,135019667.51744178,1544912.48729497,17698801106.43341
2019-07-08 00:00:00+00:00,2.37905472,36381.9329458,448211693.3850303,19860.18244217,244669957.93219054,1561434.2377986,19236280955.04659
2019-07-09 00:00:00+00:00,2.41917807,31655.34735471,398196020.9972012,22840.64307808,287314907.29813355,1570248.94207523,19752330426.29645
2019-07-10 00:00:00+00:00,2.31328701,38069.9533863,460904661.8536599,27950.07781552,338385525.0261906,1580368.81764601,19133182226.677673
2019-07-11 00:00:00+00:00,2.15704038,41555.35539445,469354359.5338038,33556.91376842,379014536.6392748,1588367.25927204,17940096784.244064
2019-07-12 00:00:00+00:00,2.24857787,22943.67319212,271041038.6502637,60403.62637889,713567592.027929,1550907.30608527,18321370060.135204
2019-07-13 00:00:00+00:00,2.15890911,11980.68909483,135942928.08176047,15092.32666757,171250172.88373402,1547795.66851253,17562585389.237568
2019-07-14 00:00:00+00:00,1.95875859,18316.43719726,188349311.8862498,14333.54475206,147392927.0123081,1551778.56095773,15957056550.274183
2019-07-15 00:00:00+00:00,2.07837284,24958.97037951,272711201.6167414,29891.03236374,326600786.3919135,1546846.4989735,16901433073.458155
2019-07-16 00:00:00+00:00,1.80452153,33773.61607149,319874675.3253179,31309.75646739,296539113.9439013,1549310.3585776,14673736649.316326
2019-07-17 00:00:00+00:00,1.84011447,35654.72925079,344955314.68494385,36143.79371031,349686955.84671783,1548821.29411808,14984663973.89363
2019-07-18 00:00:00+00:00,2.02312657,34525.43669386,368727889.9030354,29728.3276797,317495290.00544703,1553618.40313224,16592474718.888988
2019-07-19 00:00:00+00:00,1.9920017,23064.08737404,242915643.9851987,29326.05892959,308867997.89214534,1547356.43157669,16297071631.551426
2019-07-20 00:00:00+00:00,2.0519756,14407.08973864,156499152.42926586,16051.49102749,174361705.70179862,1545712.03028784,16790526541.316717
2019-07-21 00:00:00+00:00,1.99813946,9701.58445132,102736931.83485402,11953.83708685,126587626.18817,1543459.77765231,16344786025.640297
2019-07-22 00:00:00+00:00,1.94697902,22993.16502087,237256374.13079238,16547.55273989,170746931.10934803,1549905.38993329,15992793194.306862
2019-07-23 00:00:00+00:00,1.86302934,22956.57914984,226504507.34365022,26243.43982635,258934807.75473315,1546618.52925678,15259942072.87236
2019-07-24 00:00:00+00:00,1.84274782,20536.13821593,201106038.36938286,20295.96533446,198754076.36911133,1546858.70213825,15148058619.069874
2019-07-25 00:00:00+00:00,1.86177246,17204.58915741,170277032.4678201,18892.1543575,186979180.46671757,1545171.13693816,15292847358.661718
2019-07-26 00:00:00+00:00,1.84937883,15919.63096041,156596582.73656896,24263.70566078,238674715.54166195,1536827.06223779,15117301827.034323
2019-07-27 00:00:00+00:00,1.7764295,12568.15027995,118727193.99587986,14517.64720307,137143452.0951234,1534877.56531467,14499484999.614721
2019-07-28 00:00:00+00:00,1.79184692,9723.01749043,92658303.10408331,10638.00349097,101377926.43680641,1533962.57931413,14618339395.594793
2019-07-29 00:00:00+00:00,1.75506806,21032.58543906,199897034.4262396,16893.71785948,160560579.21781486,1538101.44689371,14618360580.139032
2019-07-30 00:00:00+00:00,1.76975529,21655.88627753,207660658.4683823,24097.22943794,231070964.64292347,1535660.1037333,14725612438.026415
2019-07-31 00:00:00+00:00,1.85482085,21093.89013187,212183525.61271298,19345.5234084,194596697.71465164,1537408.47045677,15464797983.161144
2019-08-01 00:00:00+00:00,1.91516898,23246.58698285,241771641.65807387,18820.61520505,195740176.33198324,1541834.44223457,16035551564.581173
2019-08-02 00:00:00+00:00,1.93668955,28169.87414861,296620167.6041196,23156.05410377,243826174.4825451,1546848.26227941,16287839569.14127
2019-08-03 00:00:00+00:00,1.98633631,13347.71915998,144294472.43363273,10057.91854501,108730340.58013874,1550138.06289438,16757646104.457977
2019-08-04 00:00:00+00:00,2.0166431,10526.14713362,115645609.47259755,8673.07526391,95286818.82975386,1551991.13476409,17050964459.978718
2019-08-05 00:00:00+00:00,2.15209305,33147.84636545,390813902.127893,27879.82421591,328703794.88111264,1557259.15691363,18360122737.02797
2019-08-06 00:00:00+00:00,2.07763358,31327.92422688,357874448.4769214,51558.85369708,588982410.6224356,1537028.22744343,17558237347.810364
2019-08-07 00:00:00+00:00,2.16935722,26431.77716148,316316307.63378364,37419.35229064,447807624.82639873,1526040.65231427,18262545930.60711
2019-08-08 00:00:00+00:00,2.15713659,23107.51316561,275862913.444838,19819.92360795,236614898.00124395,1529328.24187193,18257479348.497665
2019-08-09 00:00:00+00:00,2.13982687,23912.28366484,283560016.1412937,18929.77854667,224475770.92510945,1534310.7469901,18194380188.872864
2019-08-10 00:00:00+00:00,2.03923311,13065.96000126,147694091.386722,12360.46803326,139719400.26686993,1535016.2389581,17351409973.313644
2019-08-11 00:00:00+00:00,2.07768124,8858.42920842,102139418.31278586,8318.98362157,95919505.373832,1535555.68454495,17705256848.159336
2019-08-12 00:00:00+00:00,2.04944243,14819.10532122,168711012.72818038,12277.90855386,139780259.42899346,1538096.88131231,17510765791.554043
2019-08-13 00:00:00+00:00,1.95417056,17687.83527676,192214674.5078107,17204.68734934,186964279.52419293,1538580.02923973,16719833427.728804
2019-08-14 00:00:00+00:00,1.8019476,24014.44264469,240729888.75349984,22593.60687134,226486891.62397167,1540000.86501308,15437553242.438698
2019-08-15 00:00:00+00:00,1.85280853,23764.14184097,245010342.99934474,28513.78063314,293979526.79651845,1535251.22622091,15828571973.848986
2019-08-16 00:00:00+00:00,1.86332594,18970.44372906,196786519.44059545,22945.27676388,238018742.0206882,1531276.39318609,15884422948.686121
2019-08-17 00:00:00+00:00,1.83353888,8175.17983157,83445332.28537875,8538.82073209,87157071.52556846,1530912.75228557,15626264613.907568
2019-08-18 00:00:00+00:00,1.85527013,7922.66676955,81851526.23307191,7133.80023532,73701501.53821947,1531701.6188198,15824484214.825634
2019-08-19 00:00:00+00:00,1.95283046,19092.15103211,207810995.58146337,16628.41796734,180994173.30849186,1534165.35188457,16698821867.977024
2019-08-20 00:00:00+00:00,1.92992501,16604.35661633,178852040.32145888,15075.63094229,162385536.24595898,1535694.07755861,16541563484.05661
2019-08-21 00:00:00+00:00,1.80967076,19710.23462065,199010892.6368688,22533.47209421,227516642.08900318,1532870.84008505,15477136627.422482
2019-08-22 00:00:00+00:00,1.81392145,19022.75503402,192504850.42023212,17320.70974014,175280637.9378203,1534572.88537893,15529439517.593712
2019-08-23 00:00:00+00:00,1.85888092,16908.69368358,176089573.79094878,16686.57041699,173776350.06859407,1534795.00864552,15983576495.40458
2019-08-24 00:00:00+00:00,1.81099778,8897.03434315,90278982.89990537,10416.85775378,105700763.50759526,1533275.18523489,15558276936.993511
2019-08-25 00:00:00+00:00,1.8021966,10113.05087861,102145421.99182178,8208.73966764,82911199.34396505,1535179.49644586,15505860632.949568
2019-08-26 00:00:00+00:00,1.8474094,22588.63893071,234078011.76471278,15307.17703677,158622818.20027158,1542460.9583398,15983972981.30283
2019-08-27 00:00:00+00:00,1.81156248,17718.7018745,180167686.62199706,16302.75023897,165769976.65718216,1543876.90997533,15698482499.989672
2019-08-28 00:00:00+00:00,1.73309226,20646.2100327,200780262.87349775,23141.13314634,225042891.11434278,1541381.98686169,14989631512.05008
2019-08-29 00:00:00+00:00,1.69107373,20935.17862934,198513889.99027184,29240.8091235,277270467.4912064,1533076.35636753,14537107924.558708
2019-08-30 00:00:00+00:00,1.70811556,17750.8702857,170012134.43395606,25254.35499505,241878101.03711632,1525572.87165818,14611446986.579052
2019-08-31 00:00:00+00:00,1.71310224,8133.31213411,78120662.00054002,9082.60639095,87238656.5585795,1524623.57740134,14644046755.406794
2019-09-01 00:00:00+00:00,1.7403943,8909.13005209,86979271.47569512,8360.45778183,81622618.91061835,1525172.2496716,14890159911.883017
2019-09-02 00:00:00+00:00,1.84745992,23801.27586967,246993893.6840757,19338.51675365,200682332.20830992,1529635.00878762,15873540091.07445
2019-09-03 00:00:00+00:00,1.88765943,27265.3822651,289525136.9464245,19992.95951743,212300868.77078345,1536907.43153529,16320084210.18191
2019-09-04 00:00:00+00:00,1.87870879,19755.68229173,208960614.37710553,41049.26939517,434188018.71179986,1515613.84443185,16031013022.693867
2019-09-05 00:00:00+00:00,1.8773914,26588.61849628,281312494.59760123,15170.08530175,160502304.40106416,1527032.37762638,16156284597.54254
2019-09-06 00:00:00+00:00,1.81873604,23242.37269148,240113459.67245415,22210.50921434,229453433.14699718,1528064.24110352,15786202054.475607
2019-09-07 00:00:00+00:00,1.84632204,9582.76687708,100566413.7348434,11278.68431552,118364231.10450298,1526368.32366508,16018483003.755985
2019-09-08 00:00:00+00:00,1.83013043,9191.50775773,95658463.02668753,8441.70823575,87855100.21165515,1527118.12318706,15893123998.2276
2019-09-09 00:00:00+00:00,1.81652807,20917.63884482,216130759.58372238,20810.98539615,215028766.61767694,1527224.77663573,15779995700.188765
2019-09-10 00:00:00+00:00,1.77328813,19859.56692486,200302637.24182048,23538.20324411,237405186.30480883,1523546.14031648,15366413125.705103
2019-09-11 00:00:00+00:00,1.77786135,18580.31296827,188444285.13228333,19581.12114153,198594629.80551878,1522545.33214322,15441880187.227999
2019-09-12 00:00:00+00:00,1.82231036,22705.07926702,236209112.77984145,17091.44504087,177808455.18092716,1528158.96636937,15897987819.711517
2019-09-13 00:00:00+00:00,1.81108514,18116.29253658,187419183.12942883,20782.0786232,214997643.22236988,1525493.18028275,15781743706.159046
2019-09-14 00:00:00+00:00,1.813611,9509.61200246,98552416.04975355,8613.19094602,89262398.65607008,1526389.60133919,15818666734.908154
2019-09-15 00:00:00+00:00,1.80307986,9144.40031249,94243741.12756725,8387.73170824,86445386.11013727,1527146.26994344,15739028565.04423
2019-09-16 00:00:00+00:00,1.79436332,21557.38541484,221131838.78770083,19897.42958447,204104306.08777544,1528806.22577381,15682223300.731236
2019-09-17 00:00:00+00:00,1.78283665,23118.40049669,235706222.5950637,19089.22808387,194626347.29201168,1532835.39818663,15628193724.661022
2019-09-18 00:00:00+00:00,1.77473473,22847.94698848,232165274.7937461,22496.7970321,228597128.1170281,1546086.84784534,15710281456.184774
2019-09-19 00:00:00+00:00,1.79282081,25041.61104836,257137094.31137663,28256.72162571,290151112.0657852,1542871.73726799,15842812774.708393
2019-09-20 00:00:00+00:00,1.77523927,25151.31031604,255791972.7487606,24503.09674272,249199559.60612193,1543519.95084131,15697791019.300339
2019-09-21 00:00:00+00:00,1.74318445,11530.66196621,115149873.09007148,7469.03995405,74588866.21894637,1547581.57285347,15454778071.963884
2019-09-22 00:00:00+00:00,1.7535283,10831.75268625,108826765.19519682,11071.08990605,111231389.46756499,1547342.23563367,15546168291.644632
2019-09-23 00:00:00+00:00,1.69241697,19075.47414258,184893631.23042074,20829.02844676,201890379.01431212,1545588.68132949,14980990854.730913
2019-09-24 00:00:00+00:00,1.5076985,58132.62956458,500735359.8806848,42635.29003006,367246371.9037979,1561086.02086401,13446681774.36666
2019-09-25 00:00:00+00:00,1.47778949,45199.23075591,380765445.38405085,39548.28866719,333161018.377965,1566736.96295273,13198439166.364544
2019-09-26 00:00:00+00:00,1.42454001,31366.76784286,253810327.90642923,29620.81585358,239682616.40207317,1568482.91494201,12691685829.774845
2019-09-27 00:00:00+00:00,1.44132571,26019.57640238,213016538.31357214,31951.43828868,261579384.42732602,1562551.05305571,12792261146.484634
2019-09-28 00:00:00+00:00,1.44491153,14595.68153366,119713473.62596855,14764.22142377,121095834.26757865,1562382.5131656,12814628583.953691
2019-09-29 00:00:00+00:00,1.42120643,10941.65958248,88239101.91852154,13578.99012961,109507875.37896286,1559745.18261847,12578577600.455677
2019-09-30 00:00:00+00:00,1.45994759,29448.23878431,243901075.59185767,25507.15028622,211259540.3636458,1563686.27111656,12951021152.978142
2019-10-01 00:00:00+00:00,1.46687818,22458.49164255,186732282.9066238,28672.83554856,238401764.66903996,1557471.92721055,12949680377.465607
2019-10-02 00:00:00+00:00,1.47560342,19723.29046613,164936622.6654917,21064.66166342,176153880.5262786,1556130.55601326,13013189598.163532
2019-10-03 00:00:00+00:00,1.45721375,17930.46334094,148004139.1650479,18699.23920525,154349876.46388686,1555361.78014895,12838484816.817549
2019-10-04 00:00:00+00:00,1.44209083,19014.08215416,155263027.3250792,20635.153029,168500183.31796557,1553740.70927411,12687358992.363176
2019-10-05 00:00:00+00:00,1.43793767,9669.11063102,78722357.0959078,8956.78981047,72922901.88828115,1554453.03009466,12655787196.32654
2019-10-06 00:00:00+00:00,1.38789488,12991.3762865,102042191.66399193,10937.49845866,85909782.72278835,1556506.9079225,12225754432.93124
2019-10-07 00:00:00+00:00,1.45350223,24957.47167176,205300746.7075176,23348.84941259,192068182.31472206,1558115.53018167,12817094856.801191
2019-10-08 00:00:00+00:00,1.44711351,24676.64938213,202104599.23398218,17983.61056985,147287840.85377383,1564808.56899395,12815962321.993546
2019-10-09 00:00:00+00:00,1.5187746,28431.03150823,244459445.757009,23607.88996704,202988473.88510883,1569631.71053514,13496214440.512735
2019-10-10 00:00:00+00:00,1.51523934,26156.09486529,224369345.72427273,26253.72140358,225206794.99314356,1569534.08399685,13463605225.933046
2019-10-11 00:00:00+00:00,1.4650268,22290.23769216,184782816.73816994,30743.45091838,254858720.458958,1561080.87077063,12941132546.044163
2019-10-12 00:00:00+00:00,1.47085893,9436.44961276,78546648.82369958,9335.29066686,77704627.03319071,1561182.02971653,12994889144.769028
2019-10-13 00:00:00+00:00,1.46532541,12552.19342349,104073381.8994108,9554.13429932,79215722.2331049,1564180.0888407,12969009180.557278
2019-10-14 00:00:00+00:00,1.46837588,131801.19319109,1100061318.7545912,128930.39080935,1076100544.3679583,1567050.89122244,13079184097.024172
2019-10-15 00:00:00+00:00,1.43701211,23457.25019386,191427877.8641113,16941.71753594,138256488.22755405,1573566.42388036,12841423385.614153
2019-10-16 00:00:00+00:00,1.41022441,24528.28762189,196320880.16705278,25799.44945392,206495076.32562113,1572295.26204833,12584424746.07734
2019-10-17 00:00:00+00:00,1.42275851,34925.29379155,281934063.30568326,20397.94761234,164662215.52114394,1586822.60822754,12809608656.496223
2019-10-18 00:00:00+00:00,1.40337963,19934.54467538,158665659.21202266,25320.55008858,201534664.41485205,1581436.60281434,12587178948.584427
2019-10-19 00:00:00+00:00,1.40147566,8871.60414842,70515744.51858927,8028.83852349,63817041.04823695,1582279.36843927,12576711701.205645
2019-10-20 00:00:00+00:00,1.4480022,9203.38988807,75593966.71561527,8448.34572305,69392253.63233843,1583034.41260429,13002584064.29169
2019-10-21 00:00:00+00:00,1.44819078,27584.53438925,226514667.5681383,19413.81781354,159419565.5510566,1591205.12918,13066426852.917566
2019-10-22 00:00:00+00:00,1.41660892,23024.19273668,184865972.02760705,28594.46287547,229590814.9543803,1585634.85904121,12731387929.64166
2019-10-23 00:00:00+00:00,1.31849373,33418.76569507,249238352.84412694,33728.71989257,251550002.36305034,1585324.90484371,11823409985.016531
2019-10-24 00:00:00+00:00,1.32043974,27956.0537771,208394800.41299784,26705.83878924,199075233.89099318,1586575.11983157,11826919781.802847
2019-10-25 00:00:00+00:00,1.53033296,41162.16750554,356326690.4563009,30505.51314352,264075708.2978852,1597231.77419359,13826684707.831478
2019-10-26 00:00:00+00:00,1.63052996,43437.04228221,401777297.4512616,25485.75448326,235734226.40666968,1615183.06199254,14939872777.714346
2019-10-27 00:00:00+00:00,1.68313273,15402.59745716,147220429.9785969,12493.63152006,119416079.62508722,1618092.02792964,15465976096.519035
2019-10-28 00:00:00+00:00,1.63844571,31658.21195926,295028516.89514035,25754.24682161,240008414.03516164,1623995.99306729,15134307960.754854
2019-10-29 00:00:00+00:00,1.65571824,26144.87793433,246577759.0278575,24221.13385035,228434530.11845687,1625919.73715127,15334385807.917421
2019-10-30 00:00:00+00:00,1.61181743,22624.2034786,207754781.50882113,23790.07514765,218460812.07029113,1624753.86548222,14919879263.292368
2019-10-31 00:00:00+00:00,1.60646394,22233.06389033,203549865.11730018,19409.25463052,177697108.3048977,1627577.67474203,14900924937.554884
2019-11-01 00:00:00+00:00,1.62077063,23492.84547661,217341271.17231798,24741.44346788,228892527.27179766,1626329.07675076,15045790397.65249
2019-11-02 00:00:00+00:00,1.62876338,9719.85429257,90396499.83380762,8444.34230941,78533994.97487357,1627604.58873392,15137033283.251835
2019-11-03 00:00:00+00:00,1.61294847,8765.15586443,80723918.62626353,8998.47369189,82872691.51852544,1627371.27090646,14987501429.435793
2019-11-04 00:00:00+00:00,1.64848919,24056.85728129,226576145.48624638,22240.42066823,209468291.3099939,1629187.70751952,15344276549.806793
2019-11-05 00:00:00+00:00,1.63757092,25199.43315437,235130548.9028575,24184.99585951,225665050.35347456,1630202.14481438,15211069343.690708
2019-11-06 00:00:00+00:00,1.64148312,23708.26929711,221789279.88388056,18660.18432026,174564781.2173045,1635250.22979123,15297656963.073105
2019-11-07 00:00:00+00:00,1.61571232,23618.91735455,217547901.0380695,21940.45219361,202087981.04060695,1636928.69495217,15077338067.200994
2019-11-08 00:00:00+00:00,1.54350145,22682.4122159,199408660.24017334,37052.63548489,325742091.71765786,1622558.47168318,14264453353.549469
2019-11-09 00:00:00+00:00,1.54712396,8740.80758594,77013372.53719378,11135.80279875,98115159.38416927,1620163.47647037,14274911346.323748
2019-11-10 00:00:00+00:00,1.58742033,9326.81271449,84341348.17291164,9102.71381381,82314846.30287252,1620387.57537105,14652987773.315962
2019-11-11 00:00:00+00:00,1.52978275,18488.39615709,161093240.00105003,18103.68184888,157741144.24013433,1620772.28967926,14122125966.466084
2019-11-12 00:00:00+00:00,1.5426696,24801.34709423,217978001.50014412,38141.57284464,335224687.2380993,1607432.06392885,14127653127.51819
2019-11-13 00:00:00+00:00,1.5361222,22620.533354,198308095.4883105,22375.66565361,196161406.61272055,1607676.93162924,14094068671.263628
2019-11-14 00:00:00+00:00,1.51523438,23815.36355205,205894196.72920582,22866.46926077,197690592.04951966,1608625.82592052,13907271310.046864
2019-11-15 00:00:00+00:00,1.48420069,25045.69345904,212033782.4581556,26348.52892309,223063428.40566838,1607322.99045647,13607400164.65499
2019-11-16 00:00:00+00:00,1.48640991,9692.44593094,82169554.29798856,9034.02912679,76587700.58172393,1607981.40726062,13631968287.002197
2019-11-17 00:00:00+00:00,1.4912036,8975.06223405,76334351.28939855,7658.45738104,65136414.747220315,1609298.01211363,13687339049.300259
2019-11-18 00:00:00+00:00,1.43585132,30455.93626861,249237172.09362325,24254.1590416,198484720.93329808,1615499.78934064,13220496505.57276
2019-11-19 00:00:00+00:00,1.42462588,30263.27854613,245641604.92355108,25905.77857201,210272559.05280727,1619857.28931476,13148091132.554235
2019-11-20 00:00:00+00:00,1.41836156,20704.9271835,167224476.13055167,22229.70007735,179539387.75194234,1618332.51642091,13070551027.06124
2019-11-21 00:00:00+00:00,1.33896278,31502.5922782,239806474.0135736,32246.82438549,245471775.329758,1617588.28431362,12313530881.563362
2019-11-22 00:00:00+00:00,1.28344958,45169.21698956,328720073.0444075,60319.04831347,438973338.2395335,1602438.45298971,11661784737.992998
2019-11-23 00:00:00+00:00,1.29339001,16664.24608491,122062872.6110183,18837.96924117,137985038.62814465,1600264.72983345,11721676988.342493
2019-11-24 00:00:00+00:00,1.22636138,16213.81057786,112578658.72715724,15318.44878506,106361820.97486429,1601160.09162625,11117464007.435493
2019-11-25 00:00:00+00:00,1.26222308,44868.01760948,320314782.6851066,55385.45505827,395399238.6139455,1590642.65417746,11355668987.587774
2019-11-26 00:00:00+00:00,1.26841696,36557.81922955,261952777.24397916,34222.86063814,245221776.85446092,1592977.61276887,11414381890.016966
2019-11-27 00:00:00+00:00,1.33297166,27329.43468896,205704933.08682722,29854.00144238,224707003.2355842,1590453.04601545,11971123483.959581
2019-11-28 00:00:00+00:00,1.31736129,20218.69182274,150352993.59195518,22755.22669477,169215520.1442994,1587916.51114342,11808281322.928429
2019-11-29 00:00:00+00:00,1.37249236,22218.38461318,172142223.70111427,29209.30114436,226306013.65874812,1580925.59461224,12248597371.076239
2019-11-30 00:00:00+00:00,1.33947241,14510.46467534,109643882.07172589,16939.81420487,128000517.7333987,1578496.24508271,11927423416.056484
2019-12-01 00:00:00+00:00,1.31531292,9648.82718029,71572367.88142112,13839.49757363,102657617.66956124,1574305.57468937,11677769291.962086
2019-12-02 00:00:00+00:00,1.29871273,28009.10492832,204979383.3213377,22973.04447691,168123919.05924153,1579341.63514078,11558115664.651047
2019-12-03 00:00:00+00:00,1.29767248,25312.10962574,184941568.03221527,27542.14569438,201235206.66608402,1577111.59907214,11523081102.556221
2019-12-04 00:00:00+00:00,1.28246605,28941.55439772,208813903.79048422,32279.16077509,232894801.70623508,1573773.99269477,11354811375.453312
2019-12-05 00:00:00+00:00,1.31656246,23692.60137464,175422076.97654775,24512.90100154,181495646.6119999,1572953.69306787,11646285667.94893
2019-12-06 00:00:00+00:00,1.34019312,24420.14222266,183986439.5870177,25942.74899047,195458076.21985072,1571431.08630006,11839489221.173527
2019-12-07 00:00:00+00:00,1.33632666,11318.11652276,85022386.28109471,9208.92619477,69178019.02740045,1573540.27662805,11820531177.54137
2019-12-08 00:00:00+00:00,1.33937263,9602.09326005,72293586.61644241,9366.87236762,70522622.56721419,1573775.49752048,11848861718.329021
2019-12-09 00:00:00+00:00,1.30638835,29895.39906232,219439029.0976424,25228.95021348,185186233.12095627,1578441.94636932,11586122917.316786
2019-12-10 00:00:00+00:00,1.28784015,28254.61300331,204339954.55433604,30370.40623019,219641565.36657342,1576326.15314244,11400135420.655136
2019-12-11 00:00:00+00:00,1.28292787,22162.88058821,159583033.69627187,27180.77149552,195714178.7682466,1571308.26223513,11314149275.924583
2019-12-12 00:00:00+00:00,1.28218893,23076.65914784,165986925.234602,21450.58630413,154290828.76735526,1572934.33507884,11313879197.288738
2019-12-13 00:00:00+00:00,1.29164777,22613.76924417,163834580.92136624,23115.95708554,167472883.48147002,1572432.14723747,11392119513.04186
2019-12-14 00:00:00+00:00,1.26106197,10778.36472221,76214971.20903772,10839.40699092,76646607.62812088,1572371.10496876,11118404468.92441
2019-12-15 00:00:00+00:00,1.26826677,7670.26265753,54545436.591578074,9281.6707695,66004621.61809428,1570759.69685679,11170122493.966671
2019-12-16 00:00:00+00:00,1.22841184,28444.3788557,195765473.4370831,23835.03936084,164042174.67843607,1575369.03635165,10842313231.8708
2019-12-17 00:00:00+00:00,1.18120445,31187.9922067,206120254.72151268,25977.01781807,171681123.10915604,1580580.01074028,10445993197.07184
2019-12-18 00:00:00+00:00,1.30300236,39077.31731284,284663621.5292172,32045.67672595,233440753.318194,1587611.65132717,11565156293.374224
2019-12-19 00:00:00+00:00,1.27839546,32486.79220496,232156063.1057819,29586.41483548,211429480.21106395,1590512.02869665,11366065586.74725
2019-12-20 00:00:00+00:00,1.28507153,27926.51084312,200630174.6079713,26901.07608722,193263226.57493466,1591537.46345255,11433953957.992517
2019-12-21 00:00:00+00:00,1.27731542,10696.97725501,76379605.42065476,10699.22423608,76395649.53512026,1591535.21647148,11364035741.053314
2019-12-22 00:00:00+00:00,1.33772206,10158.5685697,75980022.22093107,7541.09920468,56402915.54962186,1594152.6858365,11923309436.99002
2019-12-23 00:00:00+00:00,1.30974111,31562.56669052,231093182.3876096,24409.06694512,178717054.75569662,1601306.1855819,11724361520.770502
2019-12-24 00:00:00+00:00,1.29430833,17511.58617584,126707342.23756425,24769.40365178,179222217.45146483,1594048.36810596,11533942733.268373
2019-12-25 00:00:00+00:00,1.28852354,11402.24363718,81995519.87462142,10189.50765628,73274524.21896748,1595261.10408686,11471800439.24365
2019-12-26 00:00:00+00:00,1.28945009,19319.38390499,138996007.549252,16690.20534628,120080014.95901231,1597890.28264557,11496244956.96852
2019-12-27 00:00:00+00:00,1.29743017,29290.78418139,211981811.83959568,25867.60916413,187207779.2323069,1601313.45766283,11588946406.3637
2019-12-28 00:00:00+00:00,1.30991222,12883.909137,94138128.48059648,8865.4829476,64776921.653922565,1605331.88385223,11729587466.748308
2019-12-29 00:00:00+00:00,1.32663778,10905.82232632,80611242.06533334,9417.90268669,69613167.21548839,1606819.80349186,11876934747.23614
2019-12-30 00:00:00+00:00,1.29751611,25264.14858597,182644562.53762293,24367.50499367,176162369.95113927,1607716.44708416,11622820621.206131
2019-12-31 00:00:00+00:00,1.28681852,16423.54484246,117714034.08361135,22573.62114617,161794060.5685205,1601566.37078045,11479058885.619797
2020-01-01 00:00:00+00:00,1.28743526,10365.62945317,74328112.89697093,7912.63043347,56738559.95219904,1604019.36980015,11501832411.245697
2020-01-02 00:00:00+00:00,1.24755453,20525.35153336,142586030.68994415,20491.97459544,142354166.93419495,1604052.74673807,11143074154.074812
2020-01-03 00:00:00+00:00,1.31328518,26161.57088212,191379984.35453248,25245.54218495,184678951.05180708,1604968.77543524,11740843105.955677
2020-01-04 00:00:00+00:00,1.31850725,16951.59735797,124478362.75674872,10732.22119027,78808462.37065624,1611188.15160294,11831219145.274908
2020-01-05 00:00:00+00:00,1.31891454,9143.94646331,67167139.39058106,8087.77421301,59408993.71015629,1612244.32385324,11842790163.57277
2020-01-06 00:00:00+00:00,1.39343235,25344.75406956,196822233.73885572,23447.19468673,182086171.38229528,1614141.88323607,12535099380.251432
2020-01-07 00:00:00+00:00,1.45871525,31619.87619993,257262058.69292566,24287.220066,197602931.60544145,1621474.53937,13192457664.252747
2020-01-08 00:00:00+00:00,1.44434936,28175.03881578,227082347.06949267,25125.45052661,202503581.7720156,1624524.12765917,13093176346.335825
2020-01-09 00:00:00+00:00,1.40023893,25671.65219877,200678798.97560427,21504.62706211,168104596.37846297,1628691.15279583,12731700395.228926
2020-01-10 00:00:00+00:00,1.45520178,29530.88705369,240080734.76051396,27923.13959968,227010040.69818184,1630298.90024984,13254033214.09311
2020-01-11 00:00:00+00:00,1.43755242,11606.3878097,93222570.66498455,12438.98135252,99909966.57604308,1629466.30670702,13087882329.440527
2020-01-12 00:00:00+00:00,1.46084233,7783.92712241,63552262.13404521,8478.94323746,69226755.95142409,1628771.29059197,13298184629.46495
2020-01-13 00:00:00+00:00,1.45276596,23025.26096154,187009458.00720972,20234.06295164,164339555.24718952,1631562.48860187,13251429254.503563
2020-01-14 00:00:00+00:00,1.57463765,49490.68518266,437011058.3357347,32785.38797338,289500479.60165244,1648267.78581115,14554481249.13824
2020-01-15 00:00:00+00:00,1.56868373,34286.54109384,302114080.89170974,33600.26325006,296066979.2187098,1648954.06365493,14529673320.218987
2020-01-16 00:00:00+00:00,1.55078627,26777.36082165,233463427.6368188,29413.42617311,256446456.3425053,1646317.99830347,14353731326.40302
2020-01-17 00:00:00+00:00,1.58368313,27173.68773981,242186630.6713334,27304.5286793,243352756.02731633,1646187.15736398,14671712022.079416
2020-01-18 00:00:00+00:00,1.58583813,12537.22287797,111934592.03998485,25433.71413097,227076797.07235855,1633290.66611098,14582314295.065779
2020-01-19 00:00:00+00:00,1.54314165,14656.38889882,127325250.98791753,14355.36103242,124710115.09678249,1633591.69397738,14191590703.777884
2020-01-20 00:00:00+00:00,1.53413892,18812.71435917,162471469.6767826,22270.37741144,192332742.5916924,1630134.03092511,14078259347.271852
2020-01-21 00:00:00+00:00,1.5503965,25053.71864572,218740699.3862623,24437.51604622,213360716.09977764,1630750.23352461,14237864312.666489
2020-01-22 00:00:00+00:00,1.53544323,23231.26591444,200901675.5129157,27795.10951556,240369340.75426587,1626186.38992349,14063098052.218395
2020-01-23 00:00:00+00:00,1.48547764,22080.16093076,184731118.68505752,22823.91441369,190953646.38122854,1625442.63644056,13599078264.404598
2020-01-24 00:00:00+00:00,1.49494018,22452.96593539,189130110.24388435,22763.74965963,191747963.05658874,1625131.85271632,13689120953.977295
2020-01-25 00:00:00+00:00,1.4807681,7400.09675638,61752139.22052406,8645.76020822,72146919.9149283,1623886.18926448,13550964175.068562
2020-01-26 00:00:00+00:00,1.52095733,13236.08806181,113484562.01060204,7586.48196637,65045546.624830924,1629535.79535992,13971435907.153542
2020-01-27 00:00:00+00:00,1.5779271,23186.27710877,206403294.78981343,21460.24666763,191038242.07835162,1631261.82580106,14521426356.231745
2020-01-28 00:00:00+00:00,1.64585254,27692.1270809,257464458.8128527,17765.81186006,165175651.64129853,1641188.1410219,15258763449.403555
2020-01-29 00:00:00+00:00,1.64528656,27327.22923546,254469725.15094513,18597.57281162,173179622.45900443,1649917.79744574,15363947980.97074
2020-01-30 00:00:00+00:00,1.67702648,23376.77203742,222287877.71907765,26793.86441825,254780739.09826413,1646500.70506491,15656445073.168343
2020-01-31 00:00:00+00:00,1.64732688,20451.23505428,191368030.55486226,27452.99953326,256885534.76402634,1639498.94058593,15341258487.518679
2020-02-01 00:00:00+00:00,1.650978,11307.99907559,106090358.53913173,9633.92843318,90384418.56815194,1641173.01122834,15397298144.621279
2020-02-02 00:00:00+00:00,1.64356756,11651.47718347,108817655.27354899,12366.70393135,115497434.70989755,1640457.78448046,15320870209.972914
2020-02-03 00:00:00+00:00,1.6319591,25503.9712333,236672071.5736144,21291.35417311,197579775.034331,1644670.40154065,15262232984.336239
2020-02-04 00:00:00+00:00,1.61069803,23258.62145775,213086818.92881104,19338.93179546,177176083.5121506,1648590.09120294,15103767817.457588
2020-02-05 00:00:00+00:00,1.69086813,30486.10801877,293524417.76842296,23529.23234255,226542667.2251089,1655546.96687916,15939832635.976145
2020-02-06 00:00:00+00:00,1.70571675,29261.01939355,284981273.73076785,25892.94350403,252178638.11141977,1658915.04276868,16156638821.802633
2020-02-07 00:00:00+00:00,1.7097118,24749.78036223,242554762.63414758,26900.72139123,263634585.69089395,1656764.10173968,16236751096.648394
2020-02-08 00:00:00+00:00,1.72664271,15886.62730084,157457024.44877923,12272.94267421,121640735.8287666,1660377.78636631,16456491409.492973
2020-02-09 00:00:00+00:00,1.76640757,19803.80128477,201030034.57120967,15113.10385529,153414374.68592113,1665068.48379579,16902248717.185453
2020-02-10 00:00:00+00:00,1.71346985,27237.56921357,268899139.81879115,34720.07552037,342769149.7969497,1657585.97748899,16364288605.47571
2020-02-11 00:00:00+00:00,1.7792319,33158.78877478,340614457.97775006,24267.12412052,249277299.7569947,1666477.64214325,17118429224.48328
2020-02-12 00:00:00+00:00,1.79208365,35172.84266566,364395406.1903969,28579.2869852,296085277.741041,1673071.19782371,17333243847.010647
2020-02-13 00:00:00+00:00,1.76851563,30567.41054585,312872648.8014251,27447.01359613,280933834.1770594,1676191.59477343,17156654580.498909
2020-02-14 00:00:00+00:00,1.7883096,27042.2343203,280201239.430777,30338.36401591,314354468.60168177,1672895.46507782,17333899898.983315
2020-02-15 00:00:00+00:00,1.71075719,16768.01134543,166199905.96793988,17893.11374225,177351610.76486865,1671770.362681,16570126972.945807
2020-02-16 00:00:00+00:00,1.71695434,15620.97083139,155460629.8320027,13393.43039087,133292043.53878564,1673997.90312152,16659705159.539457
2020-02-17 00:00:00+00:00,1.67061779,27905.31232818,270209361.3096919,24764.25728849,239794275.24537554,1677138.95816121,16239870078.598015
2020-02-18 00:00:00+00:00,1.75425426,29674.72660841,302542852.6719843,31332.49744011,319444329.9161516,1675481.18732951,17082039700.047426
2020-02-19 00:00:00+00:00,1.65794069,28841.31321656,277914960.4510229,32786.73760304,315933078.9083167,1671535.76294303,16106922454.004347
2020-02-20 00:00:00+00:00,1.65435215,29290.42644276,281599042.1198962,37958.57900904,364934921.9980439,1662867.61037675,15986859295.796917
2020-02-21 00:00:00+00:00,1.66881312,21028.30183986,204012326.27573353,29517.1105554,286369029.4729598,1654378.80166121,16050448126.457504
2020-02-22 00:00:00+00:00,1.66379813,12752.84597462,123386960.99726069,12199.73531257,118035477.58553024,1654931.91232326,16011878425.045954
2020-02-23 00:00:00+00:00,1.71384131,18163.76302881,181144346.4965958,39939.97246934,398315051.81911725,1633155.70288273,16287204477.213577
2020-02-24 00:00:00+00:00,1.65765413,25134.80877197,242500833.17241108,29122.68799127,280975923.31710523,1629167.82366343,15718224005.612778
2020-02-25 00:00:00+00:00,1.60369037,23358.3215965,218266864.10834345,32311.66031325,301929431.94017184,1620214.48494668,15139749375.880491
2020-02-26 00:00:00+00:00,1.51151916,39024.049857,343368281.0151275,36753.67884035,323391538.56757647,1625708.37189509,14304427427.06233
2020-02-27 00:00:00+00:00,1.50901158,30429.25565439,267139332.50161254,36148.54676208,317349157.75148827,1650702.4810656,14491565747.090567
2020-02-28 00:00:00+00:00,1.50435395,30982.04642255,271111292.368725,36868.72617639,322623233.64135754,1644815.80131176,14393114370.830153
2020-02-29 00:00:00+00:00,1.47581569,11858.87716751,101773954.7040205,13670.17310744,117318660.01988797,1643004.50537183,14100413027.831728
2020-03-01 00:00:00+00:00,1.46928146,11658.40793742,99583484.56454358,11885.65657327,101524591.02967642,1642777.25673598,14032231885.115685
2020-03-02 00:00:00+00:00,1.53109223,27151.24016399,241814775.80466858,26272.07599781,233984750.934487,1643656.42090216,14638757070.386105
2020-03-03 00:00:00+00:00,1.50704354,21581.84246591,189247089.28911182,25834.35595153,226536574.67885455,1639403.90741654,14375622384.31875
2020-03-04 00:00:00+00:00,1.50859699,18651.66940003,163320910.40478367,30225.82217182,264668469.55944854,1627829.75464475,14253878932.26054
2020-03-05 00:00:00+00:00,1.56090164,24522.26023662,222235823.1394651,32522.82843064,294741898.8855452,1619829.18645073,14679889582.87909
2020-03-06 00:00:00+00:00,1.57478419,19655.83554019,179793599.5912702,36890.05048543,337436429.6199759,1602594.97150549,14659072519.4405
2020-03-07 00:00:00+00:00,1.53210003,11200.61059966,99666471.2188073,10494.81137734,93386053.08876818,1603300.77072781,14266662401.930614
2020-03-08 00:00:00+00:00,1.39731984,22028.75158879,178644684.20773408,20166.34801099,163541309.07172573,1605163.17430561,13017254619.260092
2020-03-09 00:00:00+00:00,1.36296685,62477.9822238,493350221.64720184,50777.76439841,400960793.37149435,1618698.26063446,12781865182.575352
2020-03-10 00:00:00+00:00,1.3667676,38285.61183712,302836428.2992069,43133.01215178,341179015.1716154,1616967.23764936,12790094226.776827
2020-03-11 00:00:00+00:00,1.37532279,35033.19229903,278140471.70880973,28741.23026805,228186437.47941542,1639412.0908656,13015852177.73915
2020-03-12 00:00:00+00:00,0.87746909,150579.78366635,746772341.0706005,104136.52364249,516445658.6268466,1685855.35088946,8360685056.366287
2020-03-13 00:00:00+00:00,1.00230839,163132.91325814,918061854.2353568,166472.41608095,936855548.8522227,1682515.84806665,9468681631.475538
2020-03-14 00:00:00+00:00,0.91943052,46919.39625209,241408387.61450085,54693.79392722,281409004.7866252,1674741.45039152,8616833665.93146
2020-03-15 00:00:00+00:00,0.9586443,32048.67568067,171736375.24883664,32287.79375308,173017715.9014537,1674502.33231911,8973006053.7776
2020-03-16 00:00:00+00:00,0.9005596,81786.42640617,409989416.8805454,98338.73879995,492964957.0104969,1657950.01992533,8311183062.46224
2020-03-17 00:00:00+00:00,0.97465625,66028.25246857,357658847.5981183,69654.08049449,377299068.6376923,1654324.19189941,8961068359.488655
2020-03-18 00:00:00+00:00,0.97098752,39444.29225066,212702866.1590999,68075.87527555,367098329.3446368,1625692.60887452,8766527618.339737
2020-03-19 00:00:00+00:00,1.11612479,54122.91086649,335754272.0390862,70165.48891309,435275233.26294667,1609650.03082792,9985547075.830627
2020-03-20 00:00:00+00:00,1.11275432,57161.26191191,352922175.28305626,63358.04630982,391182048.4265291,1610694.66819626,9944669641.700188
2020-03-21 00:00:00+00:00,1.11317824,20282.53638031,125261517.38660601,30188.11031119,186436668.16172183,1602247.46768087,9895209616.159714
2020-03-22 00:00:00+00:00,1.05120625,21704.6515174,126550294.21322416,21234.68595175,123810131.32438841,1605345.66749412,9360065807.665258
2020-03-23 00:00:00+00:00,1.16908967,38760.18996999,251414431.78128812,46607.36931256,302314443.8045937,1601010.66341838,10384809427.682455
2020-03-24 00:00:00+00:00,1.21902362,34398.41031462,233051211.8813629,56777.32077763,384669619.71727186,1583618.05589425,10729103575.071415
2020-03-25 00:00:00+00:00,1.20405859,29052.43019041,194359857.72206256,45870.34060428,306871157.2518744,1571283.14731602,10511835565.970135
2020-03-26 00:00:00+00:00,1.21539093,30933.18740915,208936987.4230384,32083.30180548,216705389.49498188,1572853.20811953,10623774608.689316
2020-03-27 00:00:00+00:00,1.168733,34859.91414815,226268570.9208189,42106.72883751,273306162.4800197,1570708.52387001,10195147685.069016
2020-03-28 00:00:00+00:00,1.12273873,22391.29463993,139538515.3053318,32095.21105521,200011574.63529655,1561004.60745473,9727899561.492092
2020-03-29 00:00:00+00:00,1.06488351,26584.2850914,156976417.51137745,25302.34561766,149406747.48405653,1564012.60728655,9235271709.973305
2020-03-30 00:00:00+00:00,1.16111925,34469.99338743,221880096.92055443,36735.22612686,236461186.4532152,1565337.44003589,10075929490.464895
2020-03-31 00:00:00+00:00,1.16086021,26147.46411809,168190510.01763552,31678.21546763,203766422.31485483,1563060.30392112,10054202905.395061
2020-04-01 00:00:00+00:00,1.20232747,31488.22257772,209179726.5624883,40122.48017608,266538049.6319198,1556762.29640998,10341743192.460949
2020-04-02 00:00:00+00:00,1.2293196,41238.23011145,280120666.8424061,38224.26709066,259647592.9752609,1562613.15407102,10614428348.455101
2020-04-03 00:00:00+00:00,1.22207588,35284.98983217,238240812.88745102,41734.41062945,281786673.6261255,1558726.04583659,10524366366.414043
2020-04-04 00:00:00+00:00,1.24154011,12339.11024237,84646162.61372386,25539.62547416,175201554.12471005,1552301.09685809,10648768710.966166
2020-04-05 00:00:00+00:00,1.22896481,11133.24352556,75603768.99439576,17713.9417196,120292056.369212,1551611.12784161,10536700199.645584
2020-04-06 00:00:00+00:00,1.31870276,45566.06348984,332549048.23267597,50077.81745631,365476612.5754712,1550309.67755159,11314429385.602789
2020-04-07 00:00:00+00:00,1.29919781,35521.54362813,255314410.28890038,39738.92012237,285627197.4770241,1549053.22634496,11133964647.785845
2020-04-08 00:00:00+00:00,1.33180003,29594.45713192,218176101.91129383,32368.34374881,238625734.30425346,1548884.31432475,11418676832.103027
2020-04-09 00:00:00+00:00,1.3184332,35067.06412604,255974811.47525975,54421.02390493,397250573.48073393,1531645.36499134,11180366629.537058
2020-04-10 00:00:00+00:00,1.24393645,29754.24959379,204108876.0336995,39432.93026362,270502909.1542795,1524355.0930278,10456805631.525202
2020-04-11 00:00:00+00:00,1.24828502,13570.82134614,93410436.3221374,23808.6814145,163879492.80724877,1516415.69298994,10437765549.703918
2020-04-12 00:00:00+00:00,1.26554137,14439.91928444,100771377.89177781,20549.60828688,143408858.55481443,1512690.36356525,10556561242.301725
2020-04-13 00:00:00+00:00,1.24500204,27304.67330112,187407687.6115035,46712.20836688,320612770.4485159,1500087.15030882,10295961462.522768
2020-04-14 00:00:00+00:00,1.24727346,23784.47589876,163531079.82626203,30132.34045147,207176066.9730941,1496988.46331807,10292601818.761263
2020-04-15 00:00:00+00:00,1.20252464,46315.53521686,306862456.59020245,50345.05666373,333559953.32169473,1500329.12946547,9940394301.953764
2020-04-16 00:00:00+00:00,1.29329091,56378.93280039,401857322.0951308,49971.95308285,356189701.51202834,1513055.45024557,10784744960.85036
2020-04-17 00:00:00+00:00,1.28483033,32004.63285616,226637453.43486944,46986.44232914,332729567.1005028,1503354.44038908,10645846915.697578
2020-04-18 00:00:00+00:00,1.31739282,15389.14219615,111768144.11677346,18166.68875627,131940888.00760613,1503144.63484658,10917027345.287504
2020-04-19 00:00:00+00:00,1.29699559,15057.581881,107665387.74341749,19419.44663923,138853785.99956515,1503439.74387023,10749961331.898972
2020-04-20 00:00:00+00:00,1.24397211,30971.3172549,212254905.16392985,41751.6827157,286135697.17811495,1501835.68145445,10292490549.089804
2020-04-21 00:00:00+00:00,1.2473842,29770.29250486,204534523.1413041,37021.0558516,254350339.47209114,1496357.33026577,10280608863.51521
2020-04-22 00:00:00+00:00,1.29301523,25859.27630492,184212612.59392187,38605.75811067,275014175.91421306,1491211.68294303,10622880424.277384
2020-04-23 00:00:00+00:00,1.35798226,41033.77112856,307285710.4243937,33913.4450318,253964399.63769418,1503538.84056002,11259408727.62207
2020-04-24 00:00:00+00:00,1.3603772,40466.52529975,303759678.37754154,49625.36808774,372510012.6101547,1496494.6387873,11233352179.47546
2020-04-25 00:00:00+00:00,1.36573263,14363.56793341,108268814.83091916,16917.62433745,127520623.37589265,1495817.61423922,11275081584.72192
2020-04-26 00:00:00+00:00,1.39182404,18091.81085131,139018714.26279807,25075.4709382,192681636.90260503,1492754.84511182,11470430515.913847
2020-04-27 00:00:00+00:00,1.40592618,29263.27155404,227594846.31761393,42621.44366941,331487916.648711,1486694.90648392,11562757025.90313
2020-04-28 00:00:00+00:00,1.40416612,26154.16946028,203215273.40190667,38873.52584427,302043396.73399216,1480884.85461777,11506326785.292274
2020-04-29 00:00:00+00:00,1.57124906,52085.11026711,456361255.1184732,59706.63213257,523139788.68779844,1479906.18209424,12966696993.720098
2020-04-30 00:00:00+00:00,1.54783671,60346.56204509,522143256.72207296,67449.7676916,583603111.3309258,1475806.55049638,12769284818.448833
2020-05-01 00:00:00+00:00,1.58149669,39170.35844829,346874490.31790704,40481.56073026,358485888.3566165,1478644.59294318,13094189327.258652
2020-05-02 00:00:00+00:00,1.60183196,14939.81139872,134118895.55151138,18629.71402745,167244190.91503158,1480110.59213912,13287369740.745195
2020-05-03 00:00:00+00:00,1.58639791,20700.68959959,184169804.94147557,22411.94762873,199394517.91130292,1482334.16284113,13188024114.614206
2020-05-04 00:00:00+00:00,1.58241067,30164.5073518,267919775.91645065,40158.17959896,356683116.1498785,1476539.05968642,13114552456.944609
2020-05-05 00:00:00+00:00,1.59959352,28041.84504293,251980643.2995977,30691.5390789,275790474.8819587,1476631.11867838,13268829445.107908
2020-05-06 00:00:00+00:00,1.64574813,31282.43486005,289888476.318156,31646.40907057,293261357.2904582,1478458.0035776,13700593955.518213
2020-05-07 00:00:00+00:00,1.76246608,53351.544316,533182165.49817944,51600.46194698,515682280.50984997,1485344.01475043,14844161466.13562
2020-05-08 00:00:00+00:00,1.73504927,50405.84580303,496967545.3365075,54953.97048138,541808978.3345056,1484797.60329827,14639100058.277649
2020-05-09 00:00:00+00:00,1.68527866,29781.90945199,285231440.57747674,37992.97842539,363871631.05080485,1482173.59220517,14195278834.35713
2020-05-10 00:00:00+00:00,1.53444392,29654.88069171,258443272.5347297,44093.6333632,384277482.77933913,1474339.72683817,12848919804.912033
2020-05-11 00:00:00+00:00,1.51427708,39762.9192646,341629199.9893459,60132.74327378,516639657.1912472,1460803.23917755,12550714363.32812
2020-05-12 00:00:00+00:00,1.55398556,27775.68226561,244905153.3750822,52390.04135209,461936127.79573315,1446449.77920998,12753710300.94818
2020-05-13 00:00:00+00:00,1.64026769,36671.4054125,341887410.055817,47385.14898843,441771611.4376463,1441397.98710274,13438149400.79299
2020-05-14 00:00:00+00:00,1.72149026,41340.91529306,405193451.65655357,38579.13971902,378124544.99076706,1450384.92499943,14215613510.855358
2020-05-15 00:00:00+00:00,1.63770129,27515.53957611,256634021.8173834,33538.24674491,312807063.9153659,1448010.59725933,13505415083.028124
2020-05-16 00:00:00+00:00,1.64923495,14173.85423988,133170098.68238178,14671.0166744,137841176.10040116,1449282.96484576,13616702428.346598
2020-05-17 00:00:00+00:00,1.69855053,17660.08758092,170994371.62275204,16191.51021016,156774823.52924153,1455086.79247448,14088925131.071047
2020-05-18 00:00:00+00:00,1.7030904,40200.16700776,391020995.3475465,40623.83356296,395141936.38935345,1457285.19713224,14174794551.920584
2020-05-19 00:00:00+00:00,1.70545218,28740.8692167,280344228.5329883,33673.5118501,328458218.519274,1462326.67228318,14263828964.721573
2020-05-20 00:00:00+00:00,1.66337697,26041.19593147,247800274.53698754,32583.47888321,310054693.105402,1455854.59334619,13853479266.716442
2020-05-21 00:00:00+00:00,1.58611169,37198.59615235,337346674.5161379,37665.18480166,341578074.2325963,1455388.00469688,13198624526.161129
2020-05-22 00:00:00+00:00,1.60231403,23402.28600833,214407415.77870587,29746.67188592,272533505.69286203,1449043.61881929,13275869611.672983
2020-05-23 00:00:00+00:00,1.60568496,12355.16450167,113465656.28303382,12706.30683574,116690428.83694223,1448692.47648522,13304302227.175594
2020-05-24 00:00:00+00:00,1.54008682,14231.76474128,125328202.97014242,13509.6121068,118968760.30123611,1449414.6291197,12763879541.889456
2020-05-25 00:00:00+00:00,1.55903037,23189.08429963,206596017.81476685,38864.48432037,346251175.39207876,1433739.22909896,12773458903.738817
2020-05-26 00:00:00+00:00,1.54624899,22298.36227497,197009091.2245183,26832.41658255,237068083.3461785,1429205.17479138,12627223882.495083
2020-05-27 00:00:00+00:00,1.60359036,28756.509048,263670083.21247047,27613.26002675,253187567.26930082,1431998.64557473,13130077834.155403
2020-05-28 00:00:00+00:00,1.67222784,31984.256054,306033737.09839046,27375.40652577,261935057.97116446,1441241.40455121,13790175152.14581
2020-05-29 00:00:00+00:00,1.64770853,29774.75454751,280847791.79356086,28241.28410023,266383464.700215,1445503.62994927,13634587712.656029
2020-05-30 00:00:00+00:00,1.69215433,16999.99080197,164758479.20560285,15962.83974867,154706742.57593387,1448020.01031192,14033747284.770695
2020-05-31 00:00:00+00:00,1.64704955,16043.25682467,151351184.00115094,11946.24966789,112700248.54480872,1452960.40991789,13707146918.555525
2020-06-01 00:00:00+00:00,1.77456298,32120.91970338,327605598.1210845,30691.20788495,313023774.1962778,1457064.8709697,14860801401.804815
2020-06-02 00:00:00+00:00,1.65555855,53980.91681428,513485186.90764534,50464.7048233,480037759.9658777,1463105.77346087,13917569131.624437
2020-06-03 00:00:00+00:00,1.67699652,24953.76072012,240610983.23032847,37226.26519337,358945826.6684315,1451742.55133914,13998098586.934607
2020-06-04 00:00:00+00:00,1.70498933,30726.10776778,301526377.79119706,30828.36867382,302529900.9455427,1453778.70268789,14266454757.121246
2020-06-05 00:00:00+00:00,1.67491159,29902.6804724,288318404.33891904,33950.37057855,327345793.6641253,1452065.75766663,14000660664.251974
2020-06-06 00:00:00+00:00,1.67895972,13045.06873419,126128471.74393477,13491.32650838,130443191.13785519,1454264.05525354,14060800026.336952
2020-06-07 00:00:00+00:00,1.69210512,11952.96584993,116512492.18679175,14685.24408343,143145593.1535007,1452611.20515935,14159444092.494087
2020-06-08 00:00:00+00:00,1.6929366,26008.04577759,254081503.35443833,33416.89939927,326461130.8907547,1447849.13343147,14144533872.270699
2020-06-09 00:00:00+00:00,1.69357425,22759.40228945,222573803.22669652,27788.02905711,271750867.3011988,1445514.50433041,14136296584.436682
2020-06-10 00:00:00+00:00,1.71128591,25344.48755358,250617550.30978146,26819.30502004,265201200.49473357,1445842.76339697,14297135451.23503
2020-06-11 00:00:00+00:00,1.60651966,41317.78841685,383323764.461464,44005.90813802,408262663.9118945,1446585.39010758,13420625318.969284
2020-06-12 00:00:00+00:00,1.63695561,23559.91474241,222786359.51533133,31568.25793937,298514546.40000015,1441957.38223038,13635381930.524855
2020-06-13 00:00:00+00:00,1.63756141,10928.20800062,103395423.71500629,9847.9209227,93174467.07243073,1444170.37852951,13663778013.398735
2020-06-14 00:00:00+00:00,1.61687359,9748.10895834,91076149.52585086,10773.63720736,100657614.45919263,1444023.72472185,13491449596.398348
2020-06-15 00:00:00+00:00,1.63326898,27056.55332688,255451288.33550552,34836.83224959,328907883.13545495,1439119.99944462,13587283401.773645
2020-06-16 00:00:00+00:00,1.64602728,28017.63496432,266730461.03355503,29594.24831414,281739965.09072065,1438936.8276206,13698810906.708483
2020-06-17 00:00:00+00:00,1.63347313,23987.21247039,226647820.00590584,24517.90009472,231662124.74460697,1440427.36129278,13610156733.170418
2020-06-18 00:00:00+00:00,1.61930293,21011.03895755,197293461.80373743,34797.14641898,326744883.57107943,1428363.35552613,13412318719.445797
2020-06-19 00:00:00+00:00,1.601515,26495.43608007,246036396.42569476,26902.9416984,249820490.16750544,1429965.88911133,13278651210.170486
2020-06-20 00:00:00+00:00,1.61343538,13191.89617508,123440430.67108364,13399.8507511,125386322.45822665,1431912.55533827,13398824563.839931
2020-06-21 00:00:00+00:00,1.6005863,12107.47745427,112415135.83752036,11540.10993059,107147259.23108564,1433062.83587986,13305657926.48422
2020-06-22 00:00:00+00:00,1.66795041,29656.72139895,287214082.6736527,29553.70398433,286216398.14064354,1436398.40299194,13910972966.952316
2020-06-23 00:00:00+00:00,1.65453862,32403.07267267,311449456.0309775,33592.31977523,322880173.3249929,1435209.15588938,13794837156.583569
2020-06-24 00:00:00+00:00,1.60043802,29746.78489909,276435192.66912484,36067.65463502,335174678.27120423,1436015.86980798,13344814405.755615
2020-06-25 00:00:00+00:00,1.59283584,29560.14052539,273346208.9999159,35213.23404918,325621051.28365654,1432506.18653772,13246558659.715506
2020-06-26 00:00:00+00:00,1.57369557,25671.34152969,235135055.26657522,27175.21553836,248909695.66601118,1433650.55085015,13131433007.395962
2020-06-27 00:00:00+00:00,1.5467905,14718.57480448,132499048.03882483,15071.61920292,135677212.18380043,1434883.63391574,12917060113.894773
2020-06-28 00:00:00+00:00,1.56486434,13557.28410803,123480634.0248264,12758.65005416,116206622.61222537,1436705.34419398,13085606629.933475
2020-06-29 00:00:00+00:00,1.57752462,25603.59705248,235149768.79645777,29305.09194014,269145213.469737,1434799.85962641,13177556831.908508
2020-06-30 00:00:00+00:00,1.56990039,22594.7935327,206606059.65957725,25681.38319907,234829735.51798952,1434774.09049356,13119527775.702822
2020-07-01 00:00:00+00:00,1.5861884,31331.48264027,289544871.6384496,27798.05469513,256891264.0015001,1440378.10301633,13311023220.224566
2020-07-02 00:00:00+00:00,1.56106575,29242.26126429,265940449.07899013,30057.92890739,273358446.52264583,1441896.07030326,13113161290.640375
2020-07-03 00:00:00+00:00,1.5561961,21876.249267,198345185.70583394,32595.14052218,295530057.3271506,1433646.43920459,12998428832.564554
2020-07-04 00:00:00+00:00,1.56620843,13993.89973378,127711401.40027353,12851.37336411,117284454.90335813,1437608.53658006,13119931138.88365
2020-07-05 00:00:00+00:00,1.55815127,10165.12519267,92295413.19499455,10069.0907719,91423457.72195221,1439267.07269147,13067989488.98316
2020-07-06 00:00:00+00:00,1.60183713,31310.4142437,292406161.1278145,25784.28042638,240797914.65671363,1448676.56135845,13529107239.70701
2020-07-07 00:00:00+00:00,1.58667765,26866.35947983,248571822.47481602,26144.40215262,241892158.68529645,1485860.31953275,13747415530.807348
2020-07-08 00:00:00+00:00,1.61561301,34581.04867293,326257253.71034706,31507.52669901,297259901.78173125,1491743.42206358,14073954689.058367
2020-07-09 00:00:00+00:00,1.58050888,32501.6618675,300039167.8279998,34600.35108209,319413222.23919404,1493824.68982445,13790246130.891876
2020-07-10 00:00:00+00:00,1.58940706,28848.64800803,267866072.75089055,33888.47258445,314661957.821944,1492052.13436415,13854033834.11455
2020-07-11 00:00:00+00:00,1.58104284,15018.28271286,138726445.66791657,13178.66372696,121733570.50525928,1496343.90537926,13821984541.039654
2020-07-12 00:00:00+00:00,1.58969582,10337.78908154,96028735.64309768,14088.88021969,130872988.74570718,1496749.41359197,13903451949.744505
2020-07-13 00:00:00+00:00,1.58057885,26020.64120237,240342840.02465358,36711.71788255,339092279.45052636,1491083.35891077,13772574104.033735
2020-07-14 00:00:00+00:00,1.58381858,25713.86214522,238119542.9753806,29593.78157109,274048981.93915015,1489539.18581108,13793664606.512197
2020-07-15 00:00:00+00:00,1.57234112,25432.1199579,233892227.63564456,33163.18147833,304992678.71856314,1484359.29195957,13651245039.061209
2020-07-16 00:00:00+00:00,1.56130786,31956.37702602,291844563.15034115,33948.55482465,310038310.7984422,1485404.55177711,13565594189.915277
2020-07-17 00:00:00+00:00,1.56536628,22429.41594496,205374245.27822655,24828.63987616,227342664.13196763,1485002.84767349,13597382108.627356
2020-07-18 00:00:00+00:00,1.56854068,14627.1269507,134217131.83636948,14496.80202734,133021282.68026869,1488053.04506114,13654233835.642216
2020-07-19 00:00:00+00:00,1.57544863,11937.37158468,110048746.24473754,11944.76448995,110116900.27264044,1489700.17368042,13733310991.549622
2020-07-20 00:00:00+00:00,1.56656719,26292.61143314,241029379.5249391,26515.85956416,243075937.6858386,1492641.50201965,13683329097.98012
2020-07-21 00:00:00+00:00,1.6036542,28815.42254712,270535737.004408,29481.54983557,276789722.5784485,1496703.39189184,14051911074.367561
2020-07-22 00:00:00+00:00,1.62670582,35804.48600402,341261773.2587966,31087.78164233,296305649.7655811,1503662.51447417,14331794513.531693
2020-07-23 00:00:00+00:00,1.6387837,39077.89392486,375505997.6095684,46413.00922826,445990343.4364091,1498152.84640957,14396000466.257357
2020-07-24 00:00:00+00:00,1.62771038,36164.22900218,345299701.22928643,39608.29632656,378184002.9532434,1496952.5051844,14293053303.125757
2020-07-25 00:00:00+00:00,1.6530963,23962.11994158,232491337.49284142,21038.25228299,204122649.5697799,1501177.61611928,14565104950.51273
2020-07-26 00:00:00+00:00,1.69125357,28526.67571506,283381330.85643625,21329.83107716,211888548.73817396,1510136.70362978,15001556897.982168
2020-07-27 00:00:00+00:00,1.87222939,62486.273623,690255142.0568167,51638.93882887,570429967.9004228,1524380.89882676,16839086296.243214
2020-07-28 00:00:00+00:00,1.84950049,48673.7171429,532714996.37354916,46964.52553524,514008555.72092456,1529739.67112133,16742408658.894562
2020-07-29 00:00:00+00:00,1.87484925,40402.96763461,449110147.3403248,43300.98159972,481323807.74852604,1530341.1544315,17010922256.090559
2020-07-30 00:00:00+00:00,1.87475515,31401.95961703,349673089.9034646,42560.60390118,473928953.98196906,1525749.67296749,16989818758.839697
2020-07-31 00:00:00+00:00,1.90517626,39596.63895668,448954506.52304494,38722.67719034,439045355.5479723,1529024.03755145,17336376276.57733
2020-08-01 00:00:00+00:00,1.97908671,29246.6150655,345039343.15836865,22782.80857363,268782055.22050744,1536419.79290475,18126038687.626457
2020-08-02 00:00:00+00:00,1.8599879,24026.49361523,266550417.13452947,26562.84867569,294688792.6375758,1539428.70806355,17078453929.00378
2020-08-03 00:00:00+00:00,1.87772343,31850.61402971,357876546.721698,41858.15209659,470322201.96778494,1531194.95400997,17204653008.812546
2020-08-04 00:00:00+00:00,1.87038652,26213.32867168,293658796.486587,37448.02310458,419517167.5230087,1522515.75235375,17056213999.678137
2020-08-05 00:00:00+00:00,1.95126913,25210.57241875,295504173.4400832,33195.83443325,389102930.8226145,1517524.66995605,17787572048.01826
2020-08-06 00:00:00+00:00,1.95155359,33249.93165049,391328723.4186091,37385.82145425,440005288.95619845,1515158.40936389,17832367667.57695
2020-08-07 00:00:00+00:00,1.91764781,25151.53822599,291731913.65703356,48136.90543167,558338476.6740638,1494343.3592321,17332842386.513756
2020-08-08 00:00:00+00:00,1.93742923,18917.86295448,222152628.03037173,18295.03267902,214838726.72750005,1495197.34651607,17558115351.180454
2020-08-09 00:00:00+00:00,1.92470744,14674.54437972,171406270.46780655,17476.82466914,204138354.053225,1494164.868168,17452618690.54264
2020-08-10 00:00:00+00:00,1.95320633,30008.00234609,356206077.146634,40592.73604661,481850777.70415956,1486143.92243308,17641077555.906532
2020-08-11 00:00:00+00:00,1.87194792,30920.04675761,352261087.9069967,34457.21554217,392558792.95018554,1484646.35985186,16914047574.972145
2020-08-12 00:00:00+00:00,1.89982911,24256.08840892,280776653.94061375,32927.41471732,381151699.78701746,1478505.39636987,17114457658.1116
2020-08-13 00:00:00+00:00,1.92924287,28083.95137967,330644944.4480753,30976.17477332,364696386.51178336,1478105.95703097,17402403794.38433
2020-08-14 00:00:00+00:00,1.9265623,35654.09894879,419805916.87667423,42263.54740177,497628261.28194636,1474696.06720543,17363673542.747356
2020-08-15 00:00:00+00:00,1.93989709,16641.31992074,197481051.7932907,23363.24079756,277249484.2943266,1469516.73002333,17438623309.63107
2020-08-16 00:00:00+00:00,1.94366153,13399.31119652,159447016.38282552,16833.74683777,200315573.5739124,1466567.22565455,17451626059.41921
2020-08-17 00:00:00+00:00,2.00437877,32992.06753767,406322465.4282423,34237.08592814,421655816.12963945,1467745.53885101,18076405344.5971
2020-08-18 00:00:00+00:00,1.95013602,36560.35193321,438457186.25124586,38330.87894475,459690578.4538109,1469147.14705484,17619035108.400646
2020-08-19 00:00:00+00:00,1.90751141,37321.58751998,438037839.5704167,47475.4788014,557212528.9580263,1462745.37974159,17168021741.856445
2020-08-20 00:00:00+00:00,1.92666487,27377.16728003,324899089.655503,33919.11496725,402535786.92264885,1459306.1457622,17318345372.885487
2020-08-21 00:00:00+00:00,1.86965642,26801.39919769,308878057.1694346,35888.23964709,413601157.74775124,1457647.93910857,16798953672.078844
2020-08-22 00:00:00+00:00,1.89433444,15180.0124711,177337294.99376312,17693.59083901,206701644.2898277,1456492.37948844,17015165122.508806
2020-08-23 00:00:00+00:00,1.89095764,11122.37797163,129749315.60948932,12482.12290132,145611568.67090863,1456089.32588534,16986169143.12777
2020-08-24 00:00:00+00:00,1.90603293,25788.62052794,303568375.3774505,26587.83785847,312976288.6987403,1457638.04271605,17158452195.46625
2020-08-25 00:00:00+00:00,1.83853818,27021.20982436,306919177.46870774,39321.55179518,446632049.8680957,1453382.52042693,16508178968.163425
2020-08-26 00:00:00+00:00,1.8556766,24300.636699,278778097.8692813,32976.9985549,378313747.26701605,1447694.44010395,16608021728.283417
2020-08-27 00:00:00+00:00,1.82960462,26983.00207613,305303865.0449083,30766.38774914,348111639.5714984,1446957.27685538,16371849504.825819
2020-08-28 00:00:00+00:00,1.86186629,33929.05222563,391130145.4515738,35852.55083929,413304012.4825078,1448555.24820615,16698775467.04716
2020-08-29 00:00:00+00:00,1.85563351,17704.31160816,203436037.2198764,17109.4330782,196600429.40632722,1450073.99826442,16662455700.70795
2020-08-30 00:00:00+00:00,1.88762446,19019.98189839,222514308.57266214,16400.32735317,191867033.35742116,1454273.35900861,17013508881.563944
2020-08-31 00:00:00+00:00,1.88187726,29158.86975722,340527434.92719793,36589.61578376,427306274.61067337,1449068.82562068,16922730350.321453
2020-09-01 00:00:00+00:00,1.92471346,39192.01790178,469142753.73369604,41131.00313105,492353114.37877464,1451254.18677666,17372042114.7551
2020-09-02 00:00:00+00:00,1.83478767,39038.49760815,445605748.1670397,58493.64821636,667676972.0520483,1437730.11311806,16411000473.145926
2020-09-03 00:00:00+00:00,1.65212902,50148.99681194,514603650.4290896,54049.67988488,554630487.9753984,1437510.82544923,14751009298.981241
2020-09-04 00:00:00+00:00,1.68560929,51985.62639947,544391733.6309373,63035.38458961,660104430.2734517,1430925.68234951,14984605685.528942
2020-09-05 00:00:00+00:00,1.63131545,31379.56138251,317832393.1312774,28903.90029637,292757304.34981287,1436515.81496906,14549956695.603218
2020-09-06 00:00:00+00:00,1.65140122,19081.56139462,195648971.50138414,19966.96809074,204727311.88841128,1437780.81112852,14741997844.10896
2020-09-07 00:00:00+00:00,1.67005527,31395.66338305,325506418.80971485,34852.92198333,361350855.41696274,1437304.39868177,14901797163.710802
2020-09-08 00:00:00+00:00,1.62894233,36749.23407155,371484610.30138725,38626.72109196,390463442.1530929,1437783.87928636,14534033091.80268
2020-09-09 00:00:00+00:00,1.64757745,29966.02622995,306346024.6373161,39457.70638985,403380528.371684,1429483.98506374,14613774036.855871
2020-09-10 00:00:00+00:00,1.66531058,36500.70746417,377221333.0338431,48316.45742948,499332745.7258868,1420588.09447285,14681253376.11839
2020-09-11 00:00:00+00:00,1.67381361,28758.44559977,298714570.95144856,35160.69903289,365214910.15657496,1417631.72658948,14724970148.550884
2020-09-12 00:00:00+00:00,1.68190081,18418.99610652,192238654.05626565,19707.05866383,205682134.41347656,1417709.5847561,14796603508.684498
2020-09-13 00:00:00+00:00,1.66341746,14496.79799618,149643539.6552072,17892.72380423,184698064.00306523,1415910.9740862,14615774466.523129
2020-09-14 00:00:00+00:00,1.71735678,33194.09087071,353939293.6988774,42083.55993092,448725212.4572378,1409626.57912898,15030453394.231014
2020-09-15 00:00:00+00:00,1.7348274,32473.31307041,350042214.7286397,36081.46840274,388935895.85305226,1408483.66298021,15182582070.689678
2020-09-16 00:00:00+00:00,1.76292263,36602.24252601,401465128.74897265,34181.84723839,374917457.3849226,1413314.10996757,15501682191.129995
2020-09-17 00:00:00+00:00,1.75667708,29849.98238245,326448145.93338835,36254.85397255,396493696.67243594,1409715.44444286,15417060795.40615
2020-09-18 00:00:00+00:00,1.75269523,31294.33909613,341737714.306604,39993.97587906,436738729.6775856,1404488.03113277,15337167787.948273
2020-09-19 00:00:00+00:00,1.77573693,16694.82652651,184874828.54347393,42561.04570432,471311637.4538331,1389383.15831217,15385722802.586609
2020-09-20 00:00:00+00:00,1.75066035,17064.70487663,186367363.76681837,16562.56218174,180883353.87869096,1391105.22640794,15192563577.407131
2020-09-21 00:00:00+00:00,1.67690819,36592.43341545,382587795.10379165,35972.65221655,376107747.1758007,1395627.85336799,14591819492.935213
2020-09-22 00:00:00+00:00,1.68568673,31252.57599614,328772072.94366145,33178.82927202,349035947.5952679,1394678.06101819,14671788887.630568
2020-09-23 00:00:00+00:00,1.64062817,50673.02505776,518552245.46990603,59500.63898824,608887863.297617,1388421.75785224,14208135775.847036
2020-09-24 00:00:00+00:00,1.72053475,32185.67108171,345643296.37749636,29879.46174846,320876815.8508854,1392874.9099921,14958143147.270353
2020-09-25 00:00:00+00:00,1.71066582,28851.8144273,308242126.92287385,38752.19582801,414014144.4156432,1385600.70157127,14803246027.88329
2020-09-26 00:00:00+00:00,1.71935636,14322.33697902,153850979.51730472,15285.14635166,164193507.08707857,1386155.43205124,14890123818.250528
2020-09-27 00:00:00+00:00,1.72167524,14659.05297297,157714175.19321528,18698.32413338,201171983.86751842,1385275.05482837,14903930908.145683
2020-09-28 00:00:00+00:00,1.71621999,41550.09940093,445723499.80975944,38053.08448264,408209709.21140844,1392611.2955208,14939063671.656122
2020-09-29 00:00:00+00:00,1.73140353,35113.2461542,380667713.77963674,34809.28905946,377372471.5273639,1395224.66135653,15125829714.380585
2020-09-30 00:00:00+00:00,1.71995233,33485.88099688,360721689.3196953,28574.36872441,307813151.41367847,1401685.12622003,15099445245.937826
2020-10-01 00:00:00+00:00,1.69356781,34984.24472274,371064496.44252837,46703.31597777,495364200.7375661,1391051.99143787,14754356162.868809
2020-10-02 00:00:00+00:00,1.68748627,30360.78152037,320916669.13062894,55545.40149749,587120763.7437886,1366805.77143038,14447281445.033495
2020-10-03 00:00:00+00:00,1.68506329,16001.0107501,168901956.12363014,17535.69184766,185101597.72453487,1366709.89971264,14426587115.039131
2020-10-04 00:00:00+00:00,1.70216949,11465.03319959,122281671.60047436,12679.64934515,135236304.18167904,1365908.88947465,14568263288.141264
2020-10-05 00:00:00+00:00,1.71835152,29736.60235497,320341581.1400284,34791.20321242,374792954.278717,1363878.62465837,14692567425.515831
2020-10-06 00:00:00+00:00,1.69012311,28416.79309624,301114954.72338074,28112.7365021,297893057.47171915,1365867.91602864,14473246657.361269
2020-10-07 00:00:00+00:00,1.70039927,31467.52879161,335670246.723789,47529.10604251,507002213.535885,1351402.47195217,14415672873.056072
2020-10-08 00:00:00+00:00,1.73638098,37290.95614351,406565744.35526806,38609.27630279,420938768.60258305,1352961.83888777,14750706176.446768
2020-10-09 00:00:00+00:00,1.76179817,40242.19728034,445646264.9845614,40446.74366616,447911432.86845595,1356767.41768358,15024983052.772491
2020-10-10 00:00:00+00:00,1.79700041,22758.15993777,257232165.60412666,19208.10161942,217106373.7234499,1361783.48219876,15392040268.974398
2020-10-11 00:00:00+00:00,1.80770338,11161.43571848,126997745.79942837,11965.55206465,136147192.68957898,1361946.70690569,15496587180.948456
2020-10-12 00:00:00+00:00,1.83284911,29573.76697569,341529736.5793049,28985.07962936,334731338.7125426,1365038.77944358,15764015965.471188
2020-10-13 00:00:00+00:00,1.81348383,26561.29427832,303727570.9596926,29106.92158154,332836739.7100562,1363596.23380725,15592680368.821878
2020-10-14 00:00:00+00:00,1.80880169,31195.80453471,356165873.0731879,30726.5580909,350808435.69214135,1366606.54388869,15602694660.754065
2020-10-15 00:00:00+00:00,1.82050458,24054.50565433,276688905.4539139,42286.90537248,486408564.39461166,1349975.49661109,15528202820.484455
2020-10-16 00:00:00+00:00,1.7940757,35596.99376252,403633855.79742163,57461.31740229,651553141.1730057,1330635.57704093,15088059744.746145
2020-10-17 00:00:00+00:00,1.79732641,10140.31028355,115222340.1752153,22120.94177513,251355886.25379288,1320303.74919343,15002350368.99869
2020-10-18 00:00:00+00:00,1.81665683,9334.09317975,107245207.62233211,11060.99548395,127086663.30430475,1318799.57270005,15152509329.272396
2020-10-19 00:00:00+00:00,1.85166488,28072.93807244,329739451.97591513,33285.30899318,390962980.71611935,1316421.78733683,15462442784.06135
2020-10-20 00:00:00+00:00,1.87699868,28127.20237279,335542258.2888466,29240.42375457,348822385.1733904,1316747.15288432,15708078870.354725
2020-10-21 00:00:00+00:00,2.013415,48720.19965449,625981028.1564693,43135.09095228,554220811.396913,1324755.45199222,17021107995.75825
2020-10-22 00:00:00+00:00,2.02018679,39507.2715286,513495735.6888341,50553.98461949,657075381.8166022,1315271.52471011,17095240776.69268
2020-10-23 00:00:00+00:00,2.00849858,24431.67069388,316473928.7124721,35346.27231804,457855453.5213628,1305624.77394247,16912318719.874123
2020-10-24 00:00:00+00:00,2.02902772,15347.70763762,201267795.5350756,18419.61961338,241552440.38480583,1304182.31576062,17102873332.40306
2020-10-25 00:00:00+00:00,2.01568826,9961.45796831,129913759.03247948,15109.10446234,197047516.79537624,1301373.67082673,16972048270.528399
2020-10-26 00:00:00+00:00,2.01954164,27821.86669501,363928272.24060977,32699.93445478,427736599.3793535,1299594.80196788,16999552764.656002
2020-10-27 00:00:00+00:00,2.10370037,25999.10009191,355551315.4011054,43888.32526946,600195842.3616232,1283880.66977818,17557740819.64192
2020-10-28 00:00:00+00:00,2.04049323,37702.4911788,501078506.2227622,39579.88411156,526029675.67942446,1285067.54678455,17078970290.966505
2020-10-29 00:00:00+00:00,2.06357066,37473.96157807,504969775.3826246,40123.10804835,540667599.7310334,1283817.15106949,17299715085.028645
2020-10-30 00:00:00+00:00,2.0801745,35777.45432564,486691304.5697058,45359.19637585,617034578.745172,1277141.35465078,17373331997.225338
2020-10-31 00:00:00+00:00,2.10747626,19340.86625224,267043858.58467728,20787.90819306,287023504.70656073,1276278.90800729,17621881035.707596
2020-11-01 00:00:00+00:00,2.09316771,13403.79181581,184126539.90352008,15291.8323101,210062362.25800517,1275096.37763786,17515870679.29878
2020-11-02 00:00:00+00:00,2.06586073,21566.92884739,293214577.8270711,53401.43920896,726022725.0625963,1245498.8454098,16933260211.740107
2020-11-03 00:00:00+00:00,2.09497527,30285.95318761,423909924.53285575,44079.98775696,616983859.4053744,1233757.79970828,17268803544.87636
2020-11-04 00:00:00+00:00,2.10823433,28859.98924172,407767064.91678905,39370.78124053,556275602.7200481,1223247.00770947,17283438251.628674
2020-11-05 00:00:00+00:00,2.30749272,59356.67978777,926348054.4677471,61506.90076027,959905406.7602439,1223052.20341281,19087523648.47382
2020-11-06 00:00:00+00:00,2.29919169,47889.44439741,747983913.7119573,45597.56066662,712187044.8131864,1229643.28664358,19205764643.680897
2020-11-07 00:00:00+00:00,2.18711473,20410.69509995,303432665.77837497,17221.22617299,256016884.2880554,1233390.46220554,18336022073.719864
2020-11-08 00:00:00+00:00,2.26976446,12063.25208147,186980415.79378158,17207.9497269,266723232.93621907,1230097.38790057,19066510382.36991
2020-11-09 00:00:00+00:00,2.23751677,34744.01436161,532272045.14288574,38655.92635958,592201832.700169,1229916.12345002,18842093592.567127
2020-11-10 00:00:00+00:00,2.23228692,38653.79206751,592148096.6131909,47181.71487875,722789697.1040397,1223342.87106836,18740726688.425785
2020-11-11 00:00:00+00:00,2.28563276,27851.64176006,438140891.7194844,39681.27443449,624235695.5138278,1217719.72592427,19156242607.78645
2020-11-12 00:00:00+00:00,2.35643005,35345.56602852,575772728.0597534,50374.61862879,820593213.0062587,1208235.61178986,19681934468.891068
2020-11-13 00:00:00+00:00,2.35455292,36927.64122962,603030699.1528435,42203.62532274,689187850.5563146,1206664.21153887,19704902314.29513
2020-11-14 00:00:00+00:00,2.317866766319,22312.9731877,359283717.77626336,20554.22440032,330964327.1845734,1212364.09480905,19521498798.80482
2020-11-15 00:00:00+00:00,2.29883051,9383.14496359,150006039.57410467,24898.14739543,398040582.13034344,1205342.6364842,19269517409.185055
2020-11-16 00:00:00+00:00,2.39979607,33860.67847116,566931166.0809002,45549.71183551,762641282.2043492,1203377.91511316,20148221342.705257
2020-11-17 00:00:00+00:00,2.51738625,45557.9309695,805563043.2135108,42402.35063524,749765537.8598762,1208123.62093803,21362246264.267662
2020-11-18 00:00:00+00:00,2.51023261,47835.81107907,851701788.3076769,48290.87105155,859803990.0599962,1209121.46086139,21528032811.95787
2020-11-19 00:00:00+00:00,2.504430386254,26774.67324887,477089031.15990585,32490.43743081,578936339.2690846,1204618.35588286,21464695347.863766
2020-11-20 00:00:00+00:00,2.596127396527,45292.31120168,845325815.8920882,45687.53027145,852702098.3944712,1206999.70127422,22527179121.371292
2020-11-21 00:00:00+00:00,2.589987418208,22769.00456589,425930417.9903589,26665.71569299,498824592.8037719,1206923.57256846,22577423631.2736
2020-11-22 00:00:00+00:00,2.55377715,18209.8003816,336566143.3383785,22649.02625698,418614990.71587545,1209369.0035348,22352395570.682343
2020-11-23 00:00:00+00:00,2.52775968,36708.34663382,674451914.6388797,36827.60105331,676643006.8271636,1213731.65909782,22300204623.821323
2020-11-24 00:00:00+00:00,2.61774563,45572.20045596,872719079.5646398,46403.36603448,888636109.0561775,1216708.79400883,23300278858.198505
2020-11-25 00:00:00+00:00,2.555478063978,44774.38426693,839447784.4950482,43933.52040638,823682937.7783957,1219297.8345785,22859875856.126682
2020-11-26 00:00:00+00:00,2.326869284941,66472.48967972,1137591368.1171308,54782.97145745,937540262.8978946,1232729.91179844,21096590689.449326
2020-11-27 00:00:00+00:00,2.31953985,50319.00774971,860535694.7982056,49999.61055533,855073490.7748369,1237163.88983321,21157485712.205997
2020-11-28 00:00:00+00:00,2.40313103,15669.74427629,278065524.57235193,21137.24813261,375088443.46001947,1233916.66337416,21896316763.692413
2020-11-29 00:00:00+00:00,2.45853128,18222.90203759,331490385.14074874,22916.70223992,416874679.784626,1234211.36571926,22451374656.101418
2020-11-30 00:00:00+00:00,2.63721867,51199.72845067,1006812329.604423,45012.7430613,885148927.0513842,1243295.75444049,24448674490.95109
2020-12-01 00:00:00+00:00,2.51290662,46804.50104903,880889157.0315623,39415.98499561,741832794.2430054,1252143.05169033,23566093272.332447
2020-12-02 00:00:00+00:00,2.55197705,27393.16240293,526356115.5218433,29178.81678427,560667236.30453,1251691.26530363,24051087733.023846
2020-12-03 00:00:00+00:00,2.57495934,30879.67955296,601236970.9014668,37398.14919791,728153603.4889714,1246935.66894523,24278225530.800915
2020-12-04 00:00:00+00:00,2.47230116,31541.46949206,590865309.996522,52831.05617032,989682436.621346,1232093.12314882,23080759928.99353
2020-12-05 00:00:00+00:00,2.51909742,16425.17451018,313961184.8733897,15351.25159655,293433542.36846614,1244612.19245214,23790305448.98965
2020-12-06 00:00:00+00:00,2.54722977,10670.57429836,206542983.2306263,17328.97175835,335425013.0509825,1241576.34387712,24032341165.776558
2020-12-07 00:00:00+00:00,2.51748691,26559.12076289,509461750.9986755,24677.03187394,473359189.11570144,1247403.80792203,23927920425.52621
2020-12-08 00:00:00+00:00,2.40341294,26724.55478438,490154475.04000604,37007.38245437,678751592.529001,1239912.22469802,22741203005.849945
2020-12-09 00:00:00+00:00,2.422360712922,39393.1433214,731715690.6429504,45637.04416673,847694255.2898798,1247457.44918477,23171143808.726345
2020-12-10 00:00:00+00:00,2.38235433,37078.97351642,678354145.6012682,44322.20437277,810867945.552504,1241759.48214832,22717799676.46544
2020-12-11 00:00:00+00:00,2.34803699,35391.72780407,639236894.492573,29294.55454484,529111214.2491481,1249825.72310748,22574052284.734276
2020-12-12 00:00:00+00:00,2.43833504,25811.93677828,485607291.2258191,13950.11758267,262447520.68749875,1261687.54230309,23736485760.60054
2020-12-13 00:00:00+00:00,2.46411643,20361.15107626,390039889.9248516,15862.36352835,303860744.4821363,1266186.329851,24255169802.028214
2020-12-14 00:00:00+00:00,2.474236613553,32294.94166201,622864508.0586579,31077.75497021,599388931.0491663,1268153.85992511,24458568105.54709
2020-12-15 00:00:00+00:00,2.48407194,35576.46843944,691342870.1881176,35351.7251982,686975527.2710227,1271591.61150747,24710316480.77057
2020-12-16 00:00:00+00:00,2.70395115,46840.0162505,1001004887.0101802,45782.62099827,978407588.8085107,1274479.15682001,27236537612.34179
2020-12-17 00:00:00+00:00,2.838980097189,60083.96038857,1369269440.7118292,56753.34720631,1293367206.2418098,1280106.82902593,29172696847.81252
2020-12-18 00:00:00+00:00,2.82221791,46116.45313109,1062927270.6103618,46615.64540426,1074433035.7853653,1305845.01429983,30098114287.85092
2020-12-19 00:00:00+00:00,2.906877174893,22829.35160629,544634670.862096,16312.6040996,389166101.51299554,1312451.95506479,31310869046.849354
2020-12-20 00:00:00+00:00,2.850832494921,14174.67958769,333509666.10995,17881.25523714,420720018.8810208,1308775.38073159,30793587787.32356
2020-12-21 00:00:00+00:00,2.76690892,42727.37494515,980055673.838272,39707.38772859,910784963.6598868,1311795.36794815,30089199135.747063
2020-12-22 00:00:00+00:00,2.831513764707,39815.54841088,945893554.8563486,46730.96172487,1110182259.745403,1304879.95463416,30999887938.56266
2020-12-23 00:00:00+00:00,2.75180066,47990.0016973,1118515970.1373792,63492.02982652,1479825939.2726164,1289377.92650494,30051880627.867023
2020-12-24 00:00:00+00:00,2.77320466,36077.87699725,855321068.8598176,28064.01474624,665331363.3471655,1297391.78875595,30758088442.21279
2020-12-25 00:00:00+00:00,2.87742129,24349.04912236,600670693.8847742,17614.10866059,434525340.9342552,1304126.72921772,32171716579.828545
2020-12-26 00:00:00+00:00,3.06732801,22418.5197499,593599092.7556593,22330.75532249,591275260.2694833,1304214.49364513,34533080186.52677
2020-12-27 00:00:00+00:00,3.033869719213,45924.36837137,1213820394.7404199,29970.36429344,792142400.8055941,1320168.49772306,34893184247.45203
2020-12-28 00:00:00+00:00,3.03336124,37592.19441279,1016468465.1546829,36714.38725576,992733131.063505,1321046.30488009,35720232109.21863
2020-12-29 00:00:00+00:00,3.00690895,29692.80957439,808570938.6793761,40218.10127483,1095187298.4003258,1310521.01317965,35687064342.32692
2020-12-30 00:00:00+00:00,3.14848763,45397.41494065,1309470895.9519894,49585.17737336,1430265285.499588,1306333.25074694,37680677952.782524
2020-12-31 00:00:00+00:00,3.140996404211,38016.96710718,1103353944.4562275,50188.20581598,1456595806.1863422,1294162.01203814,37560038830.08354
2021-01-01 00:00:00+00:00,3.145922773591,20681.92548572,607649318.5002779,20398.9416514,599335057.132792,1294444.99587246,38031691977.66852
2021-01-02 00:00:00+00:00,3.36183826,41246.85062136,1320834742.089043,37225.32449069,1192054693.4407442,1298466.52200313,41580379298.41615
2021-01-03 00:00:00+00:00,3.43360474,41565.93012885,1383224177.1305325,27678.0009559,921063957.3844199,1312354.45117608,43672315288.13254
2021-01-04 00:00:00+00:00,3.2392637,49024.92022894,1559097705.744159,45822.78384504,1457262894.6663578,1315556.58755998,41837523607.648865
2021-01-05 00:00:00+00:00,3.40781574,33362.01898061,1134748162.330863,37802.57574202,1285785592.8791912,1311116.03079857,44595217915.795616
2021-01-06 00:00:00+00:00,3.60095708,44611.1131233,1634697407.6817982,58826.14994813,2155582949.887968,1296900.99397374,47522703300.616394
2021-01-07 00:00:00+00:00,3.742047073313,61916.05396556,2428078372.838263,62653.78589589,2457009010.859589,1296163.26204341,50829886316.49038
2021-01-08 00:00:00+00:00,3.78863874,49568.04668213,2021157156.882002,51111.43743945,2084089539.4111578,1294619.87128609,52788649007.52425
2021-01-09 00:00:00+00:00,3.6883279,27706.00697335,1118510406.6942334,27555.25697415,1112424526.3623424,1294770.62128529,52270773467.37735
2021-01-10 00:00:00+00:00,3.47615243,32006.26731369,1226779107.3285723,26440.61499457,1013451326.3401664,1300336.27360441,49841031361.91256
2021-01-11 00:00:00+00:00,3.17723254,63762.889582,2248886108.793107,52918.7931086,1866420099.4683669,1315032.34360893,46380551282.14604
2021-01-12 00:00:00+00:00,3.024579234512,36390.0855199,1226799613.450231,44091.40313375,1486430041.264477,1309619.69558349,44150512793.65748
2021-01-13 00:00:00+00:00,3.31893271605,31351.05064528,1169285950.4369433,30762.68198577,1147341830.7636833,1311520.38808343,48915182487.78185
2021-01-14 00:00:00+00:00,3.43968572,37751.31625677,1474019711.2685914,46963.36644517,1833708985.8501642,1303298.18637263,50887953238.69936
2021-01-15 00:00:00+00:00,3.21691863,29361.06563866,1077854039.5284653,30515.37793881,1120229210.4744356,1306176.61648377,47950158204.09806
2021-01-16 00:00:00+00:00,3.16002808,17876.279341,646714825.1626091,21228.34327089,767983317.1681403,1305896.07206738,47243743164.75354
2021-01-17 00:00:00+00:00,3.14208979,15143.76971379,546234856.8756099,18826.89818275,679085077.7994559,1308951.27975229,47213793425.65942
2021-01-18 00:00:00+00:00,3.16789734,23419.90144815,857034815.2948225,18716.36048317,684912043.0842805,1316159.74033772,48163939650.05018
2021-01-19 00:00:00+00:00,3.12779915,45088.37728102,1634460267.878124,44609.56076701,1617103099.2473803,1319399.80627893,47828435859.8283
2021-01-20 00:00:00+00:00,3.05640832,40318.56875513,1431933322.7698605,34835.64253355,1237204566.135361,1327648.95946478,47152090083.96311
2021-01-21 00:00:00+00:00,2.671999724485,46407.26226613,1439690224.6282,46964.25695874,1456969843.699926,1329338.82307873,41240013208.06212
2021-01-22 00:00:00+00:00,2.83570647,38962.06308563,1285219590.9291449,42810.57531773,1412168292.4328296,1328417.39908213,43819755193.12743
2021-01-23 00:00:00+00:00,2.75080418,13906.98910953,445528228.67147416,12112.20557667,388030036.79499614,1331522.99563649,42657046540.342705
2021-01-24 00:00:00+00:00,2.763770318383,12877.69746653,414869244.60289556,15753.3734475,507512321.9114345,1330971.73766139,42878724308.17194
2021-01-25 00:00:00+00:00,2.777191691556,31812.26420588,1031344251.0384172,29678.29530726,962161606.8467559,1336129.83602336,43316936389.86224
2021-01-26 00:00:00+00:00,2.79160837,28199.1159849,920437169.0036333,33487.2245448,1093044412.2542586,1334512.17932589,43559330476.790016
2021-01-27 00:00:00+00:00,2.58416695,41219.77726551,1251388527.3230326,52587.25083431,1596492915.3699517,1324335.57729911,40205417343.30322
2021-01-28 00:00:00+00:00,2.83537151,49695.4439814,1665358315.4293118,44890.62014863,1504342482.1253302,1332057.75907911,44638970657.849754
2021-01-29 00:00:00+00:00,2.87127647,65688.44918278,2244321370.3377647,59840.54852483,2044521122.6301358,1340419.59613082,45796976214.87675
2021-01-30 00:00:00+00:00,2.878188037248,26635.75940029,914936127.1694108,24808.25826595,852161614.7133275,1344146.90334797,46171334693.86115
2021-01-31 00:00:00+00:00,2.77012967,18133.33152904,601261970.8581332,22925.07243677,760145713.6171125,1341402.43170588,44477997245.55462
2021-02-01 00:00:00+00:00,2.798474060738,29686.82847712,996594902.2484151,35007.85158361,1175223094.436778,1339477.21410955,44966614210.349976
2021-02-02 00:00:00+00:00,2.95247741,28810.48787922,1025542416.7014583,28764.98080447,1023922540.0922258,1342136.8778328,47774904160.14656
2021-02-03 00:00:00+00:00,3.10161426,31180.64689318,1171717985.784379,35978.60552812,1352017465.9994066,1338926.7185753,50314687927.30804
2021-02-04 00:00:00+00:00,3.046232040351,38123.75037591,1415504464.4532723,50348.48839268,1869399243.1381075,1329519.85609763,49364012546.74688
2021-02-05 00:00:00+00:00,3.09428668,29123.96439872,1108033271.4660878,30474.98942752,1159433577.4821062,1328935.10255179,50559885635.325714
2021-02-06 00:00:00+00:00,3.18428793,29082.62026178,1144160509.1462603,18027.74297431,709242543.9860278,1340667.98802678,52744194091.50337
2021-02-07 00:00:00+00:00,3.141200247585,19434.47769347,758003170.2246525,25899.8641908,1010172718.5398341,1335991.12539381,52107678138.464836
2021-02-08 00:00:00+00:00,3.65741696,52979.39994911,2443512391.6519885,45914.39424093,2117660664.1576707,1344776.67574044,62023701180.6989
2021-02-09 00:00:00+00:00,3.61855022,46166.95275374,2148986795.422699,51112.18348076,2379178196.38805,1343492.03077077,62537084682.24866
2021-02-10 00:00:00+00:00,3.46683384,36679.95541904,1653463738.26141,35444.72192472,1597781724.2619092,1347190.54203382,60728828166.06092
2021-02-11 00:00:00+00:00,3.64585169,27765.76828764,1329781523.5708923,28539.12590676,1366819816.9962664,1347458.56678078,64533618782.666
2021-02-12 00:00:00+00:00,3.57975153,27317.15624424,1298253563.7047348,33490.87963708,1591661059.1416671,1342542.20745488,63804599192.85462
2021-02-13 00:00:00+00:00,3.54773666,14382.43883384,678975161.8813815,18455.37163056,871252719.0421516,1341382.91702873,63324843147.71352
2021-02-14 00:00:00+00:00,3.65475277,19413.35630089,947950839.5557095,19232.43994334,939116725.0228701,1342761.74058819,65566824179.469986
2021-02-15 00:00:00+00:00,3.56148121,23043.90216424,1108647703.6044614,29698.68147608,1428810744.9801066,1337643.78406817,64354365804.818886
2021-02-16 00:00:00+00:00,3.6125173,31099.15790299,1528224519.6883483,28062.11063427,1378982854.7536137,1343382.05121426,66014308052.29224
2021-02-17 00:00:00+00:00,3.79432537,36400.90238977,1901034910.9992452,38919.78920511,2032583621.5653543,1341914.08398314,70081381332.19617
2021-02-18 00:00:00+00:00,3.70969063,27403.07869775,1415370931.544904,34081.07534561,1760289925.5231762,1337527.51243865,69083389575.59056
2021-02-19 00:00:00+00:00,3.90986635,34833.31275691,1944413088.1480367,36099.19811498,2015075447.3529618,1338165.03524069,74697047242.74094
2021-02-20 00:00:00+00:00,3.87796973,32001.51754991,1787663031.2478237,29908.3490811,1670734829.8264577,1342032.59622704,74968384085.62796
2021-02-21 00:00:00+00:00,3.95810037,51462.92276142,2959154911.9100075,17974.4188487,1033541955.4664797,1376466.81489863,79147827558.71626
2021-02-22 00:00:00+00:00,3.68695731,42529.48140023,2294557101.9177237,50137.95483345,2705050627.25972,1373486.92023714,74102576929.24014
2021-02-23 00:00:00+00:00,3.28933195,56255.52786664,2731795944.129889,67077.16108945,3257299745.587673,1364234.41283329,66247890245.65232
2021-02-24 00:00:00+00:00,3.32994398,34806.17827288,1725249870.5672648,41324.7688541,2048359103.3121169,1360006.2678613,67411900818.38394
2021-02-25 00:00:00+00:00,3.17682646,29508.11202234,1403645743.2599657,34544.15419813,1643200858.0559793,1357217.42054029,64560296286.572716
2021-02-26 00:00:00+00:00,3.06572143,31561.11424446,1459126098.268111,37457.00279557,1731703447.431721,1354701.39398388,62630239984.922
2021-02-27 00:00:00+00:00,3.04478896,17256.67479664,790951291.5363466,17714.9103573,811954295.4639907,1355204.23688262,62115126702.54086
2021-02-28 00:00:00+00:00,3.00886446,24058.01184163,1091258525.9930706,18725.24829375,849367228.9466883,1361840.15073967,61772339514.88755
2021-03-01 00:00:00+00:00,3.269931,26105.92350979,1295753079.6859152,35499.00299062,1761973386.3705554,1354032.96822411,67206677745.55833
2021-03-02 00:00:00+00:00,3.17061495,24168.89255657,1167471236.9138558,25326.28715244,1223378842.0006454,1354042.61059071,65406629522.653946
2021-03-03 00:00:00+00:00,3.3135168,27442.99174605,1391098072.5207138,24596.15693962,1246790686.188476,1359363.61043349,68906776485.14792
2021-03-04 00:00:00+00:00,3.161905493951,24217.85100682,1173906938.7015004,25223.35476579,1222646516.7595587,1360043.11378006,65925091691.66156
2021-03-05 00:00:00+00:00,3.17106851,25354.64155981,1237327231.9743268,28229.60405906,1377627751.815462,1360004.94355595,66369352858.40793
2021-03-06 00:00:00+00:00,3.175929809802,16908.33621166,828010092.4849852,12791.00154161,626382054.204746,1364550.49300821,66822753331.40151
2021-03-07 00:00:00+00:00,3.30549961,17593.83857383,898807074.4559451,19689.65185371,1005874772.8885556,1364735.29683219,69719506314.9588
2021-03-08 00:00:00+00:00,3.35002291,24167.48331574,1258847353.6829126,25315.649289,1318653568.4279027,1366555.45331864,71181789746.00642
2021-03-09 00:00:00+00:00,3.49855563203,28300.49239901,1549144481.190923,31962.7844982,1749615183.7490091,1363729.21630228,74649358021.32555
2021-03-10 00:00:00+00:00,3.56293331,27342.52946271,1534354501.9760776,27263.20909171,1529903356.79186,1365417.40278695,76621818837.20259
2021-03-11 00:00:00+00:00,3.63177042,24464.75909245,1415219156.161687,26447.54243184,1529917729.4776587,1387552.85592675,80266123793.56734
2021-03-12 00:00:00+00:00,3.570586382096,23454.07756814,1344731129.8981142,29435.34158199,1687664758.0570536,1382847.38403503,79285059060.94978
2021-03-13 00:00:00+00:00,3.78957634,21753.03812066,1333217475.027938,21409.85417887,1312184145.071657,1385558.76381707,84919225827.33829
2021-03-14 00:00:00+00:00,3.68484058,37999.1376972,2276361845.095891,14516.96294926,869647643.7885377,1409640.15099047,84445365065.91211
2021-03-15 00:00:00+00:00,3.43735753,25201.1748633,1414318207.1318326,36897.94469592,2070754053.0255103,1401941.53200442,78678531647.96884
2021-03-16 00:00:00+00:00,3.44231318,26696.48885542,1508363527.6517837,28777.91466223,1625965014.1059844,1401518.1476795,79186400457.02692
2021-03-17 00:00:00+00:00,3.55383882,32746.71431916,1921677597.1002436,29392.99439442,1724871029.4700139,1405910.36103206,82503130481.87753
2021-03-18 00:00:00+00:00,3.48651656,28996.86231183,1674031772.010192,28046.87053753,1619187341.0429928,1408619.46670706,81321686345.9615
2021-03-19 00:00:00+00:00,3.50341884,23818.51278286,1385478155.5604923,25005.83202412,1454542285.9467583,1408848.71035983,81950083554.2402
2021-03-20 00:00:00+00:00,3.49731896,14740.852693,858623488.1389015,15745.14275609,917121259.9457562,1408470.5954652,82040432857.29927
2021-03-21 00:00:00+00:00,3.440164039174,9693.96623573,556898323.0071119,13424.85477621,771230157.9852127,1407100.22996327,80834999763.17558
2021-03-22 00:00:00+00:00,3.25092326,26637.96366352,1450520694.1165395,28480.63381559,1550859864.999514,1408103.25533531,76675639966.94913
2021-03-23 00:00:00+00:00,3.23614304,28898.52975476,1576808163.3434892,28709.75775184,1566508081.029927,1410008.13397632,76935136662.73524
2021-03-24 00:00:00+00:00,3.11041886,27942.06303341,1469624298.4773908,32494.914424,1709083390.061549,1407357.23079614,74020532433.22923
2021-03-25 00:00:00+00:00,3.03612207,35901.43495394,1850615751.494207,33782.98083442,1741415532.4101713,1410960.89579887,72730977518.24554
2021-03-26 00:00:00+00:00,3.20883079,29936.08270952,1641031904.4699204,34296.26517504,1880047763.8479815,1408541.54087229,77213228924.15648
2021-03-27 00:00:00+00:00,3.26897077,13645.24260687,764404270.8316478,15070.22383861,844231487.5971881,1409784.83971092,78975917356.43987
2021-03-28 00:00:00+00:00,3.24472988,11161.95595402,621866477.7797936,11974.37644085,667128891.3480144,1411877.16480251,78659966331.19171
2021-03-29 00:00:00+00:00,3.33795673,27884.37708274,1605337979.7870715,27768.44911122,1598663863.487162,1415603.3926022,81498033243.36752
2021-03-30 00:00:00+00:00,3.38330063,28665.45518641,1682219292.0704095,22400.53460454,1314565257.0105681,1423102.58187816,83514132333.24854
2021-03-31 00:00:00+00:00,3.375535019449,28753.48816176,1690480677.9788873,29326.0837649,1724144830.2361133,1423464.12348673,83688580078.11105
2021-04-01 00:00:00+00:00,3.35598363,24561.3122425,1444671262.3031049,25360.42655779,1491674348.9133089,1427425.59819817,83959713570.3697
2021-04-02 00:00:00+00:00,3.35413045,23436.48063114,1383491403.6681306,29069.09413835,1715993219.5361638,1422999.06332332,84001817615.90085
2021-04-03 00:00:00+00:00,3.25187507,15394.55352795,881836813.2875757,13166.69283747,754219629.1857672,1426601.5697094,81719146955.41774
2021-04-04 00:00:00+00:00,3.298301283114,13061.15774958,760188107.6313298,15169.32824261,882888267.018978,1426092.12622604,83001698281.95923
2021-04-05 00:00:00+00:00,3.32023402,23140.70993129,1359652140.1511562,28467.59955652,1672638081.4121728,1422182.43354225,83561541335.27507
2021-04-06 00:00:00+00:00,3.22914317,25500.25078387,1481158260.337145,36438.03154161,2116469044.391506,1445795.70959297,83977694030.29526
2021-04-07 00:00:00+00:00,3.12214094,29554.53024791,1662939867.3922796,33236.56855242,1870116507.9436262,1443720.45904255,81233580387.61307
2021-04-08 00:00:00+00:00,3.2057806,21393.36250549,1240030843.0459318,33033.11062149,1914709574.1440372,1434356.35381079,83140091614.29596
2021-04-09 00:00:00+00:00,3.203576140634,19496.51831462,1131807251.8768203,18430.38089634,1069916095.6183366,1436269.62579219,83377983283.45741
2021-04-10 00:00:00+00:00,3.27565104,24435.39966813,1457609684.6921291,25993.88268244,1550575626.151612,1435945.2474726,85656372632.75732
2021-04-11 00:00:00+00:00,3.28353702,15146.85357877,907795325.0565362,15638.89496673,937284807.4365916,1437134.02011501,86131653557.98297
2021-04-12 00:00:00+00:00,3.26759859,30512.23405935,1827863952.2020342,26429.30101586,1583272025.0775445,1443833.64248068,86494206321.75157
2021-04-13 00:00:00+00:00,3.43453079,37166.04944056,2358023730.382216,31545.61763937,2001431847.1529615,1451121.23349326,92067312930.6116
2021-04-14 00:00:00+00:00,3.37622405,31268.34118701,1965824838.2812862,30230.26208049,1900561328.47458,1454569.3195652,91448039417.93655
2021-04-15 00:00:00+00:00,3.37419883,26433.86968139,1671444322.2048426,27162.94539579,1717544627.5320358,1455574.11420777,92037644055.33635
2021-04-16 00:00:00+00:00,3.27664917,35892.18015581,2209921375.764678,36622.80142996,2254906538.669895,1466086.46358355,90268571051.62697
2021-04-17 00:00:00+00:00,3.19962738,13996.77483611,843737850.7561506,42875.23286654,2584556603.4366426,1433789.55196702,86430090444.28485
2021-04-18 00:00:00+00:00,2.959841879616,39756.36416235,2241843802.0584135,53128.41024084,2995887569.730007,1425449.61469448,80380473697.23256
2021-04-19 00:00:00+00:00,2.92575459,27580.36477732,1538932974.4826431,29902.95543291,1668529206.2573566,1427006.94690653,79624329233.53288
2021-04-20 00:00:00+00:00,2.95532944,31759.90222232,1793620588.6405478,34686.07562712,1958874399.1857588,1443623.20553606,81527716476.06157
2021-04-21 00:00:00+00:00,2.82653587,29858.554927,1613132304.070833,24940.40180496,1347425149.2227108,1450592.68069086,78369429431.26689
2021-04-22 00:00:00+00:00,2.70960708,44636.96201306,2315857532.926715,30063.1162496,1559736395.3558834,1466693.30723431,76095069889.79161
2021-04-23 00:00:00+00:00,2.65915763,54804.73314239,2792570248.175707,51384.62348259,2618298868.062582,1476273.84787653,75223401143.63492
2021-04-24 00:00:00+00:00,2.61911452,18178.93383854,914035856.2124095,18084.27213635,909276270.7064472,1477979.5873075,74312737454.66092
2021-04-25 00:00:00+00:00,2.54988868,14370.39615372,703386928.9872744,17959.38411316,879056909.9647518,1486844.36224431,72776482892.59857
2021-04-26 00:00:00+00:00,2.79947785,26857.00361155,1448756745.1883283,29466.95364908,1589546193.4888825,1486645.14047931,80194619106.52618
2021-04-27 00:00:00+00:00,2.84255929,29324.16560579,1613621769.393336,26936.51945867,1482236690.8750153,1490303.84987227,82006996123.69438
2021-04-28 00:00:00+00:00,2.82520447,22998.81054197,1260044542.9777966,19555.09931701,1071372631.9377159,1495228.48384827,81919649198.3709
2021-04-29 00:00:00+00:00,2.75289848,31428.58623929,1683537630.8865438,33550.41660395,1797197890.3097663,1495591.67743475,80114480817.92596
2021-04-30 00:00:00+00:00,2.9509244,30677.45433857,1771360524.5314834,26849.98472907,1550356900.8185432,1500471.47012447,86639389990.79614
2021-05-01 00:00:00+00:00,2.95232813,12535.47364301,725347512.2582793,12844.48829614,743228209.5723523,1500688.8148931,86835242891.95996
2021-05-02 00:00:00+00:00,2.88247785,10841.68019901,613342002.9779555,10258.02311142,580323005.8683175,1502783.89912328,85016387664.29031
2021-05-03 00:00:00+00:00,2.90918692,24253.51259225,1388344830.397537,22023.26846922,1260678873.2725224,1507191.59237668,86276231029.8689
2021-05-04 00:00:00+00:00,2.72676307,30993.4415044,1665095027.3488903,29408.63154755,1579952524.601355,1510950.88390727,81174489867.64629
2021-05-05 00:00:00+00:00,2.90068009,33508.35296907,1921436835.8304093,34891.32037392,2000738988.2484765,1517032.69972628,86989727997.1928
2021-05-06 00:00:00+00:00,2.845644398322,32532.09446204,1838953186.800595,32975.5907564,1864022858.3767436,1518460.826998,85834571152.43901
2021-05-07 00:00:00+00:00,2.86911512,28878.60734854,1655930200.855925,27154.03950098,1557041637.853801,1521754.49386711,87259028604.4444
2021-05-08 00:00:00+00:00,2.93389162,22739.64193327,1335638471.401828,17905.74106882,1051713861.6631056,1527369.62074744,89711774332.55843
2021-05-09 00:00:00+00:00,2.90472472,25884.22336005,1508750628.3227193,19816.42776452,1155068376.0122514,1534396.71286154,89437568685.1472
2021-05-10 00:00:00+00:00,2.78208874,36157.4109657,2021305132.478053,36184.6684743,2022828907.011689,1536647.03396151,85903068101.30992
2021-05-11 00:00:00+00:00,2.81280636,28075.2110395,1589396729.2533078,33304.95453066,1885463504.6014555,1532849.00906646,86777805446.29503
2021-05-12 00:00:00+00:00,2.528710162627,63591.67370577,3241417372.340798,37479.91741906,1910439659.099841,1563795.90750251,79710360271.80632
2021-05-13 00:00:00+00:00,2.4489477,66500.9599042,3283060251.6608367,46021.95154232,2272039983.0335283,1605080.21868281,79240586515.9821
2021-05-14 00:00:00+00:00,2.47934018,31477.78240857,1573807149.170286,41400.63075512,2069923726.419426,1598656.49709184,79928661794.98323
2021-05-15 00:00:00+00:00,2.33381396,26393.38185972,1241754861.9736295,19914.40283216,936932094.2488132,1606511.24040155,75583081932.68698
2021-05-16 00:00:00+00:00,2.2838578,26353.60029158,1212858667.1647599,27407.85310537,1261378021.1976345,1607777.33667875,73993938440.54488
2021-05-17 00:00:00+00:00,2.16428882,80924.51818874,3519601149.3636723,57617.1687808,2505908691.245083,1633968.90131428,71065221663.44427
2021-05-18 00:00:00+00:00,2.13179763,31132.09725709,1332136507.6093266,36645.1885779,1568040634.388404,1631178.40054818,69797812844.07858
2021-05-19 00:00:00+00:00,1.88892076,115731.73015661,4356433967.257719,113588.11135602,4275742753.6803756,1635683.12260295,61571234659.11201
2021-05-20 00:00:00+00:00,2.05205637,54351.95967412,2217527460.2531743,62825.52570107,2563243888.2107325,1631016.71033941,66544506674.55162
2021-05-21 00:00:00+00:00,1.87448768,45756.62024242,1700971750.972866,64475.15088402,2396820606.7754564,1615486.73918912,60054638932.54173
2021-05-22 00:00:00+00:00,1.90162942,36565.18045263,1376438437.7812662,30227.24490239,1137856869.2086098,1624311.72496091,61144648146.10749
2021-05-23 00:00:00+00:00,1.75890282,40729.66114035,1416341676.5729911,44957.55151934,1563363212.7235386,1623743.14958513,56464380758.841484
2021-05-24 00:00:00+00:00,1.94867935,46004.36713577,1777167523.6991003,57672.34730673,2227906371.291512,1614012.52715326,62349964246.547104
2021-05-25 00:00:00+00:00,1.93329011,37186.94467482,1423135859.6748145,35974.68584644,1376742991.8293653,1618075.49805225,61923378892.12428
2021-05-26 00:00:00+00:00,1.97886373,33685.74246959,1320307922.9703805,30070.94930939,1178626615.1108396,1623124.85792003,63618149780.032814
2021-05-27 00:00:00+00:00,1.94636165,25963.06448696,999859864.8240498,24376.64150387,938765356.1144633,1628716.75786467,62723278223.6914
2021-05-28 00:00:00+00:00,1.80279078,39161.42989196,1394018374.4228535,34264.4326049,1219701343.1884549,1635132.40358044,58205346982.83091
2021-05-29 00:00:00+00:00,1.75819515,20869.65875325,723797714.2622561,14628.23410422,507333758.2330513,1642611.42591991,56968751121.37364
2021-05-30 00:00:00+00:00,1.80573948,13380.39892298,477040240.61615443,15813.68262926,563792081.9784939,1642643.62803399,58563807856.14181
2021-05-31 00:00:00+00:00,1.88939041,22338.70341645,833523479.8099581,23235.03133454,866968140.9171479,1645081.31940435,61382877974.4899
2021-06-01 00:00:00+00:00,1.85490761,19758.71729191,724381805.7746384,21499.7385401,788210044.0668204,1657423.80607521,60763440857.074814
2021-06-02 00:00:00+00:00,1.905098964141,20298.00139236,764005723.664123,25398.55278044,955987701.5451006,1657283.29390811,62379241079.139175
2021-06-03 00:00:00+00:00,1.9791401,21078.2312821,825426707.4514347,29289.58869065,1146984698.6668675,1654259.02753816,64781032340.802536
2021-06-04 00:00:00+00:00,1.866853639007,21180.31114046,781222508.1195062,25290.30735612,932817143.8482546,1666238.75392138,61458172631.74116
2021-06-05 00:00:00+00:00,1.79378368,13600.96610322,481604323.71530086,12683.60745523,449121050.989181,1667156.11256937,59033276462.00914
2021-06-06 00:00:00+00:00,1.81038933,11704.86848082,418104976.0265423,33663.68179611,1202487058.5595577,1645197.29925408,58767441811.987785
2021-06-07 00:00:00+00:00,1.71255578,33987.01504116,1146208947.0215688,74855.33247536,2524489182.460532,1630521.68842223,54989193529.32052
2021-06-08 00:00:00+00:00,1.7042113,49025.84548962,1641142576.277873,50049.89009866,1675422519.6652687,1632025.62984412,54632137803.33435
2021-06-09 00:00:00+00:00,1.89766024,37526.75957778,1402487168.980072,42562.4361199,1590685452.4694624,1636167.42134581,61148466868.94407
2021-06-10 00:00:00+00:00,1.87120729,36135.86773951,1330739545.545711,28867.98466227,1063092467.2188501,1648325.86455011,60701251944.874374
2021-06-11 00:00:00+00:00,1.88860664,29316.34347404,1090139757.123249,33212.71930646,1235028024.2216523,1650058.38774726,61358069830.59921
2021-06-12 00:00:00+00:00,1.81254069,16292.15518323,581127673.7787749,15051.63718377,536879424.7779961,1652965.04939447,58959893469.52596
2021-06-13 00:00:00+00:00,1.976225,24425.4965039,950772696.1756095,21374.02343518,831992827.0994196,1657525.92411105,64519891810.445045
2021-06-14 00:00:00+00:00,2.04984505,31854.44454013,1288690538.5893087,62273.70039972,2519319663.758824,1645242.06115949,66559248121.070984
2021-06-15 00:00:00+00:00,2.03798688,47502.51826003,1912197316.4057045,86161.34289509,3468394828.2492332,1643905.45585906,66174841171.80792
2021-06-16 00:00:00+00:00,1.937890111061,53239.76174719,2037248433.5824282,51424.07657717,1967770253.2316809,1648362.03984569,63075469788.88594
2021-06-17 00:00:00+00:00,1.927486814795,34976.30700155,1329751737.5578036,45007.56693957,1711126630.3355045,1645388.32349369,62555431653.37881
2021-06-18 00:00:00+00:00,1.812458657444,46495.03926452,1660538342.4056816,45440.61355061,1622880253.3952665,1648656.10684901,58880618710.502815
2021-06-19 00:00:00+00:00,1.805038478086,14881.31346999,529119630.49039096,21430.13182967,761969261.513243,1649135.74445166,58636631604.625725
2021-06-20 00:00:00+00:00,1.807459745287,25442.67594833,905757784.992371,22373.67869127,796501661.0159626,1654889.9944537,58913987617.75319
2021-06-21 00:00:00+00:00,1.615498500377,43927.57347523,1393170015.1351023,38587.27552886,1223801612.0530267,1665386.6447301,52818003670.353714
2021-06-22 00:00:00+00:00,1.651499802307,49969.00220889,1618723620.0812507,50133.91052529,1624065751.7049441,1671540.49370525,54148811452.58451
2021-06-23 00:00:00+00:00,1.713698226674,42100.45285439,1415017136.4872751,45312.12776326,1522963125.7761617,1674421.52824032,56278139438.49783
2021-06-24 00:00:00+00:00,1.766672167447,28326.96493612,981783509.3797913,27185.50093589,942221539.5569133,1676600.94207027,58109266575.05433
2021-06-25 00:00:00+00:00,1.630917169218,38123.19629408,1207876411.7955382,41533.01850906,1315911524.8568826,1674102.72711778,53041439112.54772
2021-06-26 00:00:00+00:00,1.643033945428,24708.86420356,787982393.6767938,25439.02675248,811267771.2777697,1675385.50430383,53429177040.94737
2021-06-27 00:00:00+00:00,1.776255857109,17566.11906682,606145132.954257,19338.42872799,667301320.6767441,1674586.28174103,57784096790.42696
2021-06-28 00:00:00+00:00,1.769776037417,21056.35264769,723837148.5603054,24999.70801787,859394676.2418242,1671650.61196535,57464976608.22718
2021-06-29 00:00:00+00:00,1.849675862855,21906.64786248,787188625.7876455,21345.84934163,767037016.114504,1674864.77491661,60184219366.80017
2021-06-30 00:00:00+00:00,1.805586334557,19385.32769962,679755552.3228288,23770.35365572,833518531.5680611,1671718.71583166,58619596047.934525
2021-07-01 00:00:00+00:00,1.727368166727,15105.44441782,506109131.10933965,22654.68200973,759046944.2909354,1666817.53407574,55846855647.20585
2021-07-02 00:00:00+00:00,1.746141242195,15144.48663067,511625373.2308728,17379.28110509,587123314.1616603,1667576.0081124,56335630143.68159
2021-07-03 00:00:00+00:00,1.787452030946,13236.7212757,457834684.3698652,13965.95555598,483057603.21734416,1668152.77741426,57698442417.93048
2021-07-04 00:00:00+00:00,1.8265447061,8777.70796997,310341201.1448743,12381.30945978,437748722.4045404,1669883.60237978,59039749864.95726
2021-07-05 00:00:00+00:00,1.752492211228,15548.67015597,527282674.87551576,17275.11312705,585829383.9303459,1669296.92160493,56608786292.07767
2021-07-06 00:00:00+00:00,1.763785729615,16574.22937983,565578697.8625947,19768.54794637,674581565.7498096,1667249.57503568,56893193767.92143
2021-07-07 00:00:00+00:00,1.753796589122,15121.21439199,513087280.0958183,23282.33041699,790007156.7184111,1661510.09734948,56377726986.819824
2021-07-08 00:00:00+00:00,1.697989573018,22466.88379092,737355476.7452506,27686.05662557,908646952.2130027,1661028.82046252,54514400359.10692
2021-07-09 00:00:00+00:00,1.754049012631,21827.7945375,740287055.8519437,20550.71154095,696974937.9020348,1663626.35555368,56421690000.55041
2021-07-10 00:00:00+00:00,1.738516988105,10045.62801829,337643059.23837996,10141.94413888,340880335.1509233,1664293.27117304,55938470997.09459
2021-07-11 00:00:00+00:00,1.771750243299,10810.23928414,370341948.9257534,11958.26150842,409671401.01047266,1663864.90492419,57001418325.94126
2021-07-12 00:00:00+00:00,1.713116506244,23298.17019093,771990365.5885088,25963.42914667,860304349.8528515,1661766.90967834,55063038582.5274
2021-07-13 00:00:00+00:00,1.688811469688,22349.51575069,729532355.8743916,23038.52654319,752023029.6000577,1661958.24121173,54249600957.84721
2021-07-14 00:00:00+00:00,1.697934967437,24553.28503423,805305628.42865,21323.61983398,699378150.2897545,1665881.43838714,54638053391.13356
2021-07-15 00:00:00+00:00,1.643649164372,25441.60758459,806694607.3306037,28485.91881087,903222684.0691032,1664596.52514853,52780510655.77824
2021-07-16 00:00:00+00:00,1.63221452573,19675.93682679,618920711.9824557,22311.41564777,701821589.4682337,1664469.1020256,52357069997.085846
2021-07-17 00:00:00+00:00,1.630400402935,10955.42248831,345621134.02570117,10850.14002192,342299687.9139184,1665368.73141722,52538971467.101654
2021-07-18 00:00:00+00:00,1.639258220118,9078.32942391,287852980.8507516,11077.97142491,351257037.2299154,1663836.36236465,52756430637.24142
2021-07-19 00:00:00+00:00,1.597725750094,23573.90373662,728043942.8504492,22839.24628101,705355171.5462753,1666620.13849864,51471012625.7809
2021-07-20 00:00:00+00:00,1.540648215719,25558.01085868,760776561.1907536,32439.15224902,965605141.6681858,1661473.24854803,49456505497.630226
2021-07-21 00:00:00+00:00,1.661721371109,23195.53349002,745032584.8697675,30870.2956983,991543316.2894968,1655062.66698319,53160045550.77272
2021-07-22 00:00:00+00:00,1.670492594499,24118.44342506,779193621.4507976,22401.94070397,723738634.2484906,1657402.93238801,53545652608.27449
2021-07-23 00:00:00+00:00,1.732406654257,18393.28378327,615063973.3605899,17916.12204669,599107877.8044783,1658533.16814229,55460678602.468
2021-07-24 00:00:00+00:00,1.769606297066,12088.23837678,413017808.94375765,13423.94396486,458654747.7753433,1657555.61425327,56633561207.42467
2021-07-25 00:00:00+00:00,1.81848487747,11906.27390194,418147594.53203976,18749.02826207,658464699.5497373,1651339.4013724,57994936461.80418
2021-07-26 00:00:00+00:00,1.93010945385,40893.22187485,1531237799.2462523,41508.86674065,1554290487.3496716,1652252.49612007,61868235369.19719
2021-07-27 00:00:00+00:00,2.001791162085,30815.26586382,1205694740.9629192,33071.51370433,1719983683.2762582,1651467.15321259,64190186334.4234
2021-07-28 00:00:00+00:00,2.033833059073,37304.94460034,1489929421.165652,65426.55146555,2613083734.5632515,1625300.80609996,64913204273.476135
2021-07-29 00:00:00+00:00,2.017407304464,18563.00972165,744119859.3697269,56284.96555548,2256248382.2289834,1590202.84653809,63745132727.866905
2021-07-30 00:00:00+00:00,2.099162197424,23033.80482443,962575035.617571,28785.967901,1202956015.6819212,1586770.00789817,66310590391.45399
2021-07-31 00:00:00+00:00,2.098153113059,11098.04658139,463824142.7670664,14632.85964551,611555694.1967181,1584260.17184338,66211482420.46999
2021-08-01 00:00:00+00:00,2.006838470091,15986.16896921,638950691.2303486,14738.36463283,589077238.4483949,1586678.66836978,63417910436.70046
2021-08-02 00:00:00+00:00,1.972933571383,22295.21192532,876295162.7446024,21704.19158058,853065589.0175576,1588859.96842322,62448848177.42435
2021-08-03 00:00:00+00:00,1.922865034712,31759.02598447,1216015800.715476,27005.85472533,1034022456.2896341,1595122.99288427,61075385762.15571
2021-08-04 00:00:00+00:00,1.995697932518,19803.1516443,787648797.9295838,36308.08890716,1444114709.442044,1580505.34550907,62862879498.77003
2021-08-05 00:00:00+00:00,2.052274774394,26318.7327028,1077532354.190475,22807.06088196,933758714.061841,1584832.33363736,64885651400.67587
2021-08-06 00:00:00+00:00,2.140827816615,33220.45314258,1421515060.5844564,25172.93777464,1077159002.3840072,1595381.42976543,68266941454.85679
2021-08-07 00:00:00+00:00,2.222890074166,17249.86832023,767358677.3505913,19713.30536534,876944429.402689,1594506.97513788,70931484273.02206
2021-08-08 00:00:00+00:00,2.195821362505,24233.65739271,1065609677.6421871,23230.30706897,1021490055.1800656,1597318.58118407,70237773473.65924
2021-08-09 00:00:00+00:00,2.303684409546,28786.12053636,1331808360.4437406,41536.5912786,1921717080.9557476,1586255.99582315,73389152747.16692
2021-08-10 00:00:00+00:00,2.261488524708,28627.79746924,1302243903.3810825,20357.65347535,926045049.5328671,1597036.90549996,72647278432.66821
2021-08-11 00:00:00+00:00,2.268172978331,21023.8571352,960292559.8784766,37882.96824004,1730354820.8627498,1581376.56136865,72231471917.0145
2021-08-12 00:00:00+00:00,2.20343699514,21711.16606986,964100576.8470974,18953.26826553,841634060.9775957,1586061.29208651,70430238601.4275
2021-08-13 00:00:00+00:00,2.362590119037,19769.64226866,943357615.4468018,19334.01664053,922570655.9158398,1587885.02979377,75769880656.08818
2021-08-14 00:00:00+00:00,2.327809478249,14081.99898318,663603007.9301797,14141.45470653,666404811.6301268,1588598.97781299,74861464010.23596
2021-08-15 00:00:00+00:00,2.323985756424,17176.63011417,808579053.5448948,13334.94014177,627733915.6308211,1593124.09456951,74995314214.97505
2021-08-16 00:00:00+00:00,2.268193061802,19009.3995294,874141912.9610834,19601.99209851,901392116.2706189,1593850.95449394,73292789716.02303
2021-08-17 00:00:00+00:00,2.204708913004,16554.04226515,740199048.2461826,18480.86416876,826355149.3571818,1593268.05159793,71241541884.7036
2021-08-18 00:00:00+00:00,2.213680687968,21442.45563227,963931950.1205078,21633.165259,972505180.0505698,1594200.43097926,71666266059.75677
2021-08-19 00:00:00+00:00,2.293129661764,18725.83536498,873501448.8350521,19449.6056618,907263061.6322241,1596577.80144667,74475343585.98895
2021-08-20 00:00:00+00:00,2.414499299985,30713.96777991,1512381438.2250323,25733.85942722,1267156741.535588,1603368.57770807,78951208549.00047
2021-08-21 00:00:00+00:00,2.403261370099,31753.816809,1558167442.5409918,23709.31177733,1163421642.1510155,1612547.79451829,79128108852.96559
2021-08-22 00:00:00+00:00,2.414996575605,9740.16572805,480806879.65400785,12038.50087761,594260324.1345984,1610741.72511133,79511552924.50447
2021-08-23 00:00:00+00:00,2.420040085444,41783.85651958,2072098062.824919,25707.05097689,1274835186.7710903,1627873.20286379,80727658745.38191
2021-08-24 00:00:00+00:00,2.33794635096,18060.24549358,865552837.0535935,18631.55483511,892933329.8366121,1628191.51814979,78032482354.80058
2021-08-25 00:00:00+00:00,2.379019545564,27665.49017955,1355673108.808321,24496.89401586,1200404556.4020822,1632534.10235957,79997952952.13522
2021-08-26 00:00:00+00:00,2.287786761638,43721.92261412,2063252611.9169853,19034.70460383,898254277.094328,1658818.9315613,78280237661.27518
2021-08-27 00:00:00+00:00,2.375147501066,18348.98766227,899989873.4380829,21808.23392162,1069660629.146598,1656239.92249374,81236043408.17545
2021-08-28 00:00:00+00:00,2.363961726236,10171.69861927,496912589.43613446,10180.04631837,497320395.1459651,1657356.89501928,80965976003.61928
2021-08-29 00:00:00+00:00,2.367277866365,9741.63338447,476836860.5815206,11160.57448174,546291683.1424844,1656495.33023815,81082709815.1654
2021-08-30 00:00:00+00:00,2.277961082403,20076.94038168,946141244.9967088,19781.44682826,932215884.1993827,1658480.23789472,78157155784.35384
2021-08-31 00:00:00+00:00,2.280110865221,24619.18251699,1162499194.7821038,31007.85444861,1464167455.745275,1654314.29533264,78115470930.58575
2021-09-01 00:00:00+00:00,2.346384601556,25466.14188941,1239909205.8214686,30141.06171702,1467524215.4253142,1652136.20844202,80440095834.46552
2021-09-02 00:00:00+00:00,2.375035051723,24807.15173608,1224718817.8638067,40435.90540374,1996303920.4252748,1639948.85231862,80963596350.6282
2021-09-03 00:00:00+00:00,2.395390356338,20638.74009168,1029058605.433429,33195.76628684,1655158639.0295465,1629101.30434484,81227861241.13734
2021-09-04 00:00:00+00:00,2.395772281636,11443.90300728,571274803.8027672,18668.25254514,931911280.9048667,1622621.67875456,81000588749.04337
2021-09-05 00:00:00+00:00,2.480946695916,13152.62724641,680617470.5247426,10270.6219519,531480486.9518436,1625956.855767,84139436298.2924
2021-09-06 00:00:00+00:00,2.51931377876,16636.1268283,875735504.5070353,29410.94668388,1548209538.0772667,1614238.45850418,84974462231.68001
2021-09-07 00:00:00+00:00,2.245742480847,39988.86676804,1873654383.2042935,41435.66135974,1941443076.593862,1614468.59184019,75644958162.82167
2021-09-08 00:00:00+00:00,2.213572688033,26886.44831594,1241830622.299351,32499.5028519,1501086248.9809482,1610067.23341808,74365746301.78946
2021-09-09 00:00:00+00:00,2.222094260363,22731.76151371,1055862472.0179192,24801.94298872,1152019865.2059238,1615857.41985742,75054597450.80264
2021-09-10 00:00:00+00:00,2.142454311237,23108.68920649,1034466840.5349287,25270.05147891,1131220818.2799656,1614762.25924952,72285277525.46704
2021-09-11 00:00:00+00:00,2.157808262825,8579.27728552,386913322.9069096,11275.90398344,508527389.1747858,1612065.63361491,72701889714.96478
2021-09-12 00:00:00+00:00,2.208217016174,7653.26880788,353432640.8413592,9293.65567805,429186711.1712466,1610425.24674474,74370424209.92087
2021-09-13 00:00:00+00:00,2.151863481078,24847.03804837,1117906062.1611197,27271.00434426,1226963995.3994613,1608756.57952079,72380407245.59758
2021-09-14 00:00:00+00:00,2.245175277381,15786.94233249,742343354.8965185,19491.7377468,916552533.541839,1605452.37363131,75492573296.81201
2021-09-15 00:00:00+00:00,2.293761212961,14819.41809192,713809717.5514637,25710.27783019,1238391820.9409175,1597933.1225628,76967947311.27681
2021-09-16 00:00:00+00:00,2.273981867172,16717.62741932,799057926.555987,21038.66808505,1005592125.9563203,1595303.19003523,76251230350.09914
2021-09-17 00:00:00+00:00,2.244949537952,14010.98167264,661511604.243613,19661.32315834,928285663.9105803,1590868.46275413,75110936087.51843
2021-09-18 00:00:00+00:00,2.290426705637,9209.67256611,443943182.1068286,10201.98221354,491776489.89851385,1590384.8731597,76662934137.65752
2021-09-19 00:00:00+00:00,2.242941684172,8733.31941377,412374015.6421689,9664.05774311,456322059.24364924,1590034.14002418,75078985694.26833
2021-09-20 00:00:00+00:00,2.040586287582,28511.99767844,1221896211.4600859,21087.38716269,2219092527.80144,1598430.04545166,67186153559.231476
2021-09-21 00:00:00+00:00,1.933233183973,23739.2913868,962070140.1831927,21273.99024835,862160139.786922,1601578.50816487,64906354396.12696
2021-09-22 00:00:00+00:00,2.075944471859,16191.72476953,705596059.7556089,17071.52475545,743935607.4118536,1601915.75529393,69807599936.65807
2021-09-23 00:00:00+00:00,2.135308888042,15361.62897274,689142615.6169928,16995.51096751,762440682.7349666,1600684.12308596,71808767502.29796
2021-09-24 00:00:00+00:00,2.038939778388,24779.00179444,1060623238.332335,26004.68896667,1113086703.510528,1615322.84368145,69141160714.63542
2021-09-25 00:00:00+00:00,2.035666539997,9057.66657976,387081789.0319246,10618.71530246,453793621.16084886,1613761.79495875,68964539284.30586
2021-09-26 00:00:00+00:00,2.040529522117,22900.5842262,987731835.094137,16217.2124193,699469359.5939146,1620445.16676565,69891897186.08543
2021-09-27 00:00:00+00:00,2.010425564687,19610.31667492,833375415.9285977,20510.79970611,871643049.9038492,1619544.68373446,68825442586.97754
2021-09-28 00:00:00+00:00,1.951689041262,16323.5780562,672919693.021336,17798.26231634,733711761.7834842,1618069.99947432,66702971835.25485
2021-09-29 00:00:00+00:00,1.962665363543,15438.76116865,639997587.433898,14069.96093029,583255414.8813351,1619438.79971268,67132130194.328995
2021-09-30 00:00:00+00:00,2.069864321133,20904.54764988,915233414.8661828,18494.45605197,809715878.6707451,1621848.89131059,71007051865.0828
2021-10-01 00:00:00+00:00,2.26565626698,18724.40660612,900234484.0862563,20112.30424222,966962009.2186493,1620460.99367449,77908736832.58167
2021-10-02 00:00:00+00:00,2.248711046277,11153.58274684,533056925.2272878,11375.23589037,543650269.6116776,1620239.34053096,77435190162.58855
2021-10-03 00:00:00+00:00,2.266397740964,11363.5317626,547752036.5660157,11694.63629213,563712143.3492957,1619908.23600143,78083825861.26793
2021-10-04 00:00:00+00:00,2.31284262096,18630.16682433,918253001.938377,18752.07053943,924261453.3598549,1619786.33228633,79836840761.84683
2021-10-05 00:00:00+00:00,2.411845063946,24167.1116485,1246009134.5831687,24988.01488145,1288333303.9643302,1618965.42905338,83470699457.79295
2021-10-06 00:00:00+00:00,2.572944325306,26058.71796883,1444168948.8033454,26588.25923772,1473516020.2347033,1618435.88778449,89693393879.27983
2021-10-07 00:00:00+00:00,2.490026710036,22289.56623087,1199293608.5649881,19338.50600298,1040511349.9449346,1621386.94801238,87238979153.79227
2021-10-08 00:00:00+00:00,2.492000787508,17784.89036951,959201875.4447881,16522.33299065,891107702.21697,1622649.50539124,87515211869.35028
2021-10-09 00:00:00+00:00,2.538238578635,11147.97539058,613260409.9661957,10229.37730267,562727481.7663479,1623568.10347915,89313979073.63521
2021-10-10 00:00:00+00:00,2.520123658863,10112.83364145,553184941.6029855,10131.2716402,554193523.7297585,1623549.6654804,88810244361.89053
2021-10-11 00:00:00+00:00,2.631558646637,17883.7892742,1024547738.2881024,17736.82898253,1016128502.7368383,1640351.9131089,93974426605.26231
2021-10-12 00:00:00+00:00,2.574418652958,25060.75182086,1408318551.8316507,18326.73132016,1029892315.1671745,1647085.9336096,92559939675.57486
2021-10-13 00:00:00+00:00,2.620098281333,18233.04600164,1045645001.9689641,21299.34359394,1221493774.1186955,1644019.6360173,94282705993.59546
2021-10-14 00:00:00+00:00,2.613922367304,19154.7139386,1099174811.7425625,21216.5586708,1217491785.967445,1641957.7912851,94222166507.43387
2021-10-15 00:00:00+00:00,2.783786506255,29228.26290589,1795962297.9029338,30917.54926367,1899762329.3554792,1640268.50492732,100788076348.30183
2021-10-16 00:00:00+00:00,2.755061819188,20285.55373138,1236040642.2493026,11198.79421688,682365637.1202476,1649355.26444182,100498619231.88663
2021-10-17 00:00:00+00:00,2.775039217832,9771.650873,600587378.9007751,11102.55320021,682387593.6915636,1648024.36211461,101291239819.25092
2021-10-18 00:00:00+00:00,2.778276503838,24294.47327912,1505699968.6017447,25541.46364985,1582984762.5745592,1646777.37174388,102062415942.96622
2021-10-19 00:00:00+00:00,2.86843851115,34300.79000598,2205228583.274285,39702.59047947,2552515185.221585,1641375.57127039,105525509034.12369
2021-10-20 00:00:00+00:00,2.928317326688,23365.23824345,1543549615.508133,23107.32808737,1526511607.245387,1641633.48142647,108449257082.64276
2021-10-21 00:00:00+00:00,2.756592260011,30170.02447225,1881821655.6055307,43751.72592636,2728965148.6385427,1628051.77997236,101547915508.55626
2021-10-22 00:00:00+00:00,2.683021944048,30343.05519587,1843369956.1659138,23819.74563569,1447072589.9190764,1634575.08953254,99302017930.99629
2021-10-23 00:00:00+00:00,2.702488997272,14611.80245146,894974107.5086795,12867.56018165,788139124.3580457,1636319.33180235,100224694280.11456
2021-10-24 00:00:00+00:00,2.679080716831,9729.93378914,592216769.8653691,20916.41567086,1273086990.5388072,1625132.84992063,98914437429.81148
2021-10-25 00:00:00+00:00,2.761945352578,15663.1273895,987273122.2297965,35089.68507712,2211761551.9983616,1605706.29223301,101210353787.94293
2021-10-26 00:00:00+00:00,2.643400963823,16941.82258013,1023184098.7068702,23947.23390228,1446268771.906768,1598700.88091086,96551909465.46355
2021-10-27 00:00:00+00:00,2.563731148388,22701.10919483,1329452685.1219764,23099.52945349,1352785504.5950954,1598302.4606522,93601924016.78114
2021-10-28 00:00:00+00:00,2.64447556709,35624.40454317,2157576817.9095426,23147.72489392,1401932053.5715344,1610779.14030145,97556149399.639
2021-10-29 00:00:00+00:00,2.709231626512,22678.19681078,1411282456.3863838,34088.6901926,2121366651.4763918,1599368.64691963,99529999299.55493
2021-10-30 00:00:00+00:00,2.6854484387,13232.05343113,816985570.5471411,11620.83808358,717504435.8280506,1600979.86226718,98849166005.60733
2021-10-31 00:00:00+00:00,2.660031269082,11294.87235701,693877555.3716668,11866.98129837,729023906.8389122,1600407.75332582,98317801598.38403
2021-11-01 00:00:00+00:00,2.639313472843,16953.77847745,1035741846.3570809,13728.65768494,838712460.3236411,1603632.87411833,97969291985.70331
2021-11-02 00:00:00+00:00,2.705646798155,23178.4259564,1460814437.0842004,26096.66715267,1644735850.8343859,1600714.63292206,100884635126.77916
2021-11-03 00:00:00+00:00,2.692667749587,24935.97088742,1569868528.4312146,23532.82778929,1481532277.1344573,1602117.77602019,100862897489.31177
2021-11-04 00:00:00+00:00,2.624435938698,16940.6283641,1040051073.9441583,19849.79771839,1218656297.2088795,1599208.6066659,98181637249.55629
2021-11-05 00:00:00+00:00,2.601770640962,15884.64872229,969056351.6516252,16704.47187872,1019070352.6445942,1598388.78350947,97511051717.18686
2021-11-06 00:00:00+00:00,2.617491647791,9791.04128201,601708967.0489684,16277.80085398,1000353124.4090937,1591902.0239375,97830424249.82567
2021-11-07 00:00:00+00:00,2.682304638596,9746.71705365,614470363.8170412,8245.35891855,519818998.19141304,1593403.3820726,100454250441.46495
2021-11-08 00:00:00+00:00,2.854649564891,29608.15942243,1999787064.757054,27069.9234202,1828350149.2723691,1595941.61807483,107792698573.34319
2021-11-09 00:00:00+00:00,2.82534877502,20192.18743868,1354806642.1699889,21235.63943672,1424817665.0977035,1594898.16607679,107010626537.98459
2021-11-10 00:00:00+00:00,2.721054645529,22316.71837088,1445143154.8348467,22349.43534358,1447261777.6699145,1594865.44910409,103277231372.1005
2021-11-11 00:00:00+00:00,2.723236415073,18161.68977382,1179836604.9592497,18750.95477129,1218116986.5038407,1594276.18410662,103568854211.74713
2021-11-12 00:00:00+00:00,2.650242500833,16955.35600441,1086481715.4694114,29164.77208236,1868848498.083748,1582066.76802867,101377205861.54977
2021-11-13 00:00:00+00:00,2.661045965713,8863.42602808,570785058.728888,8584.37764696,552814959.3450629,1582345.81640979,101899575501.33911
2021-11-14 00:00:00+00:00,2.684880108371,11061.85445333,719377014.9697509,9599.93832386,624305355.3496343,1583807.73253926,102998541856.34465
2021-11-15 00:00:00+00:00,2.626068388319,18444.35542741,1175892272.011964,13231.02334341,843524088.5243798,1589021.06462326,101305659463.59541
2021-11-16 00:00:00+00:00,2.481173720882,24508.13545457,1478391948.3395746,33319.39319869,2009909024.6915703,1580209.80687914,95322202682.77211
2021-11-17 00:00:00+00:00,2.470657927214,24976.91722307,1502469180.672608,33929.52247672,2041006957.7811751,1571257.20162549,94517890229.12952
2021-11-18 00:00:00+00:00,2.337640428663,57663.2394644,3274934996.1049404,51710.14853909,2936834223.630497,1577210.2925508,89576326811.8234
2021-11-19 00:00:00+00:00,2.386216999692,25120.40060549,1457336754.237189,31196.41395341,1809831036.0849226,1571134.27920288,91147898749.03145
2021-11-20 00:00:00+00:00,2.455017801074,11249.90095137,672175662.4042189,12933.16754668,772749955.7776736,1569451.01260757,93773872194.13654
2021-11-21 00:00:00+00:00,2.424879879847,10806.88350534,637958691.6821754,16023.99392885,945938410.2105807,1564233.90218406,92340831954.85051
2021-11-22 00:00:00+00:00,2.319018826324,31583.54372245,1780792818.0753114,31592.64140061,1781305777.6111655,1564224.8045059,88196572309.88148
2021-11-23 00:00:00+00:00,2.368765838495,23002.93186475,1325941112.6828434,22819.30259563,1315356305.543923,1564408.43377502,90176046756.40413
2021-11-24 00:00:00+00:00,2.346842971087,27015.79974448,1543732246.5368087,20592.93945135,1176718253.1223972,1570831.29406815,89760175358.77774
2021-11-25 00:00:00+00:00,2.404923210419,28444.72124309,1678484756.0368557,33609.23757306,1983235920.8690257,1565666.77773818,92387891482.86272
2021-11-26 00:00:00+00:00,2.198435955413,48881.268856,2629842465.2062426,23859.02415891,1283630240.7845821,1590689.02243527,85580052196.70558
2021-11-27 00:00:00+00:00,2.23272965194,14070.16654575,768735965.6268446,8935.64858677,488207045.9164298,1595823.54039425,87189227384.48877
2021-11-28 00:00:00+00:00,2.336711996385,13332.56591562,763270329.051904,6226.42322792,356453824.12271506,1602929.68308195,91765431680.30756
2021-11-29 00:00:00+00:00,2.35943908323,22003.19973824,1274440967.1726258,15184.99540808,879525726.4675143,1609747.88741211,93237741734.99725
2021-11-30 00:00:00+00:00,2.324578694477,25085.85661291,1432327475.9826052,13327.2111958,760943948.158563,1621506.53282922,92583179250.94626
2021-12-01 00:00:00+00:00,2.324286205718,24631.77841741,1408460111.4485717,40307.85223811,2304827572.474991,1605830.45900852,91822364952.09877
2021-12-02 00:00:00+00:00,2.300196624281,25678.29798552,1452952407.0870204,49000.16556774,2772571162.989743,1582508.5914263,89542915517.42697
2021-12-03 00:00:00+00:00,2.184991514137,24942.30091858,1338693598.7567644,15249.42995254,818461549.6699405,1592201.46239234,85456025592.5712
2021-12-04 00:00:00+00:00,2.009166960477,41854.29854934,2057546258.711383,29422.21662666,1446388395.9688234,1604633.54431502,78883361091.71799
2021-12-05 00:00:00+00:00,2.016818310956,23817.82226286,1174863948.106868,14051.52448386,693120863.4372333,1614399.84209402,79633652118.70267
2021-12-06 00:00:00+00:00,2.067537537544,41372.25349408,2090764422.7678866,52512.71855619,2653752561.8665004,1603259.37703191,81021394361.48842
2021-12-07 00:00:00+00:00,2.064377234197,20432.10236969,1033342806.2472585,34040.67620253,1721589253.8722787,1589650.80319907,80395751362.70512
2021-12-08 00:00:00+00:00,2.06171865801,18794.0570472,949112178.8006425,28642.92040783,1446486223.129725,1579801.93983844,79781031707.41042
2021-12-09 00:00:00+00:00,1.960546627964,21286.86861813,1020446136.7581867,51698.13141081,2478295865.031394,1549390.67704576,74274415795.18661
2021-12-10 00:00:00+00:00,1.941373722658,31074.30192462,1474078775.5597503,14567.13226987,691024388.9589641,1565897.84670051,74281854701.52487
2021-12-11 00:00:00+00:00,2.016910635367,10521.1993193,518924165.85147506,7199.69455504,355101674.0559298,1569219.35146477,77396674873.66129
2021-12-12 00:00:00+00:00,2.049751176277,8684.5197433,435412051.6261511,6013.54739678,301498653.57875675,1571890.32381129,78809192799.63528
2021-12-13 00:00:00+00:00,1.915299897932,21280.67804899,995623499.201378,15385.49232536,719815302.437597,1577785.50953492,73817212326.41559
2021-12-14 00:00:00+00:00,1.974877505476,20481.84050672,989123015.4892004,14580.89448393,704150504.2353395,1583686.45555771,76480466782.10861
2021-12-15 00:00:00+00:00,1.995926977652,22445.7605733,1096040458.7220886,20538.9643754,1002930413.6153128,1585593.25175561,77425505334.31813
2021-12-16 00:00:00+00:00,1.94871973203,17095.46879829,814829348.9491976,16047.8102165,764894306.5006177,1586640.9103374,75624810014.90315
2021-12-17 00:00:00+00:00,1.896526938461,18885.05007575,875029045.833459,49000.06901953,2270392901.684174,1556525.89139362,72120823619.63994
2021-12-18 00:00:00+00:00,1.919525855516,10353.56358825,485632592.1964258,26138.65751618,1226030428.8392973,1540740.79746569,72268252471.56479
2021-12-19 00:00:00+00:00,1.918249189772,9951.51092843,466491274.82014525,5972.00246634,279946137.2034602,1544720.30592778,72410968538.87494
2021-12-20 00:00:00+00:00,1.922187343668,16788.73094035,788310890.4052335,9839.49206651,462011022.72975165,1551669.54480162,72858276472.66756
2021-12-21 00:00:00+00:00,2.007205377658,18218.5822941,894205594.2124135,11468.99070898,562921718.4073291,1558419.13638674,76490425401.32196
2021-12-22 00:00:00+00:00,1.990870317874,20072.34742118,977364722.5587881,16376.82949655,797422198.8803743,1562114.65431137,76062640989.61552
2021-12-23 00:00:00+00:00,2.070150565572,46015.54288758,2333584881.3436522,21343.39673269,1082387054.6003735,1586786.80046626,80470672627.51292
2021-12-24 00:00:00+00:00,2.071634649338,23012.46572566,1168661249.0331287,26139.53064356,1327465596.047789,1583659.73554836,80424313789.44902
2021-12-25 00:00:00+00:00,2.064057745187,44501.2219649,2251336884.70124,31416.38361821,1589369012.8191721,1596744.57389505,80780027961.74608
2021-12-26 00:00:00+00:00,2.071542317446,9377.96106398,476384541.27882683,8099.01254362,411416122.2339776,1598023.52241541,81176888823.16133
2021-12-27 00:00:00+00:00,2.070718360007,20087.54780384,1020374664.7800034,15456.85696076,785152343.8253106,1602654.21325849,81409028696.8368
2021-12-28 00:00:00+00:00,1.945824586517,29926.2331988,1426674633.3944173,21055.11897836,1003761614.4330554,1611525.32747893,76826317916.91753
2021-12-29 00:00:00+00:00,1.898459995686,19546.72440107,908342568.6576219,20738.42598726,963721324.5894306,1610333.62589274,74832721438.43611
2021-12-30 00:00:00+00:00,1.923609297095,20921.2129268,985440657.8791963,27806.31635427,1309745987.348931,1603448.52246527,75526374707.9164
2021-12-31 00:00:00+00:00,1.893385603418,19430.45984013,900701245.6704167,19348.28558002,896892048.2014892,1603530.69672538,74331853589.40213
2022-01-01 00:00:00+00:00,1.941966039424,12383.29903596,588949818.3260127,13325.38286974,633755334.2988886,1602588.6128916,76219129464.04707
2022-01-02 00:00:00+00:00,1.933497096507,9313.1941947,441003566.0027317,8451.16841374,400184440.4221665,1603450.63867256,75927488977.55963
2022-01-03 00:00:00+00:00,1.897502355497,13245.43551246,615295942.548733,11640.13142855,540724057.8826858,1605055.94275647,74560357657.75806
2022-01-04 00:00:00+00:00,1.876886228678,23462.57972149,1077072272.5200837,23042.94721445,1057808638.9663148,1605475.57526351,73700899340.60938
2022-01-05 00:00:00+00:00,1.782277170897,23602.30349767,1027430552.7454088,22064.28786301,960479280.222123,1607013.59089817,69954818695.08566
2022-01-06 00:00:00+00:00,1.768057798633,26047.20824834,1123805895.8492548,24996.72833757,1078482976.5582879,1608064.07080894,69379868523.66841
2022-01-07 00:00:00+00:00,1.704571291459,27582.63696003,1145032066.2929623,23289.89484018,966828387.4105742,1612356.81292879,66933421042.54631
2022-01-08 00:00:00+00:00,1.71699299406,13842.5557582,578616240.5410388,13148.28856625,549596001.8254297,1613051.08012074,67425233322.772606
2022-01-09 00:00:00+00:00,1.72082066082,9119.3695865,381978461.02553785,10539.31323046,441454928.4192673,1611631.13647678,67505585272.42545
2022-01-10 00:00:00+00:00,1.718638590786,20758.56156173,868059752.8220578,18442.86974563,771224581.4871755,1613946.82829288,67490335525.8833
2022-01-11 00:00:00+00:00,1.758039861455,19811.89260607,847318561.6108454,32299.17878875,1381377047.4462504,1601520.60183003,68494119149.27286
2022-01-12 00:00:00+00:00,1.805597050184,18742.31594757,823931448.8695246,15176.99230944,667196161.7752911,1605085.92546816,70561224975.10915
2022-01-13 00:00:00+00:00,1.752041588022,20929.34864555,892152527.4657353,17246.08411814,735146506.2510046,1608769.18999557,68576787709.478874
2022-01-14 00:00:00+00:00,1.771675205411,20719.07774019,893047106.8065922,15928.51829435,686561311.1191838,1613559.74944141,69548697290.85764
2022-01-15 00:00:00+00:00,1.775752274618,8585.38507622,370945938.28482705,7670.09424671,331399265.35847175,1614475.04027092,69756097523.16531
2022-01-16 00:00:00+00:00,1.774015355513,7784.17975692,336034163.5503781,9063.50886621,391261342.33742285,1613195.71116163,69639819270.79062
2022-01-17 00:00:00+00:00,1.73630676024,14055.76516045,593311703.859261,30888.25956316,1303832676.5896854,1596363.21675892,67384519398.384895
2022-01-18 00:00:00+00:00,1.745911520714,17494.21719982,742301188.0872874,15112.55761954,641244437.9699112,1598744.8763392,67836714704.06016
2022-01-19 00:00:00+00:00,1.721981468557,17264.28647783,721435204.0859034,21180.32054334,885077347.0083175,1594828.84227369,66644264319.02112
2022-01-20 00:00:00+00:00,1.681574639726,18097.18348383,737571093.2630664,21060.90569809,858360929.739718,1591865.12005943,64878255667.720764
2022-01-21 00:00:00+00:00,1.514790775018,48333.13226693,1763786545.1270568,36881.90320864,1345905005.2625442,1603316.34911772,58508680723.159996
2022-01-22 00:00:00+00:00,1.455165902925,36070.0786742,1262322575.4287279,31905.6082911,1116581141.7386599,1607480.81950082,56256027228.350975
2022-01-23 00:00:00+00:00,1.508378975549,21676.28183301,786221507.9244894,17226.82101128,624834890.8071512,1611930.28032255,58466404221.33486
2022-01-24 00:00:00+00:00,1.526343091945,43859.12084199,1607863318.4858124,56212.44302081,2060732715.1232827,1599576.95814373,58640051754.80224
2022-01-25 00:00:00+00:00,1.538880544803,23314.81249145,861542631.6919395,23118.1482197,854275378.1249031,1599773.62241548,59115773599.83571
2022-01-26 00:00:00+00:00,1.534660000135,36074.67335233,1328479593.3520062,31038.20723795,1143007575.6232426,1604810.08852986,59098454835.47936
2022-01-27 00:00:00+00:00,1.543763850705,24799.76010673,918135159.5911733,33320.05418117,1233572951.1719394,1596289.79445542,59097740416.78574
2022-01-28 00:00:00+00:00,1.576577931046,24583.25777955,928481313.726715,19431.5521888,733907330.9890869,1601489.75421101,60486422273.40022
2022-01-29 00:00:00+00:00,1.592485103381,16411.83058659,625098582.9665608,77856.95980939,2965438559.3463717,1540044.66809619,58657669822.569046
2022-01-30 00:00:00+00:00,1.589486377439,67623.21433753,2568566793.5347433,87392.63074356,3319478547.8124146,1520275.39346726,57745390114.06895
2022-01-31 00:00:00+00:00,1.609690053329,55448.91523615,2132713461.8286827,23876.50038781,918354012.5459777,1551847.8083156,59688213870.52651
2022-02-01 00:00:00+00:00,1.61452774476,16225.02739484,629335779.8271382,18500.50695965,717596999.4572415,1549572.36391149,60104757194.490776
2022-02-02 00:00:00+00:00,1.539179072383,15264.99065519,563924333.6694286,17539.75361646,647959379.3609855,1547297.68445914,57160782826.95875
2022-02-03 00:00:00+00:00,1.544771260316,17744.26688505,657560870.5554866,19318.70814068,715905966.9969065,1545723.26827935,57280875254.642975
2022-02-04 00:00:00+00:00,1.709053357873,21330.27471344,876245682.0622487,17740.3529011,728772031.1475719,1549313.19009169,63645640350.0764
2022-02-05 00:00:00+00:00,1.726159971835,11250.03786414,466973115.7282442,12709.90980707,527570329.53205574,1547853.31814876,64249195904.5048
2022-02-06 00:00:00+00:00,1.760874145144,12470.42847683,528225217.4289792,12913.7712553,547004430.6683637,1547409.97537029,65545540172.13065
2022-02-07 00:00:00+00:00,1.821609827046,19895.42068783,873189723.0434872,24236.82324659,1063729453.6370101,1543068.57281153,67723705915.63346
2022-02-08 00:00:00+00:00,1.831529736531,24556.91257137,1084616080.3209338,25992.08239699,1148003864.3648303,1541633.40298591,68090008219.836945
2022-02-09 00:00:00+00:00,1.840095004198,14538.81432622,645597114.4590377,17345.19620896,770214707.4012346,1538827.02110317,68331726520.78961
2022-02-10 00:00:00+00:00,1.806667830508,16501.87888288,719718600.7272034,18156.39763159,791879348.4305378,1537172.50235446,67042768300.684715
2022-02-11 00:00:00+00:00,1.754236923972,14312.38469114,606234283.2531906,16549.26160216,700982398.2697811,1534935.62544344,65015762139.66156
2022-02-12 00:00:00+00:00,1.745950590083,9737.25967722,410653925.62807256,8742.77331511,368712995.41549265,1535930.11180555,64775486205.72368
2022-02-13 00:00:00+00:00,1.746704565079,6754.76289168,285021237.5770973,6290.77868666,265443148.0939097,1536394.09601057,64829062644.146416
2022-02-14 00:00:00+00:00,1.765131690456,11320.74829168,482786464.01298267,13445.71652011,573408203.0280285,1534269.12778214,65430689558.79937
2022-02-15 00:00:00+00:00,1.839746953131,16639.99558454,740677960.7000797,21148.35320018,941353562.3187096,1533163.82513078,68244047881.361984
2022-02-16 00:00:00+00:00,1.820760197081,18519.83208216,816089536.2132982,16615.55282336,732176120.0311013,1537418.85705593,67747452377.22579
2022-02-17 00:00:00+00:00,1.680750155719,16116.40441134,654487574.1533561,22250.18582189,903580586.0507929,1533886.81367855,62291180717.9468
2022-02-18 00:00:00+00:00,1.658393382535,19121.97945726,765724761.5091802,19251.90365775,770927474.8400276,1536910.22132853,61544371769.57629
2022-02-19 00:00:00+00:00,1.660632849962,8534.02087993,342179139.66840327,10153.44477464,407111377.6892303,1536553.66135992,61609482481.46132
2022-02-20 00:00:00+00:00,1.597672365828,11064.02082923,426535954.3050466,10253.41496917,395285783.19433135,1537924.18831003,59289472736.403534
2022-02-21 00:00:00+00:00,1.53935959409,18191.95572508,674885828.5482779,17538.60428301,650647773.224367,1540038.35026352,57132398172.057884
2022-02-22 00:00:00+00:00,1.585255941769,18152.86054422,693486362.7947863,17305.75667053,661124797.3630669,1541588.69402037,58892687118.788605
2022-02-23 00:00:00+00:00,1.548559725335,13378.7279559,499137177.9034723,15844.04127724,591113749.8105811,1539954.17711219,57453024278.40082
2022-02-24 00:00:00+00:00,1.589005849792,39733.61977348,1521153571.3248034,35178.26919299,1346757484.4932213,1547103.36504677,59228980957.84033
2022-02-25 00:00:00+00:00,1.632120546767,22739.18375054,894190436.7019682,20773.30038127,816884490.8176559,1549972.60532891,60950766572.798904
2022-02-26 00:00:00+00:00,1.621580052318,11237.00101418,438878808.30789214,9963.86288403,389154389.42900467,1551878.77289826,60611074576.60966
2022-02-27 00:00:00+00:00,1.564733720961,13606.4409312,512483594.49913096,13400.62527778,504731593.3401059,1552908.43663752,58489953512.467445
2022-02-28 00:00:00+00:00,1.785886675274,24583.46844776,1061495840.9433788,24016.73367284,1037024655.8551584,1554141.05337089,67106652094.199524
2022-03-01 00:00:00+00:00,1.831088158538,26737.445033,1185390122.677504,29040.60791649,1287499599.840968,1552406.77348393,68825112249.66615
2022-03-02 00:00:00+00:00,1.815856076135,20750.19088979,912688533.4386159,22252.75330485,978778117.5915921,1552162.73946108,68271233833.990746
2022-03-03 00:00:00+00:00,1.753487692697,20210.69940882,858808691.5626371,19539.27136745,830277851.237745,1553554.68150753,66014848685.25828
2022-03-04 00:00:00+00:00,1.617160596022,18250.77296648,713722123.131575,21511.19114942,841225357.7670963,1551506.98784698,60673860962.1307
2022-03-05 00:00:00+00:00,1.62862859109,8529.07225216,335907999.399822,8509.27220067,335128196.4520471,1551858.53991719,61118218029.29349
2022-03-06 00:00:00+00:00,1.588284555745,7906.49043739,303604035.2810651,8344.72468642,320431942.3603781,1552142.69634319,59601259202.60832
2022-03-07 00:00:00+00:00,1.578754463552,18467.53347139,704476092.0151321,17593.75644626,671144352.0234427,1553568.27835262,59263556289.63992
2022-03-08 00:00:00+00:00,1.603838311539,15681.48817956,607273113.9247061,17697.45739092,685342483.7791985,1552023.60659268,60102854886.48279
2022-03-09 00:00:00+00:00,1.735654059064,17049.35913304,715892408.4249868,21530.38705173,904048094.7413087,1548678.44004746,65028082854.61592
2022-03-10 00:00:00+00:00,1.630630592506,17760.30739774,701217047.1357487,17628.3348647,696006473.4756831,1550271.13886543,61208205799.03486
2022-03-11 00:00:00+00:00,1.605299073538,12640.72438423,490780730.7688313,19108.55441937,741896588.8991377,1544356.46691639,59960202624.65091
2022-03-12 00:00:00+00:00,1.610487025913,8014.67877508,312180795.00285506,7526.73030115,293174650.5538061,1545775.53346481,60209703779.199814
2022-03-13 00:00:00+00:00,1.563583025151,7269.13987773,274833947.7251868,8173.72879508,309034932.6292481,1545293.93851431,58424963704.2773
2022-03-14 00:00:00+00:00,1.638923579978,18295.95249184,725417049.6015155,19603.92258341,777276815.045097,1545209.66649766,61266088102.623
2022-03-15 00:00:00+00:00,1.62739184969,13489.49973153,530903730.53871393,33479.61992566,1317651170.8588877,1526849.38111519,60091926945.96987
2022-03-16 00:00:00+00:00,1.697348146346,21007.14870276,863430964.4883175,29603.2446649,1216745711.4082327,1529908.09387684,62881928421.87142
2022-03-17 00:00:00+00:00,1.69308040701,20258.75783348,829928719.9408029,19747.83951321,808998227.0141718,1519902.87939717,62264975054.28504
2022-03-18 00:00:00+00:00,1.727490580808,31308.57673967,1309516164.7315958,32620.99897547,1364409689.5003424,1523208.21116253,63709883440.40117
2022-03-19 00:00:00+00:00,1.742021306446,14128.26091662,596115995.0810387,16710.97815106,705089000.5561867,1521621.69798949,64202030100.312416
2022-03-20 00:00:00+00:00,1.705071792374,10742.02131267,359613481.137464,10373.42248021,2651177698.8162627,1541172.46763372,60627025870.585236
2022-03-21 00:00:00+00:00,1.695351371558,26424.02866721,884680880.4694532,34903.86235194,3581727630.501418,1532692.63394899,60355233853.723175
2022-03-22 00:00:00+00:00,1.748109505852,31504.17414481,1260413227.1552367,36399.17270092,1529716798.8862605,1527797.63539288,62293740081.28786
2022-03-23 00:00:00+00:00,1.761428760821,18730.84407879,782049068.0956115,18120.76901405,778687696.6671157,1528407.71045762,62900722267.85876
2022-03-24 00:00:00+00:00,1.810651634482,36043.53117437,1570957461.0858145,33867.44440479,1575010162.8173068,1530583.7972272,64748511101.16027
2022-03-25 00:00:00+00:00,1.816863848057,37323.98876104,1644614799.5857592,31629.59390026,1407552383.054557,1536278.19208798,65644454353.057014
2022-03-26 00:00:00+00:00,1.823441620909,16270.50037623,697480115.3717752,17586.65377873,800448156.6229249,1534962.03868548,65807924734.96211
2022-03-27 00:00:00+00:00,1.912928867709,16059.24569079,735147266.7022675,15752.31436812,3140280389.630912,1535268.97000815,69161729158.20825
2022-03-28 00:00:00+00:00,1.926069685862,31828.42740368,1483416088.5769835,32573.77034,1508804353.0737312,1534523.62707183,69832952223.95969
2022-03-29 00:00:00+00:00,1.931857269809,21435.30524472,1007225730.8063854,33858.37475469,1615703322.6462739,1522100.55756186,69614318669.15137
2022-03-30 00:00:00+00:00,1.916462997871,26322.93217261,1090684606.2151299,22252.68383858,1092062597.157574,1526170.80589589,69187433518.17412
2022-03-31 00:00:00+00:00,1.854211355144,17742.374666,2997134674.868036,21355.89113818,3427216926.999014,1522557.28942371,66692205756.46629
2022-04-01 00:00:00+00:00,1.880179566094,19965.18793688,897540777.8054316,19725.48709738,941922960.209524,1522796.99026321,67852056613.33268
2022-04-02 00:00:00+00:00,1.867666383452,10069.51609078,437978655.53482395,8341.90004856,409859929.1160266,1524524.60630543,67463855578.58745
2022-04-03 00:00:00+00:00,1.886983002157,6283.54860317,296811028.0298178,6991.09994671,330722991.425656,1523817.05496189,68199523877.18925
2022-04-04 00:00:00+00:00,1.894586551764,20434.86578552,946941864.8103867,19677.10132212,932062638.5381465,1524574.81942529,68631768117.80813
2022-04-05 00:00:00+00:00,1.855218925189,17271.37074865,625204817.889184,14760.14201985,669812394.1330135,1527086.04815409,67239827867.34855
2022-04-06 00:00:00+00:00,1.760916830916,22860.21942039,973964379.6701833,26771.16719171,1188453707.409147,1523175.10038277,63739031003.94532
2022-04-07 00:00:00+00:00,1.771822948566,25653.34300313,1099578104.1343737,19600.43649702,855726595.6158695,1529228.00688888,66457242890.89028
2022-04-08 00:00:00+00:00,1.718699748527,16966.92956781,695348732.2491479,14189.25442433,2688220576.1091194,1532005.68203236,62434276019.438156
2022-04-09 00:00:00+00:00,1.737109234767,7170.5515602,295890398.5158157,11081.05587279,475032118.7679812,1528095.17771977,63029332874.86686
2022-04-10 00:00:00+00:00,1.720498052487,7826.26780631,321475652.3275127,7649.78836692,328443488.6939758,1528271.65715916,62425894706.25752
2022-04-11 00:00:00+00:00,1.612532718343,20792.12637366,809521598.4649894,21126.05781337,853272353.7511084,1527937.72571945,58384861815.33901
2022-04-12 00:00:00+00:00,1.633029961572,16215.45424141,650180803.9277632,14473.49091551,580334403.1557144,1529679.60859613,61334594940.24364
2022-04-13 00:00:00+00:00,1.6754481725,14139.22760308,581868175.8266455,34492.74450677,1419471479.5479236,1509326.17214166,62112930859.120865
2022-04-14 00:00:00+00:00,1.624100214604,24403.3127108,974094743.5850585,12827.35400416,512023029.72690916,1520902.1308483,60709084406.847176
2022-04-15 00:00:00+00:00,1.648615453539,14250.53876481,577536315.0839946,19300.8041515,782210096.8800668,1515851.86546161,61433431748.822014
2022-04-16 00:00:00+00:00,1.645198704281,11691.61069253,472803920.87678117,11030.10608105,446052946.8483998,1516513.37007309,61327176065.71796
2022-04-17 00:00:00+00:00,1.615563193564,10697.89787674,424757724.2343122,9283.87913277,368614415.46154374,1517927.38881706,60268979070.0585
2022-04-18 00:00:00+00:00,1.660587322655,16929.59768161,691047192.5560162,18284.4925298,746352480.8835335,1516572.49396887,61904788523.31455
2022-04-19 00:00:00+00:00,1.68715900189,21307.26199753,884031136.8009422,17985.74250719,746222409.8377057,1519894.01345921,63059891631.8319
2022-04-20 00:00:00+00:00,1.683056618589,16076.65103259,665503332.2374109,18893.68478612,782116260.278149,1517076.97970568,62800379457.64529
2022-04-21 00:00:00+00:00,1.642192379664,63984.4300123,2588649817.5640144,65916.84352646,2666830429.4711127,1515144.56619152,61298955138.0048
2022-04-22 00:00:00+00:00,1.614479409264,14054.38103344,558492621.1232406,12185.63908185,484232602.9649735,1517013.30814311,60283034644.34464
2022-04-23 00:00:00+00:00,1.608260125691,6542.7186818,258976866.96257058,7202.22165666,285081613.70291936,1516353.80516825,60021006063.064865
2022-04-24 00:00:00+00:00,1.60550883035,7013.54519472,277116712.78470546,6852.54521594,270755338.6665906,1516514.80514703,59919995668.96078
2022-04-25 00:00:00+00:00,1.644601591866,16509.01718642,668181806.5749297,17622.08961602,713232019.9498758,1515401.73271743,61333988330.136734
2022-04-26 00:00:00+00:00,1.549627067302,18622.64873411,709016396.9957116,16687.89849846,635355036.5333527,1517336.48295308,57769249773.960915
2022-04-27 00:00:00+00:00,1.596095580203,17519.23542813,687078793.6675206,18424.42820416,722579130.60532,1516431.29017705,59472217598.125084
2022-04-28 00:00:00+00:00,1.617507844772,16086.52061703,639406851.4029549,20699.45529749,822761730.3093289,1512677.66392344,60125895792.090675
2022-04-29 00:00:00+00:00,1.572635096383,18405.14625174,710613602.9270778,18516.56189422,714915305.8335495,1513341.97945985,58429386095.37496
2022-04-30 00:00:00+00:00,1.537292898922,10380.98607386,391509494.7799817,8497.52645687,320476519.8930338,1521677.64771475,57388695335.49738
2022-05-01 00:00:00+00:00,1.567381909459,11075.76020715,425965175.77325314,5269.55659538,202663073.18111727,1527484.58471997,58745876350.87509
2022-05-02 00:00:00+00:00,1.573983130319,17550.63076157,676858729.6710008,22704.50129172,875623224.652267,1522330.71418982,58710302059.451096
2022-05-03 00:00:00+00:00,1.540983434257,19157.8846062,722336646.1761546,18456.5000361,695891358.0631979,1523032.09875992,57425019559.87538
2022-05-04 00:00:00+00:00,1.618770611892,21676.43353154,859293973.7711449,27317.53876677,1082917833.618241,1517403.6542276,60152691352.97903
2022-05-05 00:00:00+00:00,1.493350506698,35116.73455808,1281831907.3109639,36688.96105487,1339221357.5108957,1515831.42773081,55330916004.06256
2022-05-06 00:00:00+00:00,1.476077962977,37556.89277791,1353663069.8107877,26144.29720806,942318892.7259693,1527244.02330066,55046455657.46391
2022-05-07 00:00:00+00:00,1.454866736249,13755.97021507,488456771.20507795,17355.78110461,616281415.8184597,1523644.21241112,54102642040.05856
2022-05-08 00:00:00+00:00,1.397053307677,31116.40106682,1059790600.3435909,24867.64242054,846964712.7056774,1529892.9710574,52106481941.03832
2022-05-09 00:00:00+00:00,1.25746370058,139382.69906703,4245307351.161101,77719.00824243,2367159476.92954,1591556.661882,48475508378.7534
2022-05-10 00:00:00+00:00,1.282199871846,89118.22449,2761839293.632371,58693.31260392,1818948906.9224424,1621981.57376808,50266401396.75381
2022-05-11 00:00:00+00:00,1.198898869373,68160.553481,1962789251.3169806,101759.93583574,2930335774.4706764,1588382.19141334,45739938029.67685
2022-05-12 00:00:00+00:00,1.211574517788,80383.1962138,2333581020.3654222,78498.67389649,2278872005.0578837,1590266.71373065,46166567084.62208
2022-05-13 00:00:00+00:00,1.224580870454,34358.16410585,1006210949.4479134,39781.41473049,1165035912.950078,1584843.46310601,46413622125.59832
2022-05-14 00:00:00+00:00,1.254528110725,15234.28018968,457819609.53566927,19817.90602485,595566438.6596788,1580259.83727084,47489867106.050186
2022-05-15 00:00:00+00:00,1.301371234936,11800.92661694,367983825.048528,14364.53800183,447923947.88562715,1577696.22588595,49196703853.13186
2022-05-16 00:00:00+00:00,1.248816594441,24680.86560676,737701508.5520043,28082.91522194,839387453.1729926,1574294.17627077,47055042851.55582
2022-05-17 00:00:00+00:00,1.272635339124,26005.73429376,791567597.1884634,27091.38971005,824612987.8526878,1573208.52085448,47885626864.53363
2022-05-18 00:00:00+00:00,1.204897921252,26472.89391406,761657467.5097953,22626.42644447,650989903.8781991,1577054.98832407,45373796776.054214
2022-05-19 00:00:00+00:00,1.268265640482,21057.38705872,637152001.2537414,21886.01174254,662224431.8507527,1576226.36364025,47693276436.51814
2022-05-20 00:00:00+00:00,1.226785298597,25486.57415624,744825912.7989824,25053.53193973,732170580.5359923,1576659.40585676,46076682332.483826
2022-05-21 00:00:00+00:00,1.235285942059,8000.51790525,235375863.099382,9164.58027502,269622669.14756674,1575495.34348699,46351196344.29714
2022-05-22 00:00:00+00:00,1.273331088604,9717.20340965,294741000.5482968,11396.36707444,345673183.1712369,1573816.1798222,47736795862.40146
2022-05-23 00:00:00+00:00,1.22293867204,34410.19176148,1000932313.5651406,21984.95130547,639503793.7113367,1586241.42027821,46140989439.33449
2022-05-24 00:00:00+00:00,1.246431579256,26481.64876132,785013621.2100524,20953.41320755,621136354.7270862,1592437.49873777,47205713613.29782
2022-05-25 00:00:00+00:00,1.244237310755,21346.78314638,631379352.7264771,23389.09048573,691785207.6576453,1591853.97465021,47082678699.53787
2022-05-26 00:00:00+00:00,1.235100855496,25160.60177618,738023000.5277916,38519.3108901,1129867149.2145262,1580229.95702642,46352073165.143776
2022-05-27 00:00:00+00:00,1.20688817198,25003.29818419,715395400.5409135,24678.8543389,706112399.8365889,1581707.35471648,45255876174.024124
2022-05-28 00:00:00+00:00,1.225163407756,6816.29754119,197982910.88300976,9600.59511829,278854283.6110454,1579103.20396197,45865874694.56293
2022-05-29 00:00:00+00:00,1.241234457517,8636.09436492,254160852.87748593,9971.14256184,293451413.40448177,1579495.16955757,46484651793.67456
2022-05-30 00:00:00+00:00,1.337557348648,23734.68782321,753242984.0305923,24662.00193439,782672182.9078511,1579699.45888199,50133270896.28661
2022-05-31 00:00:00+00:00,1.340327318645,27217.50682943,866371606.1406498,34699.39016602,1104530498.6469033,1588705.42414852,50570732970.86928
2022-06-01 00:00:00+00:00,1.258203816602,38702.1213414,1154326460.0764143,23792.78648138,709641798.4981657,1603614.75900854,47829289039.835846
2022-06-02 00:00:00+00:00,1.289506254729,15370.79764007,468874930.58197147,19219.41431723,586274165.130205,1599766.14233138,48799695142.53511
2022-06-03 00:00:00+00:00,1.255277674265,13008.66604509,385871780.6657482,14655.0220046,434707095.79366416,1598119.78637187,47404501395.22451
2022-06-04 00:00:00+00:00,1.261962571345,20940.24265802,623860246.1420454,28307.62024486,843352162.7262626,1590752.40878503,47392344277.1373
2022-06-05 00:00:00+00:00,1.26746929363,5944.14202813,177821441.71474716,30436.2521445,910512940.4909617,1566260.29866866,46855317906.56944
2022-06-06 00:00:00+00:00,1.32794694055,18595.30182905,582659181.5963027,18255.05059706,571997859.3875546,1566600.54990065,49087355649.55676
2022-06-07 00:00:00+00:00,1.322740859864,21174.6297446,660119768.9597379,17332.73311677,540348516.9983146,1570442.44652848,48958594198.38603
2022-06-08 00:00:00+00:00,1.283418736198,16896.25998195,510747998.3997359,13924.86983865,420927436.34775275,1573413.83667178,47561884617.84162
2022-06-09 00:00:00+00:00,1.278193263932,14228.09246104,427760279.8992222,13052.16802162,392406716.6071639,1574589.7611112,47339231086.9298
2022-06-10 00:00:00+00:00,1.237117043464,16458.69562427,478460865.77117544,16287.17295312,473474633.10661376,1575443.0255621,45798758977.72036
2022-06-11 00:00:00+00:00,1.208249128114,14972.63982241,424635892.5982761,15405.9980606,436926274.55304664,1575633.97221361,44686224081.719734
2022-06-12 00:00:00+00:00,1.144614146671,18752.66913874,503139437.7311433,21511.42079627,577157528.0381942,1573409.85923345,42215033286.11205
2022-06-13 00:00:00+00:00,0.962386955567,96194.64179703,2146704352.2166255,123481.12884053,2755636610.798959,1547757.32572424,34540150316.45947
2022-06-14 00:00:00+00:00,0.958749419408,73071.98880753,1612908239.851504,130835.00709757,2887903620.1482825,1504322.74830986,33204714908.41648
2022-06-15 00:00:00+00:00,0.982571637347,61911.2326126,1394289930.763512,106606.13633251,2400854516.596559,1493845.36720827,33642579314.311947
2022-06-16 00:00:00+00:00,0.89010384052,46764.50807745,949795435.6603152,49249.62781787,1000268657.4166759,1492492.95772263,30312796119.92051
2022-06-17 00:00:00+00:00,0.900449527228,28365.13602685,580490497.3415973,52882.26534779,1082231810.3192246,1469381.09543197,30070779920.26003
2022-06-18 00:00:00+00:00,0.839761069586,147421.53979263,2803053587.946161,59960.08554974,1140073107.1604218,1557929.79976188,29622270403.182274
2022-06-19 00:00:00+00:00,0.905122908176,28462.8977401,583270101.8359115,38399.94737505,786903056.0575793,1549990.52439743,31762863334.055267
2022-06-20 00:00:00+00:00,0.909413901996,22814.80548246,469337719.21933097,28424.80737381,584744598.0781746,1545884.1974178,31801356533.636547
2022-06-21 00:00:00+00:00,0.916201262025,34085.94220993,705185826.874569,28611.50540539,591928131.9308317,1552297.90761907,32114661135.02706
2022-06-22 00:00:00+00:00,0.887627935977,26550.72408772,531098603.4097607,30253.66059976,605169065.803253,1549799.49159474,31000900119.77544
2022-06-23 00:00:00+00:00,0.936392381423,22052.48811658,465243609.522053,25652.35392639,541190348.697114,1604820.118751,33857055073.979385
2022-06-24 00:00:00+00:00,0.946260674502,23162.2003848,493333489.146855,25349.23613342,539915331.9265096,1603270.47146996,34148181200.239117
2022-06-25 00:00:00+00:00,0.953541799671,9356.22521924,200862653.65739283,11465.91416404,246154179.87811527,1601652.47078366,34384824860.45352
2022-06-26 00:00:00+00:00,0.93595363596,8881.21336913,187097155.56150597,11064.65312635,233094853.27877015,1599813.84218198,33702671792.637474
2022-06-27 00:00:00+00:00,0.92317584654,39403.45297133,817663089.6122915,21515.39356778,446467044.18660027,1618691.99027329,33589561170.198463
2022-06-28 00:00:00+00:00,0.902427057507,24892.73107565,504406877.2102196,23668.91888519,479608501.99756294,1620403.72957357,32834596676.83953
2022-06-29 00:00:00+00:00,0.895265183982,35851.6543192,719935209.1989664,47954.84087042,962978670.0152293,1610523.5565738,32340839931.642376
2022-06-30 00:00:00+00:00,0.865015984997,32759.33704533,633333384.516614,48257.29834644,932954108.536691,1598183.13051553,30897534029.03645
2022-07-01 00:00:00+00:00,0.866810006703,30196.33405348,584053360.1113908,34797.90001898,673056219.1725146,1595022.53654918,30850707581.756332
2022-07-02 00:00:00+00:00,0.862322030966,11257.338099,216499231.8040514,15639.26714846,300771753.8412299,1591644.473786,30610238659.3899
2022-07-03 00:00:00+00:00,0.864908319377,13643.69586244,263002903.36265126,14129.85943746,272374442.6455974,1592526.79894522,30698366192.583687
2022-07-04 00:00:00+00:00,0.907445950743,21981.70934425,444608614.1781834,21764.7540572,440220411.7866727,1594155.82199412,32243871470.636597
2022-07-05 00:00:00+00:00,0.906388103368,21609.319897,436364404.22110766,24552.78824687,495802869.6127475,1593680.84306329,32181743567.896847
2022-07-06 00:00:00+00:00,0.924592307191,21872.86053062,449724469.1066677,33298.45593292,684644351.6402624,1584105.09934033,32570537530.41058
2022-07-07 00:00:00+00:00,0.973646516264,28745.66745733,622384494.6442388,34421.02782106,745264100.663035,1580999.99226084,34230893496.43527
2022-07-08 00:00:00+00:00,0.981374953634,23395.09478322,510335617.34472275,30311.6549725,661211988.9433472,1575734.02201389,34372726520.10437
2022-07-09 00:00:00+00:00,0.97256585657,8699.35656825,187776761.51350078,61529.21834029,1328116311.5631387,1524072.74296437,32897311627.54463
2022-07-10 00:00:00+00:00,0.938937826789,11009.66142502,229345267.0933668,11531.73436728,240220711.28393346,1524176.27650892,31750532712.92369
2022-07-11 00:00:00+00:00,0.903257154365,20532.5477228,410062275.4404974,20509.3947734,409599880.2598165,1525266.616108,30461602120.624783
2022-07-12 00:00:00+00:00,0.875464077465,22342.87263227,432092242.8722635,18326.84069222,354425584.8295305,1530187.39629115,29592528899.94822
2022-07-13 00:00:00+00:00,0.91248166822,20057.11905195,404261821.4155139,18943.76896106,381821662.66437155,1532693.62319141,30892248990.41833
2022-07-14 00:00:00+00:00,0.931267482062,19965.49332157,410348768.30101246,20613.44681322,423666090.9903378,1533129.85901569,31510263190.587776
2022-07-15 00:00:00+00:00,0.947404727073,22570.06276166,470173288.7843692,16594.12327892,345684174.6048047,1541066.89811141,32103078284.41665
2022-07-16 00:00:00+00:00,0.963942951894,10317.66696633,218698522.1851998,9713.43488982,205890911.4510228,1542033.55844005,32685728420.131447
2022-07-17 00:00:00+00:00,0.947388315858,24193.82051168,503906198.6335272,9157.3413605,190728085.80734172,1557523.71235491,32439930386.167973
2022-07-18 00:00:00+00:00,1.014380417157,27768.24814897,619390397.1981453,28082.24311892,626394276.8851957,1558269.29775263,34758297826.306244
2022-07-19 00:00:00+00:00,1.064015965884,47465.13100868,1109317196.0939698,53593.43697653,1252543076.8319395,1552912.12209373,36293423918.8411
2022-07-20 00:00:00+00:00,1.059545792317,23818.47191812,554516312.4365404,29561.11253473,688210359.1964562,1548598.68373005,36052826331.51585
2022-07-21 00:00:00+00:00,1.055572042956,90878.58945607,2104058300.713391,95078.14711985,2201288178.671303,1545797.79743387,35788943318.573616
2022-07-22 00:00:00+00:00,1.037202359622,16725.51335557,379770903.75961155,23027.66680858,522868126.64301634,1541185.06544781,34994276870.49215
2022-07-23 00:00:00+00:00,1.027767986307,9606.34987083,215993582.0364676,11320.78523125,254541734.00327736,1540164.02252044,34629755174.54705
2022-07-24 00:00:00+00:00,1.035693112787,8251.6366934,186927272.06449997,12466.04829241,282397842.6714236,1537692.05249027,34833887061.117424
2022-07-25 00:00:00+00:00,0.984744106523,20578.34084851,442642696.0324774,22381.48871178,481428633.0241287,1536613.86512849,33052757218.306496
2022-07-26 00:00:00+00:00,0.970493939661,19178.18987299,406225881.9009172,19387.69428203,410663532.8934264,1536787.70359777,32551713395.418575
2022-07-27 00:00:00+00:00,1.048530886503,19715.35335161,451450344.2638109,24686.69903737,565286281.2244582,1533061.87049078,35104687035.91691
2022-07-28 00:00:00+00:00,1.090974652069,24462.78777178,583157557.835595,20721.84347507,493978844.41908795,1538314.91559712,36671207620.766235
2022-07-29 00:00:00+00:00,1.096121570662,24265.82984971,581184590.8331059,23600.56944979,565251111.709597,1541332.6757771,36916058756.58589
2022-07-30 00:00:00+00:00,1.08119685014,10286.59905939,243004803.85075977,9607.89702105,226971530.39004585,1542644.36476232,36442558819.12223
2022-07-31 00:00:00+00:00,1.06930792552,7627.11749857,178140269.85027745,9784.70693572,228533300.32765916,1540891.22993801,35989320941.04329
2022-08-01 00:00:00+00:00,1.068081818605,16479.80914866,384497722.8088111,17598.09376342,410588916.21697694,1540241.61785488,35936059046.45533
2022-08-02 00:00:00+00:00,1.054827227962,18197.76818855,419120567.4756791,24841.06967809,572125279.9964119,1534934.38412091,35351729038.69965
2022-08-03 00:00:00+00:00,1.044976588452,15904.71257909,362782477.0642083,19472.04984656,444152539.1750873,1532107.56142037,34946986529.74258
2022-08-04 00:00:00+00:00,1.037537603272,18371.09132174,415707155.1392066,21221.81288537,480214229.35467434,1530493.79551564,34632521854.545586
2022-08-05 00:00:00+00:00,1.065899475533,19903.3787938,462733086.37729067,39604.31297654,920759543.7612456,1511692.40978748,35145293755.44948
2022-08-06 00:00:00+00:00,1.054367720796,10254.27627741,235810157.66576615,10590.50875826,243542252.2745547,1511629.30507079,34761843265.93633
2022-08-07 00:00:00+00:00,1.061585802404,7462.22885262,172777898.2887055,6883.13611843,159369782.89802316,1512808.16240485,35027043525.01033
2022-08-08 00:00:00+00:00,1.091208903728,21773.49074839,518288564.2756153,22616.72186887,538360543.1712552,1512962.01782119,36014019115.33478
2022-08-09 00:00:00+00:00,1.064322658536,23399.06796821,542537616.50626,19314.55721512,447832958.5435455,1517979.31151643,35196311181.91666
2022-08-10 00:00:00+00:00,1.097349862382,25168.9114619,602117340.8577613,24296.55737905,581247963.1158127,1519649.16381821,36354655819.74229
2022-08-11 00:00:00+00:00,1.098103095757,18916.34925073,452752208.30564195,20566.16930114,492239725.7557243,1519129.37744515,36359509502.80347
2022-08-12 00:00:00+00:00,1.118913448413,15423.77126932,376283087.460845,20354.14547644,496566019.3455203,1515240.4993795,36966275199.267006
2022-08-13 00:00:00+00:00,1.120303000575,12073.30010135,294905115.4880524,12854.58711689,313989006.0244416,1515300.61246225,37013070027.748985
2022-08-14 00:00:00+00:00,1.1152866103,8916.76894282,216804122.43562576,16135.13321124,392312890.3168019,1508673.01162806,36682180555.066666
2022-08-15 00:00:00+00:00,1.105125221321,18473.10599792,444905434.6267725,21324.25213054,513572306.8604169,1507060.05796514,36295965073.39509
2022-08-16 00:00:00+00:00,1.095336349684,16513.64709974,394161259.4830499,17417.40072455,415732791.4932677,1507278.29226413,35976953272.76578
2022-08-17 00:00:00+00:00,1.071575714816,21939.71444248,511992831.6769703,22518.26661493,525494127.04807156,1508276.71882629,35197671795.08611
2022-08-18 00:00:00+00:00,1.066480347068,17239.67020497,400325322.9667163,22290.49286209,517611337.57250965,1503914.77879105,34922661650.47514
2022-08-19 00:00:00+00:00,0.962223516455,29784.30641408,622693534.0280249,35559.3489165,743430998.080368,1503001.78686155,31422907127.65499
2022-08-20 00:00:00+00:00,0.97348633387,10234.12134951,216417431.38152942,12546.92464787,265325484.35725117,1501747.97686964,31756946066.70819
2022-08-21 00:00:00+00:00,0.99226378976,7910.94780976,170512538.80618444,10948.62381462,235986595.7858398,1499412.65526164,32318334631.326664
2022-08-22 00:00:00+00:00,0.981225385052,17618.6875511,375297144.5203167,17358.18181207,369748089.8756074,1500679.60704772,31966102454.079647
2022-08-23 00:00:00+00:00,0.992293505064,13642.84838361,293792114.32082814,14631.15570522,315074832.5223571,1500533.28882164,32313255643.983387
2022-08-24 00:00:00+00:00,0.987637310218,14741.68175095,315840130.88240844,23133.7456847,495639872.5935826,1494122.13178962,32011526068.13844
2022-08-25 00:00:00+00:00,0.995543286361,16060.60332547,346713728.21978676,20897.99342093,451142529.6080015,1491181.76012735,32191392628.89225
2022-08-26 00:00:00+00:00,0.934524032452,21164.62958716,428502594.92024034,22027.15979064,445965524.2319107,1493421.99468946,30236068975.36379
2022-08-27 00:00:00+00:00,0.925756657439,12980.23347515,260175682.28620726,16108.98603837,322888370.3436982,1492595.27386241,29917566159.17367
2022-08-28 00:00:00+00:00,0.908751979889,11101.27557186,218401402.54510894,12062.98459849,237321624.72108108,1492676.58985885,29366234417.042038
2022-08-29 00:00:00+00:00,0.936300029003,23023.84975297,466715546.22930074,29638.75506147,600806029.6817229,1488976.09501899,30182975434.83212
2022-08-30 00:00:00+00:00,0.91691540216,32265.47482086,639677983.9045774,35976.68785985,713254501.4609438,1491259.21039528,29564904607.201405
2022-08-31 00:00:00+00:00,0.926540201628,36396.01015619,728818151.1449406,25120.59406309,503031646.66004086,1505006.94711943,30137269880.7571
2022-09-01 00:00:00+00:00,0.930819103606,19514.12715985,392340553.9254312,24516.77169215,492921036.50693846,1501481.88018428,30187987797.50426
2022-09-02 00:00:00+00:00,0.924346524698,28020.50460959,558977032.4432743,21920.97729114,437298435.7413803,1510521.32720116,30133173570.050674
2022-09-03 00:00:00+00:00,0.917781321543,9295.17050882,184080006.97033897,9975.23456941,197547882.23899567,1511437.19722522,29932250251.50917
2022-09-04 00:00:00+00:00,0.924996509034,18588.10257558,371054065.8291555,21493.36687909,429048695.875039,1510094.06383197,30144364648.89376
2022-09-05 00:00:00+00:00,0.917682178845,33869.77411142,670546905.1278459,29841.60654919,590798062.3010798,1515078.57796867,29995217805.123894
2022-09-06 00:00:00+00:00,0.874858544608,37174.05939962,700587919.5316739,43232.6679912,814769369.0958058,1515137.75667272,28554514247.160187
2022-09-07 00:00:00+00:00,0.895970446823,23526.1149998,453887150.51556075,28371.12650448,547361507.2503216,1511540.6553053,29162013402.160892
2022-09-08 00:00:00+00:00,0.897686434169,24023.84882593,464119734.875856,25123.69532978,485367806.8009522,1512327.52647219,29216844299.90831
2022-09-09 00:00:00+00:00,0.991990113442,28527.67537598,609442133.584312,24505.36866315,523512833.25787747,1518981.40617259,32450287548.91741
2022-09-10 00:00:00+00:00,1.008276774233,12831.36717148,278640801.68335396,12587.40118442,273342934.56526816,1519893.88790915,33005403535.01452
2022-09-11 00:00:00+00:00,1.00926214108,11409.83426979,247968380.5290188,13239.61012323,287734650.95679873,1519479.0729755,33022632587.3184
2022-09-12 00:00:00+00:00,1.038445934441,21213.9701504,474444578.455755,19549.41562746,437217276.66575986,1523037.66349541,34062316346.55585
2022-09-13 00:00:00+00:00,0.939370352409,70094.97502461,1413468126.6262054,52592.70979756,1060534210.4145564,1542941.26965191,31113475754.052864
2022-09-14 00:00:00+00:00,0.944134275318,284367.70927259,5757412732.580543,296550.59411714,6004071878.59609,1546863.94322204,31318373612.312088
2022-09-15 00:00:00+00:00,0.919794265144,109764.54217731,2162017903.185117,114012.87560464,2245696773.8512936,1543742.51685335,30406895461.3189
2022-09-16 00:00:00+00:00,0.922172305414,16864.66426374,332935078.5454261,19886.33223137,392587571.2608661,1543045.92530134,30462160900.763332
2022-09-17 00:00:00+00:00,0.939999035144,12213.21052252,245738373.6126173,11132.07834358,223985234.84348693,1546376.26677101,31114176578.61277
2022-09-18 00:00:00+00:00,0.907953496893,10366.50222017,201391078.00426167,10266.81183006,199454382.80037165,1547567.27899128,30064744692.165302
2022-09-19 00:00:00+00:00,0.914684111914,23595.67833728,461483733.2338948,27591.27604075,539629541.0526443,1546915.46731629,30254537066.073128
2022-09-20 00:00:00+00:00,0.88338246827,16570.44380474,312733155.19656664,21517.40867474,406096975.1806234,1544795.20107082,29154842384.19723
2022-09-21 00:00:00+00:00,0.86699153682,23087.65232699,427277657.8509297,23213.84327733,429613043.57744753,1547544.59511917,28640037568.886536
2022-09-22 00:00:00+00:00,0.909510592046,19566.14656905,379867728.263616,22096.82661629,428999716.369427,1550111.57327961,30094702593.52428
2022-09-23 00:00:00+00:00,0.90563544045,21599.54877916,417451559.4275686,21566.25222884,416808041.5005621,1552903.36843811,30012753480.30784
2022-09-24 00:00:00+00:00,0.886975013788,8317.06268012,157398479.89334816,8049.63416117,152337457.27252883,1554077.87915475,29410562986.319443
2022-09-25 00:00:00+00:00,0.881057004179,10631.91158438,199807174.6114911,7823.79656554,147033830.56649038,1557958.92642785,29278965384.516373
2022-09-26 00:00:00+00:00,0.900322536822,14822.52514275,284609257.70264167,24357.8026048,467697376.2470159,1551233.29989219,29785434921.11261
2022-09-27 00:00:00+00:00,0.896561719809,28678.1933002,547946751.8978322,23742.76649756,453646840.5530951,1558859.41960631,29784719933.26931
2022-09-28 00:00:00+00:00,0.913487552122,28048.00291134,545672135.5091302,25380.28923903,493771933.51978457,1563962.44637522,30426791193.201496
2022-09-29 00:00:00+00:00,0.917870607279,20827.92773871,406995753.55131656,42765.19325414,835668928.4017268,1543130.53340037,30154107607.261528
2022-09-30 00:00:00+00:00,0.91356153704,25992.30124763,505165435.2330267,62606.36997021,1216766989.3116817,1508809.24640631,29324001456.545002
2022-10-01 00:00:00+00:00,0.907912672634,8077.51900046,155991929.24571675,15774.98275898,304644284.24756086,1502325.4004309,29012700255.451485
2022-10-02 00:00:00+00:00,0.894190083633,13851.66101234,263393389.98642105,10347.84916984,196767381.86736023,1507679.61849785,28668969401.995014
2022-10-03 00:00:00+00:00,0.923308111571,16499.66938502,323945146.56067085,20023.23064696,393124749.0593103,1506081.11494687,29569542039.22862
2022-10-04 00:00:00+00:00,0.956568501176,17926.42245908,364622917.9909494,25374.20602043,516110621.7368217,1500522.53753094,30520585320.05578
2022-10-05 00:00:00+00:00,0.948163366006,15445.22605939,311300071.0961841,31809.7236779,641128152.1166242,1486160.16979299,29953706390.435738
2022-10-06 00:00:00+00:00,0.938866609583,14908.49929919,297432727.83114946,37117.6045345,740516543.3286767,1465863.04165198,29244770674.47711
2022-10-07 00:00:00+00:00,0.919983246052,21374.76962643,417644700.0236384,33835.52911654,661117273.0743774,1455737.24479576,28443859538.21892
2022-10-08 00:00:00+00:00,0.914595870208,9087.81611939,176450648.39960074,11053.84456101,214623405.05955735,1455517.742614,28260590450.701424
2022-10-09 00:00:00+00:00,0.915262738221,7255.96741679,140971598.8739736,10075.70475586,195754491.1143022,1454403.94178845,28256693739.844746
2022-10-10 00:00:00+00:00,0.902773565181,13365.7035307,256012088.3076248,15260.23410616,292300692.7849051,1456254.62902647,27893689832.965076
2022-10-11 00:00:00+00:00,0.897697758664,19156.57050366,364727349.28201216,17618.91748785,335451539.79070866,1459661.04914874,27790898438.97195
2022-10-12 00:00:00+00:00,0.904197086018,26637.50347927,510292298.4536234,19960.9270033,382389713.34929687,1468207.37246006,28126318792.684822
2022-10-13 00:00:00+00:00,0.915299590894,26646.67114778,516621228.35625625,36272.32987395,703241898.8059819,1462153.37527026,28347986455.347553
2022-10-14 00:00:00+00:00,0.905697877908,20961.69339436,401996943.80118394,22072.32057707,423296212.17384636,1462559.1989015,28048512924.290005
2022-10-15 00:00:00+00:00,0.900728724487,9322.59434876,177780708.22820568,9209.12483938,175616858.87627432,1463099.58485666,27901126089.30669
2022-10-16 00:00:00+00:00,0.909910910294,5956.19287258,114726696.79977219,7886.55798629,151908906.61923608,1461955.59145945,28159822803.630535
2022-10-17 00:00:00+00:00,0.924678135264,16105.81821461,314981838.101284,23910.46673527,467617519.44418824,1455449.25883887,28464252899.387383
2022-10-18 00:00:00+00:00,0.91398573907,19494.17504867,377044784.5522491,18088.69794016,349860878.98824185,1458802.67316081,28215297042.984592
2022-10-19 00:00:00+00:00,0.904610705933,14243.29713167,272504960.2511381,15813.64586001,302549114.6235986,1458309.811995,27900608523.284256
2022-10-20 00:00:00+00:00,0.900242542303,17369.27443899,330595931.6606987,16064.7724042,305766853.9085163,1460684.59165457,27801759085.369694
2022-10-21 00:00:00+00:00,0.907143363442,14168.41343669,271677575.7064053,16519.58091522,316760921.3824048,1459580.54075225,27987276389.95642
2022-10-22 00:00:00+00:00,0.909318069409,8898.11092247,170911609.02080303,8273.76378981,158919381.2367034,1461035.05193369,28063018514.548237
2022-10-23 00:00:00+00:00,0.926261633178,7809.27832404,152791750.365621,11104.28639995,217259941.98293477,1458317.163857,28532576610.57053
2022-10-24 00:00:00+00:00,0.915784798173,18039.80408495,348916152.90725833,16742.49322451,323824266.5199132,1460429.45430473,28246838180.109055
2022-10-25 00:00:00+00:00,0.951195313284,22855.00657178,459270468.49306136,28745.7394167,577644515.9892625,1456398.66181739,29266274486.721638
2022-10-26 00:00:00+00:00,0.983939477562,37738.44400651,784847583.3223536,109637.2742483,2280129772.20218,1437875.32440104,29903537445.272766
2022-10-27 00:00:00+00:00,0.959624512348,24224.09766899,491268943.04619706,18450.26685967,374174643.0734348,1445133.81758121,29307566904.019894
2022-10-28 00:00:00+00:00,0.975004031923,17200.42311638,354408076.4314487,21390.90836424,440751406.8227878,1442625.6315048,29724744072.45417
2022-10-29 00:00:00+00:00,0.98443454901,13389.54578542,278554770.50102174,15441.04001262,321233851.09120333,1441439.51340849,29987563378.425056
2022-10-30 00:00:00+00:00,0.975832100659,10128.37362302,208813674.67399612,11573.19990585,238601229.57793382,1440606.10741997,29700548799.311558
2022-10-31 00:00:00+00:00,0.97009674747,20480.77773939,419668712.0921366,16505.76390555,338217267.3558517,1445454.20533153,29618597128.41712
2022-11-01 00:00:00+00:00,0.970049689813,22451.9771576,459905548.6505161,23640.62857033,484253844.4058747,1445735.10212486,29614389444.5828
2022-11-02 00:00:00+00:00,0.954490976446,21858.74219013,440416157.6342303,71092.12533145,1432384370.7103136,1398905.53181241,28185546718.79897
2022-11-03 00:00:00+00:00,0.956986021054,21593.43046235,436146509.366387,18214.12061815,367890833.4011843,1404203.68004415,28362262057.366486
2022-11-04 00:00:00+00:00,1.000981821699,55174.23148916,1167334729.304275,94305.39165061,1995242269.138391,1366308.67611996,28907327307.27625
2022-11-05 00:00:00+00:00,1.007111287598,13089.50618542,278590133.15464646,11113.40474517,236531834.27248192,1368950.06367715,29136009802.010868
2022-11-06 00:00:00+00:00,0.991409279364,20027.86237492,419519688.39844084,14034.87808359,293985826.8504455,1375488.29307518,28812082353.292473
2022-11-07 00:00:00+00:00,0.976088727485,35982.743607,740113405.0175364,23492.33046811,483203529.01516056,1389186.07633394,28573564272.58228
2022-11-08 00:00:00+00:00,0.880744871078,54115.57436052,1002272992.2353859,68657.09137484,1271596009.5332887,1378345.95828168,25528305746.864388
2022-11-09 00:00:00+00:00,0.753958696179,70703.91176473,1114172836.3653572,96772.04862757,1524962130.2290003,1355052.99679416,21353319826.02776
2022-11-10 00:00:00+00:00,0.839903712816,51319.13006316,900217613.8626109,82073.95508596,1439705231.1061826,1332717.36181316,23377941947.343338
2022-11-11 00:00:00+00:00,0.811340136624,42747.70231388,723156494.8713295,94009.87593889,1590351029.1167662,1297736.42670829,21953613289.304085
2022-11-12 00:00:00+00:00,0.806378353685,37959.72133171,636631698.2091237,59236.40980339,993468203.8205818,1278806.61388867,21447176051.8672
2022-11-13 00:00:00+00:00,0.785273663056,31037.80570042,506552456.33403236,42831.35075041,699028988.7158837,1269514.64786384,20719111699.9215
2022-11-14 00:00:00+00:00,0.801361740695,55223.41243481,918336545.0690807,66648.99904083,1108338090.9088306,1271410.72151986,21142897149.694267
2022-11-15 00:00:00+00:00,0.81368542899,59243.63555953,998586655.4025944,54577.10071502,919929439.6748992,1285412.01513849,21666382774.933758
2022-11-16 00:00:00+00:00,0.806089820633,42915.68577403,714958430.5747161,70047.84792176,1166969570.9624224,1258977.21319685,20974064756.090794
2022-11-17 00:00:00+00:00,0.81024033294,35147.7362698,586094794.4626858,86255.32907924,1438323053.8646626,1263068.45038839,21061892525.316223
2022-11-18 00:00:00+00:00,0.818509642211,108424.18980292,1806512127.5634696,32664.66888122,544243130.4677346,1339943.19369878,22325494283.728397
2022-11-19 00:00:00+00:00,0.820610369081,17089.20524264,285321440.0817287,15305.13662977,255534623.2812276,1343112.05557799,22424604330.484474
2022-11-20 00:00:00+00:00,0.799184425512,13378.96057748,217365894.74035722,16589.41384045,269525630.3181876,1340786.20412849,21783545233.437782
2022-11-21 00:00:00+00:00,0.777592696604,31245.3419735,492989549.4747519,41081.2294389,648180353.0948391,1332337.34836821,21021641871.5309
2022-11-22 00:00:00+00:00,0.79805211183,27632.98290617,446905174.8009257,27866.58486046,450683193.358325,1334853.06145728,21588430854.162903
2022-11-23 00:00:00+00:00,0.817451445016,32302.60314624,535385338.58490866,31830.42070003,527559357.57361,1336354.73253647,22148825830.213707
2022-11-24 00:00:00+00:00,0.81837142484,21637.36540504,358823775.9460889,22304.12487266,369880997.80931467,1336407.0403871,22162338688.467976
2022-11-25 00:00:00+00:00,0.816011276502,26477.47569708,437471147.29380894,19386.80976055,320316408.00448155,1344322.08115692,22211412066.02924
2022-11-26 00:00:00+00:00,0.812740435671,13747.75750044,226131931.91018334,13018.51287399,214136848.62412882,1345860.29088885,22137573175.127396
2022-11-27 00:00:00+00:00,0.812332752733,11898.48139846,195564282.30691722,12282.57405162,201877256.3360498,1346077.00898853,22124216980.05553
2022-11-28 00:00:00+00:00,0.802349876662,17907.68185879,290329750.1098032,153179.83071283,2483440476.740905,1213272.04874726,19670271870.230892
2022-11-29 00:00:00+00:00,0.814147810046,23533.1662376,386956718.93576235,20556.45190709,338010495.5965996,1217312.18140285,20016309020.22734
2022-11-30 00:00:00+00:00,0.850801464317,30929.03715718,531264937.87169003,34953.83080865,600398410.6768143,1218540.49194696,20930746581.552006
2022-12-01 00:00:00+00:00,0.840529289057,30465.10845454,516727594.3443002,30434.04136725,516200656.4112677,1223091.24058191,20745207434.680668
2022-12-02 00:00:00+00:00,0.84670015577,17058.2329188,291271188.773804,20088.99719893,343021819.6257099,1221129.55002982,20850920337.241306
2022-12-03 00:00:00+00:00,0.838232388894,9371.29606338,158370287.01239341,14460.13076202,244369086.5734829,1220053.85345063,20618309104.179874
2022-12-04 00:00:00+00:00,0.84968361727,8809.32032527,150830671.79852113,10400.73693837,178078453.46638134,1219527.40695131,20880400675.126644
2022-12-05 00:00:00+00:00,0.84468600446,21409.80326639,363139204.88473356,20500.57273133,347717425.9243946,1221640.44636825,20720673367.68195
2022-12-06 00:00:00+00:00,0.850384196971,20606.37012138,351761367.3181611,23781.11515457,405955902.6576373,1219351.69861814,20814962471.367786
2022-12-07 00:00:00+00:00,0.839503933452,20461.77677958,344745167.9564452,23981.01660457,404038206.75823456,1218755.38047766,20533897562.595562
2022-12-08 00:00:00+00:00,0.858945882155,20142.27566699,347080743.38799,20997.45115402,361816662.4406714,1218976.92777909,21004747688.948647
2022-12-09 00:00:00+00:00,0.854978591377,16983.88386255,291038364.4822421,26069.44656012,446729920.6246089,1210990.41099118,20751712121.377773
2022-12-10 00:00:00+00:00,0.854415449082,11661.56807747,199695195.26076007,14526.90402094,248761823.08625698,1209765.46643745,20716283559.38589
2022-12-11 00:00:00+00:00,0.853211507586,9834.26853056,168110533.08143893,12009.77011461,205299341.77398887,1208120.52993617,20652048058.589558
2022-12-12 00:00:00+00:00,0.858539391858,20188.57426587,347153133.42642987,28043.60224623,482224463.4085693,1201354.5500741,20657922195.099113
2022-12-13 00:00:00+00:00,0.887729303381,29577.87952616,525744342.73139215,65551.21111863,1165167312.76595,1166601.9740282,20736252831.178795
2022-12-14 00:00:00+00:00,0.890254354657,27155.7861282,483637058.21586704,38490.46256454,685504518.1237031,1284523.94345273,22877017011.64126
2022-12-15 00:00:00+00:00,0.86728278142,23475.85667339,407166536.5662611,24560.98662991,425987089.6249855,1284665.25792544,22281304192.37946
2022-12-16 00:00:00+00:00,0.830992951979,19567.63374408,324942281.8190973,34010.60522747,564783857.5272874,1271453.43306458,21113895791.908092
2022-12-17 00:00:00+00:00,0.839657772493,13710.14308815,229979223.64191535,23255.27542483,390092951.86743295,1262773.23004409,21182244795.996563
2022-12-18 00:00:00+00:00,0.839875774864,9885.79802931,165845293.75560805,11815.27775036,198214469.23180988,1262010.85424235,21171640389.986485
2022-12-19 00:00:00+00:00,0.823536056851,19890.72921091,326687949.91814846,21424.34140043,351876198.01359624,1262123.73926331,20729286118.721176
2022-12-20 00:00:00+00:00,0.847633081501,20131.53849269,340259578.2494145,21630.42935236,365593557.1670421,1389430.22847116,23483895367.373528
2022-12-21 00:00:00+00:00,0.843195618816,15999.35390635,268797672.8147678,17080.47058472,286961009.2149802,1390080.44013052,23354092266.445423
2022-12-22 00:00:00+00:00,0.844194325117,21405.69699573,359920153.74897784,17576.41688068,295533785.5764474,1395597.90262407,23465893765.77673
2022-12-23 00:00:00+00:00,0.842886604017,19979.58477236,335267761.52266574,18216.90919201,305689154.0166598,1406413.40960215,23600344100.498344
2022-12-24 00:00:00+00:00,0.84590101132,8365.57115695,140856242.72189808,11654.87865972,196240326.76166055,1404349.27235509,23645888399.24344
2022-12-25 00:00:00+00:00,0.845706555551,7985.54477433,134355504.94537055,7615.17938447,128124166.89954458,1405542.61626195,23648028189.27976
2022-12-26 00:00:00+00:00,0.848591013908,9970.97244081,168309398.867506,11608.98807206,195959001.53844362,1404568.67171596,23709032414.639816
2022-12-27 00:00:00+00:00,0.8399359586,17134.16942562,286121974.9388966,15217.64526532,254118108.0375219,1407807.9546496,23508860121.152718
2022-12-28 00:00:00+00:00,0.83299277844,16988.29329329,280923415.85670835,20086.6934695,332159472.7203919,1406343.60993727,23255711680.45927
2022-12-29 00:00:00+00:00,0.838526883526,16317.74312752,271373747.1643956,18841.80108619,313350328.1751113,1405380.0040919,23372303076.46691
2022-12-30 00:00:00+00:00,0.836965256607,20115.80008168,333795327.0968443,25264.53753425,419231874.24574816,1401927.36106921,23263146390.10027
2022-12-31 00:00:00+00:00,0.835246001939,16415.29458651,271249903.0389468,13510.20589494,223245584.76399598,1405791.29943552,23229601616.668346
2023-01-01 00:00:00+00:00,0.839542831106,12730.66957755,211415073.01891398,8738.1804936,145112796.7663756,1410759.19953293,23428128219.376656
2023-01-02 00:00:00+00:00,0.843780085391,14636.58836169,244265914.28182226,12869.32335776,214772524.75034365,1413654.55340482,23592083990.686127
2023-01-03 00:00:00+00:00,0.843211245785,13785.33585917,229802615.53257158,17611.10558196,293578492.86367327,1411153.22162668,23524033404.765423
2023-01-04 00:00:00+00:00,0.852695347503,20060.5613826,337987681.1250503,17568.28050201,295996820.57647395,1414784.76995756,23836811670.871483
2023-01-05 00:00:00+00:00,0.851818124476,15219.20704828,256060117.52556318,20098.22073069,338148547.8204863,1411111.31232584,23741665865.34756
2023-01-06 00:00:00+00:00,0.858998530318,16438.20013257,278756733.8775542,20580.97755798,349009382.8887331,1408547.67388908,23885957459.915615
2023-01-07 00:00:00+00:00,0.858446501208,11274.61532901,191021620.00471914,11887.08957805,201398543.72660968,1408310.30516916,23860478438.724277
2023-01-08 00:00:00+00:00,0.864443193289,8684.85145583,148156964.86714348,8983.64900628,153254223.975092,1409264.69132204,24040984514.541855
2023-01-09 00:00:00+00:00,0.870777665108,20484.46569266,351970641.5313354,24640.00765464,423372492.68103737,1407523.39093883,24184517102.470238
2023-01-10 00:00:00+00:00,0.883951640903,21138.33483956,368523925.0573489,23691.51171453,413035792.7361933,1407075.73247239,24530838200.80423
2023-01-11 00:00:00+00:00,0.904886150128,17126.17255437,305423207.8569755,22746.97029044,405662888.95417887,1403313.18516701,25026281457.869186
2023-01-12 00:00:00+00:00,0.956915395927,30814.58945761,581462196.8676556,28865.13493891,544676566.1943597,1407388.07362208,26556997043.86403
2023-01-13 00:00:00+00:00,1.006737285894,30475.51768706,605509672.399913,42187.18166563,838205500.3015622,1396770.42030773,27752047013.709427
2023-01-14 00:00:00+00:00,1.063923229924,30852.16816315,648232521.0218328,24864.41861104,522424377.9154548,1404075.81912338,29500928528.687748
2023-01-15 00:00:00+00:00,1.056945343653,14040.12863488,293101845.5106048,14504.59900312,302798132.89204144,1404309.48376302,29316376798.459713
2023-01-16 00:00:00+00:00,1.071886746547,16386.34529549,347069543.68995905,19797.96394081,419329032.0092525,1402832.1915668,29712563712.097424
2023-01-17 00:00:00+00:00,1.071274656024,17330.7206147,367035189.9310431,22177.56454773,469683101.87169635,1399350.18332213,29635857142.606686
2023-01-18 00:00:00+00:00,1.047738862359,24309.87003723,503449352.2781374,25641.09668508,531018614.9919682,1398844.8571684,28969613420.41302
2023-01-19 00:00:00+00:00,1.066296173366,28615.80565622,602987489.8311567,19019.49710657,400775674.6715523,1410049.61654071,29712330626.988903
2023-01-20 00:00:00+00:00,1.145445917644,20079.84000545,455023570.6069433,39200.34929261,888308019.3528179,1391371.47069715,31529475058.835903
2023-01-21 00:00:00+00:00,1.152147571819,17526.62534422,399662665.6510867,15439.29222544,352064847.932656,1393958.2940952,31786671802.63861
2023-01-22 00:00:00+00:00,1.147415859687,12782.38310918,290368157.9421475,11529.75316486,261913068.90212685,1395860.05622992,31708743965.076283
2023-01-23 00:00:00+00:00,1.157946337765,17872.54852908,409800110.1358766,15590.08138997,357465364.28433216,1399475.46666276,32088607813.134186
2023-01-24 00:00:00+00:00,1.14168583391,14860.2019102,336005910.8350172,20574.02285138,465201841.0983592,1395443.85789051,31552558122.901077
2023-01-25 00:00:00+00:00,1.166238508234,19475.60589481,450063422.6817957,18922.7694017,437287877.4373321,1397243.08351708,32289008510.576973
2023-01-26 00:00:00+00:00,1.161820741319,15245.10354351,350769853.4715698,19446.81299066,447445681.4120328,1393672.32458257,32066573748.48216
2023-01-27 00:00:00+00:00,1.165635900125,21378.26497781,493207186.45327467,25789.83529878,594984303.9183645,1391523.77625108,32103144351.517773
2023-01-28 00:00:00+00:00,1.162375118008,9799.97804572,225485827.614496,12647.39626776,291001530.95239204,1390014.04361277,31982568283.067017
2023-01-29 00:00:00+00:00,1.200618353218,12181.34138468,289611347.1770814,12005.44334695,285429371.96892756,1392655.94684802,33110390078.06481
2023-01-30 00:00:00+00:00,1.15137768201,22173.00050472,505531712.17751986,21234.61611929,484137085.63854086,1395135.51841906,31808290772.19044
2023-01-31 00:00:00+00:00,1.167609671158,16333.78408693,377801273.86983305,15382.45787951,355797049.30581254,1397351.2580828,32320807140.442654
2023-02-01 00:00:00+00:00,1.196241930423,17635.17456821,418433359.9992466,17335.74683768,411328777.5706455,1398710.75623857,33187493502.617344
2023-02-02 00:00:00+00:00,1.184795889398,21770.6009026,511731142.0127901,25306.96967892,594855629.0483539,1397147.16729575,32840789222.07438
2023-02-03 00:00:00+00:00,1.181415746292,16853.57220308,395145705.2449253,20734.76964555,486143535.3856082,1394429.83491403,32693541398.361412
2023-02-04 00:00:00+00:00,1.176437733184,9365.48029523,218735703.42487928,11222.46624477,262106584.05442142,1393044.15621776,32535276761.769756
2023-02-05 00:00:00+00:00,1.156408398602,10373.06041122,238136683.77536896,9418.32624196,216218636.45457175,1394794.0561637,32020601241.76546
2023-02-06 00:00:00+00:00,1.145679319019,14209.52554342,323198003.5841578,15647.77641995,355911257.13560486,1394824.39607425,31725511086.500008
2023-02-07 00:00:00+00:00,1.171652534251,14233.42663542,331158735.7905409,16134.13717415,375381178.86290866,1394412.28608563,32442771628.990047
2023-02-08 00:00:00+00:00,1.154986688723,12674.77309628,290728621.1851395,11829.89055171,271349060.2746313,1395853.55334822,32017502471.93069
2023-02-09 00:00:00+00:00,1.099040577212,18525.87896791,404201312.9648157,17603.72578421,384081591.3444884,1397732.03358151,30495995581.38346
2023-02-10 00:00:00+00:00,1.089446116412,21229.0436272,458983955.4970666,16427.68983746,355175965.23357123,1403566.0558406,30345893645.709362
2023-02-11 00:00:00+00:00,1.101770368949,8646.78166169,189060693.32335514,9032.39161506,197492001.98696142,1404052.80922933,30699421815.124172
2023-02-12 00:00:00+00:00,1.097210551986,8281.02168657,180295541.35336214,9799.4745743,213355506.1469397,1403487.93682076,30556932094.791138
2023-02-13 00:00:00+00:00,1.09866674955,18154.60215894,395747011.414923,22395.4427318,488191889.46310633,1400698.88582581,30533436817.000576
2023-02-14 00:00:00+00:00,1.119923157609,15381.73635519,341819329.3798626,17195.74099987,382130893.4853842,1400557.31649345,31123765979.79582
2023-02-15 00:00:00+00:00,1.22364317031,24122.84459558,586296401.9388018,19519.50310177,474413968.5042759,1406662.799348,34188394935.396957
2023-02-16 00:00:00+00:00,1.195012046683,26035.63658561,618149769.5329003,20978.01400782,498069424.2505715,1413025.8810043,33548694682.948414
2023-02-17 00:00:00+00:00,1.237767811543,20345.21048512,500641422.3717612,21648.11347728,532702393.5612445,1413131.82603411,34773409098.025764
2023-02-18 00:00:00+00:00,1.239058645614,9673.60220147,238323958.0781515,9999.74768155,246359049.87778667,1413819.52054388,34831602243.57473
2023-02-19 00:00:00+00:00,1.225347760367,9570.51995694,233204771.36552942,9781.31370171,238341180.59674627,1414930.16821049,34477590335.773026
2023-02-20 00:00:00+00:00,1.246658143379,14424.12287956,357687135.098496,13034.08469272,323217186.3272696,1417400.39356688,35148472478.7566
2023-02-21 00:00:00+00:00,1.226544841574,19570.59862302,477530226.9937686,17673.61123954,431242996.16926086,1420303.90842942,34655968417.57601
2023-02-22 00:00:00+00:00,1.214898364016,15303.47047871,369789066.15554035,18920.01345364,457178266.616394,1417659.07830039,34255943932.517418
2023-02-23 00:00:00+00:00,1.20196788302,18329.89158329,438268334.8294474,18822.41950142,450044694.2015144,1418375.85483135,33913415212.227604
2023-02-24 00:00:00+00:00,1.165447448567,20436.27113427,473627427.1866245,20808.42345843,482252364.0283484,1419253.49225461,32892369436.954735
2023-02-25 00:00:00+00:00,1.164771417267,10564.58687146,244673882.14693537,10783.57240755,249745546.74689367,1419581.12667763,32877236896.508705
2023-02-26 00:00:00+00:00,1.183865293006,8106.63090663,190847086.5109981,8342.52666247,196400567.14196578,1419932.65515093,33428191488.988583
2023-02-27 00:00:00+00:00,1.181751158136,14854.66369973,349146829.3374239,16733.58432798,393309335.68498206,1419441.78072608,33362828481.844776
2023-02-28 00:00:00+00:00,1.165088210397,16386.41405042,379279105.9965006,19692.22265729,455795183.83703667,1417604.50952494,32811801860.666767
2023-03-01 00:00:00+00:00,1.188892073095,21082.92393948,497781729.7617469,19342.61864294,456691974.6921008,1420584.28888345,33540931353.86069
2023-03-02 00:00:00+00:00,1.181929202448,14008.67638771,328783991.78289765,14219.67305449,333736088.92875475,1423460.45679296,33408653192.966084
2023-03-03 00:00:00+00:00,1.126016843463,22060.09134263,493045164.44023436,28378.92249472,634271648.7763081,1418835.7938096,31711116531.992767
2023-03-04 00:00:00+00:00,1.125231451633,11075.83824345,247370930.86581275,12876.50943749,287587634.97995496,1418885.56027471,31689794859.976707
2023-03-05 00:00:00+00:00,1.130220819242,12560.57591256,281605815.12137806,11935.15225952,267583931.1857534,1420396.82722796,31845037131.40854
2023-03-06 00:00:00+00:00,1.130223291427,16381.51703027,367186843.93026924,16011.60697332,358895419.75395185,1422245.94967832,31879220989.72927
2023-03-07 00:00:00+00:00,1.122035533533,18503.38080194,410305964.8363927,17749.53917021,393589791.648821,1424543.84882211,31588759081.336205
2023-03-08 00:00:00+00:00,1.098460296734,16641.317105,361139623.12450725,28156.94692243,611044734.9655936,1414525.05545545,30697152286.93456
2023-03-09 00:00:00+00:00,1.031092147146,24505.67239678,498685879.4660074,25553.76616033,520014392.7904346,1415395.32337529,28803031812.43157
2023-03-10 00:00:00+00:00,1.026171253096,29409.84504571,595267224.5510137,40294.56895638,815578463.2616619,1405970.27387192,28457410143.718143
2023-03-11 00:00:00+00:00,1.043781214381,30532.82435101,628525343.9931824,42688.90732843,878761160.6067162,1395747.28982715,28731785025.22458
2023-03-12 00:00:00+00:00,1.118453254664,22903.37846139,505385491.8846993,21992.67006997,485289818.701059,1397978.91734884,30847774880.889973
2023-03-13 00:00:00+00:00,1.222477139001,62068.79337495,1499236268.5676665,35921.88441018,867672609.9330376,1425320.87040124,34427811901.276474
2023-03-14 00:00:00+00:00,1.252017069531,49420.90143579,1224107175.9458632,34994.84466081,866787922.2329595,1440847.21314227,35688369936.768585
2023-03-15 00:00:00+00:00,1.233259096934,27156.83212027,662892888.2654072,23470.58571326,572912344.2616414,1445234.46939957,35277886883.05517
2023-03-16 00:00:00+00:00,1.264318230866,23221.03266744,581529867.361745,23803.56984787,596118485.1084375,1446270.27444594,36219291920.08253
2023-03-17 00:00:00+00:00,1.381709504388,47702.9848686,1309476906.113418,35318.381002,969511748.8104304,1459889.53638243,40074885012.65186
2023-03-18 00:00:00+00:00,1.357927080335,19351.47029806,522213668.5112925,16880.13977637,455522995.5051674,1463311.72784783,39488543961.00441
2023-03-19 00:00:00+00:00,1.41718434858,25537.80041843,719788122.9825083,14857.40368589,418758958.7293679,1474418.15262231,41556776902.42495
2023-03-20 00:00:00+00:00,1.398348824456,29304.11711208,815660645.0751507,29253.82070244,814260677.904155,1475523.69024509,41070222331.07472
2023-03-21 00:00:00+00:00,1.413889214116,22752.70679698,641007345.5563734,27395.95706756,771820683.8222826,1471886.8240461,41467165839.20565
2023-03-22 00:00:00+00:00,1.371700451034,25164.27326371,688030415.0683347,32114.89989469,878071370.1868272,1465365.5681001,40065376396.175545
2023-03-23 00:00:00+00:00,1.421886913625,25225.77720359,716106582.1025198,24104.34103062,684271375.663077,1467830.22859249,41668602700.35755
2023-03-24 00:00:00+00:00,1.375231386162,16248.71260893,446256673.292796,21858.04981702,600312211.2364007,1463798.23454957,40201937608.457405
2023-03-25 00:00:00+00:00,1.376280144651,10703.34426433,294223747.5492757,12425.36795433,341560379.06629884,1463483.59592607,40229634536.305565
2023-03-26 00:00:00+00:00,1.403671575252,9233.70828077,258999900.3288218,10263.78116896,287892818.2400626,1464464.14675734,41077328469.99306
2023-03-27 00:00:00+00:00,1.357098415255,15826.4312921,429766684.2910071,22371.68487286,607503021.5189192,1459599.32452732,39635414359.56062
2023-03-28 00:00:00+00:00,1.363066939643,18015.25327407,491527511.0251541,18476.23989053,504105052.99791265,1460585.27493349,39850555188.21784
2023-03-29 00:00:00+00:00,1.417071461284,19146.72072902,543561841.3774518,23575.4263096,669289656.3055736,1457788.25548557,41385576136.23883
2023-03-30 00:00:00+00:00,1.420441511641,22672.66629982,635323440.559379,39578.38334014,1109047976.2248068,1442260.57904355,40414388900.89362
2023-03-31 00:00:00+00:00,1.443820674085,17910.47040791,510711355.72664136,21261.132424,606254415.2804172,1440261.75473227,41068604933.77641
2023-04-01 00:00:00+00:00,1.442211549223,10954.82085505,312152842.71745455,10286.45090202,293107932.39114195,1441451.05318234,41073519123.91291
2023-04-02 00:00:00+00:00,1.425206305097,8624.40790041,242880558.35504553,9079.34498965,255692495.76883337,1442144.11591567,40613659760.38654
2023-04-03 00:00:00+00:00,1.409099995135,14057.89171474,391526060.1965272,15139.74070207,421656614.64465916,1442462.82811507,40174003295.221634
2023-04-04 00:00:00+00:00,1.4219430768,12425.59211336,349332581.24531996,13485.06683267,379118609.5556153,1442476.50269615,40553724561.00262
2023-04-05 00:00:00+00:00,1.424960408187,17922.79804619,505249261.78014445,16222.83723231,457326836.71824807,1445693.724549,40754556582.410675
2023-04-06 00:00:00+00:00,1.41726242259,12079.60316771,338821688.8956047,12067.29017392,338476320.81576246,1446870.74233526,40583385209.384
2023-04-07 00:00:00+00:00,1.411891341659,9344.70831196,261061286.98697844,11712.42452479,327207711.3703081,1446440.7484289,40408932063.932495
2023-04-08 00:00:00+00:00,1.413111240664,8568.45926809,239608834.1051544,10251.57534216,286675578.25990075,1446045.9415058,40437302817.91142
2023-04-09 00:00:00+00:00,1.432780320048,7226.68860861,204933042.76550567,6579.20053264,186571700.6973247,1447566.627186,41049815424.67299
2023-04-10 00:00:00+00:00,1.498410626119,17308.98068194,513861492.27558696,15721.5103237,466733362.53657806,1450205.06005778,43053057251.62871
2023-04-11 00:00:00+00:00,1.524007596955,21793.36322608,659185947.9043765,20754.67061697,627768512.9259112,1453706.15376217,43970389471.38703
2023-04-12 00:00:00+00:00,1.506773205338,30038.212982,898533171.4564985,19684.28342434,588816039.8795859,1465263.82238572,43830441915.3583
2023-04-13 00:00:00+00:00,1.528589539867,13176.20924457,400172306.5526487,15695.76278299,476693218.7693341,1463630.42365412,44451659176.228714
2023-04-14 00:00:00+00:00,1.531450017782,18634.7608933,567595623.7794696,22869.48306546,696580899.5553508,1461185.45604003,44506204030.59324
2023-04-15 00:00:00+00:00,1.525286478334,8198.3658744,248755301.95346624,10323.47187776,313235393.9190653,1459700.94903698,44290332476.29112
2023-04-16 00:00:00+00:00,1.523487449103,9550.06886604,289490577.1805447,9175.44710324,278134693.5886461,1461048.8017133,44288671299.6353
2023-04-17 00:00:00+00:00,1.481199761253,18258.09365765,538056983.663126,16210.55920546,477717156.7376527,1464562.32060308,43159926736.39221
2023-04-18 00:00:00+00:00,1.524898878521,14901.54083429,452513188.8004482,16450.35396402,499545799.4535275,1464087.99033147,44459773157.47158
2023-04-19 00:00:00+00:00,1.445557031038,18696.18640088,538389295.3435317,18575.82115954,534923168.2906989,1465592.12203711,42204281286.34037
2023-04-20 00:00:00+00:00,1.418296444501,18944.30843141,535200893.3051268,15915.06074098,449620779.5822866,1469549.39537147,41516646121.25834
2023-04-21 00:00:00+00:00,1.370138666353,28736.97213552,784290050.0222021,23665.68085636,645884261.4007427,1476615.9792956,40299834471.21345
2023-04-22 00:00:00+00:00,1.396814023725,9719.89106336,270480731.1552055,9631.07218752,268009119.66069537,1477495.0291517,41115063240.738304
2023-04-23 00:00:00+00:00,1.385375480736,7514.68559782,207440533.11698264,10195.09357139,281432352.4380297,1476503.990228,40758428399.333405
2023-04-24 00:00:00+00:00,1.381178300296,14208.77706502,391028381.93846774,13783.40942897,379322179.6599405,1478607.8059841,40691582058.73621
2023-04-25 00:00:00+00:00,1.420027669157,13748.33613406,389114953.6085969,15199.31404964,430181537.87033045,1478199.45220223,41837027088.8966
2023-04-26 00:00:00+00:00,1.423548393886,20480.15368509,581313475.2358307,18898.79274595,536427756.24813986,1481495.9879654,42051128841.82551
2023-04-27 00:00:00+00:00,1.477024680925,15358.7505887,452554055.32942337,13764.39115113,405575375.32820624,1483683.87313632,43717563465.65819
2023-04-28 00:00:00+00:00,1.470212541775,13452.95816245,394855244.3445852,15060.14321021,442027430.3483709,1483056.74690528,43528919595.59355
2023-04-29 00:00:00+00:00,1.463534273428,7819.58915513,228500237.9400865,10415.29402049,304350665.32064617,1481488.37248457,43291333969.39546
2023-04-30 00:00:00+00:00,1.470402257877,9490.51108453,278661210.21648043,8309.50533723,243984416.95592707,1483337.10027339,43553872688.15966
2023-05-01 00:00:00+00:00,1.408272273073,15103.3440696,424629811.4887519,13833.4343124,388926358.1129563,1485334.13774097,41760099750.111824
2023-05-02 00:00:00+00:00,1.436592482997,9711.38557204,278625294.33711374,16271.48626473,466838394.6020536,1480179.4372218,42467208032.09076
2023-05-03 00:00:00+00:00,1.45181633614,13234.14463982,384386297.13457924,13817.38917727,401326659.6722389,1481022.77781523,43016369930.20713
2023-05-04 00:00:00+00:00,1.442232154866,13411.34603628,386995889.38888025,17389.44370155,501787308.52625537,1478664.13166643,42668121394.65248
2023-05-05 00:00:00+00:00,1.476466635695,11994.66666436,354478018.37841636,18961.89450492,560380290.414954,1473091.84351695,43534238357.02387
2023-05-06 00:00:00+00:00,1.443843173393,8499.24098001,245623499.8920991,9881.80831151,285578953.278845,1472564.75220713,42556330512.99027
2023-05-07 00:00:00+00:00,1.429877064919,4884.20592202,140478253.1881492,196189.50539137,5642751237.611268,1295774.71781782,37268733503.58894
2023-05-08 00:00:00+00:00,1.378067479397,10904.39822543,302349361.811172,17546.90306415,486527989.30580544,1292386.46221799,35834368296.79786
2023-05-09 00:00:00+00:00,1.374090435543,14957.4780507,413461011.7127997,15358.13926436,424536260.5075783,1292718.41086142,35733875737.796036
2023-05-10 00:00:00+00:00,1.374436923429,14200.68238746,392592134.89694107,21050.13865464,581952236.4361464,1287558.14916603,35595838903.58802
2023-05-11 00:00:00+00:00,1.341912915639,18428.80168188,497324637.6041816,14021.15552471,378378703.64487624,1293346.60097853,34902601955.97431
2023-05-12 00:00:00+00:00,1.331264514159,17689.01723328,473594149.7614859,16992.9968887,454959357.3950736,1295892.11171655,34695365759.289
2023-05-13 00:00:00+00:00,1.334669775407,7642.88731735,205145782.58089963,8180.03814254,219563661.8223518,1296001.77740063,34786499893.507965
2023-05-14 00:00:00+00:00,1.338338944895,7739.05163281,208321816.37160376,6661.09221242,179305022.7016294,1297586.88764683,34928783287.677055
2023-05-15 00:00:00+00:00,1.352469393563,12752.46815989,347270387.462506,15000.46912708,408487099.1691513,1296386.67305517,35302711334.66459
2023-05-16 00:00:00+00:00,1.341803499909,14564.75579205,393622985.4902732,13804.60283032,373079305.76796997,1299170.25315363,35111009137.93683
2023-05-17 00:00:00+00:00,1.360182926857,16306.18058088,446806372.5645449,16041.31997407,439548915.40730095,1300931.51227521,35646881688.29448
2023-05-18 00:00:00+00:00,1.332798511609,13689.52053228,367471017.96945983,13648.72494155,366375932.33670384,1302975.65263574,34976081765.20491
2023-05-19 00:00:00+00:00,1.335285312277,12195.24189363,327924001.1858092,12347.73998715,332024599.2253124,1303927.42075215,35061961115.529976
2023-05-20 00:00:00+00:00,1.345668504663,6373.99369333,172740699.8105439,6610.32325786,179145433.84809917,1303989.00306517,35339221180.975365
2023-05-21 00:00:00+00:00,1.329584607553,7158.51229607,191684183.7338747,6683.11902096,178954531.5207939,1305213.38162673,34949826347.717926
2023-05-22 00:00:00+00:00,1.331796174941,13456.78806927,361432332.47453076,12310.58650767,330646806.10950786,1307099.6452182,35107045686.97825
2023-05-23 00:00:00+00:00,1.349756710174,16100.28084744,438360026.20262057,16797.36320526,457339387.0929585,1307208.17578414,35591168602.51098
2023-05-24 00:00:00+00:00,1.306148991112,17187.79148807,452751017.41773933,19443.81149203,512177811.88499963,1306333.2691638,34410687208.48001
2023-05-25 00:00:00+00:00,1.312302574122,18045.68088567,477936897.38366604,16329.25010807,432477509.86499333,1309400.21972241,34679249977.45986
2023-05-26 00:00:00+00:00,1.323951129649,17791.06037155,475383961.4636422,21690.23556022,579571419.0361443,1306448.59239024,34908807812.95234
2023-05-27 00:00:00+00:00,1.330559181986,10348.59314008,277906712.255584,10278.97434169,276037131.4236914,1306891.46782401,35095969682.21686
2023-05-28 00:00:00+00:00,1.391560954233,14483.19649659,406941919.5342182,13268.74153098,372818745.4814767,1308712.22892545,36771569500.02155
2023-05-29 00:00:00+00:00,1.374801000798,16012.66159544,444592716.03002775,19596.45600963,544097029.0888708,1306014.35052556,36261583610.791115
2023-05-30 00:00:00+00:00,1.371662586882,16989.0748896,470809594.90569025,18825.02095151,521688234.69588166,1305755.22466601,36185730674.912994
2023-05-31 00:00:00+00:00,1.347122513076,20674.1406788,562702212.6276599,18620.71926657,506812839.0343144,1307808.64607824,35595521491.078705
2023-06-01 00:00:00+00:00,1.32755818548,18902.10108345,507055880.76653755,14715.57979907,394750892.6687962,1311995.16736262,35194757567.50488
2023-06-02 00:00:00+00:00,1.348499664123,19939.57087715,543457550.3623464,19383.65824178,528306024.7405052,1312551.07999799,35773878939.32025
2023-06-03 00:00:00+00:00,1.339845350422,18220.26437405,493393981.31331336,15233.89575318,412524885.60366213,1315537.44861886,35623975921.29672
2023-06-04 00:00:00+00:00,1.343716524322,16198.31152613,439917868.0235145,17529.34987594,476066546.36948824,1314206.41026905,35691552247.02133
2023-06-05 00:00:00+00:00,1.276417765634,28228.63256065,727899326.8115321,41880.48584365,1079923988.0513287,1304114.22576763,33627695744.102398
2023-06-06 00:00:00+00:00,1.3462357416,26706.18620724,726776022.8735672,30508.39966969,830248587.5038028,1301927.21901455,35430348570.31449
2023-06-07 00:00:00+00:00,1.303228127244,24761.7640446,652214440.9557068,35957.36269124,947101796.2883399,1292330.81854976,34039449727.091465
2023-06-08 00:00:00+00:00,1.312170481703,23225.23384809,615972535.9196084,26268.70320615,696690497.7166653,1290398.514919,34223554035.255497
2023-06-09 00:00:00+00:00,1.309627647538,21750.44111587,575748913.9580022,23501.60097687,622103302.0261114,1289572.35442953,34135854007.638023
2023-06-10 00:00:00+00:00,1.279906228962,26202.59831826,677683403.7484195,31932.30564292,825872049.5878634,1284484.33819604,33220893126.603207
2023-06-11 00:00:00+00:00,1.282204028842,40155.28403634,1040296042.9107854,49385.87233092,1279431307.5972464,1278141.34786713,33112588252.732105
2023-06-12 00:00:00+00:00,1.282415132209,31016.92441798,803547766.6962141,32601.8353243,844607660.3859847,1279912.07103012,33158364523.324295
2023-06-13 00:00:00+00:00,1.281288526881,28728.42033378,743516223.91575,28243.93613473,730977356.2008085,1280728.87909652,33146364783.79605
2023-06-14 00:00:00+00:00,1.242758133707,25313.58043573,635309746.2491716,26231.84375454,658355938.2939628,1280031.93637049,32125710811.676414
2023-06-15 00:00:00+00:00,1.265794710232,32527.23667683,831368304.3304498,37071.05431872,947504390.7018982,1276779.98488136,32633402633.614727
2023-06-16 00:00:00+00:00,1.303742036635,33935.54805883,893584746.2896101,40212.26228268,1058862056.0159222,1271724.23888894,33486813868.097603
2023-06-17 00:00:00+00:00,1.312806147734,23293.57277306,617609779.8470353,25848.4671472,685350687.0628649,1270052.99168068,33674402644.370712
2023-06-18 00:00:00+00:00,1.304485514887,31335.67800487,825819288.7847797,31674.01332501,834735765.1860678,1270960.66645769,33494849975.302887
2023-06-19 00:00:00+00:00,1.326002267293,28396.29192876,760397706.773243,161938.30609334,4336394234.185363,1258104.67536912,33689606813.150875
2023-06-20 00:00:00+00:00,1.401058308786,36753.89131872,1040334347.2195606,41930.28572549,1186854367.356182,1261704.44096468,35713074694.391945
2023-06-21 00:00:00+00:00,1.487688159529,47617.01247823,1433248998.0555425,52960.26834111,1594078409.9244292,1258569.32754036,37882326794.55388
2023-06-22 00:00:00+00:00,1.479224774259,38140.94120331,1142416971.8765314,40920.74413048,1225679050.4273214,1256754.57526764,37642955600.283806
2023-06-23 00:00:00+00:00,1.511461032551,38793.73130662,1188576063.6158323,42328.73343845,1296882709.4889786,1254611.98165607,38439245731.115395
2023-06-24 00:00:00+00:00,1.506266238891,32639.68529114,997110277.5700406,35460.11334562,1083271580.143392,1252744.62579625,38270115977.2257
2023-06-25 00:00:00+00:00,1.501725462895,31848.43349979,970340248.5500718,32585.74076229,992804113.6050593,1256635.49969506,38286467154.46738
2023-06-26 00:00:00+00:00,1.490477217783,30591.03374744,925558833.4839936,30005.43437793,907841005.645698,1259669.10101286,38112404874.41394
2023-06-27 00:00:00+00:00,1.508993136561,30918.2232911,948171512.5695822,31525.99480836,966810088.0592355,1260035.84207335,38641615303.11756
2023-06-28 00:00:00+00:00,1.480047953676,25729.83210318,774571979.0095308,28256.65069446,850639435.2213391,1258503.31241417,37886038174.58318
2023-06-29 00:00:00+00:00,1.4974352167,34488.20585052,1050538098.5982007,37027.30809543,1127881166.43059,1257007.91609,38289457903.82902
2023-06-30 00:00:00+00:00,1.497404119431,43210.70289929,1317256813.302814,43274.00467505,1319186536.4921908,1259299.04418461,38389105814.91965
2023-07-01 00:00:00+00:00,1.500071404388,29853.15656931,912959948.841525,28116.38148927,859846433.5406804,1261669.74362714,38583991676.80902
2023-07-02 00:00:00+00:00,1.500295120753,23680.35319451,724481851.8065028,24336.50357279,744556258.518901,1263275.10865727,38648912140.0969
2023-07-03 00:00:00+00:00,1.525922363387,27359.8814599,851859693.1300069,30038.3578252,935255012.5850487,1262204.13169953,39299177003.85089
2023-07-04 00:00:00+00:00,1.509148391226,28574.55350034,880094746.3855268,31260.89910513,962834049.8613763,1260201.22670171,38814131566.24037
2023-07-05 00:00:00+00:00,1.494037535141,33044.86213163,1007796327.5442383,30176.70810031,920323876.06051,1379699.89230221,42077841905.85036
2023-07-06 00:00:00+00:00,1.470491737414,31394.0135841,941184044.8860892,34738.60080074,1041453865.9651574,1377791.22593075,41305808687.259705
2023-07-07 00:00:00+00:00,1.487208780434,27102.79079927,822024473.3371626,33602.97532723,1019174309.4099338,1372657.89768656,41632553406.57697
2023-07-08 00:00:00+00:00,1.483788128844,24752.4368525,749098333.921934,23693.75995566,717058939.0005249,1375189.65377758,41618216606.7185
2023-07-09 00:00:00+00:00,1.478660537861,22141.76247548,667866876.1262013,23901.62381797,720949962.8283397,1374455.57476056,41458007333.70381
2023-07-10 00:00:00+00:00,1.489525354536,31254.69045608,949975551.6925241,32906.11196295,1000169939.6123233,1373888.84281839,41758878183.56907
2023-07-11 00:00:00+00:00,1.499536522954,29958.61307459,917220300.4880924,34608.26252326,1059575116.9095051,1370951.55540418,41973391574.290985
2023-07-12 00:00:00+00:00,1.487755265888,30502.4147873,926834442.731203,31434.80429498,955165665.547005,1371501.46005941,41673906813.71407
2023-07-13 00:00:00+00:00,1.538500113181,35657.47261523,1120883219.2058215,36840.37154076,1158067334.0181782,1372677.74808581,43149761897.29862
2023-07-14 00:00:00+00:00,1.483457241083,32304.09010961,979158680.231642,34090.25260288,1033298465.7403888,1372168.52357848,41591350074.980515
2023-07-15 00:00:00+00:00,1.482403144167,19425.89907935,588427783.7386218,21554.0742522,652892105.0682262,1370751.17928892,41521274005.973595
2023-07-16 00:00:00+00:00,1.480253300626,20469.34597886,619193068.6191206,20865.77578081,631184980.1249889,1370773.89441824,41465599093.61028
2023-07-17 00:00:00+00:00,1.475399676867,23470.7053668,707494987.4580387,24855.87497086,749249188.5498357,1370601.76098667,41315071726.429245
2023-07-18 00:00:00+00:00,1.45985580542,27710.43946538,826761672.4442282,30449.25540191,908476292.9226009,1368855.80288501,40840835972.38172
2023-07-19 00:00:00+00:00,1.463037215762,29483.70150375,881946831.8083421,31298.21376316,936224390.4880251,1368092.39893709,40923788239.75601
2023-07-20 00:00:00+00:00,1.457534391178,25777.26958486,768307155.7136956,26755.04774607,797450426.9001619,1368406.18542714,40786176391.77955
2023-07-21 00:00:00+00:00,1.463442609814,19138.82524336,572627785.0803869,20122.27982784,602052444.8114388,1368086.15649576,40932718473.15184
2023-07-22 00:00:00+00:00,1.453936935337,15621.76184626,464372643.0344788,17483.11858306,519703351.31209767,1367008.25267314,40635700479.31233
2023-07-23 00:00:00+00:00,1.470319604139,18222.57663975,547890420.7333034,18663.31925601,561142040.5361273,1367357.44407881,41111751655.0849
2023-07-24 00:00:00+00:00,1.427138509577,28062.88021297,818828813.1917815,29985.04003405,874914283.8603423,1366591.13305899,39874887649.056335
2023-07-25 00:00:00+00:00,1.42923855151,23130.47902523,675901622.4752069,21831.96645937,637957455.8579965,1368687.87154923,39994777109.163795
2023-07-26 00:00:00+00:00,1.436080716187,29469.8718122,865282345.3114748,32532.66475489,955210821.334133,1366825.46787162,40132171392.13333
2023-07-27 00:00:00+00:00,1.429632064392,34738.73121959,1014429539.0913248,28174.44388356,822741278.093561,1373987.31790734,40122746936.596924
2023-07-28 00:00:00+00:00,1.440164978549,27603.34040758,809228169.3072371,27486.86579226,805813563.019214,1374916.61633313,40307485976.58235
2023-07-29 00:00:00+00:00,1.442211649973,17953.16371837,527111640.37694126,18681.94286293,548508870.2127311,1374917.33315192,40368090116.55345
2023-07-30 00:00:00+00:00,1.437384415792,16547.7584721,484234354.47911024,17438.75412842,510307414.9005108,1374708.47878419,40227869771.20674
2023-07-31 00:00:00+00:00,1.435482408871,21074.98524584,615807279.3646046,24143.6104355,705471955.6332262,1373529.91968353,40134297277.06012
2023-08-01 00:00:00+00:00,1.449024030947,28785.00316409,849145720.6371996,24834.78843389,732616015.4075006,1379539.19012067,40695837101.85805
2023-08-02 00:00:00+00:00,1.432048628755,24685.20415241,719404655.8269372,32121.15797477,936111788.0544676,1372606.60037454,40002082738.773834
2023-08-03 00:00:00+00:00,1.434367776395,22427.52761102,654712120.4179147,24228.89273998,707298192.484494,1371410.35506936,40034684032.19639
2023-08-04 00:00:00+00:00,1.427652983063,20332.26653009,590799817.5835782,21163.72554839,614959732.8400937,1453849.97002778,42244886757.46772
2023-08-05 00:00:00+00:00,1.427408392655,21365.64117079,620738017.5743756,20755.63318694,603015397.243315,1455110.88740734,42275475862.38551
2023-08-06 00:00:00+00:00,1.427044043698,19519.0326085,566989704.9242759,20503.11575999,595575394.946705,1455144.67528428,42269105575.56412
2023-08-07 00:00:00+00:00,1.432710437146,31811.42422947,927759783.403398,31537.27879134,919764507.5406814,1639412.22102617,47812405886.53342
2023-08-08 00:00:00+00:00,1.46267267691,26005.80556144,774440182.7666289,34130.56556584,1016391565.8098129,1632988.5879038,48629602243.40044
2023-08-09 00:00:00+00:00,1.452750656477,27265.66853684,806598751.9256881,27776.08877957,821698485.504102,1634232.88352159,48345420264.43942
2023-08-10 00:00:00+00:00,1.445222004734,23080.93751078,679275681.8553067,26670.8892046,784928534.2798781,1631336.66513089,48010498924.698975
2023-08-11 00:00:00+00:00,1.443460117805,25196.50624183,740771859.7004449,24454.59826913,718959925.0064526,1633199.21605479,48015705388.93676
2023-08-12 00:00:00+00:00,1.444002195989,23007.97460431,676796458.5867496,22045.80368577,648493494.8786339,1634648.48300535,48084384799.56335
2023-08-13 00:00:00+00:00,1.437480909277,17275.86025367,505942875.2209781,17126.61667729,501572110.29042023,1635694.07359651,47903129015.03865
2023-08-14 00:00:00+00:00,1.443311936754,25439.47358288,748148758.9859424,36278.18953762,1066904249.9013267,1626083.0577443,47821430647.76967
2023-08-15 00:00:00+00:00,1.43140313407,27490.41833184,801829449.2172966,28941.93390331,844166670.7594694,1627285.989865,47464022308.500916
2023-08-16 00:00:00+00:00,1.411251226179,25137.96589904,722824422.0020367,26028.05201932,748418218.5728244,1627525.55088391,46798345591.523575
2023-08-17 00:00:00+00:00,1.309597789983,37814.70245208,1008161246.7066933,37311.78442246,994753169.0317338,1630379.66268531,43466839264.992
2023-08-18 00:00:00+00:00,1.279955274829,33489.40952377,871976007.7857302,37849.68785255,985506169.8289162,1626828.38565436,42358325848.31142
2023-08-19 00:00:00+00:00,1.282875825078,19436.91991437,507186634.64925975,21994.56686353,573925827.6119454,1624775.78865986,42396869871.380615
2023-08-20 00:00:00+00:00,1.287026193244,17865.08774364,467644972.0329458,19246.55681399,503806958.6987093,1623775.51842206,42504714658.93562
2023-08-21 00:00:00+00:00,1.285209423972,24350.35863688,636248207.9303381,31222.09197902,815799075.7228926,1617892.43536201,42273757769.79617
2023-08-22 00:00:00+00:00,1.278234400958,28868.3897209,749949081.622842,30351.13699119,788468201.1297991,1617277.59091926,42013976386.11651
2023-08-23 00:00:00+00:00,1.301640510691,33302.02777228,880911685.5137117,42768.05789274,1131308946.7723486,1609345.68445757,42570723595.69036
2023-08-24 00:00:00+00:00,1.286264498958,22539.03220238,588872658.8195679,24434.28275452,638389480.205097,1608387.09145328,42021998746.47467
2023-08-25 00:00:00+00:00,1.282530939849,19571.56825819,509660884.9878841,23782.29174608,619311835.3341471,1605515.74583586,41809044890.52742
2023-08-26 00:00:00+00:00,1.280910484603,14134.10636855,367574030.6867387,13203.447167,343371145.48201036,1606907.96070695,41789528156.79539
2023-08-27 00:00:00+00:00,1.284719699038,14550.9168947,379580474.77206826,17804.29177103,464449187.10858536,1604328.32261967,41851088202.7002
2023-08-28 00:00:00+00:00,1.285785965076,21877.69499467,571079523.2268492,38763.1317082,1011844747.8169684,1588346.11654512,41461037973.917816
2023-08-29 00:00:00+00:00,1.3631929159,33494.78710507,926875188.9895043,53218.03779225,1472661363.1431594,1569758.77900666,43438713624.1716
2023-08-30 00:00:00+00:00,1.344866297954,24654.53940142,673044216.3779292,25644.75350191,700076068.9085947,1569618.74444369,42849018619.48258
2023-08-31 00:00:00+00:00,1.279294333561,25465.70483192,660958971.6222528,23468.23706955,609114962.3250973,1572229.19453901,40806998998.685776
2023-09-01 00:00:00+00:00,1.272142442172,34670.28012188,894589906.2540444,25512.63887361,658297225.6930948,1582259.35977848,40826703659.67209
2023-09-02 00:00:00+00:00,1.275429178013,17288.43634226,447222390.3661544,19648.00335569,508260368.5317,1581264.3885134,40904615410.66089
2023-09-03 00:00:00+00:00,1.280178738226,16391.58110441,425567204.15380067,19182.23490991,498019686.327609,1579106.63166904,40997631041.17633
2023-09-04 00:00:00+00:00,1.272295663234,20120.76087783,519106087.1100648,20913.35201473,539554562.5058248,1579965.72515644,40762366310.792816
2023-09-05 00:00:00+00:00,1.271797475869,19215.46568691,495420096.56679404,23059.14242061,594519162.3718138,1577385.31076017,40668719442.599785
2023-09-06 00:00:00+00:00,1.270666304167,25156.87634083,647910073.9480302,22144.33304738,570322653.2529204,1581828.35584882,40739657544.35497
2023-09-07 00:00:00+00:00,1.293153415402,21140.4463837,554103880.4633765,23810.98933212,624100425.6548051,1580888.22373363,41436036091.700806
2023-09-08 00:00:00+00:00,1.278230950625,24062.88531338,623341782.1709089,26702.24063447,691713485.2399378,1579637.73272369,40920038751.66578
2023-09-09 00:00:00+00:00,1.277871761676,16757.78988455,433936611.11478335,16276.06765447,421462596.7334302,1580400.25177716,40923864912.12692
2023-09-10 00:00:00+00:00,1.274805713565,17397.4224559,449400905.436633,18754.90004179,484466539.88652325,1579464.39330567,40799878847.32724
2023-09-11 00:00:00+00:00,1.240998802155,26741.98283848,672160791.6947763,29484.18704809,741086202.4862288,1578757.69247877,39682136768.997536
2023-09-12 00:00:00+00:00,1.276849786407,27093.15931373,700621020.8582162,29922.68715177,773791767.0040779,1640742.15454165,42429102858.35614
2023-09-13 00:00:00+00:00,1.294929881704,17976.89582199,471477651.34661627,20910.55472804,548418332.5728273,1638356.03185865,42968945340.68508
2023-09-14 00:00:00+00:00,1.31072461763,26001.77547733,690504630.2030851,29080.26392598,772257144.7447504,1636592.25890356,43461437220.420006
2023-09-15 00:00:00+00:00,1.316247721823,26639.26277434,710538828.6827832,26945.60107104,718709672.461822,1637410.96170396,43674033949.69913
2023-09-16 00:00:00+00:00,1.31045230781,16390.17428109,435251503.8759342,16864.76266194,447854500.2165728,1637386.99242327,43481853130.83357
2023-09-17 00:00:00+00:00,1.30778359727,15782.64147057,418278384.2312904,16882.50866202,447427539.81253916,1636887.83592539,43381508757.925186
2023-09-18 00:00:00+00:00,1.320321096515,24622.22155068,659004696.5239316,27767.6961455,743192166.2254965,1636243.76245075,43793462011.280334
2023-09-19 00:00:00+00:00,1.341491282124,24370.6921638,663249617.5874391,28188.13329596,767141470.7219416,1633499.9016632,44455782290.68668
2023-09-20 00:00:00+00:00,1.337531751739,24503.24837484,664856530.6930399,29494.58803661,800288564.8572303,1629344.15762513,44209652833.45584
2023-09-21 00:00:00+00:00,1.310046276386,20336.43521671,540371526.2590624,22089.3300989,586948739.6579183,1628188.38958501,43263562947.07947
2023-09-22 00:00:00+00:00,1.310529519075,23764.64141155,631691441.2978799,20102.37405691,534344172.15093815,1637811.48746829,43534908908.4189
2023-09-23 00:00:00+00:00,1.310250960634,13424.59508961,356769037.18233854,15444.20352886,410441699.4523691,1636247.83084653,43484556465.662865
2023-09-24 00:00:00+00:00,1.296058458113,17843.98965156,469058550.84909344,18142.37303592,476902047.7686914,1636465.50230424,43017181247.818855
2023-09-25 00:00:00+00:00,1.296187807462,27326.15314567,718372034.4303166,31540.77580537,829169446.6480166,1633586.8236259,42945052808.96622
2023-09-26 00:00:00+00:00,1.291644411828,23301.56136151,610373631.9354295,24127.57999796,632010808.4041768,1636978.2244151,42879888121.39868
2023-09-27 00:00:00+00:00,1.298711354638,26084.35545062,686959739.6451608,27789.57342238,731868500.9958521,1637161.10701827,43116410139.53909
2023-09-28 00:00:00+00:00,1.332826815107,27852.30030646,752943083.7104747,32002.5291701,865137986.2610745,1634831.4573805,44195094312.60379
2023-09-29 00:00:00+00:00,1.326653306014,21888.20958262,589039112.3933239,23943.07002541,644337978.5132037,1633837.75528912,43968618700.28778
2023-09-30 00:00:00+00:00,1.329742814001,21064.27395261,568265522.5478411,22530.41297182,607818571.3618457,1633136.09987754,44058244840.36685
2023-10-01 00:00:00+00:00,1.377331393995,20380.43321414,569636070.8235495,20471.98542117,572194968.3180155,1634694.7212508,45689955077.26731
2023-10-02 00:00:00+00:00,1.35843524556,41023.51494919,1130849671.5992527,38602.67756171,1064117136.1737138,1639986.53584474,45207687293.110374
2023-10-03 00:00:00+00:00,1.351957092666,23603.88259006,647670291.7891887,26007.85439464,713633216.074407,1638314.00783805,44953931093.76112
2023-10-04 00:00:00+00:00,1.369035570095,22304.96533746,620016723.9686133,24794.61960468,689222268.977185,1636756.88505334,45497342248.701614
2023-10-05 00:00:00+00:00,1.350981968888,23829.5506861,653557480.5194372,26198.5143873,718529496.5004764,1635866.79966108,44865847373.09066
2023-10-06 00:00:00+00:00,1.37581058469,24018.65622166,671128412.4886616,26333.94278648,735822064.888029,1634641.44079006,45675091271.60449
2023-10-07 00:00:00+00:00,1.376921632645,19050.06133939,532882633.2481447,21494.90983899,601271772.9547857,1637223.45409515,45797644946.67937
2023-10-08 00:00:00+00:00,1.375035048808,22133.89862431,618339810.1810503,23583.99419252,658850152.8735278,1638260.09379822,45766968242.72006
2023-10-09 00:00:00+00:00,1.357643501831,25230.1783242,696134599.0059403,23082.29630538,636871641.421167,1641611.47797356,45294271536.97728
2023-10-10 00:00:00+00:00,1.349224905545,26556.45333362,728172564.2360657,26120.56215327,716220516.4781855,1642896.99112589,45047902284.80344
2023-10-11 00:00:00+00:00,1.320267435058,33358.60687691,894950462.0222591,26856.33441725,720506374.3707678,1654145.32354399,44377696197.56915
2023-10-12 00:00:00+00:00,1.316151935393,29744.63538149,795411425.7314209,26064.26830335,696993476.1652938,1658913.21243075,44361563237.89959
2023-10-13 00:00:00+00:00,1.321220609655,21351.67879376,573131301.4782554,20802.86192666,558399713.9364754,1660836.24383871,44580908469.44184
2023-10-14 00:00:00+00:00,1.321559699731,17220.73836778,462583288.6984942,19727.21241768,529912167.6511826,1659300.36469631,44572108538.38551
2023-10-15 00:00:00+00:00,1.334644980263,19574.39984608,531059471.47334105,23323.05645401,632761674.9940802,1656659.54381929,44945681536.59769
2023-10-16 00:00:00+00:00,1.401484702482,36661.76960448,1045109501.8447621,44750.606174,1275696296.9961264,1651235.17132215,47071420336.40849
2023-10-17 00:00:00+00:00,1.397569787083,27879.72798357,792710025.3457738,34442.66303165,979315303.9687248,1645737.97508021,46793605472.304276
2023-10-18 00:00:00+00:00,1.392147247637,24167.36406539,684614902.2698505,33344.39334239,944582476.0855812,1638090.57901003,46403952811.06206
2023-10-19 00:00:00+00:00,1.410163206398,25223.34482983,723666794.1645745,33939.13757628,973726008.6731538,1630663.2734139,46784313158.88652
2023-10-20 00:00:00+00:00,1.458847579295,42470.07646938,1261573000.072281,44458.75440301,1320646648.9910903,1629676.91858827,48409529020.138535
2023-10-21 00:00:00+00:00,1.469157536053,25692.85171577,768795547.7275699,23606.61477106,706370025.938824,1632221.35406484,48840219209.326004
2023-10-22 00:00:00+00:00,1.471860430263,20285.28698302,608237276.7446291,20992.09868125,629430431.3133824,1632316.86098145,48943648819.89403
2023-10-23 00:00:00+00:00,1.613500605985,42484.49888898,1400041358.3162513,41580.52340791,1370251597.4976268,1634564.21091162,53865705326.54761
2023-10-24 00:00:00+00:00,1.654397557736,50653.20264032,1716178963.0283368,44314.52441431,1501418480.8110683,1642417.51875123,55646676760.10649
2023-10-25 00:00:00+00:00,1.681601781377,35055.19102563,1209006526.6969166,32393.72277913,1117216056.1140432,1645826.76687858,56762358006.09013
2023-10-26 00:00:00+00:00,1.663662918099,30226.93415244,1033201715.5391365,31016.67030031,1060196075.5588306,1645853.5725767,56257731139.2725
2023-10-27 00:00:00+00:00,1.648793504518,31790.71595065,1077607944.3512917,34165.64874279,1158110895.2154145,1644450.53896641,55741838832.24985
2023-10-28 00:00:00+00:00,1.65738945553,21856.54985422,745124515.30343,20783.33421893,708536888.9216236,1646760.2466491,56140673564.19722
2023-10-29 00:00:00+00:00,1.679987904494,22053.60959901,762488946.2351258,21029.70410416,727088091.8621719,1648151.8541373,56983758819.8275
2023-10-30 00:00:00+00:00,1.674700476949,28354.35705794,978086524.5094304,31530.33087227,1087642074.7778897,1646180.48413929,56785168683.49076
2023-10-31 00:00:00+00:00,1.679986208289,28663.04028091,992785287.2024292,31378.51602853,1086839663.2759838,1644393.70561804,56955921678.45367
2023-11-01 00:00:00+00:00,1.715331297044,32093.08614643,1137121568.9314878,36424.33071317,1290586137.427193,1640970.51072327,58142833419.32572
2023-11-02 00:00:00+00:00,1.687432786238,42960.86081934,1498600156.6721568,34538.08328867,1204789104.3248427,1650239.62882914,57565172558.10295
2023-11-03 00:00:00+00:00,1.677473281454,23412.90212068,812620201.6705035,31920.78287029,1107913614.460625,1642728.45244998,57016183617.01013
2023-11-04 00:00:00+00:00,1.695198047921,17801.07804988,624658988.1819168,18974.42508419,665832998.4966056,1642306.73911895,57630311100.69776
2023-11-05 00:00:00+00:00,1.69531363252,20737.03525736,727974494.2165552,20435.39667962,717385459.2681509,1643188.62589538,57684205769.67626
2023-11-06 00:00:00+00:00,1.690062847822,25793.14369766,903216958.7877272,25098.06859461,878877016.8223419,1644575.09443495,57589262197.16031
2023-11-07 00:00:00+00:00,1.707693280842,27636.73691495,978851127.7405576,27377.64584089,969674516.5215263,1646032.98300535,58299981168.95472
2023-11-08 00:00:00+00:00,1.724477503,18680.37555612,668718115.4145347,29955.65287194,1072349304.4535142,1635894.15151917,58561566427.563705
2023-11-09 00:00:00+00:00,1.762200964364,26940.72584154,988059914.5904682,73063.59026075,2679631023.2071676,1591399.34379769,58365090419.63475
2023-11-10 00:00:00+00:00,1.792853668717,55299.53930493,2066405223.767583,26173.17860846,978026104.3567506,1621437.10826755,60589042018.22103
2023-11-11 00:00:00+00:00,1.773581111946,20099.3914483,743274113.73408,20607.88983954,762078349.2780414,1621990.93494409,59981113246.95097
2023-11-12 00:00:00+00:00,1.776498366314,20117.45920305,745419076.938879,20534.73755356,760880633.973705,1621939.28495744,60098269490.243614
2023-11-13 00:00:00+00:00,1.751221714879,22568.77942795,824736957.0338341,24499.05605997,895275573.4799738,1620963.02578665,59235286410.571754
2023-11-14 00:00:00+00:00,1.705402061503,32214.57537705,1146538758.4119647,27577.73810548,981510550.3390565,1626510.45557223,57888618938.75551
2023-11-15 00:00:00+00:00,1.810152914492,26735.17147455,1011673686.2331238,30849.77987966,1167372745.674952,1623329.50795324,61427687076.7555
2023-11-16 00:00:00+00:00,1.729237075753,19624.80700397,709640958.5345261,20479.70762356,740554510.7042305,1623809.14995716,58717595613.532616
2023-11-17 00:00:00+00:00,1.747806543208,27328.62791686,999400053.7361969,26947.47891289,985461544.4115442,1625259.62566802,59435276522.82212
2023-11-18 00:00:00+00:00,1.74769689693,13336.93551236,487830757.92262393,11703.85687293,428096946.5322881,1627327.1934709,59523438307.34548
2023-11-19 00:00:00+00:00,1.78814575059,16251.29631095,608492875.738664,15776.44010991,590712963.9208926,1628384.69766107,60971166147.588196
2023-11-20 00:00:00+00:00,1.789732455017,25939.23984501,973137828.6065862,32828.96551513,1231613123.8880484,1622933.34163937,60886048993.45147
2023-11-21 00:00:00+00:00,1.717720966087,26949.05340686,971110031.1581569,32943.08121397,1187105021.50701,1618257.36524921,58313957698.75329
2023-11-22 00:00:00+00:00,1.780655097435,28332.43712129,1059719129.2600781,42593.20131696,1593114987.559282,1605338.54211702,60044533223.07185
2023-11-23 00:00:00+00:00,1.775570834214,21075.94227126,786379640.2307843,27438.83548492,1023790125.2181163,1600853.87519055,59730610296.416466
2023-11-24 00:00:00+00:00,1.793664605571,29950.27803915,1129688072.9824097,40767.01474815,1537682230.2578557,1591428.03815247,60026730682.11901
2023-11-25 00:00:00+00:00,1.796938311512,19925.36594179,753181345.0532192,21484.92778014,812132979.1930237,1590453.02102307,60119324740.015205
2023-11-26 00:00:00+00:00,1.781247130023,20427.47512024,765677034.5718149,24995.30824458,936891778.4633971,1586678.46928499,59473001828.666725
2023-11-27 00:00:00+00:00,1.768699884325,27205.69678923,1012847557.1405313,29432.8791402,1095763875.033903,1585410.68705173,59023643242.26832
2023-11-28 00:00:00+00:00,1.795694998493,28580.82952323,1081168926.186739,39060.9655241,1477616390.286482,1576499.42645803,59636554308.27439
2023-11-29 00:00:00+00:00,1.794443185541,28254.0424792,1069326595.8338035,29243.37371996,1106769669.9925807,1576121.93126705,59651255236.18578
2023-11-30 00:00:00+00:00,1.787790724759,25116.7767953,947221756.5625789,28113.3257958,1060229744.4510005,1573985.71626718,59359269189.58788
2023-12-01 00:00:00+00:00,1.831958430263,35257.1616201,1364577447.4405107,38164.71952211,1477110270.7846446,1572482.63052159,60860665904.49503
2023-12-02 00:00:00+00:00,1.866562636124,20679.09196524,816044115.7733474,24507.57911556,967124947.3970994,1569550.30278267,61938033408.28696
2023-12-03 00:00:00+00:00,1.88957149278,20600.19389094,823559137.1906725,21553.66424497,861677187.2565596,1569207.49347091,62734126495.984665
2023-12-04 00:00:00+00:00,1.974157660867,42496.15445364,1781026559.9679444,39051.01363139,1636639676.3511965,1574781.51419303,65999564877.90119
2023-12-05 00:00:00+00:00,2.070210110876,28358.65299069,1249680916.642067,39333.23025715,1733297673.143562,1565231.23029537,68975053197.1482
2023-12-06 00:00:00+00:00,2.049004981703,38575.94388708,1687536852.7494154,31526.0460606,1379133189.9608147,1573419.01616846,68830527708.4949
2023-12-07 00:00:00+00:00,2.024192806038,38833.85182773,1680830782.911816,27554.757616,1192642054.2083502,1588121.82213755,68738070524.25047
2023-12-08 00:00:00+00:00,2.063554127808,29553.12160576,1306397283.5198355,31339.73291081,1385374529.536657,1587498.00766372,70175432310.3663
2023-12-09 00:00:00+00:00,2.040603828859,25344.77344013,1108580552.2941575,22099.82413686,966646449.024969,1591991.03096618,69633697871.66583
2023-12-10 00:00:00+00:00,2.039126541822,20405.36791829,892382080.2612196,19007.84578952,831264647.3643091,1623993.48470817,71021639502.7878
2023-12-11 00:00:00+00:00,1.920421604102,42034.29804564,1732229000.052226,34247.65049215,1411342073.602406,1633634.70650395,67321914381.09367
2023-12-12 00:00:00+00:00,1.928403638971,33173.12017994,1375598849.6668248,31118.44819041,1290397204.1806924,1636905.30645359,67878000150.6374
2023-12-13 00:00:00+00:00,1.994507456072,27894.34339047,1197756905.6570704,31233.76024048,1341148328.6770358,1634665.26124488,70190990972.12283
2023-12-14 00:00:00+00:00,1.997076014934,21395.48738426,920714943.1273788,24995.40200197,1075630562.6213593,1632162.20948504,70237060221.68987
2023-12-15 00:00:00+00:00,1.945584187067,21916.69818141,920021282.6080639,20964.67900223,880057329.1399457,1634090.64375548,68596015582.35417
2023-12-16 00:00:00+00:00,1.954587603816,10445.11939436,440817609.52578616,18471.30607224,779548483.8575065,1627053.89255215,68666903690.13354
2023-12-17 00:00:00+00:00,1.918432937883,15206.44932509,629982906.8733808,10541.34303197,436713777.4018534,1632429.16722293,67629362387.39
2023-12-18 00:00:00+00:00,1.970997560336,22990.83005951,980230896.2595649,23236.92567021,990723363.0568749,1632875.84286677,69618858770.68675
2023-12-19 00:00:00+00:00,1.952266717846,19126.55703484,808515199.1303012,18847.65566604,796725518.6707029,1634041.60070127,69073982723.1658
2023-12-20 00:00:00+00:00,2.010355157868,24243.26287378,1057131248.7704448,26274.30204798,1145695027.8996098,1633117.05003387,71212323006.14935
2023-12-21 00:00:00+00:00,2.02055347695,20075.14045224,880701194.2222568,20332.29970622,891982831.958456,1634062.66196098,71686718269.63268
2023-12-22 00:00:00+00:00,2.024349186253,25767.77430464,1134026905.910163,21488.59948185,945702554.4638144,1639659.72709321,72160607473.42815
2023-12-23 00:00:00+00:00,2.012046953684,11464.38072094,501782264.3050251,14773.19457566,646605098.4902725,1637248.60314543,71660417715.88972
2023-12-24 00:00:00+00:00,1.978993772604,11733.63788174,505694088.12560034,15355.07239685,661769982.3438013,1634470.43491338,70442095152.60802
2023-12-25 00:00:00+00:00,2.002168071468,25973.40888018,1133057506.1035347,16384.89941696,714770762.5434071,1644945.66290609,71758699025.0809
2023-12-26 00:00:00+00:00,1.947666354666,15647.04200441,664860384.9552197,41318.14680347,1755654454.1549072,1621248.85065029,68888684177.35188
2023-12-27 00:00:00+00:00,1.98454282113,15074.6727452,654797948.4077004,31705.85851285,1377206089.8190703,1608820.94756976,69882290224.80414
2023-12-28 00:00:00+00:00,1.948191066046,15879.87359196,677605000.0048704,18531.69666547,790760093.0434211,1607112.23727772,68576571547.75794
2023-12-29 00:00:00+00:00,1.915289168243,16511.87893643,693475853.9192863,22081.7826064,927404028.8200002,1603017.84138364,67324510474.0163
2023-12-30 00:00:00+00:00,1.923525954915,29934.35698599,1263364323.187195,15226.51634766,642627383.9475973,1619060.62866915,68331630984.92349
2023-12-31 00:00:00+00:00,1.923147103068,22529.3545421,951125338.1704603,25446.74879447,1074289434.5797367,1616835.7736514,68258212595.77654
2024-01-01 00:00:00+00:00,2.005011405976,18367.80214276,809092014.723014,19905.05015704,876806980.4731766,1616318.1954118,71197965602.79655
2024-01-02 00:00:00+00:00,2.041843744783,29674.32754165,1333598716.5880868,30685.41608654,1379038209.1571994,1616630.42652557,72653247457.27579
2024-01-03 00:00:00+00:00,1.941607815328,26896.7130702,1150470632.4999216,24598.56168283,1052170305.8649364,1620311.58414686,69306643090.36801
2024-01-04 00:00:00+00:00,1.991280476371,24614.88248245,1089226894.5103815,30899.22408147,1367313693.7800257,1615391.36179269,71482271657.3545
2024-01-05 00:00:00+00:00,1.983754393826,28400.22286628,1253765389.2696784,31981.29703407,1411856643.3109858,1613480.18577686,71229216148.2045
2024-01-06 00:00:00+00:00,1.972626827535,36578.5499178,1606456016.9419682,44238.48026538,1942864683.3292108,1608179.00255546,70627972972.70042
2024-01-07 00:00:00+00:00,1.968589392178,30820.22045539,1351287784.8602116,37734.05540543,1654419319.1739056,1607341.99489679,70472617382.49603
2024-01-08 00:00:00+00:00,2.105199604079,30222.76854374,1419905690.1831555,27216.30813808,1278658198.8711393,1612734.80813881,75768417030.3136
2024-01-09 00:00:00+00:00,2.061111820714,34516.76170536,1590670646.4595873,30408.14718022,1401329230.8730023,1618415.78663187,74583082490.10373
2024-01-10 00:00:00+00:00,2.090437479903,34266.6665698,1604302253.337781,30907.61205519,1447037504.0545034,1623941.72424402,76029962301.32368
2024-01-11 00:00:00+00:00,2.06755309096,44234.03813233,2051613207.9449782,45880.06963873,2127957582.5897067,1628355.67301586,75524554100.1097
2024-01-12 00:00:00+00:00,1.910157143573,49449.0432501,2117280974.4155934,45549.47148068,1950311331.059664,1637256.13549596,70103100850.66782
2024-01-13 00:00:00+00:00,1.911017344621,18377.46821434,787418543.8518715,21596.08365399,925326413.0506741,1636093.4361128,70101620965.62837
2024-01-14 00:00:00+00:00,1.868072683047,12330.27686733,516492503.0739247,14786.80454465,619391906.1109405,1634646.30726719,68472311851.97222
2024-01-15 00:00:00+00:00,1.895817002527,23253.187558,988932935.9355034,20877.97060223,887917525.8247596,1638226.21494478,69671990406.9441
2024-01-16 00:00:00+00:00,1.915131498731,22172.38549331,957213970.1576735,26933.94842829,1162777533.1095736,1635176.29485096,70592927115.31958
2024-01-17 00:00:00+00:00,1.892920670298,20805.00714476,888151281.5341856,22229.03242943,948941930.2812247,1634985.79453193,69796406153.57614
2024-01-18 00:00:00+00:00,1.826405496575,25368.44796223,1046750556.2236739,27076.06313845,1117210015.871561,1634805.9368592,67455211539.661995
2024-01-19 00:00:00+00:00,1.840326498572,29332.59822789,1220437118.2107882,30631.66002334,1274486992.0644205,1635663.55651736,68054814025.31899
2024-01-20 00:00:00+00:00,1.842828285649,14361.53646458,598426416.7586231,15126.36733964,630295917.7077267,1635747.97232506,68159475848.06665
2024-01-21 00:00:00+00:00,1.836787376079,10692.82113002,444148912.6826511,12656.92625604,525732167.98158014,1634752.83091553,67902912012.39428
2024-01-22 00:00:00+00:00,1.750703117876,26709.83232565,1057097701.2045357,27082.15712078,1071833236.8018672,1636758.2264752,64778143776.40205
2024-01-23 00:00:00+00:00,1.75685238167,27909.29347285,1109040368.345723,28710.92874022,1140895200.9686916,1637939.14219254,65087302598.763824
2024-01-24 00:00:00+00:00,1.769398537471,26463.81489734,1061248117.9886307,25285.28245791,1013986778.7529427,1640772.7795342,65798035207.035355
2024-01-25 00:00:00+00:00,1.759912897525,26782.12938379,1069079965.513496,26762.09356641,1068280182.5445359,1642638.77249799,65570297906.04243
2024-01-26 00:00:00+00:00,1.843658004535,26230.05056708,1098009092.1083577,27412.70921141,1147516047.5377402,1643221.77216916,68786464653.50685
2024-01-27 00:00:00+00:00,1.854538165179,16321.29341886,687539404.761053,21115.06533273,889478491.5502079,1639887.40979229,69080751425.06004
2024-01-28 00:00:00+00:00,1.847823938144,16895.98692522,709344561.6375238,17948.96489732,753551757.1886957,1640056.90490272,68854542289.70209
2024-01-29 00:00:00+00:00,1.900281404617,24315.53841629,1050877378.7637391,25376.36782712,1096724672.4359064,1642559.56254789,70988709277.24284
2024-01-30 00:00:00+00:00,1.884454643724,27653.95884187,1187739029.1035903,36708.13089867,1576616209.024687,1635347.37613827,70238258322.73593
2024-01-31 00:00:00+00:00,1.865776569305,27705.5243655,1179963621.1283145,32539.50780928,1385840417.8836834,1632447.7184274,69525084446.22205
2024-02-01 00:00:00+00:00,1.883692689819,28549.99396783,1228231008.6407068,30695.58073654,1320534923.1013632,1631871.09308508,70203681334.92262
2024-02-02 00:00:00+00:00,1.888479126867,26037.36684581,1123652595.905293,30218.24017432,1304079794.8824987,1662319.1253649,71738022185.59856
2024-02-03 00:00:00+00:00,1.880647419447,14200.16057751,610356683.7743459,16138.9166451,693689031.8560829,1661241.19568178,71404098679.80919
2024-02-04 00:00:00+00:00,1.862423695961,14806.86407367,630421358.115367,15099.52484158,642881768.223473,1661627.66987951,70745943713.37914
2024-02-05 00:00:00+00:00,1.863325630825,23439.16519852,998960210.3450185,23862.35859695,1016996405.8635751,1662495.22058812,70854339785.15414
2024-02-06 00:00:00+00:00,1.881777313878,22136.69085876,954151283.7265286,22290.40307203,960776696.1041865,1663925.66271027,71719699083.7614
2024-02-07 00:00:00+00:00,1.929905898886,22916.77262878,1014136660.403624,29720.30562938,1315213620.407553,1658829.96562072,73408254677.16016
2024-02-08 00:00:00+00:00,1.974244701407,29426.68620889,1333973233.8872077,38916.24902847,1764154964.604363,1650649.89090898,74827412008.29482
2024-02-09 00:00:00+00:00,2.050894304805,30729.89815339,1449743376.152958,36070.03648405,1701674903.357216,1646145.31654285,77660142475.28325
2024-02-10 00:00:00+00:00,2.075743628106,18265.49277199,872960818.6451608,20066.99631653,959059892.3830143,1644737.76228219,78606782819.47293
2024-02-11 00:00:00+00:00,2.091679256465,21899.12711622,1055555415.7714295,17440.91404086,840665985.1843199,1649909.90798191,79526975192.32712
2024-02-12 00:00:00+00:00,2.163451148703,29022.98131879,1450853139.3951194,27844.51579899,1391941879.3736072,1651854.38847402,82575876648.12148
2024-02-13 00:00:00+00:00,2.144571750971,22547.91717752,1119010156.636279,31870.40655216,1581667537.0597131,1643492.11108833,81563381228.53255
2024-02-14 00:00:00+00:00,2.227481564237,29401.15279699,1524281977.7735808,33056.32813953,1713781958.9037933,1640479.04343035,85049476055.6506
2024-02-15 00:00:00+00:00,2.227672856945,26427.84097677,1372639525.100279,34373.38402376,1785324255.7322989,1633576.32801845,84846561513.56778
2024-02-16 00:00:00+00:00,2.233361065632,24720.28645385,1289343703.1345952,32387.6915584,1689254946.4524872,1627496.15977046,84885825631.23848
2024-02-17 00:00:00+00:00,2.211108586549,17830.67837397,921397021.4935154,19343.7954022,999587065.2900279,1626417.40216493,84044819755.57779
2024-02-18 00:00:00+00:00,2.229209056718,16928.37404959,882781942.4365102,15462.11638387,806319443.0573643,1628472.80563425,84921704964.19618
2024-02-19 00:00:00+00:00,2.207720044105,19761.44134615,1023737618.493795,19336.86504012,1001742525.6870284,1629770.05670006,84429920232.69963
2024-02-20 00:00:00+00:00,2.226411177484,25042.14169154,1309905679.1229231,28769.47476322,1504875215.6233,1628214.11428624,85168710464.25606
2024-02-21 00:00:00+00:00,2.199223255693,26568.65635284,1374777104.3277025,24138.30659282,1249020304.2392151,1632141.67734612,84454064188.85796
2024-02-22 00:00:00+00:00,2.176256754311,23023.89345859,1180949031.970915,26532.27111588,1360901879.8946106,1629990.78803678,83606017666.63269
2024-02-23 00:00:00+00:00,2.151044247173,24901.09249127,1264705151.775951,24318.40910979,1235111162.0877337,1631716.04311502,82873459736.21523
2024-02-24 00:00:00+00:00,2.182874558495,16533.16494525,852751465.458076,18490.70478842,953717915.3473562,1631083.97417463,84128432388.39206
2024-02-25 00:00:00+00:00,2.188723304731,18152.18809445,939311819.4340926,17957.6771965,929246565.3444749,1631278.48507258,84412917817.09265
2024-02-26 00:00:00+00:00,2.30035580813,23721.67452865,1294060659.3814878,40553.99465949,2212294456.963008,1616198.42573841,88166575170.5849
2024-02-27 00:00:00+00:00,2.39296751458,35207.19330282,2008566442.4777489,41508.45226363,2368052561.839369,1610894.55217587,91901354136.38643
2024-02-28 00:00:00+00:00,2.578804516452,50449.35006257,3151103768.6963315,56782.74055198,3546692029.29936,1605693.95036705,100292833348.6792
2024-02-29 00:00:00+00:00,2.523625575021,39823.32529453,2444944369.0609345,40116.4835953,2462942758.9846797,1606269.45395747,98616562720.52528
2024-03-01 00:00:00+00:00,2.552193764104,29617.38718902,1851809417.3779094,45322.86348585,2833784928.089314,1598760.04206694,99961515279.2627
2024-03-02 00:00:00+00:00,2.530515094253,22376.53234875,1388455207.512223,22049.20124415,1368144438.6370811,1600623.15912099,99318050085.19792
2024-03-03 00:00:00+00:00,2.564912446775,17436.58449791,1098355606.1583476,18167.59107159,1144402764.5589087,1601612.81308541,100887901088.5565
2024-03-04 00:00:00+00:00,2.751198902437,32595.20306591,2219467313.61161,31677.95963695,2157010521.8841515,1603683.47157326,109197756471.6753
2024-03-05 00:00:00+00:00,2.565781926711,51360.63879235,3284539780.690617,42308.51633955,2705651803.5353794,1614032.15054687,103218202312.82716
2024-03-06 00:00:00+00:00,2.612226371577,33745.07641131,2230675134.440443,105716.21619426,6988235317.571512,1544775.07883926,102115381653.57622
2024-03-07 00:00:00+00:00,2.630694305772,33928.91593586,2275625255.914058,35081.03305203,2352898187.7190003,1546711.82201722,103738548336.08672
2024-03-08 00:00:00+00:00,2.663773784415,30726.23703513,2099945185.577578,56090.03226342,3833401176.8441567,1522766.95128682,104071550462.08133
2024-03-09 00:00:00+00:00,2.664446669894,19870.28735711,1361164465.7733622,22776.18865584,1560225985.005021,1520871.97813828,104183540802.77171
2024-03-10 00:00:00+00:00,2.673324643842,24854.70330394,1712047919.9523737,24886.19109469,1714216869.868943,1522036.18017181,104841278710.50986
2024-03-11 00:00:00+00:00,2.776042557045,40188.28437472,2901517273.134975,36388.14974571,2627154820.5480022,1528228.12335043,110335147821.86603
2024-03-12 00:00:00+00:00,2.732831670246,31737.2855608,2267080896.5034947,32853.77642452,2346834885.0231256,1529106.18709328,109228226807.34297
2024-03-13 00:00:00+00:00,2.746836537171,33215.20273458,2427419359.857751,38214.487097,2792774939.4622197,1525479.84979546,111484471434.86078
2024-03-14 00:00:00+00:00,2.676637138189,34264.27503187,2450076337.136858,42599.24334749,3046070521.221935,1520387.02303135,108715689007.1158
2024-03-15 00:00:00+00:00,2.593181988006,33360.86938435,2316075493.8230963,47575.5448814,3302928120.236046,1508722.10848329,104742902895.88454
2024-03-16 00:00:00+00:00,2.443363523614,23711.28300516,1551516549.6157594,22584.10052691,1477760849.8899705,1511423.866473,98898028495.83405
2024-03-17 00:00:00+00:00,2.541969044316,20888.06688163,1426343509.5843034,22130.33554456,1511171936.0045803,1511777.26392643,103231845271.18442
2024-03-18 00:00:00+00:00,2.51875351754,23887.78565832,1618896411.1727083,26154.03376235,1772482054.2673955,1515654.00613695,102717215660.38245
2024-03-19 00:00:00+00:00,2.30649799611,42372.11775282,2625770796.122317,40831.00897028,2530269352.0253477,1518861.68506081,94122806871.4215
2024-03-20 00:00:00+00:00,2.517432122856,28901.78749231,1960931588.757533,31936.58338229,2166836746.965368,1517417.81707586,102953927387.33788
2024-03-21 00:00:00+00:00,2.425056482588,29002.25417664,1898334882.5108194,32335.7522093,2116528115.2725909,1515387.96585426,99189318823.20096
2024-03-22 00:00:00+00:00,2.347242779085,28416.23052005,1804046592.6593933,31670.39523411,2010642071.965142,1512877.01700287,96047244046.3554
2024-03-23 00:00:00+00:00,2.355130916016,15752.65131653,1013860217.7767668,18841.2462911,1212646029.1694076,1511367.40233482,97273484499.96834
2024-03-24 00:00:00+00:00,2.459089042138,14054.02830712,945689462.9639944,16813.92105265,1131401447.551091,1510525.58408727,101642610729.9904
2024-03-25 00:00:00+00:00,2.531973278125,31661.92961139,2217665520.495642,31823.44731782,2228978546.988206,1600663.74350937,112113722614.40549
2024-03-26 00:00:00+00:00,2.529858023857,29209.89998364,2046768280.8843005,33757.14848204,2365398745.1117263,1597171.74070162,111915496452.35959
2024-03-27 00:00:00+00:00,2.497305617703,39836.70214213,2759404221.5370154,41247.8442539,2857151055.261204,1600759.96797759,110881262147.28482
2024-03-28 00:00:00+00:00,2.542320039061,28785.3869206,2038779630.8292642,36973.57245286,2618723403.086698,1596579.16963883,113080748195.06711
2024-03-29 00:00:00+00:00,2.50681430136,23955.72680503,1674913581.291546,23633.53556195,1652386922.2926388,1597886.25930539,111719482312.17072
2024-03-30 00:00:00+00:00,2.495980095994,14123.067489,983855418.6547137,14299.42532872,996141036.9430852,1598410.01953357,111350056223.61717
2024-03-31 00:00:00+00:00,2.54947270434,13750.91414678,979442574.5129315,22848.37431912,1627431480.3859327,1590068.26255242,113256510520.0902
2024-04-01 00:00:00+00:00,2.483865174687,21598.01977777,1507360956.0475452,25121.65678465,1753281318.2893631,1588419.53898128,110858385144.54019
2024-04-02 00:00:00+00:00,2.325824861038,29868.04450832,1957365106.2146096,31188.1993274,2043879808.4726853,1589562.83885469,104170021376.6225
2024-04-03 00:00:00+00:00,2.343574739079,20841.58109884,1378258264.8358994,28491.29046844,1884135199.6156044,1583318.27128193,104705179655.56204
2024-04-04 00:00:00+00:00,2.422340254314,31163.41082372,2132765717.7791789,39838.87872836,2726498561.638055,1579055.35795522,108067603798.97374
2024-04-05 00:00:00+00:00,2.401839662162,20803.96596119,1412691425.3493302,25134.59439264,1706762356.9638276,1575744.93251525,107000817000.69374
2024-04-06 00:00:00+00:00,2.442327543695,14688.07046583,1015475483.7289486,18474.84706195,1277278339.6360075,1572901.16900354,108744207019.39633
2024-04-07 00:00:00+00:00,2.449775072637,14171.95707406,983430124.883086,13901.28634181,964647556.5597572,1573877.17753112,109215560078.36913
2024-04-08 00:00:00+00:00,2.52594267686,24403.3799525,1750034639.5791457,24950.68154398,1789283167.6621857,1575031.97307474,112949948600.99731
2024-04-09 00:00:00+00:00,2.431151797828,24372.65419438,1683529922.4821656,22790.74491169,1574260263.510226,1578771.38969564,109052910450.9364
2024-04-10 00:00:00+00:00,2.480887886464,19244.91275037,1358295274.0194411,23202.64172181,1637629590.9626772,1576562.04997963,111272875562.63733
2024-04-11 00:00:00+00:00,2.459930871341,12578.52422687,881082271.5391287,15220.98715246,1066177692.5077709,1574713.22954941,110303234647.3733
2024-04-12 00:00:00+00:00,2.355699837214,24182.37631388,1622591835.2512789,21269.21007655,1427123875.855235,1578552.48623732,105917894190.32991
2024-04-13 00:00:00+00:00,2.266724603585,19269.33641854,1243867427.2240956,21527.36428003,1389626847.5624895,1577440.90141937,101826410262.82089
2024-04-14 00:00:00+00:00,2.303797513539,17688.61684994,1161236646.0415144,17182.64648479,1128020293.6942601,1578972.63229522,103657674269.99597
2024-04-15 00:00:00+00:00,2.224653591762,17410.5178654,1103710620.354577,21119.59000572,1338841036.6110618,1576767.36257894,99956526127.53973
2024-04-16 00:00:00+00:00,2.235583060627,21886.72317039,1396040705.1236537,20853.75358115,1330152925.4634788,1579335.79549226,100737649962.55278
2024-04-17 00:00:00+00:00,2.150115532828,19332.44002355,1185546774.7638586,20374.62293634,1249457827.350448,1579188.33245146,96842490239.30263
2024-04-18 00:00:00+00:00,2.223657090198,33737.09287118,2142647660.2158368,22529.34268194,1430841820.5439506,1591419.05160244,101071254727.21887
2024-04-19 00:00:00+00:00,2.229521797353,19383.78390584,1235961061.1552548,20861.31860964,1330172561.3078215,1591258.9518589,101462857420.72174
2024-04-20 00:00:00+00:00,2.268874228093,5338.23046219,346493824.6001897,7255.17661178,470918951.54601204,1589956.75844832,103200901887.93918
2024-04-21 00:00:00+00:00,2.270178573833,7994.93638107,519416566.78850645,7232.19504067,469862640.4663049,1591190.78194924,103376789216.54909
2024-04-22 00:00:00+00:00,2.336371416788,11926.40418674,798408311.1014054,16068.18174818,1075677937.051497,1587791.74977597,106294077365.652
2024-04-23 00:00:00+00:00,2.315430605828,9808.22136772,651121720.8258607,13536.19112,898604112.3102171,1585086.85736795,105226467015.1701
2024-04-24 00:00:00+00:00,2.229186378145,22062.96455835,1416220986.9224555,12757.43101931,818899087.6987357,1595674.57325319,102426299646.32025
2024-04-25 00:00:00+00:00,2.239412644798,12632.46259802,814988219.2435122,14089.8261411,909010592.9136585,1594425.43204066,102864974544.16034
2024-04-26 00:00:00+00:00,2.213395882136,14450.02875388,921586297.0289845,14131.32522675,901260191.9104084,1595242.78168945,101740551045.24574
2024-04-27 00:00:00+00:00,2.200293292653,12918.18920056,819391826.9879677,13354.30197699,847054159.4638135,1595876.82113795,101225365553.81065
2024-04-28 00:00:00+00:00,2.182739504636,15319.94435639,964828295.3607295,14769.34206516,930152146.5633892,1597136.16206895,100585362770.2781
2024-04-29 00:00:00+00:00,2.213049963714,17411.24066311,1112724339.123503,20562.73222322,1314131087.2885885,1597230.26210043,102076412715.91628
2024-04-30 00:00:00+00:00,2.099491659604,27706.43944961,1680016699.2917924,23260.9974148,1410461426.1287656,1607537.93980384,97475194837.91306
2024-05-01 00:00:00+00:00,2.01516295818,25023.32107407,1454900360.6933372,25285.51012205,1470144497.9262333,1610285.25430595,93624846613.04935
2024-05-02 00:00:00+00:00,2.050901531028,20510.31171074,1213597377.3667703,28762.48508313,1701879374.4201963,1606089.70839613,95032502938.73666
2024-05-03 00:00:00+00:00,2.180678249434,17511.60256319,1102944742.714191,22106.88612215,1392372499.2171695,1605087.3480567,101094268542.70209
2024-05-04 00:00:00+00:00,2.210725676775,11633.8121949,743181075.5346555,14018.42846946,895513059.0646833,1604714.7428411,102510991971.64046
2024-05-05 00:00:00+00:00,2.216655067084,11550.47021237,740010859.081646,10228.98454123,655346448.9940723,1606539.0044785,102927091884.02554
2024-05-06 00:00:00+00:00,2.186202853853,14841.77150467,938417059.3904977,18841.05460979,1191284144.0236173,1604403.06938306,101443362739.67021
2024-05-07 00:00:00+00:00,2.157205469069,15499.21222923,967104341.1327391,16465.30434466,1027385590.5890466,1605292.35706356,100165426754.7573
2024-05-08 00:00:00+00:00,2.110540935051,16930.53213991,1034104618.7825894,20174.97304691,1232272715.3060877,1603411.7876219,97935228596.95947
2024-05-09 00:00:00+00:00,2.175223560734,15572.93677402,981071506.8940408,20685.96147105,1303184343.8683846,1600582.24433773,100834265055.25514
2024-05-10 00:00:00+00:00,2.102988744981,19554.98808294,1190833106.4124146,19444.46904735,1184102868.2802746,1601692.49593366,97537694339.69264
2024-05-11 00:00:00+00:00,2.100448702876,13114.75963007,797948833.933172,13018.49280902,792091616.5864527,1602314.79081371,97490556822.11157
2024-05-12 00:00:00+00:00,2.119745795365,14875.94900843,913848509.7800838,14687.48760218,902271085.3646717,1603064.52935935,98478297445.50626
2024-05-13 00:00:00+00:00,2.168233271084,19696.38839831,1238645584.5715127,21780.89035367,1369733532.8198771,1602042.84678147,100747571500.49435
2024-05-14 00:00:00+00:00,2.121406641577,17922.37466694,1103221934.6937258,20977.41868146,1291276901.2317448,1600518.40413545,98520817867.97615
2024-05-15 00:00:00+00:00,2.275705533512,22352.76967212,1481575823.994159,29242.50754238,1938238206.8650374,1594567.01456892,105690345007.69275
2024-05-16 00:00:00+00:00,2.238813737175,21701.41982756,1416435620.1398363,25667.8941163,1675324463.0626936,1591483.08985861,103874924094.28209
2024-05-17 00:00:00+00:00,2.293532882786,19552.48642875,1309164902.9471369,23095.79281855,1546412087.9953582,1589380.61752942,106419269461.0139
2024-05-18 00:00:00+00:00,2.293351817746,12685.62180867,849652512.0233226,14626.55475213,979651543.6791866,1587858.66027427,106350963302.24492
2024-05-19 00:00:00+00:00,2.267741433359,13640.89744487,903838640.8333712,14966.12473008,991647498.9455597,1587057.42398293,105157584448.8664
2024-05-20 00:00:00+00:00,2.430732575262,22200.98501459,1580759032.7130094,28901.95274581,2057882694.6623862,1582031.05283147,112644095527.84892
2024-05-21 00:00:00+00:00,2.392177115696,48498.38282794,3405423299.1508956,39882.4411157,2800435525.536209,1592627.4565123,111829927742.45428
2024-05-22 00:00:00+00:00,2.350508549105,29037.91883786,2005791750.3845341,28488.36637521,1967831461.2143025,1710013.68771625,118119048648.68973
2024-05-23 00:00:00+00:00,2.30342600975,27962.45167875,1894700231.8567505,27783.61493893,1882582481.3714108,1711029.56416027,115937191386.97282
2024-05-24 00:00:00+00:00,2.329942400919,24345.56395513,1670324755.514891,27057.29663288,1856374018.1375413,1709135.13250678,117262049365.86584
2024-05-25 00:00:00+00:00,2.351755247843,11196.28956534,775710207.8181657,10742.96432233,744302569.0274456,1709939.86216631,118469408824.84352
2024-05-26 00:00:00+00:00,2.321857258415,11886.40222055,813564882.6345961,12383.57232559,847593693.9310038,1709839.00225639,117029942398.36589
2024-05-27 00:00:00+00:00,2.349289009693,15493.65575689,1074451177.136638,14929.0539188,1035297273.1731049,1711135.42613087,118663503416.80492
2024-05-28 00:00:00+00:00,2.276025405912,18863.87536591,1289210447.102066,15650.63620786,1069608620.2642078,1715443.45158898,117238243802.11884
2024-05-29 00:00:00+00:00,2.249666771523,20552.27621616,1389010445.9784727,19929.36552429,1346911485.8039892,1717006.06747762,116042590049.44594
2024-05-30 00:00:00+00:00,2.274593932765,17826.56176081,1218899646.3024187,55286.30339038,3780227312.0355434,2681922.48968757,183377726897.24466
2024-05-31 00:00:00+00:00,2.240434640049,30387.80921208,2047462595.3968093,46270.07921703,3117574413.533435,2669447.44500984,179861396255.65714
2024-06-01 00:00:00+00:00,2.250811711614,12068.66819731,817222054.20752,12555.62680975,850196141.4113559,2670127.86199553,180805979640.9921
2024-06-02 00:00:00+00:00,2.252890611825,11117.5893751,753833545.9935069,11418.98735228,774269982.1872861,2716979.18211544,184226092738.39975
2024-06-03 00:00:00+00:00,2.282844084426,26305.76810829,1810712902.5100536,30183.72707367,2077645626.3564723,2714934.90904046,186877936771.79498
2024-06-04 00:00:00+00:00,2.336035028633,20315.70530372,1433356088.8947606,24167.59764101,1705122845.3465152,2712900.05395465,191406193029.7242
2024-06-05 00:00:00+00:00,2.350051564625,35728.49171364,2539847129.4558825,27280.22846347,1939281694.5416462,2722508.85057813,193536193592.50098
2024-06-06 00:00:00+00:00,2.333807126267,20875.65601862,1477756404.7887847,23188.0862599,1641449876.104408,2720484.38924822,192579012930.35492
2024-06-07 00:00:00+00:00,2.283767499815,12432.45347168,862043414.7436461,20657.162889,1432329610.2666185,2712784.89516242,188099505847.1584
2024-06-08 00:00:00+00:00,2.281753656488,16747.60565004,1160778377.478401,9970.83336204,691079549.754544,2720327.99014951,188546230225.29108
2024-06-09 00:00:00+00:00,2.291783692164,7948.17230395,553542663.6623043,8674.94350761,604157931.243643,2719779.94442188,189416406368.3429
2024-06-10 00:00:00+00:00,2.284430208974,15262.53258573,1060226115.5804169,15347.48169058,1066127184.6822355,2721211.56015352,189031508754.42337
2024-06-11 00:00:00+00:00,2.210797104332,30796.75059187,2074723609.0148714,42953.4764075,2893701117.1376414,2710230.48100036,182583521207.18808
2024-06-12 00:00:00+00:00,2.236528862009,26107.91008114,1780920662.2146761,29004.84545813,1978531733.1103547,2708420.98792397,184751781524.40866
2024-06-13 00:00:00+00:00,2.189193919128,22436.48856308,1498387015.7966144,28008.51885207,1870506646.4230723,2703558.46647775,180553070558.61166
2024-06-14 00:00:00+00:00,2.162288948988,24208.89218228,1597355639.4035816,22023.59894656,1453165213.52433,2706980.34847844,178612482258.13992
2024-06-15 00:00:00+00:00,2.168574282271,11309.51378144,748745277.6703216,10338.6792213,684471268.5173469,2708291.52015869,179302180930.29288
2024-06-16 00:00:00+00:00,2.181700780897,10811.4796169,720288881.207697,13249.8240894,882737729.4995267,2706687.97975582,180326590420.53058
2024-06-17 00:00:00+00:00,2.17600767278,21937.76635207,1458507793.2829719,20482.39115844,1361748805.6999094,2709771.52094108,180156120631.48325
2024-06-18 00:00:00+00:00,2.131170120016,26202.93896686,1706128985.025282,27424.24325439,1785650700.017861,2709939.29747418,176449900865.21585
2024-06-19 00:00:00+00:00,2.122527340691,20193.40264147,1310121997.7431269,24639.61498406,1598586537.3795292,2706516.2524355,175595294290.97308
2024-06-20 00:00:00+00:00,2.122824344632,23436.53360643,1520977154.0827022,24025.8497028,1559222413.9903386,2706928.82045158,175673457635.6168
2024-06-21 00:00:00+00:00,2.094841851078,21811.33860815,1397802513.1147938,21124.5589071,1353789515.5940816,2708794.92925646,173595964358.3032
2024-06-22 00:00:00+00:00,2.094393635978,10193.40092009,655008937.5945013,11220.78925636,721026996.5242636,2708224.5613777,174025460846.8475
2024-06-23 00:00:00+00:00,2.064629768046,9476.31072022,600277109.877018,9866.1844595,624973670.4206249,2708350.21690247,171560503737.81604
2024-06-24 00:00:00+00:00,1.965852605759,33873.94859469,2041208758.858354,28376.64005986,1709946688.8320453,2715082.54916352,163608038339.07935
2024-06-25 00:00:00+00:00,2.013824808421,23240.02232271,1434831212.4983616,30175.20592557,1863007130.7317314,2709005.65263162,167253103773.1416
2024-06-26 00:00:00+00:00,1.983142815892,30536.34894212,1856441334.674049,26473.36373432,1609434277.732634,2713517.87707028,164966897611.71274
2024-06-27 00:00:00+00:00,2.00449611147,34414.33430709,2118887928.0968742,24686.00273325,1519915298.0179446,2724738.78819528,167761958549.19827
2024-06-28 00:00:00+00:00,1.963323618484,31655.64600789,1908940384.3982189,28716.14372326,1731678652.9597754,2728910.85004029,164562369877.58786
2024-06-29 00:00:00+00:00,1.982090071071,12475.5534155,759628086.8912704,11076.36845979,674432652.611577,2731081.12849233,166293699660.96478
2024-06-30 00:00:00+00:00,2.04224535277,11045.79307873,693270200.3556544,11365.38661788,713328939.0392118,2731198.7678766,171418992146.70322
2024-07-01 00:00:00+00:00,2.04314593286,24055.05123096,1511508760.4590936,24337.16921226,1529235756.5949054,2731880.40304752,171658797234.99777
2024-07-02 00:00:00+00:00,2.017079157971,20121.2622426,1248094069.978952,18643.29037952,1156417519.2901752,2734244.63864075,169601413580.02097
2024-07-03 00:00:00+00:00,1.956495892684,20578.7128247,1239175840.0755763,21425.63054791,1290174169.7609,2734528.70370344,164663452592.3944
2024-07-04 00:00:00+00:00,1.867131113244,31848.58886306,1828689983.3770971,29074.63625907,1669414501.4054935,2738913.80758387,157263615879.42023
2024-07-05 00:00:00+00:00,1.84216706331,37798.42463393,2143963994.8297036,60884.46548783,3453427043.9722095,2717589.11307751,154144339813.28555
2024-07-06 00:00:00+00:00,1.891715119434,15784.0646557,919567323.2594591,30119.22018474,1754722328.3795733,2703751.32622414,157518448134.16232
2024-07-07 00:00:00+00:00,1.82212870475,13351.34346449,749178228.9078221,12687.28069255,711915958.4337825,2705006.306641,151784862653.23593
2024-07-08 00:00:00+00:00,1.84231499501,32856.86842909,1862718789.066022,28725.71642561,1628515871.2201757,2764670.81293199,156734482470.3819
2024-07-09 00:00:00+00:00,1.882826099963,25287.18802513,1466187375.3962457,24099.46435669,1397321456.1649163,2766631.62343292,160413263610.7337
2024-07-10 00:00:00+00:00,1.873671456415,27510.08766385,1587937592.4470088,28915.63391362,1669068549.0330026,2766049.30248631,159661929240.29166
2024-07-11 00:00:00+00:00,1.860391707754,28366.55183125,1625622203.7258263,24735.09981287,1417511994.6330154,2770945.16568635,158796529569.1695
2024-07-12 00:00:00+00:00,1.877696697499,24747.6604131,1431877860.539613,25039.89006989,1448786011.4017928,2771613.78732278,160363135495.95496
2024-07-13 00:00:00+00:00,1.924461076714,13238.90388062,785451420.8421938,10284.05275368,610142948.406673,2774760.88808585,164623891954.89133
2024-07-14 00:00:00+00:00,1.978252221421,11582.50204691,706706755.5169549,12265.10992515,748356098.3763416,2775017.85890137,169317808848.4764
2024-07-15 00:00:00+00:00,2.094337235781,29824.01607908,1930650558.0030327,31233.81529422,2021913573.492469,2774578.19983955,179611657113.50165
2024-07-16 00:00:00+00:00,2.10249498714,21171.80528676,1378683118.5136437,26789.96882363,1744531336.0095513,2770010.15375601,180379811044.40927
2024-07-17 00:00:00+00:00,2.0722141993,20120.27164488,1291749020.07808,21139.72679336,1357199438.0597727,2769813.78124087,177825841562.48822
2024-07-18 00:00:00+00:00,2.063284607936,20265.47477642,1296672262.3659422,24497.49043842,1567454831.4078822,2766333.25343494,177001902879.83414
2024-07-19 00:00:00+00:00,2.146794861585,24074.18972063,1607091394.1072185,32227.29570839,2151358371.323274,2759080.92866691,184184608809.7501
2024-07-20 00:00:00+00:00,2.159544550027,10984.48723461,737998243.0582807,10568.59054205,710056016.7305965,2759820.16237626,185419891478.6952
2024-07-21 00:00:00+00:00,2.186185421436,8834.48718235,601245338.1380405,9439.82571137,642442632.4525025,2759706.78779466,187816316503.84915
2024-07-22 00:00:00+00:00,2.167482354881,21147.24612444,1428183447.2721403,21481.45837838,1450754537.9070094,2760407.00844158,186424632975.45175
2024-07-23 00:00:00+00:00,2.109594621683,40767.46984122,2687245181.769633,47592.03732999,3137096157.8857913,2755091.70038924,181605749045.4976
2024-07-24 00:00:00+00:00,2.091076478928,69986.2550723,4573838726.931972,22842.5559887,1492838373.6963162,2803034.24573288,183187778411.70554
2024-07-25 00:00:00+00:00,2.101052278672,31424.13679988,2065259041.6580873,29237.62584325,1921557034.7701263,2805574.58224399,184388144372.11963
2024-07-26 00:00:00+00:00,2.167988897972,22859.11630158,1552413868.1056502,29430.48392758,1998690185.1966038,2800020.39675027,190155666454.75958
2024-07-27 00:00:00+00:00,2.17149524018,17529.57586902,1193367476.3911607,13908.49593086,946853866.4840522,2804201.35430556,190902661791.97556
2024-07-28 00:00:00+00:00,2.173689504641,9450.02267276,644214368.9043915,8580.17065489,584915974.8013147,2805371.81912328,191244074070.65353
2024-07-29 00:00:00+00:00,2.130351323441,27132.83614504,1814295893.2106626,34504.09967166,2307191404.48824,2800869.21263012,187286190162.02435
2024-07-30 00:00:00+00:00,2.10753663783,21419.00642319,1417657950.7937412,23703.30464884,1568848602.572558,2798990.31562941,185256533227.91934
2024-07-31 00:00:00+00:00,2.060104597961,15898.83208385,1028505527.9770776,18516.4955771,1197843839.0550482,2798128.49898406,181012706720.68192
2024-08-01 00:00:00+00:00,2.073446664875,28575.91916489,1862522844.9837399,33982.96641862,2214943670.920013,2793340.46679559,182064499944.99615
2024-08-02 00:00:00+00:00,1.958129492294,28158.43473219,1731934365.4730203,26225.2189433,1613028506.8023305,2797576.09494582,172069869115.40042
2024-08-03 00:00:00+00:00,1.931910948089,14190.41478737,861191361.1397676,15867.79313792,962988508.4748992,2796762.02560463,169730577414.70404
2024-08-04 00:00:00+00:00,1.85658107668,17125.79829842,998541324.9959904,19953.40581566,1163408556.7380543,2794612.3284534,162943405538.14874
2024-08-05 00:00:00+00:00,1.734614783702,60298.68895155,3276849501.8172765,59824.83741481,3251098690.330323,2796669.85125828,151981185133.33813
2024-08-06 00:00:00+00:00,1.790105908673,34555.12349391,1936727291.8324087,32695.02187113,1832473299.5393503,2800112.08578446,156939201727.4745
2024-08-07 00:00:00+00:00,1.76102665944,28489.34465517,1570610193.1732278,36293.09211033,2000828769.4997878,2793649.16461603,154013154995.46112
2024-08-08 00:00:00+00:00,1.974027468759,28664.85744193,1774606630.3621697,28142.20697195,1742249972.3439898,2796313.77826761,173116401556.84222
2024-08-09 00:00:00+00:00,1.934847151042,31561.8204167,1916463427.7843363,27435.0376909,1665881298.3637173,2802045.64326471,170142847510.08423
2024-08-10 00:00:00+00:00,1.937094140148,9775.14227273,595028111.1985925,11548.19417484,702956537.7047513,2801178.97364433,170512120162.86078
2024-08-11 00:00:00+00:00,1.872742222889,11392.77892887,670306730.1495003,16110.66333118,947888669.2602429,2797141.70231102,164572921141.2754
2024-08-12 00:00:00+00:00,1.890144044639,28283.9618921,1679902241.5992544,27431.11643296,1629248199.4246607,2799497.69415396,166273822235.4466
2024-08-13 00:00:00+00:00,1.926417221684,18567.23163978,1123990498.0858603,20593.38504974,1246646218.908563,2798098.3163814,169386367410.02075
2024-08-14 00:00:00+00:00,1.87350048326,21220.76573986,1248643579.1721985,23672.70833657,1392917467.1841657,2796483.09435442,164546873700.7171
2024-08-15 00:00:00+00:00,1.835793831991,20719.83436644,1194378021.0813053,25404.3548078,1464413396.6308737,2793050.7181661,161003139819.7956
2024-08-16 00:00:00+00:00,1.876508258409,23208.91953247,1367638418.7595785,25902.58320994,1526368683.1034746,2791668.99322486,164505450684.71194
2024-08-17 00:00:00+00:00,1.891903199321,10966.38883254,651564421.1183639,8797.73915626,522714806.85508525,2794029.73764051,166006366944.73077
2024-08-18 00:00:00+00:00,1.871999609436,10752.58178855,632178757.694023,9536.9421642,560707406.6605848,2795401.42866556,164350612455.85736
2024-08-19 00:00:00+00:00,1.891279440638,23083.01952047,1371397253.209013,21053.52683588,1250822009.9837348,2798753.28204287,166278183839.83896
2024-08-20 00:00:00+00:00,1.882426600371,23035.47206449,1361933131.6429327,23011.37606621,1360508496.70141,2800118.1170889,165552224217.5257
2024-08-21 00:00:00+00:00,1.945233846186,23015.06778378,1406980729.146843,24937.92194034,1524530621.6197422,2799399.24014927,171135745550.75436
2024-08-22 00:00:00+00:00,1.921170694846,23336.59775599,1409401541.1715212,22649.12663928,1367882084.8423193,2800916.68362184,169159889194.9183
2024-08-23 00:00:00+00:00,2.035903975825,27598.40434155,1769245467.8992445,31978.94635507,2050068011.4219623,2798358.07485304,179393789590.91428
2024-08-24 00:00:00+00:00,2.032046751517,17366.80965537,1111879191.685447,16280.42211656,1042325156.0001593,2799981.97376288,179263880672.44385
2024-08-25 00:00:00+00:00,2.046583028581,12556.39557064,809862631.8160192,13717.40112295,884745189.223285,2799445.98379939,180558718408.6302
2024-08-26 00:00:00+00:00,1.998001382993,20999.00916212,1322589891.8508236,23869.92271661,1503409911.4161017,2797696.89706206,176208582412.1395
2024-08-27 00:00:00+00:00,1.891971799295,25997.53510563,1548101418.6119926,26837.54536959,1598122356.2124767,2798776.82822979,166661583898.4907
2024-08-28 00:00:00+00:00,1.875827072948,36879.14419438,2179585994.182643,45928.50014174,2714409941.703772,2791251.82652912,164965145483.68216
2024-08-29 00:00:00+00:00,1.883349152914,22855.31894973,1356229849.5950963,23736.95019488,1408545663.4167297,2791488.43929572,165646340552.0407
2024-08-30 00:00:00+00:00,1.876982694923,22863.59393052,1352220163.1953018,23177.10114439,1370761901.5235138,2792064.82648451,165130922408.5261
2024-08-31 00:00:00+00:00,1.87073697854,12176.67460895,717935837.1968281,11448.02810863,674974893.2587124,2793599.93764937,164710446360.71237
2024-09-01 00:00:00+00:00,1.820019010688,11813.77146257,677508933.190946,12456.50749,714369253.5083965,2793763.57686754,160219772876.7883
2024-09-02 00:00:00+00:00,1.877143284457,18436.10849923,1090662183.103742,18039.3270819,1067188981.7576872,2795385.92313324,165372302602.21698
2024-09-03 00:00:00+00:00,1.829729699885,21200.23028065,1221934112.2873042,24963.86676564,1438861746.8637981,2792688.97578715,160964380072.68594
2024-09-04 00:00:00+00:00,1.841861370616,20495.98851839,1189451878.9822087,21908.14657125,1271404210.6732163,2791883.72373362,162022502018.63678
2024-09-05 00:00:00+00:00,1.781930708989,21366.61435757,1198943825.9354515,18116.53035192,1016572015.0750625,2795863.60988981,156884163168.66684
2024-09-06 00:00:00+00:00,1.710811543806,31229.73152155,1681376062.0289412,30604.55700661,1647717320.4132688,2797659.66871976,150623068707.56464
2024-09-07 00:00:00+00:00,1.718206634267,10657.2551145,576199843.412423,13603.04411986,735468167.7021435,2795623.52455798,151149411343.1448
2024-09-08 00:00:00+00:00,1.743469313486,13871.15052772,760961031.2197973,8116.45041103,445262450.456367,2801741.77597926,153701476081.60974
2024-09-09 00:00:00+00:00,1.814072811646,20895.11198294,1193858551.3624768,29096.46175712,1662449079.5498185,2795084.35002048,159699328521.22787
2024-09-10 00:00:00+00:00,1.830850569033,43781.25230711,2524624015.8461757,56772.69376811,3273768989.6543803,2784308.27040453,160555743761.6021
2024-09-11 00:00:00+00:00,1.822802476165,30499.82715468,1750970526.6125405,38396.90188437,2204335230.2227426,2777868.7506064,159475208972.2405
2024-09-12 00:00:00+00:00,1.844923692611,26110.4440312,1517660206.7233644,26166.07898615,1520893968.5517564,2779135.38224451,161536248624.86017
2024-09-13 00:00:00+00:00,1.918166417135,25945.80709912,1570678248.4923375,30158.20779638,1825683850.1236176,2776909.75737052,168105456780.1802
2024-09-14 00:00:00+00:00,1.901061522523,15941.3608743,956595956.0124557,18159.28629472,1089687384.319022,2775183.87047101,166530930992.4354
2024-09-15 00:00:00+00:00,1.873189573393,14606.4161997,863676217.7767153,15304.64412499,904962378.9688724,2775483.48616871,164114115814.74435
2024-09-16 00:00:00+00:00,1.844209085413,27013.62185235,1572934699.7668526,23511.83951163,1369034793.8284671,2781200.22306287,161942236467.42633
2024-09-17 00:00:00+00:00,1.906555569386,23718.86991126,1428782449.9196413,26949.43725877,1623386069.1761599,2781848.13147742,167573573423.48785
2024-09-18 00:00:00+00:00,1.938486988135,25459.17279955,1560805998.2658627,24995.79355067,1532397961.7275894,2783667.80236231,170656188923.1311
2024-09-19 00:00:00+00:00,1.989407371018,34003.07914953,2142010698.0190814,34344.58357183,2163523635.7965865,2784785.13552689,175426452579.53253
2024-09-20 00:00:00+00:00,1.991251479392,25975.07023401,1640428334.2616558,26835.04430118,1694739095.072181,2787037.81733445,176012452055.9721
2024-09-21 00:00:00+00:00,1.997224680189,13184.53211161,835473865.8542768,12073.54868308,765073368.356406,2789383.63938715,176756908233.19446
2024-09-22 00:00:00+00:00,2.00309504051,11653.55872982,740839478.2173438,11644.28947916,740250213.8577068,2789872.43227927,177357636833.62418
2024-09-23 00:00:00+00:00,1.993210662996,22674.82866321,1436133234.7031004,23665.46196386,1498875997.9494398,2791448.87436364,176799241175.86066
2024-09-24 00:00:00+00:00,2.02322807255,22954.41749744,1476951244.2113981,27090.60296391,1743084953.4058602,2788883.39568852,179444536184.89978
2024-09-25 00:00:00+00:00,1.980828516174,23019.4774142,1451599657.5572085,25737.11710433,1622973002.5108645,2786995.8997426,175746921656.1839
2024-09-26 00:00:00+00:00,2.040909822528,26817.00280004,1744654833.2447267,29352.23228919,1909591251.1811676,2785711.1785974,181232202122.02716
2024-09-27 00:00:00+00:00,2.061133588941,26235.77068858,1725466643.6504533,34616.81184294,2276668555.0623636,2779244.57269012,182784560120.07907
2024-09-28 00:00:00+00:00,2.059734897491,14128.01999068,929207329.4066324,14212.13193975,934739416.6784568,2779516.0057162,182810234301.64536
2024-09-29 00:00:00+00:00,2.054377793402,13967.6746098,916527535.2349123,12461.78786465,817714618.5947375,2781619.79870033,182523663335.82217
2024-09-30 00:00:00+00:00,1.980655974681,34848.64347683,2204526669.0919247,37229.88673164,2355164218.708861,2781389.67094368,175950828927.06958
2024-10-01 00:00:00+00:00,1.906306811115,32990.68198064,2007755129.0457637,29332.5570595,1785128052.7877154,2786462.97225889,169579256583.17535
2024-10-02 00:00:00+00:00,1.901135632078,24228.17559113,1470313470.1096685,25349.99958658,1538392592.509881,2786398.36456871,169095647879.35596
2024-10-03 00:00:00+00:00,1.903667765594,23455.35503968,1425270202.038034,24112.27147583,1465187884.8055592,2787419.32857362,169378195421.8948
2024-10-04 00:00:00+00:00,1.942653036999,21598.77296457,1340258076.4447043,29005.87972362,1799887643.049696,2780838.77656773,172558026129.50473
2024-10-05 00:00:00+00:00,1.941600018448,9772.0060865,606161973.0368834,12104.82239057,750867627.2383485,2779528.98729661,172415444703.8804
2024-10-06 00:00:00+00:00,1.964736190677,12421.52589145,779946138.2215818,15267.07408235,958617771.8043373,2777306.847497,174386767720.1114
2024-10-07 00:00:00+00:00,1.952455630153,24168.40681739,1508507577.5228183,28450.49126135,1775780339.029728,2779720.63124678,173500457324.93655
2024-10-08 00:00:00+00:00,1.926780183281,25531.70243637,1586190904.053369,30487.62899999,1894084420.2010593,2776763.1441329,172510096140.71204
2024-10-09 00:00:00+00:00,1.880158282942,24633.73676308,1493180314.120486,22771.54908601,1380303327.2734845,2781083.9229888,168576120044.75424
2024-10-10 00:00:00+00:00,1.868650690361,21391.35816524,1288211488.9964309,21890.9167017,1318295462.2122939,2782537.62264792,167567524528.87787
2024-10-11 00:00:00+00:00,1.931911669891,24592.59608347,1536116015.6477022,27411.21341325,1712174013.2483482,2781710.54130539,173752705850.6597
2024-10-12 00:00:00+00:00,1.953970337674,12654.23636672,799784191.4265312,14940.00152009,944251133.7215894,2781265.34438814,175783981754.45752
2024-10-13 00:00:00+00:00,1.939547429605,10895.99581673,683826498.8717867,11741.30006843,736877312.8262035,2781022.2774397,174535376045.76315
2024-10-14 00:00:00+00:00,2.039522213226,33479.13483176,2212627943.891344,32878.06029453,2172903072.7404027,2783430.8610295,183956274077.936
2024-10-15 00:00:00+00:00,2.060181206339,36308.54909449,2430275511.3395896,42559.3060855,2848663522.4675713,2780241.24026179,186092597207.36148
2024-10-16 00:00:00+00:00,2.079852586869,36917.0699598,2497917984.496891,34623.77438065,2342746832.5835924,2783341.22258369,188329087450.7157
2024-10-17 00:00:00+00:00,2.067823405287,26621.76680366,1792654071.7950602,30197.11586836,2033410596.5664344,2782157.0934982,187344637146.59903
2024-10-18 00:00:00+00:00,2.097751626956,33938.41081017,2321066159.325726,39648.17950531,2711560309.7440934,2777877.00875161,189980501911.1335
2024-10-19 00:00:00+00:00,2.095293659588,13732.6325486,938733899.0979037,14126.15029061,966543368.6909951,2778401.13541509,187281396785.93503
2024-10-20 00:00:00+00:00,2.110307256847,12323.88984872,850500639.1479607,50504.06316852,3485404245.872626,2713264.97878408,187248801065.2997
2024-10-21 00:00:00+00:00,2.056928495458,27717.27242439,1869265671.7013514,28908.38818375,1949595069.4105902,2762897.3227389,186331073301.67093
2024-10-22 00:00:00+00:00,2.0548573040083666,25326.74376128,1707674827.92971,27332.91430251,1842942391.9751973,2762461.09727506,186261026029.08365
2024-10-23 00:00:00+00:00,2.030149964645596,29959.4433717,1996715610.6945002,30673.83126039,2044327625.1014779,2764251.23166444,184229844248.69492
2024-10-24 00:00:00+00:00,2.0735534317639304,21234.96427379,1446759241.3001366,24011.17510879,1635905247.3657713,2763067.35566481,188250527742.90945
2024-10-25 00:00:00+00:00,2.015882390039284,30633.74979612,2029839366.5836494,44737.03820905,2964344943.255632,2750031.84103688,182221338472.97357
2024-10-26 00:00:00+00:00,2.038385405545456,16478.25853694,1104427923.888785,15270.97028287,1023511432.8051676,2752085.88631819,184453987960.9423
2024-10-27 00:00:00+00:00,2.0672450714484367,13278.98067524,902972644.5776113,13846.43209813,941559425.0337137,2752073.71695421,187141418686.17227
2024-10-28 00:00:00+00:00,2.12079659111609,32770.4224341,2289424310.63777,39778.88650864,2779053276.0485725,2747299.6841186,191933280630.63556
2024-10-29 00:00:00+00:00,2.1993875776152856,48978.54026987,3559700877.2381115,49926.8624033,3628623779.2207932,2747745.54024138,199702811805.54895
2024-10-30 00:00:00+00:00,2.1895048875101897,35221.41459192,2551801503.5188293,41947.7775991,3039128416.245184,2742680.0983226,198707953092.1606
2024-10-31 00:00:00+00:00,2.1253164193551783,40224.27807942,2830465072.3009305,36762.50594419,2586870268.7425714,2747387.81019777,193325663209.57214
2024-11-01 00:00:00+00:00,2.096717117505966,36405.8954167,2529612056.9820275,33400.270423,2320770463.174053,2751495.47172148,191183764067.10596
2024-11-02 00:00:00+00:00,2.088469515716,13701.00099155,948680319.301913,14980.07572142,1037245601.7869267,2751404.29036983,190511854011.72723
2024-11-03 00:00:00+00:00,2.072996077959187,18643.87543495,1281631354.2416084,18032.89638029,1239630971.0074852,2757227.6115687,189539421141.09738
2024-11-04 00:00:00+00:00,2.0421715913323313,30073.51661516,2038355799.1748605,25778.77832037,1747262315.790527,2762209.66664408,187220076873.30328
2024-11-05 00:00:00+00:00,2.0934035678438234,37115.13217178,2580912958.145261,36420.40123834,2532602741.7019806,2765790.67294297,192327618672.56122
2024-11-06 00:00:00+00:00,2.265383861200003,62959.83302102,4765809825.899642,77907.76380233,5897308941.703376,2753119.31544474,208400220519.01035
2024-11-07 00:00:00+00:00,2.268079148113374,39737.60557582,3018957115.4401617,49783.31171524,3782152471.319304,2745387.02962511,208573354826.57162
2024-11-08 00:00:00+00:00,2.2784564278185018,41117.90436672,3145825905.5855246,54021.59604706,4133054418.1007915,2734574.62555583,209215324329.4435
2024-11-09 00:00:00+00:00,2.2854908075229896,20129.56746787,1545935739.65136,22447.36382591,1723940767.9683917,2733737.57849167,209949003234.36652
2024-11-10 00:00:00+00:00,2.3862991652271037,34822.31095498,2800037180.4912057,33970.7443841,2731563320.0627556,2736365.77434084,220029219700.08472
2024-11-11 00:00:00+00:00,2.614736204421691,47983.23507428,4263790194.2577944,54306.25464698,4825653703.678182,2732451.62405022,242805647073.88965
2024-11-12 00:00:00+00:00,2.574402718870185,57346.53406918,5049290577.8420315,57671.72443864,5077923183.023341,2732143.04587812,240561776972.03036
2024-11-13 00:00:00+00:00,2.6237625094988872,39131.56137599,3536295017.042581,44397.54101408,4012178342.3997774,2726877.06648471,246426195204.5252
2024-11-14 00:00:00+00:00,2.516917131040333,46822.09155502,4083085704.4342155,55950.25207338,4879100160.057152,2721161.64285649,237296879195.28293
2024-11-15 00:00:00+00:00,2.6166281818489865,30365.27929946,2767463754.2003717,40844.35460474,3722517083.3299456,2710682.56755121,247049127421.46854
2024-11-16 00:00:00+00:00,2.5963251574245816,15893.0823551,1439399847.3755329,14459.15835285,1309532654.6012852,2712116.49155346,245630141264.19614
2024-11-17 00:00:00+00:00,2.570045957525609,12975.91977828,1164367825.757123,10757.4672885,965299494.0929292,2714335.94404324,243565427001.96686
2024-11-18 00:00:00+00:00,2.586767436063493,41196.94230944,3731936108.8586693,45682.81244427,4138300751.4109564,2713156.77307734,245778622461.5423
2024-11-19 00:00:00+00:00,2.616096692148944,40586.00598548,3744227020.5960264,50307.82385368,4641104953.459151,2705290.10855689,249574208574.10022
2024-11-20 00:00:00+00:00,2.6545840511759584,37167.03316925,3499649355.389147,53166.02367218,5006114952.077662,2691620.03026565,253443051560.6791
2024-11-21 00:00:00+00:00,2.7357035205093947,52959.33206116,5218907505.466264,60703.10253379,5982021771.966919,2685786.48013195,264672356574.5333
2024-11-22 00:00:00+00:00,2.7268624607806946,55284.35493977,5469742833.400972,66855.20445179,6614543586.953833,2677599.28151593,264917253656.07172
2024-11-23 00:00:00+00:00,2.682475835762373,32243.09471952,3150377618.231115,36467.00255398,3563083185.6994205,2676305.65307596,261493926136.42477
2024-11-24 00:00:00+00:00,2.684190145202477,23015.58854511,2255072159.3826637,23066.60948022,2260071201.2314835,2677454.35518441,262337535386.51328
2024-11-25 00:00:00+00:00,2.550936868826199,43046.73405087,4018112548.073394,42131.21530515,3932655255.1733856,2680304.56124634,250187746588.9798
2024-11-26 00:00:00+00:00,2.504171774475637,52775.26325163,4848757390.999855,61521.14017911,5652289818.506676,2673269.55809367,245608164304.91718
2024-11-27 00:00:00+00:00,2.606953545179931,39406.1095148,3782556207.663972,56282.78767788,5402533021.831064,2657804.1606318,255120176803.47687
2024-11-28 00:00:00+00:00,2.5937387638687115,22551.14570674,2159000240.9691195,32786.44309219,3138906530.8288217,2648503.40387245,253562260717.3853
2024-11-29 00:00:00+00:00,2.630994842256662,30279.3984396,2949181364.5383706,37317.77292154,3634711590.6485715,2643058.55474791,257431106189.08408
2024-11-30 00:00:00+00:00,2.6035102735918114,21032.5926684,2028880129.7972338,22845.99173697,2203807177.3381763,2642314.28960773,254887214495.3795
2024-12-01 00:00:00+00:00,2.627590012401485,18757.22482881,1828259284.6991916,17649.61661501,1720301150.2112656,2644338.55903375,257742633388.70737
2024-12-02 00:00:00+00:00,2.572610271286454,31606.54617245,3025582200.333728,41129.12980646,3937145247.654712,2637298.61304376,252459211995.30743
2024-12-03 00:00:00+00:00,2.5714581344527003,39907.03936383,3831509864.6696157,44296.22094408,4252919039.357639,2634956.52955648,252984488373.79095
2024-12-04 00:00:00+00:00,2.6375374682187815,34847.1885117,3447092697.836638,43716.50867772,4324448091.050002,2628349.20320053,259996967694.4046
2024-12-05 00:00:00+00:00,2.5624396365200885,56234.97800144,5451962245.441611,68029.22440274,6595410476.0371065,2619298.53273156,253940113742.50735
2024-12-06 00:00:00+00:00,2.6197013566280365,40716.36486696,4069727119.5607877,46062.25531911,4604065472.761136,2617287.57873908,261606021895.3261
2024-12-07 00:00:00+00:00,2.6172416537051104,23589.48047319,2358422007.288254,20162.59511308,2015809890.0386693,2622528.30154831,262194348372.24374
2024-12-08 00:00:00+00:00,2.635830347444721,19707.89513249,1986535797.5466104,20402.40164616,2056541348.203325,2623135.33637889,264409375658.56406
2024-12-09 00:00:00+00:00,2.528321562198401,38760.76735863,3774918841.0127497,53812.73198852,5240832669.547376,2610634.38628229,254250202030.0843
2024-12-10 00:00:00+00:00,2.504255955643038,36100.25836355,3495786631.532845,39479.17832058,3822986040.906918,2608387.86709189,252584547839.10928
2024-12-11 00:00:00+00:00,2.607825988676539,35304.37968674,3576693834.009627,51056.59363427,5172553809.402202,2594716.81190222,262871284086.53107
2024-12-12 00:00:00+00:00,2.5725090268010704,26380.77714975,2640475476.460884,32145.31809989,3217453513.3661933,2591490.09003482,259384550780.49878
2024-12-13 00:00:00+00:00,2.5964143923269845,26036.97958092,2637281078.641891,36659.81960882,3713266675.202798,2590380.55087691,262379190031.54373
2024-12-14 00:00:00+00:00,2.5956011229498386,15354.01224827,1556388189.159746,17096.78870804,1733047986.903315,2589964.14559418,262536563171.2442
2024-12-15 00:00:00+00:00,2.671579602981782,17450.81215376,1824506268.3989346,18033.62742852,1885440402.1658351,2590376.63354399,270827418447.5035
2024-12-16 00:00:00+00:00,2.690487024205537,37961.08201315,4018395855.0794716,51889.01394215,5492746452.197197,2578034.78420554,272899605114.354
2024-12-17 00:00:00+00:00,2.6825053486643022,32942.11396763,3495682420.203757,34263.11344151,3635861482.2541866,2578028.52904455,273569844868.49387
2024-12-18 00:00:00+00:00,2.5337669288940026,28495.57884257,2862944271.0493608,41307.45861161,4150150893.1289196,2567371.63639891,257943239500.0953
2024-12-19 00:00:00+00:00,2.449250681750823,41451.637308,4049702507.72158,33810.96032101,3303230938.3360157,2577205.50992268,251785364686.51065
2024-12-20 00:00:00+00:00,2.438923701718572,42640.84015944,4162489749.8428836,47810.09421683,4667099109.033854,2573290.148718,251198002369.5437
2024-12-21 00:00:00+00:00,2.424795342221161,18795.76751776,1824937814.2868526,20300.95475613,1971080987.5458274,2572882.29978358,249808910231.9323
2024-12-22 00:00:00+00:00,2.36832468298583,20076.7700283,1910286716.051892,19870.47379938,1890657814.3350332,2574354.79699994,244947557011.48315
2024-12-23 00:00:00+00:00,2.3466031181287983,37122.44935258,3519236270.844258,36916.91388701,3499751353.2810655,2575561.11231111,244165141101.91098
2024-12-24 00:00:00+00:00,2.4325472895826454,28459.30559466,2807161388.158362,32601.19661206,3215708128.6728907,2573154.73290648,253810149651.97745
2024-12-25 00:00:00+00:00,2.4457574461003446,20173.83552729,2001957990.2406018,20605.60005939,2044804302.4240642,2573913.4321475,255423246348.2117
2024-12-26 00:00:00+00:00,2.3548963638187823,27831.05136517,2661436215.2701316,26587.33631141,2542501855.1512036,2576655.03737979,246401148873.69794
2024-12-27 00:00:00+00:00,2.316536046291274,31554.84843099,2973097255.791192,40612.43384987,3826502792.2449627,2569865.65370468,242132696009.965
2024-12-28 00:00:00+00:00,2.3373921900161463,16382.62987356,1558374421.5706835,19003.35360699,1807667048.1941926,2567790.38658251,244257417111.24457
2024-12-29 00:00:00+00:00,2.2939806186069815,17082.16392703,1596457673.0902781,23553.14493832,2201219887.761962,2562145.25092036,239451890455.82452
2024-12-30 00:00:00+00:00,2.264447243535571,32921.84348443,3046033093.7700124,53698.1250069,4968320377.374166,2543367.58490394,235320413843.26648
2024-12-31 00:00:00+00:00,2.2808124449322915,29816.70402846,2784574016.2817583,64409.45572858,6015181847.512792,2510043.24857614,234412267803.21533
2025-01-01 00:00:00+00:00,2.3030404933089104,24016.85866322,2268531516.1888895,30109.31688306,2843999510.4248223,2504893.03047991,236601666521.3499
2025-01-02 00:00:00+00:00,2.3578841474857937,31436.2230094,3044642010.587908,33251.86552836,3220489518.9791765,2505843.33580212,242694419423.5277
2025-01-03 00:00:00+00:00,2.3862905574570155,23899.60690858,2345045793.3552294,26111.00678749,2562029863.5661263,2504667.21746262,245759662262.76492
2025-01-04 00:00:00+00:00,2.3875160097101222,14626.97366403,1436808323.0222244,17605.16234961,1729355940.1342247,2502622.77916841,245832755365.98428
2025-01-05 00:00:00+00:00,2.390965860098841,15414.27705289,1516993179.762556,16803.4441015,1653707793.8220682,2502482.08851772,246281304516.16513
2025-01-06 00:00:00+00:00,2.477062799747396,33058.07511517,3377859581.838904,40900.28890682,4179173539.371725,2497008.99566585,255143281408.94403
2025-01-07 00:00:00+00:00,2.3467027834219376,33822.23748699,3279911337.7671075,45833.20739325,4444675093.810016,2487249.02114765,241200963344.02307
2025-01-08 00:00:00+00:00,2.298665904666954,33018.83841765,3138086660.063408,37611.91203621,3574609073.9890194,2484350.31186551,236110867195.8056
2025-01-09 00:00:00+00:00,2.233820238836667,32837.58142191,3032424848.759197,32748.3022019,3024180254.805773,2485459.97340882,229522707142.26346
2025-01-10 00:00:00+00:00,2.290082536703305,31103.80546061,2947369222.7732487,38074.12116354,3607870202.367083,2479701.28408689,234974310640.04825
2025-01-11 00:00:00+00:00,2.285501707170164,17682.02607746,1672834741.7291114,22676.81654021,2145374425.6512198,2476830.94153525,234324326309.6112
2025-01-12 00:00:00+00:00,2.278657758123868,16685.98192377,1574385388.404802,18887.79777073,1782135025.9897356,2475678.858633,233589646639.97668
2025-01-13 00:00:00+00:00,2.2779845089607447,29412.88358434,2775862357.038368,27996.27143635,2642168551.5720334,2478752.48657173,233934075187.1444
2025-01-14 00:00:00+00:00,2.3280580564665416,34514.78156113,3333074360.1822433,35389.42845935,3417538552.5893927,2479637.20901988,239457265267.63605
2025-01-15 00:00:00+00:00,2.4095410827754344,33019.01175365,3307593850.6132846,33423.62975322,3348125409.135088,2480952.80144819,248523011256.52936
2025-01-16 00:00:00+00:00,2.3989108291075403,31156.54337867,3114960476.1466746,38024.85096741,3801638276.5983834,2475864.98949941,247531360999.62256
2025-01-17 00:00:00+00:00,2.495913169030756,37592.38193046,3920757171.4251523,45828.62570951,4779769295.797898,2469717.59824772,257583118905.2341
2025-01-18 00:00:00+00:00,2.4946785705686336,25057.40858768,2615947257.2386293,27029.83785963,2821865236.585931,2468924.6852267,257751185085.55698
2025-01-19 00:00:00+00:00,2.4106728700866626,31208.31076006,3150621664.4255643,31623.26464164,3192513156.0572286,2470659.83750736,249424407149.86868
2025-01-20 00:00:00+00:00,2.4450561327537335,43898.00539231,4503452418.080649,40006.99983087,4104278053.6002555,2476958.36169324,254108678145.23984
2025-01-21 00:00:00+00:00,2.518858900509325,35215.29379526,3732394639.5012126,42133.44086094,4465634440.746336,2472715.62577989,262077908545.34903
2025-01-22 00:00:00+00:00,2.459018475131256,31196.49769165,3237919711.9410644,33801.99661762,3508347386.7148776,2472013.53102501,256573074945.95135
2025-01-23 00:00:00+00:00,2.455447281433525,32774.52205096,3414601018.837769,39564.3457922,4121996203.076249,2549299.94391787,265597837621.86252
2025-01-24 00:00:00+00:00,2.4651832101972833,27993.27945923,2931347747.7077746,32708.89511458,3425148745.5686364,2546289.58994745,266637578686.52097
2025-01-25 00:00:00+00:00,2.4670204525538764,18072.68510518,1895211738.723943,18460.80308725,1935912152.157146,2547114.57830086,267105934761.57382
2025-01-26 00:00:00+00:00,2.418361700134125,16067.81802647,1652307864.5310833,19971.50022185,2053736657.2539358,2544435.43354609,261652868529.74124
2025-01-27 00:00:00+00:00,2.393412498448327,41468.30268663,4225928829.049315,41853.90548444,4265224625.45896,2545892.12770758,259445365281.3224
2025-01-28 00:00:00+00:00,2.3732871181658965,27552.41635454,2786600254.6330657,31087.72247062,3144154553.918728,2544211.51041782,257316830275.12234
2025-01-29 00:00:00+00:00,2.436318963363576,23726.9160329,2465672534.0909624,24070.29591115,2501356157.4234905,2546309.81587334,264609448930.46613
2025-01-30 00:00:00+00:00,2.4577562130040627,29082.29652803,3053276048.2416096,31141.44667239,3269460963.674542,2545616.21033222,267257745464.89847
2025-01-31 00:00:00+00:00,2.3926271926371028,29097.98592966,2975648605.8615966,36577.6954339,3740546465.539734,2539685.68163356,259715987771.38678
2025-02-01 00:00:00+00:00,2.353296238999732,18694.05995844,1880814801.9177027,21560.71002335,2169229297.537572,2538672.24904006,255416552307.38324
2025-02-02 00:00:00+00:00,2.278588298536274,28078.53266766,2735544893.1419077,24929.6639173,2428767045.055044,2542788.53402424,247730615802.49228
2025-02-03 00:00:00+00:00,2.3717271049935724,50519.01123254,5131842846.255972,53008.33398003,5384714246.983236,2542760.75719793,258299762469.64908
2025-02-04 00:00:00+00:00,2.280750094282139,31715.66807493,3103319439.508991,60792.39568007,5948423436.724342,2516148.26850435,246200452592.97824
2025-02-05 00:00:00+00:00,2.2465355832791136,27666.55148303,2671463750.868726,84756.03312034,8183986005.169444,2468658.95277528,238372061282.80515
2025-02-06 00:00:00+00:00,2.243314171452448,34709.91815109,3350940644.843548,41759.95758679,4031560621.8196425,2465442.1906954,238016995843.99323
2025-02-07 00:00:00+00:00,2.2387599646519227,31281.63711907,3015052783.8342485,30903.384404,2978595232.16508,2469469.81032016,238017652268.6351
2025-02-08 00:00:00+00:00,2.2429885869544703,20058.66973174,1937734053.9058378,23778.92888296,2297123432.318445,2467378.31739132,238356932609.1749
2025-02-09 00:00:00+00:00,2.232532160927027,20608.38964934,1984788921.8120632,21602.88861929,2080568872.2058818,2468076.81282404,237699868821.68942
2025-02-10 00:00:00+00:00,2.2560105134383015,32212.41435676,3136691107.1728644,36787.64965327,3582205675.216245,2468347.80313202,240355923581.03012
2025-02-11 00:00:00+00:00,2.2178405166069126,32423.26389839,3106351587.5019298,31154.40713647,2984787169.155433,2472342.99142219,236865930596.05405
2025-02-12 00:00:00+00:00,2.2614665289821283,25965.91015515,2538336435.1887507,25846.99866425,2526712064.307447,2474881.84449126,241935781227.11545
2025-02-13 00:00:00+00:00,2.2326518009087044,28424.33020782,2743935344.28591,25388.27325618,2450850373.911551,2479382.93375693,239346588440.7451
2025-02-14 00:00:00+00:00,2.2516623241667397,28361.89228893,2762855556.847585,31457.41139724,3064403566.5006757,2477452.07213504,241339405516.09412
2025-02-15 00:00:00+00:00,2.254483790385446,15938.29839851,1555310848.4461586,17177.89462852,1676274668.8002656,2477614.2101333,241773629965.72614
2025-02-16 00:00:00+00:00,2.2219614753167987,15435.56879874,1484627986.6959515,18122.5171955,1743064772.579951,2475537.98765533,238102853644.24597
2025-02-17 00:00:00+00:00,2.212551004856131,19381.70431638,1856583360.4886272,21446.34807207,2054356640.8761148,2474749.17288296,237057487863.67023
2025-02-18 00:00:00+00:00,2.2037234329299973,22693.52859754,2165961867.08344,20880.48224578,1992917413.2741456,2478464.22138652,236554618175.8519
2025-02-19 00:00:00+00:00,2.23047321584031,31319.4672145,3026961151.879631,31141.54104823,3009764959.188562,2480009.98755419,239687790254.76358
2025-02-20 00:00:00+00:00,2.269163375900631,24802.46172684,2440369263.941259,32351.42457224,3183128474.9196215,2475261.26556628,243546450317.69186
2025-02-21 00:00:00+00:00,2.2145337837142764,30619.97886281,2941018157.64517,31977.82985656,3071438379.222972,2475612.20818595,237780061448.89847
2025-02-22 00:00:00+00:00,2.2259723481715947,18192.36293591,1757486121.7334063,30935.0704297,2988504415.0986037,2466020.49833983,238231658911.5233
2025-02-23 00:00:00+00:00,2.213616967746432,10897.74006734,1047181638.835015,13478.29876431,1295151738.021148,2464102.54188748,236779637073.97284
2025-02-24 00:00:00+00:00,2.116419481382366,22556.35086426,2072244157.140669,21623.81311819,1986572236.7473488,2465942.70449444,226545303891.72977
2025-02-25 00:00:00+00:00,2.0450571925613175,56492.77892735,5014849050.189102,48093.63358976,4269259139.0824003,2475958.9613139,219790222417.98312
2025-02-26 00:00:00+00:00,1.9371568882829038,48098.72344175,4039710564.9261312,54002.40313197,4535548198.65053,2471044.61204831,207537837002.77264
2025-02-27 00:00:00+00:00,1.9512523008535438,34866.38686709,2950582602.401801,35327.67193597,2989619044.6971664,2471919.11227845,209187190948.01443
2025-02-28 00:00:00+00:00,1.9428821960052791,43279.19699411,3646003059.7579265,45563.54907327,3838445508.986253,2471233.46898243,208186043528.3111
2025-03-01 00:00:00+00:00,1.979772195615528,22207.86478365,1906420129.4811168,24836.24039502,2132051374.1851137,2470174.06377527,212050532745.06485
2025-03-02 00:00:00+00:00,2.17233527887869,21981.33003999,2073455107.6143405,29953.21712632,2825427347.98398,2463649.57380539,232391160265.79633
2025-03-03 00:00:00+00:00,1.9890487557357124,35714.84970192,3082760486.5153193,38044.00658507,3283803830.2840037,2464165.12642111,212696705918.7049
2025-03-04 00:00:00+00:00,2.011926611190173,30411.13999389,2655612981.1642876,30944.61968226,2702198396.4399886,2464950.28006143,215248555725.66003
2025-03-05 00:00:00+00:00,2.085499742580572,23995.70843781,2174476919.5127277,25230.78593506,2286398912.50327,2464883.84675262,223366317686.95102
2025-03-06 00:00:00+00:00,2.074588033844596,25872.323988,2334254608.5111074,26225.66320236,2366133603.6052504,2466346.7502814,222518907489.7554
2025-03-07 00:00:00+00:00,1.990605455895191,29456.56429117,2549571453.0868006,27243.79926929,2358048691.762413,2470147.2622866,213800118798.4535
2025-03-08 00:00:00+00:00,1.9817025600012972,10518.16023581,906363319.5766257,12455.76577937,1073329267.3392452,2469947.76421468,212838557748.2204
2025-03-09 00:00:00+00:00,1.8553174468191107,14606.50321778,1177982297.782252,14633.23711786,1180138327.9131725,2471591.27228752,199328389738.32928
2025-03-10 00:00:00+00:00,1.8183074680565463,34540.28869042,2728888671.1251435,39602.34128424,3128820996.524219,2468639.16574124,195037207501.84558
2025-03-11 00:00:00+00:00,1.9029557814450992,33038.37776185,2733831937.133727,44475.65416476,3680234079.8020806,2469014.12329786,204303907176.09973
2025-03-12 00:00:00+00:00,1.9218834269936982,22242.47582656,1860141770.1368358,42880.59415107,3586110868.7119937,2450256.79537574,204915363207.79037
2025-03-13 00:00:00+00:00,1.864334615532672,19491.97609696,1580999815.3624587,20225.00396712,1640455917.7921782,2487672.05182423,201775799182.81628
2025-03-14 00:00:00+00:00,1.9320354593333133,23252.37299036,1955660212.4098234,24902.07296075,2094409603.529729,2487626.50447148,209223900723.93555
2025-03-15 00:00:00+00:00,1.9374873260847636,10788.40629476,910033112.4646155,13378.76041435,1128536935.682785,2486240.9194984,209721575225.33774
2025-03-16 00:00:00+00:00,1.894746119450727,10600.09622144,874424227.4937268,11350.35329153,936314510.8675916,2486510.89911763,205117512774.83182
2025-03-17 00:00:00+00:00,1.9296028955456381,20142.53170559,1692253601.5954661,21955.77952201,1844591708.481518,2486116.62186422,208868471393.2214
2025-03-18 00:00:00+00:00,1.8989060236861497,20408.61070811,1687400393.9407246,19971.02011671,1651220050.9044545,2488005.49525556,205710301052.12448
2025-03-19 00:00:00+00:00,1.9911932421344407,21828.3136121,1894135216.6056318,28058.32571605,2434739751.416316,2483049.47255614,215464718627.43906
2025-03-20 00:00:00+00:00,1.929826803780835,29147.30089387,2452015850.814946,29861.74593818,2512118519.654267,2483781.47837733,208948045553.7701
2025-03-21 00:00:00+00:00,1.928165154014055,19582.87635846,1646320825.9180748,20854.34452166,1753212401.9180255,2483163.39589841,208758077107.44742
2025-03-22 00:00:00+00:00,1.9223588315764386,8811.07664035,738555196.1983384,10611.09840309,889435216.927441,2482235.82919143,208064036288.555
2025-03-23 00:00:00+00:00,1.966380986053732,8137.50133197,697879287.0352902,10097.53420494,865973433.8933762,2481039.19712505,212776108458.9672
2025-03-24 00:00:00+00:00,2.0008793939408274,22213.15536707,1939709855.7074304,35220.92968662,3075582163.4234886,2470255.62066769,215709073940.44043
2025-03-25 00:00:00+00:00,2.0026741040033817,27386.59098978,2394213633.6806035,51447.23259911,4497663318.150567,2448748.79903553,214076580845.63107
2025-03-26 00:00:00+00:00,1.9885114032158295,26673.12312854,2316205353.56997,32456.53002317,2818417184.8077736,2446441.13489684,212440816417.8867
2025-03-27 00:00:00+00:00,1.996709094176898,19306.05701374,1683706793.714974,21921.26444944,1911782496.7613413,2444981.14410135,213230042773.554
2025-03-28 00:00:00+00:00,1.9282823462091283,33124.00040148,2792653945.281267,37685.23566051,3177207486.130669,2441221.18883537,205817108491.54294
2025-03-29 00:00:00+00:00,1.8872433668233977,14352.47125303,1184038393.6018426,18714.94320112,1543930023.864409,2440501.89691866,201334522443.2884
2025-03-30 00:00:00+00:00,1.881216185430681,24698.89875035,2030656186.0545192,24456.15334072,2010698516.1727998,2443766.22352621,200917824281.71088
2025-03-31 00:00:00+00:00,1.8870880493017759,44559.371987,3674430408.5611053,41527.99239581,3424458453.0988584,2449046.53531245,201951927508.284
2025-04-01 00:00:00+00:00,1.9500766862141923,25428.30578234,2167170939.1698704,31027.63029022,2644382966.4409413,2447110.19124427,208559159890.79227
2025-04-02 00:00:00+00:00,1.8882773504046593,30004.12067529,2477009123.8394732,33972.35218544,2804608981.289848,2446194.53661344,201947134243.72662
2025-04-03 00:00:00+00:00,1.8941542618128036,31384.37901865,2602759823.8450828,41024.34975779,3402218960.1232247,2438388.57122998,202219703131.58044
2025-04-04 00:00:00+00:00,1.9126673444102584,35617.50612191,2983827359.6612587,38473.04701204,3223047955.4390197,2436800.71305507,204140980920.13953
2025-04-05 00:00:00+00:00,1.9016833447333794,18509.98572001,1541922006.3117838,16474.71073818,1372379180.5716784,2440245.68660819,203277764872.66483
2025-04-06 00:00:00+00:00,1.7801240635878879,27316.10460283,2129265454.9616897,23778.83970805,1853538880.6563826,2444677.96862925,190560419312.82153
2025-04-07 00:00:00+00:00,1.8128169226747144,51943.63372103,4125457117.76638,55464.49087379,4405089945.910471,2442925.68543149,194021565977.91846
2025-04-08 00:00:00+00:00,1.7439655745926916,36065.05289736,2753618344.8026276,33086.35747888,2526190691.4660516,2449404.44861812,187015531150.0941
2025-04-09 00:00:00+00:00,1.8872309635239621,33397.52835479,2762663700.5554833,37342.52498835,3088996202.84638,2446875.43175882,202407012377.95605
2025-04-10 00:00:00+00:00,1.8147281216378452,26913.74081062,2141229116.2443016,30785.01749402,2449223846.886236,2445174.62797641,194535540212.1934
2025-04-11 00:00:00+00:00,1.9005276237422863,32020.90576792,2669259487.2180777,34178.84703398,2849145254.317795,2444603.91219616,203781936476.55505
2025-04-12 00:00:00+00:00,1.9432833469455524,19985.43605464,1704143133.5488453,18186.77792442,1550772904.6563623,2447020.02523424,208655561092.51318
2025-04-13 00:00:00+00:00,1.9039218772421993,17297.98808899,1445574778.4433157,17386.13494571,1452941119.0962262,2448198.96696142,204593427920.2668
2025-04-14 00:00:00+00:00,1.9262023235820704,23960.56249808,2026800797.7958033,31877.80022916,2696512276.8555217,2441767.75411798,206546771699.32712
2025-04-15 00:00:00+00:00,1.9071370551656621,24717.08140578,2068111420.2711692,28828.33255247,2412105329.118524,2439548.65799905,204120314898.3126
2025-04-16 00:00:00+00:00,1.9172708051026972,23548.78184644,1981666157.5676012,29223.75678718,2459224014.209293,2435772.58514311,204974003792.84406
2025-04-17 00:00:00+00:00,1.9396573992306128,30242.6194716,2568825755.1886234,33219.47329118,2821681456.671421,2434259.11939216,206767390852.81793
2025-04-18 00:00:00+00:00,1.927799316975245,16445.3838731,1388562250.0516417,19146.13115887,1616599233.3709457,2433561.30077677,205477195395.39166
2025-04-19 00:00:00+00:00,1.9434572717156722,13473.52801027,1146930319.445497,15567.17478114,1325151417.7272263,2432970.67350044,207105950990.14954
2025-04-20 00:00:00+00:00,1.9426378432392224,13485.90034663,1147673667.964975,15627.59035586,1329935227.4722836,2431908.33843648,206959646088.84695
2025-04-21 00:00:00+00:00,1.9927995689339313,24946.53462672,2179347223.8343234,30732.60826003,2684822781.796142,2431002.15047665,212374097927.891
2025-04-22 00:00:00+00:00,2.1282639230663345,36094.42630671,3374670430.01751,46277.20760513,4326715786.026536,2421936.81479641,226440461549.73306
2025-04-23 00:00:00+00:00,2.1261098636422497,30095.01624195,2819774831.4630556,34949.95720405,3274662119.8801355,2418523.0863374,226605311435.60104
2025-04-24 00:00:00+00:00,2.126194044694234,35064.17820964,3290768979.6551876,49931.00470713,4686018888.874668,2406563.35878602,225855686715.92548
2025-04-25 00:00:00+00:00,2.139689228562994,28061.96792732,2659472346.440087,65334.38521029,6191831990.844434,2370234.72553869,224630493608.58438
2025-04-26 00:00:00+00:00,2.1368454882429617,19684.5581511,1864019610.365546,18959.8587891,1795394558.5854576,2371718.48125741,224588722052.83176
2025-04-27 00:00:00+00:00,2.116303078347162,14826.60260665,1390926239.7678297,13205.98985518,1238891895.8034925,2373871.16991556,222699682972.7503
2025-04-28 00:00:00+00:00,2.1414599497479094,23818.40508214,2264321002.172908,24666.80256742,2344974775.4833074,2373400.16777812,225629710634.59018
2025-04-29 00:00:00+00:00,2.1164915940420426,28252.90588185,2658678690.2800136,37137.09700293,3494706308.563491,2365001.02058784,222553313355.5199
2025-04-30 00:00:00+00:00,2.117664419217392,23112.88240522,2178082516.8556294,22998.78319593,2167330180.1896725,2365742.28205536,222939822631.8658
2025-05-01 00:00:00+00:00,2.1635056908519745,28283.43273094,2726855026.78493,32026.03111742,3087685457.818362,2363200.02425061,227840231655.3559
2025-05-02 00:00:00+00:00,2.1700257371132774,28116.59338999,2722870007.9402823,33948.20349461,3287615389.133026,2358202.66890133,228373303647.87988
2025-05-03 00:00:00+00:00,2.148827641148182,14834.89321728,1423313229.3021164,13652.34804083,1309855574.485421,2360040.64616951,226430822533.39404
2025-05-04 00:00:00+00:00,2.1136160468529854,12194.54851346,1150894537.7681568,12410.12105395,1171239797.7069647,2360043.3548109,222735675941.57986
2025-05-05 00:00:00+00:00,2.1198315170018898,25558.36985179,2424306709.569316,32080.0274888,3042910261.3060093,2354555.37481752,223338359462.03094
2025-05-06 00:00:00+00:00,2.1566030190508587,15857.3444179,1533055146.4505725,24303.82657326,2349643510.581747,2346108.89266216,226816938400.42694
2025-05-07 00:00:00+00:00,2.1641775871229822,23157.75194194,2249483250.9519424,22182.02800591,2154703988.389874,2347084.61659819,227989640222.49088
2025-05-08 00:00:00+00:00,2.2908345636251912,29827.13690978,3074269259.801778,30319.92882977,3125061095.963807,2346591.8246782,241862138284.71555
2025-05-09 00:00:00+00:00,2.2831068959043845,27278.05916215,2808025313.054186,29017.36428101,2987070778.563714,2344852.51955934,241381001161.46765
2025-05-10 00:00:00+00:00,2.3179930154044754,12665.54424961,1324598357.3361876,13528.91362674,1414891963.057551,2343989.15018221,245140999609.29883
2025-05-11 00:00:00+00:00,2.30314847924649,13343.42067941,1387397347.2716665,12324.58387579,1281462631.3838336,2345007.98698583,243824873594.47232
2025-05-12 00:00:00+00:00,2.276547512358493,33220.60424889,3419067070.5118284,33912.02163008,3490227799.0252247,2344982.30133482,241345753597.92926
2025-05-13 00:00:00+00:00,2.2970209363653464,22147.14367042,2306530042.4519267,33464.79156794,3485214538.9266686,2334894.67771145,243169268247.24197
2025-05-14 00:00:00+00:00,2.2817352097814925,25517.58755198,2642925941.461975,26133.72332383,2706740799.021216,2334849.18643319,241826680192.84793
2025-05-15 00:00:00+00:00,2.2793299047250057,29189.59970862,3027436811.690147,39692.715922,4116780995.209597,2326180.96812266,241262845802.8453
2025-05-16 00:00:00+00:00,2.272925986368772,24171.58544855,2503360925.340592,26740.11049192,2769373481.406372,2324109.27949774,240699327270.0336
2025-05-17 00:00:00+00:00,2.263971398372875,15033.07694348,1551263831.6407936,16227.09685518,1674474795.7197397,2323374.45819469,239749106447.4736
2025-05-18 00:00:00+00:00,2.3240704676353836,16918.43214504,1793619255.018542,16287.94253286,1726777463.8407018,2324689.64199082,246453576080.29333
2025-05-19 00:00:00+00:00,2.309462953385517,24937.10428669,2633752941.1071424,35092.14754475,3706286252.9344187,2316035.31500411,244609989695.38904
2025-05-20 00:00:00+00:00,2.3328187609635207,26734.18516174,2857706083.3921156,29229.51202985,3124439882.380498,2315401.66609789,247500994949.85052
2025-05-21 00:00:00+00:00,2.387132485847717,33373.98547564,3661288258.053077,40674.92649885,4462236938.890968,2756993.03608726,302455522967.9777
2025-05-22 00:00:00+00:00,2.4191148692725477,44129.01394056,4919370739.624737,40491.94539942,4513921196.079675,2761898.99364492,307888254957.08344
2025-05-23 00:00:00+00:00,2.325244185229265,40324.96408371,4326541569.184659,43111.02992998,4625463836.625493,2759994.66925697,296125041611.43744
2025-05-24 00:00:00+00:00,2.3375230632787902,16805.38348251,1813592086.3096786,19422.0935444,2095980445.0965867,2758224.02250125,297660167331.71204
2025-05-25 00:00:00+00:00,2.3575883785824456,15602.90361639,1699388321.332432,17634.85419256,1920697967.5088487,2756818.43538487,300258539583.9886
2025-05-26 00:00:00+00:00,2.3615409622706873,21499.42251681,2351434520.717729,30967.48559067,3386975374.840661,2748015.40462246,300555900087.13055
2025-05-27 00:00:00+00:00,2.3483230152239987,32196.30584828,3511533421.875408,36187.33811267,3946820726.270837,2745180.73019463,299406830354.7862
2025-05-28 00:00:00+00:00,2.319565765914059,33046.67072154,3565583835.4634743,36148.94156152,3900304596.0952706,2742435.45268912,295896176722.47626
2025-05-29 00:00:00+00:00,2.269515917375292,30708.67062278,3246918577.882854,41030.96596215,4338325396.350985,2733152.14570745,288984260734.9744
2025-05-30 00:00:00+00:00,2.2301710388100866,28423.92260344,2955556507.4807363,31067.68555243,3230458423.628587,2732265.49643774,284104526346.5616
2025-05-31 00:00:00+00:00,2.2453195179282552,16835.48489503,1762826184.325014,18866.35515987,1975476506.0798628,2730778.93179768,285937033271.7384
2025-06-01 00:00:00+00:00,2.2668244854256177,14436.02163338,1526611593.515262,15881.62951178,1679484857.5549562,2730267.92156241,288726268795.7124
2025-06-02 00:00:00+00:00,2.263174032245519,24513.46165022,2595968159.38138,34484.67130897,3651916240.2351003,2726656.8073419,288752129520.497
2025-06-03 00:00:00+00:00,2.249049850630191,27651.32182718,2916771632.088177,50112.6038604,5286077181.540436,2704934.82655313,285327306160.90576
2025-06-04 00:00:00+00:00,2.2306295386760513,25656.7552958,2688387810.8060703,47564.22203957,4983914500.77812,2684038.60649132,281241201010.53424
2025-06-05 00:00:00+00:00,2.1644219757163037,31327.03012211,3184993793.1833234,31624.04943562,3215191506.349796,2684378.56633368,272918595826.06552
2025-06-06 00:00:00+00:00,2.221377259248508,28055.26251806,2929560013.621708,44597.75443938,4656944415.288335,2682024.60374511,280059829403.60657
2025-06-07 00:00:00+00:00,2.246857184421021,15274.21807511,1614259561.9643433,15354.90108264,1622786565.8183463,2683757.12121845,283633543374.4017
2025-06-08 00:00:00+00:00,2.2465926766265145,13038.64509743,1378546474.020074,11704.27751709,1237466805.911999,2686198.88456336,284005736267.9018
2025-06-09 00:00:00+00:00,2.3383291419548384,24343.82062265,2682644208.67774,31068.30191444,3423669665.339133,2680369.04206386,295371733109.20416
2025-06-10 00:00:00+00:00,2.3319943207037923,30144.75923336,3318157817.545782,31767.63425379,3496794355.7995114,2680549.28885034,295059101625.61096
2025-06-11 00:00:00+00:00,2.2994649025476215,21368.55040938,2321602945.466082,23364.51356443,2538455930.3916187,2679030.95523222,291065422665.81354
2025-06-12 00:00:00+00:00,2.2419620475504867,18942.14972232,2007848660.0211089,22362.87593228,2370442169.0817084,2679908.76837384,284067611566.698
2025-06-13 00:00:00+00:00,2.2394272436628913,25710.26546014,2725926321.2305517,35012.46592781,3712190470.8363695,2671536.16982901,283249147106.1107
2025-06-14 00:00:00+00:00,2.227143824699812,13286.16160551,1401253050.8155098,13374.75679273,1410596929.060082,2672066.26849424,281815103705.7962
2025-06-15 00:00:00+00:00,2.227219971359887,12198.45264575,1287092863.0650785,12559.95977624,1325236491.6967742,2672133.54147969,281944285088.7801
2025-06-16 00:00:00+00:00,2.258771912231857,22739.31989653,2438654107.3167667,30889.27787142,3312687657.1485467,2664667.53754886,285769427786.1319
2025-06-17 00:00:00+00:00,2.2032072026463054,20299.75051093,2123930345.8662755,22966.40704556,2402938343.1741095,2662828.88431875,278607516393.30005
2025-06-18 00:00:00+00:00,2.20581725377894,21301.69327016,2232702195.056748,22127.63958685,2319272409.493929,2662363.79086751,279051313175.95233
2025-06-19 00:00:00+00:00,2.202308074044105,14439.4053297,1511946100.1157904,15112.6499724,1582441358.66085,2662160.57694827,278754090649.4219
2025-06-20 00:00:00+00:00,2.1712340906871987,18801.34343989,1941707969.8832028,19517.14917161,2015632777.3637118,2662239.11912628,274942635448.8517
2025-06-21 00:00:00+00:00,2.1341088047568837,11705.85883259,1188708851.547698,12282.15054755,1247230235.7915728,2662505.20589146,270372601515.02612
2025-06-22 00:00:00+00:00,2.1199152283858615,20216.05603818,2039784571.8254282,18590.19617813,1875736557.1079736,2665105.5928453,268907113252.19077
2025-06-23 00:00:00+00:00,2.2134869832042128,18407.58247254,1941943761.6213987,24364.05753845,2570333698.9069123,2660489.03249062,280673471772.5483
2025-06-24 00:00:00+00:00,2.220349702793955,18525.01127548,1962985501.4542131,20429.2886137,2164770469.359817,2660031.86315957,281867789613.70306
2025-06-25 00:00:00+00:00,2.2450664068043222,20661.659755,2217100747.1420403,23508.18268656,2522547075.905217,2718052.7747983,291660830215.6608
2025-06-26 00:00:00+00:00,2.2341438252792543,19376.72539072,2073558081.1479523,31297.93387562,3349280252.591463,2708426.68755352,289836385247.172
2025-06-27 00:00:00+00:00,2.2307257878946083,26553.11310557,2843598348.2688856,39211.49543814,4199196652.2998137,2697592.18669193,288887734401.7007
2025-06-28 00:00:00+00:00,2.2355962704995864,14419.59121709,1548052953.650195,14635.22731325,1571203131.110042,2697585.06785639,289606305001.7933
2025-06-29 00:00:00+00:00,2.255148786868359,9438.66909121,1022782693.5372294,10875.97594341,1178530560.0560012,2696350.71278049,292178994526.56006
2025-06-30 00:00:00+00:00,2.224449219216365,16801.35848908,1800317665.4006493,32584.04686498,3491481669.1396184,2681438.37773472,287324437679.0519
2025-07-01 00:00:00+00:00,2.190371437932748,14860.00855245,1568716961.895721,16009.98890095,1690116197.4460447,2681285.14622274,283053503886.7915
2025-07-02 00:00:00+00:00,2.2572933277993874,25684.07472727,2797692662.798234,28920.84152866,3150264395.577966,2679194.48876328,291836978478.5005
2025-07-03 00:00:00+00:00,2.2682210955541695,17711.85782035,1941789214.9923286,19463.49599509,2133825090.0980475,2678641.81607899,293665285824.142
2025-07-04 00:00:00+00:00,2.215345083660493,18077.90756879,1953885482.430162,17766.70742663,1920250536.7052279,2681019.56956075,289768337134.30316
2025-07-05 00:00:00+00:00,2.2180745576921685,8606.18459117,931574633.5642239,10356.93350028,1121084079.4969175,2680368.11709961,290135880778.8294
2025-07-06 00:00:00+00:00,2.236333996776805,10762.47368038,1175046936.1081226,12042.29012959,1314777303.1302037,2679859.72823736,292587099990.3502
2025-07-07 00:00:00+00:00,2.2137003448829926,15073.74963598,1631724368.9804697,26635.83528528,2883313214.875191,2669904.78632723,289015593857.87823
2025-07-08 00:00:00+00:00,2.2241472452865456,14990.60420562,1633325741.4386504,20362.41960209,2218620653.1688633,2666620.02287907,290545935724.9416
2025-07-09 00:00:00+00:00,2.268230580456622,19646.55358778,2188956263.8047304,22940.45476158,2555952214.2409406,2664591.56661108,296880283564.97394
2025-07-10 00:00:00+00:00,2.3546017983970526,28801.9480592,3337394158.1963634,34948.55626578,4049625646.122035,2661127.96783446,308355286101.1017
2025-07-11 00:00:00+00:00,2.38212290459618,38243.57723847,4498156208.328998,38015.79306547,4471364551.639822,2662969.44849486,313214751921.4868
2025-07-12 00:00:00+00:00,2.37341147249211,14098.87072913,1654958896.3328972,22654.32301782,2659218184.139905,2655465.83721181,311704880173.2615
2025-07-13 00:00:00+00:00,2.4017092198498973,13818.25755883,1642987191.0331993,13881.35103031,1650488988.205392,2655970.85789693,315794236770.008
2025-07-14 00:00:00+00:00,2.4125084332311304,37265.50953398,4467057478.209166,35172.49285851,4216165274.9602222,2660415.42598954,318906913455.00433
2025-07-15 00:00:00+00:00,2.3641951149221963,44111.02401698,5192347940.309151,55325.82043009,6512451618.568418,2663532.79200552,313526818175.7027
2025-07-16 00:00:00+00:00,2.368875124533446,29149.54078086,3460930450.9516344,42825.25639125,5084650733.55833,2653686.08699837,315072647449.3841
2025-07-17 00:00:00+00:00,2.3749858049492363,34726.31969127,4149852979.746723,41427.10978904,4950608545.009769,2651176.2704391,316819975267.38605
2025-07-18 00:00:00+00:00,2.340384009446915,37507.56656473,4424336711.1992855,37203.99576087,4388527951.128216,2654862.74901146,313163657348.3319
2025-07-19 00:00:00+00:00,2.336414214135971,14883.21851329,1754858338.1707768,23916.73139821,2819986515.582098,2648373.73745929,312265840323.64545
2025-07-20 00:00:00+00:00,2.323370138320551,20320.12237946,2383665792.787675,20265.14140243,2377216211.837664,2649162.68531179,310761832757.97107
2025-07-21 00:00:00+00:00,2.3218439654227243,32440.19264877,3809530835.2045026,33017.38744053,3877312225.4365525,2650081.54349825,311205530283.60974
2025-07-22 00:00:00+00:00,2.3670956161477066,23887.35815309,2868107457.002438,42768.59453286,5135139855.946853,2637613.448158,316692986761.84045
2025-07-23 00:00:00+00:00,2.334400354595592,25024.63997685,2969188226.8633265,25353.61634885,3008221466.564766,2638499.70172566,313059538846.25543
2025-07-24 00:00:00+00:00,2.3257901969225427,30369.07190659,3595002113.4333744,28758.19389794,3404311075.413097,2640666.09847838,312594347107.5138
2025-07-25 00:00:00+00:00,2.304027155259395,62066.18136768,7294028393.525879,58514.09150617,6876586177.245096,2646285.84223496,310991970914.1088
2025-07-26 00:00:00+00:00,2.3118305041157874,15502.0632392,1828983098.8536513,18334.73338086,2163190599.7379584,2643860.15680304,311931093810.63715
2025-07-27 00:00:00+00:00,2.3388539623352456,13169.14963056,1572899056.4171603,14102.46846311,1684372944.4233851,2643609.37329353,315747850502.0324
2025-07-28 00:00:00+00:00,2.3084821087206895,22397.11585284,2643366681.320051,31532.70510399,3721573018.215585,2635590.43961701,311059334579.7183
2025-07-29 00:00:00+00:00,2.3014237166265827,23035.42651148,2715217302.0679975,36231.6502285,4270674282.2353115,2700484.29444223,318309785867.35675
2025-07-30 00:00:00+00:00,2.2955727612124828,22134.23589748,2605922107.6204405,30427.57263125,3582318566.0557847,2692872.01985653,317038941937.7056
2025-07-31 00:00:00+00:00,2.2576734658479003,39883.08473996,4620389160.609281,24145.67421026,2797236275.079565,2709791.10788143,313924801554.43787
2025-08-01 00:00:00+00:00,2.2070884136924738,48111.64138893,5450189904.065575,46754.43552195,5296442713.148598,2715492.14005913,307616772553.61755
2025-08-02 00:00:00+00:00,2.1923149563631275,11136.89935626,1253409840.5257053,11297.21431376,1271452595.415199,2715678.94564092,305637916379.43713
2025-08-03 00:00:00+00:00,2.2240971442941064,10506.74426752,1200539411.370562,12001.34206312,1371317676.4618943,2714750.26686051,310197393636.9618
2025-08-04 00:00:00+00:00,2.240631105189466,29669.14508104,3417883545.0628867,28716.51809101,3308140979.0094066,2716582.68676635,312950145295.3887
2025-08-05 00:00:00+00:00,2.2178999959543493,18724.75035479,2136706747.7150424,18230.26903461,2080280811.2711225,2717788.73748746,310130571795.20026
2025-08-06 00:00:00+00:00,2.2349723954934775,20386.89425351,2345199831.141888,21670.6370559,2492874772.011133,2717475.79623598,312603955228.12646
2025-08-07 00:00:00+00:00,2.2781308995532936,18257.63069013,2144265864.8642132,24764.86653931,2908507619.056362,2712819.17157725,318606814098.1162
2025-08-08 00:00:00+00:00,2.2621480824612368,24161.85093888,2820671095.21528,29357.39434091,3427202405.0521665,2709580.81386694,316318327646.2448
2025-08-09 00:00:00+00:00,2.2569920501462186,18949.22407901,2207805472.4218884,18213.31555648,2122063551.989201,2711676.16293115,315941879572.1035
2025-08-10 00:00:00+00:00,2.307419605120224,14821.97863616,1766619748.7926369,15030.73096983,1791500772.0568502,2713472.03932844,323416556597.88293
2025-08-11 00:00:00+00:00,2.296376996154095,29416.01995957,3492918308.359032,27635.10125295,3281448382.6314244,2716665.74574458,322582440929.9795
2025-08-12 00:00:00+00:00,2.320647620011929,22375.15977783,2688472218.4194946,25112.08651067,3017325802.4006314,2715653.29433663,326297488338.71674
2025-08-13 00:00:00+00:00,2.379739102823155,28580.80739491,3528091456.31127,36055.89701147,4450836550.4909115,2709783.66560536,334502957420.88544
2025-08-14 00:00:00+00:00,2.2824160062100023,30551.08657516,3620617557.9463353,33938.30382581,4022037593.207974,2708493.68434031,320984321293.5849
2025-08-15 00:00:00+00:00,2.25769289975179,35769.70988865,4196187946.5162773,37893.4178418,4445322696.07589,2708257.53810319,317708968644.9051
2025-08-16 00:00:00+00:00,2.2532741501991906,18726.36508571,2199644288.9760065,29378.88253964,3450914841.1364474,2700779.15622233,317240074065.5882
2025-08-17 00:00:00+00:00,2.2553050008051305,12797.87941415,1505055603.532331,12907.72550647,1517973718.4342072,2702256.11524427,317790594583.2839
2025-08-18 00:00:00+00:00,2.229656237704237,21254.35830488,2472156358.0996943,23456.82563522,2728331752.157898,2701531.14728248,314222961077.3681
2025-08-19 00:00:00+00:00,2.162405961142789,29138.45223416,3289326275.742356,25426.45708256,2870293614.382534,2706754.90635641,305555009028.06775
2025-08-20 00:00:00+00:00,2.187593393945847,23518.2598696,2687603729.194573,21035.945421,2403931484.4757123,2710188.31140534,309713059254.34607
2025-08-21 00:00:00+00:00,2.1500922222394157,24042.69099217,2701126664.423787,23388.7471195,2627657965.2635827,2711979.98205641,304683092475.0387
2025-08-22 00:00:00+00:00,2.2309603181709265,32459.31101601,3791279240.555276,31785.44154044,3712570627.414588,2713402.66062651,316928081850.743
2025-08-23 00:00:00+00:00,2.2012721767196215,19299.02357925,2224800020.951699,20221.50300603,2331143859.5194845,2713799.99534697,312848070355.1373
2025-08-24 00:00:00+00:00,2.167328504514984,26650.01175908,3025205998.787952,20424.45170948,2318504561.7258205,2720605.70575268,308832610498.7754
2025-08-25 00:00:00+00:00,2.101608862718138,27770.49046961,3057240335.7042484,28100.52780622,3093573992.0678864,2747358.37404882,302455401245.74005
2025-08-26 00:00:00+00:00,2.1348985660008872,24328.14337357,2722204791.63781,23895.88506392,2673837120.349221,2765590.38749213,309456553627.4125
2025-08-27 00:00:00+00:00,2.1218251202374474,20243.5993759,2252147137.3313594,22556.88436355,2509505429.501965,2763659.62041294,307463509186.0761
2025-08-28 00:00:00+00:00,2.1427891220239426,20420.17899647,2296885276.031217,37533.46979921,4221807955.506697,2748442.0254602,309147927713.8678
2025-08-29 00:00:00+00:00,2.0585239707912053,28763.11277636,3120030636.720313,61654.98240216,6687921279.483124,2717518.01729951,294778229871.64557
2025-08-30 00:00:00+00:00,2.063022252855391,16873.02882755,1834876937.7528112,16750.10105467,1821509015.6226397,2718523.53776432,295628970658.6263
2025-08-31 00:00:00+00:00,2.054653984489101,17300.69747605,1873950079.4077432,14214.35100544,1539647995.824931,2722308.97237847,294870835237.89734
2025-09-01 00:00:00+00:00,2.0664722780336136,22586.82469979,2461790529.6985173,49738.89216618,5421157480.959957,2696695.89179738,293919154026.34753
2025-09-02 00:00:00+00:00,2.1061331661206095,22966.71787802,2552542778.1158814,42046.37199586,4673073608.254684,2680104.15480751,297869314252.3184
2025-09-03 00:00:00+00:00,2.117352868701102,19508.51171801,2180675946.1221957,22519.11177145,2517203058.739913,2678976.95546058,299458036134.8283
2025-09-04 00:00:00+00:00,2.0988399671512004,36432.36080683,4040371890.2077107,45562.20712311,5052877629.646334,2671792.55738013,296303486961.5448
2025-09-05 00:00:00+00:00,2.0909910896315393,42547.08236375,4710439799.481983,50725.3732002,5615868433.069669,2664864.80459697,295030458927.7125
2025-09-06 00:00:00+00:00,2.081547548704114,32237.60612354,3553991390.23113,31717.66310149,3496670973.3026805,2666640.3273403,293980164900.9619
2025-09-07 00:00:00+00:00,2.1007955085878978,22514.66221144,2506057167.7445574,22070.62912707,2456632828.913671,2667747.7221205,296941088343.6345
2025-09-08 00:00:00+00:00,2.114485395928852,29318.63424497,3286979857.428532,28988.99650471,3250023408.3855906,2669185.18650162,299248521280.7164
2025-09-09 00:00:00+00:00,2.1019000165432096,33710.09896942,3758217469.192299,41694.66237744,4648387673.412576,2666136.89375942,297237995607.02216
2025-09-10 00:00:00+00:00,2.145924375428194,30585.97107015,3484682575.279782,34017.8676802,3875681124.5746346,2667970.81794486,303963912060.3473
2025-09-11 00:00:00+00:00,2.1718284060122492,28469.22240247,3286652523.8135033,33657.69489591,3885639948.697367,2664192.73094877,307569895633.6323
2025-09-12 00:00:00+00:00,2.1834524058125826,23796.01442282,2763887420.463103,28332.76955507,3290827781.8591866,2661129.77851107,309088025765.90814
2025-09-13 00:00:00+00:00,2.178678922337634,14890.83792386,1726825364.6046455,16617.17643446,1927021293.3522959,2660573.83914438,308535114902.8644
2025-09-14 00:00:00+00:00,2.1673601179200923,14406.58806704,1662461677.4430299,16834.44600486,1942626610.3972695,2659079.3690902,306846945843.1676
2025-09-15 00:00:00+00:00,2.1656665085615017,23944.42152794,2763687444.5054846,37108.77329668,4283129192.38263,2647390.7265143,305564304530.4042
2025-09-16 00:00:00+00:00,2.1888797241350617,21409.49258824,2500604478.441201,21285.37701429,2486107920.020468,2648934.20476747,309392514009.23315
2025-09-17 00:00:00+00:00,2.1818070259413114,19259.73723563,2245218845.171193,21292.41287095,2482179588.0258713,2647936.49819154,308685256388.5351
2025-09-18 00:00:00+00:00,2.1884252567803575,21357.79420057,2499170045.284183,22654.0996854,2650856488.5002275,2647672.09311627,309815832230.2057
2025-09-19 00:00:00+00:00,2.1584515968726663,18269.4242376,2112171481.0796833,38030.5877744,4396806481.753564,2628713.61095433,303911817295.0763
2025-09-20 00:00:00+00:00,2.1600824520314994,10417.62855247,1205873486.7494137,13063.64228731,1512157953.7322404,2626898.7305066,304071844713.8859
2025-09-21 00:00:00+00:00,2.1511992423053936,13707.8363887,1580799465.032946,14771.32199639,1703441538.6640878,2626741.81455034,302918121976.1145
2025-09-22 00:00:00+00:00,2.1030843290113816,26186.74134032,2951971324.4255996,71129.50579837,8018266141.196277,2623605.76609514,295753064020.4456
2025-09-23 00:00:00+00:00,2.0884207525288683,27575.42685509,3089892574.8861756,34295.28444134,3842868699.93984,2617354.89752789,293280880336.4215
2025-09-24 00:00:00+00:00,2.1098438050041244,22141.90744701,2509223327.0455613,33211.23380376,3763650569.8433847,2606892.26988848,295425085230.507
2025-09-25 00:00:00+00:00,2.0312424703115273,30319.52471683,3309871785.670257,50560.73474561,5519530763.104564,2587222.67952159,282437651321.13983
2025-09-26 00:00:00+00:00,2.0392977420667635,31879.11694468,3496154133.1954207,56895.97244775,6239730215.255203,2569033.02637684,281743545439.7618
2025-09-27 00:00:00+00:00,2.0384097258593887,10026.86643849,1099393070.3416126,10947.24334183,1200307548.0442646,2568971.44734528,281674182501.8457
2025-09-28 00:00:00+00:00,2.0843982136269275,9995.40734801,1121184920.0514228,9405.77188728,1055045505.830384,2569667.77481431,288239654308.5857
2025-09-29 00:00:00+00:00,2.122720877587773,22664.34741015,2591467352.765411,23611.75577276,2699795106.3516984,2680613.37808603,306504393397.4084
2025-09-30 00:00:00+00:00,2.112807213335253,22499.74287473,2564334907.915156,43090.45869561,4911094675.456593,2640487.8011741,300940996533.77185
2025-10-01 00:00:00+00:00,2.186155026712077,25728.04459087,3046027339.7582726,30309.5304342,3588444431.978757,2656399.6826809,314499845885.7851
2025-10-02 00:00:00+00:00,2.221772196583208,24131.75187658,2909290077.166582,29490.65220565,3555351566.262981,2651843.057284,319702470513.41785
2025-10-03 00:00:00+00:00,2.249202943238196,27504.29777291,3365099334.575959,34198.65142058,4184140969.1301885,2625966.33453875,321282064277.1963
2025-10-04 00:00:00+00:00,2.247639041410611,12958.76863192,1585890791.8459656,12930.93091204,1582484018.8046649,2626626.05777743,321445825368.8815
2025-10-05 00:00:00+00:00,2.266766621760195,21483.70478129,2653748171.9272604,18245.50084014,2253753018.5476456,2630258.18490367,324899402637.6538
2025-10-06 00:00:00+00:00,2.287145426879909,27154.26723599,3389516572.4563956,31120.10647878,3884550289.2682548,2627440.51492306,327968826817.4469
2025-10-07 00:00:00+00:00,2.2193474280974277,23659.73149489,2876732317.021858,34312.05521712,4171923849.932367,2617753.11544436,318286578476.59375
2025-10-08 00:00:00+00:00,2.248606081441407,23244.95478553,2868203178.6564646,22445.70860256,2769583909.9302197,2619211.66924917,323185452698.3665
2025-10-09 00:00:00+00:00,2.2125534313089377,22377.23744029,2721146651.284938,37040.10668609,4504200419.78088,2604917.84149422,316766691159.6449
2025-10-10 00:00:00+00:00,2.070562788244427,28385.73708159,3229015329.9425583,27945.0863312,3178889168.903646,2606015.46602183,296446904502.243
2025-10-11 00:00:00+00:00,2.019478996261419,33823.39609074,3752371406.2733927,30942.83073605,3432801158.4531345,2610102.94046402,289565116848.47235
2025-10-12 00:00:00+00:00,2.0951257451651712,12648.27584743,1456485859.4214218,15631.17606923,1799975521.2158782,2607389.64039526,300248522964.4356
2025-10-13 00:00:00+00:00,2.09746317757528,17637.80902377,2034208251.4529467,19231.99591057,2218069416.698373,2606073.82447479,300564365477.4661
2025-10-14 00:00:00+00:00,2.056829337301677,26174.09863736,2966234154.7687554,29414.48519646,3333457699.6719046,2603142.96728115,295006589769.39844
2025-10-15 00:00:00+00:00,2.0058910258061653,21789.5754675,2415654926.564213,48643.62704212,5392772221.99737,2580799.55856899,286114852371.9822
2025-10-16 00:00:00+00:00,1.9578568178170297,27682.75213897,2993475775.7721996,25553.66844139,2763247204.519516,2583171.60603914,279331389759.3003
2025-10-17 00:00:00+00:00,1.9292830315776204,33695.99391207,3592857881.7470574,31489.11542211,3357547987.1227403,2586272.72817365,275763058956.32605
2025-10-18 00:00:00+00:00,1.9381495183779993,13499.26924004,1446364541.6419396,12171.09317189,1304058559.3053818,2587623.55207752,277248115160.2988
2025-10-19 00:00:00+00:00,1.965929731213064,10691.98521347,1162290041.5690708,12625.537216,1372480028.9780781,2586339.63569379,281152353156.5633
2025-10-20 00:00:00+00:00,2.0002412420408935,19646.56114163,2173700426.831234,21054.34637501,2329458136.3166165,2585768.46117593,286090067733.78436
2025-10-21 00:00:00+00:00,1.9642552693241937,35079.97399257,3813206576.0642533,35970.4573289,3910002454.951974,2585838.18674837,281081598875.6259
2025-10-22 00:00:00+00:00,1.9422693938130509,24344.6989009,2621136038.312143,32197.76762204,3466657337.224611,2578589.12978107,277630580833.3182
2025-10-23 00:00:00+00:00,1.9838505829202955,25115.94974007,2764284956.9433703,22938.99013343,2524686743.266919,2581664.49723059,284140413061.2582
2025-10-24 00:00:00+00:00,2.0002399703642184,24555.0988344,2726228452.0579805,25653.23680051,2848149157.3128943,2581876.1505212,286652652824.1856
2025-10-25 00:00:00+00:00,2.010123020095332,15718.65682173,1754430585.4636438,15870.9586182,1771429679.7869346,2582963.76597096,288296301876.0694
2025-10-26 00:00:00+00:00,2.061141989497095,13617.28893718,1559957136.776852,20686.57301239,2369793822.764843,2577114.51769309,295226766701.7066
2025-10-27 00:00:00+00:00,2.0506486983041583,24199.55292329,2760873120.096493,30063.1769002,3429840926.052274,2572290.2853505,293466872236.0854
2025-10-28 00:00:00+00:00,2.0269852854220023,27321.78693868,3086834226.8782473,40370.88046727,4561129763.410717,2560134.27494082,289245726241.40564
2025-10-29 00:00:00+00:00,1.9748570714184714,19267.40930485,2123390814.5821738,22971.81407339,2531639735.5739665,2556523.77216504,281745148462.1626
2025-10-30 00:00:00+00:00,1.9325248327320044,33534.36899843,3622373278.422949,29682.73595872,3206320941.1331177,2562005.92609547,276747172618.15674
2025-10-31 00:00:00+00:00,1.9596274069163773,31886.66319887,3493319141.016863,31218.94696961,3420167997.2332063,2564626.2167052,280965675100.4108
2025-11-01 00:00:00+00:00,1.9663440701835697,11688.54048925,1285801354.6371603,17836.93102904,1962156875.000982,2559678.26746113,281578165106.5662
2025-11-02 00:00:00+00:00,1.9727764696344197,10660.00457201,1176749042.2654715,12340.38403785,1362244734.4776313,2558594.92269528,282441166369.8998
2025-11-03 00:00:00+00:00,1.9020882532144816,26393.34356292,2810780311.042515,29724.1403675,3165496190.6762586,2555447.27708814,272144409260.7374
2025-11-04 00:00:00+00:00,1.8116855886218344,46699.44274872,4732976251.478543,39555.91604941,4008981697.591413,2566302.18195345,260094051799.71164
2025-11-05 00:00:00+00:00,1.8570557344204919,32272.46649616,3353621910.3476653,36136.64935011,3755171890.6114435,2562663.69701977,266301465498.48148
2025-11-06 00:00:00+00:00,1.8097201631689654,18807.73648947,1904124839.5144465,19902.03005,2014912841.6481683,2561845.55580861,259365275589.96713
2025-11-07 00:00:00+00:00,1.8428465053331913,21483.39722316,2221994942.7237215,24845.61925694,2569744429.3514485,2559108.804841,264684712718.8223
2025-11-08 00:00:00+00:00,1.8227583856026046,8195.4925456,838685905.3589191,8819.15415464,902508329.4908441,2558672.60004473,261841815381.51456
2025-11-09 00:00:00+00:00,1.8641651761462625,7362.45990311,770743130.7443415,10275.72997366,1075720397.0967214,2555829.37066851,267558391722.48407
2025-11-10 00:00:00+00:00,1.8875443600732529,19438.29238679,2062062227.529591,17737.01751959,1881586773.59092,2557705.77485374,271327766992.76535
