timestamp,mvrv_ratio,exchange_inflow_native,exchange_inflow_usd,exchange_outflow_native,exchange_outflow_usd,exchange_supply_native,exchange_supply_usd,net_flow_usd,net_flow_native,realized_price_usd
2015-07-30 00:00:00+00:00,0.0,0.0,0.0,0.0,0.0,0.0,0.0,0.0,0.0,
2015-07-31 00:00:00+00:00,0.0,0.0,0.0,0.0,0.0,0.0,0.0,0.0,0.0,
2015-08-01 00:00:00+00:00,0.0,0.0,0.0,0.0,0.0,0.0,0.0,0.0,0.0,
2015-08-02 00:00:00+00:00,0.0,0.0,0.0,0.0,0.0,0.0,0.0,0.0,0.0,
2015-08-03 00:00:00+00:00,0.0,0.0,0.0,0.0,0.0,0.0,0.0,0.0,0.0,
2015-08-04 00:00:00+00:00,0.0,0.0,0.0,0.0,0.0,0.0,0.0,0.0,0.0,
2015-08-05 00:00:00+00:00,0.0,0.0,0.0,0.0,0.0,0.0,0.0,0.0,0.0,
2015-08-06 00:00:00+00:00,0.0,0.0,0.0,0.0,0.0,1400.0,0.0,0.0,0.0,
2015-08-07 00:00:00+00:00,0.0,1437994.819273896,0.0,2001.0168918584068,0.0,1437393.8023820377,0.0,0.0,1435993.8023820377,
2015-08-08 00:00:00+00:00,5.78278879,861580.136405829,1033887.5478856307,14154.423100117248,16985.166175909697,2284819.5156877493,2741760.5706301425,1016902.381709721,847425.7133057117,15004648.392276146
2015-08-09 00:00:00+00:00,4.88081534,534530.534347525,641431.2959116865,93926.85476672284,112711.28645151974,2725423.1952685514,3270480.580090309,528720.0094601668,440603.67958080216,17784185.66158317
2015-08-10 00:00:00+00:00,4.62344756,879453.0463603802,1055334.8611019927,177970.68079909944,213563.03725211136,3426905.560829832,4112252.4039401906,841771.8238498813,701482.3655612809,18781375.93081942
2015-08-11 00:00:00+00:00,3.83427474,455902.77758392,451343.7498080808,176982.45298287505,175212.6284530463,3705825.885430877,3668767.6265765685,276131.1213550345,278920.32460104494,18691143.02764079
2015-08-12 00:00:00+00:00,4.70208081,368265.1949457036,474325.5710900663,146839.83925479758,189129.7129601793,3927251.2411217834,5058299.598564857,285195.85812988697,221425.35569090603,19836901.845659737
2015-08-13 00:00:00+00:00,6.08626751,683331.3265535709,1287942.8842881704,264259.16165008,498075.6678780708,4346323.406025275,8191950.355676437,789867.2164100995,419072.1649034909,22435295.69429325
2015-08-14 00:00:00+00:00,5.43349984,1170872.1106362205,2101767.1472059363,239565.4797605269,430030.6159753945,5277630.036900968,9473578.989458056,1671736.5312305419,931306.6308756936,23944152.83972236
2015-08-15 00:00:00+00:00,4.41871028,526175.9504103885,937762.5877965525,258229.7791063415,460222.9077783292,5545576.2082050145,9883450.377717327,477539.68001822324,267946.171304047,29244297.648736503
2015-08-16 00:00:00+00:00,3.78569826,659767.2635226216,1011471.889686007,158824.95721341978,243490.37680989577,6046518.514514217,9269758.968099251,767981.5128761113,500942.3063092018,29373394.16746161
2015-08-17 00:00:00+00:00,3.81169381,296311.71919568937,384132.5865309078,205236.44154218218,266064.4180864541,6137593.792167724,7956653.840290394,118068.16844445368,91075.27765350719,24678554.56849632
2015-08-18 00:00:00+00:00,3.15009403,470631.92904174706,510252.8165309239,251325.56700761378,272483.80426074105,6356900.154201857,6892065.76929811,237769.01227018284,219306.3620341333,24982878.20915419
2015-08-19 00:00:00+00:00,3.4798352,230176.79971002764,285419.2316404343,309483.5604243507,383759.61492619495,6277593.3934875345,7784215.807924543,-98340.38328576065,-79306.76071432309,25875465.571790643
2015-08-20 00:00:00+00:00,3.98691003,67196.0589276925,102258.96247616246,105857.73653609293,161094.30346062622,6238931.715879134,9494406.285224866,-58835.340984463764,-38661.67760840042,27725043.003427435
2015-08-21 00:00:00+00:00,3.77588797,204075.23229882412,293027.5445532356,215760.0163445121,309805.49226875807,6227246.931833446,8941579.324481009,-16777.94771552249,-11684.784045687993,27631832.49544831
2015-08-22 00:00:00+00:00,3.64363585,90420.61935124002,126588.86709173603,93438.32618249248,130813.65665548948,6224229.225002193,8713920.91500307,-4224.789563753453,-3017.7068312524643,27929833.39169912
2015-08-23 00:00:00+00:00,3.49516511,108454.64958924847,146413.7769454854,147258.0370147175,198798.3499698686,6185425.837576725,8350324.880728577,-52384.57302438319,-38803.38742546903,28086536.44537282
2015-08-24 00:00:00+00:00,3.24203363,126380.8839226205,156464.5895315611,141381.08941515218,175035.44393953498,6170425.632084193,7639233.749545514,-18570.85440797388,-15000.205492531677,27778736.701746125
2015-08-25 00:00:00+00:00,3.28295633,101161.69126884859,128595.73032404763,58245.28215670944,74040.82022478747,6213342.041196331,7898338.269348365,54554.91009926016,42916.40911213915,28177358.84444373
2015-08-26 00:00:00+00:00,3.0647458,135907.76347698935,160371.16090284742,106883.07270588611,126122.02579294561,6242366.731967435,7365992.743721574,34249.13510990181,29024.69077110324,28028408.15807184
2015-08-27 00:00:00+00:00,2.96609185,92281.8435401944,104874.62390968933,76998.84639279613,87506.10897155709,6257649.729114833,7111568.611149843,17368.51493813224,15282.997147398273,27901450.29467025
2015-08-28 00:00:00+00:00,3.29829906,90122.71454038627,116708.91532980022,69713.67399107966,90279.20781844817,6278058.7696641395,8130086.106715061,26429.707511352055,20409.040549306606,28601012.51015587
2015-08-29 00:00:00+00:00,3.02115454,47609.755564462845,56131.901810501695,47554.38769058449,56066.623087199114,6278114.137538018,7401896.568157324,65.27872330258106,55.36787387835648,28436543.41453538
2015-08-30 00:00:00+00:00,3.30712308,129107.92830400898,170422.46536129186,80385.56313541756,106108.94333875117,6326836.50270661,8351424.183572724,64313.522022540696,48722.36516859142,29092923.11077627
2015-08-31 00:00:00+00:00,3.27217355,156844.60417211396,204919.04379690863,132062.60283561106,172541.1112307542,6351618.5040431125,8298453.091717367,32377.932566154428,24782.0013365029,29111665.21139213
2015-09-01 00:00:00+00:00,3.31858996,220873.78583520735,300388.34873588197,93975.47925082534,127806.65178112246,6478516.810627494,8810782.862453392,172581.6969547595,126898.30658438201,29888016.036121797
2015-09-02 00:00:00+00:00,3.21459317,72241.43313658949,94512.08505436136,107538.59685578672,140690.68914294546,6443219.646908297,8429541.01064333,-46178.60408858409,-35297.163719197226,29689046.553180534
2015-09-03 00:00:00+00:00,3.04856863,131982.2896169032,162809.3930027233,70338.415893749,86767.35969405195,6504863.520631451,8024204.493145339,76042.03330867134,61643.8737231542,29525180.572524678
2015-09-04 00:00:00+00:00,3.03745708,98681.99135472464,121731.14407544768,42635.401321335856,52593.75200796028,6560910.11066484,8093341.885212827,69137.39206748741,56046.590033388784,29642562.849654466
2015-09-05 00:00:00+00:00,3.30058859,46681.19050005167,63620.44413380354,57264.7740430518,78044.5039814661,6550326.52712184,8927250.535233567,-14424.05984766256,-10583.583543000132,30149349.601216886
2015-09-06 00:00:00+00:00,3.23900739,92601.95094773656,124086.61426996699,57273.3925150959,76746.3459702285,6585655.085554481,8824777.814643005,47340.26829973848,35328.55843264067,30217814.335143648
2015-09-07 00:00:00+00:00,3.09867966,90238.60865074892,115109.27158098183,42098.4385334662,53701.18917767482,6633795.255671764,8462135.566087458,61408.08240330701,48140.17011728272,30078957.535607822
2015-09-08 00:00:00+00:00,3.06021213,123222.25645849177,155690.55548732844,61098.4334696441,77197.49110014716,6695919.078660611,8460252.155876087,78493.06438718128,62123.82298884767,30178453.124666873
2015-09-09 00:00:00+00:00,2.83894004,1007109.4962974063,1218602.4905198617,63078.5577732202,76325.05490559644,7639950.017184798,9244339.520793604,1142277.4356142653,944030.938524186,31164600.589251366
2015-09-10 00:00:00+00:00,2.78973383,71655.69375293626,84962.15608285653,61904.75728312728,73400.47071060402,7649700.953654606,9070250.420748267,11561.685372252512,9750.936469808985,31088624.239170138
2015-09-11 00:00:00+00:00,2.25259009,170982.28208906602,158622.94894487158,239667.4487612348,222343.25699780835,7581015.786982438,7033027.430891212,-63720.30805293677,-68685.16667216877,30135880.821705684
2015-09-12 00:00:00+00:00,2.68992164,54598.087845369904,62590.7019250536,46790.6606875161,53640.345505561585,7588823.214140291,8699751.044458289,8950.356419492018,7807.427157853803,31196120.05364801
2015-09-13 00:00:00+00:00,2.15049852,37823.35110325628,33495.22503651067,51674.3911657478,45761.29058465128,7574972.1740778,6708168.108198077,-12266.065548140614,-13851.04006249152,30154131.08389302
2015-09-14 00:00:00+00:00,2.29659908,104061.54950517077,99378.77977743809,63201.503679334,60357.43601376397,7615832.219903637,7273119.770007973,39021.34376367412,40860.04582583677,30460216.799261566
2015-09-15 00:00:00+00:00,2.5170821,128020.99303939915,121619.94338742919,112028.1677254019,106426.75933913181,7631825.045217634,7250233.792956752,15193.184048297378,15992.825313997251,27656223.201040406
2015-09-16 00:00:00+00:00,2.48099049,114926.54179286698,107610.31814233305,65581.58645129,61406.66265780088,7681170.000559211,7192186.718323612,46203.65548453217,49344.95534157698,27665025.692077007
2015-09-17 00:00:00+00:00,2.33899071,60618.75939712387,53041.41447248339,66502.17372365053,58189.402008194214,7675286.586232684,6715875.762953599,-5147.987535710825,-5883.414326526661,27431706.635557245
2015-09-18 00:00:00+00:00,2.28456208,123525.90059514255,105276.1840412162,84416.9215698347,71945.16557710733,7714395.565257992,6574670.764446776,33331.01846410887,39108.97902530785,27365018.54709911
2015-09-19 00:00:00+00:00,2.34796246,30674.475047826596,27106.710899267073,17853.344905119102,15776.8130725437,7727216.695400699,6828460.102141427,11329.897826723372,12821.130142707494,27618244.659868322
2015-09-20 00:00:00+00:00,2.47372585,32072.834526355986,30185.6689428252,22166.055715002676,20861.804996731917,7737123.474212052,7281871.128989415,9323.863946093283,9906.77881135331,27929618.816312786
2015-09-21 00:00:00+00:00,2.46892478,71574.20768306144,67362.7813029901,17616.7119668822,16580.14463475085,7791080.969928232,7332653.765657655,50782.636668239255,53957.49571617924,27994090.49846968
2015-09-22 00:00:00+00:00,2.15548222,41191.662783529326,33195.537203990614,32032.933582458096,25814.70051543133,7800239.699129303,6286057.168734323,7380.836688559284,9158.72920107123,27465822.937124338
2015-09-23 00:00:00+00:00,2.39300012,44884.268715360624,40844.684530978164,28233.62698007,25692.6005518637,7816890.340864594,7113370.21018678,15152.083979114464,16650.641735290625,27946370.863988634
2015-09-24 00:00:00+00:00,2.13476982,155179.16447481763,124143.3315798541,101852.5508468478,81482.04067747823,7870216.954492563,6296173.563594051,42661.29090237587,53326.61362796984,27549998.528452124
2015-09-25 00:00:00+00:00,1.84051674,184020.38371530233,125562.62842046224,189884.6158234504,129563.96991481491,7864352.722384416,5366083.793064558,-4001.341494352673,-5864.232108148077,27264455.86804718
2015-09-26 00:00:00+00:00,2.04735816,93429.18178036304,71970.36730904925,88908.67893883963,68488.13356016694,7868873.225225939,6061550.422856045,3482.2337488823105,4520.502841523412,27680406.99296084
2015-09-27 00:00:00+00:00,1.87468697,103395.39170935978,72456.37885854006,118694.0825430262,83177.2409855459,7853574.534392272,5503548.682878068,-10720.862127005836,-15298.69083366642,27509926.134945136
2015-09-28 00:00:00+00:00,1.63593024,289427.0069118685,174874.13193774965,125492.24756539652,75823.42813156453,8017509.293738744,4844243.780167805,99050.70380618512,163934.75934647198,27190068.38198731
2015-09-29 00:00:00+00:00,1.81560795,64923.12556252858,44253.55007718635,86008.7720800211,58626.15931290478,7996423.647221252,5450602.250655422,-14372.609235718432,-21085.646517492518,27647692.58171102
2015-09-30 00:00:00+00:00,1.88747036,143032.38715670494,102074.2497909958,48064.12594078,34300.69017788238,8091391.908437177,5774375.826600625,67773.55961311342,94968.26121592493,27853637.70775714
2015-10-01 00:00:00+00:00,1.7449154,102840.03949726756,67331.69343969348,126640.568303513,82914.43647556416,8067591.379630932,5282034.0426304145,-15582.743035870677,-23800.52880624545,27651889.352991816
2015-10-02 00:00:00+00:00,1.76594782,55790.006855713094,37081.94385678682,27290.341767965638,18139.07146291372,8096091.044718679,5381228.834693165,18942.872393873102,28499.665087747457,27747807.053590667
2015-10-03 00:00:00+00:00,1.80112465,37717.65078315889,25632.91547223478,33016.9380179223,22438.311076979997,8100791.757483915,5505298.078386069,3194.6043952547843,4700.712765236589,27826966.494036995
2015-10-04 00:00:00+00:00,1.7681262,39743.6128679501,24225.3217875303,31878.144221628,19431.004028851134,8108657.226130238,4942550.925615425,4794.317758679168,7865.468646322097,25432862.19437238
2015-10-05 00:00:00+00:00,1.76307409,49139.28588041735,29865.383779541255,68454.63321315122,41604.67242795692,8089341.878797504,4916459.313676759,-11739.288648415662,-19315.347332733865,25440686.00470916
2015-10-06 00:00:00+00:00,1.87289931,80078.8001817867,52142.50995036859,245858.35035708,160088.20625150908,7923562.328622211,5159348.374659066,-107945.69630114049,-165779.5501752933,25666542.8237738
2015-10-07 00:00:00+00:00,1.73984036,96223.46648565996,57734.079891395966,79524.04564177,47714.427385062,7940261.749466101,4764157.04967966,10019.652506333965,16699.42084388995,25468477.726277135
2015-10-08 00:00:00+00:00,1.82176106,140640.75196449697,89137.94559649433,62800.942336090004,39803.16446812017,8018101.559094507,5081863.475404014,49334.78112837416,77839.80962840698,25702691.852360405
2015-10-09 00:00:00+00:00,1.82134949,92154.40461705072,58535.634365657505,87981.2609568027,55884.89170754214,8022274.7027547555,5095675.466980676,2650.742658115363,4173.143660248024,25773839.332132675
2015-10-10 00:00:00+00:00,1.81920274,33908.954301713406,21538.65741930728,34598.66630119,21976.756168756518,8021584.990755279,5095237.368231227,-438.0987494492365,-689.7119994765962,25813157.19161396
2015-10-11 00:00:00+00:00,1.72291151,27976.40509280312,16766.539336167836,78003.05737279,46748.01231408677,7971558.338475292,4777434.627831628,-29981.472977918937,-50026.65227998688,25725405.782410465
2015-10-12 00:00:00+00:00,1.79649186,108400.81604395379,68292.51410769089,103544.83571716001,65233.2465018108,7976414.318802086,5025141.0208453145,3059.2676058800935,4855.980326793782,25944562.379263937
2015-10-13 00:00:00+00:00,1.71740921,127325.93174252995,76604.29000430548,119746.13064157541,72043.98344486386,7983994.11990304,4803484.982073218,4560.306559441626,7579.801100954544,25926865.528856713
2015-10-14 00:00:00+00:00,1.39636066,421225.2663385482,203551.34008284498,360397.6336985767,174157.21981660748,8044821.752543012,3887549.9152551508,29394.1202662375,60827.6326399715,25621310.251769673
2015-10-15 00:00:00+00:00,1.68771447,75070.16101384521,42028.92943253289,69572.03707183286,38950.73884323153,8050319.876485025,4507068.073767748,3078.190589301361,5498.123942012346,24568101.652788386
2015-10-16 00:00:00+00:00,1.58457216,102600.71514762391,53865.37545250255,98220.64592112528,51565.83910859077,8054699.945711522,4228717.47149855,2299.536343911779,4380.069226498628,24546300.070780303
2015-10-17 00:00:00+00:00,1.57654959,94173.41041395017,49251.7519123918,60511.58587115137,31646.954294753457,8088361.770254321,4230132.322225308,17604.797617638345,33661.8245427988,24585527.55115519
2015-10-18 00:00:00+00:00,1.52770711,48842.58629132443,24665.506077118833,27560.121739043458,13917.861478216946,8109644.234806603,4095370.3385773343,10747.644598901887,21282.46455228097,24507358.460275248
2015-10-19 00:00:00+00:00,1.4982944,82791.7359157367,41352.79351286844,123421.75998475241,61646.666774070625,8069014.210737587,4030309.001476182,-20293.873261202185,-40630.02406901571,24723959.045584664
2015-10-20 00:00:00+00:00,1.32167465,135254.09241313592,59516.49621589396,138040.89584377,60742.78647354583,8066227.407306952,3549420.0907217762,-1226.2902576518682,-2786.803430634085,24700914.940553833
2015-10-21 00:00:00+00:00,1.25876092,342463.4128311109,143834.63338906658,99230.21769177441,41676.691430545245,8309460.60244629,3489973.4530274416,102157.94195852135,243233.19513933646,24763335.424853034
2015-10-22 00:00:00+00:00,1.5882966,165594.79930710964,90445.14934174265,140053.58229724542,76494.95769023559,8335001.819456154,4552440.58073533,13950.191651507062,25541.217009864224,25530439.10745642
2015-10-23 00:00:00+00:00,1.62767608,300873.30698432674,169966.339848516,160529.51668011714,90684.72926776498,8475345.609760363,4787807.488409727,79281.61058075103,140343.7903042096,25776487.840101488
2015-10-24 00:00:00+00:00,1.60330784,30292.151901382204,16844.253986282587,35140.61151016,19540.28843633957,8470497.150151586,4710104.645313291,-2696.0344500569845,-4848.459608777797,25767705.528765753
2015-10-25 00:00:00+00:00,1.78113684,72596.36940089216,45326.62187069129,52972.75893418,33074.32910863106,8490120.760618297,5300933.042917738,12252.292762060235,19623.61046671216,26053668.648212135
2015-10-26 00:00:00+00:00,1.96516266,284924.6112777477,199595.25880263458,365401.2383175475,255970.70888937268,8409644.133578498,5891120.074718335,-56375.4500867381,-80476.62703979976,26503355.345367428
2015-10-27 00:00:00+00:00,2.2236057,232036.89184762025,192590.62023352482,193645.94626698105,160726.13540159425,8448035.079159137,7011869.115702083,31864.484831930575,38390.94558063921,27762603.862644535
2015-10-28 00:00:00+00:00,2.58630067,314214.3146238858,311072.1714776469,279905.7563019285,277106.6987389092,8482343.637481093,8397520.201106284,33965.472738737706,34308.5583219573,28480648.00461123
2015-10-29 00:00:00+00:00,2.68866354,240335.03941304344,283452.760827374,130238.52078719722,153604.18677760585,8592440.15610694,10133981.67175586,129848.57404976815,110096.51862584622,32649863.929440368
2015-10-30 00:00:00+00:00,2.52814732,582854.0620591916,653189.0235376579,258503.38717429506,289697.86099287274,8916790.830991836,9992809.99330774,363491.1625447852,324350.6748848966,33005979.16269333
2015-10-31 00:00:00+00:00,2.05135907,66396.15248690778,59048.92499675738,78411.76914674976,69734.92441632767,8904775.214331996,7919395.688594403,-10685.999419570297,-12015.61665984198,32292761.12053319
2015-11-01 00:00:00+00:00,2.25825307,33222.12714326182,32889.90587182921,41487.137432297,41072.266057974026,8896510.20404296,8807545.10200253,-8182.360186144819,-8265.010289035177,32666653.27551075
2015-11-02 00:00:00+00:00,2.26082824,108791.53310349905,107464.27639963636,115378.9152081008,113971.29244256197,8889922.821938358,8781465.76351071,-6507.016042925607,-6587.382104601755,32568790.2984832
2015-11-03 00:00:00+00:00,2.37680286,132108.70702512594,138365.7259295958,148335.50575010187,155361.06889868344,8873696.023213383,9293977.81250684,-16995.34296908765,-16226.798724975932,32859799.140473813
2015-11-04 00:00:00+00:00,1.85455408,256653.54507703133,205066.18251654803,227819.37546306118,182027.6809949859,8902530.192827353,7113121.624069055,23038.50152156214,28834.169613970153,32138799.492953863
2015-11-05 00:00:00+00:00,2.01179401,138095.13293934692,121023.81260538487,77841.65293185032,68218.86779641498,8962783.672834849,7854804.3551990045,52804.944808969885,60253.480007496604,32507994.525558386
2015-11-06 00:00:00+00:00,2.2780684,101379.0264327706,97288.67008516104,35275.90922473436,33852.62628059623,9028886.790042885,8664596.801343981,63436.043804564804,66103.11720803624,31447648.88411065
2015-11-07 00:00:00+00:00,2.18745832,137458.7213305932,125341.76155691923,68721.87865706506,62664.05830781062,9097623.632716414,8295669.864148102,62677.70324910861,68736.84267352814,31130055.14129446
2015-11-08 00:00:00+00:00,2.37940703,98015.7710126956,98015.7710126956,58361.306657353045,58361.306657353045,9137278.097071756,9137278.097071756,39654.46435534255,39654.46435534255,31396852.514649417
2015-11-09 00:00:00+00:00,2.32150138,380426.21155412553,379665.3591310173,115966.13313491162,115734.2008686418,9401738.17549097,9382934.699139988,263931.1582623755,264460.0784192139,32127262.927679606
2015-11-10 00:00:00+00:00,2.10777942,67559.14747791774,60932.586188417976,46529.636719750844,41965.76193725203,9422767.686249137,8498532.4061924,18966.82425116595,21029.510758166893,31989826.116609428
2015-11-11 00:00:00+00:00,1.78114722,33214.45862586806,24912.416366331887,71841.92020265911,53884.841201401905,9384140.224672345,7038549.420613079,-28972.424835070018,-38627.46157679105,31493579.298991036
2015-11-12 00:00:00+00:00,2.31068324,50011.68126649596,44010.27951451644,69989.59509264902,61590.84368153113,9364162.310846193,8240462.833544649,-17580.564167014687,-19977.91382615306,28492999.640678745
2015-11-13 00:00:00+00:00,2.36111323,35816.95848920397,32234.697439886626,30546.593619913434,27491.452225176497,9369432.675715484,8432341.556196397,4743.2452147101285,5270.364869290537,28528410.40147061
2015-11-14 00:00:00+00:00,2.31161449,43911.089679692945,38641.758918129795,99101.92009957552,87209.68968762647,9314241.8452956,8196532.823860128,-48567.93076949667,-55190.83041988258,28503046.112175215
2015-11-15 00:00:00+00:00,2.37911147,53251.507055255206,48458.87142028224,71129.45400216027,64727.803141965844,9296363.898348695,8459691.147497313,-16268.931721683606,-17877.946946905067,28649278.638897408
2015-11-16 00:00:00+00:00,2.41513021,75256.735497679,68816.80859651437,106423.30302101,97316.36677798184,9265197.330825364,8472348.781910814,-28499.558181467466,-31166.567523331003,28369684.573255282
2015-11-17 00:00:00+00:00,2.58968209,133199.5603453137,133104.273225581,94636.2175972941,94568.51757956234,9303760.673573384,9297105.031805735,38535.755646018675,38563.34274801958,28923425.33484641
2015-11-18 00:00:00+00:00,2.58197813,40127.21828704473,39996.94957640861,62384.55491896,62182.030151985935,9281503.33694147,9251371.931773556,-22185.080575577325,-22257.33663191527,28946769.052072246
2015-11-19 00:00:00+00:00,2.45442605,49743.898657269165,46759.264737833015,50891.479613510004,47837.9908366994,9280355.755985228,8723534.410626113,-1078.7260988663838,-1147.5809562408394,28727416.19578891
2015-11-20 00:00:00+00:00,2.40600396,31671.80492822271,29138.060533964894,36184.09537746,33289.3677472632,9275843.46553599,8533775.988293111,-4151.307213298303,-4512.290449237287,28691657.025378127
2015-11-21 00:00:00+00:00,2.49551433,35991.349804509366,34551.69581232899,43878.530400719224,42123.38918469046,9267956.28493978,8897238.03354219,-7571.693372361471,-7887.180596209859,28875551.710216306
2015-11-22 00:00:00+00:00,2.51501082,57741.65843608967,56009.40868300698,69979.02758493001,67879.65675738211,9255718.91579094,8978047.348317211,-11870.24807437513,-12237.369148840342,28960571.34127284
2015-11-23 00:00:00+00:00,2.36795249,413064.0010472364,380018.88096345746,101106.86200138663,93018.3130412757,9567676.054836791,8802261.970449846,287000.56792218174,311957.13904584973,29184200.43850694
2015-11-24 00:00:00+00:00,2.3390317,55012.098745166084,50061.823046880476,56718.8048542971,51614.95083471741,9565969.348727658,8705173.5114899,-1553.1277878369365,-1706.706109131017,29234824.7280838
2015-11-25 00:00:00+00:00,2.24598819,51742.888094679656,45016.312642371304,59451.518899630835,51722.821442678825,9558260.717922708,8315686.824592756,-6706.508800307522,-7708.630804951179,29117421.202434108
2015-11-26 00:00:00+00:00,2.17251787,749221.5655471387,643455.9946186532,57772.595519413335,49616.995320333415,10249709.687950434,8802786.045001583,593838.9992983198,691448.9700277253,29726217.334109906
2015-11-27 00:00:00+00:00,2.245669,24036.294230789805,21151.93892309503,37346.34285056,32864.7817084928,10236399.639330663,9008031.682610983,-11712.842785397774,-13310.048619770198,29477617.800994895
2015-11-28 00:00:00+00:00,2.30586779,46722.15506194084,42403.05560936899,24748.11505455227,22460.344508810205,10258373.679338051,9310066.905304031,19942.711100558783,21974.04000738857,29617769.774828136
2015-11-29 00:00:00+00:00,2.22369564,40316.02885546375,35074.945104253464,93786.91566054165,81594.61662467124,10204902.792532973,8878265.429503687,-46519.671520417774,-53470.8868050779,29451959.72637024
2015-11-30 00:00:00+00:00,2.24870122,84837.71516772638,74657.18934759921,69863.83219658246,61480.17233299256,10219876.675504118,8993491.474443624,13177.017014606652,14973.882971143918,29469924.45578982
2015-12-01 00:00:00+00:00,2.21070608,87907.589793154,75890.04169814075,75158.81718212548,64884.11050007695,10232625.448115146,8833757.969774194,11005.931198063794,12748.772611028515,29418080.457800686
2015-12-02 00:00:00+00:00,2.10810364,74935.30731554245,61446.951998744815,64507.18870849637,52895.89474096702,10243053.566722192,8399303.924712198,8551.057257777793,10428.118607046083,29312895.301757365
2015-12-03 00:00:00+00:00,2.12661247,29976.10085475329,24880.16370944523,80196.57711343629,66563.15900415211,10192833.09046351,8460051.465084713,-41682.99529470688,-50220.476258683,29423088.424994472
2015-12-04 00:00:00+00:00,2.14817831,42945.193040201935,36073.96215376962,48962.9645857,41128.890251988,10186815.318918012,8556924.86789113,-5054.928098218377,-6017.771545498064,29489074.862138983
2015-12-05 00:00:00+00:00,2.21371558,56207.956073526155,48896.987227042606,30432.39138125,26474.05023429081,10212590.883610288,8884239.187379098,22422.936992751795,25775.564692276155,29646110.859426867
2015-12-06 00:00:00+00:00,2.11061662,79571.05490825383,65645.32458876033,29756.941619665547,24549.17926680788,10262404.996898877,8466381.498391604,41096.14532195244,49814.11328858828,29498212.1598606
2015-12-07 00:00:00+00:00,2.02679247,114190.40651987807,90204.02421881304,158650.71687628,125325.1787395011,10217944.686542474,8071603.894421037,-35121.15452068807,-44460.310356401926,29423688.207457457
2015-12-08 00:00:00+00:00,2.03735342,74274.33529479441,59019.12956859659,25194.04963895,20019.44378360606,10267024.972198319,8158280.713158506,38999.68578499053,49080.285655844404,29454326.32960424
2015-12-09 00:00:00+00:00,2.06036803,51779.43125669343,41688.13789907645,36288.39718070953,29216.15145416105,10282516.006274302,8278556.461811503,12471.986444915401,15491.034075983902,29521247.94910598
2015-12-10 00:00:00+00:00,2.14868727,31053.029126269586,26200.682794998702,120674.45291008,101817.8628983509,10192894.582490493,8600152.875030527,-75617.18010335219,-89621.42378381042,29676839.54312428
2015-12-11 00:00:00+00:00,2.26766408,80770.70053056994,72677.48483461676,75770.8533799318,68178.62184248044,10197894.42964113,9176066.480626276,4498.862992136317,4999.847150638147,29998863.224828072
2015-12-12 00:00:00+00:00,2.39707248,225143.64256922406,216137.8968664551,201970.55600243,193891.7337623328,10221067.516207924,9812224.815559607,22246.1631041223,23173.086566794052,30288921.12578123
2015-12-13 00:00:00+00:00,2.30625382,62969.4139976674,57928.08271301415,50386.56768362285,46352.61907487201,10233650.362521969,9414344.31449846,11575.463638142137,12582.846314044546,30179105.392278984
2015-12-14 00:00:00+00:00,2.43363055,78192.8451397476,77410.91668835012,164755.36726998512,163107.81359728528,10147087.84039173,10045616.961987814,-85696.89690893516,-86562.52213023751,30788447.80285578
2015-12-15 00:00:00+00:00,2.43789551,214520.53999457625,214520.53999457625,81205.79590533469,81205.79590533469,10280402.584480973,10280402.584480973,133314.74408924155,133314.74408924155,31056116.600432146
2015-12-16 00:00:00+00:00,2.08468404,1121906.3294456194,972804.9782622965,194256.07889605948,168439.4460107732,11208052.835030532,9718502.613254976,804365.5322515233,927650.25054956,31502347.520103265
2015-12-17 00:00:00+00:00,2.22900749,144605.7605939547,135929.41495831741,56132.39806242193,52764.45417867661,11296526.197562065,10618734.625708342,83164.9607796408,88473.36253153277,31950997.717715703
2015-12-18 00:00:00+00:00,2.14360332,100487.41807431675,90438.67626688509,23198.69374470367,20878.824370233302,11373814.921891678,10236433.429702511,69559.85189665179,77288.72432961309,31821382.57022853
2015-12-19 00:00:00+00:00,2.12732627,40487.83571939361,36176.72921181872,37231.75215831,33267.35035302353,11377071.005452761,10165651.230173066,2909.378858795186,3256.0835610836075,31845239.98623263
2015-12-20 00:00:00+00:00,2.26178739,67080.63063332165,64397.40540798879,84996.92064517543,81597.04381936842,11359154.715440908,10904788.526823271,-17199.638411379638,-17916.29001185378,32191762.05571683
2015-12-21 00:00:00+00:00,2.15484683,61023.03879276658,55530.965301417586,61041.422530918055,55547.694503135426,11359136.331702756,10336814.061849508,-16.729201717840624,-18.383738151474972,32040682.258214984
2015-12-22 00:00:00+00:00,2.09197779,58824.87135621041,51765.886793465164,28366.93020427426,24962.89857976135,11389594.272854693,10022842.96011213,26802.988213703815,30457.94115193615,31927067.932467103
2015-12-23 00:00:00+00:00,2.0736047,38822.013534322905,33811.25624744785,52543.06197711422,45761.32896772809,11375873.224411901,9907589.267337058,-11950.072720280245,-13721.048442791318,31889482.20251863
2015-12-24 00:00:00+00:00,2.07039047,26234.489971627027,22824.006275315514,39743.6834726281,34577.00462118645,11362364.0309109,9885256.706892483,-11752.998345870932,-13509.193501001075,31916098.58962865
2015-12-25 00:00:00+00:00,2.06124569,21498.999056406366,18616.51870979663,16075.857084408291,13920.485014334838,11367787.172882898,9843650.024715852,4696.033695461792,5423.141971998075,31918796.6690748
2015-12-26 00:00:00+00:00,2.03280208,37091.50108638112,31639.050426683094,49364.90117872978,42108.2607054565,11355513.77279055,9686253.24819034,-10469.210278773407,-12273.40009234866,31893469.4135626
2015-12-27 00:00:00+00:00,2.06489297,28915.43874269484,25125.49218668983,17307.300239626664,15038.832397218799,11367121.911293618,9877233.242380364,10086.65978947103,11608.138503068178,31995469.692486364
2015-12-28 00:00:00+00:00,2.01273311,42984.11832500056,36211.7958834681,70579.51530959365,59459.425981958506,11339526.514309024,9552938.051366383,-23247.63009849041,-27595.39698459309,31835495.926793613
2015-12-29 00:00:00+00:00,2.04714227,27611.35669326404,23745.76675620707,27452.346348869512,23609.01786002778,11339685.52465342,9752129.551201941,136.74889617929148,159.01034439452633,31963799.72326144
2015-12-30 00:00:00+00:00,2.12437757,34538.02486777148,30963.875228825756,102004.44944996048,91448.57175955341,11272219.10007123,10105719.33695851,-60484.696530727655,-67466.424582189,32120822.687089905
2015-12-31 00:00:00+00:00,2.22548049,139175.86990185353,132055.6323976747,98453.72151506413,93416.82912235345,11312941.24845802,10734171.174186908,38638.80327532125,40722.1483867894,32462596.87319045
2016-01-01 00:00:00+00:00,2.16605632,66713.45851799553,61401.065816207556,105730.5784473551,97311.25248559221,11273924.12852866,10376181.550173923,-35910.18666938465,-39017.11992935957,32363497.629023664
2016-01-02 00:00:00+00:00,2.22649136,59551.72518883785,56573.54341214407,76257.85597745438,72444.2006000219,11257217.997740043,10694244.525673063,-15870.657187877827,-16706.13078861653,32509992.856989074
2016-01-03 00:00:00+00:00,2.23809044,50551.975583842,48381.42177412903,100712.06732792966,96387.7860531029,11207057.905995956,10725859.65503564,-48006.36427897387,-50160.09174408766,32594133.22778893
2016-01-04 00:00:00+00:00,2.22238525,29597.847284222342,28117.954920011227,51604.954641431075,49024.70690935952,11185050.798638748,10625798.25870681,-20906.751989348293,-22007.107357208733,32593953.605621938
2016-01-05 00:00:00+00:00,2.20757338,353656.0440562546,333356.1871274256,34770.869325569925,32775.02142628221,11503935.973369433,10843610.048498027,300581.16570114344,318885.17473068467,32568938.731267612
2016-01-06 00:00:00+00:00,2.22774819,65272.32164409512,62008.70556189036,56204.157377300326,53393.94950843531,11513004.137636228,10937353.930754416,8614.75605345505,9068.164266794796,32539141.32254037
2016-01-07 00:00:00+00:00,2.20804468,76272.12332847179,71691.79037182963,128201.83943247552,120502.99633450822,11461074.421532223,10772808.058926892,-48811.20596267859,-51929.71610400373,32493619.257625774
2016-01-08 00:00:00+00:00,2.29828206,36806.60757471521,36254.50846109449,101295.12000955796,99775.69320941459,11396585.909097381,11225637.12046092,-63521.1847483201,-64488.51243484274,32726120.075227104
2016-01-09 00:00:00+00:00,2.26559203,33402.37046217895,32397.294657698403,33014.36244189002,32020.96178105171,11396973.91711767,11054039.491509734,376.3328766466948,388.0080202889294,32701546.265233934
2016-01-10 00:00:00+00:00,2.3247523,40582.96914774376,40582.96914774376,32510.447644408625,32510.447644408625,11405046.438621005,11405046.438621005,8072.521503335134,8072.521503335134,32869793.079451945
2016-01-11 00:00:00+00:00,2.4620569,160882.45454721214,172290.10378084867,181104.62270723004,193946.1598173435,11384824.270460986,12192084.964173852,-21656.056036494818,-20222.1681600179,33249159.742556393
2016-01-12 00:00:00+00:00,2.63709005,296588.0510982294,349217.6007656103,196507.84238000785,231378.15901034023,11484904.479179207,13522900.779009558,117839.44175527006,100080.20871822158,34142219.75667374
2016-01-13 00:00:00+00:00,2.56117759,68340.49877321032,77732.53351961261,123827.97532027878,140845.6539685447,11429417.00263214,13000161.781303875,-63113.120448932095,-55487.476547068465,33971123.18365062
2016-01-14 00:00:00+00:00,2.61281352,107894.58065920146,125796.5245858847,139201.25094308978,162297.61939535307,11398110.332348252,13289292.73273553,-36501.09480946837,-31306.67028388832,34145881.21333971
2016-01-15 00:00:00+00:00,2.81991099,212701.0493664109,274573.8803870806,211186.24085672948,272618.4276434973,11399625.140857933,14715674.037373928,1955.4527435833006,1514.808509681432,35041604.18294177
2016-01-16 00:00:00+00:00,2.66310578,146063.864331101,176998.73015778488,147724.01257037016,179010.48119264885,11397964.992618663,13811939.99840537,-2011.7510348639626,-1660.1482392691541,34843292.92983994
2016-01-17 00:00:00+00:00,2.64132391,72388.25742650863,94896.43626826747,142011.28723380459,186167.83367162957,11328341.962811368,14850741.257177938,-91271.3974033621,-69623.02980729596,38018169.3011362
2016-01-18 00:00:00+00:00,2.7990783,644650.472311214,945215.0042984089,317696.53422553185,465820.69487510715,11655295.90089705,17089509.801440336,479394.3094233017,326953.9380856821,40139618.09149288
2016-01-19 00:00:00+00:00,2.61101411,373049.8840837554,504753.8767230402,256392.47572961013,346910.9671619226,11771953.309251195,15928001.382552654,157842.9095611176,116657.40835414524,39722207.54393327
2016-01-20 00:00:00+00:00,2.7676534,169529.57227661074,246940.42496664677,188035.33985799,273896.32445669855,11753447.541669816,17120324.742089648,-26955.899490051786,-18505.767581379274,40356660.447800316
2016-01-21 00:00:00+00:00,2.8235497,108150.09405361826,161784.97019762915,214554.01390949084,320957.7860276246,11647043.621813944,17423161.965180133,-159172.81582999547,-106403.91985587258,40638980.81028817
2016-01-22 00:00:00+00:00,2.83956376,87122.9953548812,132426.95293941943,137682.37068074424,209277.20343473126,11596484.24648808,17626656.05466188,-76850.25049531183,-50559.37532586303,41074053.2365118
2016-01-23 00:00:00+00:00,3.58174779,290208.37893486436,583971.9660470884,462142.1431614065,929945.7752587982,11424550.482261539,22989057.830848806,-345973.80921170977,-171933.76422654215,43122951.50816689
2016-01-24 00:00:00+00:00,3.62872686,541313.9161515703,1137508.8272669658,319008.4112526464,670359.4216681642,11646855.987160461,24474525.96358621,467149.40559880156,222305.50489892386,44465873.08452665
2016-01-25 00:00:00+00:00,4.16871915,620116.5761428847,1571202.757112517,475173.08420797245,1203956.3023085478,11791799.479095373,29877136.92175777,367246.45480396925,144943.49193491222,46684973.20203179
2016-01-26 00:00:00+00:00,3.87587743,488543.2168625198,1163019.4862369758,408190.8441310989,971733.6961032503,11872151.851826794,28262686.842553213,191285.7901337255,80352.37273142091,47194064.3020696
2016-01-27 00:00:00+00:00,3.88137912,226547.13847347573,544009.8679093901,378816.96436235134,909656.8958372734,11719882.025937919,28143067.77744004,-365647.0279278833,-152269.8258888756,47553563.05348111
2016-01-28 00:00:00+00:00,4.03478121,230811.55390450728,587750.8475294454,194483.1291389664,495242.20970713673,11756210.45070346,29936641.12236866,92508.6378223087,36328.42476554087,48527364.95737016
2016-01-29 00:00:00+00:00,3.91742164,166075.76327646113,413135.9563113132,235293.29712397917,585323.9473549055,11686992.916855942,29072977.89787228,-172187.99104359234,-69217.53384751803,48843317.72363376
2016-01-30 00:00:00+00:00,3.77984548,504574.092137499,1231498.8494572297,168242.48408709595,410624.3836368525,12023324.524906345,29344967.46820317,820874.4658203772,336331.60805040307,49682292.02081453
2016-01-31 00:00:00+00:00,3.52024342,217204.6467266027,487118.7316249932,136921.45814420606,307069.89021004847,12103607.713488743,27144419.451128647,180048.84141494473,80283.18858239663,49034817.5666775
2016-02-01 00:00:00+00:00,2.97920958,127424.91015198833,276180.4147583229,156919.38809831216,340106.6686013107,12074113.235542418,26169401.236019056,-63926.25384298782,-29494.477946323837,56014200.26736434
2016-02-02 00:00:00+00:00,3.28311151,95181.72452264554,232864.944496388,140314.81852501683,343284.4129660094,12028980.141540047,29429260.78568197,-110419.46846962141,-45133.09400237129,57394652.84374651
2016-02-03 00:00:00+00:00,3.34432539,100295.33163170534,253747.1890282145,145337.01555334503,367702.6493499629,11983938.457618408,30319364.29777457,-113955.4603217484,-45041.68392163969,58287098.26221393
2016-02-04 00:00:00+00:00,3.34470424,65115.74898532373,166049.71801500447,123886.46347196467,315919.15390595293,11925167.743131766,30410012.506728023,-149869.43589094846,-58770.71448664094,58763075.718988
2016-02-05 00:00:00+00:00,3.1728161,134885.64159294803,345915.57672153116,167594.00675456156,429796.50626214064,11892459.377970153,30498330.999398235,-83880.92954060948,-32708.365161613532,62318825.408786066
2016-02-06 00:00:00+00:00,3.15461147,50743.46894825718,129346.11721848651,119185.34837847039,303805.8367236886,11824017.49853994,30139657.084128276,-174459.71950520208,-68441.87943021322,62321156.36904709
2016-02-07 00:00:00+00:00,3.33669411,513110.7281010581,1487031.3724795359,179867.4786917805,521268.741921127,12157260.747949217,35232606.03519085,965762.6305584088,333243.2494092776,67011758.049163066
2016-02-08 00:00:00+00:00,3.57093132,495378.1621622026,1577171.2179364264,390622.71179319656,1243653.727938822,12262016.198318223,39039466.20788956,333517.4899976044,104755.45036900602,68812740.46198168
2016-02-09 00:00:00+00:00,4.14490261,704190.1724293258,2741748.0745299077,394113.6821918375,1534472.464402093,12572092.688555712,48949150.77094263,1207275.6101278146,310076.49023748824,72523802.61233044
2016-02-10 00:00:00+00:00,4.08873952,547073.5508677678,2394914.4983328697,470900.85331142036,2061454.587018467,12648265.386112059,55370094.39391317,333459.9113144027,76172.69755634741,82691200.06382905
2016-02-11 00:00:00+00:00,5.06499071,532470.3737142067,3126634.2580121127,683157.9505870997,4011462.716769705,12497577.809239166,73385031.07313175,-884828.4587575924,-150687.5768728929,89568703.41342928
2016-02-12 00:00:00+00:00,4.55004515,841097.5136005833,4601143.071538184,373111.6556157248,2041071.435103149,12965563.667224023,70926869.32417256,2560071.6364350347,467985.8579848585,92919298.13419728
2016-02-13 00:00:00+00:00,4.34342257,447872.395176029,2337352.256781036,421585.6984683873,2200167.490462102,12991850.363931665,67801746.8702489,137184.76631893404,26286.696707641706,92894729.56830871
2016-02-14 00:00:00+00:00,3.55259197,202770.09250247767,1045450.9613715637,277416.08077666577,1430314.0308739208,12917204.375657478,66599090.458071716,-384863.06950235704,-74645.9882741881,112242051.65420608
2016-02-15 00:00:00+00:00,3.51569827,315655.0413876911,1626471.7468671284,242480.4011795489,1249425.7020376613,12990379.01586562,66935361.96195517,377046.0448294671,73174.6402081422,113388914.89296009
2016-02-16 00:00:00+00:00,2.94045155,287458.4622142433,1225253.4044105967,628969.7526863534,2680899.789187214,12648867.72539351,53914113.79264592,-1455646.3847766172,-341511.2904721101,112184697.59016417
2016-02-17 00:00:00+00:00,2.64807663,234936.00274899777,895336.4755871099,218043.9247648062,830961.0993538339,12665759.803377701,48268960.95233516,64375.37623327598,16892.077984191565,111415861.06594998
2016-02-18 00:00:00+00:00,2.97167403,317214.3894689658,1385220.5941365082,343071.32384233095,1498133.3723215775,12639902.869004337,55196278.42652741,-112912.77818506933,-25856.934373365133,113802759.24697205
2016-02-19 00:00:00+00:00,3.07514061,146723.20252690272,672819.872016855,261305.75469396036,1198254.2733704427,12525320.31683728,57436617.163528524,-525434.4013535876,-114582.55216705764,115524045.45689328
2016-02-20 00:00:00+00:00,2.93386062,365843.74721481843,1591599.2715304727,139408.48256617328,606495.0979391857,12751755.581485923,55476374.95170934,985104.173591287,226435.26464864516,114917149.35912253
2016-02-21 00:00:00+00:00,3.09085,196658.32512121802,909432.3841990724,97323.66235669212,450066.328193713,12851090.24425045,59428949.337294854,459366.0560053594,99334.6627645259,115988534.82309994
2016-02-22 00:00:00+00:00,3.65668403,225139.31353218338,1259363.699881522,221239.73508682603,1237550.5946451437,12854989.822695807,71907066.30068538,21813.105236378266,3899.578445357358,118630724.98833667
2016-02-23 00:00:00+00:00,3.64876153,171144.4562006475,960109.4797491913,211231.48476648566,1184995.1523292903,12814902.79412997,71890787.04532433,-224885.67258009897,-40087.028565838176,119273443.80905893
2016-02-24 00:00:00+00:00,3.99644109,200620.93671069964,1250727.2958137759,182885.5628262576,1140159.9912122546,12832638.16801441,80002272.43072839,110567.30460152123,17735.37388444203,121057637.77656077
2016-02-25 00:00:00+00:00,3.86721974,258824.73813817796,1571654.8172031771,240523.81565078703,1460526.5950963148,12850939.090501802,78034427.74619609,111128.22210686235,18300.922487390926,121893868.6001051
2016-02-26 00:00:00+00:00,3.33886106,1654874.3809796872,9723297.892628703,160420.97576352107,942561.5342787947,14345392.495717969,84287077.14960888,8780736.358349908,1494453.405216166,136655975.23438632
2016-02-27 00:00:00+00:00,3.4736779,264560.80736332334,1669572.8524074627,172937.55819523247,1091362.9089734303,14437015.74488606,91108164.4997369,578209.9434340324,91623.24916809087,141128658.28208974
2016-02-28 00:00:00+00:00,3.54504607,274935.1581218599,1786758.522068393,209640.4532131042,1362418.9387330734,14502310.449794814,94248138.2259861,424339.58333531953,65294.704908755695,142457822.2499817
2016-02-29 00:00:00+00:00,3.34140044,185921.6655421778,1177489.0261443125,300617.28216053575,1903885.4335836272,14387614.833176456,91120411.00241302,-726396.4074393148,-114695.61661835795,147337033.55516464
2016-03-01 00:00:00+00:00,3.54725879,269705.16369771445,2029902.3901086582,323125.6190167967,2431964.8068832797,14334194.377857374,107884532.23871796,-402062.41677462147,-53420.45531908225,164988822.0939837
2016-03-02 00:00:00+00:00,3.42307194,926421.7416047072,7891990.329772106,411887.051180004,3508778.430912446,14848729.068282077,126493173.63094656,4383211.89885966,514534.6904247032,193585160.8395554
2016-03-03 00:00:00+00:00,3.57186608,632847.9608293202,5875936.514589514,489635.66601799236,4546223.21138588,14991941.363093406,139198829.9441544,1329713.303203634,143212.29481132788,202273311.01116893
2016-03-04 00:00:00+00:00,3.47951158,394415.86820734944,3935756.8917257916,256602.49774705555,2560558.8678067466,15129754.7335537,150975255.46664935,1375198.023919045,137813.3704602939,223231802.86560848
2016-03-05 00:00:00+00:00,3.54122008,1023180.7000891814,11000222.127999766,643991.3984446288,6923555.566279414,15508944.035198253,166736754.65441048,4076666.5617203517,379189.3016445526,236398638.93596545
2016-03-06 00:00:00+00:00,3.54561837,459628.2730060387,5048743.891133947,321592.2949215229,3532500.565733156,15646980.013282768,171872792.42005736,1516243.3254007911,138035.97808451578,241309840.87892386
2016-03-07 00:00:00+00:00,3.085328,574330.5614584024,5442864.117659225,446955.1820658384,4235742.420689891,15774355.392675333,149491736.48008168,1207121.696969334,127375.379392564,239331301.78244412
2016-03-08 00:00:00+00:00,2.98989714,299896.44154641585,2930842.827116375,334557.1555141171,3269576.7727115476,15739694.678707631,153821669.28096834,-338733.9455951727,-34660.713967701246,254767576.05206668
2016-03-09 00:00:00+00:00,3.49687097,288319.8169693646,3407103.7203571796,275363.5297583796,3253997.9962256555,15752650.965918615,186150630.48951727,153105.7241315241,12956.28721098497,263483753.59677505
2016-03-10 00:00:00+00:00,3.29736543,326142.16324026487,3641589.6113455803,240306.32040067916,2683176.536322667,15838486.808758201,176847018.02789527,958413.0750229135,85835.8428395857,264111838.21033162
2016-03-11 00:00:00+00:00,3.24988767,230159.37486145526,2560040.9527807217,252305.92793171664,2806374.9674474243,15816340.25568794,175923656.3883124,-246334.0146667026,-22146.553070261376,267034405.07876086
2016-03-12 00:00:00+00:00,3.73441292,479200.60666302865,6365537.364402902,472570.13002775935,6277460.374977706,15822970.732323209,210186944.6990995,88076.98942519631,6630.476635269297,277625569.1673963
2016-03-13 00:00:00+00:00,3.83057849,493777.8516261545,7080801.296430078,314712.64535935834,4512996.481969887,16002035.938590005,229470067.25055617,2567804.814460191,179065.20626679616,292282039.32004535
2016-03-14 00:00:00+00:00,2.99608053,481264.7632086216,5925036.1954905065,361433.8164739254,4449751.1735634105,16121866.885324702,198482523.83484995,1475285.021927096,119830.94673469616,320934216.7593528
2016-03-15 00:00:00+00:00,3.01175522,317008.1622528837,4134515.244583121,270431.9935561831,3527054.925131892,16168443.054021403,210873669.03410846,607460.3194512292,46576.168696700595,338353466.7859642
2016-03-16 00:00:00+00:00,2.95057147,291708.2058749717,3705517.109310265,267244.8388751741,3394763.338441238,16192906.4210212,205695590.95047152,310753.77086902736,24463.36699979758,336515587.8684374
2016-03-17 00:00:00+00:00,2.72713865,490669.53977351415,5422060.635123791,283402.45684443106,3131690.8440308776,16400173.503950283,181227339.29237685,2290369.7910929136,207267.0829290831,316852470.6601957
2016-03-18 00:00:00+00:00,2.69895933,752378.7550687464,8160405.195291982,534478.9794367957,5797033.756185551,16618073.279582234,180241946.77593565,2363371.439106431,217899.7756319507,314370372.5925493
2016-03-19 00:00:00+00:00,2.60814953,250406.5915083234,2629678.13958278,207640.9298190296,2180568.852995208,16660838.941271527,174966017.01682812,449109.2865875722,42765.661689293804,315112156.6478939
2016-03-20 00:00:00+00:00,2.47439658,136017.06423203726,1392892.5106398845,143118.36436384544,1465613.8844266878,16653737.64113972,170543795.8500011,-72721.37378680333,-7101.300131808181,324019360.95136184
2016-03-21 00:00:00+00:00,2.81484513,302927.89406116464,3585080.5967046046,268265.73305533733,3174862.0486670593,16688399.802145546,197503298.618782,410218.5480375453,34662.16100582731,329302726.7503927
2016-03-22 00:00:00+00:00,2.66823898,106197.73933177057,1199610.6129404306,257019.30092892598,2903292.3211448304,16537578.24054839,186808631.65756264,-1703681.7082043998,-150821.5615971554,331715894.07439774
2016-03-23 00:00:00+00:00,2.79046909,130022.98522576752,1612964.7204279408,144213.88662402733,1789006.0816281948,16523387.33915013,204976380.08955002,-176041.36120025394,-14190.901398259812,348471219.47836727
2016-03-24 00:00:00+00:00,2.5067942,243090.50621210603,2714791.2463949015,191477.5994480202,2138387.54528994,16575000.245914217,185106634.88165605,576403.7011049613,51612.90676408584,349354875.6830294
2016-03-25 00:00:00+00:00,2.39004105,109499.40382200977,1166837.9250119817,136121.6685765315,1450527.7633217843,16548377.981159696,176341371.29401535,-283689.8383098026,-26622.26475452172,349773614.6002725
2016-03-26 00:00:00+00:00,2.45980523,75157.13352963536,826888.7259733052,64782.32489936763,712743.708892309,16558752.789789964,182181588.82625982,114145.01708099619,10374.808630267733,351031818.2159401
2016-03-27 00:00:00+00:00,2.30401407,286286.7214046137,2973499.7708377773,211514.5782452074,2196883.4141353145,16633524.93294937,172763103.83410025,776616.3567024628,74772.14315940629,353937776.4354278
2016-03-28 00:00:00+00:00,2.55981129,193573.85132990673,2256455.9820937314,174709.89542014705,2036562.20064499,16652388.888859129,194113937.7362383,219893.78144874144,18863.95590975968,357676773.9168089
2016-03-29 00:00:00+00:00,2.53185153,151519.63334293573,1771105.497156033,187071.8461964107,2186673.554124187,16616836.676005654,194233381.72689497,-415568.05696815415,-35552.21285347498,362768519.8407082
2016-03-30 00:00:00+00:00,2.51034468,139116.5664214471,1650793.0828093195,319570.47715512256,3792105.762297051,16436382.765271978,195038360.0837225,-2141312.6794877313,-180453.91073367547,371576223.0478199
2016-03-31 00:00:00+00:00,2.47382104,340100.08799417136,3870509.7318166317,267779.4994509465,3047465.129217013,16508703.353815204,187877331.54514998,823044.602599619,72320.58854322485,361771212.1864599
2016-04-01 00:00:00+00:00,2.5213166,112505.98264145596,1308971.3947812323,118260.61829778702,1375924.7539241964,16502948.718158873,192006569.73464584,-66953.35914296401,-5754.635656331055,363031299.8825143
2016-04-02 00:00:00+00:00,2.51623501,128390.9664112864,1492586.9010676406,98963.01038010647,1150477.3046912986,16532376.674190052,192194276.257454,342109.596376342,29427.95603117993,363615525.5748216
2016-04-03 00:00:00+00:00,2.50948861,59388.241686772155,689482.0412572345,67880.99613068151,788080.7116938323,16523883.919746144,191837995.04577294,-98598.67043659778,-8492.754443909354,364251021.49374664
2016-04-04 00:00:00+00:00,2.40634853,170950.1854201584,1901897.1309168101,115924.31679770965,1289709.7770275765,16578909.788368592,184447772.7984299,612187.3538892337,55025.86862244876,364165374.04383004
2016-04-05 00:00:00+00:00,2.25124264,242997.37829840282,2536028.746487499,169598.56239555895,1770006.0494887994,16652308.604271436,173790901.00286514,766022.6969986998,73398.81590284387,365295287.8446828
2016-04-06 00:00:00+00:00,2.28863445,155682.63226550297,1669552.0813045846,177540.11041208185,1903953.2961392363,16630451.126124857,178346189.85182935,-234401.21483465168,-21857.478146578884,369376648.6274953
2016-04-07 00:00:00+00:00,2.15283663,175929.63730227493,1775537.3951214429,198794.20660307657,2006293.8409337376,16607586.556824055,167609002.24953726,-230756.44581229473,-22864.56930080164,369689811.01648426
2016-04-08 00:00:00+00:00,2.07022028,214737.00104592345,2086060.977912616,147832.3904657327,1436116.642777155,16674491.167404246,161984218.74873677,649944.3351354611,66904.61058019075,370200514.30219674
2016-04-09 00:00:00+00:00,1.94261626,303549.1218214042,2764977.4622823726,265473.03409514215,2418148.837698365,16712567.255130509,152231940.32003233,346828.62458400754,38076.08772626205,370066011.6845219
2016-04-10 00:00:00+00:00,1.89057967,413151.50464054017,3665406.9899637294,329044.6904181362,2919226.2274790267,16796674.069352914,149017118.05579492,746180.7624847027,84106.81422240398,370506896.77856004
2016-04-11 00:00:00+00:00,1.85514642,168992.29063972938,1469431.3500310567,186085.2292986091,1618058.8396901072,16779581.13069403,145902765.50778198,-148627.48965905048,-17092.93865887972,370214099.4054937
2016-04-12 00:00:00+00:00,1.60922608,301061.1250234641,2256442.346109365,379510.52461266733,2844417.785469517,16701131.731104828,125174383.98291591,-587975.439360152,-78449.39958920324,368021995.17000335
2016-04-13 00:00:00+00:00,1.71940722,348449.7115463543,2803425.832546418,312679.11942785315,2515636.2357478933,16736902.32322333,134655483.3450869,287789.5967985247,35770.59211850114,369883119.4836439
2016-04-14 00:00:00+00:00,1.96824968,418017.38886004966,3534687.4364544125,167909.45870468835,1419815.227696249,16987010.253378693,143639411.48305276,2114872.2087581633,250107.9301553613,339737321.69947
2016-04-15 00:00:00+00:00,1.92996852,103007.88492655482,845753.6571418694,184848.4747196238,1517711.7132604637,16905169.663585622,138801112.92233208,-671958.0561185942,-81840.58979306898,336561325.4005443
2016-04-16 00:00:00+00:00,1.98745536,51237.31690147321,439309.3387574784,159253.0706129142,1365437.6414867614,16797153.909874182,144018988.95963168,-926128.302729283,-108015.75371144098,341429273.3758792
2016-04-17 00:00:00+00:00,2.17329886,229575.24693353754,2143889.0063574314,195915.80451666104,1829560.2208217958,16830813.35229106,157174591.75586504,314328.78553563566,33659.442416876496,340208125.55183315
2016-04-18 00:00:00+00:00,2.0908682,129474.89612224759,1163602.3531193363,156370.85656273444,1405318.7305428472,16803917.391850572,151018293.15482625,-241716.3774235109,-26895.960440486844,340450520.5590891
2016-04-19 00:00:00+00:00,2.0371651,107536.63447057863,940681.941616376,93950.25474201379,821834.423972513,16817503.771579135,147111932.4021436,118847.5176438631,13586.379728564847,340246378.12750494
2016-04-20 00:00:00+00:00,1.98005412,200491.89272249848,1705201.0331695578,195103.76789929738,1659374.561631948,16822891.896402337,143080162.75924936,45826.47153760982,5388.1248232010985,340494037.83247536
2016-04-21 00:00:00+00:00,1.89829574,121539.41392936045,990767.0807420589,128247.83357425996,1045452.8911560596,16816183.476757437,137082453.12235302,-54685.81041400065,-6708.419644899506,340541631.4390175
2016-04-22 00:00:00+00:00,1.83973835,242723.50686303125,1919151.4464446798,157017.8452924828,1241499.1395157366,16901889.138327986,133638828.00924641,677652.3069289431,85705.66157054846,340952515.6122461
2016-04-23 00:00:00+00:00,1.94137752,517452.12148230267,4353054.259285354,136013.0621397244,1144206.8065538313,17283328.197670564,145395607.24956775,3208847.4527315227,381439.0593425783,343906140.3991628
2016-04-24 00:00:00+00:00,1.85059553,132801.6255433864,1063455.649235711,85463.64637839154,684380.1585522821,17330666.17683556,138781394.99695212,379075.4906834288,47337.979164994875,343560167.0153624
2016-04-25 00:00:00+00:00,1.73941026,230107.250403691,1730325.7444974193,231270.51031303479,1739073.0506563871,17329502.916926216,130311778.45936999,-8747.306158967782,-1163.2599093437893,343375750.5194109
2016-04-26 00:00:00+00:00,1.72123326,306586.7289632271,2278686.3862505765,302220.5060939875,2246234.7121513183,17333869.139795456,128832881.19962445,32451.674099258147,4366.222869239631,343112547.1086451
2016-04-27 00:00:00+00:00,1.80550592,178225.59182388932,1388898.6853722117,228917.0863576489,1783933.7047372265,17283177.645261697,134686508.62597835,-395035.01936501474,-50691.49453375957,343100135.60499364
2016-04-28 00:00:00+00:00,1.76032084,136449.62751097602,989807.8963154474,259562.2232156789,1882868.7392598807,17160065.049556993,124479400.91277973,-893060.8429444333,-123112.5957047029,327702002.1658573
2016-04-29 00:00:00+00:00,1.81167894,93494.24271838841,696517.2310284341,147568.1275491712,1099359.0685384953,17105991.16472621,127436912.19511418,-402841.8375100612,-54073.88483078277,327138097.6249735
2016-04-30 00:00:00+00:00,2.09867251,861278.3398143565,7593990.939319331,399398.23289995355,3521540.5074231294,17567871.271640614,154897957.01668638,4072450.431896202,461880.106914403,334365378.8211407
2016-05-01 00:00:00+00:00,2.06660645,226714.61224375432,1990497.3523688046,257980.3642838609,2265002.802369265,17536605.519600507,153966991.8530476,-274505.45000046026,-31265.75204010657,338246194.32395625
2016-05-02 00:00:00+00:00,2.30774334,443332.9567187796,4464918.274223975,365161.2325834085,3677631.0799606,17614777.243735876,177402874.34085402,787287.1942633749,78171.7241353711,347599094.40019435
2016-05-03 00:00:00+00:00,2.14762375,234068.3436886105,2191475.6968997656,289409.871675278,2709613.31303731,17559435.71574921,164401029.2717365,-518137.61613754416,-55341.5279866675,347369554.178815
2016-05-04 00:00:00+00:00,2.14705359,307376.0251453791,2882376.8900871314,318104.90807400167,2982985.531230453,17548706.832820587,164560612.6955169,-100608.64114332153,-10728.882928622537,348149113.7188673
2016-05-05 00:00:00+00:00,2.22057924,163876.4354582302,1600666.349373594,238616.75861931825,2330693.945414115,17473966.5096595,170677316.13690284,-730027.5960405213,-74740.32316108805,350766833.8061198
2016-05-06 00:00:00+00:00,2.00688454,329843.2097916228,3092655.327485153,444448.39972395904,4167209.360068088,17359361.319727164,162763760.7004557,-1074554.032582935,-114605.18993233622,372713316.16652423
2016-05-07 00:00:00+00:00,2.00205784,141170.06579160795,1325523.9036241996,272667.52874696266,2560226.3841809668,17227863.856771808,161761951.6041335,-1234702.4805567672,-131497.4629553547,374294544.8310129
2016-05-08 00:00:00+00:00,2.01227257,209106.5257585932,1987046.5545801998,218166.114605735,2073135.8085588578,17218804.267924666,163622658.69248945,-86089.253978658,-9059.5888471418,377026694.7212812
2016-05-09 00:00:00+00:00,1.98161811,287715.0122800199,2691737.4534834544,371582.1308339418,3476362.0107436725,17134937.149370745,160307075.1245927,-784624.5572602181,-83867.11855392193,377087048.23301095
2016-05-10 00:00:00+00:00,1.98127575,291009.7022515726,2733183.084329153,409927.2661136281,3850065.000851733,17016019.58550869,159815623.10084313,-1116881.9165225802,-118917.56386205548,378773923.7563869
2016-05-11 00:00:00+00:00,2.0183421,747834.8704606226,7427453.342667416,615597.5949122291,6114080.253107981,17148256.861057084,170315510.51521134,1313373.089559435,132237.2755483935,393344442.4321204
2016-05-12 00:00:00+00:00,2.02538327,310875.32403268473,3135678.171945755,685542.4827589215,6914799.705693723,16773589.702330846,169188658.69599557,-3779121.533747968,-374667.1587262367,398241772.3380977
2016-05-13 00:00:00+00:00,2.03763251,1020611.5329024465,10820510.269496823,1813026.600146183,19221684.56196333,15981174.63508711,169432206.7533514,-8401174.292466508,-792415.0672437366,416241167.3727949
2016-05-14 00:00:00+00:00,1.93082624,702269.37867331,7185408.010891457,1412268.4525493395,14449903.926678179,15271175.56121108,156250052.39520955,-7264495.915786722,-709999.0738760295,424091935.84757376
2016-05-15 00:00:00+00:00,1.83405325,110417.69210537804,1102046.7597810598,418463.0946931617,4176558.020742149,14963130.158623297,149342635.16172415,-3074511.2609610893,-308045.4025877837,435689889.8248611
2016-05-16 00:00:00+00:00,1.93485742,267996.65407921415,2978562.231927941,407925.4877993968,4533756.048465172,14823201.324903114,164747682.2959524,-1555193.8165372307,-139928.83372018265,460073609.46056813
2016-05-17 00:00:00+00:00,2.05208367,244531.37848711296,2979891.090862455,325044.533852082,3961034.8436751016,14742688.169538144,179656309.9736718,-981143.7528126468,-80513.15536496902,475821690.5456536
2016-05-18 00:00:00+00:00,2.0954554,409550.95919462317,5474446.8579401905,536752.9484277436,7174749.383541359,14615486.180305025,195364461.00475782,-1700302.5256011682,-127201.98923312046,511332009.42194754
2016-05-19 00:00:00+00:00,2.15973435,1183230.7006794822,17151576.12151231,507609.03303656727,7358070.5479449285,15291107.847947938,221652971.04421318,9793505.57356738,675621.6676429149,538215490.2244948
2016-05-20 00:00:00+00:00,2.06867675,476548.15992384776,6507417.366274929,509363.31892073504,6955518.845813829,15258292.68895105,208356861.22395834,-448101.4795389008,-32815.15899688727,529547486.6040741
2016-05-21 00:00:00+00:00,2.09943358,252292.51997659207,3533855.3138734642,247263.4868812752,3463413.7671752907,15263321.722046368,213792983.55662027,70441.54669817351,5029.033095316874,535439298.1348709
2016-05-22 00:00:00+00:00,2.11403848,185412.1012548959,2637505.8223268325,178309.58868978822,2536471.865444655,15270424.234611476,217223323.37315565,101033.95688217739,7102.512565107696,540237833.3717755
2016-05-23 00:00:00+00:00,2.0153438,296538.9595087953,3955252.5136085143,253016.30845976854,3374745.0644500046,15313946.885660503,204258243.2106344,580507.4491585097,43522.651049026754,531568629.7657573
2016-05-24 00:00:00+00:00,1.96785407,418106.8690311184,5332308.356067826,432024.1920359719,5509802.349230019,15300029.56265565,195128283.0489958,-177493.99316219334,-13917.323004853504,520743798.97124434
2016-05-25 00:00:00+00:00,1.929779,328423.8777065036,4112852.751448093,437260.9190347005,5475819.1959469,15191192.521327453,190239328.50264272,-1362966.4444988072,-108837.04132819688,521632639.4831321
2016-05-26 00:00:00+00:00,1.92579418,348311.6143644822,4363282.881922101,310272.75931873097,3886771.9697842053,15229231.376373203,190775850.7869501,476510.91213789536,38038.8550457512,523085326.26402056
2016-05-27 00:00:00+00:00,1.81033973,595932.7792789118,6678758.473448637,619111.7524926771,6938530.664440702,15206052.403159438,170417796.8833857,-259772.19099206477,-23178.973213765305,498023570.8698044
2016-05-28 00:00:00+00:00,1.85338454,621351.5419727552,7378012.594443795,376360.0407099112,4468950.236426484,15451043.904422283,183467793.71013483,2909062.3580173114,244991.50126284402,515611303.13064706
2016-05-29 00:00:00+00:00,1.91794295,338006.3141176911,4185197.2108189515,229200.9720448096,2837968.4900943185,15559849.246495163,192662192.8267302,1347228.720724633,108805.34207288147,519773178.2749072
2016-05-30 00:00:00+00:00,1.95734539,266913.15215081396,3384688.195088448,139011.36886924555,1762783.644805067,15687751.029776732,198934167.50018334,1621904.550283381,127901.78328156841,521809857.7148369
2016-05-31 00:00:00+00:00,2.14696458,271732.9322873918,3816962.3212775877,262337.4432814331,3684986.3137181005,15697146.518782692,220493763.15712473,131976.00755948713,9395.48900595872,527171284.2549911
2016-06-01 00:00:00+00:00,2.12289032,189725.40657146182,2639691.1716334093,155959.22672225838,2169894.9094540696,15730912.698631894,218867636.77417037,469796.26217933977,33766.17984920344,528292371.44197524
2016-06-02 00:00:00+00:00,2.10494895,156972.8175149983,2170611.0978255267,113576.13531783102,1570524.2708372904,15774309.380829062,218126243.41338173,600086.8269882363,43396.68219716729,529741043.2361416
2016-06-03 00:00:00+00:00,2.11306519,100975.80621797513,1402611.857372872,179906.72597409028,2499007.5991834085,15695378.461072946,218017808.02753127,-1096395.7418105365,-78930.91975611515,530308608.2171508
2016-06-04 00:00:00+00:00,2.00058453,94764.91887808121,1300554.4445425093,104633.93434948608,1435996.8855486307,15685509.445601542,215268047.14132467,-135442.44100612146,-9869.01547140487,553628489.9640467
2016-06-05 00:00:00+00:00,2.01412991,130267.48548966138,1814976.606229208,110604.85347120037,1541023.2325515342,15705172.077620003,218815307.67665517,273953.37367767375,19662.63201846101,558485424.8308511
2016-06-06 00:00:00+00:00,2.01704982,108264.43936463888,1514786.3337967151,147100.05687666556,2058156.4654577724,15666336.460107977,219196187.68361524,-543370.1316610572,-38835.617512026685,560257067.2087549
2016-06-07 00:00:00+00:00,2.05148378,274033.3039680018,3983463.300085895,127109.1128372484,1847711.4962376228,15813260.65123873,229868204.1444759,2135751.803848272,146924.1911307534,572531715.0320214
2016-06-08 00:00:00+00:00,2.02682037,504342.77218604786,7314821.254640943,175088.9174645971,2539431.921212609,16142514.50596018,234125707.2045214,4775389.333428334,329253.85472145077,578424143.0695871
2016-06-09 00:00:00+00:00,2.0190475,86413.1274202096,1251193.4274664412,101496.25146880645,1469585.0797381517,16127431.381911583,233512392.72754997,-218391.65227171057,-15083.12404859686,579902604.4675012
2016-06-10 00:00:00+00:00,1.91422529,74946.22432810921,1045460.7793280709,107772.68006743497,1503372.732965239,16094604.926172258,224511352.77247882,-457911.95363716816,-32826.45573932576,589507236.8615705
2016-06-11 00:00:00+00:00,1.93154547,100692.90841090723,1432817.843922945,103941.21070319776,1479039.8228120317,16091356.623879967,228973254.09984314,-46221.97888908675,-3248.3022922905366,596190594.277406
2016-06-12 00:00:00+00:00,2.05182102,343782.99583092134,5422887.98694125,297370.9179446024,4690776.4436976025,16137768.701766286,254559745.7993109,732111.5432436476,46412.07788631896,622411492.6515464
2016-06-13 00:00:00+00:00,2.19355442,294408.8388959724,5203094.538511623,250838.5607349919,4433075.957578551,16181338.979927266,285973195.6010121,770018.5809330717,43570.278160980524,652538471.1454965
2016-06-14 00:00:00+00:00,2.25782327,417634.9791983463,7825432.739711063,348102.5725604059,6522569.717030618,16250871.386565207,304500598.2050764,1302863.0226804446,69532.40663794044,672415242.265831
2016-06-15 00:00:00+00:00,2.22990544,128769.64568250153,2370562.7999771964,187380.5127132682,3449549.5465907734,16192260.51953444,298088654.6025798,-1078986.746613577,-58610.86703076666,669172815.0260015
2016-06-16 00:00:00+00:00,2.21327176,549392.6499597919,11388286.82774133,277299.39560618583,5748102.117044482,16464353.773888046,341287389.30920357,5640184.710696848,272093.2543536061,759448530.9880843
2016-06-17 00:00:00+00:00,1.89446565,1396816.430106458,21587124.140112832,726364.9193651543,11225619.449624872,17134805.28462935,264810150.29853565,10361504.69048796,670451.5107413037,661767099.441925
2016-06-18 00:00:00+00:00,1.45994489,1879345.895815356,21160657.086968128,834832.7148126854,9399870.903205741,18179318.46563202,204691603.06391084,11760786.183762386,1044513.1810026705,625902227.5086497
2016-06-19 00:00:00+00:00,1.56813499,389281.8554550299,4795350.386127818,526728.2444166269,6488477.320103318,18041872.076670423,222247959.9728602,-1693126.9339755,-137446.388961597,637779966.0207411
2016-06-20 00:00:00+00:00,1.4985522,672863.5083266471,7867892.678684942,478758.5741426562,5598194.92919508,18235977.010854416,213235980.6065088,2269697.7494898625,194104.93418399093,633763648.601174
2016-06-21 00:00:00+00:00,1.63878909,464040.25890165276,6056067.856379045,497652.7112019387,6494735.166046626,18202364.558554128,237554291.4618441,-438667.30966758076,-33612.45230028592,647069259.9446124
2016-06-22 00:00:00+00:00,1.66046578,497364.68580356234,6578222.40619755,539555.9510038907,7136250.6177064,18160173.2933538,240189266.0830217,-558028.2115088506,-42191.26520032837,647466086.7363219
2016-06-23 00:00:00+00:00,1.75574723,214893.06534361857,2965140.109740443,311299.9055252019,4295382.145325228,18063766.453172218,249247682.1326862,-1330242.0355847846,-96406.8401815833,639063923.2085596
2016-06-24 00:00:00+00:00,1.80489235,218584.72480238474,3144255.21071535,321825.42639337404,4629332.057822807,17960525.75158123,258355091.97932938,-1485076.8471074565,-103240.70159098931,648338687.9153856
2016-06-25 00:00:00+00:00,1.79332239,445714.8497015721,6395542.27639369,156875.46936772772,2250999.03479134,18249365.131915074,261859317.22188276,4144543.24160235,288839.38033384434,651157860.9971415
2016-06-26 00:00:00+00:00,1.73318988,134256.24155739354,1859561.2452271369,169910.80641107267,2353406.791983306,18213710.567061394,252275126.3509219,-493845.54675616906,-35654.56485367913,650618876.5560902
2016-06-27 00:00:00+00:00,1.75563804,88713.34813588361,1248126.6723595343,167771.29282663905,2360409.451714403,18134652.622370638,255140225.31633222,-1112282.7793548687,-79057.94469075544,652683581.3062682
2016-06-28 00:00:00+00:00,1.57175854,384255.9322487901,4683327.944280611,447516.5829644783,5454351.495007045,18071391.971654948,220254908.0181869,-771023.5507264333,-63260.650715688185,631811603.2709442
2016-06-29 00:00:00+00:00,1.62520194,205558.70636341727,2613129.8117188625,261969.12331493155,3330237.56568032,18014981.554703437,229012364.3555818,-717107.7539614574,-56410.416951514286,637568797.8330941
2016-06-30 00:00:00+00:00,1.59845681,281315.1175741527,3504279.431012563,202651.6753703612,2524386.5448269118,18093644.996907227,225388484.42082813,979892.8861856512,78663.44220379152,635454422.0622175
2016-07-01 00:00:00+00:00,1.5762053,204830.73115898727,2514609.8723315867,203930.68510515918,2503560.4332181145,18094545.042961054,222138159.36174783,11049.439113472123,900.0460538280895,635354455.8796941
2016-07-02 00:00:00+00:00,1.55565722,110803.36365247189,1341995.57572103,78820.72726308253,954637.691270223,18126527.679350443,219539544.17096257,387357.8844508069,31982.636389389358,635341875.9187393
2016-07-03 00:00:00+00:00,1.51727898,117184.11046657205,1383738.5347254637,125904.85452646315,1486715.2058722894,18117806.935290553,213939479.68935046,-102976.67114682565,-8720.744059891105,635350817.660604
2016-07-04 00:00:00+00:00,1.45830154,594696.658393022,6790582.103656396,139285.8044063721,1590443.930273804,18573217.789277203,212079483.7959666,5200138.173382592,455410.8539866499,639482739.0908546
2016-07-05 00:00:00+00:00,1.33796587,406739.28761466633,4278769.188535983,549467.6967313011,5780227.094996147,18430489.380160566,193882942.93365705,-1501457.906460164,-142728.4091166348,642377413.9296817
2016-07-06 00:00:00+00:00,1.34206433,178660.0036345907,1886479.5951986967,210889.32615737265,2226790.56614583,18398260.057637785,194268115.30173397,-340310.97094713314,-32229.322522781935,643066599.0598431
2016-07-07 00:00:00+00:00,1.32983519,144162.72406745146,1457954.5628829412,231355.05066103273,2339752.900336754,18311067.731044203,185184519.24676117,-881798.3374538128,-87192.32659358127,621823522.9042437
2016-07-08 00:00:00+00:00,1.52118921,198991.02591439974,2258490.391722435,156867.8447936595,1780404.511252127,18353190.912164945,208303390.27651864,478085.88047030824,42123.18112074025,610302491.141487
2016-07-09 00:00:00+00:00,1.46976975,95306.17148906917,1043886.0217014364,151905.52703879375,1663817.2934391063,18296591.556615222,200402092.24983627,-619931.27173767,-56599.35554972458,609818334.7105992
2016-07-10 00:00:00+00:00,1.45715749,38800.920229755946,425318.04912739963,223725.79220828417,2452380.4311356647,18111666.684636693,198531856.85137162,-2027062.382008265,-184924.87197852822,615818360.4592191
2016-07-11 00:00:00+00:00,1.41755146,96308.03994630699,1017639.2709750588,256076.77597334958,2705836.2288387073,17951897.94860965,189688798.06116644,-1688196.9578636484,-159768.73602704259,610449120.6734475
2016-07-12 00:00:00+00:00,1.41423473,151830.274762395,1602317.7772611564,170676.31752950625,1801206.6313057358,17933051.90584254,189253743.4595715,-198888.85404457944,-18846.04276711124,611355953.561494
2016-07-13 00:00:00+00:00,1.39680883,324834.33166533965,3393632.800482268,125822.9676022215,1314506.8371308423,18132063.269905657,189430607.09656304,2079125.9633514257,199011.36406311815,613001815.6087594
2016-07-14 00:00:00+00:00,1.53342748,317731.9283011541,3665472.998416785,159940.08421478127,1845127.9453984227,18289855.113992028,210998530.8173054,1820345.0530183625,157791.84408637285,616836814.0043596
2016-07-15 00:00:00+00:00,1.55367209,1049132.296023919,12582774.03402466,1313507.0277307397,15753553.850812398,18025480.382285208,216188699.33241308,-3170779.8167877384,-264374.73170682066,633169511.3756518
2016-07-16 00:00:00+00:00,1.5241321,177846.6838145854,2084125.8653145025,224786.16119290012,2634193.917246701,17978540.904906895,210684513.85686362,-550068.0519321987,-46939.47737831471,630897867.8409617
2016-07-17 00:00:00+00:00,1.47360367,135166.47128455134,1521526.971240859,258621.16377054597,2911218.087377557,17855086.2124209,200989157.9461112,-1389691.116136698,-123454.69248599463,627049263.8936157
2016-07-18 00:00:00+00:00,1.45245902,1239821.8111471494,13740544.678469671,246093.37374595038,2727373.3746487824,18848814.649822097,208895324.71802545,11013171.30382089,993728.437401199,626591313.0602759
2016-07-19 00:00:00+00:00,1.48504629,239347.1554328466,2794527.658928642,294702.56392112176,3440836.6564683267,18793459.241333824,219425384.6964587,-646308.9975396846,-55355.40848827516,645879854.977
2016-07-20 00:00:00+00:00,1.58086761,1125491.7117666954,14072596.948638767,809995.4554806765,10127786.33199877,19108955.49761984,238929017.4383996,3944810.616639998,315496.2562860189,650005006.817962
2016-07-21 00:00:00+00:00,1.59622328,302961.4950215896,3861423.4988902486,259986.9047600822,3313686.9204212935,19151930.08788135,244102680.06229022,547736.5784689551,42974.59026150743,656477499.9946835
2016-07-22 00:00:00+00:00,1.80928548,470222.6677040143,6970995.982367225,670334.3894436212,9937628.822682504,18951818.366141744,280958487.8883108,-2966632.8403152786,-200111.72173960687,673914855.526005
2016-07-23 00:00:00+00:00,1.72251768,363221.92539088574,5246543.337137438,279898.18592688924,4042977.19877795,19035142.10560574,274952284.00145495,1203566.1383594885,83323.73946399649,689968684.9696548
2016-07-24 00:00:00+00:00,1.53565124,2988990.2977460613,38021841.24703432,1318768.8796235304,16775571.677293934,20705363.52372827,263385279.45540193,21246269.569740385,1670221.418122531,681826745.1174719
2016-07-25 00:00:00+00:00,1.62387863,1327271.258126399,18369825.685347743,711979.3033955353,9854003.554189645,21320655.478459135,295084160.2563734,8515822.131158099,615291.9547308637,701808348.9024738
2016-07-26 00:00:00+00:00,1.41274779,3101807.7046944313,37107809.397011176,1417821.4163360777,16961801.596138142,23004641.766817488,275211084.3743234,20146007.800873034,1683986.2883583535,697549158.3760556
2016-07-27 00:00:00+00:00,1.50275066,1909456.7795780813,24940491.721887045,1188334.6926769302,15521509.511249049,23725763.85371864,309895580.41730976,9418982.210637996,721122.0869011511,716260367.9710258
2016-07-28 00:00:00+00:00,1.49895319,1100283.1590135598,14180672.882546235,658609.6062680604,8488294.406108271,24167437.406464137,311474843.0556102,5692378.476437964,441673.5527454994,708822426.678315
2016-07-29 00:00:00+00:00,1.47844414,581217.1094640834,7484921.387554394,532788.6136251584,6861258.597231361,24215865.902303062,311852231.5652823,623662.790323033,48428.49583892501,718365234.5765047
2016-07-30 00:00:00+00:00,1.4460724,334914.8866915281,4192719.307128388,514135.5123851095,6436339.425075557,24036645.27660948,300909009.22734714,-2243620.117947169,-179220.62569358142,714231938.6316819
2016-07-31 00:00:00+00:00,1.39696176,511489.9309746366,6110318.018360768,512135.97566857695,6118035.743178006,24035999.23191554,287136833.59558034,-7717.724817237817,-646.0446939403773,705796898.6933976
2016-08-01 00:00:00+00:00,1.31202406,673872.868977358,7417338.515591016,813662.7350236457,8956009.688223248,23896209.365869254,263026280.2760861,-1538671.1726322323,-139789.8660462877,692679099.7652485
2016-08-02 00:00:00+00:00,1.03821217,1695627.685402318,14168845.731188022,1149107.504763146,9602064.830450287,24442729.546508424,204246054.23416248,4566780.9007377345,546520.180639172,664793105.6309891
2016-08-03 00:00:00+00:00,1.28194042,1925385.611129415,20297462.26590631,3364600.015169668,35469695.760172494,23003515.142468173,242503619.99618605,-15172233.494266182,-1439214.404040253,679503181.1627138
2016-08-04 00:00:00+00:00,1.37067625,692191.1121353541,7794398.457429549,1134181.9500128827,12771423.79703972,22561524.304590642,254053406.86110026,-4977025.339610171,-441990.8378775286,679093649.4874185
2016-08-05 00:00:00+00:00,1.35538289,800320.6069709774,8936823.047727609,1245008.0988408646,13902449.812506272,22116836.812720757,246968846.29627058,-4965626.7647786625,-444687.4918698872,681293806.9012403
2016-08-06 00:00:00+00:00,1.33732917,333484.94823657733,3665036.76069613,575207.6252972087,6321595.930774809,21875114.135660123,240409943.1640386,-2656559.170078679,-241722.67706063134,679840311.719962
2016-08-07 00:00:00+00:00,1.33727286,468145.4577264641,5160508.140448451,541385.0658671667,5967850.362348611,21801874.527519424,240328618.2091683,-807342.2219001595,-73239.60814070265,682188294.2489367
2016-08-08 00:00:00+00:00,1.36170784,189914.87537455288,2147915.3798521743,571875.1291992043,6467841.884103976,21419914.273694772,242256764.84185952,-4319926.504251802,-381960.25382465136,687631407.7678951
2016-08-09 00:00:00+00:00,1.44237233,461539.3801681886,5680199.234430488,656883.1493287846,8084309.426788156,21224570.504534174,261212356.54265946,-2404110.1923576677,-195343.76916059596,706692050.8507439
2016-08-10 00:00:00+00:00,1.40555632,467340.01569309493,5652289.331233682,907195.3963592103,10972163.067570247,20784715.12386806,251382761.16402888,-5319873.736336565,-439855.3806661153,712959012.7026556
2016-08-11 00:00:00+00:00,1.36139959,466302.65321173734,5458240.708232076,710063.4265647406,8311548.462372911,20540954.350515056,240439277.90178812,-2853307.7541408353,-243760.77335300326,712671362.7971594
2016-08-12 00:00:00+00:00,1.37023345,272656.8781395897,3216815.8511809404,467269.3291832173,5512860.68828867,20346341.89947143,240046888.17077467,-2296044.8371077296,-194612.45104362763,713959411.6018572
2016-08-13 00:00:00+00:00,1.34810231,146736.33792709533,1698783.800959771,884355.970391065,10238292.831928376,19608722.26700746,227012478.40369093,-8539509.030968605,-737619.6324639696,712366504.1651703
2016-08-14 00:00:00+00:00,1.31342481,176866.58741321284,1991621.9196457155,276339.62800655013,3111746.9300110065,19509249.22641412,219685634.03318605,-1120125.010365291,-99473.0405933373,711457751.5505098
2016-08-15 00:00:00+00:00,1.30295006,141026.3648006347,1573782.7701240657,375553.30336428346,4190984.564718962,19274722.287850473,215096133.8217013,-2617201.7945948965,-234526.93856364876,711015575.2512647
2016-08-16 00:00:00+00:00,1.30228173,96007.22120444043,1071434.588667184,169141.0262866824,1887603.2828855084,19201588.48276823,214288527.46380487,-816168.6942183243,-73133.80508224198,711683329.3646908
2016-08-17 00:00:00+00:00,1.27532003,327889.3976508509,3541644.323708561,443758.1748005477,4793182.189303865,19085719.705618534,206151316.09492922,-1251537.865595304,-115868.77714969683,703648309.5287133
2016-08-18 00:00:00+00:00,1.27147291,133019.7581573575,1430893.0798098682,186225.3630299973,2003225.5879572497,19032514.100745894,204732688.5523639,-572332.5081473815,-53205.604872639815,703157389.5955353
2016-08-19 00:00:00+00:00,1.26922712,122929.74108400519,1321041.5793783525,165187.8399309557,1775160.372357455,18990256.001898944,204075251.11766437,-454118.7929791026,-42258.09884695051,703971626.0552026
2016-08-20 00:00:00+00:00,1.32847972,97237.10580901918,1098337.516156582,171727.054744839,1939735.5073050417,18915766.052963123,213662215.9817868,-841397.9911484597,-74489.94893581982,707216117.1432747
2016-08-21 00:00:00+00:00,1.31014572,133107.79351740095,1485689.3322541697,125379.48419169665,1399429.4190053015,18923494.36228883,211215534.11783576,86259.9132488682,7728.309325704293,708890090.7563618
2016-08-22 00:00:00+00:00,1.30046418,621835.0364143292,6894373.999120255,654336.9785958971,7254727.681327712,18890992.42010726,209447135.22379473,-360353.6822074568,-32501.942181567894,709681917.7184784
2016-08-23 00:00:00+00:00,1.29050651,177786.71737971428,1955440.814159758,180749.9438248636,1988032.7536355678,18888029.19366211,207745683.86593196,-32591.939475809922,-2963.2264451493393,709733890.1600546
2016-08-24 00:00:00+00:00,1.29220364,81018.66946863156,892508.7892894498,111104.81884293024,1223940.457182161,18857943.044287812,207740759.325395,-331431.66789271124,-30086.14937429868,710190886.2635449
2016-08-25 00:00:00+00:00,1.32563714,173564.9637057663,1968037.3932599248,169720.6738093869,1924447.3385330292,18861787.334184192,213872097.137757,43590.05472689564,3844.2898963793996,712841176.7849042
2016-08-26 00:00:00+00:00,1.32003879,106361.01194344256,1199695.8676293013,162242.4155586995,1830008.4960029174,18805905.930568933,212120656.05323428,-630312.6283736161,-55881.40361525693,712384108.8445339
2016-08-27 00:00:00+00:00,1.30782477,141030.36541755244,1577254.2380599556,81056.21616499465,906515.8420941745,18865880.079821493,210992074.1007023,670738.3959657812,59974.14925255779,713214207.3052229
2016-08-28 00:00:00+00:00,1.28920071,137882.60833473597,1517689.6083013513,156112.9020070206,1718352.5316160826,18847649.786149208,207458232.52703565,-200662.92331473134,-18230.293672284635,712360993.547782
2016-08-29 00:00:00+00:00,1.2816991,319369.6255961937,3499698.825470295,348000.13268397213,3813436.087868586,18819019.27906143,206221551.42176133,-313737.2623982914,-28630.507087778416,713615625.7622173
2016-08-30 00:00:00+00:00,1.31421311,130042.7551134653,1463109.2372480645,227849.59698047294,2563532.660889156,18721212.437194422,210632101.9225029,-1100423.4236410917,-97806.84186700764,714831962.5223392
2016-08-31 00:00:00+00:00,1.35351779,176476.26602382178,2048276.3369829128,226488.30092630466,2628742.311037982,18671200.40229194,216707769.42842874,-580465.974055069,-50012.034902482876,716282873.8011773
2016-09-01 00:00:00+00:00,1.4069544,380030.19628499553,4604351.288640849,374904.9106743567,4542254.603596643,18676325.687902577,226277714.4784629,62096.68504420668,5125.28561063885,719584223.2921683
2016-09-02 00:00:00+00:00,1.40823201,200398.08914553252,2433210.702074224,195391.70323131498,2372423.736304599,18681332.073816795,226826599.6189357,60786.96576962527,5006.385914217535,720761392.2150186
2016-09-03 00:00:00+00:00,1.3792781,166634.17013779338,1982023.9086179673,201813.8107223929,2400466.8286841493,18646152.433232196,221785963.20214912,-418442.92006618204,-35179.64058459952,721167536.5703859
2016-09-04 00:00:00+00:00,1.36379393,214049.8104427865,2515450.5903007328,406184.6485855386,4773362.853917078,18454017.595089443,216866202.109511,-2257912.2636163454,-192134.83814275212,720876384.0354285
2016-09-05 00:00:00+00:00,1.35789725,117940.08499594376,1388633.2918744641,146688.47887555155,1727118.5221548765,18425269.201209836,216940171.15070888,-338485.23028041236,-28748.393879607785,725662920.6348827
2016-09-06 00:00:00+00:00,1.35132229,106034.92459090077,1243353.5319696814,162570.28573537906,1906280.7819429482,18368733.840065356,215389695.29116967,-662927.2499732669,-56535.36114447829,726485311.2144076
2016-09-07 00:00:00+00:00,1.33630618,108555.78090075652,1257770.8019445604,162825.38796558668,1886560.2282907336,18314464.233000528,212198725.6172509,-628789.4263461733,-54269.607064830154,726189567.3551288
2016-09-08 00:00:00+00:00,1.31033871,267267.85611267196,3049527.338714356,350363.33211762435,3997647.062074425,18231368.756995574,208019992.58452824,-948119.7233600691,-83095.47600495239,729583636.195926
2016-09-09 00:00:00+00:00,1.33684985,86106.06830775726,1004025.3959204763,110431.95566367195,1287673.3334426547,18207042.86963966,212300175.64376676,-283647.9375221784,-24325.88735591469,731085417.2906865
2016-09-10 00:00:00+00:00,1.38921683,107055.76924968096,1300865.0720090352,161032.70996072816,1956754.2161161667,18153065.928928614,220583062.28919894,-655889.1441071315,-53976.940711047195,733426925.626763
2016-09-11 00:00:00+00:00,1.33253298,276692.87363272766,3226949.0267700767,318667.320374248,3716478.801366124,18111091.482187092,211221808.010001,-489529.7745960471,-41974.44674152037,734156098.5444001
2016-09-12 00:00:00+00:00,1.35600695,222169.90375355762,2644471.573475862,469393.2930412111,5587152.891800408,17863868.092899438,212632271.8148027,-2942681.3183245463,-247223.38928765347,736598582.1340623
2016-09-13 00:00:00+00:00,1.35850955,172547.81382029978,2059512.3719235973,176554.906746337,2107340.6073205164,17859860.9999734,213173403.2202128,-47828.23539691907,-4007.092926037207,737558471.5259362
2016-09-14 00:00:00+00:00,1.3558153,135784.9106291054,1618818.5640767994,122562.60478555964,1461183.1238775628,17873083.30581695,213081696.0345355,157635.44019923662,13222.305843545764,738445750.0793049
2016-09-15 00:00:00+00:00,1.36144815,128860.46798219254,1543367.140159282,99603.92165071226,1192960.2779958283,17902339.85214843,214417062.83100015,350406.8621634536,29256.546331480276,739072936.2856022
2016-09-16 00:00:00+00:00,1.41376052,1258999.2456874026,15871642.092978155,340497.3169566513,4292497.844511922,18820841.78087918,237265959.9740957,11579144.248466233,918501.9287307513,749421294.1154534
2016-09-17 00:00:00+00:00,1.43385201,166416.3234029667,2131754.7472822815,98636.4651540313,1263510.384964442,18888621.639128115,241958889.76184633,868244.3623178394,67779.85824893539,751118747.4738595
2016-09-18 00:00:00+00:00,1.39464272,92360.05067541069,1149275.69857653,169740.960988348,2112159.533157031,18811240.72881518,234076331.39655814,-962883.8345805011,-77380.91031293731,750414901.8501278
2016-09-19 00:00:00+00:00,1.45507705,205423.12951258992,2676209.0019968115,202191.74454947346,2634111.203429881,18814472.113778293,245110955.8995669,42097.79856693046,3231.384963116463,753331290.8051685
2016-09-20 00:00:00+00:00,1.58188417,314005.71213902376,4621072.803274251,363802.9843647137,5353915.587540218,18764674.841552604,276150799.8752321,-732842.7842659671,-49797.27222568996,783068175.7038758
2016-09-21 00:00:00+00:00,1.47419981,296880.4713924942,4088162.224863437,339192.19403470785,4670811.482200779,18722363.11891039,257814390.09410354,-582649.257337342,-42311.72264221363,786546927.4204285
2016-09-22 00:00:00+00:00,1.40669176,323633.10823481,4270881.624820554,411183.7285979357,5426258.890731245,18634812.498547263,245917603.16524225,-1155377.2659106916,-87550.6203631257,790247490.9913181
2016-09-23 00:00:00+00:00,1.4416445,123785.36487096158,1654951.805555994,205463.17219589537,2746945.47417072,18553134.691222332,248046639.34197304,-1091993.6686147263,-81677.80732493379,781505492.4184154
2016-09-24 00:00:00+00:00,1.39926668,248307.66878626784,3218408.676274644,230251.3627512674,2984374.132401832,18571190.997257333,240708160.67212826,234034.5438728123,18056.306035000423,780901819.5195844
2016-09-25 00:00:00+00:00,1.40945375,412700.54694735724,5400413.605926359,443011.6159328785,5797050.612032536,18540879.92827181,242617609.71995533,-396637.00610617734,-30311.06898552127,783004334.3649848
2016-09-26 00:00:00+00:00,1.38573874,106522.0458333842,1370102.0969494106,117651.70830029619,1513253.4396123795,18529750.265804898,238332351.73532176,-143151.3426629689,-11129.662466911992,783105906.3896208
2016-09-27 00:00:00+00:00,1.4020752,102824.10455527343,1346799.4908983414,145430.3046743965,1904859.3823774054,18487144.065685775,242146297.53907207,-558059.891479064,-42606.20011912307,788509136.2917567
2016-09-28 00:00:00+00:00,1.40005345,211318.6265424998,2814413.551040268,177165.48567176276,2359550.3709700624,18521297.206556514,246672953.9835115,454863.1800702056,34153.14087073706,803234294.1618642
2016-09-29 00:00:00+00:00,1.37875637,74501.1247183545,978460.225399881,180164.74215784305,2366192.9251041794,18415633.589117024,241861650.55371052,-1387732.6997042983,-105663.61743948855,804629049.5410475
2016-09-30 00:00:00+00:00,1.38414255,283692.4831450367,3761676.58339321,291656.91004852485,3867282.4769680556,18407669.162213534,244080129.56391022,-105605.89357484551,-7964.426903488173,809502614.4557245
2016-10-01 00:00:00+00:00,1.37912542,59220.907552245524,783931.723404066,162094.36692203747,2145710.3862040634,18304795.702843744,242308175.18678045,-1361778.6627999973,-102873.45936979195,811413134.5429709
2016-10-02 00:00:00+00:00,1.38227991,161047.51952042192,2139350.637194459,105605.20198058982,1402856.4787647992,18360238.020383574,243896876.05817914,736494.1584296597,55442.317539832104,812752231.9332967
2016-10-03 00:00:00+00:00,1.40210881,93067.25599752243,1256457.3346458813,101322.85999075953,1367912.3687290903,18351982.416390337,247761499.6296843,-111455.034083209,-8255.603993237106,814640944.6513423
2016-10-04 00:00:00+00:00,1.3833614,127714.1332502437,1701923.148150132,153671.77245740787,2047835.584884442,18326024.777183175,244213267.45997703,-345912.4367343099,-25957.639207164175,815317864.4709786
2016-10-05 00:00:00+00:00,1.35803587,199695.6842581021,2612711.8594358847,190725.7689795852,2495354.2704955754,18334994.69246169,239885294.7356327,117357.58894030936,8969.915278516884,815723435.0134927
2016-10-06 00:00:00+00:00,1.33754572,189637.7251103271,2441202.999477635,232755.87218791925,2996262.12559032,18291876.545384098,235470995.35542005,-555059.1261126851,-43118.14707759215,815211292.4856937
2016-10-07 00:00:00+00:00,1.32677321,113990.77842063461,1446594.0660132843,127794.95356598063,1621775.2352985605,18278072.37023875,231956930.15955758,-175181.1692852762,-13804.175145346017,810526839.8488206
2016-10-08 00:00:00+00:00,1.28211003,269122.58519434056,3295003.3504830888,153497.86076457077,1879351.6164613725,18393697.094668522,225203297.26669988,1415651.7340217163,115624.72442976979,809566444.0553883
2016-10-09 00:00:00+00:00,1.2667223,208827.1895689444,2523840.987006937,136672.9702673861,1651800.4426953564,18465851.31397008,223174350.53535965,872040.5443115807,72154.2193015583,809164483.0833676
2016-10-10 00:00:00+00:00,1.2366807,205544.51082552812,2419926.544715393,162187.58513792712,1909474.6968538954,18509208.23965768,217913502.82680264,510451.84786149743,43356.925687601004,807702867.9000698
2016-10-11 00:00:00+00:00,1.23497556,266169.00004867866,3131419.262791407,188096.2157659772,2212910.2682882985,18587281.023940384,218675239.53067142,918508.9945031083,78072.78428270147,808545596.4056252
2016-10-12 00:00:00+00:00,1.2411892,197706.96287188408,2338202.628583768,98998.18715381928,1170812.6920046199,18685989.799658448,220991865.09462205,1167389.936579148,98708.7757180648,809041171.9973809
2016-10-13 00:00:00+00:00,1.25416414,462403.01795512176,5529678.562770697,298371.7203624546,3568098.9131982876,18850021.097251117,225419284.7403978,1961579.6495724097,164031.29759266716,809937253.7837946
2016-10-14 00:00:00+00:00,1.2447116,90344.4617294214,1075549.1800224197,128891.99862358776,1534456.9083408993,18811473.56035695,223950251.90865034,-458907.7283184796,-38547.53689416636,812745881.8057121
2016-10-15 00:00:00+00:00,1.24960496,56103.57293095665,670837.1123209867,93398.8514509976,1116781.2053358944,18774178.28183691,224485088.68207127,-445944.0930149077,-37295.27852004094,813416859.6585191
2016-10-16 00:00:00+00:00,1.25002324,105240.1668164706,1258862.0075206507,136403.0165133952,1631625.836353685,18743015.432139985,224200234.0707195,-372763.82883303426,-31162.849696924604,813778225.3102331
2016-10-17 00:00:00+00:00,1.25012532,88208.84447238782,1055764.6997039223,133911.72681367013,1602778.8924332224,18697312.5497987,223786658.66763327,-547014.1927293001,-45702.88234128231,814506033.0055761
2016-10-18 00:00:00+00:00,1.30730549,219819.87263319336,2758755.4834708143,213233.136286308,2676091.460434698,18703899.286145587,234735304.41009063,82664.02303611627,6586.736346885358,817018912.4082792
2016-10-19 00:00:00+00:00,1.25238111,64832.119156354755,777499.5620230387,145263.96186885948,1742078.898553159,18623467.443433084,223342040.47378048,-964579.3365301203,-80431.84271250473,815277495.2926811
2016-10-20 00:00:00+00:00,1.25938079,135657.53092657562,1636365.1155075093,130797.81016606746,1577744.8718005284,18628327.16419359,224703667.5630345,58620.24370698095,4859.720760508164,815806950.3467692
2016-10-21 00:00:00+00:00,1.26124104,114276.30917472982,1380675.9149403826,110835.76222656238,1339107.541409057,18631767.711141758,225107313.29451993,41568.37353132549,3440.546948167437,816224058.4154689
2016-10-22 00:00:00+00:00,1.25695605,162209.5781767321,1953629.2206992272,73870.34023452416,889683.9314132519,18720106.949083965,225462320.79155445,1063945.2892859753,88339.23794220792,816731026.9755913
2016-10-23 00:00:00+00:00,1.24785332,99700.31266413408,1192118.0799549934,87079.68416802515,1041213.0425626785,18732727.577580076,223987494.47591484,150905.037392315,12620.628496108926,817056941.6712152
2016-10-24 00:00:00+00:00,1.2447803,154582.01878975832,1843613.660946821,86430.57729101885,1030809.3675109881,18800879.019078813,224227615.01468137,812804.293435833,68151.44149873947,817287039.3034697
2016-10-25 00:00:00+00:00,1.19909151,279136.3875763556,3161678.5187258697,207548.14796759846,2350824.0066014174,18872467.25868757,213761720.0151947,810854.5121244523,71588.23960875714,806058358.3251659
2016-10-26 00:00:00+00:00,1.21459513,265358.480312282,3050043.1055739126,174346.7920049974,2003950.3930983234,18963478.946994856,217967136.95341668,1046092.7124755892,91011.68830728458,807833093.3351787
2016-10-27 00:00:00+00:00,1.21287765,216554.9929755818,2485162.763721015,157946.5987134645,1812578.8760887515,19022087.341256972,218295512.3739451,672583.8876322634,58608.394262117276,807997021.5396267
2016-10-28 00:00:00+00:00,1.17555376,197032.2739240801,2192646.246276959,185225.43545847034,2061255.4871569944,19033894.17972258,211816043.09800857,131390.75911996444,11806.838465609762,808698895.3053114
2016-10-29 00:00:00+00:00,1.10381714,401723.0617943703,4183278.6829717443,317733.7770735459,3308669.735202361,19117883.464443408,199081013.67922232,874608.9477693834,83989.28472082439,806197837.8366168
2016-10-30 00:00:00+00:00,1.21118769,727878.281368698,8178810.602130223,1377191.458913393,15474823.735836284,18468570.286898714,207522249.71548694,-7296013.133706061,-649313.1775446951,793105722.3387603
2016-10-31 00:00:00+00:00,1.18520079,190558.72981039068,2091759.8669085715,171517.24395484503,1882741.807444335,18487611.77275426,202938193.27885297,209018.0594642365,19041.485855545645,792072302.4170809
2016-11-01 00:00:00+00:00,1.16660267,368922.98680223385,3987025.4469462195,244501.29133818872,2642374.9813647205,18612033.468218304,201144015.7210387,1344650.465581499,124421.69546404513,792535924.9752753
2016-11-02 00:00:00+00:00,1.1690831,114071.62480913717,1235861.2144500918,102662.57505038007,1112254.6460841992,18623442.51797706,201767883.34538582,123606.56836589263,11409.0497587571,793109926.3301816
2016-11-03 00:00:00+00:00,1.17235566,193370.40016091123,2101715.990239823,165345.0258940053,1797112.09439952,18651467.892243966,202720210.9420771,304603.8958403028,28025.374266905943,793724377.0076368
2016-11-04 00:00:00+00:00,1.20191474,75188.3119541496,838665.3250184624,151808.82965992592,1693305.756685333,18574847.37453819,207187526.9660933,-854640.4316668707,-76620.51770577632,794815997.7740302
2016-11-05 00:00:00+00:00,1.201394,78948.78557507797,879688.6656906692,76436.66082669215,851697.2576929556,18577359.499286577,206998657.05270725,27991.407997713657,2512.124748385817,794619672.5176246
2016-11-06 00:00:00+00:00,1.1861356,77858.31628569934,855967.6036697914,76708.60961214204,843327.8278149316,18578509.205960132,204250525.3572221,12639.775854859734,1149.7066735573026,794402082.2047242
2016-11-07 00:00:00+00:00,1.17931621,156258.99313639,1705674.2109698623,109644.73086993485,1196847.5289632834,18625123.46822659,203306012.26999295,508826.6820065789,46614.262266455145,793618317.2741414
2016-11-08 00:00:00+00:00,1.17352113,128616.46264192337,1396621.6585372107,124657.78271506567,1353635.1075817668,18629082.148153447,202289653.0688704,42986.550955443876,3958.6799268577015,793680845.3501955
2016-11-09 00:00:00+00:00,1.15304062,168407.3070839646,1794795.2584551896,235228.44634313078,2506939.3214626843,18562261.00889428,197826677.60586336,-712144.0630074947,-66821.13925916617,793087163.3978554
2016-11-10 00:00:00+00:00,1.13933413,138577.40695189973,1457891.3451295057,127122.07614363485,1337376.5512081448,18573716.339702543,195403138.8965285,120514.79392136098,11455.330808264873,792594597.3207517
2016-11-11 00:00:00+00:00,1.12280897,222335.029118002,2287839.556292843,246774.33096852218,2539321.303112529,18549277.037852023,190873070.77153817,-251481.74681968614,-24439.30185052016,786936741.2776206
2016-11-12 00:00:00+00:00,1.08179005,289867.40525836754,2866327.843533338,155270.49326161842,1535378.3490014703,18683873.949848775,184753812.10862377,1330949.4945318678,134596.9119967491,785186971.2269746
2016-11-13 00:00:00+00:00,1.10718267,256085.30579112325,2590988.341538349,228382.94370407207,2310704.797041781,18711576.311935823,189317680.3966055,280283.5444965684,27702.36208705118,785262772.6352458
2016-11-14 00:00:00+00:00,1.09702172,83772.75648814117,839170.8318455329,93927.54601784605,940893.6774828859,18701421.52240612,187336409.99234742,-101722.84563735302,-10154.789529704882,784958954.9263154
2016-11-15 00:00:00+00:00,1.12240225,194759.79848545042,1994676.8366883781,154734.6098299322,1584749.7505232682,18741446.711061638,191944795.23646125,409927.0861651099,40025.18865551823,784689954.4155322
2016-11-16 00:00:00+00:00,1.1004251,144754.13477424474,1450810.270046777,138396.50734939027,1387090.4241474182,18747804.338486493,187901417.2377422,63719.84589935886,6357.627424854465,783523475.5375454
2016-11-17 00:00:00+00:00,1.09275226,612418.5055158964,6086660.924149742,160882.26176865867,1598965.0333495794,19199340.58223373,190817023.06314635,4487695.890800163,451536.2437472377,782703819.2528429
2016-11-18 00:00:00+00:00,1.04848239,205608.4288995135,1957021.106330156,236271.56384708532,2248878.8020473663,19168677.44728616,182451208.56941012,-291857.6957172102,-30663.134947571816,781535716.9609878
2016-11-19 00:00:00+00:00,1.06837705,167696.77358903206,1626740.1822950954,97425.7657694935,945077.2640176226,19238948.455105696,186627147.60226908,681662.9182774728,70271.00781953856,781965118.6183649
2016-11-20 00:00:00+00:00,1.0586793,152316.28077865537,1460547.4469162275,98269.39022261708,942296.5573078176,19292995.345661733,184998838.93844157,518250.88960840984,54046.8905560383,780345631.6590993
2016-11-21 00:00:00+00:00,1.05517831,85555.91473283329,815994.941938073,71404.11963237279,681021.3020982066,19307147.140762195,184143135.6243808,134973.63983986643,14151.795100460498,779029673.3002357
2016-11-22 00:00:00+00:00,1.09004016,195166.5812055664,1923133.8302090317,72961.24334718836,718946.0127259206,19429352.478620574,191453090.07249865,1204187.817483111,122205.33785837806,779401175.3950266
2016-11-23 00:00:00+00:00,1.08363233,104574.46350458289,1023799.6932305861,144100.810400853,1410768.5618316056,19389826.1317243,189829308.03736588,-386968.8686010195,-39526.3468962701,779239911.622982
2016-11-24 00:00:00+00:00,1.02428709,195179.04659416075,1799820.3996581305,127275.46663518314,1173655.6009637956,19457729.71168328,179427143.83137786,626164.7986943349,67903.57995897761,776785641.5579134
2016-11-25 00:00:00+00:00,1.04486502,99603.93559050444,937657.8111865667,137672.36520145112,1296028.7949503155,19419661.282072335,182814032.2345695,-358370.9837637488,-38068.42961094668,777683417.4752253
2016-11-26 00:00:00+00:00,1.0348159,104125.51540832945,969622.6587486545,43702.125790427825,406956.6545309321,19480084.671690237,181399644.6302559,562666.0042177225,60423.38961790162,777035969.0612717
2016-11-27 00:00:00+00:00,0.99242615,142208.80468020416,1267740.0869449733,82284.94418266662,733540.5323670306,19540008.532187775,174192112.58548412,534199.5545779427,59923.86049753755,775949856.9527566
2016-11-28 00:00:00+00:00,0.96813845,132954.5064082311,1154270.4003130093,123220.53135086222,1069763.0030864158,19549742.507245142,169724891.01322463,84507.39722659346,9733.97505736888,774935842.1734059
2016-11-29 00:00:00+00:00,0.91354977,226257.82180000204,1848150.0486172135,181249.64226606066,1480508.0880782595,19594750.686779086,160056519.35615253,367641.960538954,45008.17953394138,772975689.3178978
2016-11-30 00:00:00+00:00,0.9601684,266770.9311532705,2296155.3815085245,176419.46025974912,1518480.635528891,19685102.157672606,169433952.41558683,777674.7459796334,90351.47089352136,775246305.7731974
2016-12-01 00:00:00+00:00,0.94496302,132074.66298909916,1116874.4842036804,229560.36649362964,1941251.3355596578,19587616.454168074,165640468.26933122,-824376.8513559774,-97485.70350453048,774201118.988364
2016-12-02 00:00:00+00:00,0.86097289,326938.37764162594,2508023.704036184,431172.34582549223,3307627.7910713484,19483382.48598421,149461759.31421256,-799604.0870351642,-104233.9681838663,771115786.4030788
2016-12-03 00:00:00+00:00,0.91748554,612338.5406538292,4833789.286484378,385905.61631051946,3046331.906079534,19709815.410327516,155588923.84480202,1787457.3804048444,226432.92434330977,744905812.4340523
2016-12-04 00:00:00+00:00,0.87109415,189957.14877830126,1419833.136151187,194124.5651106157,1450982.4550308012,19705647.993995205,147289702.81534126,-31149.31887961435,-4167.416332314431,743151537.4797468
2016-12-05 00:00:00+00:00,0.7892518,469454.11499958276,3161078.2507189694,289684.0122052278,1950592.8296395228,19885418.096789557,133898842.59992214,1210485.4210794466,179770.10279435496,739169279.4303336
2016-12-06 00:00:00+00:00,0.90980056,870612.0333133026,6770752.768396553,937319.6828025323,7289538.387214082,19818710.44730033,154130179.1067928,-518785.61881752964,-66707.64948922978,740872974.0172293
2016-12-07 00:00:00+00:00,0.96911038,348237.48373079963,2909659.7585915485,553850.0662325681,4627632.938147255,19613097.86479856,163875068.78104317,-1717973.1795557067,-205612.58250176848,747532320.6161644
2016-12-08 00:00:00+00:00,0.96135161,337617.2391000009,2790159.8399290503,433652.15868588275,3583818.2934299293,19517062.945212677,161294267.34329236,-793658.453500879,-96034.91958588187,745623295.1134331
2016-12-09 00:00:00+00:00,0.98756528,269228.36568769807,2286401.9533494855,222558.9164505574,1890065.1125972748,19563732.39444982,166143548.23727462,396336.8407522107,46669.44923714068,746142384.1315621
2016-12-10 00:00:00+00:00,0.94650017,123767.28487165605,1005220.9077386076,151160.24865708026,1227702.8014845126,19536339.430664394,158671468.6093869,-222481.89374590502,-27392.963785424203,744816397.3306884
2016-12-11 00:00:00+00:00,0.95822121,61738.9186611554,508092.70139828935,52747.95393454495,434099.7702750162,19545330.395391006,160852181.01762038,73992.93112327316,8990.964726610451,745746819.2049533
2016-12-12 00:00:00+00:00,0.9899655,162383.63367217378,1383697.7260448635,224844.99742628448,1915941.3089585665,19482869.031636894,166016740.51912463,-532243.582913703,-62461.3637541107,747668181.2338951
2016-12-13 00:00:00+00:00,0.98115873,112494.33155225428,946084.195637004,139480.75373338372,1173041.6535822956,19455882.609455764,163625160.44130468,-226957.45794529165,-26986.42218112944,744815794.3363796
2016-12-14 00:00:00+00:00,0.96213726,119932.96776876476,988234.9038087955,126667.83997700135,1043729.5347905246,19449147.73724753,160258909.62974727,-55494.63098172913,-6734.872208236586,744445202.7273184
2016-12-15 00:00:00+00:00,0.91351739,180722.77322704694,1411905.3417969076,157832.02502221716,1233070.2725302181,19472038.485452358,152126235.46200982,178835.06926668948,22890.748204829782,743670802.9407849
2016-12-16 00:00:00+00:00,0.92013666,229667.457487624,1804613.9301868505,111579.16848816299,876734.2312014538,19590126.77445182,153929581.74410573,927879.6989853967,118088.288999461,742841115.8631126
2016-12-17 00:00:00+00:00,0.91921881,165275.00118144476,1288616.8064429516,146085.85194314513,1139002.7690322471,19609315.923690118,152889994.74503338,149614.03741070442,19189.149238299637,738109318.5498095
2016-12-18 00:00:00+00:00,0.93210238,133861.76629467265,1058497.499687361,81460.1102187461,644137.0480723375,19661717.579766046,155472914.13985807,414360.45161502354,52401.656075926556,738502140.2552142
2016-12-19 00:00:00+00:00,0.90094953,217274.1333360107,1653437.65082945,165930.853588188,1262719.6645294712,19713060.859513868,150014714.3047444,390717.9862999788,51343.2797478227,735560522.5374092
2016-12-20 00:00:00+00:00,0.90275535,152010.7632602978,1159171.7510127656,148126.3688282975,1129550.9518088582,19716945.25394587,150353339.88490427,29620.799203907372,3884.394432000292,735868755.9876397
2016-12-21 00:00:00+00:00,0.93367416,428606.2407755349,3381671.382075908,254455.2423118468,2007632.9485734361,19891096.252409555,156939270.95690176,1374038.433502472,174150.99846368807,736430942.8846081
2016-12-22 00:00:00+00:00,0.89926144,448080.52119140205,3398194.313540235,320744.828393851,2432494.1620924394,20018431.945207108,151817627.37938073,965700.1514477958,127335.69279755105,735216858.3634876
2016-12-23 00:00:00+00:00,0.85815166,1186093.8264359036,8500710.28298515,377292.75668163865,2704049.4983916353,20827233.014961373,149268354.5857555,5796660.784593515,808801.0697542649,728343746.190705
2016-12-24 00:00:00+00:00,0.86712761,106082.72422871165,768321.1885269013,140396.6261524783,1016845.1409493862,20792919.113037605,150596060.2164562,-248523.95242248487,-34313.90192376665,728677535.6309059
2016-12-25 00:00:00+00:00,0.86172008,130621.52186510358,940651.0605858333,130329.65773398486,938549.2453522967,20793210.977168724,149739152.31869698,2101.8152335365303,291.8641311187239,729335173.222975
2016-12-26 00:00:00+00:00,0.86689544,133432.1037215217,966092.7271268881,156584.4191454012,1133723.1767961753,20770058.661744844,150382119.86066473,-167630.4496692872,-23152.31542387948,729169957.0175766
2016-12-27 00:00:00+00:00,0.85789039,281019.56079253746,2010341.3466647037,186593.20621004046,1334839.5976168602,20864485.016327344,149259136.22132063,675501.7490478435,94426.354582497,728272223.9087408
2016-12-28 00:00:00+00:00,0.91186237,315779.7025244921,2407383.15794395,441419.4409040676,3365212.2638853453,20738845.27794777,158104990.40375954,-957829.1059413953,-125639.73837957549,730434021.3555212
2016-12-29 00:00:00+00:00,0.98861146,573289.0564523177,4759786.330290738,477657.9354007259,3965799.9501066175,20834476.39899936,172980200.55781448,793986.38018412,95631.12105159182,733999197.0396924
2016-12-30 00:00:00+00:00,0.97695096,205948.75705214945,1692679.6178623904,257195.1816111675,2113870.692676246,20783229.97444034,170816033.43774438,-421191.0748138558,-51246.42455901805,735542285.7527244
2016-12-31 00:00:00+00:00,0.96602604,165404.7142509117,1344133.2290122344,186651.16652973826,1516788.903525067,20761983.522161514,168718721.70468044,-172655.67451283266,-21246.45227882656,735741937.9463981
2017-01-01 00:00:00+00:00,0.97391776,157895.7016855269,1291247.6431841578,238221.30730438093,1948138.5391077208,20681657.91654266,169131532.75738946,-656890.895923563,-80325.60561885402,734673673.7977308
2017-01-02 00:00:00+00:00,0.99632089,170177.79820655618,1425827.2773015369,197932.28097164418,1658367.0034638494,20653903.43377757,173047831.20350304,-232539.72616231255,-27754.482765088003,736035521.4746011
2017-01-03 00:00:00+00:00,1.14563138,403342.11770044616,3911398.8001770335,405569.3352803579,3932997.179784565,20651676.21619766,200269047.11615428,-21598.379607531708,-2227.217579911754,741146431.2109511
2017-01-04 00:00:00+00:00,1.29313453,685399.8888700991,7586439.410734967,563172.6815828042,6233551.385093418,20773903.423484955,229938700.3206789,1352888.0256415494,122227.2072872949,749721288.5284494
2017-01-05 00:00:00+00:00,1.19730663,651348.0291808397,6659899.363006659,599047.76414285,6125139.931478722,20826203.688522946,212943640.6731373,534759.4315279368,52300.26503798971,748266830.1541712
2017-01-06 00:00:00+00:00,1.183551,353077.4008683898,3575202.4501743484,549009.7328823905,5559180.330837238,20630271.356508944,208898662.22008827,-1983977.8806628892,-195932.33201400068,749905374.2990752
2017-01-07 00:00:00+00:00,1.14188793,233040.71996842467,2312869.6256429986,347265.8196745711,3446524.5664283885,20516046.256802797,203616519.17345256,-1133654.9407853899,-114225.09970614643,762108111.8496763
2017-01-08 00:00:00+00:00,1.19809376,187712.60054042484,1959456.2506298013,177424.19961486413,1852059.7762080757,20526334.65772836,214266142.13329425,107396.47442172561,10288.400925560709,764238599.1068857
2017-01-09 00:00:00+00:00,1.18148158,324597.6468635507,3364398.962397191,254695.1131457577,2639871.1841414887,20596237.19144615,213476467.5768478,724527.7782557025,69902.533717793,769785932.7677859
2017-01-10 00:00:00+00:00,1.20980089,209619.7555339845,2227915.736737683,212653.0315057033,2260154.5076209214,20593203.915474433,218872133.28848338,-32238.77088323841,-3033.275971718773,771156609.8195275
2017-01-11 00:00:00+00:00,1.13812353,187246.6947533467,1867305.426620959,342792.41295032616,3418474.9362321985,20437658.197277453,203813210.74570486,-1551169.5096112394,-155545.71819697946,769409715.3661928
2017-01-12 00:00:00+00:00,1.12206561,182613.35316092972,1784545.915904877,272819.5491521236,2666064.6868982413,20347452.00128626,198840674.7888066,-881518.7709933643,-90206.1959911939,765030691.6589111
2017-01-13 00:00:00+00:00,1.12634919,187072.75012821276,1835749.583120408,107246.08751303061,1052408.5432453873,20427278.66390144,200453397.22562903,783341.0398750207,79826.66261518215,765576544.3564489
2017-01-14 00:00:00+00:00,1.12183707,195177.3193070153,1908613.2284085061,108411.34830696239,1060140.2571924417,20514044.634901494,200604133.1920693,848472.9712160644,86765.97100005292,766254612.7008499
2017-01-15 00:00:00+00:00,1.13156195,74997.43148123927,740327.957791278,113693.40852781817,1122310.5550059334,20475348.657854915,202119896.07572135,-381982.59721465537,-38695.977046578904,767132404.7772232
2017-01-16 00:00:00+00:00,1.10169099,116854.9467119281,1123400.837117515,132646.77608595966,1275217.7249565744,20459556.828480884,196690717.12325424,-151816.88783905935,-15791.829374031557,767634504.2947762
2017-01-17 00:00:00+00:00,1.16593611,322164.635430039,3300138.312031786,158884.25531410662,1627552.9976802445,20622837.20859682,211252905.1614806,1672585.3143515415,163280.3801159324,773144457.1542902
2017-01-18 00:00:00+00:00,1.16545675,131760.19875362588,1349456.022306797,172833.5868854464,1770119.7090296012,20581763.820464995,210793436.86447138,-420663.6867228041,-41073.38813182051,773598122.1812183
2017-01-19 00:00:00+00:00,1.18519114,165943.50383973602,1731549.8689790873,127450.5637946886,1329892.4147891786,20620256.760510042,215163607.28684676,401657.4541899087,38492.94004504742,775321586.2302245
2017-01-20 00:00:00+00:00,1.21473823,264321.40715862106,2815243.2853872897,955540.2023640636,10177299.551862285,19929037.965304602,212260864.22271168,-7362056.266474995,-691218.7952054425,772413521.5025504
2017-01-21 00:00:00+00:00,1.24823964,140339.19221262806,1538421.21572774,197718.70274033086,2167424.8101773034,19871658.454776898,217836375.40257588,-629003.5944495634,-57379.510527702805,773931764.4751344
2017-01-22 00:00:00+00:00,1.21851884,201288.27813886548,2154608.437479215,212670.9274373305,2276449.3735044124,19860275.80547843,212586238.08996594,-121840.93602519715,-11382.649298465025,774421796.4532261
2017-01-23 00:00:00+00:00,1.22825002,156756.29054740295,1692781.528938186,155635.7014103285,1680680.4988223016,19861396.39461551,214479462.59966934,12101.030115884263,1120.5891370744503,775361518.3864771
2017-01-24 00:00:00+00:00,1.20010777,130760.7344596426,1379001.8174166174,153924.42866023196,1623285.9791162,19838232.70041492,209213867.30700317,-244284.1616995826,-23163.694200589365,775241537.0498003
2017-01-25 00:00:00+00:00,1.1967031,129482.35223050287,1361293.2446870008,176831.39559176087,1859090.293935293,19790883.65705366,208068480.1027798,-497797.04924829234,-47349.043361257995,775316724.8763415
2017-01-26 00:00:00+00:00,1.20868548,156349.38408417685,1661347.4503047091,221480.17293397768,2353418.420879781,19725752.86820386,209603187.27758816,-692070.9705750716,-65130.788849800825,776125291.2102538
2017-01-27 00:00:00+00:00,1.19871227,137038.86008517706,1443584.273673279,198267.18470694346,2088571.0057024735,19664524.543582093,207148529.7143673,-644986.7320291945,-61228.3246217664,776099380.1328913
2017-01-28 00:00:00+00:00,1.20177483,71903.68458529968,759581.4340894548,93549.09139031584,988240.7752237641,19642879.136777077,207504892.00117227,-228659.3411343093,-21645.40680501616,776584981.3492559
2017-01-29 00:00:00+00:00,1.1919209,135617.39400125475,1423303.908020444,67428.79543079289,707664.8888332911,19711067.73534754,206867562.56882703,715639.0191871529,68188.59857046187,778173900.9098486
2017-01-30 00:00:00+00:00,1.20124104,150027.2454500533,1587189.358392801,130965.65975338909,1385530.3471839998,19730129.321044203,208731762.04851803,201659.01120880106,19061.585696664217,778622887.9067042
2017-01-31 00:00:00+00:00,1.21447012,298483.3825971633,3195590.0169025506,234678.49090615226,2512489.0913393963,19793934.212735213,211915645.06895813,683100.9255631543,63804.89169101106,779645310.2317424
2017-02-01 00:00:00+00:00,1.21591765,271166.11832164373,2907662.9189299736,245837.44856729836,2636068.3912420543,19819262.88248956,212518201.4649224,271594.5276879193,25328.669754345377,780209635.4960799
2017-02-02 00:00:00+00:00,1.21648824,252903.62220607206,2738430.953694563,243730.0882927816,2639100.271896529,19828436.41640285,214701567.2310065,99330.68179803388,9173.533913290448,787770750.7218468
2017-02-03 00:00:00+00:00,1.2307662,457485.40691310033,5012716.444592628,297881.0602971443,3263914.5793951335,19988040.763018806,219011096.55942342,1748801.8651974942,159604.34661595605,788197016.7600348
2017-02-04 00:00:00+00:00,1.2760707,313230.37408199016,3569566.115490044,384471.51623561943,4381428.527638617,19916799.620865177,226971388.91465187,-811862.412148573,-71241.14215362928,790946390.6571217
2017-02-05 00:00:00+00:00,1.25885716,77432.24589609144,870681.4762790612,72267.00050978933,812601.2355958171,19921964.86625148,224011141.3454816,58080.240683244076,5165.245386302107,791381943.3863918
2017-02-06 00:00:00+00:00,1.26823287,319685.9067276076,3624170.468544085,326369.9349272046,3699945.024450723,19915280.83805188,225772769.98178187,-75774.55590663804,-6684.028199597029,792257328.3534802
2017-02-07 00:00:00+00:00,1.28330989,208279.42836314547,2392485.029937877,206730.75326095658,2374695.5534286355,19916829.51315407,228782635.0808138,17789.476509241387,1548.6751021888922,793607453.3319019
2017-02-08 00:00:00+00:00,1.27126823,174397.71469453906,1988272.2843513836,200150.07385924459,2281869.606274603,19891077.153989363,226774057.67869532,-293597.32192321937,-25752.35916470553,795403638.1241326
2017-02-09 00:00:00+00:00,1.22692943,235370.104931103,2586692.695311687,267071.9317665819,2935092.437612745,19859375.327153888,218252445.8968102,-348399.742301058,-31701.82683547889,794726193.2560874
2017-02-10 00:00:00+00:00,1.26200152,218361.80640315832,2483509.3542961236,298049.50706053205,3389826.9620537166,19779687.626496512,224961681.9654084,-906317.607757593,-79687.70065737373,799883912.7690485
2017-02-11 00:00:00+00:00,1.2723906,195946.83848569967,2250160.611390764,213504.39374003027,2451783.2533835047,19762130.07124218,226938934.18819007,-201622.6419927408,-17557.555254330597,801322006.2098271
2017-02-12 00:00:00+00:00,1.26910897,159927.37622952546,1833365.5343275631,156345.1860178323,1792300.2444043532,19765712.261453874,226588946.0324624,41065.28992320993,3582.190211693145,802294829.1157671
2017-02-13 00:00:00+00:00,1.26103663,122033.37133110524,1389821.2481653725,242207.07497056047,2758462.997279054,19645538.55781442,223740331.2018726,-1368641.7491136815,-120173.70363945523,802443443.2656672
2017-02-14 00:00:00+00:00,1.43600208,801930.7156484813,10500558.222244006,806676.3374348852,10562697.852135334,19640792.936028015,257178439.14860594,-62139.62989132851,-4745.621786403935,810468300.6656716
2017-02-15 00:00:00+00:00,1.41715642,520700.243277922,6776531.73826373,419833.29283952236,5463822.363125492,19741659.886466414,256923223.1282884,1312709.375138238,100866.95043839962,816530615.0339521
2017-02-16 00:00:00+00:00,1.37417255,317264.88200298697,4088110.922387662,431243.37357510807,5556778.722528465,19627681.394894294,252912135.07474497,-1468667.8001408032,-113978.4915721211,834034453.1215556
2017-02-17 00:00:00+00:00,1.36097742,188644.06250331746,2409783.1326294085,225956.62367170013,2886422.467817551,19590368.83372591,250251928.16058737,-476639.3351881425,-37312.56116838267,835144122.7198448
2017-02-18 00:00:00+00:00,1.37186589,137080.02708008137,1768095.91633018,181573.9805091578,2341991.173247345,19545874.880296834,252108073.60553202,-573895.2569171649,-44493.95342907641,836854253.5079405
2017-02-19 00:00:00+00:00,1.36734337,229305.50762549814,2949192.9182293885,168175.39253044984,2162973.2395319864,19607004.995391883,252173795.9061042,786219.6786974021,61130.1150950483,837516723.1512132
2017-02-20 00:00:00+00:00,1.34847794,246128.89968058578,3126413.8490870497,244024.8561362884,3099687.565076882,19609109.03893618,249081640.3402784,26726.2840101677,2104.0435442973685,839026076.4292448
2017-02-21 00:00:00+00:00,1.35758958,349485.3888704924,4477866.791558978,318678.67864687694,4083148.3024303033,19639915.749159794,251641211.11446023,394718.48912867485,30806.71022361546,840934607.1546049
2017-02-22 00:00:00+00:00,1.3491682,238670.36947537595,3039433.8835592815,231529.25854258012,2948492.8313327106,19647056.86009259,250202530.22628456,90941.0522265709,7141.110932795826,841332593.8679192
2017-02-23 00:00:00+00:00,1.40085224,129148.37565403538,1711634.7668763418,206018.4700995306,2730412.784947887,19570186.7656471,259368434.89287964,-1018778.0180715453,-76870.09444549521,843570869.4322674
2017-02-24 00:00:00+00:00,1.39114835,623227.2488583776,8212620.635816638,389340.4934002892,5130561.566933107,19804073.521105185,260969563.14183474,3082059.0688835317,233886.75545808836,844901118.1461762
2017-02-25 00:00:00+00:00,1.43737813,183653.85692809947,2506035.8795334906,289697.9201426479,3953052.7387068723,19698029.457890637,268788085.3866716,-1447016.8591733817,-106044.06321454846,847059287.6980387
2017-02-26 00:00:00+00:00,1.53464353,211350.06750416904,3098182.1843384337,301896.6360967355,4425504.995157662,19607482.88929807,287426234.9887618,-1327322.8108192282,-90546.56859256644,852608207.4604973
2017-02-27 00:00:00+00:00,1.59037004,1157648.279210473,18125116.581444476,736808.3785048658,11536092.609832944,20028322.790003676,313580292.0617634,6589023.971611531,420839.90070560714,879043682.3938318
2017-02-28 00:00:00+00:00,1.58064141,720853.951509243,11283782.618224634,787098.7344879654,12320735.70582075,19962078.007024955,312473488.3782131,-1036953.0875961166,-66244.78297872236,884572537.486182
2017-03-01 00:00:00+00:00,1.71998987,491862.8682588174,8492349.029185267,898397.2892513433,15511444.021388676,19555543.586032428,337639842.9422519,-7019094.992203409,-406534.42099252593,896950944.2731708
2017-03-02 00:00:00+00:00,1.77821423,837737.9584395087,16088389.898681717,943288.4837379641,18115441.422257677,19449993.060733974,373528582.2199463,-2027051.5235759597,-105550.52529845538,965349978.0899602
2017-03-03 00:00:00+00:00,1.78849247,840458.1609780572,16518955.694154264,882805.7693570935,17351285.3674751,19407645.452354938,381451510.9023682,-832329.6733208355,-42347.608379036305,982643339.6495352
2017-03-04 00:00:00+00:00,1.70236634,419795.74044851575,7843558.021719619,353498.75438970566,6604850.224775719,19473942.438413747,363855519.9824832,1238707.7969438992,66296.98605881009,981725298.1749836
2017-03-05 00:00:00+00:00,1.75244901,151688.66272124808,2927759.750667888,243222.38863558942,4694462.375327099,19382408.712499406,374102026.35731596,-1766702.624659211,-91533.72591434134,985503245.0435109
2017-03-06 00:00:00+00:00,1.78081222,351203.0087437807,6929598.421036899,423141.234313084,8349013.978153955,19310470.486930102,381015545.0386076,-1419415.557117056,-71938.22556930326,991754149.6832289
2017-03-07 00:00:00+00:00,1.70608514,424208.88494119764,7991716.931521473,475064.9821185525,8949800.430738388,19259614.38975275,362833952.5102053,-958083.4992169142,-50856.09717735485,988741270.4935986
2017-03-08 00:00:00+00:00,1.53991894,429013.10359534336,7155003.395628921,479530.98790098686,7997531.585834978,19209096.505447105,320365857.2934309,-842528.1902060574,-50517.8843056435,970099694.1383495
2017-03-09 00:00:00+00:00,1.62290661,324202.5557979105,5770185.458751794,388561.3427369403,6915648.78066953,19144737.718508076,340739717.25198925,-1145463.321917736,-64358.786939029815,982661870.9215826
2017-03-10 00:00:00+00:00,1.73271439,688033.3656384306,13197128.083592499,527822.6138870508,10124134.945723804,19304948.470259454,370287097.0112975,3072993.137868695,160210.7517513798,992241994.8607373
2017-03-11 00:00:00+00:00,1.91264436,798309.3232716183,17120714.37952463,611657.3605402337,13117736.0237095,19491600.432990838,418021077.90179545,4002978.3558151294,186651.96273138467,1005408205.7049848
2017-03-12 00:00:00+00:00,2.04783657,553437.3366219793,12850604.001640357,527449.1536410863,12247168.298787268,19517588.615971733,453190968.10790735,603435.7028530892,25988.182980892947,1017033256.2910055
2017-03-13 00:00:00+00:00,2.35728953,1582691.4523722362,45177632.69537585,1206398.249038476,34436413.299454875,19893881.81930549,567867150.8402247,10741219.395920977,376293.20333376015,1086532405.8719897
2017-03-14 00:00:00+00:00,2.16039483,352435.6216267215,10071286.863543833,562944.2298329746,16086832.541659214,19683373.21109924,562476906.0975763,-6015545.678115381,-210508.6082062531,1187275485.3053644
2017-03-15 00:00:00+00:00,2.51336325,588109.1689889827,20391610.374569267,591280.2758081105,20501562.70675779,19680202.10428011,682375032.6714872,-109952.3321885243,-3171.1068191278027,1238709728.4986649
2017-03-16 00:00:00+00:00,2.89800111,1868985.3462649654,83686789.39910045,1254405.465867101,56167998.4558948,20294781.984677974,908731119.3993821,27518790.943205655,614579.8803978644,1387828169.87892
2017-03-17 00:00:00+00:00,2.68608473,1432078.5352552314,63194540.05424644,1248328.048749816,55086027.01282709,20478532.471183393,903673512.760066,8108513.04141935,183750.48650541552,1476148941.2396042
2017-03-18 00:00:00+00:00,2.04941514,811357.7169485731,26159524.022261098,736307.1949820156,23739770.2055955,20553582.993149947,662681745.4512765,2419753.8166655973,75050.52196655748,1414089279.5043597
2017-03-19 00:00:00+00:00,2.64483203,382991.9229289384,16600132.919512657,475065.93998814456,20590924.44829351,20461508.976090744,886869274.2638595,-3990791.5287808534,-92074.01705920615,1473543248.8010805
2017-03-20 00:00:00+00:00,2.50860178,429375.6306865421,17959513.09360411,614733.3831956673,25712479.832461473,20276151.223581616,848091455.040335,-7752966.738857362,-185357.75250912522,1499744963.332788
2017-03-21 00:00:00+00:00,2.49841214,285390.64522183384,12100254.86329527,472797.83673224895,20046117.204815775,20088744.032071203,851741031.9550538,-7945862.341520505,-187407.1915104151,1526976629.6608121
2017-03-22 00:00:00+00:00,2.42604888,430019.71476234426,17716409.37075515,483635.90112476144,19925346.016881365,20035127.845708784,825428496.7054602,-2208936.6461262144,-53616.18636241718,1528554371.8863764
2017-03-23 00:00:00+00:00,2.50083212,371314.8861757329,16018886.499633024,390419.2878536541,16843069.02911336,20016023.444030862,863510781.9840459,-824182.5294803362,-19104.40167792124,1553273662.3710546
2017-03-24 00:00:00+00:00,2.94763375,678784.377661638,35967482.06470142,551645.4150445197,29230632.325452656,20143162.406647984,1067347535.4328634,6736849.7392487675,127138.96261711826,1619183087.595676
2017-03-25 00:00:00+00:00,2.77425635,406503.2295892239,20389108.975296542,480455.662725436,24098364.175375104,20069209.97351177,1006617609.4382671,-3709255.200078562,-73952.43313621206,1629028518.8001194
2017-03-26 00:00:00+00:00,2.74740042,337200.56069999456,16988380.989392098,355733.2068767296,17922067.61594574,20050677.327335034,1010166011.6609027,-933686.6265536435,-18532.646176735056,1652848304.2213833
2017-03-27 00:00:00+00:00,2.48838542,323474.6346581424,15798748.796670958,371831.75033657247,18160547.346787486,20002320.211656604,976928632.158461,-2361798.550116528,-48357.11567843007,1769723567.561958
2017-03-28 00:00:00+00:00,2.52115135,413364.69768717815,20757762.4938846,498982.4859785476,25057195.233418874,19916702.423365235,1000148732.7746111,-4299432.739534274,-85617.78829136945,1796536336.9634988
2017-03-29 00:00:00+00:00,2.46167164,308586.7629071573,16341192.06647547,444154.02836302423,23520147.83849509,19781135.157909367,1047508732.5944734,-7178955.772019621,-135567.26545586693,1940951214.5513463
2017-03-30 00:00:00+00:00,2.16940543,300891.7220032398,15597620.746981908,342910.90855689946,17775810.73372275,19739115.97135571,1023236009.126847,-2178189.9867408425,-42019.186553659674,2156721236.5558276
2017-03-31 00:00:00+00:00,2.07544007,592028.7630834457,29620333.76769513,529217.7061715708,26477776.199475765,19801927.028267585,990728363.8821397,3142557.5682193637,62811.05691187491,2176575334.426996
2017-04-01 00:00:00+00:00,2.08338307,339695.15743006865,17217656.31683187,336225.1124111712,17041774.967826735,19805397.07328648,1003848634.7761223,175881.3490051329,3470.04501889745,2197357276.864996
2017-04-02 00:00:00+00:00,2.00517202,538988.7029348454,26299556.106378336,495463.02399751433,24175752.71486472,19848922.752223812,968513541.6212661,2123803.391513616,43525.67893733102,2198612001.895051
2017-04-03 00:00:00+00:00,1.86644721,671003.6527785677,29607501.170504104,635662.2303975483,28048089.086560328,19884264.174604833,877377302.4727558,1559412.0839437768,35341.42238101945,2136694899.6126454
2017-04-04 00:00:00+00:00,1.86606516,426596.89303153206,18869861.107860558,685696.329486269,30330728.401763808,19625164.738150094,868089146.6323977,-11460867.29390325,-259099.43645473698,2143160828.6197743
2017-04-05 00:00:00+00:00,1.89363704,416173.90966872877,18871802.50582812,463828.333941293,21032737.78434337,19577510.31387753,887760860.582057,-2160935.2785152495,-47654.42427256424,2165819981.861309
2017-04-06 00:00:00+00:00,1.76458071,379448.22851631907,16403859.06848584,544028.1698872846,23518785.324184176,19412930.372506566,839236949.8787379,-7114926.255698336,-164579.94137096556,2216562814.6240907
2017-04-07 00:00:00+00:00,1.73256843,298383.3671065873,12660818.422527617,395136.1022111272,16766170.617323093,19316177.637402024,819612098.542595,-4105352.1947954763,-96752.7351045399,2216531875.5665774
2017-04-08 00:00:00+00:00,1.81232706,289951.55299610057,12939006.839579903,300804.81088783435,13423330.43309677,19305324.37951029,861494693.1846633,-484323.5935168676,-10853.257891733781,2229279149.3912086
2017-04-09 00:00:00+00:00,1.78109503,224764.9375206961,9871917.302119773,232846.3012736478,10226859.472092977,19297243.01575734,847555625.4984108,-354942.1699732039,-8081.3637529517,2233348142.9679527
2017-04-10 00:00:00+00:00,1.77963484,205287.30137809907,9029918.98184703,406826.420184208,17894967.6345162,19095703.896951232,839957746.6958025,-8865048.652669169,-201539.11880610895,2239264816.0987287
2017-04-11 00:00:00+00:00,1.76871893,178330.96841187062,7830300.155833242,321936.91414140497,14135865.97672575,18952097.951221697,832164019.86936,-6305565.820892507,-143605.94572953435,2249848897.2033668
2017-04-12 00:00:00+00:00,1.85309355,303762.6107099027,14081476.36835044,277295.81492043147,12854559.208979165,18978564.747011166,879786390.9770981,1226917.1593712755,26466.795789471245,2267889164.109965
2017-04-13 00:00:00+00:00,1.97512687,373700.28511407925,18652612.668692958,391721.08159070404,19552090.004005175,18960543.95053454,946383228.4449222,-899477.3353122175,-18020.79647662479,2291774458.7791414
2017-04-14 00:00:00+00:00,1.86248554,318732.3748207467,15015410.137768712,587112.6138043156,27658742.53686067,18692163.711550973,880583607.6398026,-12643332.399091959,-268380.23898356885,2294653531.4358206
2017-04-15 00:00:00+00:00,1.93487998,278114.88853391114,13661962.990035644,380156.98892796796,18674623.068602853,18590121.611156918,913210920.7483855,-5012660.078567209,-102042.10039405682,2303973231.8976803
2017-04-16 00:00:00+00:00,1.89630007,87745.63162703408,4227332.872600939,126176.44699178517,6078819.335229767,18551690.795792166,893767255.2945454,-1851486.4626288274,-38430.81536475109,2306335214.7762675
2017-04-17 00:00:00+00:00,1.88252772,133259.37597051097,6376339.11634634,288491.29615037015,13804044.35314277,18396458.875612307,880253711.8047241,-7427705.23679643,-155231.92017985918,2308167903.924206
2017-04-18 00:00:00+00:00,1.95413453,282593.05955250387,14098918.86600642,482474.57804493024,24071256.1785415,18196577.35711988,907849853.7908257,-9972337.31253508,-199881.51849242637,2319268033.4158096
2017-04-19 00:00:00+00:00,1.87550613,273492.2906856791,13145925.894317675,447382.86658377154,21504306.376434296,18022686.78122179,866294637.5871885,-8358380.482116621,-173890.57589809241,2328896734.2262955
2017-04-20 00:00:00+00:00,1.89339076,308957.5383297024,15245245.870835137,382529.3166963761,18875582.442061953,17949115.002855115,885683750.789113,-3630336.5712268166,-73571.77836667368,2368990852.817036
2017-04-21 00:00:00+00:00,1.86259904,172252.2594422012,8361839.564900145,286675.3379427732,13916410.68078618,17834691.924354542,865769964.6077118,-5554571.115886034,-114423.07850057198,2369905971.9471707
2017-04-22 00:00:00+00:00,1.86314801,204601.66809923112,9946230.61834786,243947.26646921752,11858924.678178191,17795346.325984556,865079058.9144608,-1912694.0598303303,-39345.5983699864,2373333648.684786
2017-04-23 00:00:00+00:00,1.86922549,192617.98548158276,9413393.703864897,179863.55655259866,8790074.64735877,17808100.75491354,870296006.3930442,623319.0565061271,12754.428928984096,2378975923.0257654
2017-04-24 00:00:00+00:00,1.88801393,266354.96811215865,13345784.453506129,270505.8779402215,13553766.862259027,17803949.845085476,892071504.1946998,-207982.40875289775,-4150.909828062868,2415586495.456811
2017-04-25 00:00:00+00:00,1.88818676,215969.88858849078,10862189.010535195,206636.00591353624,10392742.096059551,17813283.72776043,895917741.1898526,469446.914475644,9333.88267495454,2425327711.0493903
2017-04-26 00:00:00+00:00,1.97627098,356344.9467310151,19066887.34604159,370496.9704311101,19824117.227041997,17799131.70406034,952375057.2920296,-757229.881000407,-14152.023700095015,2466004201.1276546
2017-04-27 00:00:00+00:00,2.29803694,421339.06973743386,26706144.532577805,466754.1413346852,29584732.238174114,17753716.632463086,1125301108.8491168,-2878587.705596309,-45415.07159725134,2513005246.7523813
2017-04-28 00:00:00+00:00,2.5515924,558840.4308440447,40957245.33610179,571011.32552462,41849246.5083135,17741545.737782508,1300272495.1853275,-892001.1722117066,-12170.894680575351,2617845546.815664
2017-04-29 00:00:00+00:00,2.40883975,404509.80590655154,28509181.71283225,391886.6908872283,27619525.455769833,17754168.852801833,1251284440.065625,889656.2570624165,12623.115019323246,2667469057.5339684
2017-04-30 00:00:00+00:00,2.56007159,314882.5698642227,25349315.090765104,342276.878467678,27554667.266282734,17726774.54419838,1427076746.9206164,-2205352.17551763,-27394.308603455254,2867853594.9385276
2017-05-01 00:00:00+00:00,2.3561582,468913.735312546,36746734.31657569,1550962.6747800661,121542213.53119703,16644725.604730858,1304374906.317624,-84795479.21462134,-1082048.93946752,3034258697.415957
2017-05-02 00:00:00+00:00,2.27180685,293522.746978355,22794333.04476108,504758.386234266,39198429.70060667,16433489.965474946,1276188803.8217301,-16404096.655845586,-211235.639255911,3119500706.915628
2017-05-03 00:00:00+00:00,2.33560581,452479.6548665382,36721009.35344138,404591.9914208912,32834683.59627395,16481377.628920594,1337547037.8832924,3886325.7571674287,47887.66344564699,3171962110.9798665
2017-05-04 00:00:00+00:00,2.60551357,611161.216327227,58333014.461703345,611136.5419389867,58330659.38515791,16481402.303308833,1573087187.5111074,2355.07654543221,24.674388240207918,3345162623.65166
2017-05-05 00:00:00+00:00,2.35578304,838493.5571996215,76522555.17609236,598460.536870208,54616674.225037225,16721435.323638247,1526030756.2171752,21905880.95105513,240033.02032941347,3538731572.86157
2017-05-06 00:00:00+00:00,2.41495519,279583.6783026085,26705892.627138823,333016.23756961105,31809782.093223184,16668002.764371244,1592131181.7507427,-5103889.466084361,-53432.559267002565,3614269922.0186534
2017-05-07 00:00:00+00:00,1.94535437,284972.39469326026,21839010.83421119,284126.3336065779,21774172.49343664,16668848.825457927,1277426083.620631,64838.340774551034,846.0610866823699,3600873082.21819
2017-05-08 00:00:00+00:00,2.23124645,338763.3589672563,30284333.901410718,581581.4877814206,51991478.714066446,16426030.696643762,1468433303.4378245,-21707144.81265573,-242818.12881416426,3663449488.3373723
2017-05-09 00:00:00+00:00,2.03213949,594451.3136785188,51251682.898512684,538095.1022884924,46392831.367594525,16482386.90803379,1421058458.0825543,4858851.530918159,56356.21139002638,3880572339.2799683
2017-05-10 00:00:00+00:00,2.06378226,322234.94371623616,28372584.858182132,448623.09511688724,39500982.38493075,16355998.756633138,1440135440.6539893,-11128397.52674862,-126388.15140065108,3903556304.0360456
2017-05-11 00:00:00+00:00,2.0574029,325728.2537821511,28742208.04363789,379913.46553234744,33523502.30021262,16301813.544882942,1438469371.1862912,-4781294.256574731,-54185.21175019635,3925405436.9050074
2017-05-12 00:00:00+00:00,1.98227911,341790.4284792769,29217979.785185244,350965.749675122,30002332.78891202,16292638.223687097,1392777370.5807233,-784353.0037267767,-9175.321195845085,3948266505.4962063
2017-05-13 00:00:00+00:00,2.0384694,145837.54002313584,12875015.638400707,254727.8781548321,22488211.294978026,16183747.885555401,1428754263.6923575,-9613195.656577319,-108890.33813169628,3966376688.1312733
2017-05-14 00:00:00+00:00,2.05473122,248876.62482649487,22269480.80489945,240279.0373544326,21500168.66354823,16192345.473027462,1448891099.954749,769312.1413512193,8597.587472062267,3989555120.8761306
2017-05-15 00:00:00+00:00,2.06074936,286883.82072653173,26063797.27180895,399037.00306201424,36253071.10529809,16080192.290691981,1460908011.1067429,-10189273.833489139,-112153.1823354825,4040125648.882045
2017-05-16 00:00:00+00:00,1.99102441,334396.201859115,29513231.234561615,369765.31089342036,32634847.711323112,16044823.181657676,1416088382.718603,-3121616.4767614976,-35369.10903430538,4063528675.968086
2017-05-17 00:00:00+00:00,1.94071806,483787.7887031422,42008288.53213484,585752.0082055893,50862051.38608118,15942858.962155228,1384351227.848589,-8853762.853946343,-101964.21950244706,4102742703.6132827
2017-05-18 00:00:00+00:00,2.10554891,347402.7237508625,33293490.77928416,358122.8748116904,34320861.10799857,15932138.8110944,1526863436.4013956,-1027370.3287144117,-10720.151060827891,4174959736.9524536
2017-05-19 00:00:00+00:00,2.5968212,506731.1868696652,63142859.270149976,651576.11298892,81191724.27576047,15787293.884975145,1967226217.5011597,-18048865.005610496,-144844.92611925473,4402814926.788345
2017-05-20 00:00:00+00:00,2.54396639,213337.8530885861,26586329.17687983,364813.13140341156,45463296.17141127,15635818.60666032,1948547875.6273015,-18876966.994531438,-151475.27831482547,4496147517.667405
2017-05-21 00:00:00+00:00,2.66277701,463751.3552217214,68510805.1669207,546579.4581650139,80747146.81681304,15552990.503717028,2297670702.554998,-12236341.64989233,-82828.10294329253,5093732194.437647
2017-05-22 00:00:00+00:00,2.63355833,817056.563984694,125528369.00238436,831895.6636338291,127808171.96649675,15538151.404067893,2387201681.059244,-2279802.964112386,-14839.09964913514,5357718763.647045
2017-05-23 00:00:00+00:00,2.78103576,321912.370436753,54427788.60422163,501263.9318084737,84751907.10557947,15358799.842696171,2596810771.5731916,-30324118.50135784,-179351.56137172075,5585276165.837238
2017-05-24 00:00:00+00:00,2.9782333,504956.9780056816,96888452.97394343,551074.9499088596,105737323.56415126,15312681.870792994,2938115764.2435627,-8848870.59020783,-46117.97190317797,5920556128.450387
2017-05-25 00:00:00+00:00,2.72686103,521227.6592751147,94181301.26668553,708446.285601645,128010077.49340373,15125463.244466463,2733039556.2783732,-33828776.2267182,-187218.6263265303,6091357223.507871
2017-05-26 00:00:00+00:00,2.44872441,406656.5407604121,66936945.774526246,480204.8069470677,79043221.73984289,15051914.978279807,2477592552.230695,-12106275.965316646,-73548.26618665556,6181229599.63513
2017-05-27 00:00:00+00:00,2.20084862,474994.6606799831,73969042.02754515,482813.6977662379,75186669.7836554,15044095.941193553,2342757628.7858305,-1217627.756110251,-7819.037086254801,6508540812.900422
2017-05-28 00:00:00+00:00,2.40222101,291222.4321228565,50444598.69091643,296016.16755700787,51274953.88863752,15039302.2057594,2605058816.4887614,-830355.1977210939,-4793.735434151371,6634764143.277977
2017-05-29 00:00:00+00:00,2.59217897,276724.0337285573,53651571.239116795,387895.28048821184,75205579.34206934,14928130.958999747,2894283054.5729613,-21554008.102952547,-111171.24675965455,6884280821.264322
2017-05-30 00:00:00+00:00,2.85497762,695754.275887391,158683256.60127074,665019.877683968,151673548.48215204,14958865.35720317,3411723868.9096045,7009708.1191186905,30734.398203422897,7355313446.966857
2017-05-31 00:00:00+00:00,2.70237309,675982.8492625302,154869463.23353845,650182.1308714508,148958450.23575994,14984666.07559425,3433026731.954587,5911012.997778505,25800.718391079456,7808166446.573848
2017-06-01 00:00:00+00:00,2.58211219,566189.2915703405,125120068.52153209,668202.8736233102,147663671.10573742,14882652.49354128,3288862095.2356796,-22543602.58420533,-102013.58205296972,7884729658.929625
2017-06-02 00:00:00+00:00,2.55890678,332079.43431481713,73544660.72489499,647681.9605126185,143440228.81699422,14567049.967343478,3226121936.220929,-69895568.09209923,-315602.5261978014,7975863445.061331
2017-06-03 00:00:00+00:00,2.488726,273281.69113429287,61299102.77265528,286625.2398407302,64292159.351428755,14553706.418637041,3264503896.2404737,-2993056.578773476,-13343.548706437345,8308434581.556125
2017-06-04 00:00:00+00:00,2.66229595,399500.4376122147,98064853.10722624,380961.1803144804,93514045.71766305,14572245.675934775,3577030203.5065002,4550807.389563188,18539.257297734322,8501993692.072345
2017-06-05 00:00:00+00:00,2.61094785,377792.83444544335,93713940.54966286,346339.558556194,85911753.32421161,14603698.951824024,3622541378.7567325,7802187.225451246,31453.275889249344,8763228542.953001
2017-06-06 00:00:00+00:00,2.71681563,350361.3097334791,92637014.27066714,371447.7731548044,98212364.51229389,14582612.4884027,3855704507.4965487,-5575350.241626754,-21086.463421325316,8979444656.81347
2017-06-07 00:00:00+00:00,2.59532406,283411.1769306093,72831535.99093318,271497.3437064913,69769896.77596046,14594526.321626818,3750528756.7555494,3061639.2149727196,11913.833224117989,9138666672.738659
2017-06-08 00:00:00+00:00,2.5744985,279237.11767821776,72147278.23282132,322723.01871088945,83382852.59734581,14551040.420594145,3759593174.8994966,-11235574.364524499,-43485.90103267168,9265227722.123905
2017-06-09 00:00:00+00:00,2.70400914,240059.6690841216,66839570.52066952,328987.3931898818,91599626.67373683,14462112.696488386,4026671390.2537103,-24760056.153067306,-88927.72410576022,9509075127.551569
2017-06-10 00:00:00+00:00,3.14319546,495822.0596246798,171034804.7363834,505159.7016195429,174255842.89773226,14452775.054493522,4985513474.764186,-3221038.1613488495,-9337.641994863108,10137985188.807262
2017-06-11 00:00:00+00:00,3.0453661,372884.2078527021,128282201.81318334,486215.1185576612,167271084.8298339,14339444.143788563,4933154659.821361,-38988883.01665056,-113330.91070495907,10438751716.805101
2017-06-12 00:00:00+00:00,2.87986851,558472.4910775956,217353987.16227132,634547.1706847651,246961774.83110604,14263369.464181393,5551213843.006756,-29607787.668834716,-76074.67960716947,12491680825.285973
2017-06-13 00:00:00+00:00,2.74276157,852576.9318789444,330161729.35973793,525606.9747115722,203542110.09658495,14590339.421348765,5650131401.845208,126619619.26315299,326969.9571673722,13054662355.108854
2017-06-14 00:00:00+00:00,2.40212873,410600.1965325867,140198056.20395613,440364.6791648286,150361038.69689205,14560574.938716523,4971659343.709263,-10162982.492935926,-29764.48263224191,13146794290.374186
2017-06-15 00:00:00+00:00,2.38115654,483078.2955780923,165270426.58652723,522302.6222966173,178689827.26894104,14521350.611998,4968034855.272178,-13419400.682413816,-39224.32671852503,13292766340.96973
2017-06-16 00:00:00+00:00,2.42925179,306482.5239661717,108074850.38085532,319873.70728089445,112796979.76830779,14507959.428683275,5115937849.557542,-4722129.387452468,-13391.18331472273,13433997063.086102
2017-06-17 00:00:00+00:00,2.4689192,278195.8120099785,102386426.93955024,300137.076198767,110461629.8931669,14486018.164494488,5331394566.036145,-8075202.953616664,-21941.264188788482,13799919563.28839
2017-06-18 00:00:00+00:00,2.33834468,254874.97777251835,89342463.48767309,293189.9730956748,102773189.80143747,14447703.169171331,5064417873.238583,-13430726.313764378,-38314.99532315647,13881868259.19991
2017-06-19 00:00:00+00:00,2.35658689,406175.79204934486,145281510.36920395,377780.13298609486,135124912.3705306,14476098.828234581,5177830740.253186,10156597.99867335,28395.65906325,14059595967.947166
2017-06-20 00:00:00+00:00,2.26420573,465305.4446812766,162526033.21876553,438245.3155829447,153074230.12681574,14503158.957332913,5065792634.537325,9451803.09194979,27060.129098331905,14294010352.157684
2017-06-21 00:00:00+00:00,2.08023256,396475.6197141405,126982362.64303675,390546.4041960854,125083366.1911358,14509088.172850968,4646939696.602604,1898996.451900959,5929.215518055076,14269960577.650064
2017-06-22 00:00:00+00:00,2.01706748,415399.49672423373,132988471.98181525,492038.0094592533,157523982.45778292,14432449.660115948,4620490497.434242,-24535510.475967675,-76638.51273501955,14714979404.916252
2017-06-23 00:00:00+00:00,2.0408777,356124.15566324897,116093460.61002307,470810.94651883736,153480383.75171888,14317762.86926036,4667469513.800416,-37386923.14169581,-114686.79085558839,14813021640.123247
2017-06-24 00:00:00+00:00,1.9071929,248155.83426913407,75630187.54030305,300251.0007266668,91507175.56571238,14265667.702802828,4347732250.294382,-15876988.025409326,-52095.16645753276,14823625648.516613
2017-06-25 00:00:00+00:00,1.7465263,404062.99127493973,111619308.27977575,461509.7137666155,127488525.6194504,14208220.980311152,3924912283.3657727,-15869217.339674652,-57446.722491675755,14676314049.463005
2017-06-26 00:00:00+00:00,1.64846512,642965.8806463908,163977783.8187912,541451.9665287859,138088343.70255786,14309734.894428756,3649460547.8347836,25889440.11623335,101513.91411760496,14359659468.73882
2017-06-27 00:00:00+00:00,1.80907247,547264.5970865408,153826184.4052607,633829.1794918156,178157923.54374644,14223170.312023481,3997876038.1950574,-24331739.13848573,-86564.58240527485,14425408790.923693
2017-06-28 00:00:00+00:00,2.01409612,293057.666944799,93126768.89725444,362281.9779759915,115124611.44708894,14153946.000992289,4497788001.79594,-21997842.549834505,-69224.31103119248,14652678776.348087
2017-06-29 00:00:00+00:00,1.81499129,340388.4426535276,100073960.60519318,379487.0727927511,111568930.12227622,14114847.370853066,4149755111.329793,-11494969.517083034,-39098.630139223475,15047827749.966114
2017-06-30 00:00:00+00:00,1.73695905,379142.0362986502,104964289.24290068,406346.976291156,112495891.95856428,14087642.43086056,3900119831.868595,-7531602.715663597,-27204.939992505824,14810770779.285532
2017-07-01 00:00:00+00:00,1.63686371,253480.64383673912,66214052.07319698,297562.90477580595,77729192.1530983,14043560.169921493,3668449828.3946724,-11515140.079901323,-44082.26093906682,14833550985.474361
2017-07-02 00:00:00+00:00,1.80154229,205091.73375151661,58765602.38739481,306857.29078619316,87924818.86111741,13941794.612886816,3994787814.2191143,-29159216.4737226,-101765.55703467655,14787939468.23771
2017-07-03 00:00:00+00:00,1.74024881,385297.0408995907,106489061.84857468,299367.5805260668,82739729.12863955,14027724.07326034,3877006615.3231835,23749332.719935134,85929.46037352388,14770723973.130032
2017-07-04 00:00:00+00:00,1.70159539,385412.59387134976,103832016.16039631,319571.85872494703,86094203.7888171,14093564.808406744,3796874498.1710443,17737812.371579215,65840.73514640273,14729250700.47205
2017-07-05 00:00:00+00:00,1.67840347,338148.5520754305,90036204.9786208,350191.42534870916,93242767.89278817,14081521.935133465,3749378158.1528225,-3206562.9141673744,-12042.873273278645,14762834632.301634
2017-07-06 00:00:00+00:00,1.68062161,305890.69835486263,81567594.05711663,280710.20730379754,74853064.70640914,14106702.42618453,3761637026.467204,6714529.350707486,25180.491051065095,14769423977.521246
2017-07-07 00:00:00+00:00,1.52443863,277553.13029932755,66657554.4141436,358109.02020460705,86003971.47292443,14026146.53627925,3368539295.3575745,-19346417.058780827,-80555.8899052795,14669074526.552103
2017-07-08 00:00:00+00:00,1.54858633,308132.1585484751,75244661.93106236,298425.948243648,72874443.5271835,14035852.746584078,3427500069.4701705,2370218.4038788527,9706.210304827138,14687195361.199627
2017-07-09 00:00:00+00:00,1.51441627,134045.02965310644,31897456.42985347,203837.20624175723,48505255.44815551,13966060.569995426,3323374314.4447865,-16607799.018302038,-69792.1765886508,14639333727.149004
2017-07-10 00:00:00+00:00,1.32375822,463006.4063916245,94299406.07074475,398947.1051409255,81252601.58195679,14030119.871246126,2857480917.5335774,13046804.488787964,64059.301250698976,14337994493.377218
2017-07-11 00:00:00+00:00,1.26821857,777640.6983797447,150000648.37604588,637190.5242865431,122908937.22666258,14170570.045339327,2733389210.579978,27091711.149383307,140450.17409320152,14177734902.938362
2017-07-12 00:00:00+00:00,1.48464662,486886.35350761475,107297636.0640749,462246.39519469556,101867602.4214248,14195210.003652247,3128271034.610489,5430033.642650098,24639.95831291919,13840053189.358414
2017-07-13 00:00:00+00:00,1.41173838,333631.65856851195,68681977.44275445,387871.8161510044,79847948.00908543,14140969.846069753,2911083966.53248,-11165970.566330984,-54240.15758249245,13599731797.748924
2017-07-14 00:00:00+00:00,1.36293394,326138.4574188998,64329778.47326183,373413.82428474363,73654694.95747672,14093694.47920391,2779936628.4255953,-9324916.484214887,-47275.366865843826,13500658336.178946
2017-07-15 00:00:00+00:00,1.18853634,361309.23663329537,61630185.69898064,303698.6227696296,51803277.13795328,14151305.093067575,2413853487.099906,9826908.561027355,57610.613863665785,13391649252.245024
2017-07-16 00:00:00+00:00,1.10966101,878135.5637820633,136217230.3824814,587501.3476545991,91133772.19208744,14441939.30919504,2240247468.827794,45083458.190393955,290634.2161274642,13047400852.583889
2017-07-17 00:00:00+00:00,1.34578709,374629.9273416444,70888096.25162582,531312.8698578699,100535902.52511966,14285256.366678815,2703079904.710299,-29647806.27349384,-156682.9425162255,13126464190.564663
2017-07-18 00:00:00+00:00,1.59119958,569342.8188150831,130258610.64257148,630940.9585775163,144351504.8329652,14223658.226916382,3254197467.0882177,-14092894.190393716,-61598.13976243313,13426803327.057478
2017-07-19 00:00:00+00:00,1.35933414,657732.3070972494,126055518.70537116,649452.6121158084,124468701.03753613,14231937.921897823,2727575181.5277896,1586817.667835027,8279.694981441018,13169370158.407377
2017-07-20 00:00:00+00:00,1.5693159,589061.4087936931,132012870.06693348,429092.46133475803,96162686.0956446,14391906.869356757,3225329147.68689,35850183.97128889,159968.94745893503,13342515946.908764
2017-07-21 00:00:00+00:00,1.51524605,386567.8960255531,83581415.57032014,331119.62157473067,71592718.84413105,14447355.14380758,3123721360.67596,11988696.726189092,55448.27445082244,13335336935.335197
2017-07-22 00:00:00+00:00,1.61070866,197445.89519266595,45804244.0852366,235291.86749195677,54583895.60014036,14409509.17150829,3342772330.598125,-8779651.514903761,-37845.97229929082,13463462841.050474
2017-07-23 00:00:00+00:00,1.57749101,249429.3622123885,57010473.720089234,306337.977422034,70017711.8538803,14352600.556298643,3280482095.5003095,-13007238.133791067,-56908.615209645504,13547840372.16385
2017-07-24 00:00:00+00:00,1.55800793,376040.96606666874,84877771.92900969,286336.5132897672,64630206.44843225,14442305.009075545,3259832787.665425,20247565.48057744,89704.45277690154,13549733972.9349
2017-07-25 00:00:00+00:00,1.41636046,330629.98179748235,67536875.99182688,417278.5543559301,85236341.32142046,14355656.436517097,2932390411.9747596,-17699465.329593584,-86648.57255844772,13492151417.969397
2017-07-26 00:00:00+00:00,1.40808482,201049.96927115004,40703906.829142496,323738.38257891656,65542994.158519484,14232968.023209332,2881559278.1192727,-24839087.329376988,-122688.41330776652,13454678017.065742
2017-07-27 00:00:00+00:00,1.41483676,308780.12819124013,62648395.39546842,325291.68843924894,65998425.59680539,14216456.462961322,2884376630.164668,-3350030.2013369724,-16511.560248008813,13422621262.487123
2017-07-28 00:00:00+00:00,1.34294051,495162.31314289133,94817702.44122691,508964.6089444353,97460678.17177072,14202654.167159777,2719639602.921062,-2642975.730543807,-13802.29580154398,13350042612.756437
2017-07-29 00:00:00+00:00,1.43470658,320325.645516866,65985451.86087644,341844.7059038271,70418268.7243653,14181135.106772818,2921241620.884435,-4432816.863488853,-21519.060386961093,13446354999.308178
2017-07-30 00:00:00+00:00,1.37354925,242162.39908457006,47650759.0466543,271393.71068679594,53402660.21314752,14151903.79517059,2784697212.879875,-5751901.166493222,-29231.311602225876,13419757395.413025
2017-07-31 00:00:00+00:00,1.40504214,361439.00230421434,72562790.34125368,403665.6571022207,81040248.16784778,14109677.140372586,2832670347.1195855,-8477457.8265941,-42226.65479800635,13388345881.505919
2017-08-01 00:00:00+00:00,1.57613932,356648.47424280475,80508234.03299284,450994.0343552991,101805379.49151915,14015331.58026009,3163758368.2620754,-21297145.458526313,-94345.56011249434,13422762141.924404
2017-08-02 00:00:00+00:00,1.51938572,345005.48609365226,75067902.8190442,329188.09843317344,71626281.8373255,14031148.96792057,3052962835.719884,3441620.981718704,15817.387660478824,13424396011.669373
2017-08-03 00:00:00+00:00,1.56661272,299556.74159643875,67109366.79734771,410269.89562714397,91912312.72185425,13920435.813889865,3118579899.2025633,-24802945.924506545,-110713.15403070522,13408309230.19923
2017-08-04 00:00:00+00:00,1.54906072,310795.57405850757,68832235.86248802,338530.04821645323,74974620.20159839,13892701.339731919,3076831767.2487597,-6142384.339110374,-27734.47415794566,13408459961.181181
2017-08-05 00:00:00+00:00,1.72046076,357524.97935874044,89002148.99565494,422528.21458023903,105184032.66923827,13827698.10451042,3442262549.5201917,-16181883.673583329,-65003.23522149859,13573059191.700735
2017-08-06 00:00:00+00:00,1.81974392,361937.5621330295,96286664.41185018,393327.2521030863,104637299.60518774,13796308.414540363,3670247737.218779,-8350635.19333756,-31389.689970056817,13716681775.541914
2017-08-07 00:00:00+00:00,1.80786722,277080.3973667395,74713635.7479409,395991.31880117825,106777496.47189385,13677397.493105924,3688056260.895137,-32063860.72395295,-118910.92143443873,13997628451.463879
2017-08-08 00:00:00+00:00,1.95035408,359422.29604215384,105857786.24019538,443633.0044611443,130659695.49600685,13593186.784686934,4003493040.976166,-24801909.255811468,-84210.70841899043,14175270707.0346
2017-08-09 00:00:00+00:00,1.91001956,422451.2948668909,125395725.70871621,467650.020949972,138812010.9164187,13547988.058603853,4021433512.3222685,-13416285.207702488,-45198.7260830811,14591361064.907864
2017-08-10 00:00:00+00:00,1.90794071,297747.14240472275,89752127.79568411,367853.12140268605,110884692.61376697,13477882.079605889,4062737882.3997784,-21132564.818082854,-70105.9789979633,14837444144.595757
2017-08-11 00:00:00+00:00,1.93073117,433348.02353045455,134279343.0716091,434441.9519096106,134618313.082188,13476788.151226733,4175983646.859286,-338970.0105789006,-1093.9283791560447,15075741174.691866
2017-08-12 00:00:00+00:00,1.92028659,271164.0061391208,83858586.43250982,341776.61989168404,105695828.24754904,13406175.53747417,4145915035.13152,-21837241.815039217,-70612.61375256325,15131391169.89509
2017-08-13 00:00:00+00:00,1.84689637,514932.29524162534,152957090.5930155,483069.3033217731,143492408.36840877,13438038.529394023,3991676761.6380787,9464682.224606723,31862.99191985221,15115002501.092766
2017-08-14 00:00:00+00:00,1.85976357,429687.5955979206,128863161.92320362,501456.2236086278,150386548.7444607,13366269.901383314,4008539739.7018466,-21523386.821257085,-71768.62801070721,15158328979.986965
2017-08-15 00:00:00+00:00,1.77368696,478668.671307921,137013398.21926677,583594.9576347303,167047340.09576747,13261343.615056505,3795906986.5331306,-30033941.876500696,-104926.28632680926,15173536288.769941
2017-08-16 00:00:00+00:00,1.84084632,410529.3413035436,123397523.39655788,469454.5481151877,141109350.1885205,13202418.408244861,3968402670.682578,-17711826.79196261,-58925.20681164408,15356232913.432528
2017-08-17 00:00:00+00:00,1.8362768,452333.39601533185,136390179.52959472,501224.28801198374,151132043.81714636,13153527.51624821,3966127628.851329,-14741864.287551641,-48890.89199665189,15446508451.1421
2017-08-18 00:00:00+00:00,1.78199872,485271.770740582,141976413.3922602,557796.8326209182,163195138.21342105,13081002.454367874,3827121056.747658,-21218724.821160853,-72525.06188033614,15447948079.845018
2017-08-19 00:00:00+00:00,1.78757038,422497.0311067617,124216823.35772581,397095.0367012375,116748474.8968165,13106404.448773397,3853366547.933931,7468348.460909307,25401.994405524223,15479066338.451002
2017-08-20 00:00:00+00:00,1.80235748,337016.7404563349,100413035.92234558,319430.3670483,95173233.46513325,13123990.822181433,3910250155.7870812,5239802.457212329,17586.37340803491,15561482378.052588
2017-08-21 00:00:00+00:00,1.91016113,604134.1474872058,193484847.79505694,570098.2951091266,182584252.7130894,13158026.674559511,4214095162.472772,10900595.081967533,34035.8523780792,15787078643.816216
2017-08-22 00:00:00+00:00,1.87107757,363272.9735034213,114310067.7400685,380707.1394360068,119796026.87852523,13140592.508626927,4134912667.241495,-5485959.138456732,-17434.165932585485,15838777459.673874
2017-08-23 00:00:00+00:00,1.87980528,365216.72831781866,116106589.19622916,406728.12485183985,129303538.5433662,13099081.112092905,4164348211.9098,-13196949.347137034,-41511.39653402119,15931609748.770552
2017-08-24 00:00:00+00:00,1.89643904,400111.39540128125,129798008.59343135,418042.5242513057,135614950.683349,13081149.98324288,4243586254.857981,-5816942.08991766,-17931.128850024426,16118268629.229015
2017-08-25 00:00:00+00:00,1.9114808,367628.05600482295,121401748.94613467,407421.5032205768,134542732.09385404,13041356.536027128,4306644898.9492445,-13140983.147719368,-39793.44721575384,16281832232.06258
2017-08-26 00:00:00+00:00,1.91749734,322081.52221648424,107070404.41201828,284486.70118844847,94572659.54429601,13078951.357055163,4347870071.676345,12497744.867722273,37594.821028035774,16342229829.410942
2017-08-27 00:00:00+00:00,1.96444536,372528.6219919362,128581753.61818317,317230.40101662325,109495053.14681524,13134249.578030476,4533409632.182833,19086700.471367925,55298.22097531293,16565633936.687777
2017-08-28 00:00:00+00:00,1.96144277,474266.9232389964,164718664.28120348,496812.81177711475,172549125.2791346,13111703.689492358,4553853984.659508,-7830460.997931123,-22545.888538118335,16697733108.43745
2017-08-29 00:00:00+00:00,2.07507806,452060.59061553463,168740870.80658257,486593.98243864934,181631166.33135474,13077170.297669243,4881321551.85229,-12890295.524772167,-34533.39182311471,16966421183.54991
2017-08-30 00:00:00+00:00,2.08904609,534280.5269118957,205749487.5503232,570888.9627484456,219847263.0334096,13040561.861832693,5021872939.948668,-14097775.483086407,-36608.43583654985,17390403469.975937
2017-08-31 00:00:00+00:00,2.05577343,262132.39334511437,101872245.465717,464507.46872055746,180521065.21554196,12838186.78645725,4989291475.788043,-78648819.74982496,-202375.0753754431,17837523825.864624
2017-09-01 00:00:00+00:00,2.05874705,372863.2832096232,146013626.00386596,407059.3206748781,159404827.6858476,12803990.748991994,5014055287.200844,-13391201.681981653,-34196.03746525489,17951555226.000572
2017-09-02 00:00:00+00:00,1.83462921,510150.84954257956,178094078.49169832,433323.442363183,151273567.85883477,12880818.15617139,4496704145.057025,26820510.63286355,76827.40717939654,17961830344.885456
2017-09-03 00:00:00+00:00,1.85056566,392164.62548361736,138384695.69806802,459534.7416307417,162157857.31524903,12813448.040024268,4521532521.387091,-23773161.617181003,-67370.11614712432,18003168097.638283
2017-09-04 00:00:00+00:00,1.6601133,836667.6232496336,262094173.06052092,717557.5269411965,224781790.78634223,12932558.136332704,4051248113.479233,37312382.274178684,119110.09630843706,17819170734.921276
2017-09-05 00:00:00+00:00,1.7067802,575359.5241719485,185078084.33844694,705290.4165272329,226873448.18179289,12802627.24397742,4118269751.8124704,-41795363.84334594,-129930.8923552843,17801096168.050404
2017-09-06 00:00:00+00:00,1.77776395,786506.2423357107,266173100.6356793,580970.381952099,196614698.80067325,13008163.104361031,4402283059.801229,69558401.83500606,205535.86038361164,17983879707.85466
2017-09-07 00:00:00+00:00,1.76351133,374587.59724147344,126016549.04686618,463742.3421290987,156009462.22559533,12919008.359473407,4346136558.063822,-29992913.178729147,-89154.74488762527,18025169546.24612
2017-09-08 00:00:00+00:00,1.6373551,554582.8716224437,171929126.76653072,518995.8267991056,160896601.50519648,12954595.404296745,4016121646.4520807,11032525.26133424,35587.044823338045,17894192269.94878
2017-09-09 00:00:00+00:00,1.62216165,424222.5446207327,129486920.916266,528535.9598454846,161326866.9987848,12850281.989071993,3922336209.543734,-31839946.082518816,-104313.41522475187,17786786152.745117
2017-09-10 00:00:00+00:00,1.60308202,394815.08598447684,118969118.74607566,401087.4994806955,120859176.98484688,12844009.575575775,3870268778.0083604,-1890058.238771215,-6272.41349621868,17771801318.876686
2017-09-11 00:00:00+00:00,1.58897965,435286.5794782728,129719545.44720979,376920.8595414912,112326005.15250751,12902375.295512555,3845030693.4095116,17393540.294702277,58365.71993678162,17735565964.704304
2017-09-12 00:00:00+00:00,1.57371741,407759.3443149902,119851836.0070522,466297.5135597771,137057835.4729027,12843837.126267768,3775161703.6385903,-17205999.465850487,-58538.1692447869,17665907418.8037
2017-09-13 00:00:00+00:00,1.49081616,443228.61779707216,122755438.75184251,433824.4440873341,120150883.39714749,12853241.299977507,3559800093.6943655,2604555.354695022,9404.173709738068,17575089784.591614
2017-09-14 00:00:00+00:00,1.27579729,608047.6723684266,137015582.37682518,540009.1076341141,121683982.57833672,12921279.86471182,2911641251.4522524,15331599.798488468,68038.56473431247,16712749108.168114
2017-09-15 00:00:00+00:00,1.45446712,996908.3194180087,258099810.93947735,923167.6755787345,239008339.97594574,12995020.508551093,3364414029.9378057,19091470.963531613,73740.64383927418,16846723732.370062
2017-09-16 00:00:00+00:00,1.43783212,397026.41685372626,101314985.93128371,445191.30181198276,113605917.80578792,12946855.623592837,3303836822.127466,-12290931.874504209,-48164.8849582565,16800481450.556786
2017-09-17 00:00:00+00:00,1.46051587,299953.6055527982,77866541.69658959,317747.9274239189,82485863.75270091,12929061.301721716,3356323352.382804,-4619322.056111321,-17794.321871120716,16828845035.708084
2017-09-18 00:00:00+00:00,1.65248977,470518.8673385771,139551204.88876563,472518.2881215606,140144213.1583877,12927061.880938733,3834037668.5862327,-593008.2696220577,-1999.4207829834777,16996872316.987825
2017-09-19 00:00:00+00:00,1.58850028,310765.7943139157,88470745.66004226,331360.12241461617,94333667.50270835,12906467.552838033,3674293725.7866387,-5862921.84266609,-20594.328100700455,16975370450.117605
2017-09-20 00:00:00+00:00,1.5862306,231715.9588464548,65988986.045102276,248972.89234887486,70903483.7333131,12889210.619335612,3670640312.9330034,-4914497.688210823,-17256.933502420055,17008937661.299759
2017-09-21 00:00:00+00:00,1.45295452,260324.18853111117,67350255.42772388,298381.9641438212,77196443.45577453,12851152.843722902,3324809851.3212843,-9846188.028050646,-38057.775612710044,16872885354.468435
2017-09-22 00:00:00+00:00,1.48147829,196847.8618403029,51887623.81873826,239808.76502898568,63211796.52108665,12808191.94053422,3376143581.1164417,-11324172.702348389,-42960.90318868277,16862679718.113268
2017-09-23 00:00:00+00:00,1.59268902,180712.02476297805,51520781.90189897,182074.41954011458,51909199.02172927,12806829.545757083,3651211770.479379,-388417.11983029544,-1362.3947771365347,16967660538.281773
2017-09-24 00:00:00+00:00,1.58676283,197397.94870461492,56201309.45793521,225563.89931034777,64220457.157075934,12778663.59515135,3638222341.634505,-8019147.6991407275,-28165.950605732854,17010621208.851654
2017-09-25 00:00:00+00:00,1.63706975,385211.69959716126,113485746.97642256,290899.2487969788,85700716.20132227,12872976.045951532,3792458286.994277,27785030.77510029,94312.45080018247,17063620930.313862
2017-09-26 00:00:00+00:00,1.60203476,292553.26611374767,84510834.28160481,277278.1586285361,80098263.21560791,12888251.153436745,3723071944.7319517,4412571.0659969,15275.10748521157,17100219114.628614
2017-09-27 00:00:00+00:00,1.70878973,324095.40988342365,100594966.56618784,359900.3036868472,111708336.22593358,12852446.259633321,3989230832.5088277,-11113369.659745738,-35804.89380342356,17228659455.844913
2017-09-28 00:00:00+00:00,1.65683076,271518.29742719466,82127225.4166483,254609.5000065414,77012753.83057484,12869355.057053974,3892645297.7665706,5114471.586073458,16908.797420653253,17318700764.63076
2017-09-29 00:00:00+00:00,1.59895372,205414.94897290415,59875137.07074113,231787.4471483165,67562293.97458932,12842982.558878561,3743521807.711402,-7687156.903848186,-26372.49817541236,17296250998.27559
2017-09-30 00:00:00+00:00,1.65072162,157701.85669568196,47571328.82643515,197436.0512091466,59557290.64361976,12803248.364365097,3862145638.2916956,-11985961.817184612,-39734.19451346464,17341089330.365593
2017-10-01 00:00:00+00:00,1.64883986,232301.76425965337,70369132.76239146,196021.14285739677,59378962.83280014,12839528.985767353,3889365725.1614733,10990169.92959132,36280.6214022566,17436615939.64
2017-10-02 00:00:00+00:00,1.6174612,287542.939077736,85222876.6411336,324942.53337270766,96307485.5042542,12802129.391472382,3794335195.1978393,-11084608.8631206,-37399.59429497167,17394006986.658684
2017-10-03 00:00:00+00:00,1.59789726,210634.8427071384,61426828.75620026,262489.91536391206,76549173.31842786,12750274.318815608,3718325549.1372766,-15122344.5622276,-51855.07265677367,17327204367.347004
2017-10-04 00:00:00+00:00,1.59978836,239107.21456312263,69855921.42947431,227655.0153712778,66510125.57633829,12761726.518007454,3728378361.8792577,3345795.853136018,11452.199191844818,17340736841.939728
2017-10-05 00:00:00+00:00,1.61459442,157327.15090042082,46427913.376754194,213195.27537444874,62914835.23834466,12705858.393533425,3749553014.187948,-16486921.861590467,-55868.12447402792,17358106801.391254
2017-10-06 00:00:00+00:00,1.67535089,161690.4439141399,49698085.77951795,198261.7415845519,60938845.86833032,12669287.095863013,3894103458.519094,-11240760.088812374,-36571.297670411994,17426434633.14263
2017-10-07 00:00:00+00:00,1.69435018,139075.03005173098,43327369.185738675,159361.74102314768,49647481.54160874,12649000.384891596,3940663606.5647035,-6320112.355870068,-20286.7109714167,17467777257.76556
2017-10-08 00:00:00+00:00,1.678259,185917.80451390313,57413501.75848607,191300.08036882203,59075608.86581229,12643618.109036677,3904490978.875124,-1662107.107326217,-5382.275854918902,17483613975.55032
2017-10-09 00:00:00+00:00,1.61205026,290752.967481209,86112283.77800697,384372.35237603233,113839529.7250548,12549998.724141855,3716932146.588576,-27727245.94704783,-93619.3848948233,17459388270.610073
2017-10-10 00:00:00+00:00,1.62193259,209286.01533568406,62326579.8929959,227232.6711098551,67671197.27283786,12532052.068367682,3732117233.0100064,-5344617.379841961,-17946.655774171028,17451698211.111134
2017-10-11 00:00:00+00:00,1.64255276,218156.31938573733,65891329.45417162,221247.32489308168,66824928.18192134,12528961.062860338,3784212639.065049,-933598.7277497202,-3091.005507344351,17480319612.513668
2017-10-12 00:00:00+00:00,1.64405125,297901.98771133996,90181592.16624774,296951.93371356477,89893989.57983503,12529911.116858114,3793084238.547425,287602.58641271293,950.0539977751905,17506836749.243607
2017-10-13 00:00:00+00:00,1.80771345,483148.26887646574,162395281.78375122,405123.54557945055,136169694.85288355,12607935.840155128,4237765972.409927,26225586.930867672,78024.72329701518,17681227698.711224
2017-10-14 00:00:00+00:00,1.79912966,311680.71286680095,105734535.7047076,277163.58919215464,94024949.91727903,12642452.963829774,4288824553.832476,11709585.787428558,34517.12367464631,17933434315.154057
2017-10-15 00:00:00+00:00,1.7710949,267106.30488989275,89558849.38570653,257299.7221086886,86270771.73942122,12652259.54661098,4242212880.713911,3288077.6462853104,9806.582781204139,18008297339.115974
2017-10-16 00:00:00+00:00,1.75759431,193909.04604038346,64840670.97815533,222333.54053430262,74345453.41526125,12623835.05211706,4221246774.254967,-9504782.437105924,-28424.494493919163,18100673851.316032
2017-10-17 00:00:00+00:00,1.63779113,346982.36359029176,109533279.51495855,296082.5086522533,93465523.27365834,12674734.907055099,4001083129.9533854,16067756.24130021,50899.85493803845,18341551669.053894
2017-10-18 00:00:00+00:00,1.62658205,278684.19785091624,87309786.00158699,357608.20214773476,112036117.73723082,12595810.90275828,3946178372.928747,-24726331.735643834,-78924.00429681852,18332576337.965733
2017-10-19 00:00:00+00:00,1.60203704,184578.96219208065,56916988.31292824,258778.4733663554,79797237.8287768,12521611.391584005,3861178981.449457,-22880249.51584857,-74199.51117427475,18324377745.340195
2017-10-20 00:00:00+00:00,1.57973933,223600.28500669159,67997929.77933805,258214.09987180922,78524158.5474402,12486997.576718887,3797356449.4834385,-10526228.768102154,-34613.81486511763,18330461114.611538
2017-10-21 00:00:00+00:00,1.56047294,218932.83153148773,65672074.97673979,222219.97480130696,66658101.22855761,12483710.433449069,3744669823.335587,-986026.2518178225,-3287.1432698192366,18308001801.99185
2017-10-22 00:00:00+00:00,1.53613736,160490.81518706563,47322720.319812514,206519.67196959117,60894903.33615068,12437681.576666543,3667405676.726297,-13572183.01633817,-46028.856782525545,18285622156.097046
2017-10-23 00:00:00+00:00,1.49257282,374129.140414065,106728670.80558708,378681.2304383218,108027255.88008463,12433129.486642286,3546827126.575774,-1298585.0744975507,-4552.090024256846,18211160996.17746
2017-10-24 00:00:00+00:00,1.55197648,374852.89625639725,111406784.98945898,329735.36951096944,97997795.3522387,12478247.013387714,3708551797.116118,13408989.637220278,45117.52674542781,18250417157.874855
2017-10-25 00:00:00+00:00,1.55676744,204181.66502476047,60838780.44637841,194946.02628084162,58086892.81848975,12487482.652131632,3720819963.4813747,2751887.627888657,9235.638743918855,18244808263.47101
2017-10-26 00:00:00+00:00,1.54556,203448.78740429235,60248657.84791369,235837.70138097237,69840204.7976073,12455093.738154953,3688410683.926043,-9591546.949693613,-32388.91397668002,18268281250.73885
2017-10-27 00:00:00+00:00,1.55141274,190090.4919586651,56471319.15619482,180098.65063777132,53502983.10542094,12465085.579475846,3703077512.2667813,2968336.0507738814,9991.841320893785,18261006884.773792
2017-10-28 00:00:00+00:00,1.54143478,157298.5319430623,46412587.29963382,165463.4033312453,48821718.531904295,12456920.708087664,3675545554.7290945,-2409131.2322704718,-8164.8713881830045,18258436231.01592
2017-10-29 00:00:00+00:00,1.58486545,211966.54634623908,64509232.463649035,217869.08837009393,66305593.55037137,12451018.166063808,3789303732.730175,-1796361.0867223367,-5902.542023854854,18320282036.752995
2017-10-30 00:00:00+00:00,1.59139506,200135.3734232204,61272814.875038385,215639.52293332038,66019516.40250086,12435514.01655371,3807217760.5552425,-4746701.527462475,-15504.14951009999,18358088314.816547
2017-10-31 00:00:00+00:00,1.58262116,219178.40539741912,66796545.66275788,222364.227191388,67767452.85842067,12432328.19475974,3788861299.7703643,-970907.195662789,-3185.8217939688766,18379540783.941685
2017-11-01 00:00:00+00:00,1.51069495,318532.17351424677,92540008.8439078,319045.09485420067,92689022.81889154,12431815.273419786,3611692604.410148,-149013.97498373687,-512.9213399539003,18358909491.975384
2017-11-02 00:00:00+00:00,1.48432266,509739.7833547111,145024601.48928857,476935.35460134933,135691507.69831502,12464619.702173147,3546273145.7342286,9333093.790973544,32804.428753361746,18302254263.87298
2017-11-03 00:00:00+00:00,1.58976988,354763.1487495271,108507652.3404209,293373.7693841871,89731132.12672889,12526009.081538487,3831197922.961678,18776520.21369201,61389.37936533999,18374677093.17528
2017-11-04 00:00:00+00:00,1.55999076,198506.08115350705,59559141.28484411,182568.15193330028,54777175.04633842,12541947.010758694,3763046399.6876307,4781966.238505691,15937.929220206774,18372848421.03445
2017-11-05 00:00:00+00:00,1.53976049,196594.3979853298,58252616.22369957,187405.10925906576,55529750.69433808,12551136.299484959,3719009969.3471465,2722865.5293614864,9189.288726264029,18386904956.501034
2017-11-06 00:00:00+00:00,1.54656164,313339.0767687004,93371068.43753819,310419.53179814795,92501081.08689201,12554055.84445551,3740949324.002164,869987.3506461829,2919.544970552437,18413656412.139008
2017-11-07 00:00:00+00:00,1.51792884,317705.7925704042,92788857.7973798,344912.65100768406,100734867.52614728,12526848.986018231,3658579844.6067605,-7946009.7287674695,-27206.85843727988,18391685835.034977
2017-11-08 00:00:00+00:00,1.59804852,519488.28190081374,160951581.99183556,487322.44245911046,150985731.12549013,12559014.825459935,3891123967.263306,9965850.866345435,32165.839441703283,18536332263.12565
2017-11-09 00:00:00+00:00,1.63597976,475376.20831059467,151856827.0872248,415331.06052723137,132675670.21618615,12619059.973243298,4031102892.528622,19181156.87103866,60045.147783363296,18672629279.01672
2017-11-10 00:00:00+00:00,1.54156784,413784.95332613203,123996551.23059177,457634.9067147685,137136813.93977654,12575210.019854661,3768340682.589739,-13140262.709184766,-43849.953388636466,18593108555.669197
2017-11-11 00:00:00+00:00,1.61904806,408182.8535338832,129046121.80626625,373679.58638881193,118137988.90413931,12609713.286999732,3986533443.7454143,10908132.902126938,34503.26714507124,18681119567.062145
2017-11-12 00:00:00+00:00,1.57453306,760902.7289546806,233731679.26658937,720949.0294120853,221458828.96437976,12649666.986542327,3885684456.65776,12272850.302209616,39953.69954259531,18668130896.94854
2017-11-13 00:00:00+00:00,1.60950976,504516.93029202864,159193778.9793584,516723.87092654477,163045520.89862463,12637460.045907812,3987586740.1401796,-3851741.919266224,-12206.940634516126,18763488698.13404
2017-11-14 00:00:00+00:00,1.68518178,523215.0098742144,174866031.90899074,459703.29239869455,153639496.3450759,12700971.76338333,4244848660.1806793,21226535.563914835,63511.717475519865,18985687310.469208
2017-11-15 00:00:00+00:00,1.66669538,413053.39409973426,136631492.66027462,448016.96485476015,148196885.72865564,12666008.192628305,4189714042.1226377,-11565393.068381011,-34963.570755025896,19003306598.384174
2017-11-16 00:00:00+00:00,1.65611584,368679.98660031566,121539804.04443258,452186.9617276668,149068885.53028092,12582501.217500955,4147973277.4911385,-27529081.485848337,-83506.97512735112,19063856279.848507
2017-11-17 00:00:00+00:00,1.66491802,338719.7870258014,112548655.40450707,376672.79504905967,125159551.44657624,12544548.209477697,4168259687.5457544,-12610896.042069167,-37953.0080232583,19117527676.213387
2017-11-18 00:00:00+00:00,1.73328736,293646.37340226816,102021511.4568049,272427.5409822649,94649455.98152123,12565767.0418977,4365722387.016564,7372055.475283667,21218.83242000325,19204966347.0243
2017-11-19 00:00:00+00:00,1.76816175,373643.0291324157,132991677.04842488,420595.09384221485,149703440.25498387,12518814.9771879,4455852427.759686,-16711763.206558987,-46952.06470979913,19291018532.697968
2017-11-20 00:00:00+00:00,1.80501036,474643.5503793766,175409049.10733542,504094.54914595874,186292946.47574666,12489363.978421317,4615563526.901933,-10883897.368411243,-29450.99876658211,19624868723.135384
2017-11-21 00:00:00+00:00,1.75923112,421133.0154170448,152112035.05731574,539241.2075141034,194772374.66292158,12371255.786324259,4468462041.639806,-42660339.60560584,-118108.19209705858,19684112093.88274
2017-11-22 00:00:00+00:00,1.82212804,670895.99584725,255490014.19428703,500878.2853972242,190744021.48449117,12541273.496774284,4775956576.784854,64745992.70979586,170017.7104500258,20041357996.69249
2017-11-23 00:00:00+00:00,1.95583038,695041.9217931519,288428650.45988244,616307.1691856132,255755285.40544543,12620008.249381823,5237053815.071974,32673365.05443701,78734.75260753871,20350526872.920746
2017-11-24 00:00:00+00:00,2.17756169,602828.3955596347,285409444.7523278,559460.6902814226,264876980.16570786,12663375.954660036,5995482506.351114,20532464.586619943,43367.70527821209,20858162678.62107
2017-11-25 00:00:00+00:00,2.12974302,426595.35027703154,199135948.65536806,461794.86775522534,215567185.65942675,12628176.437181842,5894869442.370873,-16431237.004058689,-35199.5174781938,21031495766.6957
2017-11-26 00:00:00+00:00,2.13696078,328007.23342044244,154910592.1337304,383745.46583548427,181234531.6940325,12572438.2047668,5937685661.85461,-26323939.56030208,-55738.23241504183,21210803512.180965
2017-11-27 00:00:00+00:00,2.09625186,476422.6807352652,227562458.11243826,502971.4455509927,240243429.07711208,12545889.439951073,5992522093.524294,-12680970.964673817,-26548.76481572748,21873205264.386204
2017-11-28 00:00:00+00:00,2.04264696,571000.0484589892,267184780.68828747,628839.2847709846,294249163.1010473,12488050.203639077,5843461771.830787,-27064382.41275981,-57839.23631199531,21994892049.76907
2017-11-29 00:00:00+00:00,1.87395745,707332.6037910193,303478712.76181525,716251.1793595536,307305198.09375316,12479131.628070543,5354130125.735042,-3826485.331937909,-8918.575568534317,21987547102.9203
2017-11-30 00:00:00+00:00,1.90778133,475551.42068136804,208557165.39320672,559644.0714954006,245436720.62415695,12395038.97725651,5435950943.708772,-36879555.23095024,-84092.65081403259,22081232280.48045
2017-12-01 00:00:00+00:00,1.99298331,338539.8518943384,156265334.72617358,461982.36885898735,213244701.0400183,12271596.460291862,5664399974.661017,-56979366.31384471,-123442.51696464897,22251844901.963997
2017-12-02 00:00:00+00:00,1.97723084,286734.8689378233,131857064.10878673,329392.52116431633,151473488.17745733,12228938.808065368,5623564285.608948,-19616424.0686706,-42657.65222649305,22349801985.194714
2017-12-03 00:00:00+00:00,1.98359943,370904.03646654927,172242668.86718872,325433.26240510226,151126674.67523307,12274409.582126815,5700064861.34639,21115994.191955656,45470.77406144701,22502215167.106472
2017-12-04 00:00:00+00:00,1.94802245,351146.75003786304,163950568.02550575,394815.05586364155,184339318.72325793,12230741.276301038,5710538341.608846,-20388750.697752178,-43668.305825778516,23042132028.722645
2017-12-05 00:00:00+00:00,1.90565422,565262.9488535614,258933766.68520856,397315.01975766075,182000739.3640638,12398689.205396937,5679550206.543557,76933027.32114476,167947.92909590068,23114240513.67616
2017-12-06 00:00:00+00:00,1.80518033,697077.6714028484,302694615.544342,698578.9765734301,303346532.84146243,12397187.900226356,5383276755.570242,-651917.2971204519,-1501.305170581676,23135649948.256523
2017-12-07 00:00:00+00:00,1.77801614,943310.3946332993,407274090.3194238,464427.44941982685,200516466.3274592,12876070.845439829,5559241232.048056,206757623.9919646,478882.94521347247,23359827979.14484
2017-12-08 00:00:00+00:00,1.89159646,577708.2979093195,267440804.91208312,783128.9394472453,362537001.2403601,12670650.203901902,5865674600.060664,-95096196.32827696,-205420.6415379258,23548105623.77994
2017-12-09 00:00:00+00:00,1.95723313,492583.34159282316,237947397.08480433,531517.1767760268,256754782.47143814,12631716.368718699,6101879168.164552,-18807385.386633813,-38933.835183203686,23752914116.557365
2017-12-10 00:00:00+00:00,1.81033419,361355.03294970735,160758809.31074792,435160.30037944467,193593129.66326734,12557911.101288961,5586735072.137237,-32834320.352519423,-73805.26742973732,23655501024.29613
2017-12-11 00:00:00+00:00,2.02125099,389301.30130950565,197118195.42914796,509025.3379225101,257739071.77162436,12438187.064675957,6297931654.355941,-60620876.3424764,-119724.03661300446,24119180893.829136
2017-12-12 00:00:00+00:00,2.5615938,939889.0178840801,642795697.4659203,673677.6214728875,460732137.8610416,12704398.46108715,8688613777.043476,182063559.60487872,266211.3964111926,25711110564.822456
2017-12-13 00:00:00+00:00,2.51660691,774877.395642198,543652445.7463695,831299.9444365614,583238394.2071289,12647975.912292786,8873794844.35781,-39585948.4607594,-56422.54879436339,26853482177.84527
2017-12-14 00:00:00+00:00,2.38217166,845174.2017017925,590006980.2519897,946743.614696269,660911490.2644504,12546406.49929831,8758510845.172232,-70904510.01246071,-101569.4129944765,28233142557.175907
2017-12-15 00:00:00+00:00,2.33338023,614752.1096545428,423849626.9203529,713871.3715120987,492188818.4402553,12447287.237440754,8581960059.843363,-68339191.51990241,-99119.26185755595,28473542769.33806
2017-12-16 00:00:00+00:00,2.30404731,375712.8598049749,262182899.6234489,451329.6915901492,314950431.2646777,12371670.40565558,8633296240.709194,-52767531.641228795,-75616.83178517426,29192010236.50827
2017-12-17 00:00:00+00:00,2.37258056,381106.3877165632,277952788.50284475,437658.1764351456,319197773.82921,12315118.616936997,8981800543.492092,-41244985.32636523,-56551.78871858242,29634841132.319412
2017-12-18 00:00:00+00:00,2.45215768,568613.4981743305,447913060.32291543,596860.668850998,470164161.82485485,12286871.44626033,9678718864.323221,-22251101.501939416,-28247.170676667592,30975587356.908916
2017-12-19 00:00:00+00:00,2.48520871,759525.5987625173,625733057.3119686,794727.0817164868,654733701.3805691,12251669.96330636,10093504308.225344,-29000644.068600535,-35201.482953969506,31971875378.091965
2017-12-20 00:00:00+00:00,2.37841653,837509.9862983698,667736034.4352221,848402.9982157783,676420893.959028,12240776.951388951,9759415402.378988,-8684859.523805857,-10893.01191740844,32337325086.14389
2017-12-21 00:00:00+00:00,2.33506681,743524.3326161718,590171672.4583164,741887.489894372,588872430.2354335,12242413.79411075,9717403327.440153,1299242.222882986,1636.8427217998542,32798421978.148956
2017-12-22 00:00:00+00:00,2.02876516,971525.2661551696,662905251.2925481,830764.3100264072,566859188.2148503,12383174.750239514,8449467919.752445,96046063.07769775,140760.95612876234,32458410632.541164
2017-12-23 00:00:00+00:00,2.12888138,466038.91603457544,337948520.7668352,560581.5999447444,406506229.3132126,12288632.066329345,8911112111.409586,-68557708.54637736,-94542.68391016894,32880038876.71869
2017-12-24 00:00:00+00:00,2.02579537,469429.0813432401,323385372.42672735,502520.30126099417,346181609.1799699,12255540.846411591,8442729260.758983,-22796236.753242552,-33091.21991775406,32832387686.956337
2017-12-25 00:00:00+00:00,2.14286317,435489.4437983817,321345323.4182076,620939.9377001037,458188247.60285276,12070090.35250987,8906454894.024883,-136842924.18464518,-185450.49390172202,33253666405.519882
2017-12-26 00:00:00+00:00,2.15946117,469105.23462620616,351830363.85533714,589357.4253535382,442019875.4938311,11949838.161782537,8962415249.58134,-90189511.63849396,-120252.19072733208,33546631953.04675
2017-12-27 00:00:00+00:00,2.12614565,504105.5525551145,373401938.75014937,557262.7820531817,412776653.9314403,11896680.932284469,8812130122.929522,-39374715.181290925,-53157.22949806717,33657795932.73266
2017-12-28 00:00:00+00:00,2.05381522,590903.5957411506,423295275.32063204,608420.7997637271,435843768.4302127,11879163.728261894,8509668780.448929,-12548493.109580636,-17517.204022576567,33703955008.123478
2017-12-29 00:00:00+00:00,2.11193683,583050.9653534546,435597575.2230258,646392.0249708552,482919702.48281103,11815822.668644492,8827605148.731113,-47322127.259785235,-63341.059617400635,34190496497.6835
2017-12-30 00:00:00+00:00,2.0196486,825415.813173825,589167637.1621273,618153.1866160975,441227132.4951577,12023085.29520222,8581871878.048532,147940504.66696954,207262.62655772758,34165674629.619347
2017-12-31 00:00:00+00:00,2.08315971,383971.9098399153,285005248.45935684,451037.8508632887,334785309.6948158,11956019.354178846,8874420704.481432,-49780061.23545897,-67065.9410233734,34452634280.340454
2018-01-01 00:00:00+00:00,2.10992367,489415.3928073483,370033160.16837406,475029.54467257444,359156426.56897116,11970405.20231362,9050485396.669258,10876733.599402905,14385.848134773842,34656164517.548294
2018-01-02 00:00:00+00:00,2.33353986,817167.2130749669,705965715.8397342,764429.3326497704,660404495.4303336,12023143.082738817,10387013425.452465,45561220.40940058,52737.88042519649,35812446884.63771
2018-01-03 00:00:00+00:00,2.47650782,648460.2146688981,611918266.5147674,782039.4639906458,737970074.8420428,11889563.83341707,11219564633.23824,-126051808.3272754,-133579.2493217477,36867135233.09193
2018-01-04 00:00:00+00:00,2.42999826,1177725.9769740358,1121612685.2184153,992718.2193774369,945419706.6808165,12074571.591013668,11499273116.022474,176192978.53759873,185007.75759659894,37927637864.52554
2018-01-05 00:00:00+00:00,2.37822836,791472.2367012791,758667965.2485106,843089.0821888511,808145439.4070678,12022954.745526096,11524637492.124512,-49477474.15855718,-51616.84548757202,39013909153.78155
2018-01-06 00:00:00+00:00,2.41483049,554455.6437811258,557869690.3113775,634900.64619403,638810030.7814271,11942509.743113192,12016045443.233269,-80940340.47004962,-80445.00241290417,40339475715.51485
2018-01-07 00:00:00+00:00,2.55957535,712770.7335609129,786107383.9879673,794413.8305606863,876150701.3987865,11860866.646113418,13081225718.156593,-90043317.41081929,-81643.0969997734,41726315544.788956
2018-01-08 00:00:00+00:00,2.50487897,1056754.550562965,1199098395.0757017,956627.3155454638,1085484115.630307,11960993.881130919,13572128512.466534,113614279.44539475,100127.23501750117,43876530672.18388
2018-01-09 00:00:00+00:00,2.70068497,1101887.4681710056,1419679389.709368,987313.6303095843,1272061669.2884665,12075567.718992341,15558244471.324402,147617720.42090154,114573.83786142129,46217920736.583916
2018-01-10 00:00:00+00:00,2.5234669,929319.3761980986,1144705213.805975,886593.4596000384,1092076827.1101906,12118293.6355904,14926917766.250357,52628386.69578433,42725.916598060285,47299532693.67229
2018-01-11 00:00:00+00:00,2.31265001,824155.1764000359,930111760.1416407,779088.5728016058,879251219.3152909,12163360.239188831,13727128974.334593,50860540.826349735,45066.603598430054,47297291951.184235
2018-01-12 00:00:00+00:00,2.47329286,532181.7647086984,669075483.7646481,638028.1827067422,802148895.9390785,12057513.821190787,15159081779.752491,-133073412.17443037,-105846.41799804382,49278030778.208466
2018-01-13 00:00:00+00:00,2.60892949,522595.4509978635,721257258.8000152,605298.313150873,835399162.5182682,11974810.959037777,16526969973.566187,-114141903.71825302,-82702.86215300945,51294242625.70942
2018-01-14 00:00:00+00:00,2.5208012,386490.9996981271,526367919.1061147,516168.3338330208,702977435.4392918,11845133.624902884,16132066057.279041,-176609516.33317715,-129677.33413489372,52397671287.170105
2018-01-15 00:00:00+00:00,2.35466429,654060.4587375128,838323285.749107,652782.7247428431,836685586.7467968,11846411.358897554,15183798931.823355,1637699.0023101568,1277.7339946697466,52802756715.32265
2018-01-16 00:00:00+00:00,2.00257414,681802.3383123213,723519838.3566277,735440.1651230708,780439607.6257923,11792773.532086805,12514339010.382313,-56919769.26916456,-53637.82681074948,51414878958.29286
2018-01-17 00:00:00+00:00,1.93504998,1110262.4323105123,1124277153.6498668,877315.0446387557,888389296.5630043,12025720.91975856,12177520280.603842,235887857.08686256,232947.38767175656,50784865206.96047
2018-01-18 00:00:00+00:00,1.94857816,668524.1312187595,681070239.779627,674061.2908349083,686711314.5761245,12020183.760142412,12245765041.855303,-5641074.796497583,-5537.159616148798,50749022916.53071
2018-01-19 00:00:00+00:00,1.96457989,491180.0524700315,505883225.0539934,609277.5381993422,627515886.3379261,11902086.274413101,12258367902.141819,-121632661.28393275,-118097.48572931072,50898255205.82927
2018-01-20 00:00:00+00:00,2.16293499,297827.8639776172,343081477.34432125,472392.90041185543,544170891.1844738,11727521.237978863,13509465696.651781,-201089413.8401525,-174565.03643423825,51718315208.62524
2018-01-21 00:00:00+00:00,1.96895811,749388.5977312889,778931918.9557985,350670.48066909215,364495044.7013234,12126239.35504106,12604294913.393347,414436874.2544751,398718.1170621967,51274625602.902435
2018-01-22 00:00:00+00:00,1.88740313,385495.34123075515,382425809.79275256,449923.7141168828,446341167.6176815,12061810.982154932,11965768036.757034,-63915357.82492894,-64428.372886127676,51062477967.08932
2018-01-23 00:00:00+00:00,1.90039739,383081.6288090419,377416911.99010456,431212.5823230241,424836141.94080913,12013680.02864095,11836030958.05736,-47419229.950704575,-48130.95351398218,50375072459.47442
2018-01-24 00:00:00+00:00,1.98678561,526503.6952960917,551312654.5037794,477023.4839987422,499500925.77429986,12063160.2399383,12631578758.14096,51811728.72947955,49480.21129734954,51223300742.32094
2018-01-25 00:00:00+00:00,1.9653537,446277.34518069186,465744753.8090983,547339.9633300825,571215902.4515039,11962097.62178891,12483905517.643375,-105471148.64240557,-101062.61814939062,51619679965.812416
2018-01-26 00:00:00+00:00,1.95103595,640681.3672658777,666608570.1753509,437766.60192902863,455482215.4853291,12165012.387125758,12657308184.494207,211126354.6900218,202914.76533684903,51852244273.271164
2018-01-27 00:00:00+00:00,2.0339235,311591.2436379037,340497013.609333,391897.4447400198,428253079.3136606,12084706.186023641,13205783059.388689,-87756065.70432764,-80306.20110211609,52250288434.6609
2018-01-28 00:00:00+00:00,2.20203835,492487.10454684886,598288749.0756975,535759.4673137433,650857369.7569976,12041433.823256748,14628310696.222004,-52568620.681300044,-43272.362766894454,53663396639.631966
2018-01-29 00:00:00+00:00,2.09811434,560996.892330602,651883044.9000661,594093.6351233603,690341734.7127419,12008337.080463989,13953787351.082306,-38458689.812675714,-33096.742792758276,53883886484.910645
2018-01-30 00:00:00+00:00,1.92371119,559043.5240068139,588076604.3261229,634222.8690323276,667160274.9877424,11933157.735438475,12552888243.204353,-79083670.66161954,-75179.34502551367,53213015739.671295
2018-01-31 00:00:00+00:00,1.9863663,472475.3716708,517951153.11775506,528040.1313056229,578864024.0337441,11877592.975803653,13020811976.560125,-60912870.91598904,-55564.75963482284,53716954647.53755
2018-02-01 00:00:00+00:00,1.86223247,759554.3772852955,774115800.2452071,691207.5151335994,704458659.8599359,11945939.837955348,12174955544.843689,69657140.38527119,68346.86215169611,53280209907.65891
2018-02-02 00:00:00+00:00,1.69097862,891954.2073651033,814194467.921914,750105.6747947144,684712158.6867521,12087788.370525738,11033986206.272087,129482309.2351619,141848.53257038887,52564470474.651764
2018-02-03 00:00:00+00:00,1.77416014,313934.16118887544,301657397.2961439,365199.6078298099,350918048.46696216,12036522.923884803,11565820565.57382,-49260651.17081827,-51265.446640934446,52749461833.59054
2018-02-04 00:00:00+00:00,1.56471305,353680.7058431464,295914905.2697244,387809.7495747501,324469736.1551353,12002393.8801532,10042072381.609047,-28554830.885410845,-34129.043731603655,52089092990.33148
2018-02-05 00:00:00+00:00,1.32925577,634716.9601662613,439708315.85621965,621762.6614949203,430734059.28305084,12015348.17882454,8323786575.284062,8974256.573168814,12954.298671341036,50780155784.06162
2018-02-06 00:00:00+00:00,1.51013498,726689.357298033,573389165.627936,649577.8553310126,512544873.18145514,12092459.68079156,9541470914.80639,60844292.44648087,77111.50196702033,50920628887.93141
2018-02-07 00:00:00+00:00,1.46476678,499572.00569539727,376945350.04839337,485113.5537537966,366035919.24332225,12106918.13273316,9135112539.378202,10909430.805071115,14458.451941600651,50212484120.33102
2018-02-08 00:00:00+00:00,1.56439845,239700.2611289196,193785827.97120813,243383.57820472788,196763607.99470213,12103234.815657353,9784867854.693956,-2977780.023494005,-3683.3170758082706,50384484804.84917
2018-02-09 00:00:00+00:00,1.67578142,327150.0482681314,285787608.6816104,370257.4070559224,323444790.91270065,12060127.456869563,10535333876.733315,-37657182.23109025,-43107.35878779099,50834671132.24818
2018-02-10 00:00:00+00:00,1.63324016,298109.6265265478,253606286.06599146,376354.93715440284,320170733.7210994,11981882.146241708,10193165066.805262,-66564447.655107915,-78245.31062785501,50805073242.684586
2018-02-11 00:00:00+00:00,1.57282516,389837.2259416696,317632850.0690803,265133.30974639865,216026185.3381795,12106586.062436977,9864243791.314705,101606664.7309008,124703.91619527095,50538732776.59682
2018-02-12 00:00:00+00:00,1.68196689,253983.6808707313,220349241.8311731,304408.78802585934,264096675.1024599,12056160.95528185,10459592981.657137,-43747433.271286815,-50425.10715512803,50331770341.63825
2018-02-13 00:00:00+00:00,1.63403271,326827.3427750059,274564638.543501,448397.9658271978,376694998.54465926,11934590.332229659,10026139345.964148,-102130360.00115824,-121570.62305219192,50177654670.76886
2018-02-14 00:00:00+00:00,1.77351687,326830.67251860176,300835764.04471076,354076.3333282753,325914405.2977427,11907344.671419984,10960278312.821041,-25078641.25303197,-27245.660809673544,50664695624.04769
2018-02-15 00:00:00+00:00,1.78728914,332831.7081953991,309489959.4475504,329004.52710840356,305931181.57198423,11911171.85250698,11075832028.122097,3558777.8755661845,3827.1810869955225,50798724881.06445
2018-02-16 00:00:00+00:00,1.80307119,216977.35469233227,203815390.61065578,248825.8982860326,233731984.26686892,11879323.30891328,11158717110.500334,-29916593.656213135,-31848.543593700335,50877536595.409584
2018-02-17 00:00:00+00:00,1.8610655,199725.1192388245,194778288.78950503,226533.3842600361,220922561.50866786,11852515.043892069,11558949654.903458,-26144272.71916282,-26808.265021211613,51186325300.489456
2018-02-18 00:00:00+00:00,1.7479162,205808.2006897294,188378490.55543602,249677.47497103593,228532515.72634527,11808645.769610763,10808582253.419025,-40154025.170909256,-43869.27428130654,51161849277.7476
2018-02-19 00:00:00+00:00,1.80155775,189978.73995665074,178169696.2900249,244644.36193053419,229437313.21818504,11753980.147636877,11023354895.2967,-51267616.92816013,-54665.62197388345,50870926376.658424
2018-02-20 00:00:00+00:00,1.70907954,311737.08466612484,276059754.5376366,337760.1646560907,299104574.76503223,11727957.067646913,10385729220.47463,-23044820.227395654,-26023.07998996589,50644470589.479225
2018-02-21 00:00:00+00:00,1.62879796,303808.8438346411,255402082.3707545,307506.57006791007,258510638.94894248,11724259.341413643,9856198431.41112,-3108556.5781879723,-3697.7262332689716,50457801464.822685
2018-02-22 00:00:00+00:00,1.57724792,225924.75955144753,182338654.32114682,261363.9801174846,210940830.55464634,11688820.120847607,9433776694.811321,-28602176.233499527,-35439.22056603708,50035368187.125336
2018-02-23 00:00:00+00:00,1.66793511,254883.2724365987,218120742.86043748,239131.15612775355,204640598.4866478,11704572.23715645,10016388940.813171,13480144.373789668,15752.116308845143,50179968490.16289
2018-02-24 00:00:00+00:00,1.6221155,181069.40894728378,151012402.4378509,223153.3373661997,186110518.5222375,11662488.308737535,9726548444.296024,-35098116.08438662,-42083.92841891592,50295670349.989296
2018-02-25 00:00:00+00:00,1.6407222,141111.4328249479,118859813.70104413,173469.24103714328,146115174.79320148,11630130.50052534,9796195226.26574,-27255361.09215735,-32357.808212195378,50231065003.35596
2018-02-26 00:00:00+00:00,1.68393239,346925.12267128343,300389641.0765537,293224.53030680405,253892282.9672399,11683831.09288982,10116597499.102837,46497358.109313816,53700.59236447938,50321015831.00838
2018-02-27 00:00:00+00:00,1.69821627,264078.8276781356,231082965.61163983,275122.47525721585,240746742.35656723,11672787.44531074,10214307460.893248,-9663776.744927406,-11043.64757908025,50437874531.5592
2018-02-28 00:00:00+00:00,1.65428102,235263.8283522756,200285660.22020304,288820.9096874352,245880069.993293,11619230.363975579,9891725561.886486,-45594409.773089945,-53557.0813351596,50383935362.57056
2018-03-01 00:00:00+00:00,1.68500825,212906.25532158779,185079890.36760283,245143.04045439305,213103400.75799298,11586993.578842774,10072599783.52028,-28023510.390390158,-32236.785132805264,50520295511.55081
2018-03-02 00:00:00+00:00,1.65884301,257527.69917777026,220277053.42489406,246352.86340630674,210718625.71360588,11598168.414614238,9920526497.358736,9558427.711288184,11174.83577146352,50504352523.94121
2018-03-03 00:00:00+00:00,1.65748506,145412.07777933797,124238271.7170999,183652.89143268953,156910747.5520003,11559927.600960886,9876658447.158598,-32672475.83490041,-38240.813653351564,50499221814.186935
2018-03-04 00:00:00+00:00,1.66925161,136746.34182124084,117756476.11597247,172974.33556516215,148953514.5392191,11523699.607216965,9923411767.30553,-31197038.423246637,-36227.99374392131,50549433836.35279
2018-03-05 00:00:00+00:00,1.65108944,272423.5136420323,231998248.7591982,258598.54780864198,220224786.8446117,11537524.573050356,9825456915.151218,11773461.914586484,13824.965833390306,50550862937.04448
2018-03-06 00:00:00+00:00,1.58017196,373668.85542675597,303548472.0998912,251319.0293685306,204158056.70322588,11659874.399108581,9471854577.454351,99390415.3966653,122349.82605822536,50394883680.34836
2018-03-07 00:00:00+00:00,1.47476601,412761.0272411159,310294849.04475576,333478.8814781362,250694160.44317073,11739156.544871561,8824960613.047024,59600688.60158503,79282.14576297975,49979711018.86506
2018-03-08 00:00:00+00:00,1.38262832,330986.5005741138,231471248.34153214,324585.2917667693,226994643.4317828,11745557.753678905,8214108161.498386,4476604.909749329,6401.20880734449,49603487119.098724
2018-03-09 00:00:00+00:00,1.44035658,326848.0948540402,237066488.05778852,345643.79088929686,250699211.39267543,11726762.057643648,8505548421.618837,-13632723.334886909,-18795.696035256668,49394124508.63937
2018-03-10 00:00:00+00:00,1.37004051,265245.4487849888,181661457.36740905,209598.71425593054,143550089.43030858,11782408.792172706,8069542992.308644,38111367.93710047,55646.734529058245,49044818543.43746
2018-03-11 00:00:00+00:00,1.43619107,155097.51705404275,111368499.47452842,210768.58693151342,151343372.278167,11726737.722295236,8420439015.850304,-39974872.80363859,-55671.06987747067,49062296079.009445
2018-03-12 00:00:00+00:00,1.39843978,157086.9362560386,109448631.19095725,226030.37389668668,157484228.92563507,11657794.284654588,8122442626.811119,-48035597.73467782,-68943.43764064807,48901160241.65109
2018-03-13 00:00:00+00:00,1.38992827,333061.1221479123,229779568.45469984,853278.4952176708,588678627.9297986,11137576.91158483,7683837728.855236,-358899059.4750987,-520217.3730697585,48727925559.19668
2018-03-14 00:00:00+00:00,1.24845781,377113.182638364,230918707.4990611,326399.08761820017,199864812.24111938,11188291.006604994,6850955674.085111,31053895.257941723,50714.095020163804,48160019906.904724
2018-03-15 00:00:00+00:00,1.25508563,409124.40944609116,250043041.68543583,364666.20069329673,222871683.810492,11232749.215357788,6865077505.6427965,27171357.874943823,44458.208752794424,47824428780.33756
2018-03-16 00:00:00+00:00,1.24651026,317486.1841240206,191915414.36365855,270270.8464962762,163374483.96018332,11279964.552985532,6818561497.932637,28540930.403475225,47215.33762774442,47636925674.79699
2018-03-17 00:00:00+00:00,1.15055511,247923.78931024089,136572539.21268547,239640.47177304505,132009549.46366957,11288247.870522728,6218300709.3777,4562989.7490158975,8283.317537195835,47041651048.65583
2018-03-18 00:00:00+00:00,1.12510162,687186.0578490194,369885680.19817317,500384.5463486641,269337650.51370513,11475049.382023083,6176575321.191656,100548029.68446803,186801.51150035532,47014962470.08531
2018-03-19 00:00:00+00:00,1.15480117,612765.0368107879,337105462.1813132,522785.1266109353,287604075.20136285,11565029.292222936,6362364545.121844,49501386.97995037,89979.91019985254,46826209904.53744
2018-03-20 00:00:00+00:00,1.16932635,299667.4237901971,166506208.60932383,395159.02674623905,219564844.61698443,11469537.689266894,6372895695.458133,-53058636.0076606,-95491.60295604193,46716440236.89971
2018-03-21 00:00:00+00:00,1.17931911,396399.4839033852,220952215.7017436,346847.94982375536,193332297.68746296,11519089.223346524,6420715440.146303,27619918.014280647,49551.53407962981,46477007359.915855
2018-03-22 00:00:00+00:00,1.14537471,326943.42837449204,176259794.2536372,313242.9824809986,168873691.44564864,11532789.669240016,6217488892.122088,7386102.807988554,13700.445893493423,46294323429.83847
2018-03-23 00:00:00+00:00,1.14464095,470749.7641935942,253071711.9505993,432967.1684329089,232760058.2475464,11570572.265000703,6220257032.667668,20311653.70305291,37782.59576068533,46202793250.18625
2018-03-24 00:00:00+00:00,1.12052195,227963.3717497641,119699555.02995172,287161.07053298975,150783224.95797628,11511374.566217477,6044420218.840535,-31083669.92802456,-59197.69878322564,46108576619.62004
2018-03-25 00:00:00+00:00,1.1166913,191196.30594707388,99847070.59892265,222131.15228903308,116001952.73104627,11480439.719875516,5995347397.215912,-16154882.13212362,-30934.8463419592,46024283995.404686
2018-03-26 00:00:00+00:00,1.05456042,420076.25232711586,205760741.95282578,389705.611037076,190884667.30970234,11510810.361165557,5638197511.216024,14876074.643123448,30370.641290039872,45721178764.558105
2018-03-27 00:00:00+00:00,0.98763844,562064.9061406092,253238115.48208106,457760.99975718587,206244032.76781583,11615114.26754898,5233185022.028937,46994082.71426523,104303.90638342331,44914702695.37873
2018-03-28 00:00:00+00:00,0.98245777,426844.8318850806,190141480.79621327,394516.9032261605,175740743.64980143,11647442.1962079,5188447279.294978,14400737.146411836,32327.928658920107,44650531567.19151
2018-03-29 00:00:00+00:00,0.8611093,658047.8898474727,253583012.0494886,508267.2502059299,195864073.45399344,11797222.835849443,4546136150.101662,57718938.595495164,149780.63964154274,44078623401.88237
2018-03-30 00:00:00+00:00,0.88138377,531730.5597193193,208686765.4850019,475587.92130708206,186652625.4456775,11853365.47426168,4652056301.298552,22034140.039324403,56142.638412237284,43868444491.76276
2018-03-31 00:00:00+00:00,0.88914572,311678.6000210292,122961065.71009028,299781.5533744875,118267533.5447035,11865262.520908222,4680992934.395976,4693532.165386781,11897.046646541683,43721180248.85595
2018-04-01 00:00:00+00:00,0.85535842,272608.1352508663,103063891.87774277,280255.8875680799,105955247.69587974,11857614.76859101,4482962055.821869,-2891355.818136975,-7647.752317213628,43562502320.02613
2018-04-02 00:00:00+00:00,0.87189648,268682.1535635422,103012118.02706392,269695.5534251434,103400653.19684471,11856601.368729407,4545793620.440636,-388535.1697807908,-1013.3998616012395,43347890664.51262
2018-04-03 00:00:00+00:00,0.94609593,250581.60826882374,104045224.90294288,340543.5025419291,141398746.52412468,11766639.474456301,4885684384.139892,-37353521.6211818,-89961.89427310534,43272401952.79788
2018-04-04 00:00:00+00:00,0.86884248,342458.41288697754,129630740.99839108,326155.5878425998,123459634.63527395,11782942.29950068,4460195702.447706,6171106.363117129,16302.825044377765,42965684677.81925
2018-04-05 00:00:00+00:00,0.88227321,251473.9485141031,96239279.83515257,287764.5300785377,110127714.22446737,11746651.717936246,4495452942.494925,-13888434.3893148,-36290.5815644346,42786779190.3691
2018-04-06 00:00:00+00:00,0.85728562,281620.757739814,104181868.63262673,256544.8703162767,94905376.26618294,11771727.605359782,4354794684.892209,9276492.366443783,25075.887423537293,42574074822.42563
2018-04-07 00:00:00+00:00,0.89080189,195060.21120466728,75002065.30922312,186811.5607062382,71830399.39347672,11779976.25585821,4529486270.041702,3171665.915746391,8248.65049842908,42594725456.37774
2018-04-08 00:00:00+00:00,0.92412917,200952.91879367502,80263720.7543802,199678.95096981362,79754878.19425067,11781250.223682072,4705614547.763713,508842.5601295233,1273.9678238613997,42659356333.36635
2018-04-09 00:00:00+00:00,0.91921794,311511.77140211035,123410184.63011135,291347.8530841495,115421937.92185493,11801414.142000034,4675311920.333951,7988246.7082564235,20163.918317960866,42547040284.368965
2018-04-10 00:00:00+00:00,0.96085422,270516.5671169536,111845804.8795105,281165.70502671134,116248719.6935035,11790765.004090276,4874923617.737253,-4402914.813992992,-10649.13790975773,42488358539.3402
2018-04-11 00:00:00+00:00,0.99965056,310839.29683329473,133597929.88098158,289207.05020231334,124300445.94630428,11812397.250721257,5076937940.9403,9297483.934677303,21632.24663098139,42462565373.811646
2018-04-12 00:00:00+00:00,1.139628,447014.6062444685,220630856.4862021,425245.8652913352,209886563.3601528,11834165.99167439,5840932582.670648,10744293.12604928,21768.740953133267,42781978920.834694
2018-04-13 00:00:00+00:00,1.1449447,432287.1920204238,214551804.03403986,463815.31278272497,230199769.81285292,11802637.87091209,5857858604.899467,-15647965.778813064,-31528.120762301143,42829740050.86239
2018-04-14 00:00:00+00:00,1.16039066,201259.31258511308,101277983.17323661,200511.04734075282,100901440.12608998,11803386.13615645,5939715917.390504,376543.04714663327,748.2652443602565,42856291020.486984
2018-04-15 00:00:00+00:00,1.22107196,206830.23415054858,109881447.18028954,248804.88925524324,132181068.2523239,11761411.481051754,6248413921.342609,-22299621.07203436,-41974.655104694655,43004951663.60131
2018-04-16 00:00:00+00:00,1.17579392,267858.38533710066,136871284.43934536,284947.5305652516,145603560.09464684,11744322.335823605,6001157966.1800585,-8732275.655301481,-17089.14522815094,42965087324.92745
2018-04-17 00:00:00+00:00,1.15609887,273238.6781734295,137200419.78211606,294692.74537812185,147973078.49278814,11722868.268618912,5886364471.738855,-10772658.71067208,-21454.067204692343,42948464749.28852
2018-04-18 00:00:00+00:00,1.20593937,311170.8776410648,163363028.51105177,339251.32106555655,178105109.50055128,11694787.82519442,6139700383.921183,-14742080.98949951,-28080.443424491736,43057384746.542786
2018-04-19 00:00:00+00:00,1.29384483,318647.06142531557,180539857.0605569,348494.2705445195,197450764.20633206,11664940.616075216,6609151523.400146,-16910907.14577517,-29847.209119203908,43320152339.27299
2018-04-20 00:00:00+00:00,1.39707226,387396.00086726894,238758873.06643593,370773.5419684186,228514163.4013962,11681563.074974066,7199549890.01268,10244709.665039748,16622.458898850367,43649960277.93737
2018-04-21 00:00:00+00:00,1.37040878,278871.1105406992,168827547.16914967,288097.8754949968,174413396.82033822,11672336.310019769,7066389577.368733,-5585849.651188552,-9226.76495429757,43719796364.36597
2018-04-22 00:00:00+00:00,1.40354047,243053.71990046152,150970169.17155328,281805.30701769894,175040295.17148212,11633584.72290253,7226074360.875717,-24070125.999928832,-38751.58711723742,43806861739.50706
2018-04-23 00:00:00+00:00,1.43334673,370876.4707426557,238318443.96284726,828692.7668209231,532502831.2434131,11175768.426824264,7181344603.060447,-294184387.28056586,-457816.2960782674,44385913691.39673
2018-04-24 00:00:00+00:00,1.55790945,488941.74586789776,344707363.43081975,431961.6409330781,304535989.42545944,11232748.531759083,7919166573.905565,40171374.005360305,56980.10493481968,44813475622.26254
2018-04-25 00:00:00+00:00,1.36282871,506272.4686462042,311127959.3020872,465723.7738730565,286208901.9990741,11273297.226532232,6927965034.472252,24919057.303013086,40548.6947731477,44664361230.82574
2018-04-26 00:00:00+00:00,1.45887021,413212.19880650076,273462495.1209385,418598.4750105687,277027115.2711406,11267910.950328164,7457066979.574389,-3564620.1502020955,-5386.276204067923,44941426835.86217
2018-04-27 00:00:00+00:00,1.43096882,367212.7353435518,238288016.41371223,375266.535662785,243514207.98592648,11259857.15000893,7306633913.083587,-5226191.572214246,-8053.800319233211,44934763357.974686
2018-04-28 00:00:00+00:00,1.49954035,302911.24607122806,206747694.1065967,490343.7351341797,334677031.2211157,11072424.660945978,7557323461.940081,-127929337.114519,-187432.48906295164,45111171476.34352
2018-04-29 00:00:00+00:00,1.5097924,365149.3653461387,251334539.29225942,408581.6390542784,281229238.66412574,11028992.38723784,7591322849.148617,-29894699.371866316,-43432.27370813966,45193107663.41231
2018-04-30 00:00:00+00:00,1.46345418,362021.78239836294,241491483.81247434,431953.9159950232,288140651.154141,10959060.253641179,7310388077.50505,-46649167.34166667,-69932.13359666028,45194523928.691025
2018-05-01 00:00:00+00:00,1.47164055,364672.89672809787,244889403.84708613,343109.3039367122,230408768.1023873,10980623.846432565,7373836804.84193,14480635.744698822,21563.592791385658,45253497467.57839
2018-05-02 00:00:00+00:00,1.49815735,435950.2070988405,299328575.3121214,455204.1815272422,312548582.1865368,10961369.872004163,7526206373.638268,-13220006.874415398,-19253.974428401678,45460333455.087585
2018-05-03 00:00:00+00:00,1.67700609,603464.5800161692,469723277.7601599,553890.869406333,431136214.64245045,11010943.582613999,8570671224.34769,38587063.11770946,49573.71060983627,46049473437.34532
2018-05-04 00:00:00+00:00,1.67844175,613562.3951573132,480659389.3725115,486972.5087572917,381489984.63386345,11137533.46901402,8725045860.999392,99169404.73864806,126589.8864000215,46316055418.51699
2018-05-05 00:00:00+00:00,1.72826208,426323.32746931765,345900156.87270004,354023.4370949434,287239178.6643825,11209833.359388394,9095169951.28148,58660978.20831752,72299.89037437423,46596345187.58255
2018-05-06 00:00:00+00:00,1.6723889,328871.29772033525,258122918.90282086,369627.2866998713,290111283.0777786,11169077.37040886,8766331608.400229,-31988364.174957722,-40755.98897953605,46591140964.8614
2018-05-07 00:00:00+00:00,1.59606162,660008.5799238248,493577722.3548153,603145.0989022555,451053203.27806073,11225940.851430427,8395154980.225272,42524519.07675457,56863.48102156923,46525063847.554405
2018-05-08 00:00:00+00:00,1.60177919,465274.1627806798,349733202.89624363,481579.0340365898,361989105.5517028,11209635.980174517,8425960881.252266,-12255902.655459166,-16304.871255909966,46606346197.08
2018-05-09 00:00:00+00:00,1.5942497,389006.2128577623,291106882.4507331,466430.15090219147,349045908.8369611,11132212.042130088,8330621556.2935705,-57939026.386227965,-77423.93804442917,46628251411.21456
2018-05-10 00:00:00+00:00,1.54828574,395022.7807808132,286764089.2705071,439351.8502980005,318944474.47051597,11087882.9726129,8049172901.609375,-32180385.20000887,-44329.06951718731,46585472008.187164
2018-05-11 00:00:00+00:00,1.45987902,426802.39208831463,290026090.39032143,472018.91155176813,320752184.2551602,11042666.453149447,7503850583.4536,-30726093.86483878,-45216.5194634535,46257553594.59134
2018-05-12 00:00:00+00:00,1.47253925,361979.74836005195,248237617.65546817,325414.69345310883,223162120.58508384,11079231.508056391,7597889239.5871935,25075497.070384324,36565.054906943114,46290919680.2519
2018-05-13 00:00:00+00:00,1.56509105,224744.76747168036,164384331.33762753,315902.02088634454,231059183.51647723,10988074.254641727,8036971269.042268,-66674852.1788497,-91157.25341466418,46462213830.66132
2018-05-14 00:00:00+00:00,1.5542795,377307.16975719476,274084156.7598084,433907.30229044147,315199727.4176663,10931474.12210848,7940861205.547333,-41115570.657857895,-56600.13253324671,46474798224.803505
2018-05-15 00:00:00+00:00,1.51381273,374905.6397875688,264860026.22792238,355752.24851256254,251328707.47175133,10950627.513383487,7736302638.846378,13531318.756171048,19153.39127500629,46416229348.6831
2018-05-16 00:00:00+00:00,1.51221319,308205.61943895643,217405348.96298632,329803.6659769393,232640408.11945632,10929029.466845503,7709234729.047197,-15235059.15647,-21598.046537982882,46403788380.789314
2018-05-17 00:00:00+00:00,1.43971798,338992.5244591347,226462171.84588188,339615.55802428565,226878386.14005277,10928406.433280353,7300664401.505173,-416214.2941708863,-623.0335651509813,46169486583.52134
2018-05-18 00:00:00+00:00,1.49222575,343990.69890143647,238609727.50817922,301150.6839929656,208893679.03244564,10971246.448188823,7610223572.287648,29716048.47573358,42840.014908470854,46261974279.75607
2018-05-19 00:00:00+00:00,1.49231142,252266.5684578505,175024962.07491314,222777.54700256154,154565196.465105,11000735.469644113,7632415663.085834,20459765.609808147,29489.021455288952,46279476821.09337
2018-05-20 00:00:00+00:00,1.53178592,213518.92195472025,152365328.66539538,243520.29446662957,173774058.8207462,10970734.097132202,7828624700.365834,-21408730.155350834,-30001.372511909314,46381996737.052376
2018-05-21 00:00:00+00:00,1.49812325,329084.1777622522,229649921.13146898,307568.80965441174,214635517.75699335,10992249.465240043,7670892110.083595,15014403.374475628,21515.368107840477,46387376057.605644
2018-05-22 00:00:00+00:00,1.3897053,441745.2251021032,284337211.0751337,454784.46490789246,292730150.8744514,10979210.225434255,7066964933.431949,-8392939.799317718,-13039.239805789257,46133530159.65474
2018-05-23 00:00:00+00:00,1.26280432,609950.0220302708,352691394.2870582,502713.61359940335,290684087.0622344,11086446.633865122,6410515910.749327,62007307.22482377,107236.40843086742,45617679633.603935
2018-05-24 00:00:00+00:00,1.31637511,475524.4410914983,285605006.9274669,477353.2116900104,286703385.88409406,11084617.86326661,6657538683.731778,-1098378.9566271305,-1828.7705985120847,45464315133.967094
2018-05-25 00:00:00+00:00,1.27263401,316887.9742640371,183349567.0726669,376627.3806177454,217914445.4577461,11024878.456912901,6378931535.027195,-34564878.385079175,-59739.4063537083,45312489581.5087
2018-05-26 00:00:00+00:00,1.28586339,204732.74090512493,119622763.2236018,279088.26604720793,163067760.53626814,10950522.931770818,6398252697.886154,-43444997.31266634,-74355.525142083,45296981668.3577
2018-05-27 00:00:00+00:00,1.26009992,371995.60113626375,212182140.45210755,392713.6987368686,223999512.16716108,10929804.834170213,6234238731.195447,-11817371.715053529,-20718.097600604873,45132830201.224266
2018-05-28 00:00:00+00:00,1.1416378,581277.7730815622,298542564.0766566,557849.3038099478,286509770.7846318,10953233.303441828,5625548587.560596,12032793.292024791,23428.46927161445,44865319639.5557
2018-05-29 00:00:00+00:00,1.25264302,470943.94460560294,265566826.09176058,393401.45500705263,221840363.34429717,11030775.793040378,6220290440.597597,43726462.747463405,77542.48959855031,44903868992.808685
2018-05-30 00:00:00+00:00,1.23976503,441303.573986707,245701230.17229086,428104.4339501887,238352445.49127993,11043974.933076896,6148869818.875915,7348784.681010932,13199.140036518336,44805054582.35884
2018-05-31 00:00:00+00:00,1.28068553,442924.5943707626,254889756.39440486,478974.34911792056,275635303.8811842,11007925.178329738,6334729212.990196,-20745547.486779362,-36049.754747157975,44840131690.744804
2018-06-01 00:00:00+00:00,1.28793241,623948.0080360175,361158305.5526817,356988.7729562957,206634941.82480708,11274884.41340946,6526213879.369006,154523363.7278746,266959.23507972184,44857224264.952774
2018-06-02 00:00:00+00:00,1.31497844,289190.5617440016,171146432.89554998,246029.74857765806,145603347.49973413,11318045.226575805,6698154518.589277,25543085.39581585,43160.81316634352,44929489206.79256
2018-06-03 00:00:00+00:00,1.37031158,251994.79884118703,155791460.85386506,210848.2590104654,130353318.56367527,11359191.766406525,7022625417.451383,25438142.290189788,41146.539830721624,45049318604.943596
2018-06-04 00:00:00+00:00,1.3105608,420400.2002393977,247986792.8633967,392485.17855561676,231520205.32102412,11387106.788090307,6717056963.254255,16466587.542372584,27915.021683780942,44952559678.124985
2018-06-05 00:00:00+00:00,1.34684862,444787.9538189468,270066487.8374287,418530.75096023985,254123631.2568919,11413363.990949014,6929969890.102896,15942856.580536783,26257.202858706936,45033252242.74242
2018-06-06 00:00:00+00:00,1.34285375,405516.7539872458,245511783.21108255,382380.0596894887,231504147.22859818,11436500.685246771,6923994259.970853,14007635.98248437,23136.694297757058,45046277133.5802
2018-06-07 00:00:00+00:00,1.33702395,492389.7242850393,296497068.4514053,396290.2773822555,238629889.50519624,11532600.132149555,6944462815.038737,57867178.94620904,96099.44690278382,45007691187.30129
2018-06-08 00:00:00+00:00,1.3313574,356890.4424493338,214180011.89927116,368418.94805661263,221098592.99435985,11521071.626542276,6914119753.754662,-6918581.0950886905,-11528.505607278843,45056118501.02215
2018-06-09 00:00:00+00:00,1.31920168,260096.96809141806,155005730.54854795,245094.91711103183,146065203.90955997,11536073.677522661,6874964907.002601,8940526.638987988,15002.050980386237,45164386280.338905
2018-06-10 00:00:00+00:00,1.1617924,419404.6763837466,218625976.80645016,433184.21522134286,225808932.33352554,11522294.138685066,6006305968.835593,-7182955.52707538,-13779.53883759625,44866651443.65298
2018-06-11 00:00:00+00:00,1.18501233,444173.3067262686,235132702.49177855,434948.9218617156,230249575.7725872,11531518.523549618,6104457591.701267,4883126.719191343,9224.384864552994,44679859255.08389
2018-06-12 00:00:00+00:00,1.10629446,584244.3335498009,286183957.2223955,441857.61118982563,216437802.53858483,11673905.245909594,5718300046.172228,69746154.68381065,142386.72235997528,44293859712.0346
2018-06-13 00:00:00+00:00,1.07849175,592711.0173875742,281212320.18804,525901.2273746764,249514350.16613737,11740715.035922492,5570393697.877613,31697970.02190265,66809.7900128978,44017677788.12182
2018-06-14 00:00:00+00:00,1.17313082,535195.1915971817,277082447.60039115,592021.3857346718,306502631.5008507,11683888.841785002,6049008975.793151,-29420183.900459528,-56826.19413749012,44166391405.13366
2018-06-15 00:00:00+00:00,1.108696,527885.1058965914,256815706.17658514,481537.8418754359,234267797.16003987,11730236.105806157,5706751024.948999,22547909.016545266,46347.26402115554,43923840915.796844
2018-06-16 00:00:00+00:00,1.13335781,220069.3836950332,109445347.06694388,254892.39214068788,126763595.43597318,11695413.097360503,5816386287.088921,-17318248.3690293,-34823.008445654676,43932965697.98387
2018-06-17 00:00:00+00:00,1.13084684,207428.18366965922,102849270.0312749,234538.1791791259,116291239.1956013,11668303.101851037,5785503374.21952,-13441969.1643264,-27109.99550946668,43907440962.04218
2018-06-18 00:00:00+00:00,1.1780153,300738.33599493245,155436790.61477864,311748.89082348824,161127602.52865317,11657292.54702248,6025078694.314798,-5690811.913874537,-11010.554828555789,43945253138.408646
2018-06-19 00:00:00+00:00,1.22191667,352556.7365542555,189349331.49985737,339573.52059941867,182376373.65541604,11670275.762977317,6267810780.573979,6972957.8444413245,12983.215954836807,44033156257.69047
2018-06-20 00:00:00+00:00,1.21750926,391648.63346789835,209637348.00983304,451622.0256965785,241739241.96168458,11610302.370748637,6214634217.013097,-32101893.951851547,-59973.39222868014,44053017767.87485
2018-06-21 00:00:00+00:00,1.19710454,317269.0573366359,166760163.05161852,339854.1843756675,178631158.28571796,11587717.243709605,6090633713.790562,-11870995.234099448,-22585.12703903159,44004497860.77171
2018-06-22 00:00:00+00:00,1.0638575,582339.9588859893,269604231.9051863,520349.8588876012,240904856.15264043,11649707.343707994,5393431023.227295,28699375.752545863,61990.09999838809,43623516826.89507
2018-06-23 00:00:00+00:00,1.09176427,264113.11089386756,125518498.90665387,252318.886340928,119913349.82245009,11661501.568260932,5542073117.429964,5605149.08420378,11794.224552939559,43644786300.54846
2018-06-24 00:00:00+00:00,1.04817453,391365.8985137768,177832268.56627637,312101.8192106105,141815561.2041169,11740765.647564098,5334872041.074966,36016707.36215946,79264.07930316625,43473601957.482414
2018-06-25 00:00:00+00:00,1.0628783,499908.21857227304,229554999.5830336,389461.9425446758,178838700.2593863,11851211.923591696,5442008847.040438,50716299.32364729,110446.27602759725,43334471263.87578
2018-06-26 00:00:00+00:00,1.00675517,385789.4140157836,166851252.4898284,343395.0050163274,148515963.90195668,11893606.332591152,5143902453.302151,18335288.58787173,42394.40899945615,43098804018.3782
2018-06-27 00:00:00+00:00,1.03004605,410826.60523485445,181451909.41824177,394218.00995702436,174116305.3275713,11910214.927868983,5260446165.622683,7335604.090670466,16608.595277830085,43027426243.165245
2018-06-28 00:00:00+00:00,0.98368254,318803.0985311341,133830816.31047297,307094.6105440983,128915693.11284404,11921923.415856019,5004721566.654208,4915123.19762893,11708.487987035769,42831755316.06054
2018-06-29 00:00:00+00:00,1.02454718,421113.78888314194,183915729.03216767,340808.5840441207,148843521.27516967,12002228.62069504,5241810373.011614,35072207.756998,80305.20483902126,42792026001.8376
2018-06-30 00:00:00+00:00,1.05897491,230555.56527908475,104147347.69061191,209004.46996185163,94412213.27995275,12023779.716012273,5431422855.150037,9735134.410659164,21551.09531723312,42830349511.128265
2018-07-01 00:00:00+00:00,1.05943096,195648.36399249636,88393625.94452599,202488.11778059162,91483816.0466049,12016939.962224178,5429234747.18863,-3090190.1020789146,-6839.753788095259,42827734205.26998
2018-07-02 00:00:00+00:00,1.11439496,278883.4228153051,132745566.6406383,324701.7787529615,154554620.61769977,11971121.60628652,5698127572.117857,-21809053.977061465,-45818.355937656364,42904276257.86331
2018-07-03 00:00:00+00:00,1.08587639,344639.2081209585,159137736.8726988,349970.73490916955,161599578.37871313,11965790.07949831,5525223794.260894,-2461841.5060143173,-5331.526788211078,42722739029.09826
2018-07-04 00:00:00+00:00,1.09527063,268957.1481582005,125261184.05316038,330776.10628056776,154052074.8860217,11903971.121375943,5544026354.418029,-28790890.83286132,-61818.95812236727,42729858004.66271
2018-07-05 00:00:00+00:00,1.10437233,347430.3091562464,162270336.818733,401874.1524538961,187698805.65632895,11849527.278078293,5534424406.512545,-25428468.83759594,-54443.8432976497,42507309950.42926
2018-07-06 00:00:00+00:00,1.10842193,333264.78480529663,156138872.33942813,367250.8028834618,172061762.425557,11815541.260000128,5535734264.55553,-15922890.08612886,-33986.01807816519,42492515112.28322
2018-07-07 00:00:00+00:00,1.13642762,251828.00860119174,121011788.04234467,215049.63728908222,103338549.4757328,11852319.631312238,5695436337.686584,17673238.56661187,36778.37131210952,42517375129.43672
2018-07-08 00:00:00+00:00,1.14993373,319006.5850569388,155079326.35979614,249463.44804528233,121272178.33873019,11921862.768323895,5795599632.326114,33807148.02106595,69543.13701165648,42516175402.962074
2018-07-09 00:00:00+00:00,1.11767572,321372.3578883427,151598270.8191373,315023.7669953123,148603503.60317186,11928211.359216925,5626794500.63577,2994767.21596545,6348.5908930303995,42455290873.743004
2018-07-10 00:00:00+00:00,1.03375057,500722.146576667,216877001.82805353,411163.71376516344,178086697.6057015,12017769.792028427,5205237872.888465,38790304.22235203,89558.43281150353,42155159423.81923
2018-07-11 00:00:00+00:00,1.06592173,323309.84383204154,144308403.2406862,251952.95651305068,112458465.27659933,12089126.679347418,5395946337.400416,31849937.964086875,71356.88731899086,42139211891.02699
2018-07-12 00:00:00+00:00,1.01629152,265482.27952865086,112533091.10711543,227979.05316439286,96636158.18657242,12126629.905711677,5140257008.582941,15896932.920543015,37503.22636425801,41981112828.81787
2018-07-13 00:00:00+00:00,1.03581228,207749.00645158277,89613298.99805075,235864.28323001147,101740927.17491749,12098514.628933247,5218738839.6852,-12127628.17686674,-28115.2767784287,41924466563.76794
2018-07-14 00:00:00+00:00,1.04277989,207198.58508100547,89907441.34891166,188663.04961583094,81864516.89045393,12117050.164398422,5257820542.3148,8042924.458457723,18535.53546517453,41900529714.660095
2018-07-15 00:00:00+00:00,1.07783434,180371.7505256449,80937867.0984648,166603.41149763062,74759626.92965531,12130818.503426436,5443438747.833909,6178240.168809488,13768.339028014278,41929860768.450966
2018-07-16 00:00:00+00:00,1.1447682,412548.1314479373,196936156.67398426,295383.6268341968,141005889.44369087,12247983.008040177,5846761909.07944,55930267.23029339,117164.50461374049,42006195111.48044
2018-07-17 00:00:00+00:00,1.19509655,414056.78802716074,206796008.6947492,370185.91417975305,184885193.86951405,12291853.881887585,6139028258.284879,21910814.82523516,43870.873847407696,42106459001.396255
2018-07-18 00:00:00+00:00,1.14760033,463953.3295876032,222234406.28739446,362716.8782348456,173741979.94567406,12393090.333240343,5936310608.486915,48492426.3417204,101236.45135275763,42063308050.35415
2018-07-19 00:00:00+00:00,1.12358728,361404.3668058206,169283773.91447425,301511.07781956904,141229431.12566546,12452983.622226594,5833045357.745538,28054342.788808793,59893.28898625157,42020406262.42244
2018-07-20 00:00:00+00:00,1.07805741,347569.0921748776,155557318.0049805,361826.1239527552,161938166.23346034,12438726.590448717,5567051246.414872,-6380848.228479832,-14257.031777877593,41854243094.95285
2018-07-21 00:00:00+00:00,1.11213988,222194.23288567935,102650802.52541997,213286.013843522,98535322.92059977,12447634.809490874,5750642967.385245,4115479.604820192,8908.219042157347,41888116933.61959
2018-07-22 00:00:00+00:00,1.10153969,163101.24593649965,74559333.38826671,196922.62181542773,90020277.44989981,12413813.433611946,5674792053.8679905,-15460944.061633095,-33821.375878928084,41855710517.278984
2018-07-23 00:00:00+00:00,1.08408943,401896.28375920636,180433616.66805348,322560.6190342566,144815419.89551643,12493149.098336896,5608870164.962107,35618196.77253705,79335.66472494975,41776925037.47686
2018-07-24 00:00:00+00:00,1.15058252,422437.630627756,201940812.4476022,367141.75061444315,175507336.53235346,12548444.97835021,5998620838.101958,26433475.91524875,55295.88001331285,41920878013.351776
2018-07-25 00:00:00+00:00,1.13801665,369473.58023202006,174648871.349277,301403.56278620334,142472411.77083597,12616514.995796025,5963782587.62991,32176459.578441024,68070.01744581672,41918893210.59021
2018-07-26 00:00:00+00:00,1.11816576,270902.1392120551,125545082.83352908,240200.3063049251,111316829.90545002,12647216.828703156,5861141920.072679,14228252.928079069,30701.83290712998,41835503045.80222
2018-07-27 00:00:00+00:00,1.13261639,246581.11885769127,115723426.96449986,266556.04596932244,125097895.81853296,12627241.901591524,5926113535.0968895,-9374468.854033098,-19974.927111631172,41834134487.95047
2018-07-28 00:00:00+00:00,1.12820618,179485.4853747905,83877478.02218243,165286.0856732477,77241789.159056,12641441.301293066,5907620957.225584,6635688.863126442,14199.399701542803,41828052022.17996
2018-07-29 00:00:00+00:00,1.12755782,169690.9911594611,79231907.7842903,144099.15332236336,67282598.50343408,12667033.139130164,5914475451.657783,11949309.280856222,25591.83783709773,41824496056.43319
2018-07-30 00:00:00+00:00,1.10268067,366641.1081103707,167150094.945085,301324.6452928619,137372602.1328574,12732349.601947673,5804623098.070356,29777492.812227577,65316.462817508786,41766847191.04244
2018-07-31 00:00:00+00:00,1.05001895,342976.4586477786,148096728.49780184,293341.79680384754,126664554.79071444,12781984.263791604,5519241934.68309,21432173.707087398,49634.66184393107,41551674255.644585
2018-08-01 00:00:00+00:00,1.0212763,340850.5584998987,142823176.02160755,342819.12797903095,143648045.8603611,12780015.694312472,5355081238.830476,-824869.8387535512,-1968.5694791322458,41465196424.37866
2018-08-02 00:00:00+00:00,1.00619777,459531.6200075934,188855643.7479457,286278.6723012542,117653150.71869734,12953268.642018812,5323459325.79812,71202493.02924836,173252.94770633924,41286857117.44839
2018-08-03 00:00:00+00:00,1.02234641,326492.60653128213,136230181.36815196,292011.0181020647,121842618.06164819,12987750.230448028,5419184183.849716,14387563.306503773,34481.5884292174,41263936260.903145
2018-08-04 00:00:00+00:00,0.99749273,268706.11284470884,109207328.64709608,248871.40352086304,101146121.565437,13007584.939771874,5286532518.311693,8061207.081659079,19834.709323845804,41202325943.767395
2018-08-05 00:00:00+00:00,1.00389694,241590.30854131488,98798338.03979373,181385.5190673843,74177594.02910091,13067789.729245804,5344071601.622968,24620744.01069282,60204.78947393058,41202768012.40184
2018-08-06 00:00:00+00:00,0.99738708,262016.55376935782,106215769.42782179,256304.4048774435,103900189.43521173,13073501.878137719,5299711186.66345,2315579.992610052,5712.148891914316,41117769954.48193
2018-08-07 00:00:00+00:00,0.94355719,344566.4078049413,130438932.56800514,286940.82088968763,108624211.58659816,13131127.465052973,4970914782.051375,21814720.981406987,57625.58691525366,40596318672.5063
2018-08-08 00:00:00+00:00,0.88861832,501236.1900943926,177622664.8531901,436527.267919793,154691816.23616275,13195836.387227573,4676197909.062902,22930848.617027342,64708.922174599546,40359846906.762856
2018-08-09 00:00:00+00:00,0.91739158,305494.47346208064,111505832.85569046,329726.7264180992,120350632.95046537,13171604.134271555,4807650601.311806,-8844800.094774902,-24232.25295601855,40275075605.37823
2018-08-10 00:00:00+00:00,0.83710084,420995.97941255424,139198954.2242676,366738.19807402795,121259052.68081209,13225861.91561008,4373025485.74551,17939901.54345551,54257.781338526285,39991236970.3321
2018-08-11 00:00:00+00:00,0.82126865,427295.6603368767,137974658.65152404,326440.9986236689,105408478.33430766,13326716.577323288,4303224538.372638,32566180.31721638,100854.66171320778,39816098542.64516
2018-08-12 00:00:00+00:00,0.81116825,248498.69051912698,79011311.82390682,209849.05428318086,66722480.62669028,13365366.213559235,4249580210.399362,12288831.19721654,38649.63623594612,39702202419.86297
2018-08-13 00:00:00+00:00,0.73508766,560408.6701757698,159375528.32215717,452108.241377177,128575794.17122366,13473666.642357826,3831797853.67862,30799734.15093352,108300.42879859282,39194532560.20416
2018-08-14 00:00:00+00:00,0.72328652,750961.8804312954,207447318.2079157,589827.716089062,162935271.54414627,13634800.80670006,3766506576.904511,44512046.663769424,161134.16434223333,38700319395.4195
2018-08-15 00:00:00+00:00,0.73960735,611471.0534409974,171914865.63762107,498565.6327589429,140171547.42642233,13747706.227382114,3865162636.245605,31743318.211198747,112905.42068205448,38526406112.05853
2018-08-16 00:00:00+00:00,0.75279712,396911.95838111336,113424064.95040397,316830.05009588954,90539353.68157934,13827788.135667339,3951515963.4328327,22884711.268824637,80081.90828522382,38480684452.505585
2018-08-17 00:00:00+00:00,0.82847546,416061.75395545043,131038946.80366641,389812.66354364494,122771777.01596823,13854037.226079144,4363338927.034817,8267169.7876981795,26249.09041180549,38544329230.56565
2018-08-18 00:00:00+00:00,0.78100832,233549.2070071603,68998352.26269056,253950.86029732603,75025692.19030152,13833635.572788978,4086924860.7455883,-6027339.927610964,-20401.653290165734,38360996708.11702
2018-08-19 00:00:00+00:00,0.79351541,182358.2703312602,54719337.53105764,176997.84314892712,53110860.85616971,13838995.999971312,4152598573.3347664,1608476.6748879328,5360.427182333078,38355956284.31299
2018-08-20 00:00:00+00:00,0.72334286,297995.7796836117,80940751.21413194,335972.2937122598,91255822.04243816,13801019.485942664,3748592969.669178,-10315070.828306228,-37976.51402864809,38095463910.77776
2018-08-21 00:00:00+00:00,0.74808903,394540.0388723902,110842403.5378665,289267.14616266405,81266950.3375283,13906292.37865239,3906845236.685084,29575453.2003382,105272.89270972618,38107427507.126144
2018-08-22 00:00:00+00:00,0.72282001,411620.4814294489,111170917.67554465,326083.43329787214,88068976.53058127,13991829.426783966,3778928861.687052,23101941.144963384,85537.04813157674,37922677623.33411
2018-08-23 00:00:00+00:00,0.73818071,325170.0520278651,89489441.20370771,348044.41600029456,95784652.08495924,13968955.062811537,3844369968.8050747,-6295210.881251529,-22874.363972429477,37846049599.161865
2018-08-24 00:00:00+00:00,0.75632795,232954.71061017475,65619830.29894849,249392.48487159156,70250103.51686847,13952517.28855012,3930213792.713985,-4630273.217919983,-16437.77426141681,37815003263.17853
2018-08-25 00:00:00+00:00,0.74597103,190758.6483182557,53111769.34316142,182800.7657429139,50896104.535679825,13960475.171125462,3886930127.396949,2215664.8074815944,7957.882575341791,37903787249.80869
2018-08-26 00:00:00+00:00,0.73292732,198967.0800267808,54375703.125405334,210383.96438368247,57495822.86744712,13949058.28676856,3812137425.840547,-3120119.742041789,-11416.88435690166,37874604197.79109
2018-08-27 00:00:00+00:00,0.76432546,482154.7132445139,137030179.90909114,276400.85424811044,78554160.61325002,14154812.145764964,4022850760.6228013,58476019.29584113,205753.85899640346,37776756439.99946
2018-08-28 00:00:00+00:00,0.79682005,332236.62450498337,98550017.29105474,308811.26124341815,91601445.74835937,14178237.50902653,4205633721.908606,6948571.542695373,23425.363261565217,37827642153.44264
2018-08-29 00:00:00+00:00,0.77666889,345638.0662181511,99751095.71122491,281677.1158865674,81291974.73500745,14242198.459358113,4110296406.8807893,18459120.976217464,63960.950331583736,37766535723.34975
2018-08-30 00:00:00+00:00,0.7669537,331082.74456685124,93989194.28640346,284121.98190853157,80657770.89523585,14289159.222016433,4056468010.93337,13331423.39116761,46960.76265831967,37627617688.55308
2018-08-31 00:00:00+00:00,0.76351171,303584.0544718813,85676206.27838056,345405.56166950206,97478894.9399091,14247337.714818811,4020823317.2721786,-11802688.661528543,-41821.507197620755,37582644368.3467
2018-09-01 00:00:00+00:00,0.79759438,262992.9827814081,77567221.89224021,240019.43187107137,70791396.53648953,14270311.265729148,4208889487.1395755,6775825.35575068,22973.55091033675,37606318787.71678
2018-09-02 00:00:00+00:00,0.79527788,198603.8341068237,58347425.71018185,202942.91084418265,59622194.44122082,14265972.188991789,4191171616.722174,-1274768.7310389727,-4339.076737358962,37576085522.622345
2018-09-03 00:00:00+00:00,0.7826428,404624.8982875221,116791795.82007986,267999.55279433035,77355963.96143323,14402597.53448498,4157196548.322812,39435831.85864663,136625.34549319174,37521421918.66419
2018-09-04 00:00:00+00:00,0.77300272,500545.2763085712,142808575.42949307,442627.8755865056,126284392.94055796,14460514.935207047,4125671813.5539117,16524182.488935113,57917.40072206565,37557851160.27286
2018-09-05 00:00:00+00:00,0.64355896,662135.0834685662,155073148.36253753,699139.011639931,163739530.47486243,14423511.007035682,3378010496.8700414,-8666382.112324893,-37003.92817136482,37039000413.66069
2018-09-06 00:00:00+00:00,0.63319051,740148.8135867462,169564215.73866746,680544.2559887742,155909123.8463046,14483115.564633654,3318005902.446493,13655091.892362863,59604.55759797199,36832067802.44713
2018-09-07 00:00:00+00:00,0.59887984,710799.3688880125,153020632.85296506,511460.3477402317,110106999.97222205,14682454.585781435,3160833550.071944,42913632.88074301,199339.02114778076,36601160300.20824
2018-09-08 00:00:00+00:00,0.55236631,456010.9720977874,89673990.38111645,483356.71122783684,95051495.96268548,14655108.846651385,2881908923.6015496,-5377505.581569031,-27345.73913004942,36256188143.808174
2018-09-09 00:00:00+00:00,0.55092899,599882.7028708479,117330356.99797924,478048.1890826706,93500886.78816774,14776943.360439563,2890205087.6312213,23829470.209811494,121834.51378817728,36162043694.79263
2018-09-10 00:00:00+00:00,0.55463952,735273.2481383065,144203342.26525986,438622.12463090505,86023497.4187015,15073594.483946964,2956265184.460331,58179844.84655836,296651.1235074015,36025284209.8918
2018-09-11 00:00:00+00:00,0.52407329,550405.1946705806,101441719.28133728,469677.8484614209,86563369.89116096,15154321.830156123,2792997733.086088,14878349.390176311,80727.34620915964,35836039687.99455
2018-09-12 00:00:00+00:00,0.5242721,1077808.6712084163,196881960.97649768,687971.5333254291,125670898.9223993,15544158.96803911,2839432063.5096917,71211062.05409838,389837.13788298727,35511777620.07609
2018-09-13 00:00:00+00:00,0.60931851,648725.0725251678,137920225.4991654,530764.8939776059,112841659.68718903,15662119.146586673,3329797314.72954,25078565.81197636,117960.17854756198,35569259520.85313
2018-09-14 00:00:00+00:00,0.60719773,577914.1363351761,122343153.68295708,513062.9754726436,108614305.32801495,15726970.307449205,3329365080.9324336,13728848.354942128,64851.160862532444,35548818446.21738
2018-09-15 00:00:00+00:00,0.6386023,384777.2108135468,85733368.72091816,337909.2202069801,75290570.63683829,15773838.298055772,3514616398.6480665,10442798.084079877,46867.99060656666,35582467775.038376
2018-09-16 00:00:00+00:00,0.63074915,313989.07143928966,69084657.44280283,325774.3768727742,71677689.6938903,15762052.992622288,3468006152.568147,-2593032.251087472,-11785.305433484551,35581457038.20605
2018-09-17 00:00:00+00:00,0.56673872,514342.2031321753,101228546.33565193,532921.8410842022,104885235.85067326,15743473.35467026,3098499233.122029,-3656689.515021324,-18579.637952026853,35429779798.27911
2018-09-18 00:00:00+00:00,0.60340767,447277.2678973858,93713530.0329071,445773.4307254892,93398446.07919839,15744977.191842157,3298887510.8082843,315083.9537087083,1503.8371718965936,35432438670.21635
2018-09-19 00:00:00+00:00,0.60272018,350660.76235465787,73317951.30211371,347399.7575060799,72636123.67737885,15748238.196690734,3292722440.474445,681827.6247348636,3261.0048485779553,35406358452.514595
2018-09-20 00:00:00+00:00,0.64465676,403911.11174623814,90335563.72846231,427729.3140894764,95662554.42790808,15724419.994347498,3516799372.8900304,-5326990.699445769,-23818.202343238285,35416460975.539
2018-09-21 00:00:00+00:00,0.70828037,756299.3758642565,186604277.7921568,618358.1099812532,152569567.30675012,15862361.2602305,3913773515.4958897,34034710.48540667,137941.26588300336,35568989677.5145
2018-09-22 00:00:00+00:00,0.6898456,593079.9748243775,142443732.88244867,303730.39699145063,72948832.15394643,16151710.838063426,3879257573.8085628,69494900.72850224,289349.5778329268,35556048955.19828
2018-09-23 00:00:00+00:00,0.70247727,319722.3432986347,78220295.24314162,265249.5852287119,64893496.824934915,16206183.59613335,3964854168.699953,13326798.418206707,54472.7580699228,35574262737.22703
2018-09-24 00:00:00+00:00,0.65557688,276321.25302122225,62946006.7125044,765518.317012116,174385142.63500705,15716986.532142457,3580330969.607313,-111439135.92250265,-489197.0639908937,35500826716.17522
2018-09-25 00:00:00+00:00,0.62799011,401483.81389240065,87372087.97922103,460526.30740205967,100221089.00724518,15657944.038632797,3407527817.506964,-12849001.028024152,-59042.49350965902,35411706495.2613
2018-09-26 00:00:00+00:00,0.62211485,419212.96603907517,90143893.06505248,464521.9863899406,99886748.88361509,15612635.018281931,3357204608.5533447,-9742855.818562612,-45309.02035086544,35327554643.21165
2018-09-27 00:00:00+00:00,0.66009596,358634.31091423804,81925251.13120945,365370.9944298667,83464157.11988194,15605898.334766304,3564960466.121131,-1538905.988672495,-6736.683515628683,35377616628.854
2018-09-28 00:00:00+00:00,0.64047475,341154.68942697096,75409523.03526817,459637.1769194612,101599131.87473106,15487415.847273814,3423369744.831772,-26189608.83946289,-118482.48749249027,35288179780.50237
2018-09-29 00:00:00+00:00,0.67174583,330800.40714983625,76522753.06139638,323337.35850176105,74796355.46200295,15494878.895921888,3584369202.2174697,1726397.5993934274,7463.048648075201,35217778028.9702
2018-09-30 00:00:00+00:00,0.67431396,398351.79856731195,92503613.64480199,280246.38688764133,65077661.48224274,15612984.307601558,3625582897.898441,27425952.16255925,118105.41167967062,35225668160.91531
2018-10-01 00:00:00+00:00,0.66878158,268061.63168408565,61632233.71427284,301032.53213603084,69212842.06041294,15580013.407149613,3582127817.2050934,-7580608.346140102,-32970.9004519452,35172611301.67935
2018-10-02 00:00:00+00:00,0.65593297,268579.97373282106,60521955.774154305,259529.87605939063,58482601.89556615,15589063.504823044,3512847956.928993,2039353.878588155,9050.097673430428,35154635755.4158
2018-10-03 00:00:00+00:00,0.63844225,254603.14108280826,55754435.882178806,274508.18239870307,60113354.41342434,15569158.46350715,3409422380.2634172,-4358918.531245537,-19905.041315894807,35106125653.272156
2018-10-04 00:00:00+00:00,0.64521449,312359.35377794557,69011084.61740571,242990.04518468736,53684982.91025627,15638527.772100408,3455096670.930143,15326101.707149446,69369.3085932582,35053832957.128174
2018-10-05 00:00:00+00:00,0.66324024,277554.2954026946,62875275.89960786,308945.80223056074,69986495.88574736,15607136.265272541,3535535262.598064,-7111219.986139499,-31391.506827866135,34972120073.20371
2018-10-06 00:00:00+00:00,0.65477061,168131.7118776594,37606023.53322227,202935.40157157317,45390565.53934098,15572332.575578628,3483063954.826641,-7784542.006118707,-34803.689693913766,34983752156.89493
2018-10-07 00:00:00+00:00,0.65682124,162049.4988439961,36360853.55630582,185921.64289377563,41717312.78673331,15548460.431528848,3488781494.6043096,-5356459.230427489,-23872.14404977954,34992421029.71162
2018-10-08 00:00:00+00:00,0.66621976,355087.02646039467,80828233.10461366,320613.1129252617,72980958.17873907,15582934.34506398,3547133395.021986,7847274.925874591,34473.913535132946,35005167700.43604
2018-10-09 00:00:00+00:00,0.66307287,333677.9652516815,75533432.18814923,299067.35023071803,67698756.79774927,15617544.960084945,3535285203.1993847,7834675.390399963,34610.61502096348,34983083872.252754
2018-10-10 00:00:00+00:00,0.65601199,282082.8389224397,63084276.90175976,319518.35393622203,71456258.7072136,15580109.445071163,3484295401.1209264,-8371981.805453837,-37435.51501378231,34940300329.98146
2018-10-11 00:00:00+00:00,0.56458744,779939.0037522229,148580855.1878086,766039.0786926568,145932875.35546148,15594009.370130729,2970708269.331274,2647979.832347125,13899.925059566041,34590094059.06122
2018-10-12 00:00:00+00:00,0.57682199,536666.3528611189,104238682.85026272,538449.7141030922,104585071.67437746,15592226.008888755,3028535501.070958,-346388.8241147399,-1783.3612419733545,34526283167.328186
2018-10-13 00:00:00+00:00,0.58410063,234322.79872653828,46077446.11427578,255033.98369828565,50150112.174449496,15571514.823917007,3061996694.7988763,-4072666.0601737127,-20711.184971747367,34525487822.59776
2018-10-14 00:00:00+00:00,0.57135835,187445.6922834449,36005048.745907694,231467.3608226217,44460843.60745352,15527493.155377831,2982560661.44073,-8455794.861545824,-44021.66853917681,34484159484.07986
2018-10-15 00:00:00+00:00,0.60935975,813072.9185596536,166554405.996956,914258.3246675048,187281790.74334326,15426307.74926998,3160011193.654576,-20727384.746387273,-101185.40610785119,34488885701.585754
2018-10-16 00:00:00+00:00,0.6130596,539296.3634289091,110921918.13726807,445615.88759640476,91653814.77887568,15519988.225102484,3192135122.97884,19268103.358392388,93680.47583250434,34427044852.45116
2018-10-17 00:00:00+00:00,0.60822994,348887.9691227163,71029817.0789535,380661.6873320286,77498602.45438683,15488214.506893171,3153232959.1945972,-6468785.375433326,-31773.718209312297,34354670662.989136
2018-10-18 00:00:00+00:00,0.59685784,430613.9014823667,85737022.4711308,380688.19626189664,75796606.48446815,15538140.212113641,3093708475.131801,9940415.986662656,49925.70522047009,34244813767.811245
2018-10-19 00:00:00+00:00,0.61041166,246248.3188983133,49295323.70136517,316118.52153181593,63282319.71948127,15468270.00948014,3096522163.5982723,-13986996.018116094,-69870.20263350263,33672924243.725727
2018-10-20 00:00:00+00:00,0.61804319,355901.2179816984,72112914.87525417,225286.96762552817,45647778.36674693,15598884.259836309,3160655136.7193213,26465136.508507237,130614.25035617023,33668397488.120075
2018-10-21 00:00:00+00:00,0.61718038,140396.5431305374,28387871.098292537,172763.08933465154,34932315.29222847,15566517.713632194,3147515518.904263,-6544444.193935931,-32366.54620411413,33651781684.370144
2018-10-22 00:00:00+00:00,0.61430234,302766.2695522669,60852074.486096695,329250.8384145409,66175127.676673576,15540033.14476992,3123344142.134377,-5323053.190576881,-26484.568862273998,33613606024.86058
2018-10-23 00:00:00+00:00,0.61529447,379156.0657374217,76250638.86706968,341382.0891302591,68654057.64597274,15577807.121377084,3132793729.2597446,7596581.221096933,37773.97660716256,33586040981.476654
2018-10-24 00:00:00+00:00,0.61546587,334555.12835072004,67094565.33145096,333630.7638283328,66909185.31308709,15578731.48589947,3124292915.8331776,185380.01836387068,924.3645223872154,33490232473.680332
2018-10-25 00:00:00+00:00,0.61565502,474036.3240667276,94742200.76513456,337395.2387189356,67432738.4232485,15715372.571247263,3140917494.4036803,27309462.34188606,136641.08534779202,33372016609.42309
2018-10-26 00:00:00+00:00,0.61823665,281480.4649469519,56471360.06645791,424433.94984070107,85151068.69103783,15572419.086353514,3124180164.67673,-28679708.62457992,-142953.48489374918,33365671284.510677
2018-10-27 00:00:00+00:00,0.62087605,110675.17857172606,22292019.43166156,170767.57996469436,34395735.88222147,15512326.684960546,3124468307.6550612,-12103716.450559907,-60092.4013929683,33362178687.756695
2018-10-28 00:00:00+00:00,0.62430644,130645.93467557554,26449413.597923383,180437.50917622764,36529772.783457,15462535.110459894,3130407290.7017455,-10080359.18553362,-49791.5745006521,33355558745.306934
2018-10-29 00:00:00+00:00,0.60093096,466718.4726027408,90693364.25256938,403078.0425099771,78326669.88239394,15526175.540552657,3017067410.8869762,12366694.370175436,63640.43009276368,33268095327.84863
2018-10-30 00:00:00+00:00,0.60557184,312652.78036236763,61173315.64307302,311065.6411199448,60862777.64071236,15527762.679795079,3038145787.607928,310538.0023606643,1587.1392424228252,33246902531.17631
2018-10-31 00:00:00+00:00,0.60981471,337607.00950402615,66474121.970055096,398595.7683645557,78482682.459522,15466773.92093455,3045375798.3695226,-12008560.489466898,-60988.758860529575,33231269220.847134
2018-11-01 00:00:00+00:00,0.61321759,265731.1189118272,52566720.20036971,293428.66205412365,58045826.322983354,15439076.377792254,3054145902.922403,-5479106.122613646,-27697.543142296432,33208015724.95952
2018-11-02 00:00:00+00:00,0.61887095,373944.8614097488,74733019.8805285,290413.13692526554,58039173.61929205,15522608.102276737,3102199012.7950387,16693846.261236444,83531.72448448325,33249023006.23753
2018-11-03 00:00:00+00:00,0.61450669,174511.45351053993,34615163.06048561,180021.3708634453,35708080.9394207,15517098.184923831,3077889004.369922,-1092917.8789350912,-5509.9173529053805,33241067879.831806
2018-11-04 00:00:00+00:00,0.64957989,272810.64377713,57287390.532358184,321891.21161222947,67593798.00308806,15468017.617088731,3248122410.9256806,-10306407.470729873,-49080.56783509947,33297361776.359688
2018-11-05 00:00:00+00:00,0.64401502,579178.5631869659,120512916.34557219,348615.691557733,72538412.75180045,15698580.488717966,3266491264.405408,47974503.59377174,230562.8716292329,33285552311.99607
2018-11-06 00:00:00+00:00,0.67428949,397859.14739600837,86769004.25797793,377225.76058049774,82269073.96815218,15719213.875533476,3428199513.886341,4499930.289825752,20633.386815510632,33327664927.61224
2018-11-07 00:00:00+00:00,0.67010524,499956.9829215344,108382202.82613583,412318.2866395651,89383618.38723972,15806852.571815444,3426657812.578654,18998584.438896105,87638.69628196931,33341462568.577374
2018-11-08 00:00:00+00:00,0.65227399,314786.9550309103,66307701.13274385,305748.0789038588,64403724.21365718,15815891.447942497,3331508458.395655,1903976.9190866724,9038.876127051539,33289307603.218967
2018-11-09 00:00:00+00:00,0.64534031,260303.6036603135,54169923.33115549,361948.24221426056,75322462.90442838,15714246.80938855,3270179639.857266,-21152539.57327289,-101644.63855394706,33247739255.471783
2018-11-10 00:00:00+00:00,0.65284203,196615.16432461076,41400245.588697016,212991.8483608157,44848599.8565703,15697870.125352344,3305419908.182068,-3448354.267873287,-16376.68403620494,33261104136.900642
2018-11-11 00:00:00+00:00,0.64873215,184656.9096219702,38605158.991956204,232670.93658409754,48643175.70366046,15649856.098390218,3271825484.984219,-10038016.711704254,-48014.02696212733,33239826486.406513
2018-11-12 00:00:00+00:00,0.64697636,474458.385551808,98824658.30256133,290400.6732138202,60487385.56451507,15833913.810728205,3298036602.5516415,38337272.73804626,184057.7123379878,33213043840.882004
2018-11-13 00:00:00+00:00,0.63460253,321072.43498713814,65376704.09686484,345332.2072015005,70316473.99514106,15809654.038513843,3219158549.039341,-4939769.898276217,-24259.77221436234,33108036876.338512
2018-11-14 00:00:00+00:00,0.55537959,708183.6193525094,125117426.43612543,732538.4088917164,129420277.42740521,15785299.248974636,2788847360.465019,-4302850.991279781,-24354.789539207006,32830833620.38747
2018-11-15 00:00:00+00:00,0.56297432,803013.4345456881,142603863.29815784,714391.9110062723,126865930.30175751,15873920.77251405,2818984503.204582,15737932.996400326,88621.5235394158,32561468189.76115
2018-11-16 00:00:00+00:00,0.54729564,450755.2206638311,77542168.84958848,530369.4756457168,91237988.04287006,15794306.517532166,2717050688.932615,-13695819.193281576,-79614.25498188566,32452232920.3797
2018-11-17 00:00:00+00:00,0.5487503,282757.3234608883,48726391.671931446,291080.4027184514,50160673.248997815,15785983.438274603,2720332766.363833,-1434281.5770663694,-8323.079257563106,32428676161.785282
2018-11-18 00:00:00+00:00,0.55823932,383653.2201612359,67096159.26777255,272401.2602147965,47639580.1719916,15897235.398221042,2780228034.4422445,19456579.095780946,111251.95994643937,32357650130.650223
2018-11-19 00:00:00+00:00,0.48110099,1207211.4319513715,177263757.2967567,942679.5362584945,138420588.22606984,16161767.29391392,2373151478.8955545,38843169.07068688,264531.895692877,31529905536.749332
2018-11-20 00:00:00+00:00,0.42061386,1422699.9812425605,180255652.33211738,1210814.467794886,153409822.6070909,16373652.807361593,2074536800.986552,26845829.72502649,211885.51344767446,31124216912.397644
2018-11-21 00:00:00+00:00,0.44961473,681004.6709509355,91864015.23562412,682045.6017665443,92004431.43008398,16372611.876545984,2208580838.0341396,-140416.19445985556,-1040.9308156088227,31006036788.666145
2018-11-22 00:00:00+00:00,0.42276008,768170.3454641731,96008316.22232562,519660.9036242093,64948834.146135986,16621121.318385947,2077359378.5906713,31059482.076189637,248509.44183996384,30558537824.2428
2018-11-23 00:00:00+00:00,0.41347151,726634.0419818474,88260260.12776077,606351.2426603866,73650166.8157926,16741404.117707409,2033486730.5456276,14610093.311968163,120282.79932146077,30371317462.534275
2018-11-24 00:00:00+00:00,0.38086606,516030.77232945047,57386708.50896419,452403.84427602746,50310890.225802794,16805031.045760833,1868852537.1341152,7075818.283161394,63626.928053423006,30193067186.33972
2018-11-25 00:00:00+00:00,0.39318103,937424.9555196384,107174036.73943147,877742.835485908,100350691.90791212,16864713.165794563,1928111021.3552182,6823344.83151935,59682.1200337304,30073805180.93578
2018-11-26 00:00:00+00:00,0.36693085,935320.1041381701,99121664.02434954,704580.2218218266,74668729.68584003,17095453.048110906,1811711034.4166908,24452934.338509515,230739.8823163435,29876940307.845627
2018-11-27 00:00:00+00:00,0.37900944,652330.3011535169,71064297.41327357,651937.0819056366,71021460.44934507,17095846.267358787,1862406669.6378663,42836.96392850578,393.21924788027536,29739168696.88222
2018-11-28 00:00:00+00:00,0.42144303,679284.5366502162,82086805.48004751,695608.8771061719,84059488.3357565,17079521.92690283,2063941277.1261299,-1972682.8557089865,-16324.34045595571,29672981216.773483
2018-11-29 00:00:00+00:00,0.40763014,553928.8019565559,64505046.54233589,621770.1176638942,72405172.35586666,17011680.611195493,1981011360.5079908,-7900125.8135307655,-67841.31570733828,29568972515.404057
2018-11-30 00:00:00+00:00,0.38680613,497747.77724229,55564305.39510331,528546.2945195012,59002388.49250772,16980882.093918283,1895600466.108022,-3438083.0974044055,-30798.517277211184,29877177642.572327
2018-12-01 00:00:00+00:00,0.39897866,449087.28003741184,52531545.731451556,411135.1088579437,48092127.5948345,17018834.26509775,1990761507.2475424,4439418.136617057,37952.17117946816,30357710471.283623
2018-12-02 00:00:00+00:00,0.39215367,277194.906345752,31842445.792612024,292245.77229029493,33571396.69322197,17003783.399153206,1953290045.2416618,-1728950.9006099477,-15050.865944542922,30337268238.200226
2018-12-03 00:00:00+00:00,0.36794301,525674.3083265056,56476394.30013561,505130.7428071424,54269273.86791241,17024326.96467257,1829027188.740012,2207120.432223201,20543.565519363212,30245684132.257084
2018-12-04 00:00:00+00:00,0.37206288,442621.0348672064,47977054.68617255,484383.9349427311,52503863.81393517,16982564.064597044,1840792327.1948576,-4526809.127762616,-41762.900075524696,30182928294.209423
2018-12-05 00:00:00+00:00,0.34822197,628265.0025288964,63538128.971173376,515279.70157158,52111621.69291283,17095549.365554363,1728918873.4839556,11426507.278260544,112985.30095731642,30094987976.9923
2018-12-06 00:00:00+00:00,0.31503695,906063.1815613699,82282147.57442655,695099.2757498013,63123921.543266304,17306513.27136593,1571653178.2467654,19158226.031160243,210963.9058115686,29876324164.98348
2018-12-07 00:00:00+00:00,0.32164176,1193328.6570814562,109940075.76487802,1052920.0314732187,97004381.27215928,17446921.89697417,1607366004.1890028,12935694.492718741,140408.62560823746,29692496780.477234
2018-12-08 00:00:00+00:00,0.31749678,736578.74751124,66733402.55631181,515921.4611872757,46742041.73441169,17667579.183298133,1600667515.6162543,19991360.821900122,220657.28632396425,29586241626.707882
2018-12-09 00:00:00+00:00,0.32637723,587913.3333847484,54672410.11952508,524303.9422349944,48757118.65918199,17731188.574447885,1648894077.750815,5915291.460343093,63609.391149754054,29547591948.13461
2018-12-10 00:00:00+00:00,0.31444501,506026.0074837031,45207649.42338361,533135.1367601472,47629540.77753922,17704079.445171442,1581657474.288648,-2421891.354155615,-27109.129276444088,29468992226.015884
2018-12-11 00:00:00+00:00,0.30728913,596551.1960637805,51984686.467074886,583768.0653654992,50870738.4173475,17716862.575869724,1543883496.1088078,1113948.0497273877,12783.130698281224,29419308903.212215
2018-12-12 00:00:00+00:00,0.31507885,481054.43212723813,42743721.70862634,471017.40878442855,41851889.7164526,17726899.59921253,1575110034.5856206,891831.9921737388,10037.023342809582,29261250914.79572
2018-12-13 00:00:00+00:00,0.30236014,520818.20077992306,44285210.57475385,957524.866173097,81418411.00318405,17290192.933819357,1470186398.6429029,-37133200.4284302,-436706.665393174,29185340632.030254
2018-12-14 00:00:00+00:00,0.29645094,617403.829718338,51297945.12894568,621658.8465031423,51651479.731491335,17285937.917034555,1436228691.964757,-353534.60254565626,-4255.016784804291,29092148137.161846
2018-12-15 00:00:00+00:00,0.29579961,390150.9279542303,32316275.584615473,409396.04066386435,33910351.93153751,17266692.80432492,1430203449.7914128,-1594076.3469220363,-19245.112709634064,29071800262.9945
2018-12-16 00:00:00+00:00,0.29946449,297945.80784028,24963506.267737824,360539.30413298414,30207926.883516997,17204099.308032215,1441452202.3987496,-5244420.615779173,-62593.496292704134,29052633892.02271
2018-12-17 00:00:00+00:00,0.33649934,869017.4830590063,81551816.88916512,712276.5478816695,66842667.425769635,17360840.243209552,1629205501.795573,14709149.463395484,156740.9351773368,28964309556.246586
2018-12-18 00:00:00+00:00,0.36012113,704076.8094780355,70603206.69899711,640734.2317516727,64251358.366743244,17424182.820935916,1747257067.2788658,6351848.332253866,63342.577726362855,28925238313.10146
2018-12-19 00:00:00+00:00,0.3610743,996208.9170065043,99570588.09936315,943160.4616504414,94268421.2472153,17477231.276291978,1746840614.2740977,5302166.852147847,53048.455356062856,28759664097.02313
2018-12-20 00:00:00+00:00,0.41000337,979482.9145663695,111743304.20951287,1103350.1005428627,125874565.14148669,17353364.090315484,1979740752.7634475,-14131260.931973815,-123867.18597649317,28914491763.442764
2018-12-21 00:00:00+00:00,0.38848702,1116977.210769569,120423392.98166713,924230.9472126534,99643059.40076038,17546110.3538724,1891678829.3185475,20780333.58090675,192746.26355691568,28843440797.610367
2018-12-22 00:00:00+00:00,0.41466708,430648.7132022847,49623787.262994386,452968.2557801352,52195675.20491968,17523790.811294552,2019271950.9008002,-2571887.9419252947,-22319.542577850516,28887088577.042767
2018-12-23 00:00:00+00:00,0.46495142,825745.6057554588,107094081.67936945,792573.9761519294,102791927.135116,17556962.44089808,2277029095.3797555,4302154.544253454,33171.629603529465,29001938432.074738
2018-12-24 00:00:00+00:00,0.50207255,1072378.9301438194,150532457.15724877,991517.7308841937,139181772.55213356,17637823.640157707,2475864507.243789,11350684.605115205,80861.19925962575,29074372476.57079
2018-12-25 00:00:00+00:00,0.45816263,572920.7404416688,73287914.80383514,612309.9865419832,78326579.85576138,17598434.39405739,2251188462.0519767,-5038665.05192624,-39389.24610031443,29039743814.35383
2018-12-26 00:00:00+00:00,0.4667826,557789.8410633754,72685288.0728606,525608.8368940795,68491799.08055492,17630615.398226686,2297435816.82822,4193488.992305681,32181.00416929589,29041311697.087944
2018-12-27 00:00:00+00:00,0.41302625,701719.9715490831,80078456.2615312,735015.53375529,83878059.1372295,17597319.83602048,2008160325.9746678,-3799602.875698298,-33295.56220620684,28748038439.497494
2018-12-28 00:00:00+00:00,0.48612785,739451.8574422018,99990226.91856399,647575.5591446548,87566521.679677,17689196.134318028,2391970102.8213267,12423705.238886997,91876.29829754704,28947454433.89957
2018-12-29 00:00:00+00:00,0.50287937,593129.8649817198,83096781.35746174,546168.5966823096,76517564.09908703,17736157.402617436,2484814339.6931305,6579217.258374706,46961.26829941012,28997713482.746418
2018-12-30 00:00:00+00:00,0.49833465,408786.48110868834,56576750.56434461,412502.2280071622,57091016.31223586,17732441.655718964,2454200358.4156265,-514265.7478912547,-3715.7468984738807,28912935450.839363
2018-12-31 00:00:00+00:00,0.47254964,464502.8802379539,60752545.63283829,549124.8868760702,71820296.8536507,17647819.649080846,2308166459.5957875,-11067751.220812418,-84622.00663811626,28819051788.30509
2019-01-01 00:00:00+00:00,0.501839,392978.1976249276,54684741.331739634,419726.133113156,58406840.7819689,17621071.71359262,2452053967.547442,-3722099.450229265,-26747.935488228395,28877687682.433533
2019-01-02 00:00:00+00:00,0.55484275,790231.3968047183,122032565.11254528,729568.3799312646,112664595.69692035,17681734.73046607,2730526088.3371053,9367969.415624931,60663.016873453744,28990812530.92434
2019-01-03 00:00:00+00:00,0.52864019,654169.1394275867,96203478.7587225,650444.543235742,95655731.8702947,17685459.326657917,2600860554.441857,547746.888427794,3724.59619184467,28981719934.84097
2019-01-04 00:00:00+00:00,0.54952594,680241.3645992967,104377851.8991542,1184203.3235310414,181706972.78137416,17181497.367726173,2636369796.0511885,-77329120.88221996,-503961.9589317447,29094778663.869545
2019-01-05 00:00:00+00:00,0.55361162,631193.304058528,97394235.73912506,1490287.901469613,229954041.43488616,16322402.770315088,2518575423.755776,-132559805.6957611,-859094.5974110849,29046828547.817387
2019-01-06 00:00:00+00:00,0.55912841,689800.6919101619,107567715.22577223,586215.2528874892,91414572.53252222,16425988.20933776,2561473252.674056,16153142.693250015,103585.43902267271,29070600822.293118
2019-01-07 00:00:00+00:00,0.5410863,614180.4466900885,92339654.38353288,477624.7140056421,71809028.20009373,16562543.942022206,2490114414.355692,20530626.18343915,136555.73268444638,28967307846.011494
2019-01-08 00:00:00+00:00,0.53747466,559481.9522890504,83392330.67611025,528609.0356288035,78790637.15492731,16593416.858682454,2473294625.6162395,4601693.521182939,30872.916660246905,28916019168.19905
2019-01-09 00:00:00+00:00,0.53987829,483844.79231946217,72397626.70970032,496416.4527593436,74278722.45382214,16580845.198242571,2480989483.0925665,-1881095.7441218197,-12571.660439881438,28903732011.470707
2019-01-10 00:00:00+00:00,0.46188903,749195.2338109321,95095204.12230277,755183.8943091789,95855343.62506376,16574856.537744325,2103843290.2690494,-760139.5027609915,-5988.660498246783,28663670530.855915
2019-01-11 00:00:00+00:00,0.45627489,572477.6775296879,71542864.0922224,612000.3864955719,76482039.72664015,16535333.828778442,2066430163.5944142,-4939175.634417757,-39522.708965884056,28573348325.647205
2019-01-12 00:00:00+00:00,0.45438856,321990.3495435675,40032838.190535806,282123.98410352133,35076280.45776999,16575200.194218487,2060783213.8183482,4956557.732765816,39866.36544004618,28549581628.842415
2019-01-13 00:00:00+00:00,0.42384764,349842.5551309405,40350803.70926006,313665.4506354047,36178140.26149172,16611377.298714023,1915954519.7981768,4172663.447768338,36177.10449553584,28398678575.4877
2019-01-14 00:00:00+00:00,0.47036371,1079001.3163916278,138461315.91883093,667866.8207539079,85703063.98639126,17022511.79435174,2184389719.9049335,52758251.93243967,411134.49563771987,28475801713.071198
2019-01-15 00:00:00+00:00,0.44292432,598821.5782818164,72056126.31817232,627160.2790604671,75466118.67158471,16994173.093573093,2044906742.7010782,-3409992.3534123898,-28338.700778650702,28361016141.995422
2019-01-16 00:00:00+00:00,0.45083728,545566.7823768287,66788784.03373433,498257.37022771576,60997122.56742539,17041482.505722206,2086233860.739691,5791661.4663089365,47309.41214911296,28352206837.31935
2019-01-17 00:00:00+00:00,0.45235215,429368.2833292323,52661054.56179374,402622.82218902686,49380783.88724854,17068227.96686241,2093379784.0556073,3280270.6745451987,26745.461140205443,28314417891.870274
2019-01-18 00:00:00+00:00,0.44174902,368494.63773981616,44029652.32335996,318834.8764323173,38096046.2382314,17117887.72816991,2045334091.7101598,5933606.085128561,49659.76130749885,28251218417.610268
2019-01-19 00:00:00+00:00,0.45636238,334410.4356926028,41295672.95109773,344313.01283155533,42518522.310018755,17107985.151030958,2112630720.3481753,-1222849.3589210287,-9902.577138952503,28267569008.6459
2019-01-20 00:00:00+00:00,0.43521185,438547.5081568135,51536012.04821742,458874.1074635684,53924697.07615202,17087658.551724203,2008060154.5285556,-2388685.027934596,-20326.599306754884,28212454108.77774
2019-01-21 00:00:00+00:00,0.42995283,390411.9303885403,45256099.293014854,343175.38850120833,39780494.00660811,17134895.093611535,1986257215.4496806,5475605.286406741,47236.54188733199,28173949326.549206
2019-01-22 00:00:00+00:00,0.44056514,458148.5559488611,54050405.64256545,409155.42833358434,48270406.149127625,17183888.22122681,2027281581.0806234,5779999.493437827,48993.12761527678,27987483502.013756
2019-01-23 00:00:00+00:00,0.43471843,393730.79896639887,45796182.31784479,398616.85292740323,46364496.04539771,17179002.167265806,1998148779.2066166,-568313.7275529131,-4886.053961004363,27968466579.33843
2019-01-24 00:00:00+00:00,0.43535499,450203.37228534406,52370518.647273645,437380.4592889301,50878875.879734725,17191825.08026222,1999862398.5781486,1491642.76753892,12822.912996413943,27934971308.13015
2019-01-25 00:00:00+00:00,0.43089808,353026.2769853509,40586501.353489645,360639.042443862,41461720.94967422,17184212.31480371,1975623634.391316,-875219.5961845741,-7612.76545851113,27898473538.944336
2019-01-26 00:00:00+00:00,0.43148997,207401.50149584588,23859477.03541512,225544.90095334666,25946694.435378224,17166068.91534621,1974785255.266147,-2087217.3999631032,-18143.399457500782,27882082297.97461
2019-01-27 00:00:00+00:00,0.41985527,376600.0794314843,42112203.02602756,366666.7454144382,41001436.98614069,17176002.249363255,1920656243.6009433,1110766.0398868695,9933.334017046087,27857403281.284298
2019-01-28 00:00:00+00:00,0.39847231,734699.4075198066,77633596.72887331,593046.9328725548,62665582.62697649,17317654.72401051,1829907319.065662,14968014.101896822,141652.4746472519,27740773337.678097
2019-01-29 00:00:00+00:00,0.39406571,386331.9435695709,40266557.83334191,400485.4683481834,41741749.65615065,17303501.199231893,1803507173.9614007,-1475191.822808735,-14153.524778612482,27672992668.4947
2019-01-30 00:00:00+00:00,0.40710112,416905.7573082812,44888195.375283845,460005.9508641738,49528788.30338498,17260401.005676,1858425409.1401587,-4640592.928101137,-43100.19355589262,27675623099.39745
2019-01-31 00:00:00+00:00,0.40062661,445236.6056222616,47078978.57081636,463690.7260201934,49030303.16494595,17241946.88527807,1823150292.8576229,-1951324.5941295922,-18454.120397931838,27622742145.83579
2019-02-01 00:00:00+00:00,0.40437959,377009.168495874,40202352.96173912,362339.0917030498,38638010.09030736,17256616.962070893,1840158447.081111,1564342.8714317605,14670.076792824198,27602234018.631386
2019-02-02 00:00:00+00:00,0.41160897,207462.524783189,22524441.120608035,219615.07208513372,23843856.935363602,17244464.41476895,1872251018.697513,-1319415.8147555664,-12152.547301944724,27613929031.590076
2019-02-03 00:00:00+00:00,0.40236043,314783.7431252233,33373914.71678653,310444.2670161289,32913835.984185535,17248803.890878044,1828747902.625129,460078.7326009944,4339.476109094394,27589347090.741276
2019-02-04 00:00:00+00:00,0.40508712,217418.55765867713,23052166.888446793,272137.6105593815,28853846.1610369,17194084.83797734,1823031655.8414881,-5801679.272590108,-54719.05290070435,27408949458.81594
2019-02-05 00:00:00+00:00,0.40564886,207281.93109584376,21999989.32752818,204064.7390233205,21658530.760030594,17197302.030049864,1825245737.1619008,341458.56749758497,3217.192072523263,27403143503.12601
2019-02-06 00:00:00+00:00,0.39610329,456029.3875852037,47151027.26433822,428312.3578153985,44285232.949452356,17225019.05981967,1780975887.582589,2865794.314885862,27717.0297698052,27342797618.83574
2019-02-07 00:00:00+00:00,0.40495776,320833.66641532176,33141814.158174336,287380.4360976716,29686127.1208204,17258472.290137317,1782783857.0822039,3455687.0373539366,33453.23031765013,26724126892.13779
2019-02-08 00:00:00+00:00,0.4583933,610737.9530617008,71762616.48950665,475493.7018085876,55871216.116510466,17393716.54139043,2043787524.9598026,15891400.372996181,135244.2512531132,26858770721.37721
2019-02-09 00:00:00+00:00,0.46088424,295901.2513028792,34947110.57509196,261475.58327228902,30881302.735519845,17428142.20942102,2058332670.8802516,4065807.839572113,34425.66803059017,26854511584.53605
2019-02-10 00:00:00+00:00,0.48156962,360258.3369751703,44519957.28673234,366241.03186356573,45259285.96716555,17422159.514532626,2152993332.346083,-739328.6804332137,-5982.694888395432,26895626593.226833
2019-02-11 00:00:00+00:00,0.4669473,419963.0959691534,50280760.08571169,365349.216874382,43742025.1862148,17476773.393627398,2092434927.048621,6538734.899496891,54613.8790947714,26876783524.742935
2019-02-12 00:00:00+00:00,0.47153349,354068.8611816746,42781680.889953755,341326.0773813201,41241986.8643989,17489516.17742775,2113235537.079542,1539694.0255548581,12742.78380035446,26863796407.768734
2019-02-13 00:00:00+00:00,0.47131967,356752.4764462284,43056536.96957313,393624.91759591905,47506680.22109266,17452643.73627806,2106363514.9316416,-4450143.251519531,-36872.441149690654,26848525158.152527
2019-02-14 00:00:00+00:00,0.46762715,382143.46916408447,45735279.366279215,382969.1245113502,45834094.55223557,17451818.080930796,2088649525.0770273,-98815.18595635891,-825.6553472657106,26837574613.733627
2019-02-15 00:00:00+00:00,0.47102055,364922.1486284942,43922039.086607374,363680.8843904389,43772640.491357476,17453059.34516885,2100650666.506374,149398.59524989873,1241.2642380552716,26798754250.41662
2019-02-16 00:00:00+00:00,0.47659499,218150.420481149,26571786.020703588,225616.25082094184,27481160.597283855,17445593.51482906,2124958443.1594965,-909374.5765802674,-7465.830339792854,26806641473.3785
2019-02-17 00:00:00+00:00,0.51870126,485683.8262119612,64501964.24020518,486268.71402712,64579641.13801779,17445008.6270139,2316810364.8949747,-77676.8978126049,-584.887815158756,26858574685.96149
2019-02-18 00:00:00+00:00,0.56094026,881293.7105303055,127272380.16969958,732506.04130787,105785150.00389421,17593796.296236336,2540815058.688476,21487230.16580537,148787.66922243556,27010517172.310127
2019-02-19 00:00:00+00:00,0.55679578,719417.377827826,102975457.96595271,682756.0926413371,97727860.74624448,17630457.581422824,2523576020.748852,5247597.219708234,36661.28518648888,26974219952.834927
2019-02-20 00:00:00+00:00,0.57175624,574493.0329532003,84560860.93662834,500018.2925684176,73598764.2640267,17704932.321807604,2606026938.674382,10962096.67260164,74474.74038478266,27016014302.74529
2019-02-21 00:00:00+00:00,0.5706152,447938.72657494206,64324576.04758401,420451.49892078224,60377374.87769041,17732419.549461767,2546398206.153284,3947201.1698936,27487.227654159826,26413001024.37889
2019-02-22 00:00:00+00:00,0.58383715,492092.84390980826,72368799.60251999,475792.0148133025,69971545.81425688,17748720.37855827,2610185464.335798,2397253.7882631123,16300.829096505768,26440542049.67551
2019-02-23 00:00:00+00:00,0.62413569,322282.370790105,50769303.01175064,354566.9743238433,55855112.748722196,17716435.775024533,2790878985.8575025,-5085809.736971557,-32284.603533738293,26497193334.671856
2019-02-24 00:00:00+00:00,0.54004988,779046.31263187,105469727.34030077,766045.740456483,103709669.20207053,17729436.34719992,2400266565.8209763,1760058.1382302344,13000.57217538706,26320865803.37067
2019-02-25 00:00:00+00:00,0.55023218,739988.8417523789,102062868.44603026,762884.4561826327,105220743.20269854,17706540.732769668,2442172415.956078,-3157874.7566682845,-22895.61443025386,26322153441.50836
2019-02-26 00:00:00+00:00,0.54200005,407741.7778172896,55341126.339100845,471724.8047723656,64025281.28940776,17642557.70581459,2394552307.514272,-8684154.950306915,-63983.02695507603,26299298545.51548
2019-02-27 00:00:00+00:00,0.53611014,628332.4664151281,84194514.01938581,580087.0949632702,77729790.61228713,17690803.077266447,2370510274.920345,6464723.407098681,48245.37145185785,26252874436.818375
2019-02-28 00:00:00+00:00,0.53963599,532631.6129181907,71774626.06593204,527943.1655914065,71142835.639776,17695491.524593234,2384551078.881657,631790.4261560291,4688.447326784139,26232111132.6598
2019-03-01 00:00:00+00:00,0.54024349,414577.28514330834,55911785.046488024,468375.4600037027,63167252.47434766,17641693.34973284,2379239292.1029305,-7255467.427859634,-53798.174860394385,26227184151.685116
2019-03-02 00:00:00+00:00,0.53006025,324415.9166008928,42886907.43635734,402007.12384733965,53144255.34307971,17564102.14248639,2321926836.019693,-10257347.906722367,-77591.20724644687,26205777678.97731
2019-03-03 00:00:00+00:00,0.52029964,396709.40679431154,51431701.965715684,416710.67128888774,54024781.577149905,17544100.877991814,2274518708.5547686,-2593079.6114342213,-20001.2644945762,26185494672.786217
2019-03-04 00:00:00+00:00,0.50375655,539976.0966188022,67562046.53333065,568659.8814372567,71150974.29659894,17515417.093173362,2191536684.8823357,-3588927.763268292,-28683.78481845453,26104768914.838314
2019-03-05 00:00:00+00:00,0.54495536,532653.1711639686,72285114.90233436,531535.1856756592,72133395.70895195,17516535.07866167,2377127968.8149176,151719.1933824122,1117.9854883094085,26176558779.32238
2019-03-06 00:00:00+00:00,0.55108693,464968.44208781334,63785442.133764595,503371.7383492237,69053694.79286739,17478131.78240026,2397690386.054317,-5268252.6591027975,-38403.296261410345,26169965392.397526
2019-03-07 00:00:00+00:00,0.54726327,442260.21467255685,60210385.040283084,596838.7570027352,81255085.06955583,17323553.240070082,2358470819.3178267,-21044700.02927275,-154578.54233017832,26156454425.440292
2019-03-08 00:00:00+00:00,0.53404658,408590.2011057949,54114266.88148493,465144.53437256056,61604403.14862898,17266998.906803317,2286865873.327991,-7490136.267144047,-56554.333266765636,26078499216.069935
2019-03-09 00:00:00+00:00,0.54918683,573772.5629440576,78203456.54357815,401746.8271501834,54756871.56833082,17439024.64259719,2376886058.8279934,23446584.97524733,172025.73579387425,26101161618.89715
2019-03-10 00:00:00+00:00,0.54646845,271914.32818918425,36769795.325586736,361468.7105455843,48879846.0598869,17349470.26024079,2346093619.7248273,-12110050.734300166,-89554.38235640008,26028250077.508865
2019-03-11 00:00:00+00:00,0.53467567,681051.1796625928,89953313.04970522,616153.4634908724,81381615.71867962,17414367.97641251,2300091595.056136,8571697.3310256,64897.716171720414,25986855497.50117
2019-03-12 00:00:00+00:00,0.53943745,646382.970716433,85772541.40526748,533815.2982538363,70835242.95433353,17526935.648875106,2325757146.7025957,14937298.450933948,112567.67246259667,25880961393.414948
2019-03-13 00:00:00+00:00,0.53388935,482038.1685785957,63211454.587760665,462633.948773774,60666907.20758071,17546339.86867993,2300916686.8694415,2544547.3801799566,19404.219804821652,25845343576.191895
2019-03-14 00:00:00+00:00,0.5347493,385384.7451682598,50604594.406586304,416419.45961720904,54679740.49605494,17515305.15423098,2299922154.029384,-4075146.0894686356,-31034.714448949264,25841673713.22228
2019-03-15 00:00:00+00:00,0.55202024,473798.74771335913,64248504.448665775,503694.0499461579,68302395.4050433,17485409.85199818,2371073030.6583586,-4053890.9563775286,-29895.30223279877,25855056467.647694
2019-03-16 00:00:00+00:00,0.57169949,489973.13399683393,68904371.86705247,463916.59528065496,65240070.07437613,17511466.39071436,2462617862.9030104,3664301.792676337,26056.53871617897,25893757634.739975
2019-03-17 00:00:00+00:00,0.5621976,395331.79372227646,54612340.65942554,372024.4000748566,51392586.159613095,17534773.78436178,2422307172.1123996,3219754.4998124465,23307.39364741987,25869285012.54141
2019-03-18 00:00:00+00:00,0.55775345,626755.7148767352,85905154.08269946,782166.3107288316,107206230.18917602,17379363.188509684,2382071414.955897,-21301076.10647656,-155410.59585209633,25874896650.001816
2019-03-19 00:00:00+00:00,0.56135157,376200.5655623795,51888620.62995908,426767.1056394382,58863166.27080834,17328796.648432624,2390127601.004714,-6974545.6408492625,-50566.540077058715,25874614470.6917
2019-03-20 00:00:00+00:00,0.56420597,534186.9609358566,74084195.4181777,539555.4527106736,74828729.4911353,17323428.156657808,2402515094.3822913,-744534.0729576051,-5368.491774816997,25888535485.79839
2019-03-21 00:00:00+00:00,0.54845008,505082.4218216853,67977312.85454956,570175.0181771143,76737902.40547645,17258335.560302377,2322740259.8969307,-8760589.550926894,-65092.596355429036,25848390958.216244
2019-03-22 00:00:00+00:00,0.5557606,538542.6211439805,73184370.55222012,466833.5079088054,63439577.64460157,17330044.673537552,2355038136.778447,9744792.907618552,71709.11323517514,25759385425.828835
2019-03-23 00:00:00+00:00,0.55830098,294737.2356431907,40224276.20648978,324995.2579340739,44353741.02770444,17299786.65124667,2360989085.9379363,-4129464.821214661,-30258.022290883237,25755285730.694183
2019-03-24 00:00:00+00:00,0.55434114,375080.32274740865,50793167.40615644,357137.48264921544,48363358.04112833,17317729.49134486,2345157236.46953,2429809.365028113,17942.840098193206,25741959009.874794
2019-03-25 00:00:00+00:00,0.54572861,621734.6169515098,82748623.48517622,621885.3045813619,82768678.97767499,17317578.803715013,2304851248.479292,-20055.492498770356,-150.6876298520947,25702352848.740906
2019-03-26 00:00:00+00:00,0.54637917,530185.566461546,70601810.96100931,569733.5084538349,75868186.54922341,17278030.861722723,2300817573.7773657,-5266375.588214099,-39547.94199228892,25688783047.60272
2019-03-27 00:00:00+00:00,0.5699238,569869.8931572563,79334612.36674885,559648.3085787549,77911611.32730709,17288252.446301226,2406789379.11065,1423001.0394417644,10221.58457850141,25749957441.568104
2019-03-28 00:00:00+00:00,0.56267481,455776.4677792603,62594795.87896853,458445.77334562194,62961389.261639446,17285583.140734863,2373943423.659297,-366593.3826709166,-2669.3055663616396,25733045847.136787
2019-03-29 00:00:00+00:00,0.58210009,533932.8808776548,76015478.30340095,584912.7428875439,83273429.13076545,17234603.278724972,2453672846.385042,-7257950.827364504,-50979.8620098891,25789077316.25796
2019-03-30 00:00:00+00:00,0.5820787,506886.8028901931,72032540.61934146,473055.9960893224,67224920.94730844,17268434.085525844,2453978230.6534514,4807619.672033027,33830.80680087075,25746021140.740868
2019-03-31 00:00:00+00:00,0.57880133,462491.189963791,65339268.48053929,428300.7069966041,60508946.96404244,17302624.56849303,2444459173.778538,4830321.516496852,34190.482967186894,25743738286.63705
2019-04-01 00:00:00+00:00,0.58149892,570507.8485985774,80610299.42127162,547379.5128133774,77342365.28620155,17325752.90427823,2448054190.215951,3267934.1350700706,23128.335785200004,25631068850.381943
2019-04-02 00:00:00+00:00,0.67640248,1151868.522037004,190596091.06370956,867268.6356553964,143504235.67939544,17610352.790659837,2913930140.4095736,47091855.38431412,284599.8863816075,25807662830.49683
2019-04-03 00:00:00+00:00,0.65641648,1077819.9261552142,172709404.48413873,926929.7632314101,148530829.24286783,17761242.953583643,2846053982.6481075,24178575.2412709,150890.16292380414,25756620271.613403
2019-04-04 00:00:00+00:00,0.6472127,698092.3466461288,110204862.712894,656231.396636027,103596452.99309354,17803103.903593745,2810500116.4745483,6608409.719800457,41860.95001010178,25739252985.2055
2019-04-05 00:00:00+00:00,0.67902169,487157.71158856375,80838456.3852687,488462.67460839305,81055000.6247489,17801798.940573916,2954012454.2917933,-216544.23948019743,-1304.9630198293016,25791465047.926163
2019-04-06 00:00:00+00:00,0.67518209,419003.2605895156,69306824.37518527,529082.5034151332,87514899.2697207,17691719.697748296,2926366034.149015,-18208074.894535437,-110079.2428256176,25858594158.013905
2019-04-07 00:00:00+00:00,0.70988977,613196.3328870143,106980476.26167427,539828.012681261,94180370.62311572,17765088.01795405,3099362267.9434237,12800105.638558552,73368.3202057532,25944037034.366154
2019-04-08 00:00:00+00:00,0.73425763,1004451.6350169221,181584265.52665222,926877.2940342416,167560414.86029652,17842662.35893673,3225587600.7738156,14023850.6663557,77574.34098268056,25994450764.615227
2019-04-09 00:00:00+00:00,0.71573766,779975.7501416773,137242884.60666972,719677.5958913229,126632948.81793094,17902960.513187084,3150167096.070349,10609935.788738787,60298.15425035439,25959174150.3337
2019-04-10 00:00:00+00:00,0.72085201,652727.539117765,115842740.99857056,664687.4341938228,117965321.92956431,17891000.61811103,3175203169.1666894,-2122580.9309937507,-11959.895076057757,26000592792.79561
2019-04-11 00:00:00+00:00,0.67461794,665854.926703762,110232523.61747026,732842.6681271096,121322368.40556085,17824012.87668768,2950771769.631584,-11089844.788090587,-66987.74142334762,25919135016.01342
2019-04-12 00:00:00+00:00,0.67261069,530283.3796878038,87439390.19160749,567581.232266988,93589500.88695,17786715.024108496,2932883765.158895,-6150110.695342511,-37297.852579184226,25896403692.51634
2019-04-13 00:00:00+00:00,0.67073972,308396.72752281954,50616741.409598745,371997.0337995711,61055374.40755561,17723114.717831746,2908871056.612506,-10438632.997956865,-63600.306276751566,25851802771.644676
2019-04-14 00:00:00+00:00,0.68585336,354086.6363151349,59491193.10476277,404859.5737077964,68021711.66473065,17672341.780439083,2969184910.2652235,-8530518.559967883,-50772.93739266152,25883819744.825424
2019-04-15 00:00:00+00:00,0.65677127,580106.1439897491,93140376.61755994,572899.9861581225,91983374.12524512,17679547.93827071,2838583542.7866755,1157002.4923148155,7206.157831626595,25833854966.58197
2019-04-16 00:00:00+00:00,0.68095983,434271.77011207887,72376749.4688122,511048.6385573332,85172562.0334373,17602771.069825456,2933719019.656296,-12795812.5646251,-76776.86844525434,25866933910.11409
2019-04-17 00:00:00+00:00,0.67991356,453888.1315426807,75510708.51705559,423978.30593192484,70534786.1112119,17632680.895436212,2933445787.498713,4975922.40584369,29909.825610755885,25863706387.30116
2019-04-18 00:00:00+00:00,0.70711094,505003.1616466843,87641254.48876299,510200.35454849544,88543206.27902426,17627483.7025344,3059178441.8395295,-901951.7902612686,-5197.192901811155,25945828497.981316
2019-04-19 00:00:00+00:00,0.70738754,439831.76037347305,76378009.44294994,581448.0111613583,100970065.57543068,17485867.451746516,3036469554.2077875,-24592056.13248074,-141616.25078788528,25955011957.817993
2019-04-20 00:00:00+00:00,0.70463904,358268.6754828568,62057640.95912428,338762.54500562174,58678879.363440186,17505373.58222375,3032199751.085864,3378761.595684096,19506.13047723507,25993964677.606705
2019-04-21 00:00:00+00:00,0.69251483,423810.91367570707,72024800.48179215,386958.50593376206,65761895.89571947,17542225.989965696,2981224140.6802893,6262904.586072683,36852.407741945004,25953145650.78464
2019-04-22 00:00:00+00:00,0.70092298,439662.7089053502,75430914.96818694,461996.68339198024,79262652.56221001,17519892.015479065,3005807538.6055036,-3831737.594023064,-22333.97448663006,25889559615.726967
2019-04-23 00:00:00+00:00,0.69904922,530953.1378953323,90759754.03390713,537340.4463531809,91851583.99628568,17513504.707021218,2993713128.3971534,-1091829.9623785466,-6387.308457848616,25867244714.60954
2019-04-24 00:00:00+00:00,0.67726718,718046.2105118362,118579669.29881768,653779.620605605,107966548.76913553,17577771.29692745,2902830314.937715,10613120.529682145,64266.58990623127,25797311903.789608
2019-04-25 00:00:00+00:00,0.62705068,623696.1607171803,94830191.14137024,654898.9797270029,99574439.18588053,17546568.477917627,2667876680.085254,-4744248.04451029,-31202.81900982256,25656872959.23919
2019-04-26 00:00:00+00:00,0.63158927,671722.6076767392,102747313.11160102,1325792.2451282525,202794411.5239315,16892498.840466112,2583892290.8993406,-100047098.41233048,-654069.6374515133,25629199369.190098
2019-04-27 00:00:00+00:00,0.64254001,309380.069573356,48178747.64131646,360916.840671858,56204400.659066156,16840962.06936761,2622588011.877934,-8025653.017749697,-51536.77109850198,25651244501.242672
2019-04-28 00:00:00+00:00,0.63345114,434177.2743002621,66538469.283753715,397018.2764845753,60843784.22968466,16878121.067183297,2586603230.2270923,5694685.054069057,37158.9978156868,25609072237.796585
2019-04-29 00:00:00+00:00,0.63081826,461371.4798908681,70380008.71900134,550364.5405437833,83955473.73509705,16789128.00653038,2561101036.768756,-13575465.016095713,-88993.06065291521,25600691283.076122
2019-04-30 00:00:00+00:00,0.65957257,587821.1325204663,94015231.06251006,594348.3663378424,95059187.0579476,16782600.772713006,2684184018.2081876,-1043955.9954375476,-6527.23381737608,25674606795.939564
2019-05-01 00:00:00+00:00,0.65290233,455377.6415852766,72051152.70924957,592898.5394702187,93810102.4454007,16645079.874828063,2633632138.248725,-21758949.73615113,-137520.89788494213,25662001254.97347
2019-05-02 00:00:00+00:00,0.65726722,351505.9128374383,55956795.535710685,389701.24089073954,62037171.666641966,16606884.546774762,2643676846.1951575,-6080376.130931281,-38195.32805330126,25650964193.361187
2019-05-03 00:00:00+00:00,0.67889207,491182.18086835457,80895471.32920475,534536.3485957023,88035705.58238742,16563530.379047414,2727938123.732063,-7140234.2531826645,-43354.167727347754,25695769123.6262
2019-05-04 00:00:00+00:00,0.66851191,354166.9225145003,57388239.74370405,357560.4548442862,57938118.44366027,16560136.846717628,2683359295.1048923,-549878.6999562159,-3393.5323297859286,25676936477.74705
2019-05-05 00:00:00+00:00,0.66646976,282022.4934269939,45542570.55909688,338091.04202580726,54596833.570811674,16504068.298118815,2665169312.722936,-9054263.011714794,-56068.54859881336,25671230675.741734
2019-05-06 00:00:00+00:00,0.70788094,692637.8051229091,119181228.52649231,558571.4820071359,96112621.85387185,16638134.621234588,2862900797.330903,23068606.67262046,134066.32311577327,25756711017.28158
2019-05-07 00:00:00+00:00,0.69959339,766996.0048218813,130427758.70570913,597417.5655760618,101590925.63670133,16807713.06048041,2858153536.218517,28836833.0690078,169578.43924581946,25759416221.48055
2019-05-08 00:00:00+00:00,0.69764768,543866.6697978275,92217360.4058036,566329.1634897742,96026073.07645385,16785250.56678846,2846086342.4387655,-3808712.6706502438,-22462.49369194673,25759918976.1086
2019-05-09 00:00:00+00:00,0.70028354,510438.3954936109,86902297.48215948,481301.8065448348,81941784.04352331,16814387.155737236,2862654705.226556,4960513.438636169,29136.588948776072,25770935391.66285
2019-05-10 00:00:00+00:00,0.70816385,518572.46108045086,89309494.07356994,483834.2548584837,83326816.90586373,16849125.361959204,2901787068.529428,5982677.167706206,34738.20622196718,25782607709.018406
2019-05-11 00:00:00+00:00,0.81456448,990015.4057326075,197613524.49195397,632083.4780783396,126167979.96568732,17207057.28961347,3434640731.291695,71445544.52626665,357931.92765426787,25982285122.59961
2019-05-12 00:00:00+00:00,0.76685375,589042.9108361078,110259469.32955387,515552.13727115595,96503164.7466021,17280548.063178424,3234643901.350738,13756304.58295177,73490.77356495184,25884547975.04617
2019-05-13 00:00:00+00:00,0.79694959,654661.2512110763,128199172.47854057,650745.8807709316,127432444.26689689,17284463.433618568,3384733562.321466,766728.2116436809,3915.370440144674,26060179842.54942
2019-05-14 00:00:00+00:00,0.87954207,653040.2725479295,142503056.1682072,728419.3842919411,158951894.3889435,17209084.321874555,3755276991.0427155,-16448838.220736295,-75379.11174401152,26316216250.949284
2019-05-15 00:00:00+00:00,0.99298413,789968.1869639729,196750607.1169631,840184.5452496556,209257565.17293555,17158867.963588875,4273612209.94319,-12506958.055972457,-50216.35828568274,26608247935.083385
2019-05-16 00:00:00+00:00,1.02946837,1287209.5599664473,339025859.1407202,1119167.6407635987,294766899.4489617,17326909.882791724,4563569671.91917,44258959.69175851,168041.91920284857,27144275739.09505
2019-05-17 00:00:00+00:00,0.95022391,1244076.8994789058,301394789.30724245,779877.9316506779,188936186.3351676,17791108.85061995,4310141524.065599,112458602.97207487,464198.9678282279,27053699934.704483
2019-05-18 00:00:00+00:00,0.92433601,385673.06651678536,90571956.4715904,443203.51346114074,104082480.25147307,17733578.403675593,4164576245.2881517,-13510523.77988267,-57530.44694435538,26962751881.697395
2019-05-19 00:00:00+00:00,1.02263998,534676.8553119982,140071458.71177325,484935.0780119533,127040404.09231006,17783320.18097564,4658768326.589049,13031054.61946319,49741.777300044894,27190097522.531902
2019-05-20 00:00:00+00:00,0.98843196,540904.3277524068,136533674.6820943,543843.4893509719,137275570.26870215,17780381.019377075,4488077897.085215,-741895.5866078436,-2939.161598565057,27108348623.34337
2019-05-21 00:00:00+00:00,1.00264522,510843.4503711803,131193876.08900808,544421.7031584199,139817381.25923905,17746802.766589835,4557701271.190466,-8623505.17023097,-33578.25278723962,27193446596.5317
2019-05-22 00:00:00+00:00,0.95865177,476481.4068446875,116523773.10736237,540533.0034281483,132187623.994808,17682751.170006376,4324325893.201939,-15663850.887445629,-64051.596583460865,27086281450.1785
2019-05-23 00:00:00+00:00,0.96308499,611869.9549125094,150422345.20158607,645231.2076179517,158623888.40619224,17649389.917300932,4338932809.860307,-8201543.204606175,-33361.25270544225,27107262162.706947
2019-05-24 00:00:00+00:00,0.97369143,414229.0411337085,103076444.75916812,468908.8385675394,116682924.65300895,17594710.1198671,4378254505.672498,-13606479.893840834,-54679.797433830914,27142521928.330467
2019-05-25 00:00:00+00:00,0.98459699,325959.41667863604,82105415.80211335,353469.1525682388,89034800.83672032,17567200.3839775,4424975068.069733,-6929385.034606963,-27509.735889602744,27174322418.20326
2019-05-26 00:00:00+00:00,1.04375501,502674.24399767787,134864654.31095135,480867.7445640702,129014093.94713242,17589006.883411106,4719030985.433064,5850560.363818929,21806.499433607678,27307233767.11267
2019-05-27 00:00:00+00:00,1.05780938,681707.2617916078,185844532.5890343,569470.5779712662,155246979.6318958,17701243.567231447,4825648077.080931,30597552.95713848,112236.6838203416,27381974197.178608
2019-05-28 00:00:00+00:00,1.05220031,531157.315188892,144062345.30004242,487232.3417554036,132148860.33218497,17745167.577576295,4812906432.5486965,11913484.96785745,43924.97343348834,27390780509.883884
2019-05-29 00:00:00+00:00,1.04101912,518010.17539575486,139514546.57843155,501340.5460309274,135024951.79260013,17761838.170029763,4783756992.414263,4489594.785831422,16669.629364827473,27495054574.788757
2019-05-30 00:00:00+00:00,0.98643067,731356.481773862,185979712.72983074,815155.3514799217,207289279.40956712,17678039.300323702,4495422892.440361,-21309566.679736376,-83798.86970605969,27400387902.21829
2019-05-31 00:00:00+00:00,1.0234614,620329.9044793913,165363775.91828313,827086.7789240783,220479766.95522934,17471282.425879017,4657388288.41852,-55115991.03694621,-206756.87444468704,27687848059.979847
2019-06-01 00:00:00+00:00,1.01735924,328919.84554251854,87209855.33001983,391829.8508186922,103889823.21063432,17408372.420602843,4615658376.67168,-16679967.88061449,-62910.005276173644,27707660652.766987
2019-06-02 00:00:00+00:00,1.03450786,260741.21043455868,70391533.17715618,307950.0943662762,83136375.9045395,17361163.536671124,4686941956.926826,-12744842.727383316,-47208.883931717486,27747952154.008278
2019-06-03 00:00:00+00:00,0.96335715,556337.6198301808,139672875.87093472,540682.759259699,135742601.66459015,17376818.397241607,4362585078.770248,3930274.2063445747,15654.860570481746,27713759091.211697
2019-06-04 00:00:00+00:00,0.92328027,633726.5227133658,151750277.87623423,728944.5287884198,174550899.8524835,17281600.391166553,4138200891.8880496,-22800621.976249278,-95218.00607505394,27584084910.93728
2019-06-05 00:00:00+00:00,0.94849003,469310.7614951776,115608886.75061087,464941.8426774924,114532657.7734461,17285969.309984237,4258184197.536322,1076228.9771647751,4368.91881768516,27626016103.753895
2019-06-06 00:00:00+00:00,0.94969741,433197.8352065233,107211592.57355243,395202.8183177999,97808253.17653756,17323964.326872963,4287486349.709007,9403339.397014871,37995.01688872342,27723398764.869644
2019-06-07 00:00:00+00:00,0.95909631,421750.2521123596,105532840.45253427,425838.96063163225,106555941.26079737,17319875.61835369,4333881630.5022745,-1023100.8082630932,-4088.7085192726227,27758850301.845097
2019-06-08 00:00:00+00:00,0.94028122,186631.49468582738,45655003.771813326,259193.62334941686,63405621.1764681,17247313.4896901,4219149419.29276,-17750617.40465477,-72562.12866358948,27684209660.894276
2019-06-09 00:00:00+00:00,0.8950244,267035.690975196,61695813.36040263,403313.67321714264,93181420.87161867,17111035.50744815,3953326423.2038617,-31485607.511216044,-136277.98224194662,27472173738.530224
2019-06-10 00:00:00+00:00,0.94802675,610111.2219001009,150542701.99665678,486526.7221106203,120048680.81594163,17234620.007237636,4252579153.8383183,30494021.180715144,123584.49978948064,27703060524.883587
2019-06-11 00:00:00+00:00,0.94482609,371624.3454401663,91345602.61097108,394733.9788257068,97025971.54702802,17211510.373852093,4230604927.3556876,-5680368.936056942,-23109.63338554051,27693929121.954845
2019-06-12 00:00:00+00:00,0.99337062,454683.6706197921,118061634.21852076,481465.01889451634,125015589.12870985,17184729.02557737,4462128999.69889,-6953954.910189092,-26781.348274724267,27828926525.425472
2019-06-13 00:00:00+00:00,0.97619187,610116.474608686,155784883.44523486,410223.7395876069,104745012.00629258,17384621.760598447,4438925004.363038,51039871.43894228,199892.73502107913,27851017525.32756
2019-06-14 00:00:00+00:00,1.00823837,469253.20211316284,124241084.11293322,555123.4025291209,146976372.3211545,17298751.56018249,4580076679.197755,-22735288.208221287,-85870.20041595807,27964948298.098312
2019-06-15 00:00:00+00:00,1.0232598,423375.23256683454,113912149.29138125,436782.389777136,117519441.30148199,17285344.402972188,4650746148.390905,-3607292.010100737,-13407.157210301433,28004858615.79408
2019-06-16 00:00:00+00:00,1.02567349,449928.6690203201,121412584.85692663,417639.02804293076,112699273.06974216,17317634.043949578,4673137894.192003,8713311.787184477,32289.640977389354,28024730810.28181
2019-06-17 00:00:00+00:00,1.03738108,393455.0917710046,107694204.3568946,472139.99917062855,129231372.57387206,17238949.136549953,4718543361.208418,-21537168.216977462,-78684.90739962395,28108973491.043324
2019-06-18 00:00:00+00:00,1.0021107,451495.0428940191,119060259.53260244,535527.4588539174,141219796.85378093,17154916.720590055,4523790170.3675375,-22159537.32117848,-84032.41595989832,28037495096.133236
2019-06-19 00:00:00+00:00,1.01775567,471484.30169835006,126799497.31554407,475934.93745782773,127996437.22426115,17150466.08483058,4612392120.904871,-1196939.908717081,-4450.635759477678,28158085878.875526
2019-06-20 00:00:00+00:00,1.02637189,488810.2953092019,133023611.88255149,461043.3886871836,125467195.32358776,17178232.991452597,4674841385.731375,7556416.558963731,27766.906622018258,28257617650.620987
2019-06-21 00:00:00+00:00,1.10180804,674141.3743927956,198772534.36404797,560774.5634478746,165346002.21478096,17291599.802397516,5098478222.060238,33426532.149267018,113366.81094492099,28523725183.393726
2019-06-22 00:00:00+00:00,1.14179934,664326.3478142777,204619005.4127299,530517.0837465712,163404444.8001228,17425409.066465225,5367196233.931231,41214560.61260709,133809.26406770654,28756585652.26327
2019-06-23 00:00:00+00:00,1.13597344,517955.8565253145,158781184.50789142,396278.46445340535,121480553.19421767,17547086.45853713,5379120898.911465,37300631.31367375,121677.39207190915,28771093153.77373
2019-06-24 00:00:00+00:00,1.14596448,539832.1908567088,167239338.07914785,498346.6309688122,154387163.47191647,17588572.01842503,5448917630.218916,12852174.607231379,41485.55988789658,28825874440.98042
2019-06-25 00:00:00+00:00,1.16230869,521874.4619517654,165002050.65865737,524753.0035441216,165912164.68084708,17585693.476832673,5560102471.923899,-910114.0221897066,-2878.541592356225,29008906097.042862
2019-06-26 00:00:00+00:00,1.2146512,891487.4466331007,297788056.91060686,783793.2564753657,261814422.3420519,17693387.666990407,5910211695.541263,35973634.56855497,107694.19015773502,29330918459.811886
2019-06-27 00:00:00+00:00,1.08022015,798690.335895495,234188015.78103563,850510.9537024461,249382600.10907888,17641567.049183458,5172772721.58825,-15194584.328043252,-51820.61780695105,28954395981.350014
2019-06-28 00:00:00+00:00,1.13040959,567332.6041268668,175558908.80104062,710485.3020740905,219856964.7575067,17498414.351236235,5414817528.3868265,-44298055.95646608,-143152.69794722367,29204203907.923153
2019-06-29 00:00:00+00:00,1.15937299,466862.65473091113,148709662.49985763,528612.8032516375,168378924.225506,17436664.20271551,5554096954.282449,-19669261.725648373,-61750.14852072636,29314226414.331394
2019-06-30 00:00:00+00:00,1.06707775,453620.5141459948,132303275.01992415,449214.1186749555,131018102.6485886,17441070.598186545,5086874795.197491,1285172.3713355511,4406.395471039286,29166808048.992702
2019-07-01 00:00:00+00:00,1.07693244,498754.3912425548,146565158.80649135,492730.8599554542,144795069.48964274,17447094.12947365,5127044827.470037,1770089.3168486059,6023.531287100632,29121786224.11579
2019-07-02 00:00:00+00:00,1.06568856,513447.0306385252,149193245.5123359,498968.962909635,144986326.81512514,17461572.197202537,5073841063.23264,4206918.697210759,14478.067728890222,29103228386.744846
2019-07-03 00:00:00+00:00,1.10331734,445701.0276966916,134627209.09993458,402646.4689972,121622269.20402218,17504626.75590203,5287398727.038261,13004939.895912394,43054.55869949161,29225492619.360188
2019-07-04 00:00:00+00:00,1.04650539,343083.26866756513,97260402.33043103,364407.47126093257,103305583.52408509,17483302.553308662,4956327503.242684,-6045181.19365406,-21324.20259336743,28921684179.50703
2019-07-05 00:00:00+00:00,1.06066376,303026.4812132633,87228773.4912237,365012.3776544304,105071945.80629185,17421316.656867493,5014875526.707807,-17843172.315068156,-61985.896441167104,28979107352.654224
2019-07-06 00:00:00+00:00,1.05877222,219277.63437013945,62992791.63829509,220518.39477478806,63349230.00405722,17420075.896462847,5004337147.384891,-356438.3657621294,-1240.7604046486085,28975677018.394417
2019-07-07 00:00:00+00:00,1.12431068,332401.43329423515,101780850.38488975,276834.2019346615,84766242.4595833,17475643.12782242,5351017295.398252,17014607.925306454,55567.23135957366,29087884782.88701
2019-07-08 00:00:00+00:00,1.14350761,395206.1384294508,123828473.3264196,308155.8481033421,96553328.77390686,17562693.41814853,5502853579.430199,27275144.55251275,87050.29032610869,29269049295.47221
2019-07-09 00:00:00+00:00,1.13499212,429214.1835609857,132345212.20590161,391126.56129866344,120601158.43557917,17600781.04041085,5427078579.875982,11744053.770322442,38087.622262322286,29023363862.104557
2019-07-10 00:00:00+00:00,1.06848964,481637.57013597613,139063773.2665215,533839.4358916787,154136078.40561384,17548579.174655147,5066821582.886231,-15072305.139092326,-52201.86575570254,28872547474.46058
2019-07-11 00:00:00+00:00,0.98712344,683553.4260186113,182875562.67146206,605716.4141878635,162051312.81271628,17626416.186485898,4715711538.101791,20824249.858745784,77837.01183074783,28962038273.54144
2019-07-12 00:00:00+00:00,1.01618274,290927.81131581974,80259011.788018,462635.8429750895,127628552.96288516,17454708.154826626,4815275724.993803,-47369541.17486715,-171708.03165926976,29014091986.23769
2019-07-13 00:00:00+00:00,0.9910879,201111.88287125426,54036476.15257705,199245.41628049666,53534977.80259829,17456574.621417385,4690383107.992525,501498.3499787599,1866.4665907575982,28977760178.284637
2019-07-14 00:00:00+00:00,0.85778384,535607.6095511105,123369701.67553537,542117.9477849862,124869266.78887126,17450064.283183508,4019377593.6819134,-1499565.1133358926,-6510.338233875693,28705664207.533974
2019-07-15 00:00:00+00:00,0.86326673,715135.8271003324,164894844.7438841,719727.8092947359,165953656.4581329,17445472.300989106,4022548357.309103,-1058811.7142488062,-4591.982194403536,28556966977.18378
2019-07-16 00:00:00+00:00,0.75500075,463305.8240655654,92198605.39612184,586395.7264497278,116693694.2740862,17316922.39860494,3446095455.6839247,-24495088.877964363,-123089.90238416236,28184009057.971077
2019-07-17 00:00:00+00:00,0.80223374,575846.7421770758,121464110.40937811,548110.163421228,115613597.38634405,17350118.97736079,3659683406.5859075,5850513.023034066,27736.578755847877,28118304215.290165
2019-07-18 00:00:00+00:00,0.86280075,543088.9642718986,123412510.69066115,481336.9915376497,109379881.60667288,17411870.95009504,3956704796.338291,14032629.083988264,61751.972734248906,28169707442.313244
2019-07-19 00:00:00+00:00,0.84098188,374352.1961883058,82743587.5223533,412519.508353829,91179761.71023591,17373703.637929514,3840133922.5196624,-8436174.187882602,-38167.31216552318,28114263624.265236
2019-07-20 00:00:00+00:00,0.87633059,215209.2656521907,49642763.28568726,250633.60019665913,57814167.28641523,17338279.30338505,3999456494.73161,-8171404.000727966,-35424.33454446844,28160609123.12771
2019-07-21 00:00:00+00:00,0.85734074,220865.716278276,49843222.74944944,206537.38990107388,46609719.7174719,17352607.62976225,3915998833.808626,3233503.0319775417,14328.326377202116,28163986288.923714
2019-07-22 00:00:00+00:00,0.82795359,266818.7113272088,57903295.86041074,273362.24235741305,59323331.2519656,17346064.098732047,3764332255.8844385,-1420035.3915548548,-6543.5310302042635,28048281833.33951
2019-07-23 00:00:00+00:00,0.81137244,289290.1577488101,61434079.32310131,298832.615129645,63460529.47347439,17336521.64135121,3681608990.7428374,-2026450.1503730789,-9542.457380834909,28011486298.71963
2019-07-24 00:00:00+00:00,0.82843959,288667.21739988396,62597036.5078924,292520.2673088127,63432564.37970415,17332668.591442283,3758562189.258657,-835527.8718117476,-3853.0499089287478,28017644092.36378
2019-07-25 00:00:00+00:00,0.83887751,331246.15324763657,72754463.96694106,312426.7135873742,68620987.30248307,17351488.031102546,3811057723.5531,4133476.6644579917,18819.439660262375,28028600960.50265
2019-07-26 00:00:00+00:00,0.83902495,320665.16775404697,70342828.64068483,287219.4831811611,63006004.14191225,17384933.71567543,3813652171.3808346,7336824.498772576,33445.68457288586,27992377861.806564
2019-07-27 00:00:00+00:00,0.7926561,210418.73332443897,43482140.12861308,238099.4076489777,49202234.25149839,17357253.04135089,3586802833.8908224,-5720094.122885317,-27680.674324538733,27915397842.51859
2019-07-28 00:00:00+00:00,0.80897672,167803.6734108811,35394416.12967101,184591.2071308581,38935369.32931186,17340465.507630914,3657581741.7087417,-3540953.199640855,-16787.533719976986,27922506167.343063
2019-07-29 00:00:00+00:00,0.80864285,210858.9396759345,44457656.76981353,260122.8394205213,54844494.2895002,17291201.607886326,3645689897.722622,-10386837.51968667,-49263.899744586815,27926057751.70488
2019-07-30 00:00:00+00:00,0.80579195,351140.7555555921,73749938.6829332,287195.4595885511,60319536.25308859,17355146.903853368,3645093882.5580025,13430402.429844603,63945.29596704105,27920619745.563
2019-07-31 00:00:00+00:00,0.83480225,307009.4007111846,66955140.01886913,302214.10069004836,65909341.47457731,17359942.203874506,3785999250.47034,1045798.5442918241,4795.300021136238,27987945404.948936
2019-08-01 00:00:00+00:00,0.83789184,946514.5051273509,205727951.72306028,292877.4708336626,63657854.004395686,18006169.23816819,3913698412.1006217,142070097.7186646,653637.0342936884,27794271770.15756
2019-08-02 00:00:00+00:00,0.83930516,223476.32471749966,48643464.078171104,308843.3150613737,67225057.1552146,17913332.24782432,3899144729.621341,-18581593.07704349,-85366.99034387403,27791126633.767002
2019-08-03 00:00:00+00:00,0.85475609,157236.4761022396,34880603.43859028,193731.71343840682,42976535.96312968,17869937.010488153,3964183132.2277174,-8095932.524539396,-36495.23733616722,27814866104.122417
2019-08-04 00:00:00+00:00,0.85837096,92160.09683815275,20532211.754300375,206775.37622177773,46067180.4372831,17748221.731104527,3954100086.1280985,-25534968.682982724,-114615.27938362498,27820272772.764236
2019-08-05 00:00:00+00:00,0.89257255,811122.2349988151,188423621.23635614,391964.901726351,91053410.93372864,18196259.06371164,4226989321.460807,97370210.3026275,419157.3332724641,27900012488.257008
2019-08-06 00:00:00+00:00,0.86862087,437618.46750249533,98783296.44822705,355104.80785926484,80157548.4351616,18278772.72202481,4126053991.3097863,18625748.013065442,82513.6596432305,27861955995.866062
2019-08-07 00:00:00+00:00,0.86845131,364541.665663097,82402061.39207207,351174.70609104866,79380554.86200856,18292139.68093151,4134808607.5118365,3021506.53006351,13366.959572048334,27909680692.657776
2019-08-08 00:00:00+00:00,0.84946423,578833.1044330334,127661665.10059008,319320.8302975955,70426222.3167476,18551651.954402238,4091567605.1137195,57235442.783842474,259512.2741354379,27843655146.84032
2019-08-09 00:00:00+00:00,0.81154859,382407.8613711925,80235986.83654092,414057.6742145571,86876681.82009463,18520002.140894163,3885826621.5063605,-6640694.983553708,-31649.812843364605,27729809593.310593
2019-08-10 00:00:00+00:00,0.799584,294917.6264792713,60848696.23101582,282027.0056266073,58189046.88466492,18532892.75951677,3823787595.4324837,2659649.3463508934,12890.620852663997,27679680651.163136
2019-08-11 00:00:00+00:00,0.83418283,257431.08624479582,55550985.793509655,242776.14692702107,52388600.32669656,18547547.69906919,4002370396.540501,3162385.466813095,14654.939317774755,27752297804.66859
2019-08-12 00:00:00+00:00,0.81748912,256879.4893553436,54194507.46748376,274564.0520361737,57925463.826321974,18529863.135723013,3909291507.0819497,-3730956.3588382155,-17684.562680830102,27690362882.458374
2019-08-13 00:00:00+00:00,0.80814047,275035.1156900838,57371672.844818115,285198.1853299876,59491665.068417236,18519700.072734047,3863165512.851492,-2119992.223599121,-10163.069639903784,27698878980.169125
2019-08-14 00:00:00+00:00,0.72795215,472078.1553426694,87986783.01041402,476229.66614253796,88760549.124731,18515548.56193418,3450961530.840475,-773766.114316985,-4151.510799868556,27478671249.602608
2019-08-15 00:00:00+00:00,0.73484601,431101.1344109638,81054185.27030812,536531.9090932881,100876924.90649472,18410117.787251856,3461408423.3737903,-19822739.6361866,-105430.77468232432,27463104543.192696
2019-08-16 00:00:00+00:00,0.72971667,347880.4784967651,64558941.47991525,346075.4028408246,64223959.263775274,18411922.862907797,3416846658.874051,334982.2161399722,1805.0756559404545,27300907206.009537
2019-08-17 00:00:00+00:00,0.73000362,185766.84862962394,34468605.27829396,213592.3118669092,39631555.05155462,18384097.39967051,3411126373.41635,-5162949.7732606605,-27825.463237285265,27289192705.76325
2019-08-18 00:00:00+00:00,0.76501723,202118.71754117912,39353759.774744384,219418.09420754155,42722055.01163724,18366798.02300415,3576128752.55501,-3368295.2368928567,-17299.376666362426,27328986495.780502
2019-08-19 00:00:00+00:00,0.79603354,326517.1458588718,66206913.564411834,286057.34618122363,58002999.944361776,18407257.822681796,3732385092.422932,8203913.620050058,40459.799677648174,27354926473.143185
2019-08-20 00:00:00+00:00,0.77317201,349707.16562508076,68793631.97141354,362059.7348543392,71223602.4867162,18394905.253452536,3618605697.9790916,-2429970.515302658,-12352.569229258457,27327017752.410923
2019-08-21 00:00:00+00:00,0.73513461,322579.8657175612,60160269.032271326,321649.0816388489,59986680.32901569,18395836.03753125,3430773469.477526,173588.70325563848,930.7840787123423,27251186105.040665
2019-08-22 00:00:00+00:00,0.75456809,342588.78889519343,65638673.53340651,325761.9374732037,62414714.539754175,18412662.88895324,3527794275.306561,3223958.9936523363,16826.851421989733,27278619420.00557
2019-08-23 00:00:00+00:00,0.76603268,314313.787560848,61173102.39073355,281049.3639749429,54699037.07600289,18445927.312539145,3590025779.4562693,6474065.314730659,33264.42358590511,27298538125.346905
2019-08-24 00:00:00+00:00,0.75346819,229506.39553739678,43861965.89236448,204121.99725722655,39010643.08301123,18471311.710819315,3530132754.4712095,4851322.809353247,25384.398280170222,27256601261.396416
2019-08-25 00:00:00+00:00,0.73623491,204428.54184584474,38090043.575055435,212749.72708176714,39640484.16114248,18462990.52558339,3440107273.159624,-1550440.586087048,-8321.1852359224,27198983625.75655
2019-08-26 00:00:00+00:00,0.74525153,283465.6632719601,53453064.95424808,289478.3129172745,54586869.12766494,18456977.875938077,3480428725.9127398,-1133804.1734168604,-6012.649645314377,27197122316.98521
2019-08-27 00:00:00+00:00,0.74076913,266778.712892886,49856484.395321816,258883.14555321797,48380934.76996462,18464873.443277743,3450776355.8181477,1475549.6253571957,7895.56733966805,27120393439.366608
2019-08-28 00:00:00+00:00,0.6897001,307292.02484703605,53215541.46423439,383795.5600810438,66464102.188947015,18388369.908043735,3184420623.3086686,-13248560.724712625,-76503.53523400775,26995433347.99037
2019-08-29 00:00:00+00:00,0.67474164,350625.2773398825,59163065.54598427,346317.838738687,58436246.09294524,18392677.34664493,3103504640.8558483,726819.4530390278,4307.438601195521,26889881179.84969
2019-08-30 00:00:00+00:00,0.67453816,322850.7828047405,54359172.76609589,293607.459848223,49435403.24310395,18421920.669601448,3101743658.982618,4923769.52299194,29243.322956517455,26843456533.49168
2019-08-31 00:00:00+00:00,0.69037737,236361.32572487902,40696128.13073138,254142.8007230287,43757699.99600513,18404139.194603298,3168780698.375289,-3061571.8652737513,-17781.47499814967,26823715534.477264
2019-09-01 00:00:00+00:00,0.68696684,186348.67936340164,31905033.279161427,167521.42896896505,28681591.86577636,18422966.444997735,3154223359.8676443,3223441.413385067,18827.25039443659,26809004078.440277
2019-09-02 00:00:00+00:00,0.71602468,291545.6447610964,52064277.982932486,279736.8114578626,49955454.23337011,18434775.27830097,3292085757.030754,2108823.7495623752,11808.833303233783,26831434934.37382
2019-09-03 00:00:00+00:00,0.72074993,520663.8716987084,93320498.57850313,294732.83681782306,52826049.15443778,18660706.313181855,3344626949.612628,40494449.42406535,225931.03488088533,26756421307.32289
2019-09-04 00:00:00+00:00,0.70383924,303176.69746171,52973996.21689406,366249.0806321581,63994619.55449008,18597633.930011407,3249560397.286241,-11020623.337596022,-63072.38317044807,26714116400.462048
2019-09-05 00:00:00+00:00,0.70339597,287055.20264995104,50103057.061715424,295903.0543006638,51647374.71224706,18588786.078360695,3244515344.067344,-1544317.6505316347,-8847.851650712779,26705536742.77455
2019-09-06 00:00:00+00:00,0.68368867,334601.5923533761,56624862.829319,352241.9842931775,59610158.76536388,18571145.68642089,3142808047.268015,-2985295.9360448793,-17640.391939801397,26642678474.72386
2019-09-07 00:00:00+00:00,0.71888623,301990.4253382757,53841116.263103835,297147.94269499247,52977762.16600946,18575988.169064175,3311866386.466729,863354.0970943719,4842.482643283205,26697629417.46997
2019-09-08 00:00:00+00:00,0.73185971,287774.5593555694,52261195.33029472,254818.624749965,46276244.681520216,18608944.10366978,3379470599.730069,5984950.648774505,32955.934605604416,26715642118.60945
2019-09-09 00:00:00+00:00,0.73106757,350356.1242535535,63550481.33720661,351934.64252526296,63836805.990958385,18607365.58539807,3375157325.6748257,-286324.6537517756,-1578.518271709443,26716075840.009663
2019-09-10 00:00:00+00:00,0.72463439,169648.94971110855,30468239.80429997,318503.1507660444,57201829.9700061,18442941.384343136,3312274916.830918,-26733590.16570613,-148854.20105493584,26690255867.33353
2019-09-11 00:00:00+00:00,0.71976293,264720.8669275792,47135894.62914739,336603.8323006309,59935293.183481075,18353228.418970082,3267954849.5809174,-12799398.554333687,-71882.9653730517,26644294263.914795
2019-09-12 00:00:00+00:00,0.73162702,267648.66913924145,48403327.233484924,250488.28981924785,45299932.55437946,18352618.798290078,3319007025.672517,3103394.6791054606,17160.379319993604,26625974346.805016
2019-09-13 00:00:00+00:00,0.73478401,170759.11103264464,30995042.83240864,227838.79819268588,41355762.89991791,18281539.111130036,3318341752.689865,-10360720.067509267,-57079.68716004124,26612623288.081337
2019-09-14 00:00:00+00:00,0.76216383,239645.26735882397,45196126.97959381,212325.8716576321,40043799.580329716,18296288.50683123,3450605921.509257,5152327.399264097,27319.395701191883,26661094507.271572
2019-09-15 00:00:00+00:00,0.76523723,303868.34141174296,57565915.080465436,216507.89838841476,41016037.521294326,18461388.949854556,3497392139.0341344,16549877.55917111,87360.4430233282,26676712932.96339
2019-09-16 00:00:00+00:00,0.79536541,394324.2803926577,77851653.89838015,395276.9360185669,78039737.20889497,18460436.294228647,3644653825.9330177,-188083.3105148226,-952.6556259092176,26751699312.78127
2019-09-17 00:00:00+00:00,0.83952277,498275.1237667866,104282796.17278127,539459.4681133787,112902168.04617116,18419251.949882057,3854920715.7363,-8619371.873389885,-41184.344346592145,26870105848.13515
2019-09-18 00:00:00+00:00,0.84506907,518582.4546369089,109276329.36960946,461197.56473552773,97184115.1544319,18476636.839783438,3893419522.572357,12092214.215177566,57384.88990138116,26880023920.218006
2019-09-19 00:00:00+00:00,0.88505503,377433.13271982817,83624915.6353628,394587.608013961,87425698.93942331,18459482.364489302,4089923542.957123,-3800783.304060504,-17154.475294132833,26989386262.337414
2019-09-20 00:00:00+00:00,0.8679429,341810.3096711213,74239685.08684322,335207.0255449194,72805481.0262932,18466085.648615506,4010752000.6021495,1434204.0605500191,6603.284126201877,26982515446.14201
2019-09-21 00:00:00+00:00,0.86005749,159626.1820926681,34399446.99896833,183739.2574781573,39595815.46328283,18441972.573230017,3974245639.233342,-5196368.464314498,-24113.07538548918,27020733004.688656
2019-09-22 00:00:00+00:00,0.84301017,163069.47753831488,34416107.06450178,169192.9290252432,35708472.534483075,18435849.121743087,3890919176.151963,-1292365.4699812979,-6123.45148692833,27001491404.516926
2019-09-23 00:00:00+00:00,0.80670152,222803.35495626891,44833989.440117896,313387.9330540074,63062027.427556075,18345264.54364535,3691557503.644416,-18228037.98743818,-90584.5780977385,26906631856.8092
2019-09-24 00:00:00+00:00,0.68344877,734329.6437278341,123689257.51567277,658086.4501127006,110846981.44874772,18421507.737260483,3102887965.6470337,12842276.066925049,76243.19361513352,26587356531.14046
2019-09-25 00:00:00+00:00,0.68942916,503926.6943010377,85590248.16399238,520537.32398626383,88411507.5515123,18404897.107575256,3126009653.160118,-2821259.387519926,-16610.62968522613,26580442700.60761
2019-09-26 00:00:00+00:00,0.67760665,422990.9560225666,70358039.03851905,469163.3202448426,78038101.59824504,18358724.74335298,3053691465.028258,-7680062.559725985,-46172.364222276025,26488305730.812584
2019-09-27 00:00:00+00:00,0.70820563,318003.4117213541,55359195.93520641,422335.43298220285,73521695.43806191,18254392.722092133,3177791388.810579,-18162499.502855495,-104332.02126084873,26527830789.564167
2019-09-28 00:00:00+00:00,0.7084324,239608.2302181367,41643642.137518995,250772.0811336815,43583906.927172996,18243228.871176586,3170652752.00479,-1940264.7896540016,-11163.850915544783,26479277158.315796
2019-09-29 00:00:00+00:00,0.693785,246001.15650128087,41784116.819000855,233706.05364189358,39695752.59549528,18255523.974035975,3100761627.1886034,2088364.2235055715,12295.10285938729,26427821199.060547
2019-09-30 00:00:00+00:00,0.73299245,387700.7073209748,69595660.79141642,374777.53326807375,67275838.25627327,18268447.148088876,3279345708.935539,2319822.535143152,12923.174052901042,26439445732.77352
2019-10-01 00:00:00+00:00,0.72272104,271816.1642529407,48012291.54266779,314100.32414293644,55481160.871520795,18226162.98819888,3219381207.510799,-7468869.328853004,-42284.15988999576,26389266815.989895
2019-10-02 00:00:00+00:00,0.73892398,239654.94596197942,43313179.79746122,187750.67810355054,33932447.524302214,18278067.256057307,3303421134.22227,9380732.273159005,51904.26785842888,26412441214.064827
2019-10-03 00:00:00+00:00,0.71849608,190747.14515254163,33469850.923856035,192658.03060332898,33805148.47768978,18276156.37060652,3206864399.968354,-335297.5538337454,-1910.8854507873475,26375469758.73124
2019-10-04 00:00:00+00:00,0.72297309,174646.10572227233,30773354.518489745,184587.09004582049,32524996.40930737,18266215.386282973,3218581482.069043,-1751641.8908176273,-9940.984323548153,26325526523.71234
2019-10-05 00:00:00+00:00,0.72316904,146562.99257005533,25822173.47782183,137180.99453127699,24169207.90528742,18275597.384321753,3219882712.5013375,1652965.5725344121,9381.998038778343,26318817985.29216
2019-10-06 00:00:00+00:00,0.69866463,190315.202611128,32325980.030173343,186007.50594463994,31594296.410018895,18279905.08098824,3104932440.9932256,731683.6201544479,4307.696666488075,26266474576.46168
2019-10-07 00:00:00+00:00,0.74336173,330883.95333644946,59890515.18287606,285875.2382687785,51743867.07274194,18324913.79605591,3316838175.019122,8146648.110134117,45008.71506767097,26310452168.03048
2019-10-08 00:00:00+00:00,0.74175409,316012.4192411541,57093543.41944467,314089.0271823401,56746046.734706104,18326837.186386477,3311085295.807845,347496.68473856896,1923.3920588140027,26322235790.20415
2019-10-09 00:00:00+00:00,0.79399486,433542.4686140087,84206577.14815195,369113.3734782589,71692569.95647256,18391266.283250473,3572119677.4186006,12514007.191679388,64429.09513574978,26439333188.53092
2019-10-10 00:00:00+00:00,0.78276434,264840.26886760537,50736536.074676044,253676.8059828449,48597905.72290692,18402429.746135235,3525428911.0513997,2138630.351769127,11163.462884760462,26455336993.345722
2019-10-11 00:00:00+00:00,0.74252558,294720.19227655523,53315523.05426454,317269.3637641545,57394717.16382029,18379880.57464764,3324960325.7340436,-4079194.109555751,-22549.171487599262,26338668897.08608
2019-10-12 00:00:00+00:00,0.74049038,181570.61558127808,32740777.994815476,178296.99069097932,32150478.592963222,18383154.199537937,3314846780.491896,590299.4018522538,3273.6248902987572,26329277858.900898
2019-10-13 00:00:00+00:00,0.74517961,140514.24599962647,25499766.250375144,137900.3893821117,25025417.672517784,18385768.05615545,3336549859.6265073,474348.57785736024,2613.8566175147716,26334420566.100666
2019-10-14 00:00:00+00:00,0.76542412,226218.61513437118,42194435.25038167,238198.26977459204,44428887.80300864,18373788.40151523,3427090315.0540724,-2234452.5526269674,-11979.654640220862,26354054875.80574
2019-10-15 00:00:00+00:00,0.74103979,243523.0102117924,43903046.638280176,257580.17893120792,46437314.4816102,18359731.232795816,3309946505.172971,-2534267.8433300257,-14057.168719415524,26314216950.623203
2019-10-16 00:00:00+00:00,0.72054134,237616.70037300367,41581895.1889893,246166.7198927366,43078111.63747652,18351181.21327608,3211377367.8648844,-1496216.4484872222,-8550.019519732945,26272371797.926826
2019-10-17 00:00:00+00:00,0.72885355,210225.37874505916,37224656.137965396,248441.4350437571,43991582.01133164,18312965.15697738,3242680949.8662696,-6766925.873366244,-38216.05629869795,26283884858.270245
2019-10-18 00:00:00+00:00,0.7168197,407880.1917942523,70616533.65616632,276434.9496673216,47859342.815965936,18444410.399104316,3193291446.6547723,22757190.84020038,131445.24212693074,26133739146.851364
2019-10-19 00:00:00+00:00,0.71086389,146523.89631053078,25145424.865567666,142948.15378361044,24531780.488689136,18447986.141631234,3165916694.313856,613644.3768785298,3575.7425269203377,26124939223.15784
2019-10-20 00:00:00+00:00,0.72515673,229365.0163285204,40181963.29159723,197729.6201973193,34639826.36763689,18479621.537762437,3237405102.8314896,5542136.923960343,31635.396131201094,26146707092.225468
2019-10-21 00:00:00+00:00,0.72137568,246359.1374580694,42915359.40659979,262918.2440672239,45799928.73459972,18463062.431153283,3216235322.7685404,-2884569.327999927,-16559.10660915452,26138487359.21172
2019-10-22 00:00:00+00:00,0.70996249,270265.74283347,46286165.72011926,269617.8727670867,46175210.4027959,18463710.301219665,3162126083.205134,110955.31732335687,647.8700663832715,26114193467.167423
2019-10-23 00:00:00+00:00,0.67210036,520762.2646762743,84011221.61120138,553155.2056356716,89236966.11338836,18431317.360260267,2973405702.3155785,-5225744.502186984,-32392.940959397296,25987788075.996357
2019-10-24 00:00:00+00:00,0.67288679,345923.8792445436,55702207.4617387,337923.0544364043,54413878.93032516,18439318.185068406,2969181339.087601,1288328.5314135402,8000.824808139296,25912449181.94305
2019-10-25 00:00:00+00:00,0.75217744,430392.99769644096,77970832.35193521,416606.959532777,75473326.87157291,18453104.22323207,3343000242.7158756,2497505.480362296,13786.038163663936,26082973651.44961
2019-10-26 00:00:00+00:00,0.74626659,589964.6966524165,106028810.64041801,457244.2369463272,82176209.67948808,18585824.68293816,3340255606.962657,23852600.96092993,132720.45970608928,26083579986.143665
2019-10-27 00:00:00+00:00,0.76496565,264093.76912893576,48744443.12769641,248556.15158122,45876626.45260944,18601362.300485875,3433299656.1953516,2867816.6750869676,15537.617547715752,26136064590.174335
2019-10-28 00:00:00+00:00,0.7574837,396082.55544109683,72409523.67858215,373846.5412899522,68344464.08159608,18623598.31463702,3404658611.239083,4065059.5969860703,22236.014151144656,26145958243.43025
2019-10-29 00:00:00+00:00,0.7889711,302385.2489650026,57704326.87412081,290034.5380607298,55347434.59320663,18635949.025541294,3556307385.5621486,2356892.28091418,12350.710904272797,26206382507.01962
2019-10-30 00:00:00+00:00,0.75893571,354687.99458588724,65006152.93115891,365491.2336653821,66986138.220972426,18625145.786461797,3413560915.0613194,-1979985.2898135185,-10803.239079494844,26168342730.16435
2019-10-31 00:00:00+00:00,0.75611429,264288.759568805,48214348.31593447,243488.40173707143,44419727.238475494,18645946.14429353,3401590531.3108006,3794621.0774589777,20800.357831733563,26147849011.578815
2019-11-01 00:00:00+00:00,0.75984838,233853.96366732608,42879993.08393153,256192.9736509406,46976124.61224697,18623607.134309918,3414866836.5232596,-4096131.52831544,-22339.009983614524,26155430188.303814
2019-11-02 00:00:00+00:00,0.75812905,129374.07021240258,23675295.5698055,141054.88166415624,25812869.684629362,18611926.322858162,3405959602.9843974,-2137574.114823863,-11680.81145175366,26165924600.93991
2019-11-03 00:00:00+00:00,0.75392083,177986.773902425,32377042.524855893,144420.7769841639,26271152.262428284,18645492.319776423,3391745827.5030303,6105890.262427609,33565.99691826108,26158177737.48692
2019-11-04 00:00:00+00:00,0.77021801,337936.91861469595,62867902.97255643,356573.55609450187,66334959.25518477,18626855.68229662,3465236531.4770617,-3467056.2826283425,-18636.63747980591,26188805357.72784
2019-11-05 00:00:00+00:00,0.79757672,385592.1689321817,72960690.3564806,304690.3436487457,57652669.345252454,18707757.507580053,3539830454.945621,15308021.011228144,80901.82528343605,25726272488.192486
2019-11-06 00:00:00+00:00,0.80682327,286270.71925149264,54837063.026349224,262033.14462405158,50194194.168066934,18731995.082207497,3588238425.5647907,4642868.85828229,24237.574627441063,25748969598.83331
2019-11-07 00:00:00+00:00,0.78755498,221482.54044603146,41366431.93936577,216721.0432300105,40477124.14056884,18736756.579423517,3499475688.9022055,889307.7987969294,4761.497216020973,25722956118.901993
2019-11-08 00:00:00+00:00,0.77736103,253167.60136215563,46592515.4976144,272156.7081845031,50087236.97518784,18717767.472601168,3444784665.792857,-3494721.4775734395,-18989.106822347443,25682111403.564854
2019-11-09 00:00:00+00:00,0.78184467,145407.63242484292,26894970.812696733,130103.5780193449,24064293.428794358,18733071.527006667,3464917236.7992277,2830677.3839023747,15304.054405498013,25666131908.3565
2019-11-10 00:00:00+00:00,0.79820257,189968.69054007265,35912650.98824002,137072.38530841365,25912863.428767074,18785967.832238328,3551395255.278475,9999787.559472945,52896.305231659004,25698033359.79245
2019-11-11 00:00:00+00:00,0.77956796,241357.47053707973,44510866.01980619,239761.66552759954,44216569.50264164,18787563.637247805,3464780791.89037,294296.5171645507,1595.8050094801874,25671394447.282623
2019-11-12 00:00:00+00:00,0.78818604,365902.16355950484,68269266.94853616,292524.54324698605,54578622.70519046,20409126.475025855,3807892497.698743,13690644.2433457,73377.62031251879,25690970820.100754
2019-11-13 00:00:00+00:00,0.79414238,300283.75387368666,56463362.02543952,226853.86295160613,42656093.1967502,20482488.093992334,3851390977.746088,13807268.828689322,73429.89092208052,25700184054.404827
2019-11-14 00:00:00+00:00,0.78279974,201478.2847164011,37226430.19226182,194972.93964207973,36024460.587315686,20488925.415705107,3785666295.381738,1201969.6049461365,6505.345074321376,25622575844.597427
2019-11-15 00:00:00+00:00,0.76581348,285759.5307686352,51433797.66799429,331959.80426866387,59749375.15027398,20442656.558999714,3679469442.0995083,-8315577.482279688,-46200.27350002865,25516765470.24244
2019-11-16 00:00:00+00:00,0.77486213,163946.73578292658,29885377.837421857,151320.25370772972,27583732.81977223,20455227.07381026,3728724374.6071754,2301645.017649628,12626.482075196865,25543638896.06312
2019-11-17 00:00:00+00:00,0.78108292,163515.3303427074,30058991.448618375,150107.23486430864,27594183.85851206,20468578.82832317,3762734874.3168006,2464807.590106316,13408.095478398754,25557642540.138977
2019-11-18 00:00:00+00:00,0.75838499,314857.012287161,56064186.4501573,315270.6023287639,56137831.274002634,20468095.038910627,3644597553.045567,-73644.82384533435,-413.5900416029035,25499681803.302277
2019-11-19 00:00:00+00:00,0.74828724,257912.89433762277,45247000.17055202,229974.11357087124,40345554.58224661,20495965.734170284,3595713845.371516,4901445.588305414,27938.78076675153,25465401140.097546
2019-11-20 00:00:00+00:00,0.74449806,240974.8051907008,42028348.382051036,258171.04035813184,45027538.94848607,20478700.033040717,3571684345.668554,-2999190.5664350316,-17196.235167431034,25448355996.36071
2019-11-21 00:00:00+00:00,0.689448,489817.4148598393,78727518.88355634,470074.93931824004,75554344.41311787,20498351.16083765,3294665071.3886876,3173174.4704384655,19742.47554159927,25327626557.342438
2019-11-22 00:00:00+00:00,0.64890351,715870.0345261961,107220266.60438643,726286.3462481903,108780381.8012822,20487835.099043228,3068589318.61847,-1560115.1968957633,-10416.311721994192,25079354895.388287
2019-11-23 00:00:00+00:00,0.6613204,268503.151953237,40900294.739710346,495505.1899191752,75478846.95327535,20260765.061922584,3086262699.921609,-34578552.21356501,-227002.03796593816,25030503959.4035
2019-11-24 00:00:00+00:00,0.61653331,226294.96527288595,32038076.197900258,209308.2102260607,29633148.84174373,20277691.94675892,2870847077.5052233,2404927.356156528,16986.755046825245,24956858238.636116
2019-11-25 00:00:00+00:00,0.63986243,577027.5514490942,84570451.54779111,609875.5416220103,89384726.62769774,20244748.434377015,2967115716.1682677,-4814275.079906628,-32847.99017291609,24896601143.980015
2019-11-26 00:00:00+00:00,0.6462043,248494.67786769875,36763017.94824024,243131.17556330314,35969525.978215426,20250032.61833413,2995848116.298983,793491.9700248167,5363.502304395603,24887197699.125538
2019-11-27 00:00:00+00:00,0.66836031,395314.5164428273,60581286.41292249,748941.5432798133,114774034.98419842,19896339.32149292,3049080620.287261,-54192748.571275935,-353627.02683698596,24927821638.803246
2019-11-28 00:00:00+00:00,0.65888083,282831.1077040549,42710436.574441135,287699.3451886586,43445591.0275823,19891410.440632507,3003809697.2337766,-735154.4531411678,-4868.237484603713,24919897854.0239
2019-11-29 00:00:00+00:00,0.68005828,320610.26374313986,49456149.50426318,277804.92078372935,42853156.14944684,19934158.41801686,3074969302.1460633,6602993.35481634,42805.34295941051,24665504086.096348
2019-11-30 00:00:00+00:00,0.67158553,182276.47894034573,27708979.520897247,166840.2175758459,25362417.569982417,19949542.518388096,3032653847.0945306,2346561.95091483,15436.261364499835,24616680992.34099
2019-12-01 00:00:00+00:00,0.6692581,175250.59083939614,26529473.58841898,152622.0297057875,23103956.94928739,19972079.632509712,3023377876.0953403,3425516.6391315907,22628.56113360863,24601585326.33898
2019-12-02 00:00:00+00:00,0.66005568,283721.70476299775,42289490.58756145,266227.97991581215,39682003.39202093,19989497.75903053,2979488925.730049,2607487.1955405176,17493.7248471856,24563732156.637062
2019-12-03 00:00:00+00:00,0.65421314,225568.8913596977,33263599.83105079,243930.55746219127,35971309.70089609,19971074.95266969,2945041940.0350795,-2707709.869845301,-18361.66610249356,24521844679.803265
2019-12-04 00:00:00+00:00,0.64732033,264704.797438176,38566759.632974215,274993.2464427213,40065758.30468164,19960726.696254272,2908222880.900857,-1498998.6717074215,-10288.449004545284,24488446380.37044
2019-12-05 00:00:00+00:00,0.65792383,266198.01718620275,39403269.34802683,291460.94541339437,43142748.612290464,19935407.01320346,2950886788.740938,-3739479.2642636374,-25262.928227191616,24480936059.53626
2019-12-06 00:00:00+00:00,0.66275053,199939.27818248022,29731008.000977047,250523.2009645937,37252846.76436017,19884780.17425804,2956870525.054938,-7521838.76338312,-50583.922782113485,24416569007.88831
2019-12-07 00:00:00+00:00,0.65803297,152559.13817981337,22504791.67342637,138823.8092625868,20478621.890769098,19898479.044247616,2935328101.9523168,2026169.782657273,13735.32891722658,24398298880.157692
2019-12-08 00:00:00+00:00,0.67253015,112867.1078419481,17024696.307881575,106006.70124041884,15989883.4100161,19905307.229563765,3002485108.176522,1034812.8978654742,6860.406601529263,24412783270.757416
2019-12-09 00:00:00+00:00,0.65788104,224351.16592549384,33063864.16553319,207457.14716080867,30574099.785030607,19922149.583495833,2936036659.3008595,2489764.3805025816,16894.01876468517,24386084537.361942
2019-12-10 00:00:00+00:00,0.65092845,232452.26564080254,33867449.01022384,195226.70118452786,28443819.764777653,19959313.827847768,2907999375.6147594,5423629.24544619,37225.564456274675,24368418499.563103
2019-12-11 00:00:00+00:00,0.64099493,171008.48679924302,24476513.928537205,179339.8561555136,25668986.196489275,19950928.37954569,2855584453.784898,-1192472.2679520696,-8331.369356270588,24312845068.896297
2019-12-12 00:00:00+00:00,0.64767506,202389.39790285635,29292668.339160893,189566.93318581028,27436819.11909796,19963699.118914444,2889430094.524265,1855849.2200629339,12822.464717046067,24334364658.39577
2019-12-13 00:00:00+00:00,0.64745006,193115.41364115488,27924433.789855108,172820.7312145205,24989828.493346997,19983944.187211618,2889672635.6234593,2934605.296508111,20294.68242663439,24322753238.208286
2019-12-14 00:00:00+00:00,0.63613424,174128.5368023673,24698817.028279934,120186.85273655511,17047596.78945768,20037841.88481518,2842216442.192752,7651220.238822255,53941.684065812195,24285739534.81637
2019-12-15 00:00:00+00:00,0.63836633,121596.50436101762,17303735.12043921,106772.97849208007,15194280.029316496,20052622.715927705,2853579334.1256166,2109455.091122713,14823.525868937548,24282046161.436333
2019-12-16 00:00:00+00:00,0.59585461,320161.3082376873,42382947.940548204,362050.70882024954,47928265.99888602,20010677.598723058,2649013122.760408,-5545318.058337815,-41889.40058256226,24202528014.728092
2019-12-17 00:00:00+00:00,0.55151711,487154.8198908357,59192192.83078765,383534.01071074087,46601651.45085249,20114237.522049043,2443998863.269358,12590541.37993516,103620.8091800948,24002643869.257378
2019-12-18 00:00:00+00:00,0.60249482,497448.0421207211,66102730.43468453,447663.1013666851,59487123.8994956,20163962.598163348,2679461715.1151347,6615606.535188928,49784.94075403595,24031480038.713684
2019-12-19 00:00:00+00:00,0.58446816,390651.6955274448,49942845.58026642,382084.18810371263,48847533.041833624,20172475.3566291,2578949056.774484,1095312.5384327993,8567.507423732197,23835615985.67649
2019-12-20 00:00:00+00:00,0.58816933,213333.0093217461,27353038.526158355,219939.8975006763,28200157.626342896,20165815.39144081,2585611701.9451365,-847119.1001845412,-6606.88817893021,23756914575.45069
2019-12-21 00:00:00+00:00,0.5838911,165390.07390844417,21020605.567611005,118762.17073078081,15094332.376119463,20212402.034315273,2568938514.245546,5926273.191491542,46627.903177663364,23724153412.463108
2019-12-22 00:00:00+00:00,0.6062308,180948.0829193999,23896088.646444984,139488.4375514892,18420908.445707146,20253822.706323985,2674729320.2066236,5475180.200737838,41459.64536791071,23744489188.39108
2019-12-23 00:00:00+00:00,0.58812061,300345.92333043943,38388507.12557587,318421.9633618901,40698883.72018708,20235694.3650425,2586411324.3473506,-2310376.5946112126,-18076.040031450684,23690940648.66594
2019-12-24 00:00:00+00:00,0.589136,250924.2116127627,32032093.05429196,235844.85171845742,30107115.563164208,20250727.334077835,2585135879.128858,1924977.4911277518,15079.359894305293,23623170345.57478
2019-12-25 00:00:00+00:00,0.57805793,392460.5638162578,49010876.73024931,262698.6369511457,32806074.54573443,20380444.70335026,2545130785.500298,16204802.184514876,129761.9268651121,23554680828.137074
2019-12-26 00:00:00+00:00,0.5813102,244031.51330521423,30579205.769996814,239001.867897529,29948948.801179174,20385425.961380087,2554465719.361489,630256.9688176401,5029.645407685224,23505297401.63878
2019-12-27 00:00:00+00:00,0.58545472,246578.47622140578,31113673.918507464,225294.52622428062,28428030.426600438,20406661.170610573,2574945758.273473,2685643.4919070266,21283.949997125164,23503781888.945637
2019-12-28 00:00:00+00:00,0.59409234,161088.370539985,20625368.624881476,156186.6825324704,19997768.248142585,20411522.067682505,2613442332.4889,627600.376738891,4901.688007514575,23505002173.179768
2019-12-29 00:00:00+00:00,0.6231622,232941.59522136627,31363080.210865416,245649.13901199008,33074014.29633725,20398775.6506866,2746475726.3637486,-1710934.085471835,-12707.543790623808,23566153223.65328
2019-12-30 00:00:00+00:00,0.60866437,314272.6743064904,41260063.27674798,315621.36900603824,41437129.98726347,20397376.094023295,2677919835.62106,-177066.71051549166,-1348.6946995478356,23529084393.57298
2019-12-31 00:00:00+00:00,0.59737151,239316.03631525006,30754762.23504183,224745.12197901838,28882238.300341297,20411897.08677372,2623154934.9368253,1872523.9347005337,14570.914336231683,23469129896.220165
2020-01-01 00:00:00+00:00,0.60401742,130342.29244528715,16939789.446375705,122925.88243502453,15975924.06036082,20419283.29142885,2653769188.1389723,963865.3860148862,7416.410010262625,23475515147.836952
2020-01-02 00:00:00+00:00,0.59007664,214113.17060381535,27134749.881990664,177169.26484059409,22452816.305827092,20456190.454189077,2592430955.776499,4681933.576163571,36943.905763221264,23434902439.39696
2020-01-03 00:00:00+00:00,0.6217776,349368.13650075457,46745724.66244456,335631.3438507087,44907731.268439814,20469878.661954135,2738885467.31648,1837993.3940047473,13736.792650045885,23483725899.05744
2020-01-04 00:00:00+00:00,0.62295237,208502.92777941137,27949890.280343506,163547.21779011787,21923561.65725081,20514796.78146044,2750015672.547225,6026328.623092696,44955.70998929351,23486115569.327732
2020-01-05 00:00:00+00:00,0.62722837,193753.5777383935,26153279.74199273,216780.46174014642,29261498.676134896,20491732.451408174,2766018658.625013,-3108218.934142165,-23026.884001752915,23491061365.90727
2020-01-06 00:00:00+00:00,0.66720181,430477.66561346484,61983972.864164986,312368.2965360739,44977543.69794146,20609796.928249665,2967580424.215672,17006429.166223526,118109.36907739093,23560166739.363953
2020-01-07 00:00:00+00:00,0.66257856,296428.68181072705,42463099.10844647,283433.8660486786,40601605.32103963,20622746.945802275,2954186963.618998,1861493.7874068394,12994.81576204847,23605599887.335945
2020-01-08 00:00:00+00:00,0.65340864,427785.57392005256,60263216.4364848,332993.48051409953,46909618.77061771,20717489.067198325,2918524148.0593004,13353597.66586709,94792.09340595303,23542706064.359035
2020-01-09 00:00:00+00:00,0.63867031,277482.73830175836,38146568.76288234,292861.96712578833,40260807.700577885,20702065.17751948,2845988754.6918974,-2114238.937695548,-15379.228824029968,23507800784.893627
2020-01-10 00:00:00+00:00,0.66686883,256634.16508706327,36901272.85735506,248370.37752918497,35713027.79495259,20710282.69778721,2977919142.3119283,1188245.062402472,8263.787557878299,23551038499.26908
2020-01-11 00:00:00+00:00,0.66279614,289049.87511327886,41289639.93222508,261876.04427874673,37407964.87425345,20737417.666236635,2962258704.410485,3881675.0579716265,27173.830834532127,23543237970.91182
2020-01-12 00:00:00+00:00,0.67477319,179315.77655592206,26080964.347984202,140181.37783467077,20388978.525919933,20776517.90373462,3021884817.555739,5691985.822064269,39134.39872125129,23549378530.67034
2020-01-13 00:00:00+00:00,0.66859452,281194.2460166367,40466726.4282122,308006.05202067894,44325219.38808479,20749666.77377152,2986089156.181019,-3858492.9598725885,-26811.806004042213,23518798256.205536
2020-01-14 00:00:00+00:00,0.76360036,653183.6316384,108459820.58695124,540417.6202405462,89735252.52966696,20862375.212316,3464155197.627626,18724568.05728428,112766.01139785384,23763368127.25018
2020-01-15 00:00:00+00:00,0.76241979,483621.2335026658,80210409.3594132,482154.46257348347,79967139.85734005,20863784.67329575,3460337540.002736,243269.50207315385,1466.7709291823558,23775281108.01979
2020-01-16 00:00:00+00:00,0.75477525,310771.03093692375,50982899.19600886,295569.03374540806,48488966.96540027,20878932.08160805,3425250051.2282004,2493932.23060859,15201.997191515693,23758274415.771614
2020-01-17 00:00:00+00:00,0.7839624,325035.45072765055,55592244.053805694,366174.8174444508,62628491.052769795,20837738.488303147,3563970148.4185925,-7036246.998964101,-41139.36671680026,23850169109.264145
2020-01-18 00:00:00+00:00,0.80102117,329836.701090475,57746153.310768485,601852.0400509246,105369232.89699706,20565666.148863655,3600533556.284278,-47623079.58622858,-272015.3389604496,23896666302.31479
2020-01-19 00:00:00+00:00,0.76505223,285485.7928406173,47616695.66947588,276857.86756789486,46177628.28933636,20574243.41884858,3431615555.2159834,1439067.3801395223,8627.925272722438,23839410294.673508
2020-01-20 00:00:00+00:00,0.76355683,232638.70433705547,38833776.62412054,239778.0588893919,40025530.596082754,20567060.565186903,3433206172.976469,-1191753.9719622135,-7139.3545523364155,23908486341.616688
2020-01-21 00:00:00+00:00,0.77332135,227593.34467441658,38502345.91080821,195813.18074497997,33126042.546297297,20598800.757790904,3484733498.068035,5376303.364510916,31780.163929436618,23926979317.31362
2020-01-22 00:00:00+00:00,0.76618535,177627.03000951032,29760560.93482215,228608.19656354314,38302212.0206866,20547784.004413478,3442683120.3909125,-8541651.085864447,-50981.166554032825,23920602162.518414
2020-01-23 00:00:00+00:00,0.74349304,218789.2421759761,35478103.3497087,247662.95852501295,40160164.874001436,20518874.667144384,3327269425.2268047,-4682061.524292737,-28873.71634903684,23860858660.207787
2020-01-24 00:00:00+00:00,0.74345936,344739.2828090377,55933118.05789063,322477.2830014492,52321162.224785484,20541107.151129715,3332745145.7290072,3611955.833105147,22261.999807588523,23878303164.45633
2020-01-25 00:00:00+00:00,0.73622929,89703.03079177141,14399261.036071008,86772.2091837805,13928801.286705552,20544017.162791397,3297755530.058323,470459.7493654564,2930.8216079909034,23859227894.95196
2020-01-26 00:00:00+00:00,0.76527927,133761.6350163502,22359476.259401143,129283.93121962444,21610987.264576264,20548472.56022885,3434864446.1562696,748488.9948248789,4477.703796725749,23905638479.881268
2020-01-27 00:00:00+00:00,0.77648692,227421.3334911558,38646688.22214871,250023.12735357817,42487508.5500107,20525839.026184063,3488044367.543017,-3840820.3278619945,-22601.793862422375,23954739393.66059
2020-01-28 00:00:00+00:00,0.79924832,241426.6132772264,42316336.57437974,256073.39326631208,44883568.34446358,20511158.400474932,3595117665.8732815,-2567231.770083837,-14646.779989085684,24007090059.84387
2020-01-29 00:00:00+00:00,0.79607101,241750.02153685826,42228114.52445247,264541.32547015895,46209226.03186257,20488327.400117155,3578834989.823218,-3981111.5074101016,-22791.30393330069,24023484147.337685
2020-01-30 00:00:00+00:00,0.83732058,342183.6476007721,63049646.460080184,314760.72262891696,57996787.457320325,20515705.408529162,3780157181.5496655,5052859.002759859,27422.92497185513,24095605591.68885
2020-01-31 00:00:00+00:00,0.81877224,313926.35536525067,56558124.40791731,345402.41018806765,62228965.973506905,20484186.031502854,3690506139.94069,-5670841.565589592,-31476.05482281698,24097082126.107533
2020-02-01 00:00:00+00:00,0.83183978,258935.54957033668,47530858.80050379,162476.15976429277,29824531.320705876,20580605.509239174,3777827556.36185,17706327.479797915,96459.38980604391,24168977583.930977
2020-02-02 00:00:00+00:00,0.85183419,298267.36723418237,56193007.82404422,247439.73233084768,46617177.54704895,20631389.881612875,3886914830.1031938,9575830.276995271,50827.63490333469,24226437223.825623
2020-02-03 00:00:00+00:00,0.8543368,280639.85155024537,53136810.88346594,313271.35603994876,59315313.591952085,20598699.48513123,3900191626.173231,-6178502.708486147,-32631.504489703395,24279474431.280956
2020-02-04 00:00:00+00:00,0.84956064,260758.14432256587,49094674.04143705,251720.6473662707,47393124.24565798,20607682.00095347,3879945660.814574,1701549.7957790717,9037.49695629516,24281696217.723938
2020-02-05 00:00:00+00:00,0.92026678,371200.5294617448,76142541.23503956,367431.3199926799,75369381.81137729,20611387.859420672,4227912746.4420056,773159.4236622751,3769.2094690648955,24425064807.430393
2020-02-06 00:00:00+00:00,0.94443546,417908.2327283584,88951618.02746253,450306.7385591841,95847628.41833071,20578920.262958426,4380215825.607186,-6896010.390868187,-32398.505830825656,24699352609.573242
2020-02-07 00:00:00+00:00,0.98169653,482708.5214520825,107577907.6976391,493217.9539443811,109920072.18897654,20568339.490086965,4583923483.47621,-2342164.4913374484,-10509.432492298598,24882845661.418
2020-02-08 00:00:00+00:00,0.98610361,333618.02653056144,74721556.89839037,312634.1272265781,70021722.05403715,20589260.135126133,4611446175.980708,4699834.844353214,20983.899303983373,24898138009.349297
2020-02-09 00:00:00+00:00,1.00224522,270385.63853519695,61774210.043951616,282944.6700883105,64643534.97301828,20576622.095369883,4701080213.433493,-2869324.9290666655,-12559.031553113542,24991731534.50608
2020-02-10 00:00:00+00:00,0.98416009,394471.6593754885,88416811.31086427,351155.5037461142,78707935.48171669,20619865.7597924,4621733239.404932,9708875.829147577,43316.15562937432,24972064140.098293
2020-02-11 00:00:00+00:00,1.04033691,339052.9690570568,80575781.9061406,291027.31094096176,69162506.37865172,20667816.327267904,4911697029.209216,11413275.527488872,48025.65811609506,25050607081.890266
2020-02-12 00:00:00+00:00,1.14850047,618411.3811614311,164899057.93140176,622066.3584581733,165873655.63667282,20664064.918449473,5510061654.567368,-974597.7052710652,-3654.9772967422614,25463537694.683773
2020-02-13 00:00:00+00:00,1.14480701,541321.0691973567,145041568.293146,503475.0323950606,134901101.1215572,20701814.734035354,5546844278.555023,10140467.171588808,37846.03680229612,25672517595.572556
2020-02-14 00:00:00+00:00,1.20363637,418332.6233912047,119153952.65775326,429464.25592023495,122324582.77647391,20690584.616109204,5893312646.342723,-3170630.1187206507,-11131.632529030263,25960251531.268154
2020-02-15 00:00:00+00:00,1.12840133,410023.78252895456,108670180.22539042,396513.6212858189,105089530.22477257,20703994.35152134,5487259260.1537895,3580650.000617847,13510.161243135633,25769684739.449013
2020-02-16 00:00:00+00:00,1.11365892,407719.88796890277,106467360.4491134,383311.88028889225,100093729.36514083,20728324.033671685,5412760111.832624,6373631.083972573,24408.007680010516,25729306233.434612
2020-02-17 00:00:00+00:00,1.1333764,568067.828478057,151451560.18617183,531632.7284212019,141737662.5272708,20764680.351224404,5536034744.980386,9713897.658901036,36435.100056855124,25815398110.177326
2020-02-18 00:00:00+00:00,1.1971991,528441.3649763175,149847469.48252085,492837.87856131524,139751567.2734224,20800204.82722439,5898209838.696813,10095902.209098458,35603.48641500226,25996779716.545185
2020-02-19 00:00:00+00:00,1.11024438,400579.35056134773,104582191.71553531,414801.11889726337,108295173.17740145,20785902.56920959,5426728173.649575,-3712981.4618661404,-14221.768335915636,25813002725.35025
2020-02-20 00:00:00+00:00,1.09840864,583363.2253938178,150876322.46267605,548216.8988530113,141786362.27026,20820968.50747993,5384966041.352828,9089960.192416042,35146.32654080645,25849952711.27018
2020-02-21 00:00:00+00:00,1.12502844,277916.97151785233,73900736.29937904,335429.5616942736,89193874.8842925,20763397.27641306,5521182597.89284,-15293138.584913462,-57512.590176421276,25951681523.944195
2020-02-22 00:00:00+00:00,1.10851831,164109.29562965315,42957803.22477292,160710.60368665782,42068150.14845789,20766743.11708679,5435972782.775311,889653.0763150305,3398.691942995327,25930768973.40125
2020-02-23 00:00:00+00:00,1.15814833,239611.25136818178,65888217.45611186,263291.3711852084,72399768.45792021,20742998.546417825,5703902429.932713,-6511551.001808345,-23680.1198170266,26075923134.562458
2020-02-24 00:00:00+00:00,1.1164964,348313.7781309323,92082726.92722468,379694.5912251694,100378783.5989326,20711538.96119626,5475450889.828126,-8296056.671707913,-31380.81309423712,26008004781.456543
2020-02-25 00:00:00+00:00,1.04981425,381198.2745115092,94741925.94797112,353009.73757316236,87736027.81630507,20739657.554873876,5154575011.568725,7005898.131666049,28188.536938346864,26006933497.532116
2020-02-26 00:00:00+00:00,0.96596272,622098.6971773786,140411755.1533513,570700.9198854567,128810939.79513802,20790975.726278003,4692659551.166107,11600815.35821329,51397.7772919219,25671324482.787296
2020-02-27 00:00:00+00:00,0.97349437,539331.296217648,122104024.08282042,471926.5938973478,106843672.13748868,20858310.16748926,4722298937.368263,15260351.945331737,67404.70232030016,25554020201.710346
2020-02-28 00:00:00+00:00,0.98256402,421045.89806928794,96282215.3666904,396333.8417693655,90631212.61916721,20882947.95514568,4775385538.081757,5651002.747523189,24712.056299922464,25575726963.975365
2020-02-29 00:00:00+00:00,0.94817948,197026.28546426017,43365937.45112841,187204.0571518933,41204042.46528364,20892705.84941625,4598532489.792893,2161894.9858447686,9822.228312366875,25512909077.86404
2020-03-01 00:00:00+00:00,0.94316225,307957.098218848,67326710.57058814,335678.8954519369,73387351.5806627,20864923.625725582,4561566147.20523,-6060641.010074556,-27721.79723308893,25479465356.7962
2020-03-02 00:00:00+00:00,0.99287888,459522.48757478286,106239270.09221528,438009.1854587755,101265503.68060745,20886374.51413,4828823927.561773,4973766.411607832,21513.30211600737,25598559387.202946
2020-03-03 00:00:00+00:00,0.96460055,379839.0342297374,85191654.62905781,378532.78003012424,84898683.27381817,20887614.76186941,4684748807.943014,292971.35523964465,1306.2541996131768,25564512150.65844
2020-03-04 00:00:00+00:00,0.96491949,270910.7419814279,60726275.54715348,329381.3003849643,73832803.60521218,20829077.37028456,4668963225.783021,-13106528.058058701,-58470.558403536445,25544717168.344635
2020-03-05 00:00:00+00:00,0.9792524,393461.3825079487,89635856.30971165,398500.3538048151,90783802.53059788,20823965.371939234,4743982639.36321,-1147946.2208862305,-5038.971296866366,25584668435.663364
2020-03-06 00:00:00+00:00,1.0453275,375761.9943365829,91810016.7569665,414434.82461180136,101258958.504989,20785222.336058944,5078458278.730349,-9448941.748022497,-38672.83027521847,25708332341.103752
2020-03-07 00:00:00+00:00,1.01973768,237963.10086024393,56649460.71522326,239094.1298579637,56918713.31170768,20784023.748324268,4947841629.977976,-269252.5964844227,-1131.0289977197826,25680339376.489716
2020-03-08 00:00:00+00:00,0.87928638,472098.4479532884,95725492.65188684,516779.1542564816,104785218.73539779,20739275.209352233,4205218943.77153,-9059726.08351095,-44680.706303193234,25370086185.586163
2020-03-09 00:00:00+00:00,0.87528188,907427.4100587113,181622595.2480303,820467.8815140811,164217549.86285833,20826151.69530599,4168377192.4918036,17405045.38517198,86959.52854463016,25160580138.423183
2020-03-10 00:00:00+00:00,0.8786926,515063.47465709585,103451060.57800314,491651.9330034015,98748826.90582673,20849487.468975913,4187642295.1740155,4702233.672176406,23411.541653694352,25153691802.40658
2020-03-11 00:00:00+00:00,0.85365652,516702.5317753403,100362237.79373318,423510.359388314,82260962.12650277,20942595.528320726,4067806180.878498,18101275.667230412,93192.17238702631,25041773551.454136
2020-03-12 00:00:00+00:00,0.5139851,1800943.380442088,198694844.41328058,1339577.7645824626,147793205.7185857,21403629.801224265,2361423984.4618287,50901638.69469488,461365.6158596254,23626984434.617344
2020-03-13 00:00:00+00:00,0.62365503,1641156.3402234549,221162204.90861136,1635872.1755771788,220450110.9565437,21407702.30414823,2884901655.9677286,712093.9520676434,5284.16464627604,23787114394.41497
2020-03-14 00:00:00+00:00,0.56817437,841832.8244798487,102769394.87960073,658548.4806221377,80394381.02717696,21590860.828810036,2635772374.019132,22375013.852423772,183284.34385771106,23655668631.067085
2020-03-15 00:00:00+00:00,0.57669557,594380.2337544336,73557367.7669085,589401.2549160542,72941195.56480658,21595711.41151502,2672571522.863136,616172.2021019161,4978.978838379378,23629146053.937016
2020-03-16 00:00:00+00:00,0.51946253,1214783.3268354218,134050196.68639481,1189674.9252503752,131279508.20507975,21620595.173394714,2385812326.730372,2770688.4813150615,25108.401585046668,23393805863.570812
2020-03-17 00:00:00+00:00,0.557511,1047215.4108900427,123344658.40154509,598111.5687973081,70447652.29019576,22069488.96533232,2599420853.8355913,52897006.11134933,449103.8420927345,23268652221.27973
2020-03-18 00:00:00+00:00,0.55842448,518706.3811715356,61043101.313359566,591240.5621610276,69579166.26174676,21996784.79297528,2588655184.1777143,-8536064.948387198,-72534.18098949199,23213730922.50611
2020-03-19 00:00:00+00:00,0.65004493,893819.6939756692,122772841.27948296,858971.96657518,117986244.45919919,22031435.7330631,3026182999.373602,4786596.820283771,34847.72740048927,23278626596.12951
2020-03-20 00:00:00+00:00,0.62210744,803928.7987645138,105742622.63812324,879713.9423691648,115710818.64513052,21955479.752960645,2887855260.222271,-9968196.007007271,-75785.14360465098,23295341762.823303
2020-03-21 00:00:00+00:00,0.62653152,369115.2449165914,48912064.02808591,352802.60207327834,46750449.079346195,21971670.08487767,2911501892.1485095,2161614.948739715,16312.64284331305,23305982408.87167
2020-03-22 00:00:00+00:00,0.58158763,368304.7833681922,45095994.73458635,407771.41759784607,49928370.55424295,21932073.033005692,2685408104.04366,-4832375.819656603,-39466.634229653864,23201978509.486366
2020-03-23 00:00:00+00:00,0.642512,670599.3388829138,90926410.52497843,591396.3193140354,80187291.27064951,22011134.046546094,2984484616.0607705,10739119.254328921,79203.01956887846,23260002041.93604
2020-03-24 00:00:00+00:00,0.66344446,937408.9280823718,130688670.94012117,691698.2655792455,96432969.9793463,22256705.922397003,3102914031.823255,34255700.96077487,245710.6625031263,23164444464.65242
2020-03-25 00:00:00+00:00,0.64902157,349800.4803193371,47606275.46036379,472892.3485013963,64358526.28133546,22133486.78188302,3012268215.511639,-16752250.820971668,-123091.8681820592,23118310497.0696
2020-03-26 00:00:00+00:00,0.65899386,448477.21807768004,62162626.884778365,421669.2008780844,58446815.459970295,22160143.478466343,3071577942.508682,3715811.42480807,26808.017199595633,23191703872.8235
2020-03-27 00:00:00+00:00,0.63710894,316798.0085148776,42350069.32095608,422540.9560112153,56485957.28838884,22054270.37004011,2948250474.7198987,-14135887.96743276,-105742.9474963377,23138603507.05818
2020-03-28 00:00:00+00:00,0.62601709,403601.2047889863,52882964.42457371,391793.085923794,51335772.98297338,22065987.446425144,2891257050.9607024,1547191.4416003302,11808.118865192286,23083933729.24371
2020-03-29 00:00:00+00:00,0.59966949,252759.35752763748,31640099.28123545,241933.67624181198,30284954.079012502,22076716.704977065,2763535701.236328,1355145.202222947,10825.6812858255,23025311051.278885
2020-03-30 00:00:00+00:00,0.6353069,328288.9036483787,43630357.09397121,354460.30738599715,47108597.381817825,22050448.105184216,2930555721.559551,-3478240.2878466174,-26171.40373761847,23077525502.407955
2020-03-31 00:00:00+00:00,0.63926836,280279.4773003701,37419589.836935505,306071.6381759977,40863053.091078535,22024540.717982143,2940455319.639946,-3443463.2541430295,-25792.160875627596,23041897559.139225
2020-04-01 00:00:00+00:00,0.65060128,277704.34074107645,37727469.48833008,300253.7117599051,40790909.92582432,22001910.76019128,2989065329.965502,-3063440.4374942407,-22549.37101882865,23041350117.226696
2020-04-02 00:00:00+00:00,0.67529373,491078.7373913761,69316621.52026004,446611.92912067607,63040053.86537177,22046288.178568162,3111872083.3202763,6276567.654888265,44466.80827070004,23067201340.97738
2020-04-03 00:00:00+00:00,0.67789141,370433.7306033135,52500539.602437,465877.1924814599,66027475.2893312,21950765.26472708,3111020746.430628,-13526935.6868942,-95443.4618781464,23075343198.529175
2020-04-04 00:00:00+00:00,0.69025586,236364.48809414022,34115971.573837966,233507.67919503842,33703630.39695684,21953560.61256348,3168695330.850389,412341.17688112706,2856.808899101801,23082021378.8256
2020-04-05 00:00:00+00:00,0.68413033,196980.60613496893,28162835.90179944,168570.08693110826,24100909.167372517,21981898.686490413,3142809932.73738,4061926.734426923,28410.519203860662,23071507023.807007
2020-04-06 00:00:00+00:00,0.79925329,617578.1768144118,104747264.31138243,701311.917923878,118949321.05667748,21898053.796023283,3714122867.340599,-14202056.745295048,-83733.74110946618,23430491874.42799
2020-04-07 00:00:00+00:00,0.77387957,616951.1369749118,101314024.95780654,542572.6779806459,89099798.25613071,21972317.326191537,3608233736.1137547,12214226.701675832,74378.45899426588,23432288157.251312
2020-04-08 00:00:00+00:00,0.81442094,377785.8722463478,65468321.256362155,357989.34135060845,62037685.704171285,21992011.766871538,3811100936.268963,3430635.55219087,19796.530895739328,23499542791.377113
2020-04-09 00:00:00+00:00,0.80063997,299740.81143832055,51040945.910188936,271943.75534053374,46307562.991988696,22019719.809938483,3749597268.3314734,4733382.91820024,27797.056097786815,23491566641.582733
2020-04-10 00:00:00+00:00,0.7438983,717410.6755502182,113028481.07953325,741887.0594497055,116884750.00438136,21995151.031333882,3465349202.2263255,-3856268.9248481095,-24476.383899487322,23395739896.86176
2020-04-11 00:00:00+00:00,0.74838693,211292.49747390207,33475418.8653968,262722.99702052615,41623637.73432513,21943637.45499339,3476566674.247602,-8148218.868928332,-51430.49954662408,23388321752.564857
2020-04-12 00:00:00+00:00,0.75898713,259854.25183126086,41745404.52439033,335584.1732043948,53911363.63432487,21867826.784647286,3513051138.3249874,-12165959.109934539,-75729.92137313396,23387389955.220047
2020-04-13 00:00:00+00:00,0.74416808,490088.84275726066,77041293.96369185,485657.9578016862,76344764.92528076,21872162.589385778,3438273963.12537,696529.0384110808,4430.884955574467,23343654575.189926
2020-04-14 00:00:00+00:00,0.75251463,230835.24326250528,36704225.264969744,294008.55088356714,46749170.22608139,21808877.24951099,3467745791.4510207,-10044944.96111165,-63173.30762106186,23353048918.998035
2020-04-15 00:00:00+00:00,0.72544132,245876.86363845316,37607146.774192385,322322.6193717626,49299612.3180591,21732325.337177306,3323983951.1760764,-11692465.543866716,-76445.75573330946,23304980772.61174
2020-04-16 00:00:00+00:00,0.81636589,696648.2449470145,120499553.68172167,699086.0045189593,120921214.02829304,21729762.71663284,3758606625.303599,-421660.34657137096,-2437.759571944829,23422806380.49309
2020-04-17 00:00:00+00:00,0.80957163,330486.3209849677,56920392.95147984,360724.50264496164,62128382.12663052,21699422.487219512,3737339721.3886304,-5207989.175150685,-30238.18165999395,23521458461.37217
2020-04-18 00:00:00+00:00,0.87925515,392828.95452196023,73894824.79230508,433975.5235728572,81634881.82175845,21658179.675609488,4074107506.655184,-7740057.029453367,-41146.56905089697,23656689450.426376
2020-04-19 00:00:00+00:00,0.84905653,283466.5672347661,51372876.82876717,296206.4407682273,53681734.48430343,21645339.751557704,3922802550.65371,-2308857.6555362567,-12739.873533461185,23605185542.53418
2020-04-20 00:00:00+00:00,0.80241005,499972.57096438296,85502190.90555453,539023.4340002079,92180425.95328003,21606175.871947765,3694953446.303892,-6678235.047725499,-39050.863035824965,23572214751.930595
2020-04-21 00:00:00+00:00,0.80427693,624040.2138296406,107016177.57135125,318012.57631010615,54535732.76547828,21912096.860773005,3757688681.988192,52480444.80587296,306027.6375195345,23585780261.851177
2020-04-22 00:00:00+00:00,0.85297669,422669.9221308427,77171836.95478034,417355.9991394469,76201611.30774385,21917301.906899117,4001700524.894037,970225.6470364928,5313.922991395812,23680627720.284836
2020-04-23 00:00:00+00:00,0.86634584,539743.0338046534,100201311.43516248,497819.5268307958,92418366.37493575,21959106.28627062,4076627413.4531794,7782945.060226738,41923.50697385764,23709451351.843563
2020-04-24 00:00:00+00:00,0.87169447,381371.4725048958,71553617.89861819,503190.3230253997,94409494.94086634,21837172.013929058,4097130422.493831,-22855877.042248145,-121818.85052050388,23817655851.61242
2020-04-25 00:00:00+00:00,0.89866138,300121.1103423885,58159029.97076451,315907.8074531799,61218258.2581664,21821282.841904994,4228641701.8617706,-3059228.2874018922,-15786.6971107914,23864800509.170204
2020-04-26 00:00:00+00:00,0.91210923,268639.96229432506,52938846.523451276,284856.44619229774,56134506.41296627,21804957.537059736,4296938142.211623,-3195659.8895149976,-16216.483897972677,23913529618.286835
2020-04-27 00:00:00+00:00,0.90904594,398147.8526811792,78262214.82135183,408728.310990123,80341970.10699941,21794261.59676238,4284004475.906054,-2079755.285647586,-10580.458308943838,23936578590.454044
2020-04-28 00:00:00+00:00,0.91270639,273597.53112091916,54026322.957294315,275091.8829559829,54321407.2532754,21792653.876724266,4303317181.323847,-295084.2959810868,-1494.3518350637169,23952759366.87716
2020-04-29 00:00:00+00:00,0.98368906,662044.8959152339,142593846.1331793,658610.9549024104,141854230.3466456,21795947.076058205,4694497220.454816,739615.7865337133,3433.9410128234886,24243919393.2588
2020-04-30 00:00:00+00:00,0.94843872,610303.5909503963,126262576.1957846,582424.363805211,120494786.043646,21823652.777396265,4514983464.844634,5767790.152138606,27879.22714518523,24155735566.427086
2020-05-01 00:00:00+00:00,0.97394619,281742.3794029619,59930440.80119576,379208.9289208859,80662903.16045755,21726088.237453293,4621434828.922163,-20732462.35926179,-97466.54951792402,24188851549.307327
2020-05-02 00:00:00+00:00,0.97882936,229816.34718303135,49211463.949912556,229681.8379743168,49182660.9724189,21726141.42801119,4652302757.226217,28802.977493658662,134.50920871456037,24231862238.867702
2020-05-03 00:00:00+00:00,0.96098116,262488.6591929197,55146393.42136103,288160.2361896746,60539749.80164306,21700383.231869947,4559045997.562418,-5393356.3802820295,-25671.576996754913,24218837639.667553
2020-05-04 00:00:00+00:00,0.9479483,364925.4203316629,75525668.05446847,367219.9612104601,76000550.65538988,21697986.51715288,4490657092.771,-474882.60092140734,-2294.540878797183,24189184463.963226
2020-05-05 00:00:00+00:00,0.94014076,300706.3551848961,61610346.97889231,328211.6115330922,67245772.89569336,21670369.15120378,4439942620.2529745,-5635425.91680105,-27505.256348196126,24148322571.23495
2020-05-06 00:00:00+00:00,0.93154985,408542.20608133374,82826243.56557524,367156.2642058105,74435820.12597007,21711622.477130488,4401729135.267406,8390423.439605176,41385.94187552325,24118287051.110706
2020-05-07 00:00:00+00:00,0.97523188,697777.8892289714,148620391.44119605,487002.4164492657,103727118.44663753,21922253.947175816,4669242194.679877,44893272.99455853,210775.47277970577,24206291995.999706
2020-05-08 00:00:00+00:00,0.97087573,409859.06796043436,87059447.0220396,389686.81628938066,82774595.92819756,21942283.603788015,4660829114.877505,4284851.0938420445,20172.251671053702,24251943654.551235
2020-05-09 00:00:00+00:00,0.96374647,313994.72896671476,66182198.532829024,260298.49729100213,54864382.221321724,21995827.727609035,4636167754.640374,11317816.3115073,53696.231675712625,24245874788.766235
2020-05-10 00:00:00+00:00,0.86514904,682365.9370219009,127972604.7706779,734001.3129859786,137656431.58840516,21943975.852396358,4115427802.7302628,-9683826.817727268,-51635.375964077655,24035011362.29386
2020-05-11 00:00:00+00:00,0.86183502,442922.5137955158,82257519.54821393,497373.88248850947,92369975.75710912,21889305.51562443,4065180523.1548214,-10112456.208895192,-54451.36869299365,23895309304.88741
2020-05-12 00:00:00+00:00,0.87989052,591977.1683942723,112368194.12761787,491804.13488116104,93353503.22883527,21989279.091181096,4173971081.2605605,19014690.898782596,100173.0335131113,23924998459.20386
2020-05-13 00:00:00+00:00,0.92014952,420099.1892269203,83993801.17305063,545259.9909591335,109018204.37340192,21863905.392452385,4371426009.603817,-25024403.200351298,-125160.80173221318,24100866977.03883
2020-05-14 00:00:00+00:00,0.93510549,395530.98237503675,80503558.79767948,401997.0571145305,81819617.59250596,21857163.488959387,4448651368.644309,-1316058.7948264778,-6466.074739493721,24144780484.598274
2020-05-15 00:00:00+00:00,0.89850788,319552.3743670544,62351692.09731797,358747.0139021115,69999427.78069648,21817749.66297482,4257122520.014743,-7647735.68337851,-39194.639535057126,24092773474.721428
2020-05-16 00:00:00+00:00,0.91490782,269209.5335891701,54062595.59919172,226442.01780527792,45474033.0777208,21860354.719881464,4389991324.301958,8588562.52147092,42767.51578389216,24354801317.26522
2020-05-17 00:00:00+00:00,0.94138765,234001.3195252157,48455256.2217064,221540.50018366153,45874962.25091818,21872639.11489396,4529223744.154557,2580293.970788218,12460.819341554161,24409738931.490395
2020-05-18 00:00:00+00:00,0.97183213,386146.86252681736,82924329.17431095,399636.0902474839,85821116.04057251,21858927.636561587,4694164543.6929865,-2896786.8662615567,-13489.22772066656,24524503479.010986
2020-05-19 00:00:00+00:00,0.96693951,212205.5109996454,45373881.407719254,277209.10135272396,59272979.4370889,21793708.61387829,4659940947.915135,-13899098.029369645,-65003.59035307856,24545104182.333664
2020-05-20 00:00:00+00:00,0.95009562,329910.5632542077,69216817.46619105,331249.4886485213,69497730.43152596,21792131.28686373,4572093595.92362,-280912.9653349072,-1338.9253943135845,24514121076.336136
2020-05-21 00:00:00+00:00,0.90539641,408223.2969462315,81202780.93258816,492485.3303509636,97963978.76398021,21707576.831324045,4318018151.334234,-16761197.83139205,-84262.03340473206,24392478180.264183
2020-05-22 00:00:00+00:00,0.93984958,358404.7190187485,74212599.21569388,392634.2896081296,81300299.98712863,21673139.18230062,4487719905.824926,-7087700.771434754,-34229.570589381095,24463573771.87302
2020-05-23 00:00:00+00:00,0.93839766,208749.29392240816,43191522.584748454,220485.9325456862,45619905.85082439,21661303.176629204,4481857867.822151,-2428383.266075939,-11736.638623278035,24485836119.157616
2020-05-24 00:00:00+00:00,0.91902122,217146.184379503,43945242.73718094,218390.002966569,44196962.14862638,21659918.48672221,4383454299.629904,-251719.41144543886,-1243.8185870659945,24457693736.423813
2020-05-25 00:00:00+00:00,0.92680231,238055.83251725763,48632960.46099016,283437.54620164767,57904092.631654024,21614285.35128956,4415630878.548715,-9271132.170663863,-45381.71368439004,24484927184.285866
2020-05-26 00:00:00+00:00,0.9122871,314781.9577754822,63227258.02621695,315899.13842783886,63451655.47856025,21612964.35705604,4341190593.552655,-224397.45234329998,-1117.1806523566484,24459664189.566364
2020-05-27 00:00:00+00:00,0.94026382,246902.50098034297,51231776.08638897,284383.4231962526,59008992.62673386,21575288.747670405,4476829346.5275135,-7777216.540344894,-37480.92221590964,24519121211.89488
2020-05-28 00:00:00+00:00,0.98521117,440282.1523521098,96588469.42469947,378397.38587417215,83012277.78741357,21636981.26317616,4746690030.50964,13576191.637285903,61884.766477937635,24743345883.98335
2020-05-29 00:00:00+00:00,0.99332451,538804.2328391623,118959798.95731959,476256.0487411875,105150108.9958422,21699359.27896298,4790889269.236011,13809689.961477384,62548.18409797485,24701582828.721146
2020-05-30 00:00:00+00:00,1.08464571,590668.504409621,143870545.98294234,358389.8706422097,87293881.38882954,21931483.655172527,5341904137.650602,56576664.5941128,232278.6337674113,24959745893.29573
2020-05-31 00:00:00+00:00,1.03112157,312635.94518651284,72357728.53470735,359381.3143595259,83176665.97601049,21884611.580148425,5065063081.147605,-10818937.441303134,-46745.36917301308,24951093930.09107
2020-06-01 00:00:00+00:00,1.09956615,355632.4912700574,88579146.03111073,385766.6627370021,96084813.3714721,21854309.72258968,5443361165.941315,-7505667.340361372,-30134.17146694468,25183447178.183758
2020-06-02 00:00:00+00:00,1.04622416,633220.3286812172,150186964.88237345,1114834.08741876,264415939.2127245,21372494.934068028,5069120495.225806,-114228974.33035105,-481613.7587375428,25206505806.54011
2020-06-03 00:00:00+00:00,1.07947462,234290.2273751157,57151384.996437535,284373.6859419668,69368450.36265284,21322267.244275257,5201228911.3682995,-12217065.366215304,-50083.45856685107,25128872477.700405
2020-06-04 00:00:00+00:00,1.07718602,350108.12220218265,85303061.82769656,278941.8888465602,67963568.0570459,21393266.51604704,5212421593.752372,17339493.770650655,71166.23335562245,25155760775.84963
2020-06-05 00:00:00+00:00,1.0626328,450704.1755295686,108310061.73399559,269989.15948206326,64881898.41297219,21573818.061929952,5184468422.951908,43428163.3210234,180715.0160475053,25154365572.675232
2020-06-06 00:00:00+00:00,1.06956994,150261.00383712427,36366123.11426999,165662.73245183745,40093644.85758509,21558016.373685345,5217464661.65425,-3727521.7433151007,-15401.728614713182,25171781781.94759
2020-06-07 00:00:00+00:00,1.07901461,198633.75962046348,48543040.528603025,224486.2594818958,54860994.49039233,21531762.537861135,5262032111.383194,-6317953.9617893025,-25852.499861432327,25198359961.27529
2020-06-08 00:00:00+00:00,1.06938337,245202.54048162187,60312052.912133716,228490.45492025933,56201409.577569455,21548166.17529817,5300165879.078403,4110643.334564261,16712.08556136253,25593185103.908943
2020-06-09 00:00:00+00:00,1.06236211,231924.1586272023,56665134.675143234,318636.6349205866,77851259.38187517,21461275.54852246,5243550635.068455,-21186124.706731938,-86712.4762933843,25593489112.531055
2020-06-10 00:00:00+00:00,1.0756452,299528.46670469275,74194662.76512268,278230.15475250885,68918966.96851374,21482387.721387256,5321292262.846441,5275695.79660894,21298.311952183896,25630091503.665955
2020-06-11 00:00:00+00:00,1.01150062,444356.8553948486,102603953.49636394,428108.563796918,98852151.45872453,21498435.547543775,4964083381.148013,3751802.0376394093,16248.291597930598,25409947576.91321
2020-06-12 00:00:00+00:00,1.03579288,293744.0114917428,69665047.30079745,331408.92005765,78597749.02124731,21460615.072576173,5089651892.962086,-8932701.720449865,-37664.908565907215,25489665538.645683
2020-06-13 00:00:00+00:00,1.03949931,97439.9303004863,23199512.75002794,118514.24183115958,28217104.178369462,21439428.91366521,5104522374.9858465,-5017591.428341523,-21074.31153067328,25501284696.151123
2020-06-14 00:00:00+00:00,1.01491656,138244.97357781426,32091811.737652753,140031.07205067948,32506431.77375726,21437556.00686659,4976455878.885971,-414620.03610450774,-1786.098472865211,25469019371.343376
2020-06-15 00:00:00+00:00,1.01100274,347863.31632690085,80425247.26055968,338667.07296741137,78299095.66209628,21446534.755497877,4958392505.440846,2126151.598463401,9196.243359489483,25467262264.89039
2020-06-16 00:00:00+00:00,1.02746121,244318.86369377398,57448312.10820413,276926.16196332144,65115482.05027686,21413732.724782385,5035152760.520603,-7667169.942072734,-32607.298269547464,25489331406.17098
2020-06-17 00:00:00+00:00,1.02129397,246904.40336032538,57698559.42933956,252403.4926342402,58983629.784343205,21408033.909404185,5002797438.911768,-1285070.3550036475,-5499.089273914811,25488342456.817097
2020-06-18 00:00:00+00:00,1.01232995,223150.32929310788,51621610.89293691,302878.89930805634,70065308.6073864,21328112.748235572,4933855759.2893,-18443697.714449488,-79728.57001494846,25457823053.460484
2020-06-19 00:00:00+00:00,1.00231012,212968.99175900652,48722667.70617701,242578.71408583058,55496727.39386396,21298306.286656532,4872588686.917433,-6774059.68768695,-29609.722326824063,25431699460.39985
2020-06-20 00:00:00+00:00,1.00314857,115591.24675649435,26461128.649538763,135273.58986206874,30966807.3030282,21278489.11733407,4871068128.434673,-4505678.653489437,-19682.343105574386,25429281642.359386
2020-06-21 00:00:00+00:00,0.99769724,114098.18546216746,25966354.78368713,140976.35952886616,32083263.662882365,21251489.261694457,4836393388.866368,-6116908.879195236,-26878.174066698703,25421590354.51641
2020-06-22 00:00:00+00:00,1.05773488,432921.78662761743,105295565.1645754,396030.47887500504,96322833.32372467,21288153.729628965,5177720889.800675,8972731.840850726,36891.307752612396,25629845653.52538
2020-06-23 00:00:00+00:00,1.05592669,297511.86635863764,72271945.24124043,240630.32418697415,58454211.67859922,21344799.29270893,5185104663.382917,13817733.562641203,56881.54217166349,25645255604.98055
2020-06-24 00:00:00+00:00,1.01978094,371631.7172462203,87267954.71160564,374111.6622875011,87850304.71432723,21342089.155377544,5011629480.022484,-582350.0027215928,-2479.945041280822,25672240323.61186
2020-06-25 00:00:00+00:00,1.00937647,203863.20149293458,47382174.91732925,250232.44067522974,58159379.36437671,21295527.376529146,4949536727.188346,-10777204.447047457,-46369.23918229516,25674656632.27192
2020-06-26 00:00:00+00:00,1.00077293,207606.58267787998,47686021.15235837,238443.8928535474,54769171.437628165,21264524.655731555,4884337285.689075,-7083150.285269797,-30837.31017566743,25594642494.363117
2020-06-27 00:00:00+00:00,0.96408708,285964.2576431886,63112152.10014694,289939.7404975766,63989538.947879225,21260400.4145226,4692158508.653879,-877386.8477322832,-3975.482854388014,25531245542.442146
2020-06-28 00:00:00+00:00,0.98148784,177038.4737596786,39735127.721698135,226312.34904422797,50794326.81100093,21210999.21357307,4760670067.68402,-11059199.089302793,-49273.87528454937,25507187048.234077
2020-06-29 00:00:00+00:00,0.99641958,260574.26616052055,59416233.12458508,237159.32756299767,54077150.83220234,21234242.527475137,4841839230.045943,5339082.2923827395,23414.93859752288,25528458582.519745
2020-06-30 00:00:00+00:00,0.98722658,153332.04488050676,34610531.57287897,202064.40248071947,45610533.57935724,21185257.407172985,4781994663.554801,-11000002.006478265,-48732.35760021271,25509687769.66068
2020-07-01 00:00:00+00:00,1.00789435,250596.1336966354,57924273.48802195,252403.06084682952,58341937.32375966,21183235.131846774,4896418340.689834,-417663.8357377127,-1806.9271501941257,25590021523.695126
2020-07-02 00:00:00+00:00,0.99083263,337323.3935177791,76471721.1093496,233842.9685711613,53012552.99690245,21286526.15600235,4825687523.812043,23459168.112447143,103480.42494661783,25533263733.35238
2020-07-03 00:00:00+00:00,0.98434431,230528.76141577255,51891760.184691496,251067.96427942524,56515111.22705073,21265792.353034772,4786905504.302184,-4623351.042359233,-20539.202863652696,25522996253.27224
2020-07-04 00:00:00+00:00,0.9991269,171298.79398710903,39204516.38873821,142435.25587992073,32598626.023594197,21294531.145149007,4873599958.522277,6605890.365144011,28863.538107188302,25569322172.145657
2020-07-05 00:00:00+00:00,0.9944873,142382.58959116184,32415855.22059869,142316.08690714222,32400714.736195706,21294484.15317186,4848057036.247359,15140.48440298438,66.5026840196224,25557147869.77221
2020-07-06 00:00:00+00:00,1.04856386,408102.99958908145,98425906.49179178,347602.311975469,83834406.23881045,21354790.135606896,5150328664.958228,14591500.252981335,60500.68761361245,25680813425.48307
2020-07-07 00:00:00+00:00,1.0365502,266517.5209114924,63701266.714442566,276967.12278161565,66198861.895096794,21344148.724743802,5101538188.024639,-2497595.1806542277,-10449.601870123239,25748340488.056515
2020-07-08 00:00:00+00:00,1.06453383,585367.4504108591,144494510.66899312,406543.2861944838,100352817.98331203,21522687.352818985,5312748727.563371,44141692.68568109,178824.16421637527,25896069053.199463
2020-07-09 00:00:00+00:00,1.04236573,287258.59733736544,69416562.45092927,339593.1998746966,82063314.32903105,21470106.476712845,5188290275.3246,-12646751.878101781,-52334.60253733117,25893658597.5794
2020-07-10 00:00:00+00:00,1.03966003,223452.58631513797,53859603.68022666,233889.5509554019,56375263.88545864,21459487.613611147,5172459702.121286,-2515660.2052319795,-10436.964640263934,25897769793.23549
2020-07-11 00:00:00+00:00,1.0323651,169680.49134726578,40605736.235180415,159892.22553210374,38263335.31015676,21469130.067810107,5137713981.203213,2342400.9250236526,9788.265815162042,25897125525.233173
2020-07-12 00:00:00+00:00,1.04017844,201650.12291974548,48660108.72210227,187030.87283387483,45132343.46059937,21483595.45288318,5184197635.699001,3527765.261502899,14619.250085870648,25920852134.406292
2020-07-13 00:00:00+00:00,1.03269853,361637.51607162086,86549395.35742076,380145.38086481695,90978815.5254621,21464782.617574293,5137088588.623111,-4429420.168041348,-18507.864793196088,25897192306.116302
2020-07-14 00:00:00+00:00,1.0357618,291712.1881831975,70197276.14389011,330617.997297252,79559524.06020144,21425643.66586585,5155841565.41597,-9362247.916311324,-38905.809114054486,25965346693.65539
2020-07-15 00:00:00+00:00,1.02670604,193935.9171009124,46230723.11369439,217906.78199421222,51944932.39603835,21401399.739070565,5101696479.810072,-5714209.282343961,-23970.86489329982,25951811925.008583
2020-07-16 00:00:00+00:00,1.00854188,272412.94144862646,63621953.69832126,283585.34903894906,66231265.85005076,21389939.78775295,4995613466.634588,-2609312.151729502,-11172.407590322604,25886848399.521275
2020-07-17 00:00:00+00:00,1.00719893,208918.9396800662,48645819.76739998,230496.3609829791,53670023.64931787,21368067.97357646,4975456916.505363,-5024203.881917886,-21577.421302912902,25846333116.905903
2020-07-18 00:00:00+00:00,1.01893534,152845.02384914694,36057656.578618795,174214.65131498888,41098963.57685543,21346498.650068317,5035850681.2743,-5041306.998236634,-21369.627465841942,25888055266.438194
2020-07-19 00:00:00+00:00,1.03185264,175530.33706377042,42014616.0149468,223559.41788232836,53510767.74517132,21298238.096177667,5097906779.958615,-11496151.73022452,-48029.08081855794,25940779507.93571
2020-07-20 00:00:00+00:00,1.02033838,374692.0480000052,88562683.1844849,282018.63285715994,66658278.3572975,21390538.17422905,5055894475.427595,21904404.827187397,92673.41514284525,25908208790.125755
2020-07-21 00:00:00+00:00,1.05265102,453464.10307940206,111212341.29146117,380741.67357035674,93377122.1524326,21462854.601413473,5263777870.865885,17835219.139028564,72722.42950904532,26060551547.623737
2020-07-22 00:00:00+00:00,1.11957716,457287.00554766716,120814847.08496004,400097.241301026,105705358.86758135,21519698.534054235,5685486480.405116,15109488.21737869,57189.764246641134,26399037014.73902
2020-07-23 00:00:00+00:00,1.15280912,697711.995162176,192026955.36100164,605817.7026636265,166735457.829204,21611162.903670188,5947906647.696093,25291497.531797647,91894.29249854945,26711157761.9378
2020-07-24 00:00:00+00:00,1.16520206,515588.90356495796,144317218.77340227,447811.40072171093,125345785.06311212,21678545.061181832,6067988097.981774,18971433.71029015,67777.50284324703,26880078302.098656
2020-07-25 00:00:00+00:00,1.259956,523229.91683000873,159795542.87445146,483775.31334794074,147746022.04332212,21717610.40957969,6632604967.162284,12049520.831129342,39454.60348206799,27126012719.518673
2020-07-26 00:00:00+00:00,1.27009295,610445.2305855469,189872868.35933626,522119.49276296294,162400033.20548946,21805551.63717843,6782398203.909754,27472835.1538468,88325.737822584,27409624899.132496
2020-07-27 00:00:00+00:00,1.29599835,703888.6627652451,227520668.4162542,830980.9349185472,268601197.54036605,21677802.510808274,7007000365.197784,-41080529.12411186,-127092.2721533021,27918209048.56289
2020-07-28 00:00:00+00:00,1.27564913,479515.3641827514,152493336.1364557,478495.0012501291,152168844.87029842,21678409.85065996,6894071154.309544,324491.2661572993,1020.3629326223163,27909061386.75929
2020-07-29 00:00:00+00:00,1.27654189,388947.37626266107,123695357.25605467,391016.8742178407,124353511.30086753,21675926.461237058,6893507016.918481,-658154.0448128581,-2069.497955179657,27893853715.80324
2020-07-30 00:00:00+00:00,1.33266236,441572.20346926333,148352400.36186957,438919.882946408,147461315.9299166,21678186.28826882,7283091974.742712,891084.4319529831,2652.320522855327,28229685193.414196
2020-07-31 00:00:00+00:00,1.36147041,461576.20828610007,159788448.22351998,440658.88396144676,152547289.0501842,21698633.22212694,7511632681.43557,7241159.173335791,20917.32432465331,28476068493.06507
2020-08-01 00:00:00+00:00,1.47302432,501661.6556340236,194236312.3315211,470326.3670266949,182103730.86635187,21729634.355968144,8413407718.557402,12132581.465169221,31335.288607328723,29440760296.25993
2020-08-02 00:00:00+00:00,1.41986318,592834.5691525249,220641568.1268988,552175.6375674454,205509099.66082972,21769842.408027884,8102314569.221638,15132468.466069072,40658.931585079525,29362950431.07266
2020-08-03 00:00:00+00:00,1.46008704,494572.23635262455,190651569.4606085,411448.4353647109,158608357.26020148,21852563.83908875,8423897029.452211,32043212.20040703,83123.80098791362,29578576759.163868
2020-08-04 00:00:00+00:00,1.47112169,397698.01452284935,155365845.6386032,419006.79631971003,163690395.37861085,21830912.342937224,8528526754.884745,-8324549.740007639,-21308.781796860683,29754414214.14052
2020-08-05 00:00:00+00:00,1.49225376,407001.4334520724,163045261.04886824,380351.8681684527,152369413.32112727,21857252.241804104,8756041391.179934,10675847.727740973,26649.565283619682,30082923412.291046
2020-08-06 00:00:00+00:00,1.46794205,308900.55550792854,121705562.4157604,375381.55013903946,147898803.88868108,21790415.385362107,8585335029.222583,-26193241.472920686,-66480.99463111092,30080609352.72916
2020-08-07 00:00:00+00:00,1.42370351,453870.42064240336,172620561.54046634,469656.6703758985,178624546.75227413,21774133.42044958,8281357337.133956,-6003985.211807787,-15786.249733495119,29943165135.157413
2020-08-08 00:00:00+00:00,1.46050907,228158.04225984242,89520129.73209973,275830.70812345104,108224985.32480757,21726089.213065848,8524452198.401197,-18704855.592707843,-47672.66586360862,30115481364.172657
2020-08-09 00:00:00+00:00,1.44887328,278494.1725655447,108385241.39470355,316824.79286697356,123302873.22845876,21687317.819066808,8440338824.2172,-14917631.83375521,-38330.62030142883,30115199230.334892
2020-08-10 00:00:00+00:00,1.45477743,375070.8853620065,148305973.28831515,497771.3051273479,196822682.75943393,21563808.544672273,8526499226.763123,-48516709.47111878,-122700.41976534139,30476390934.666695
2020-08-11 00:00:00+00:00,1.40236134,386159.10654286743,146397295.94196513,423679.6107122461,160621744.5169374,21525404.11712358,8160524776.9939995,-14224448.574972272,-37520.50416937866,30316174363.258244
2020-08-12 00:00:00+00:00,1.42629263,367640.5386469292,142353421.9341751,557006.1529388701,215677335.80487436,21334486.791932702,8260887689.966529,-73323913.87069926,-189365.61429194093,30447841902.808186
2020-08-13 00:00:00+00:00,1.53239028,689188.5562887914,292766926.60604966,586833.4016218799,249286512.16695416,21434984.328136686,9105569769.454802,43480414.4390955,102355.15466691146,31094804870.279854
2020-08-14 00:00:00+00:00,1.55353796,757764.704758239,331959186.7043752,553467.1467415444,242461152.84365454,21637945.061269604,9479083149.939905,89498033.86072066,204297.55801669462,31634032100.192345
2020-08-15 00:00:00+00:00,1.51621458,350716.3189152026,151723105.5994119,318302.3017341483,137700503.60907984,21669728.22101923,9374523755.717201,14022601.990332067,32414.01718105428,32012071388.660145
2020-08-16 00:00:00+00:00,1.51523133,333472.43300806376,144373279.30575472,316170.8678407241,136882753.993665,21686537.62181805,9388951659.382847,7490525.312089711,17301.565167339635,32061167852.460743
2020-08-17 00:00:00+00:00,1.50565854,428492.75813968095,185469432.8207058,480240.3797230433,207867949.11431858,21634094.372986346,9364133084.460228,-22398516.29361278,-51747.62158336234,32261582319.21986
2020-08-18 00:00:00+00:00,1.47701108,383731.29075518897,162451234.44802713,422443.0830732378,178839729.7343674,21594530.82490271,9141965417.851402,-16388495.286340266,-38711.79231804883,32169814371.82458
2020-08-19 00:00:00+00:00,1.42582514,377897.7515844055,153758820.93912286,422880.9573653409,172061561.96877864,21548708.8648853,8767726333.204033,-18302741.029655784,-44983.205780935416,32032352691.9787
2020-08-20 00:00:00+00:00,1.44944988,342291.6768643613,142482260.6920825,445277.37418920797,185351065.18132916,21445104.67111774,8926734714.41143,-42868804.48924667,-102985.6973248467,32240622016.431885
2020-08-21 00:00:00+00:00,1.3643469,430904.9179941434,166863881.15286028,456044.9396669115,176599118.3557973,21419034.667949207,8294319943.895946,-9735237.202937007,-25140.02167276811,31867708092.92743
2020-08-22 00:00:00+00:00,1.39290826,339600.1443814604,134451949.40696335,297733.905383396,117876581.1665284,21460441.78924095,8496457617.6888895,16575368.240434945,41866.238998064364,31917118737.41107
2020-08-23 00:00:00+00:00,1.37977844,181750.817896289,71236798.21092145,197570.2404092882,77437183.0147735,21444258.45191477,8405025791.925694,-6200384.8038520515,-15819.422512999212,31902062736.534
2020-08-24 00:00:00+00:00,1.42761421,401351.1926620336,164069236.80982265,395600.2175748986,161718283.0548326,21449536.355493225,8768403144.459429,2350953.7549900413,5750.9750871349825,32162096681.68571
2020-08-25 00:00:00+00:00,1.35310591,405522.6078505477,155560487.7074369,489825.98074737104,187899680.51526406,21364681.610556133,8195598042.408208,-32339192.807827175,-84303.37289682333,31846158936.093548
2020-08-26 00:00:00+00:00,1.36269047,401820.9171833507,155241027.039017,386051.44103189715,149148587.42492422,21380008.04966446,8260033925.057908,6092439.614092767,15769.476151453564,31851841839.709316
2020-08-27 00:00:00+00:00,1.34988164,280945.8137264874,107419393.21395044,331290.205458167,126668528.62483552,21329174.311154846,8155191678.667904,-19249135.41088508,-50344.391731679614,31825458996.258133
2020-08-28 00:00:00+00:00,1.3878392,414950.7087096502,163922015.85193732,450795.3788472259,178082084.65811095,21292905.63356841,8411543688.293581,-14160068.806173623,-35844.67013757571,31986339242.796
2020-08-29 00:00:00+00:00,1.40103885,328057.63282535545,131343832.65738983,337854.6638155,135266251.98300216,21282615.382431597,8520881679.317036,-3922419.3256123215,-9797.030990144529,32116255027.715954
2020-08-30 00:00:00+00:00,1.47375312,410976.17746350256,175978535.26438472,577168.5653804982,247141523.781695,21115214.350250307,9041459570.927456,-71162988.51731029,-166192.38791699562,32657776237.669167
2020-08-31 00:00:00+00:00,1.48380189,611169.0350775032,266525174.76062146,783490.333474583,341672902.36831135,20941356.300724484,9132332182.155218,-75147727.60768989,-172321.2983970798,33038668772.72362
2020-09-01 00:00:00+00:00,1.57920264,873834.5791701525,420095253.7758287,1119416.887414292,538158746.0705034,20692463.14442795,9947884603.239975,-118063492.29467463,-245582.30824413942,34225896578.381844
2020-09-02 00:00:00+00:00,1.43608203,729156.6728329542,321714230.0506253,923115.3835287063,407291554.64762753,20495684.286465056,9042985595.8973,-85577324.59700221,-193958.71069575206,34545918649.439095
2020-09-03 00:00:00+00:00,1.2871747,786833.9732935722,301784336.0667422,984884.690664446,377745220.16422015,20295586.157398067,7784221578.483505,-75960884.09747797,-198050.71737087378,33508489872.323933
2020-09-04 00:00:00+00:00,1.29600047,828493.4756861258,320352806.69815123,866341.6064908666,334987508.4639512,20256653.109197516,7832621340.159731,-14634701.76579994,-37848.130804740824,33555720550.38355
2020-09-05 00:00:00+00:00,1.1474203,914078.6373855645,302944022.93915254,824566.7301287763,273277978.7103019,20344935.298690062,6742720258.128277,29666044.228850663,89511.90725678822,32489354164.06989
2020-09-06 00:00:00+00:00,1.21545587,676105.5046330254,238818806.69026417,749531.8578451499,264754986.67042178,20271036.303905766,7160279967.105783,-25936179.980157614,-73426.35321212455,32692861703.950382
2020-09-07 00:00:00+00:00,1.21032339,564032.9408725874,198994470.28245926,546390.8251874935,192770217.741489,20288238.21173419,7157821686.198981,6224252.540970266,17642.115685093915,32796336209.74273
2020-09-08 00:00:00+00:00,1.16688451,476367.48916685267,160400821.34046835,542604.1220162582,182703792.37330133,20221637.936101027,6808960324.880787,-22302971.03283298,-66236.63284940552,32469781289.046646
2020-09-09 00:00:00+00:00,1.21679278,470272.8785738691,165561423.80641207,476594.355622544,167786924.76218063,20214822.6398443,7116708129.960785,-2225500.9557685554,-6321.477048674889,32560243107.923454
2020-09-10 00:00:00+00:00,1.25785562,546035.2279420047,200602895.79311383,742109.6684500265,272636893.86530674,20017920.754978485,7354201094.937904,-72033998.0721929,-196074.44050802186,32872545794.511284
2020-09-11 00:00:00+00:00,1.27301466,434390.305824182,162447472.596815,463193.7362870327,173218994.0098689,19988459.575377494,7475016582.064155,-10771521.4130539,-28803.430462850723,33067379837.507225
2020-09-12 00:00:00+00:00,1.31075203,340354.13866831723,131450232.75829792,472935.3891066609,182655240.27692333,19855514.62823251,7668518530.813189,-51205007.51862541,-132581.25043834368,33171297094.34386
2020-09-13 00:00:00+00:00,1.25157651,438163.281251788,160210726.64970708,416224.19211081346,152188882.82183865,19877032.85341958,7267870251.447402,8021843.827868432,21939.089140974567,32892995792.997627
2020-09-14 00:00:00+00:00,1.28207244,576064.7947837227,216485728.0656212,579128.0839787037,217636915.21966344,19873026.99525225,7468303491.01641,-1151187.154042244,-3063.2891949809855,33006743382.404137
2020-09-15 00:00:00+00:00,1.24716977,571035.4778046763,207820707.83528018,503208.05067211937,183135824.90729615,19939979.57348948,7256888284.971069,24684882.92798403,67827.42713255691,32863208533.251
2020-09-16 00:00:00+00:00,1.25187519,516936.3179807771,188848248.95450717,522672.02111964027,190943627.9337366,19933626.35294334,7282193765.706269,-2095378.9792294204,-5735.703138863144,32868250311.09025
2020-09-17 00:00:00+00:00,1.31934691,499587.0841333131,194562247.04461554,703678.7561641737,274044955.013945,19726296.48588273,7682329451.770798,-79482707.96932945,-204091.67203086062,33250883993.956444
2020-09-18 00:00:00+00:00,1.2946466,647983.1793349639,247699136.32811585,729373.6736874921,278811603.13185376,19643173.325902972,7508832362.845118,-31112466.80373791,-81390.49435252824,33264133085.69275
2020-09-19 00:00:00+00:00,1.30273497,297786.84135351883,114721359.12337288,359356.769968037,138440962.9167495,19580944.10180877,7543491546.060384,-23719603.793376625,-61569.9286145182,33319762403.287537
2020-09-20 00:00:00+00:00,1.26193404,393773.7386758074,146171578.33889857,457865.6367920231,169962941.21110907,19516345.96117721,7244604737.092204,-23791362.872210503,-64091.898116215656,33147562068.663044
2020-09-21 00:00:00+00:00,1.17776214,689787.1912954946,236222031.7258446,634873.690541938,217416552.46952286,19570354.649493013,6701993013.549834,18805479.25632173,54913.50075355661,32769712532.74497
2020-09-22 00:00:00+00:00,1.18791372,453526.4481834823,155787996.00820905,505385.2550915918,173601686.11591926,19517806.948681913,6704438171.553133,-17813690.107710212,-51858.80690810952,32592918380.240017
2020-09-23 00:00:00+00:00,1.12902221,442197.061298607,141763332.77411395,505070.2743336395,161919767.5452718,19454430.69255605,6236868522.148289,-20156434.77115786,-62873.2130350325,32009209572.33749
2020-09-24 00:00:00+00:00,1.21671076,532020.7862435174,185751873.91200188,392659.36127500626,137094666.3210584,19593386.50213586,6840913650.670743,48657207.590943485,139361.42496851116,32351840290.48079
2020-09-25 00:00:00+00:00,1.22074551,363325.37671386864,127786607.8704075,392646.1675976397,138099139.41170254,19563664.33567089,6880813901.803145,-10312531.541295037,-29320.790883771086,32486140697.26847
2020-09-26 00:00:00+00:00,1.22888345,255433.1004198116,90576844.53127702,298072.42003192456,105696791.85634279,19520762.428136438,6922082771.102638,-15119947.325065777,-42639.319612112944,32539781440.67564
2020-09-27 00:00:00+00:00,1.23316314,338646.83315774135,120599585.06355171,397198.069096235,141450967.884106,19461944.81970051,6930826572.03631,-20851382.8205543,-58551.23593849363,32569763533.80437
2020-09-28 00:00:00+00:00,1.23043724,314605.98650919617,111829823.18695706,403301.4617093524,143357510.94386715,19372825.820283245,6886263386.633503,-31527687.756910086,-88695.47520015622,32585078533.237507
2020-09-29 00:00:00+00:00,1.23890977,284114.25650986546,102196307.13467051,322616.56388047454,116045642.53155024,19333756.365056228,6954380001.278003,-13849335.396879733,-38502.30737060908,32752251276.448307
2020-09-30 00:00:00+00:00,1.23697417,258137.19868196454,92923390.47683209,333611.87678583956,120092519.99543487,19257825.156198017,6932369359.631455,-27169129.518602774,-75474.67810387502,32832482848.698853
2020-10-01 00:00:00+00:00,1.21616561,427446.19823404367,150615308.32467836,373672.2306335182,131667467.06780095,19311307.412428267,6804548811.270439,18947841.256877407,53773.96760052547,32691593454.694973
2020-10-02 00:00:00+00:00,1.19822479,397594.6097096244,137488724.75419807,442261.51070675626,152934596.26966652,19266351.888319556,6662329134.002268,-15445871.515468448,-44666.90099713189,32567211206.83668
2020-10-03 00:00:00+00:00,1.20094121,207559.73912949456,71951199.79481664,172044.03845065398,59639576.71168166,19301701.048563614,6690991973.441321,12311623.083134986,35515.70067884057,32577419914.53738
2020-10-04 00:00:00+00:00,1.21772435,173320.70674902483,61067713.86404645,189956.932048466,66929311.50820561,19284882.259395264,6794823848.854411,-5861597.644159161,-16636.22529944117,32659292291.1404
2020-10-05 00:00:00+00:00,1.2199971,247471.84736772874,87405022.31797986,216164.84254280213,76347645.55154024,19315955.802784104,6822236815.999213,11057376.766439617,31307.00482492661,32681200372.24522
2020-10-06 00:00:00+00:00,1.18155643,291292.4036579756,99069571.79588401,255861.97810869105,87019559.35603003,19351065.202679228,6581365388.692559,12050012.439853981,35430.425549284555,32497842202.769203
2020-10-07 00:00:00+00:00,1.18838844,422512.3023904971,144144281.87211126,320443.14538487344,109322371.942801,19452887.71203148,6636546471.487222,34821909.92931026,102069.15700562368,32415163863.842354
2020-10-08 00:00:00+00:00,1.21539816,293598.20016542164,102914242.04459888,296097.29364219704,103790243.02422352,19450146.205669373,6817811053.627988,-876000.9796246439,-2499.0934767753934,32568889037.35192
2020-10-09 00:00:00+00:00,1.25868643,339709.6633475028,124417947.75314452,331677.23835553887,121476089.04022671,19457880.100180794,7126407550.010721,2941858.7129178047,8032.424991963955,32863083756.792217
2020-10-10 00:00:00+00:00,1.2728201,258732.7551223031,96063023.10423501,208469.57391113398,77401168.18873161,19507936.788750608,7242961493.483378,18661854.915503398,50263.18121116911,32948870820.183037
2020-10-11 00:00:00+00:00,1.27995698,176907.19962268253,66189016.06168512,169739.4274146857,63507227.01740944,19514949.857453812,7301428841.296153,2681789.044275686,7167.772207996837,33021768060.569103
2020-10-12 00:00:00+00:00,1.31405657,413070.7019666921,160135519.18612576,387671.33427556214,150288921.70813182,19540099.212168023,7575129190.69541,9846597.477993935,25399.36769112997,33331619531.229404
2020-10-13 00:00:00+00:00,1.29078087,255516.23314570426,97490755.81803906,350991.2747871596,133918711.32126741,19444372.95925805,7418889175.330572,-36427955.50322835,-95475.04164145532,33400458599.470493
2020-10-14 00:00:00+00:00,1.2788118,237793.33974643543,90083011.44895042,430957.4587497002,163259180.14338234,19250921.040681746,7292807033.030328,-73176168.69443192,-193164.1190032648,33477181699.217457
2020-10-15 00:00:00+00:00,1.2725033,262871.5247845415,99234765.63758321,326314.75268294004,123184768.80719084,19187169.68954118,7243212397.960452,-23950003.169607624,-63443.22789839853,33529426406.20278
2020-10-16 00:00:00+00:00,1.24186032,314444.65543509094,115181061.51769659,429992.0304668057,157506059.19756198,19071367.979169525,6985841134.414824,-42324997.67986539,-115547.37503171474,33341158582.4769
2020-10-17 00:00:00+00:00,1.2476802,175697.86981419838,64712735.342775464,185697.16861775925,68395659.77306287,19061259.128569793,7020609974.336289,-3682924.430287406,-9999.298803560872,33372501447.31381
2020-10-18 00:00:00+00:00,1.27470738,127044.47655766422,48012858.512202874,129928.74041211639,49102884.27410852,19058260.44143213,7202529278.381226,-1090025.7619056478,-2884.2638544521615,33520575354.79257
2020-10-19 00:00:00+00:00,1.2782239,220539.9778292351,83686767.88421951,252736.77201680787,95904260.91343215,19025885.181755535,7219620010.256122,-12217493.029212639,-32196.794187572756,33568787738.493546
2020-10-20 00:00:00+00:00,1.2482645,227251.68443960877,83820389.08320118,285110.9800619719,105161435.17095962,18967809.469444335,6996160110.783947,-21341046.087758437,-57859.295622363104,33416511167.04024
2020-10-21 00:00:00+00:00,1.30863402,454653.13092310383,178439152.92112353,557970.1942393297,218988327.67994314,18864196.8749446,7403691038.194425,-40549174.75881961,-103317.06331622583,33921018988.112732
2020-10-22 00:00:00+00:00,1.3581291,448035.5656657051,185682249.49883252,392424.284606771,162634910.05560783,18919537.42306281,7840945088.749574,23047339.4432247,55611.28105893405,34518050821.79259
2020-10-23 00:00:00+00:00,1.34033323,325132.8869882526,133089895.50371131,289975.4271549611,118698540.94486672,18954477.227501914,7758825681.718415,14391354.558844596,35157.459833291476,34550352927.87542
2020-10-24 00:00:00+00:00,1.34642589,134344.95952994772,55386242.922706425,264862.2492930105,109194456.80525874,18823855.76776288,7760489503.61174,-53808213.88255231,-130517.28976306278,34644293825.94596
2020-10-25 00:00:00+00:00,1.33055168,141490.42967901164,57550213.63180835,181338.33420737486,73758061.91942567,18783904.852374524,7640218066.664555,-16207848.287617318,-39847.90452836323,34591818163.263
2020-10-26 00:00:00+00:00,1.29390318,346918.6015573944,136689660.6696053,360214.2284286779,141928280.6723,18770409.27070592,7395743157.975147,-5238620.002694696,-13295.626871283515,34462220505.481804
2020-10-27 00:00:00+00:00,1.32118764,287951.80165208696,116345614.35962342,336262.99812429707,135865533.32439166,18721950.438068498,7564518829.9925785,-19519918.964768246,-48311.19647221011,34614250914.6197
2020-10-28 00:00:00+00:00,1.27926827,346721.10688127007,134841004.71353346,308905.9221115165,120134552.15964389,18759538.269267865,7295647533.382706,14706452.553889573,37815.18476975354,34412930110.066376
2020-10-29 00:00:00+00:00,1.27386525,204826.04787088762,79224343.65588231,251475.56550627595,97267836.92709354,18712654.21721847,7237837979.245228,-18043493.27121122,-46649.51763538833,34375085011.7886
2020-10-30 00:00:00+00:00,1.26471066,321304.4471462619,123251219.57701774,374962.7881458449,143834364.40248466,18658785.113001052,7157442237.193875,-20583144.825466916,-53658.34099958296,34342252883.107105
2020-10-31 00:00:00+00:00,1.2754658,190147.8809803605,73508363.46636371,186067.3752879333,71930900.20977089,18662747.356488496,7214742593.441622,1577463.256592825,4080.505692427192,34322104130.65876
2020-11-01 00:00:00+00:00,1.29889542,158104.77530883884,62542736.44173941,145930.1854751621,57726739.19076102,18674822.472737122,7387344864.9932995,4815997.250978388,12174.589833676728,34491115431.34003
2020-11-02 00:00:00+00:00,1.26683433,402121.36243616056,154353608.22742456,557909.6155046999,214152666.98644218,18518772.36740942,7108399607.359246,-59799058.75901762,-155788.2530685393,34319495993.170883
2020-11-03 00:00:00+00:00,1.279466262773,367878.5531206636,142938549.52613425,412073.58437044354,160110449.354265,18474395.249420147,7178193014.8520355,-17171899.82813075,-44195.03124977992,34400845425.74679
2020-11-04 00:00:00+00:00,1.312792743239,243512.3849564069,97842208.19401415,427679.2574685195,171839649.78613836,18290084.856099192,7348875872.15329,-73997441.59212421,-184166.8725121126,34674796309.69944
2020-11-05 00:00:00+00:00,1.351224122781,592409.9299579964,247033373.65874693,497751.27639361564,207560965.52800962,18384525.977420676,7666298699.012548,39472408.130737305,94658.65356438071,34967355885.84633
2020-11-06 00:00:00+00:00,1.448713896922,642549.7189722924,293290457.59032005,540547.1510064747,246731601.59715077,18486258.36098713,8438013454.427475,46558855.99316928,102002.56796581764,35704062216.38944
2020-11-07 00:00:00+00:00,1.395749220032,556572.096933573,243095170.73547196,438389.312538116,191476226.29162934,18604232.1261724,8125809773.848589,51618944.44384262,118182.78439545701,35465688381.30185
2020-11-08 00:00:00+00:00,1.444749159284,223294.1576959604,101682740.03551693,222695.35378158928,101410059.26596382,18604722.66800159,8472139163.887845,272680.76955311,598.8039143711212,35726486394.60263
2020-11-09 00:00:00+00:00,1.413017403172,332221.3379380769,147688331.2406122,376318.132821484,167291473.19955477,18560453.408130784,8251012436.2538595,-19603141.958942562,-44096.79488340713,35664471706.38542
2020-11-10 00:00:00+00:00,1.420761198063,309192.92289017496,139601111.95285898,346414.77387450665,156406838.73918006,18523029.54349491,8363178228.131804,-16805726.786321074,-37221.850984331686,36029182470.02588
2020-11-11 00:00:00+00:00,1.44876813814,317350.156492696,147319001.9955336,313814.1150073047,145677515.16470972,18526357.482815336,8600230499.787565,1641486.8308238685,3536.0414853913244,36331994939.09176
2020-11-12 00:00:00+00:00,1.436681644887,293630.5787138895,135911758.21078852,400721.90023005806,185480743.36257517,18418984.612685345,8525530937.998009,-49568985.151786655,-107091.32151616854,36535503552.07652
2020-11-13 00:00:00+00:00,1.464276392574,416702.4107448673,198588426.6741935,336838.01807825506,160527345.96529606,18498571.831203863,8815889183.630262,38061080.70889744,79864.39266661223,36912779893.49094
2020-11-14 00:00:00+00:00,1.427895055642,276115.6492787634,127717696.37030384,265629.9567568626,122867523.99781203,18508923.393604863,8561329516.455818,4850172.372491807,10485.692521900812,36744108657.82281
2020-11-15 00:00:00+00:00,1.395113567726,238827.81583905054,107316238.61783628,204802.51379912626,92027117.37401415,18542821.1744632,8332135914.803211,15289121.243822128,34025.30203992428,36538185997.56739
2020-11-16 00:00:00+00:00,1.426362154347,350401.9478977945,161974958.38424748,336312.5949535486,155462088.32032067,18556728.458322484,8577935533.227337,6512870.063926816,14089.352944245853,36768774343.88467
2020-11-17 00:00:00+00:00,1.473172755249,416946.4315831885,201257959.88874516,402870.56580712995,194463609.78722107,18570480.865969595,8963878354.940006,6794350.101524085,14075.86577605852,37179083882.68156
2020-11-18 00:00:00+00:00,1.459102475557,477059.2306744732,228745992.40125445,522348.9137262349,250462024.35092792,18524827.781646688,8882503141.13845,-21716031.949673474,-45289.683051761705,37292909965.368675
2020-11-19 00:00:00+00:00,1.432729354966,338107.85444877605,159299523.5278741,444148.1103433129,209260392.57160926,18418600.578095872,8677924092.96252,-49960869.04373515,-106040.25589453685,37323171856.51857
2020-11-20 00:00:00+00:00,1.517803829928,615826.8094995047,313802542.49203205,409636.0227346793,208735351.31563574,18624495.517137885,9490353384.678394,105067191.17639631,206190.78676482546,38108088284.89172
2020-11-21 00:00:00+00:00,1.590027187326,456969.4946932066,250123843.36646396,443238.3820629976,242608071.07826898,18637961.300792765,10201552985.937225,7515772.288194984,13731.112630209012,39079640401.21525
2020-11-22 00:00:00+00:00,1.614061024185,505831.71083259827,285861211.3797178,401369.65700590593,226826460.07684016,18742181.580802694,10591788960.340559,59034751.302877665,104462.05382669234,39752846034.25509
2020-11-23 00:00:00+00:00,1.682304713194,643309.2059422643,390626432.5018471,533083.3554953178,323695739.8709117,18852024.947140563,11447215712.933937,66930692.63093537,110225.85044694645,40985263152.030396
2020-11-24 00:00:00+00:00,1.65654924299,724299.1149846204,437892073.2597432,673232.2062991138,407018371.9716541,18902522.0810232,11427964514.457653,30873701.288089097,51066.908685506554,41446478451.79174
2020-11-25 00:00:00+00:00,1.572114885437,428210.52579208213,243329499.21385083,412426.2938315974,234360151.13134968,18918011.546631362,10750110047.502188,8969348.082501143,15784.231960484758,41053259780.654785
2020-11-26 00:00:00+00:00,1.459834741382,771128.6557473291,399751056.44831413,797520.9670625094,413432760.85875577,18890706.82528621,9792892475.43917,-13681704.410441637,-26392.311315180268,40337167616.80741
2020-11-27 00:00:00+00:00,1.469453160098,424985.73769165005,219735398.09292045,411449.8697765536,212736788.34895083,18903922.183164924,9774118277.46837,6998609.743969619,13535.86791509646,39973048787.92705
2020-11-28 00:00:00+00:00,1.526532726989,241855.48711248947,130802512.0419347,286564.90529565455,154982671.35984728,18858975.40024331,10199484768.115025,-24180159.31791258,-44709.41818316508,40253512548.02193
2020-11-29 00:00:00+00:00,1.590180583957,333476.8370193752,191707014.88447005,234050.58154711995,134549489.91784298,18958240.900350075,10898591347.307335,57157524.96662706,99426.25547225523,41079715718.56874
2020-11-30 00:00:00+00:00,1.652043226248,590504.8140581008,362256688.5412219,502622.13509534585,308343346.0870035,19045620.021158345,11683906846.863358,53913342.45421839,87882.67896275496,42201256934.15322
2020-12-01 00:00:00+00:00,1.573820094266,640747.6408159621,376920796.22049373,513850.09938396927,302273120.11815155,19171990.143833876,11277953018.980984,74647676.10234219,126897.54143199284,42482910623.7707
2020-12-02 00:00:00+00:00,1.591639159646,295066.7012299963,176723240.02476385,363203.9638573853,217532446.10506797,19103662.294256687,11441687872.290306,-40809206.080304116,-68137.26262738899,42774759340.009
2020-12-03 00:00:00+00:00,1.618896135394,327860.0376494192,202471366.21850818,300156.40295774466,185362868.31965873,19131165.143741045,11814532724.927887,17108497.898849458,27703.634691674553,43367884793.07264
2020-12-04 00:00:00+00:00,1.530124255213,366668.8405157618,209799541.79293853,412410.59367626143,235971928.95400682,19085198.74467901,10920115126.304827,-26172387.16106829,-45741.75316049962,42517594894.34295
2020-12-05 00:00:00+00:00,1.571732592599,229783.2392271189,136701655.5789772,296854.2525040521,176603254.09049404,19017986.12552482,11314098442.870392,-39901598.51151684,-67071.01327693323,43042225654.93171
2020-12-06 00:00:00+00:00,1.579975962468,220141.74771080827,132579657.98446923,236900.51917186007,142672574.07898903,19001107.730653647,11443355885.25189,-10092916.094519794,-16758.7714610518,43350638111.193184
2020-12-07 00:00:00+00:00,1.549935891486,267015.96117928444,158025411.582647,354522.1653883747,209813341.6940304,18913429.814074222,11193347834.370817,-51787930.11138341,-87506.20420909027,43431038339.81024
2020-12-08 00:00:00+00:00,1.472676760986,276996.4996538432,153544296.7399666,299161.8996645597,165830989.02979204,18891034.003471818,10471650487.925692,-12286692.28982544,-22165.40001071652,42818279952.01766
2020-12-09 00:00:00+00:00,1.515707360784,458780.51373745874,263438227.11046475,438374.1819198546,251720624.2156438,18911165.395706076,10859057294.853918,11717602.894820958,20406.331817604136,43101224217.3878
2020-12-10 00:00:00+00:00,1.486640230068,280795.9987145063,157372206.4611877,392430.37634483207,219937728.78000066,18799324.505093332,10536087376.210796,-62565522.31881297,-111634.37763032579,42895802930.29382
2020-12-11 00:00:00+00:00,1.455947798787,333125.0481449103,181714269.67035645,377632.6699544222,205992450.00209102,18754568.561448567,10230310653.9253,-24278180.331734568,-44507.62180951191,42635631113.65841
2020-12-12 00:00:00+00:00,1.504145050419,204900.18283275774,116495061.17495796,258394.63636942237,146909087.9030903,18700934.0140292,10632330444.38696,-30414026.728132337,-53494.45353666463,43019509873.732765
2020-12-13 00:00:00+00:00,1.545305011441,217180.2197823105,128249856.42366692,239264.35865153652,141291042.412232,18678688.99703414,11030190431.03056,-13041185.988565087,-22084.138869226008,43497601123.92505
2020-12-14 00:00:00+00:00,1.534015164934,215351.58897428698,126297285.42845199,236273.13146810944,138567146.2478271,18657468.354858417,10942048848.625942,-12269860.819375128,-20921.54249382246,43522386727.335045
2020-12-15 00:00:00+00:00,1.535419460291,263197.86801578966,155023759.24981,279981.2588427358,164909190.15609637,18640229.245915852,10979110251.785057,-9885430.906286359,-16783.390826946124,43675550332.77928
2020-12-16 00:00:00+00:00,1.616102425389,460837.63141753577,293187210.41341877,420697.9930320056,267650171.32861722,18679790.08240427,11884176056.807924,25537039.084801555,40139.638385530154,44826139562.24616
2020-12-17 00:00:00+00:00,1.615120753837,817992.6698973142,525795995.16418296,660311.941145242,424440691.20673174,18836410.55469043,12107821496.943094,101355303.95745122,157680.7287520722,45323099244.10211
2020-12-18 00:00:00+00:00,1.626020315505,449750.2496357292,293241718.9874966,446682.8248638304,291241726.9614667,18839128.91234299,12283302901.903791,1999992.0260298848,3067.4247718987754,45670775594.338844
2020-12-19 00:00:00+00:00,1.631079714531,387120.07883833814,255388553.1122901,546741.8726056425,360693292.3491407,18679220.42940748,12322944066.985626,-105304739.23685059,-159621.7937673044,46072720400.73392
2020-12-20 00:00:00+00:00,1.589011078792,240925.13575022333,153845618.08888346,294352.8973154303,187962552.27887335,18625613.451853104,11893607551.001688,-34116934.189989895,-53427.76156520695,45782034243.81938
2020-12-21 00:00:00+00:00,1.537257728624,481658.50215823995,295038228.42549074,506665.4210947073,310356129.0300383,18600244.313864868,11393514504.68342,-15317900.60454756,-25006.918936467322,45400927923.79733
2020-12-22 00:00:00+00:00,1.579146996478,454560.4597588432,288271268.7733349,506990.07840862585,321520867.0720812,18547501.763061795,11762377811.41384,-33249598.298746288,-52429.61864978267,45762815698.34353
2020-12-23 00:00:00+00:00,1.485681829825,418452.4195708756,246262951.40207756,431313.0756215622,253831561.27953252,18534069.57582675,10907463935.601582,-7568609.877454966,-12860.656050686608,45144715494.64911
2020-12-24 00:00:00+00:00,1.531594686862,380651.47005881363,232918187.54738706,419028.76134616084,256401005.38136503,18495039.482130934,11316995765.521955,-23482817.833977968,-38377.29128734721,45537025495.03025
2020-12-25 00:00:00+00:00,1.557184575951,250974.40512967942,157069895.12113935,280759.16494580853,175710397.91707355,18464842.41808327,11556042380.25038,-18640502.7959342,-29784.75981612911,45815144359.87485
2020-12-26 00:00:00+00:00,1.570747164044,361795.5098208004,230032064.9340483,334248.9126161231,212517749.6236207,18492102.19706362,11757405323.987904,17514315.310427606,27546.597204677295,46148629024.08858
2020-12-27 00:00:00+00:00,1.654294591744,680241.4057275774,468333069.2848261,556967.7123301285,383461512.35695404,18614779.71284997,12815916296.149849,84871556.92787206,123273.69339744886,47453931023.319305
2020-12-28 00:00:00+00:00,1.711975649758,624509.9172202428,456215921.1263881,563725.6415011081,411811895.5496001,18674734.505034488,13642235245.722204,44404025.57678795,60784.27571913472,48660974302.97152
2020-12-29 00:00:00+00:00,1.694064257169,457547.7245208085,334895786.60704744,496230.7460407821,363209294.0861558,18635404.4081216,13639928871.976055,-28313507.479108334,-38683.02151997358,49276897237.29708
2020-12-30 00:00:00+00:00,1.721690841927,532101.1241204665,399718655.146021,583456.2282286582,438297023.46452665,18583296.749957,13959922368.798702,-38578368.318505645,-51355.10410819168,49768975720.93836
2020-12-31 00:00:00+00:00,1.693255921598,425597.39770320104,314527478.5332109,493024.5563363403,364357891.7452995,18515377.218964685,13683342384.610676,-49830413.212088645,-67427.15863313928,49790224800.0919
2021-01-01 00:00:00+00:00,1.672616430722,330831.52534942224,241809499.59415987,301035.0502523539,220030829.2413814,18544864.75803677,13554707225.818115,21778670.352778465,29796.475097068353,49857532214.72945
2021-01-02 00:00:00+00:00,1.74242746175,428163.39613131003,331953634.87433577,445767.9287790879,345602369.5758457,18526666.535247426,14363661989.905384,-13648734.701509953,-17604.532647777873,50772433885.19897
2021-01-03 00:00:00+00:00,2.02839789176,1065306.303555351,1055042423.4984472,904400.1884319482,895686586.5068241,18686197.501340438,18506162060.61012,159355836.99162304,160906.1151234028,55719921548.4761
2021-01-04 00:00:00+00:00,1.994201260979,1429560.0288800325,1472902071.5083892,1259505.8014485433,1297692063.6790373,18853844.776476387,19425464105.152397,175210007.8293519,170054.22743148915,58969058532.92318
2021-01-05 00:00:00+00:00,2.052205065021,791196.9260723096,871550738.8353434,828280.614687115,912400639.9736342,18815672.92229831,20726589167.277077,-40849901.13829088,-37083.688614805345,61272122637.776245
2021-01-06 00:00:00+00:00,2.117121237223,845025.5314051546,1013483398.9544975,898783.0502544243,1077957608.191847,18760982.911398895,22501029876.759308,-64474209.23734963,-53757.51884926972,64674080440.821594
2021-01-07 00:00:00+00:00,2.088183917551,742035.2128697103,905441913.5316632,814722.1257058459,994135517.6970704,18687293.945874345,22802501681.34819,-88693604.16540718,-72686.9128361356,66718998593.435074
2021-01-08 00:00:00+00:00,2.057813704556,832221.9915147362,1015211563.2205293,989154.0871253615,1206650001.1959038,18529401.52934177,22603659701.30799,-191438437.97537446,-156932.09561062534,67693599492.51961
2021-01-09 00:00:00+00:00,2.118496135364,521532.6039198725,671196931.6438174,500357.66470271605,643945415.3944453,18550055.319108523,23873368833.37332,27251516.249372125,21174.93921715644,69379384636.47015
2021-01-10 00:00:00+00:00,2.071606985803,633219.0423112557,801298341.4150536,537659.0882557655,680373309.832184,18645129.02538914,23594222481.026012,120925031.58286965,95559.9540554902,69771217363.49457
2021-01-11 00:00:00+00:00,1.864197778955,978368.0738520739,1059480349.7487103,1021025.6118741409,1105674440.2049692,18600425.57027849,20142506603.964584,-46194090.45625889,-42657.53802206705,66358399069.161705
2021-01-12 00:00:00+00:00,1.814492545934,555872.4949944338,577462258.9879482,662962.5413264958,688711620.3557124,18492863.616139214,19211115669.68018,-111249361.36776423,-107090.04633206199,65410046919.32663
2021-01-13 00:00:00+00:00,1.926038626996,457682.15282878635,516231948.9911677,485874.7559899421,548031140.6071503,18464349.152463473,20826433565.119602,-31799191.615982592,-28192.60316115577,66914649899.49097
2021-01-14 00:00:00+00:00,2.027927432063,550875.8179269569,668002605.4821086,673948.2324453269,817242580.9644707,18340795.224641055,22240400827.139866,-149239975.48236215,-123072.41451836994,68332983350.28754
2021-01-15 00:00:00+00:00,1.95826951954,647251.9306846391,755761678.6445146,562069.1572952234,656298281.5399536,18425434.946153812,21514401092.524986,99463397.10456097,85182.7733894157,68147754954.07562
2021-01-16 00:00:00+00:00,2.032677940092,503852.57077452884,620499453.4320945,494903.94766358193,609479135.0465461,18433904.36264043,22701536610.312206,11020318.385548353,8948.623110946908,69252512855.18918
2021-01-17 00:00:00+00:00,2.037016039705,368344.21152371354,457501648.4894885,363091.2573355574,450977220.7250889,18438835.94474984,22901942197.09409,6524427.764399588,5252.954188156116,69705038439.46089
2021-01-18 00:00:00+00:00,2.030049374005,404820.34068319405,506898398.5601003,453524.17755170935,567883221.7799965,18389712.729755465,23026797312.0164,-60984823.2198962,-48703.8368685153,70522159354.22038
2021-01-19 00:00:00+00:00,2.098613639381,1018270.1126405328,1411409340.3152628,764742.2698643454,1059998097.9717385,18642620.563193914,25840264252.29472,351411242.34352434,253527.84277618735,75524004745.20174
2021-01-20 00:00:00+00:00,2.047366055518,643147.8864897747,879712497.1026266,921878.0687890099,1260966062.3232427,18363414.515488863,25117901462.63377,-381253565.2206161,-278730.18229923525,76403982503.71342
2021-01-21 00:00:00+00:00,1.803680899463,662652.103286108,750582347.6863934,882243.1382914347,999311890.3345357,18143165.647346824,20550662705.991585,-248729542.64814234,-219591.03500532673,71827067409.45927
2021-01-22 00:00:00+00:00,1.910604321315,660963.4519039908,816535773.182336,1026537.7481188603,1268156040.1661093,17776807.082636952,21960970571.248234,-451620266.98377335,-365574.2962148695,73963211446.89444
2021-01-23 00:00:00+00:00,1.902623421253,351412.43102141237,433207802.77021325,408590.6059255003,503694869.6181745,17719292.858561825,21843666439.425915,-70487066.84796125,-57178.17490408791,74125732223.79015
2021-01-24 00:00:00+00:00,2.07720900285,585597.3091356589,812358328.6752485,517694.49818140076,718161492.1143519,17786819.46716837,24674414839.99368,94196836.56089664,67902.81095425814,76412566158.33725
2021-01-25 00:00:00+00:00,1.977749983237,660871.6545790832,876056483.8403687,696432.4044862172,923196083.9586586,17750648.135591235,23530393963.496582,-47139600.11828983,-35560.749907133984,76699744917.31717
2021-01-26 00:00:00+00:00,2.000675962607,612995.7001540957,834807583.050494,715833.4417285654,974857058.8764637,17647373.290332455,24033057719.636353,-140049475.8259697,-102837.74157446972,77903418231.18102
2021-01-27 00:00:00+00:00,1.862320295301,795638.5850559107,991316467.1749414,748685.2222954634,932815481.214841,17693796.766801644,22045376419.92895,58500985.96010041,46953.362760447315,76577244107.31158
2021-01-28 00:00:00+00:00,1.92813268788,572017.6784453928,767518850.6626453,504954.0925310061,677534627.5837088,17760334.116538387,23830367036.13247,89984223.07893658,67063.58591438667,79662556564.54694
2021-01-29 00:00:00+00:00,1.955598721206,795712.9918671964,1100796431.120757,834529.6192137905,1154495698.6807954,17720457.70890256,24514638824.75087,-53699267.56003833,-38816.62734659412,80990819613.84863
2021-01-30 00:00:00+00:00,1.94822491678,628798.9963795452,867659954.5797728,478522.6425523859,660298341.2711794,17870054.086008538,24658325483.785126,207361613.3085934,150276.35382715927,81099205805.59674
2021-01-31 00:00:00+00:00,1.880859383919,394182.24323789147,519274544.9509935,501050.65840535384,660057263.1167806,17762410.94229468,23399247473.778606,-140782718.16578716,-106868.41516746237,80207741592.82135
2021-02-01 00:00:00+00:00,1.929326106185,418400.8895623729,573190387.9705254,494244.7017182968,677092997.1649951,17685522.431746308,24228369769.282967,-103902609.19446969,-75843.81215592392,81325573310.15572
2021-02-02 00:00:00+00:00,2.053380275417,822619.4299132703,1253810418.4694476,691683.7722421977,1054242446.0056216,17815256.964105036,27153449064.11983,199567972.46382606,130935.65767107264,85024458107.7418
2021-02-03 00:00:00+00:00,2.134676473319,696863.2231761505,1156458494.0027144,683226.108122729,1133827428.088026,17827683.201959293,29585397796.32459,22631065.91468835,13637.115053421468,89060388802.14458
2021-02-04 00:00:00+00:00,2.049668028662,580158.031146118,933124740.5650789,733906.6388707092,1180413620.479107,17672220.817688044,28423956198.859703,-247288879.91402805,-153748.60772459127,89907970006.96336
2021-02-05 00:00:00+00:00,2.13062276479,520545.26680099696,895586922.1927001,538621.3511072628,926686435.9941257,17652294.22654487,30370392095.09341,-31099513.801425576,-18076.08430626581,92530406847.48105
2021-02-06 00:00:00+00:00,2.068896618061,467832.6452216246,787693470.9559605,490998.10427138413,826697334.9051064,17627957.380570758,29680329230.525654,-39003863.94914591,-23165.45904975955,93266050180.56543
2021-02-07 00:00:00+00:00,2.00505642587,423528.11011420266,684439494.4309793,511573.9619100902,826725347.1307511,17538940.348808706,28343675847.05726,-142285852.69977188,-88045.85179588752,92379633706.44604
2021-02-08 00:00:00+00:00,2.093427383765,573088.7730869056,999205945.296888,589751.9309079236,1028258907.3231684,17520695.02313465,30548116548.419865,-29052962.026280403,-16663.157821018016,95472627214.58583
2021-02-09 00:00:00+00:00,2.094461699545,456824.59384436946,808959984.0244303,579397.0188911991,1026015257.1945509,17396228.230324626,30805811904.433228,-217055273.1701206,-122572.42504682968,96930985229.17398
2021-02-10 00:00:00+00:00,2.067545539362,545659.3878589869,953928183.8887678,531669.3437761648,929470623.6572574,17408620.69465161,30433956223.894413,24457560.2315104,13990.044082822045,96950623062.25935
2021-02-11 00:00:00+00:00,2.091262721598,437671.2827376109,781498441.181646,426338.1582673907,761262205.777313,17418791.246820994,31102699088.484898,20236235.404332995,11333.124470220238,97912265010.0001
2021-02-12 00:00:00+00:00,2.121022853019,455368.6123734193,840817287.1312121,424975.2222410351,784697284.2512695,17448046.028908875,32217017882.069622,56120002.879942656,30393.3901323842,99841926260.44598
2021-02-13 00:00:00+00:00,2.088127998406,413484.7374111731,752299424.9621768,343864.092050902,625630731.4622645,17516374.608971875,31869516220.251022,126668693.49991226,69620.6453602711,99941831826.94197
2021-02-14 00:00:00+00:00,2.073822504382,332598.3755228217,602524134.6704545,362089.80552775966,655949826.5908898,17485776.038330544,31676649231.900906,-53425691.92043531,-29491.43000493798,100209818527.67754
2021-02-15 00:00:00+00:00,2.04849315597,430214.11941659375,769020912.4382226,520431.5578465131,930287346.262616,17394477.698414076,31093161538.167675,-161266433.8243934,-90217.43842991936,100115283779.98839
2021-02-16 00:00:00+00:00,2.027981494876,376278.3622344381,670008738.2166198,439062.31175282586,781803087.8764658,17330769.63768182,30859513229.281723,-111794349.65984595,-62783.94951838779,100749378062.22916
2021-02-17 00:00:00+00:00,2.061527032919,507094.3379499342,935710726.5214305,496975.089859125,917038285.7657686,17339867.667769182,31996216401.83977,18672440.755661845,10119.248090809211,102719580008.27707
2021-02-18 00:00:00+00:00,2.107655032162,489456.96141644265,945832274.0121428,476356.6626402681,920517105.6552557,17351685.360785555,33530596796.990776,25315168.356887102,13100.298776174546,105230876938.37257
2021-02-19 00:00:00+00:00,2.111572487423,467516.8160768479,916811832.3948659,423682.9583473063,830852572.6548889,17394274.766979907,34110595328.133183,85959259.739977,43833.8577295416,106604297524.35156
2021-02-20 00:00:00+00:00,2.059379144581,581769.7920826154,1112810733.0191488,644402.1892789452,1232614141.1426435,17330095.040623523,33149049723.621876,-119803408.12349463,-62632.39719632978,106631499947.08577
2021-02-21 00:00:00+00:00,2.070798091237,342688.71894403035,662720178.2718079,390041.69698306685,754295337.6305164,17281806.15599775,33421005779.97788,-91575159.3587085,-47352.978039036505,107225563553.77147
2021-02-22 00:00:00+00:00,1.940122245086,661199.801162904,1171122773.1332796,670690.2222696021,1187932288.6006634,17270510.277106486,30589676302.955467,-16809515.46738386,-9490.421106698108,104833544839.53908
2021-02-23 00:00:00+00:00,1.782669024878,1264423.736733774,1976351988.8317611,804671.241726697,1257737863.2975812,17727909.14788677,27709530819.755394,718614125.5341799,459752.495007077,100696595066.07397
2021-02-24 00:00:00+00:00,1.829665663001,529194.2239836509,855476245.2081524,735679.4817207169,1189272845.726604,17520146.190301433,28322434749.098907,-333796600.5184516,-206485.25773706601,101481954434.47322
2021-02-25 00:00:00+00:00,1.727431704315,471410.1390978838,703091184.3630544,532119.2204570182,793636585.0115627,17458444.461072806,26038638915.917603,-90545400.64850831,-60709.08135913446,99182179627.79048
2021-02-26 00:00:00+00:00,1.686366993704,636138.0308844575,917503868.4352996,602554.9801286779,869066929.4592626,17491090.023437325,25227453760.84686,48436938.976037025,33583.05075577961,98260872469.38411
2021-02-27 00:00:00+00:00,1.698561917542,335320.8597826379,487567317.0295325,382141.4039620687,555645894.4321595,17443673.254917815,25363662056.554398,-68078577.40262705,-46820.54417943081,98360976389.82674
2021-02-28 00:00:00+00:00,1.67265649529,508472.31613468623,724769253.049269,598428.575683024,852991634.0346777,17353094.743718486,24734855991.976162,-128222380.98540878,-89956.25954833778,97928643432.80537
2021-03-01 00:00:00+00:00,1.789685810259,559181.8691411272,874133217.4076868,497605.7280924689,777875178.1885567,17414121.05295874,27222380596.37077,96258039.21913016,61576.14104865829,100388898627.8666
2021-03-02 00:00:00+00:00,1.72396518086,603092.1166845759,898534215.9151423,466455.1283127456,694961650.7710009,17550150.403447133,26147598676.37562,203572565.14414144,136636.98837183032,99337903012.64049
2021-03-03 00:00:00+00:00,1.802159023687,342748.8368571593,542937123.556696,360469.1362476153,571007265.1444477,17531789.5827881,27771529421.257008,-28070141.587751627,-17720.299390456,101047700067.37761
2021-03-04 00:00:00+00:00,1.745600748949,459783.5008552736,707157496.5497289,352639.0214924979,542366846.9192756,17638412.549743276,27128280241.865295,164790649.63045323,107144.47936277575,101302054228.58142
2021-03-05 00:00:00+00:00,1.738213958082,483161.0521693978,739642406.0979238,414452.23996968183,634460187.9796665,17706540.028136343,27105884903.75314,105182218.11825728,68708.81219971599,101270123076.9401
2021-03-06 00:00:00+00:00,1.840394577975,426334.1780118495,707645816.8729614,433777.6077683652,720000707.0085574,17698699.22897535,29376979654.51179,-12354890.135596037,-7443.429756515659,103720379730.492
2021-03-07 00:00:00+00:00,1.884890500196,343891.6135273038,591204925.3892479,530594.1216035447,912176528.1132432,17511420.571704645,30104944945.778404,-320971602.7239953,-186702.5080762409,104904358607.24431
2021-03-08 00:00:00+00:00,1.959373777647,523495.93234965653,955969034.2447014,547959.8745806891,1000643251.9094869,17486297.86480952,31932166516.189564,-44674217.664785504,-24463.94223103259,107208845098.22404
2021-03-09 00:00:00+00:00,1.978425457274,418273.83877052553,778837865.8480366,415496.2899399822,773665990.3852351,17488333.02380587,32563776901.603596,5171875.462801576,2777.5488305433537,108277426581.34143
2021-03-10 00:00:00+00:00,1.923528991543,408534.64725964214,736761388.122708,408733.2290796046,737119515.4402144,17487453.641955256,31537302175.964645,-358127.31750643253,-198.5818199624773,107875986904.83508
2021-03-11 00:00:00+00:00,1.927074747618,435155.91615085,795340325.6409371,401484.4566472978,733798545.8502717,17520413.1986258,32022295047.755375,61541779.79066539,33671.459503552236,109141152543.77962
2021-03-12 00:00:00+00:00,1.878323315984,473082.2083487291,836647609.6295639,525719.1140506127,929736169.2004092,17466787.98230723,30890078205.036762,-93088559.57084525,-52636.905701883545,108359919064.51164
2021-03-13 00:00:00+00:00,1.998190976611,420394.25630258414,810186991.5657451,394625.9742378544,760526163.4006374,17491597.683724217,33709939402.347084,49660828.16510773,25768.28206472972,111014280901.32281
2021-03-14 00:00:00+00:00,1.947398907952,277217.154310484,519546269.7080186,296646.67960518517,555960096.313257,17471372.49483237,32743956372.20546,-36413826.60523838,-19429.52529470116,110787603533.63673
2021-03-15 00:00:00+00:00,1.858746007838,656779.6333550082,1180170679.1621566,728847.8197568869,1309670371.5588553,17398121.389153607,31262773224.401302,-129499692.39669871,-72068.18640187872,111301454513.04927
2021-03-16 00:00:00+00:00,1.853187946915,553900.6652771262,995332757.7369858,508793.12322454376,914276682.0894305,17442137.243132114,31342678663.055576,81056075.64755535,45107.54205258249,111652112225.64064
2021-03-17 00:00:00+00:00,1.86580269737,363555.9659755832,661260094.5035053,404727.5194683604,736145690.9492489,17399916.771702297,31648141374.694798,-74885596.44574356,-41171.553492777224,112263734874.81818
2021-03-18 00:00:00+00:00,1.828030901269,324526.7010875084,578191441.4266409,420138.66581763217,748538040.0876757,17303140.93955661,30828058115.17137,-170346598.66103482,-95611.96473012376,112252494066.25272
2021-03-19 00:00:00+00:00,1.846972928703,267801.06124461896,484820034.15527654,315302.4171186732,570815245.9376708,17254731.214584224,31237513913.933117,-85995211.78239429,-47501.35587405425,112906815472.9308
2021-03-20 00:00:00+00:00,1.845869106049,246500.79309505536,446843072.50025874,238131.62849068217,431671911.4702152,17262352.130512133,31292241975.0793,15171161.030043542,8369.164604373189,113136461790.5067
2021-03-21 00:00:00+00:00,1.823971782753,259880.1543400913,463814774.46806574,295211.3675274793,526871296.4937781,17226315.75398019,30744247388.325615,-63056522.02571237,-35331.213187388,112738859120.13918
2021-03-22 00:00:00+00:00,1.75268061511,292346.0508585886,493805739.46621,388947.4557762989,656976502.5012096,17128446.43702563,28931894697.746777,-163170763.0349996,-96601.40491771029,111053041891.80501
2021-03-23 00:00:00+00:00,1.738501478937,365106.93367359176,610368295.8753324,344942.1201421185,576657725.8020382,17147739.81519638,28666770646.62944,33710570.07329416,20164.81353147328,110821840020.733
2021-03-24 00:00:00+00:00,1.676438932152,391920.84224859165,621932291.9342117,445495.6547191025,706949219.6346169,17093113.065090418,27124760509.978985,-85016927.70040512,-53574.812470510835,109103734493.7498
2021-03-25 00:00:00+00:00,1.66873643579,341044.9842394994,541897331.1744558,370038.338885684,587965803.7532185,17063035.57439087,27112005356.466118,-46068472.57876277,-28993.354646184598,109762598044.48497
2021-03-26 00:00:00+00:00,1.744551023405,594796.9653619946,1008578821.693356,403350.10146040656,683948294.5466052,17253718.406415112,29256596777.659065,324630527.1467508,191446.86390158802,112059467844.47812
2021-03-27 00:00:00+00:00,1.759264296633,232459.63385847432,399393334.9955981,287492.3732408261,493946135.2002252,17198158.267705694,29548484062.841484,-94552800.2046271,-55032.73938235181,112607493306.41252
2021-03-28 00:00:00+00:00,1.732416536942,273187.86648762017,460365950.5187935,210678.43971181675,355027408.05709255,17260087.48507485,29086052331.918247,105338542.46170098,62509.42677580341,112173073827.74454
2021-03-29 00:00:00+00:00,1.82040888661,372005.1436308632,673754594.6879475,410087.3249553311,742726879.2985065,17221182.705863908,31190028344.204334,-68972284.61055899,-38082.18132446788,114745921026.77899
2021-03-30 00:00:00+00:00,1.833822182393,372212.0726881309,685195525.9012183,426241.9676180992,784657754.5268501,17166164.581899952,31600746003.360027,-99462228.62563181,-54029.894929968286,115790927811.87956
2021-03-31 00:00:00+00:00,1.878852114233,430334.40323853126,824899419.1797225,529457.0802210147,1014905698.1456814,17065760.920713373,32713016122.84387,-190006278.96595883,-99122.67698248342,117696559142.11897
2021-04-01 00:00:00+00:00,1.895303304518,412451.84366290714,813041895.0799898,474509.6868403578,935372846.4305388,17002855.70781191,33516722591.61791,-122330951.35054898,-62057.843177450646,119998676396.16133
2021-04-02 00:00:00+00:00,1.97718567096,775644.1692596579,1655278052.4359221,520361.0159360027,1110486229.5867758,17257374.32901473,36828424813.34555,544791822.8491464,255283.15332365513,124546109848.42436
2021-04-03 00:00:00+00:00,1.894121151001,458491.4382601964,928513421.9640725,682971.690174308,1383119352.358441,17032555.802829936,34493461280.95978,-454605930.39436865,-224480.2519141116,123387927179.21637
2021-04-04 00:00:00+00:00,1.892528467348,284538.68344889506,591099403.7714593,326820.8370655966,678936162.8724215,16990161.442066014,35295286309.250885,-87836759.10096216,-42282.153616701544,126693622581.4063
2021-04-05 00:00:00+00:00,1.886918923767,408090.5917529002,856797333.6551274,605842.4412710187,1271982738.113278,16791798.80546165,35254839818.763466,-415185404.4581505,-197751.84951811848,128440013361.65602
2021-04-06 00:00:00+00:00,1.895284244664,410131.47071546013,868207827.9477881,491075.4296459948,1039558196.7599647,16710210.320692694,35373865316.33558,-171350368.8121766,-80943.95893053466,128947310078.65111
2021-04-07 00:00:00+00:00,1.807995619641,465624.1856214346,924449276.2671834,530326.72459785,1052909560.7121736,16644855.850737747,33046661706.90804,-128460284.44499016,-64702.53897641541,126791561300.97061
2021-04-08 00:00:00+00:00,1.863475753077,454246.06443175615,944173173.5519973,426142.89966607507,885759339.4181539,16672446.664716803,34654514614.219696,58413834.13384342,28103.164765681082,128804409885.85193
2021-04-09 00:00:00+00:00,1.849721689383,524539.9040848541,1083727559.385468,411313.79586352775,849796350.4043438,16785144.41724129,34679008120.39433,233931208.98112416,113226.10822132631,128997921175.28444
2021-04-10 00:00:00+00:00,1.889747123672,401743.0795575541,855788202.9102479,374546.12359069,797853579.3763598,16811994.5223966,35812705462.167274,57934623.5338881,27196.955966864072,130201542532.57045
2021-04-11 00:00:00+00:00,1.886739423465,321073.13328152546,688500274.3039833,234424.12212608915,502692550.87675655,16898335.38245178,36236319206.12091,185807723.42722678,86649.01115543631,131293861473.67368
2021-04-12 00:00:00+00:00,1.881348524185,319995.82954402815,685696311.4638216,402496.8123302311,862481801.6661434,16815313.206483632,36032339103.37033,-176785490.20232177,-82500.98278620298,131591738949.77847
2021-04-13 00:00:00+00:00,1.962929139927,526060.1972004527,1208829356.29691,590174.2736956696,1356156559.9738533,16750575.182757165,38491007537.79271,-147327203.6769433,-64114.07649521693,135266169418.00664
2021-04-14 00:00:00+00:00,2.015361964316,464830.2284933037,1129676406.3331044,537339.7307094331,1305896171.8892925,16677436.369755032,40531155742.82253,-176219765.5561881,-72509.50221612939,139355667255.6612
2021-04-15 00:00:00+00:00,2.04038495652,346885.11151642044,874005571.6413704,381890.0915423624,962203498.1655818,16641787.423320439,41930352290.04008,-88197926.5242114,-35004.98002594197,142721143016.7632
2021-04-16 00:00:00+00:00,1.966458268162,437320.25216906815,1061967879.3500493,486853.2391518319,1182251449.3037753,16591172.175535828,40289220185.425354,-120283569.95372605,-49532.986982763745,142742245320.3528
2021-04-17 00:00:00+00:00,1.908887490854,341716.0453908166,800353862.775282,359917.5351397166,842984675.1860249,16572206.36693137,38814769044.02656,-42630812.41074288,-18201.4897489,141845507550.7584
2021-04-18 00:00:00+00:00,1.843047288427,706974.7477513567,1586085506.5446105,629434.0678023638,1412124344.5287273,16648868.544425001,37351445978.33096,173961162.0158832,77540.67994899291,140740656518.9957
2021-04-19 00:00:00+00:00,1.799791047254,515783.7396008156,1118541554.4950495,530259.7565522786,1149934607.9408946,16633144.795116315,36071054992.29124,-31393053.445845127,-14476.016951463069,139331409120.86328
2021-04-20 00:00:00+00:00,1.889135971683,477596.2839218827,1112085387.012232,520002.34123793076,1210828108.1128297,16588805.618553333,38627118630.17138,-98742721.10059762,-42406.05731604807,142546103440.39618
2021-04-21 00:00:00+00:00,1.905617002461,577151.8786532289,1364384290.5740786,590193.4564711674,1395214518.3827724,16574877.079946041,39182930425.25509,-30830227.808693886,-13041.577817938523,143485042053.8015
2021-04-22 00:00:00+00:00,1.922964605444,726243.636434065,1757295522.9864843,707371.1506845203,1711629670.576207,16592985.17963163,40150132966.83812,45665852.41027737,18872.485749544692,145559455259.14
2021-04-23 00:00:00+00:00,1.882020145325,817526.0664698493,1927011183.7065039,661522.3297551153,1559290865.445087,16748528.995332105,39478377520.12268,367720318.2614169,156003.736714734,144897676211.68488
2021-04-24 00:00:00+00:00,1.807632526767,458394.46274629893,1025238879.5109527,345831.57595523674,773482243.453903,16860741.09467114,37710506370.56258,251756636.05704975,112562.88679106219,143163629831.8373
2021-04-25 00:00:00+00:00,1.843605325928,392387.43021110364,902709472.2396911,377361.803199947,868142167.6193205,16875982.823626395,38824152802.36158,34567304.62037063,15025.627011156641,144403624293.54596
2021-04-26 00:00:00+00:00,1.966022649638,425236.1804634686,1074171629.3394964,494579.3240418295,1249336492.8746433,16806301.884828348,42453708099.629616,-175164863.53514695,-69343.1435783609,148703779006.96332
2021-04-27 00:00:00+00:00,2.014334892441,402416.68714245805,1064935134.0151926,404107.91237727605,1069410706.7974248,16804354.161805503,44470191528.13106,-4475572.782232165,-1691.2252348180045,152067521554.85675
2021-04-28 00:00:00+00:00,2.038001404778,573657.3455728434,1571953436.8627436,536105.2364877381,1469051996.842256,16841601.445599392,46149872356.721695,102901440.02048755,37552.10908510536,155653091953.03967
2021-04-29 00:00:00+00:00,2.030660689759,450172.45541414124,1242704331.4595964,477312.95979436097,1317625890.8434753,16814127.138499763,46415520037.76736,-74921559.38387895,-27140.504380219732,157391227092.70312
2021-04-30 00:00:00+00:00,2.025950275448,632518.91665892,1752260866.4509587,673484.9151995697,1865748564.93283,16772807.5870287,46465542106.6412,-113487698.48187137,-40965.998540649656,158335786439.1315
2021-05-01 00:00:00+00:00,2.084916409059,503554.84870030044,1485143701.8167055,387279.452680243,1142210508.8961296,16888512.982076574,49809606149.39606,342933192.92057586,116275.39602005744,163821099938.82767
2021-05-02 00:00:00+00:00,2.078005553212,329128.13249303115,971743174.2973123,342501.2498816839,1011226993.0856534,16874938.30349871,49822863785.30813,-39483818.788341165,-13373.117388652754,164562284034.02106
2021-05-03 00:00:00+00:00,2.260814951058,852310.9043931825,2923978933.1605053,927459.0176104669,3181785678.071908,16799264.952209156,57632369314.591286,-257806744.9114027,-75148.11321728444,175774495747.20612
2021-05-04 00:00:00+00:00,2.155283907213,1002604.5890400236,3283421275.045191,941531.4723067404,3083413442.438536,16859821.293939054,55214085926.91925,200007832.60665464,61073.11673328327,176031832699.3225
2021-05-05 00:00:00+00:00,2.244676359743,661075.7669233201,2330902978.289098,754119.517334445,2658968180.18544,16766381.128027473,59116987283.21778,-328065201.8963423,-93043.7504111249,182000372858.1675
2021-05-06 00:00:00+00:00,2.1969879559,544418.0228050471,1905758755.4413412,631100.211503929,2209193493.333676,16679224.952103585,58386345886.696846,-303434737.8923347,-86682.18869888189,184635268655.95248
2021-05-07 00:00:00+00:00,2.163128013868,609882.0842855823,2123995102.848996,641788.9993000169,2235115158.649724,16646814.706714297,57974736143.48581,-111120055.80072808,-31906.915014434606,186589022986.80264
2021-05-08 00:00:00+00:00,2.302177567456,381341.9988654223,1482187495.5669012,484823.66074559797,1884396603.7050447,16541600.50200775,64293346900.380394,-402209108.13814354,-103481.66188017564,195688038625.70718
2021-05-09 00:00:00+00:00,2.292554351788,632627.3325625763,2477420138.5360723,505040.52972190635,1977779831.3610084,16667652.497662427,65271884147.91656,499640307.17506385,127586.80284066993,198016103155.75043
2021-05-10 00:00:00+00:00,2.26421643912,874545.4810494146,3458200466.445942,976060.3970749527,3859619189.1514573,16562526.010180516,65492917652.721825,-401418722.7055154,-101514.91602553811,202475572287.45377
2021-05-11 00:00:00+00:00,2.269929669446,651119.9977501368,2705906253.7678866,730074.8840349088,3034024759.268745,16479683.254828434,68485806200.75851,-328118505.5008583,-78954.88628477207,212283385042.79465
2021-05-12 00:00:00+00:00,2.170673682126,839878.085794124,3338937237.5942597,796155.5413686696,3165118162.9288154,16520421.62199954,65676973679.216736,173819074.66544437,43722.544425454456,212387017091.15402
2021-05-13 00:00:00+00:00,2.044984190709,940292.0694642535,3467006451.1855345,954144.7102992139,3518083341.760745,16505203.378667384,60857310670.04871,-51076890.57521057,-13852.640834960388,209115898197.53375
2021-05-14 00:00:00+00:00,2.187403736275,589592.1115457745,2409491839.30579,643194.9715677756,2628551170.7609644,16450682.5145103,67229164864.166664,-219059331.45517445,-53602.860022001085,216712480138.74258
2021-05-15 00:00:00+00:00,2.024650208407,392758.7086787653,1442446318.4684937,422602.52691326145,1552050777.3644023,16420322.948434897,60305306697.61875,-109604458.8959086,-29843.818234496168,210434566087.96436
2021-05-16 00:00:00+00:00,1.982506070166,495338.61495768174,1766299733.355551,499228.26081552164,1780169599.814755,16415994.575279582,58536859363.487495,-13869866.459203959,-3889.6458578399033,208686739040.91043
2021-05-17 00:00:00+00:00,1.870889189294,770592.6788427916,2527567318.7635126,1031072.2423825939,3381948174.0263534,16154982.531301549,52988831846.45922,-854380855.2628407,-260479.56353980233,203437380296.82376
2021-05-18 00:00:00+00:00,1.925527811984,513314.4568590554,1728966095.6655822,472408.135846136,1591183804.1585073,16195389.622701978,54549953132.20731,137782291.50707483,40906.32101291936,203005692638.29797
2021-05-19 00:00:00+00:00,1.585281525274,1759148.134359587,4460735667.96901,1831452.450326114,4644080341.950889,16121314.0868435,40879400294.44636,-183344673.98187828,-72304.31596652698,185654978796.04315
2021-05-20 00:00:00+00:00,1.69717414371,1287047.3760765463,3575321317.632113,1345343.4369511465,3737263413.201516,16062322.153719302,44619929207.21489,-161942095.56940317,-58296.060874600196,190001616430.84787
2021-05-21 00:00:00+00:00,1.53598708976,916548.5177187148,2212533808.9384656,650824.9264393194,1571081209.1333346,16327461.658079758,39414237472.73421,641452599.805131,265723.5912793954,182458325997.25644
2021-05-22 00:00:00+00:00,1.493601464771,642014.9833412487,1490015467.4213054,743781.0272936667,1726198396.919669,16225574.68816495,37656998482.09772,-236182929.4983635,-101766.04395241803,180418798399.587
2021-05-23 00:00:00+00:00,1.387752879305,1413424.9714572239,2976105471.263067,1013649.6747671004,2134339214.2762172,16624445.738342706,35004407674.77629,841766256.9868495,399775.2966901235,176192829510.10394
2021-05-24 00:00:00+00:00,1.643923739577,1274275.8208734677,3346462975.287113,1719637.4030770962,4516057517.572415,16178904.29760583,42488528249.354294,-1169594542.2853022,-445361.5822036285,185532432255.99194
2021-05-25 00:00:00+00:00,1.675783174725,986138.8114873541,2659208487.7424445,1259336.0040809112,3395908316.3157277,15905648.90256893,42890956194.05605,-736699828.5732832,-273197.19259355706,186908401769.1746
2021-05-26 00:00:00+00:00,1.747535278929,673020.129059116,1930705989.5619245,512984.27836579503,1471608018.881329,16065623.315804066,46087767397.435585,459097970.6805954,160035.85069332097,190698872109.879
2021-05-27 00:00:00+00:00,1.701837994273,765605.6458353285,2100135411.4894578,459256.86605464615,1259789047.5568469,16371928.396239381,44909891621.550964,840346363.932611,306348.77978068235,187268005609.359
2021-05-28 00:00:00+00:00,1.545701575955,679739.9891939509,1641778036.7092202,579691.5651522892,1400130777.7422283,16471928.235314965,39784697721.04918,241647258.9669919,100048.42404166167,181568151040.7853
2021-05-29 00:00:00+00:00,1.484223850636,592693.6685308218,1356591722.7065523,934865.6491710363,2139774842.9670691,16129807.150352158,36918840255.64345,-783183120.2605169,-342171.9806402145,179212120518.2418
2021-05-30 00:00:00+00:00,1.545386328719,590688.3675822406,1412756510.86272,485314.4499844325,1160732438.0495906,16235271.818653664,38830095912.18264,252024072.81312943,105373.91759780812,179876164575.69595
2021-05-31 00:00:00+00:00,1.695542442011,352314.8176853629,950973249.5325944,337650.663615677,911391552.8588266,16249998.009795645,43862229564.45233,39581696.673767805,14664.154069685901,185047926087.09338
2021-06-01 00:00:00+00:00,1.659087663063,356172.5945777574,935381019.312722,356138.99712423875,935292785.6282752,16250088.370777706,42676007238.0063,88233.68444681168,33.59745351865422,184021329093.5175
2021-06-02 00:00:00+00:00,1.698710445955,296718.9595910238,805045973.2114131,323548.07567001437,877837654.2485232,16223333.30924412,44016496858.42546,-72791681.03711009,-26829.11607899057,185703386709.28033
2021-06-03 00:00:00+00:00,1.764975203017,467618.16095208755,1336733741.6958954,483130.26495164144,1381076657.6739259,16207918.240999322,46331971263.22059,-44342915.97803044,-15512.103999553889,188335574637.91223
2021-06-04 00:00:00+00:00,1.67952100622,336545.24539488467,905063531.0938206,885973.9158936857,2382629651.5789275,15658574.991286471,42110252239.28638,-1477566120.485107,-549428.6704988009,186218197523.71558
2021-06-05 00:00:00+00:00,1.637343733222,250289.34407699737,651996367.205521,235240.9387043642,612795714.571366,15673737.479423203,40829624348.58263,39200652.634155035,15048.405372633162,185049754974.89542
2021-06-06 00:00:00+00:00,1.686998614567,130126.56944878577,352135319.7572363,176477.70860974077,477566069.8238388,15627497.632108519,42289548544.91736,-125430750.06660247,-46351.139160955005,186598827878.83734
2021-06-07 00:00:00+00:00,1.637598099808,302044.90697249654,785364817.162693,321390.8532857396,835667355.7534957,15608240.005356759,40583907475.56833,-50302538.59080267,-19345.94631324307,184725314508.39664
2021-06-08 00:00:00+00:00,1.602625490386,905985.3703251078,2282229364.588458,527624.7751033276,1329117218.298005,15986617.382969031,40271210581.203674,953112146.290453,378360.59522178024,182891655673.78223
2021-06-09 00:00:00+00:00,1.645994847205,369643.3411473141,963154187.3080612,671154.7269146944,1748781632.459777,15685181.954842228,40869797983.11701,-785627445.1517159,-301511.3857673803,184215465687.46527
2021-06-10 00:00:00+00:00,1.585934435692,294132.2800959837,729854179.8036855,250345.73511050604,621203089.6670156,15729029.778369173,39029711816.23847,108651090.13667,43786.54498547767,182097277071.02045
2021-06-11 00:00:00+00:00,1.518711096827,251685.26729226392,590209859.6602565,256498.8347042891,601497826.4819994,15724135.124783892,36873590914.24605,-11287966.821742892,-4813.567412025179,179730883195.03192
2021-06-12 00:00:00+00:00,1.53683551067,143524.44530454438,341708788.2562756,170004.78580249715,404754250.9645193,15697607.184202306,37373496327.08831,-63045462.70824373,-26480.34049795277,180345715607.10922
2021-06-13 00:00:00+00:00,1.600595654701,222493.93580277375,557268633.5877471,198218.8398388203,496468102.06209135,15721838.131354647,39377645153.95174,60800531.52565575,24275.09596395344,182188776785.65567
2021-06-14 00:00:00+00:00,1.632897108888,295159.1968678265,760638455.3471912,308620.78406907263,795329567.8178035,15708352.037663236,40481125971.24527,-34691112.47061229,-13461.587201246119,183769793412.0799
2021-06-15 00:00:00+00:00,1.620631091977,255907.227130009,653264880.2090421,303044.89514668816,773595139.715959,15661250.55700827,39979116978.39685,-120330259.50691688,-47137.66801667915,183437451014.6239
2021-06-16 00:00:00+00:00,1.525072974835,368266.80348425877,869477697.2449923,307927.1047161513,727015705.4472626,15721629.770671701,37118758249.75422,142461991.7977296,60339.69876810745,180311810760.10715
2021-06-17 00:00:00+00:00,1.530180702025,548807.2946828882,1299788937.8860734,224362.97799111303,531378718.33961636,16046029.801299654,38003233985.38431,768410219.546457,324444.31669177517,180294848218.4688
2021-06-18 00:00:00+00:00,1.45998070567,424849.0060919159,945108613.5494857,480221.3339927651,1068288527.5918335,15990615.005999934,35572327489.10924,-123179914.04234779,-55372.327900849225,177511503572.45288
2021-06-19 00:00:00+00:00,1.433648012028,126485.7828742625,275075551.1068596,181923.59688527393,395639197.82435614,15935126.37817508,34654991026.0776,-120563646.71749651,-55437.81401101143,176745444303.64548
2021-06-20 00:00:00+00:00,1.470586240853,258203.76398264922,579064145.6227593,206193.0113274801,462421531.336602,15987101.347996434,35853687956.632996,116642614.28615737,52010.75265516911,177708453254.63937
2021-06-21 00:00:00+00:00,1.288114097952,684472.463109314,1300766730.9113464,605826.9539042064,1151309349.6094368,16065549.551058767,30530859159.614597,149457381.3019097,78645.50920510758,171939891384.8467
2021-06-22 00:00:00+00:00,1.279282680403,1078196.7657178184,2013665940.2335,828008.1745345443,1546407772.9681253,16315290.94427583,30470825663.825638,467258167.26537466,250188.59118327405,170162779604.41486
2021-06-23 00:00:00+00:00,1.339838924603,375021.5077124901,735833466.9364543,398317.07914079505,781541941.6127843,16291970.555946913,31966639061.671562,-45708474.67632997,-23295.571428304946,170712897829.58688
2021-06-24 00:00:00+00:00,1.354816654092,388182.89307069004,771189525.8024373,273180.1805988733,542717615.0606527,16406938.004902774,32595096192.368294,228471910.74178457,115002.71247181675,170959536510.74353
2021-06-25 00:00:00+00:00,1.262001561793,474905.31185974146,863305188.121491,486749.2200783707,884835600.937335,16395016.3504975,29803631000.239006,-21530412.81584406,-11843.90821862925,167957569662.60376
2021-06-26 00:00:00+00:00,1.253542311861,218887.0888157398,394429341.01054835,214036.0776484636,385687933.9760099,16399866.27091521,29552169937.91486,8741407.034538448,4851.011167276185,167635548658.572
2021-06-27 00:00:00+00:00,1.347391656045,298754.6593279944,586910076.6167299,250831.10201499387,492763197.8447415,16447732.892983383,32311931784.114048,94146878.77198833,47923.55731300052,170048594173.91455
2021-06-28 00:00:00+00:00,1.410017723126,363410.8864312842,755632383.2027346,395539.0631762858,822435805.0819927,16415529.244033605,34132454330.17246,-66803421.879258156,-32128.176745001634,172009478522.4816
2021-06-29 00:00:00+00:00,1.458973050026,276518.0189360264,600041400.2325382,391332.29600339395,849187260.0331925,16300625.998066932,35372199201.27479,-249145859.8006543,-114814.27706736757,173511592038.54663
2021-06-30 00:00:00+00:00,1.513650358778,367216.81711757235,834415411.0624245,309926.3994105253,704236167.5947753,16357800.31406531,37169323508.31792,130179243.46764922,57290.417707047076,175148427707.7779
2021-07-01 00:00:00+00:00,1.442449341406,276100.92163357843,583830883.5214611,376380.22892083495,795877102.8026028,16257441.87147084,34377272612.715836,-212046219.28114164,-100279.30728725652,171058221688.33276
2021-07-02 00:00:00+00:00,1.461168389985,438400.98218477925,942561991.0152965,411436.6623760758,884588710.8492577,16284358.62824539,35011366568.008095,57973280.16603875,26964.31980870344,171718622887.52023
2021-07-03 00:00:00+00:00,1.496818600995,114595.03005318945,253931497.50270212,147559.4574585377,326977478.7418006,16251385.027890593,36011496612.98417,-73045981.23909849,-32964.427405348266,172788366676.1887
2021-07-04 00:00:00+00:00,1.555195943554,158727.26869774592,369186531.66659856,170853.00654282817,397389997.4960833,16239244.746436836,37771143509.30167,-28203465.82948476,-12125.737845082243,174580652080.69742
2021-07-05 00:00:00+00:00,1.496844075833,166227.9896750792,368798751.1787657,226078.60338941784,501585243.0221423,16179355.05136647,35896036217.999016,-132786491.84337658,-59850.61371433863,173041220299.24814
2021-07-06 00:00:00+00:00,1.548270131103,318976.95793151984,739422597.2827926,372989.7602848252,864630031.8937197,16125163.970408926,37379849321.81356,-125207434.6109271,-54012.80235330539,174816161654.43704
2021-07-07 00:00:00+00:00,1.542587831328,275652.44146485213,638708633.5677725,324373.75492863706,751599792.3861465,16076292.678128611,37250048919.2742,-112891158.81837404,-48721.31346378493,175404097384.44293
2021-07-08 00:00:00+00:00,1.438269698962,377397.5949704901,799676946.3686393,863780.7183328823,1830285980.5520504,15589777.372251421,33033558585.82974,-1030609034.183411,-486383.1233623922,172059191989.51535
2021-07-09 00:00:00+00:00,1.457453614738,329950.8738272649,710639526.9336971,466500.7147961536,1004736988.3630723,15453112.925367216,33282508791.551243,-294097461.4293752,-136549.84096888872,172608311181.21283
2021-07-10 00:00:00+00:00,1.437055671478,258487.24801291857,547234038.7670889,271385.9616554751,574541440.643887,15440205.417660886,32687902536.986168,-27307401.876798153,-12898.713642556511,172096021680.97696
2021-07-11 00:00:00+00:00,1.449766812912,50108.397244706386,107241635.3428499,127772.1232461049,273456989.2791378,15362525.353212746,32878767481.404026,-166215353.93628788,-77663.7260013985,172472103182.7638
2021-07-12 00:00:00+00:00,1.399736659009,309864.6473560777,629964537.6501282,398178.66867736453,809509710.306614,15274130.498381391,31052785916.4371,-179545172.6564858,-88314.02132128685,169713023221.00064
2021-07-13 00:00:00+00:00,1.349006595507,327396.2038728426,635030862.2393749,384605.7880278049,745996875.6644784,15216844.365717057,29515204158.801888,-110966013.42510355,-57209.58415496233,168026444188.91284
2021-07-14 00:00:00+00:00,1.382654542002,524689.3250400993,1045413061.3477753,409018.41306196444,814945475.2372528,15332390.699198712,30548899574.818855,230467586.1105225,115670.91197813489,168421004712.87756
2021-07-15 00:00:00+00:00,1.339473621172,384481.798404835,735465351.4807565,369456.4826430191,706723811.0912745,15347252.581811136,29357365059.088665,28741540.38948202,15025.315761815873,166928502669.97217
2021-07-16 00:00:00+00:00,1.321996118504,277840.3206381611,521814014.2694555,360418.15273801755,676904067.2852408,15264535.54709631,28668440028.769188,-155090053.01578528,-82577.83209985646,166081734585.3661
2021-07-17 00:00:00+00:00,1.332886123371,201960.7448117747,383112691.1483515,150361.73325683805,285231114.23185486,15316070.991351806,29054067812.95395,97881576.91649663,51599.011554936646,166399235203.60724
2021-07-18 00:00:00+00:00,1.333156487952,170920.163040411,323498556.4289691,224018.90624311607,423997915.1278392,15262926.743673699,28887959621.78059,-100499358.69887012,-53098.74320270508,166010776471.08673
2021-07-19 00:00:00+00:00,1.294071251298,317430.9954802271,578425628.3454969,488974.5480675436,891013839.978151,15091326.962102376,27499552359.136745,-312588211.6326541,-171543.5525873165,164676648780.1739
2021-07-20 00:00:00+00:00,1.274248137249,391329.1893349687,698653289.0724846,349534.90134290716,624036527.6197574,15133013.583382053,27017482982.999374,74616761.4527272,41794.28799206152,163874245625.79065
2021-07-21 00:00:00+00:00,1.392592780217,499623.1084185405,991997702.592543,277317.6146306448,550611915.1950642,15355270.938704088,30487768154.07051,441385787.3974788,222305.4937878957,166779711223.88898
2021-07-22 00:00:00+00:00,1.410851164411,239152.40164692994,483308422.38354737,224950.8768495533,454608244.1792151,15369388.677560812,31060340367.051582,28700178.204332292,14201.524797376653,167579648187.91934
2021-07-23 00:00:00+00:00,1.46127437644,256572.7947974306,542065516.5578382,240492.7415821322,508092926.5982906,15385374.878499556,32504931738.902225,33972589.95954758,16080.053215298394,169166948494.72678
2021-07-24 00:00:00+00:00,1.497448708587,264452.99515795085,576332443.6325217,233948.91947356437,509853754.4067352,15415827.880666036,33596298456.654087,66478689.22578657,30504.07568438648,170307112669.6819
2021-07-25 00:00:00+00:00,1.500931141993,133112.50141418126,291176267.2537522,152806.7606031697,334256374.80228806,15396097.673495146,33678115903.581818,-43080107.54853588,-19694.25918898845,170565072502.7487
2021-07-26 00:00:00+00:00,1.524779117408,631735.3495647035,1415819507.5524242,579673.1171224465,1299139754.948321,15447985.962840594,34621396275.60228,116679752.60410309,52062.232442256995,172041291297.16876
2021-07-27 00:00:00+00:00,1.546224640527,419648.2386048782,959411930.9570966,420126.21700420766,960504698.9872473,15447298.828046784,35316061008.51958,-1092768.0301507711,-477.97839932946954,173087952460.50806
2021-07-28 00:00:00+00:00,1.547507993645,385477.71925391664,885454403.6786586,281423.549926209,646438715.221569,15551171.442956332,35721528245.98714,239015688.45708966,104054.16932770767,173782717114.71432
2021-07-29 00:00:00+00:00,1.589712458187,386494.5787253617,921578623.7326211,342985.76983656123,817833861.3915207,15594596.380276343,37184600925.57496,103744762.34110034,43508.80888880044,175628939969.3924
2021-07-30 00:00:00+00:00,1.611533847752,290922.31094223354,713139114.9582056,285968.1363809525,700994925.4990412,15599390.620793028,38238853476.61973,12144189.459164381,4954.174561281048,178129638020.7717
2021-07-31 00:00:00+00:00,1.653106752538,393720.6302475841,1001773076.5938569,589821.9260656771,1500728384.8595161,15403096.911133323,39191260493.6049,-498955308.2656592,-196101.295818093,180265045759.67178
2021-08-01 00:00:00+00:00,1.658843745715,282427.4640778221,724069889.352166,252659.64621779122,647753017.4978452,15432719.41548613,39565441965.99451,76316871.85432088,29767.81786003089,181030651405.83017
2021-08-02 00:00:00+00:00,1.68194792644,260550.78041012655,682393176.3238393,280706.8040875061,735182628.7200869,15412389.182288632,40365679167.362625,-52789452.396247625,-20156.023677379533,182417805815.39233
2021-08-03 00:00:00+00:00,1.626181729028,361854.08786505694,909308670.7393817,326088.74922621343,819433404.3630663,15447965.57341906,38819428914.208725,89875266.37631536,35765.3386388435,181050335697.5934
2021-08-04 00:00:00+00:00,1.712401370041,415791.3878271311,1134251569.2274833,372662.24493433075,1016598102.9995254,15490939.265813127,42258263844.46741,117653466.22795784,43129.14289280033,186668884577.4263
2021-08-05 00:00:00+00:00,1.748718180357,434875.21643720235,1228755279.0271707,446212.60038593825,1260789457.6853578,15479336.217914028,43737411042.70297,-32034178.65818715,-11337.383948735893,189350479359.44437
2021-08-06 00:00:00+00:00,1.770745272463,357963.9882688916,1033812260.322382,426195.86384284566,1230868254.290575,15410869.61346801,44507119349.29412,-197055993.96819305,-68231.87557395408,191148312272.9592
2021-08-07 00:00:00+00:00,1.877745075079,286940.72186177486,901963812.6531781,323119.3335064271,1015686947.8142747,15374466.698428614,48327795758.122154,-113723135.16109657,-36178.611644652265,196211021260.0749
2021-08-08 00:00:00+00:00,1.819420968777,172121.61085489465,521072028.46193624,247984.6019030655,750735708.8930095,15298437.669745713,46313695934.40106,-229663680.4310733,-75862.99104817084,195043275386.24512
2021-08-09 00:00:00+00:00,1.866936902772,563794.9783101322,1780616324.271992,458202.42849124694,1447126624.7138937,15403802.396759601,48649354922.85008,333489699.5580983,105592.54981888522,198317002908.3672
2021-08-10 00:00:00+00:00,1.852989991443,349257.15700619854,1097269531.427369,334930.8454495374,1052260217.0768515,15417886.181930723,48438740358.14643,45009314.35051763,14326.311556661152,198778796583.52582
2021-08-11 00:00:00+00:00,1.853398316245,317167.4601791828,1004965075.7910796,318407.03067529213,1008892732.9879028,15416327.071518036,48847603392.528175,-3927657.19682312,-1239.5704961093143,200448517395.1304
2021-08-12 00:00:00+00:00,1.792006631052,240752.08130515955,731419635.6603084,332479.39079688984,1010092845.56499,15324355.589312628,46556335135.715576,-278673209.9046817,-91727.3094917303,198793554020.91507
2021-08-13 00:00:00+00:00,1.906451250942,309550.6836721937,1026618323.9235923,292974.375021976,971643345.3467469,15340655.75222235,50876961760.85048,54974978.57684541,16576.308650217718,204001548638.7578
2021-08-14 00:00:00+00:00,1.878771728362,186455.05826033652,609514816.3716059,241523.09305363565,789530222.915945,15285414.631100733,49967465505.98196,-180015406.54433918,-55068.03479329913,204059450097.32956
2021-08-15 00:00:00+00:00,1.894771984685,168171.54449652712,556770139.1444832,437260.4017641356,1447649990.1421666,15016160.760461792,49714414772.416466,-890879850.9976834,-269088.85726760846,204937348695.94324
2021-08-16 00:00:00+00:00,1.822161344315,405539.7855563957,1280602924.4301965,390712.15688503097,1233780626.5566034,15030742.002009625,47463683834.91825,46822297.87359309,14827.628671364742,203275712910.9153
2021-08-17 00:00:00+00:00,1.758699397822,346936.3992550998,1047946165.5333666,344393.9968525396,1040266657.5465243,15033066.755769178,45408451510.825035,7679507.986842275,2542.4024025602266,201477841889.5253
2021-08-18 00:00:00+00:00,1.766353667939,268181.5279456175,815625860.5590088,274950.97196262266,836213906.4403623,15026081.522403117,45699123151.48378,-20588045.881353498,-6769.444017005153,202001026646.44135
2021-08-19 00:00:00+00:00,1.82144628704,260503.4689447341,826830670.1705972,256881.29505771957,815333992.315954,15029581.651230447,47703468669.3825,11496677.854643226,3622.1738870145346,204454964924.71646
2021-08-20 00:00:00+00:00,1.85912728254,319029.90233582625,1045849799.3972008,311983.5133458814,1022750195.0728043,15036405.09661143,49292624731.43459,23099604.32439649,7046.388989944826,206909707202.11746
2021-08-21 00:00:00+00:00,1.837695140593,158377.52100074865,512304919.88437605,200929.5753020378,649948359.6351124,14993751.209717957,48500396165.59293,-137643439.75073636,-42552.05430128914,206564707428.71777
2021-08-22 00:00:00+00:00,1.84069092853,174774.91151368304,567300745.5169444,192441.21146660898,624643673.3263297,14975971.418350898,48610407963.5353,-57342927.8093853,-17666.29995292594,206962159392.81738
2021-08-23 00:00:00+00:00,1.865182797531,383115.3677960183,1272953622.3251789,526346.7043177994,1748859482.4966614,14832440.396154353,49282827882.43511,-475905860.17148256,-143231.3365217811,209089893991.85538
2021-08-24 00:00:00+00:00,1.795292945187,338244.9374828127,1076839658.211808,369513.3208224862,1176385967.6966047,14800762.307262946,47119841446.36933,-99546309.48479676,-31268.383339673514,208153471201.3255
2021-08-25 00:00:00+00:00,1.806154303459,343018.29285087675,1107504280.7962837,257778.57566212452,832290527.9208695,14885560.80942864,48061058730.94831,275213752.87541425,85239.71718875223,209843572308.31808
2021-08-26 00:00:00+00:00,1.757282887823,254259.35655842908,793440867.1589543,253317.33896382852,790501210.3169961,14886068.818059957,46453414778.76009,2939656.841958165,942.017594600562,208469230298.02588
2021-08-27 00:00:00+00:00,1.816005897489,275032.072873884,899358480.8801948,322316.83570625214,1053980274.7143967,14838211.302589528,48521145321.82414,-154621793.83420193,-47284.76283236814,211393237166.50397
2021-08-28 00:00:00+00:00,1.80116084114,176545.92837128582,572480494.4297049,212151.93011578577,687939070.4014381,14802237.12577315,47998796158.05738,-115458575.97173321,-35606.001744499954,211365772541.77606
2021-08-29 00:00:00+00:00,1.795861730826,160120.38697301122,517335296.25335103,384659.3552899924,1242801527.5725815,14577300.708973175,47098013709.65922,-725466231.3192306,-224538.9683169812,211232192278.79395
2021-08-30 00:00:00+00:00,1.795898704284,336124.98454515234,1088493827.2414148,363853.54363437067,1178288893.9418445,14549005.261586674,47114921972.16482,-89795066.70042968,-27728.559089218325,211722862693.69
2021-08-31 00:00:00+00:00,1.866382916126,479475.5874754774,1645535165.0876064,492383.0502623079,1689832902.996683,14535460.85286745,49884942213.811844,-44297737.90907645,-12907.462786830496,215912654102.34866
2021-09-01 00:00:00+00:00,1.972679383982,406083.4917423835,1540611604.2945144,412434.61783488444,1564706694.9776192,14528363.065808553,55118135028.221794,-24095090.683104753,-6351.1260925009265,225824604535.34048
2021-09-02 00:00:00+00:00,1.943311447005,450245.46315145725,1707283941.9275022,442096.6509571351,1676384494.0846055,14535863.778173478,55118482786.73963,30899447.8428967,8148.812194322178,229130565868.3802
2021-09-03 00:00:00+00:00,1.980932257274,321600.64607469796,1260218708.149695,386876.73383063916,1516008452.3212638,14469716.857897883,56700781259.36507,-255789744.17156887,-65276.087755941204,232290518481.12228
2021-09-04 00:00:00+00:00,1.963094798551,318475.4337496894,1237668789.200754,275166.823334566,1069361567.5624849,14512443.943536313,56398695222.619896,168307221.63826907,43308.610415123345,232473718328.77875
2021-09-05 00:00:00+00:00,1.985851656662,152105.70673776683,601519954.1221623,168870.41708731744,667817978.1517181,14495133.387092164,57322714295.1988,-66298024.0295558,-16764.710349550616,233863452265.06113
2021-09-06 00:00:00+00:00,1.969177789345,287738.62869468937,1130477310.6906655,225908.48162615887,887556925.9834497,14556310.301967911,57189326988.8626,242920384.7072158,61830.147068530496,234314326841.06308
2021-09-07 00:00:00+00:00,1.791426938566,585827.3830333815,2011057315.4563708,550063.288486317,1888284556.7008295,14590994.24832978,50088689215.83578,122772758.75554132,35764.09454706451,225049335584.50354
2021-09-08 00:00:00+00:00,1.817090776948,438403.466284985,1537821354.26131,478251.88028526556,1677600682.4275744,14550280.568655375,51039131507.29115,-139779328.1662643,-39848.41400028055,226714353769.91162
2021-09-09 00:00:00+00:00,1.787076381769,436289.9928007097,1497723957.9144826,446737.4358075953,1533588602.8720999,14539015.150720987,49910453310.95444,-35864644.95761728,-10447.443006885645,225601693693.33398
2021-09-10 00:00:00+00:00,1.70000960535,342500.4813089269,1097431981.7384796,332620.3955301624,1065774443.4059838,14548333.296605425,46615427165.735405,31657538.33249581,9880.085778764507,221368695265.31033
2021-09-11 00:00:00+00:00,1.721787856835,292856.8602616457,954481902.6799891,252467.01635491799,822842933.981771,14588421.832042702,47546725096.02819,131638968.6982181,40389.84390672771,222339286695.19644
2021-09-12 00:00:00+00:00,1.784630584602,125527.33115329396,429017191.5087066,161944.2205498527,553479899.8994032,14551711.08936463,49733664898.694016,-124462708.39069659,-36416.88939655875,224959830579.9782
2021-09-13 00:00:00+00:00,1.731576292527,357503.3189921817,1176024990.8591826,304280.5061583301,1000945894.6625985,14604507.64726811,48042256001.42457,175079096.1965841,53222.81283385155,223172202329.74673
2021-09-14 00:00:00+00:00,1.782220002903,180419.3718102161,616975630.4794315,179714.4916531202,614565169.3688909,14604854.276921896,49943856278.59656,2410461.1105406284,704.880157095904,225423191712.45413
2021-09-15 00:00:00+00:00,1.853858136141,477790.90473115974,1715774869.8904614,498809.35552314395,1791253346.5960977,14583471.847134659,52370093828.27801,-75478476.70563626,-21018.450791984214,227589543714.3602
2021-09-16 00:00:00+00:00,1.84061609129,187764.2826234755,669890560.1190532,259307.87041873002,925138115.3593471,14511468.014815763,51772868091.68286,-255247555.24029386,-71543.58779525451,227750866090.08524
2021-09-17 00:00:00+00:00,1.767558707254,453008.9515207592,1538654424.7063572,463566.2773457036,1574512603.753561,14500525.616582597,49251340013.532326,-35858179.04720378,-10557.325824944419,225798848469.8396
2021-09-18 00:00:00+00:00,1.778910677572,151668.93225046853,519469785.2675389,190034.52529514808,650872875.4381028,14461926.35841887,49532449846.462234,-131403090.17056394,-38365.593044679554,226259485752.71194
2021-09-19 00:00:00+00:00,1.736312902124,199962.28217371297,663872857.3658088,172490.9611239121,572668335.1794629,14489145.937185157,48103825429.202965,91204522.18634593,27471.32104980087,224720276962.5435
2021-09-20 00:00:00+00:00,1.601969846122,400242.2964858818,1186865764.3289995,395636.20150880073,1173206996.918499,14493271.360106826,42977885499.53404,13658767.410500526,4606.094977081055,217561874150.11072
2021-09-21 00:00:00+00:00,1.515222191345,484260.074959843,1329704642.0844805,455019.3685661596,1249414101.856207,14521990.48707134,39875181047.22281,80290540.22827363,29240.706393683387,212999925658.9323
2021-09-22 00:00:00+00:00,1.658815441819,376213.52452469064,1152613400.3518257,429365.48796891613,1315456204.5764358,14468497.973764524,44327445879.55332,-162842804.2246101,-53151.96344422549,217100985167.9687
2021-09-23 00:00:00+00:00,1.692412996065,285366.68143219827,898190224.1559501,247716.30798809044,779685859.1978663,14505768.564472675,45656835104.534294,118504364.95808375,37650.37344410783,218624503406.31232
2021-09-24 00:00:00+00:00,1.607983993788,807887.151629089,2369176998.7000813,553925.4017866259,1624419101.4329803,14759343.727180257,43282651053.222595,744757897.267101,253961.74984246318,214405099263.5127
2021-09-25 00:00:00+00:00,1.608923974399,138104.8750060512,404992308.4003315,206637.60176903897,605964411.7492934,14690609.878880681,43080188200.42316,-200972103.34896195,-68532.72676298776,214294737176.822
2021-09-26 00:00:00+00:00,1.641938082005,246675.3617792622,752013426.715189,578846.9885652262,1764670392.1903355,14358067.449005203,43771941492.05844,-1012656965.4751465,-332171.626785964,218315341715.72638
2021-09-27 00:00:00+00:00,1.60190847478,279265.2097809255,824529500.0985069,303871.1305896266,897178390.3765953,14325344.393565448,42295526395.25468,-72648890.27808833,-24605.920808701136,216729931461.01068
2021-09-28 00:00:00+00:00,1.546767985208,230393.43749926734,648694543.4632753,267075.97088195174,751977690.344716,14288225.74293289,40229852793.62197,-103283146.88144064,-36682.5333826844,214060440094.3591
2021-09-29 00:00:00+00:00,1.561678609534,192002.34236981414,545914839.7251174,210982.1934975851,599879714.6247513,14268899.661193365,40570359587.544334,-53964874.899633884,-18979.851127770962,214113905796.22934
2021-09-30 00:00:00+00:00,1.627290762679,179677.7157205209,539307607.2876309,203512.94990682902,610849718.4871783,14244769.675531337,42756068103.757706,-71542111.19954741,-23835.23418630811,216925769901.07635
2021-10-01 00:00:00+00:00,1.743411228115,310359.63089738385,1024013530.0007478,281445.5176296874,928613096.9338424,14273642.263091674,47095051497.3034,95400433.06690538,28914.113267696463,222586991251.39594
2021-10-02 00:00:00+00:00,1.776157845772,158945.25166466707,539437459.4750637,158025.03096087807,536314361.9719337,14274623.34966916,48446030781.43225,3123097.503129959,920.2207037890039,224752497908.6479
2021-10-03 00:00:00+00:00,1.781771801348,158661.08062999594,542690550.4726942,172596.41912881742,590355525.9721677,14260753.793220025,48778038668.76597,-47664975.49947357,-13935.338498821482,225816521152.274
2021-10-04 00:00:00+00:00,1.766528630897,278152.404244849,943388180.9102114,245243.5986918083,831773908.5443242,14293531.540807867,48478274907.146255,111614272.36588728,32908.8055530407,225856567574.88336
2021-10-05 00:00:00+00:00,1.810087359864,332690.34145821386,1171207886.7185252,321620.98362933437,1132239159.423142,14304256.292562446,50356910603.59939,38968727.295383215,11069.357828879496,228797802705.301
2021-10-06 00:00:00+00:00,1.830698881297,358280.13314155483,1285664640.3960161,372062.1030978364,1335120331.0937495,14289864.313087538,51278236117.36483,-49455690.6977334,-13781.969956281595,230595490174.9879
2021-10-07 00:00:00+00:00,1.832393641608,356775.6753903395,1280577455.4859014,375020.27398410713,1346062922.2795863,14271123.87780794,51223445887.59547,-65485466.79368496,-18244.598593767616,230441786934.04324
2021-10-08 00:00:00+00:00,1.8186713366,244300.6783427381,869977705.4716946,234873.18316385022,836405507.9660951,14280218.08115446,50853200425.61991,33572197.5055995,9427.495178887883,230361749608.31934
2021-10-09 00:00:00+00:00,1.824364868832,106028.27166100615,379567644.8006672,129234.17170388173,462641797.4466295,14257004.584634893,51038252037.19094,-83074152.6459623,-23205.900042875583,230868197599.57867
2021-10-10 00:00:00+00:00,1.766602655161,167890.0126769484,576198811.5009676,163735.9504292134,561942062.7409828,14261129.293067418,48944220196.93685,14256748.75998485,4154.0622477349825,228582961736.16617
2021-10-11 00:00:00+00:00,1.788577535593,224701.26764462967,790851168.7584374,210085.6470001004,739410512.5039458,14275532.472490879,50243693143.61659,51440656.25449157,14615.620644529263,231544611496.71622
2021-10-12 00:00:00+00:00,1.776443786638,250689.46070248625,875222149.3544145,235258.54322273587,821348800.529568,14290808.818825133,49892932775.77787,53873348.824846506,15430.91747975038,231264074784.1432
2021-10-13 00:00:00+00:00,1.814004953626,244437.34871569677,879378736.6996541,248114.96439323522,892609190.4153914,14286864.017902894,51397891923.93744,-13230453.715737343,-3677.6156775384443,233382613416.02658
2021-10-14 00:00:00+00:00,1.867103576106,746323.4638848501,2825985318.7227902,776825.3655195648,2941482057.582028,14255949.734558318,53980755803.39484,-115496738.85923767,-30501.901634714683,238661779508.60388
2021-10-15 00:00:00+00:00,1.881656117442,441767.9194511751,1705980679.7319646,383247.00361213495,1479989729.765176,14314026.110837985,55276653009.58403,225990949.96678853,58520.91583904013,241523042107.49014
2021-10-16 00:00:00+00:00,1.869930868508,262115.99494690206,1005678274.8598536,246915.94812896548,947359220.8671812,14329149.4462042,54977622781.80264,58319053.99267244,15200.046817936585,241481859529.13565
2021-10-17 00:00:00+00:00,1.867878870812,173394.27435088862,665209396.0527065,294858.9712904062,1131196280.540899,14207644.713412378,54506175561.569466,-465986884.48819256,-121464.69693951757,241739912849.73923
2021-10-18 00:00:00+00:00,1.833175430359,255931.47704839235,958736221.3285186,269438.6353843573,1009334928.8156029,14193910.47432685,53171326368.18378,-50598707.48708427,-13507.158335964952,240528690870.86365
2021-10-19 00:00:00+00:00,1.875380499758,226829.53290832,878974451.9385918,260564.89801897825,1009700480.7713281,14160093.21001387,54870986194.29723,-130726028.83273625,-33735.365110658255,243227328430.65805
2021-10-20 00:00:00+00:00,1.951113217241,266718.18366653344,1107783733.1190195,295401.19573972013,1226915371.4450328,14131265.384045275,58692608451.49302,-119131638.32601333,-28683.012073186692,250594964212.99658
2021-10-21 00:00:00+00:00,1.909771178107,540351.7673006826,2196620406.048471,537144.833157198,2183583681.8130307,14134225.940373471,57457994963.94982,13036724.235440254,3206.93414348457,250594911574.36737
2021-10-22 00:00:00+00:00,1.88324178027,235120.27157731628,934730786.6550214,277524.9742847675,1103312512.3127093,14091622.199257432,56021852200.1233,-168581725.6576879,-42404.702707451244,248536888607.8302
2021-10-23 00:00:00+00:00,1.942270706127,201560.71007347683,838407805.4609685,180246.68770452266,749750434.1241311,14112858.879373986,58703559029.54964,88657371.33683741,21314.022368954174,252157785351.22293
2021-10-24 00:00:00+00:00,1.911652029393,118982.05802471582,485041493.1221549,150243.17594577346,612480365.5439767,14081482.056981917,57404479260.83565,-127438872.42182177,-31261.117921057637,251102446915.10117
2021-10-25 00:00:00+00:00,1.951297796569,216746.95339430554,913460655.4197681,225311.61779222733,949555667.7457016,14072570.183713038,59307588790.2788,-36095012.32593346,-8564.664397921792,254329816830.17734
2021-10-26 00:00:00+00:00,1.919209741951,305897.75407922856,1263551210.1295502,313477.3292139222,1294859649.65222,14064387.64699739,58094816957.99533,-31308439.522669792,-7579.575134693645,253449102831.06375
2021-10-27 00:00:00+00:00,1.854283442718,349289.1056937709,1378861332.9895062,448171.3056662168,1769210873.9296067,13964364.187817942,55126030284.05577,-390349540.94010043,-98882.1999724459,250700351316.6016
2021-10-28 00:00:00+00:00,1.959657310712,299907.00879277196,1283233192.5541954,326053.35767512984,1395107412.7833312,13936771.315996816,59632242746.55682,-111874220.22913575,-26146.34888235788,257114311359.1832
2021-10-29 00:00:00+00:00,1.987702988744,392268.5080586195,1731154210.0046718,438262.095061892,1934132502.011821,13889533.930750012,61297108091.14305,-202978292.00714922,-45993.58700327249,261447524633.5111
2021-10-30 00:00:00+00:00,1.951344334132,160051.72695475808,690038025.5218521,196362.0071549806,846584128.0365046,13852136.571900744,59721323544.57715,-156546102.5146525,-36310.28020022251,260173772697.87967
2021-10-31 00:00:00+00:00,1.943604236179,235895.09106815714,1012925384.320461,259712.67015969957,1115197247.4001088,13827535.960248927,59374962460.29686,-102271863.07964778,-23817.57909154243,260159894080.92975
2021-11-01 00:00:00+00:00,1.950876792321,209679.82363243913,907030477.5950512,265302.4721837658,1147642266.5912638,13771070.000474092,59570730188.235794,-240611788.9962126,-55622.64855132665,261111907253.4937
2021-11-02 00:00:00+00:00,2.026742186582,351200.045242034,1610736689.2313287,387154.98385422863,1775639682.7426476,13734031.34966905,62989479886.654366,-164902993.51131892,-35954.938612194615,266476622968.78098
2021-11-03 00:00:00+00:00,2.016294263198,413607.2889898372,1902118761.3670251,555170.388382902,2553146522.339172,13591609.83349094,62505803813.57568,-651027760.9721467,-141563.0993930648,268586361277.07132
2021-11-04 00:00:00+00:00,1.967604829639,281946.3809908287,1278796525.5172882,332630.95635769365,1508681579.01111,13540224.869867256,61413068887.27989,-229885053.49382186,-50684.57536686497,271451138183.73627
2021-11-05 00:00:00+00:00,1.942614216049,296338.5343855711,1326677188.5814683,333861.79630547075,1494664979.0776155,13502033.187371217,60447216108.07668,-167987790.49614716,-37523.26191989967,271390757341.39304
2021-11-06 00:00:00+00:00,1.95270399737,220871.21483290524,996491973.6147399,239618.472305785,1081072898.3547366,13482894.584529158,60830001069.814926,-84580924.73999667,-18747.257472879748,272093885469.0176
2021-11-07 00:00:00+00:00,1.97956808675,125541.55348121417,578657564.0698858,132795.4171355078,612092733.1903375,13475312.010092506,62111635602.85739,-33435169.12045169,-7253.863654293629,274224203995.932
2021-11-08 00:00:00+00:00,2.028920798707,376924.4704076926,1813442601.8223054,320877.6358250875,1543792511.3958352,13530786.393406134,65098730404.58211,269650090.4264703,56046.83458260511,279279730377.40155
2021-11-09 00:00:00+00:00,1.995438571026,313272.2848037667,1483562539.9574864,306194.9236285864,1450046303.665393,13536971.38243488,64106991335.14739,33516236.292093277,7077.361175180296,279509470641.5443
2021-11-10 00:00:00+00:00,1.955752465715,287852.07619963057,1329863675.710821,308631.9729777629,1425865866.4023118,13515294.903771847,62440056004.94891,-96002190.69149089,-20779.89677813236,278210506333.5933
2021-11-11 00:00:00+00:00,1.981310004078,273436.016658032,1292736120.4685032,236621.56692325993,1118686741.3523962,13551378.551357916,64067480025.469894,174049379.116107,36814.44973477209,281029933606.09686
2021-11-12 00:00:00+00:00,1.954091360456,321974.5476753979,1501290428.2507598,313154.9870870735,1460166923.3395028,13559474.260781223,63224590473.984406,41123504.91125703,8819.560588324384,281030635902.28125
2021-11-13 00:00:00+00:00,1.946677293696,121574.71220761402,564707546.0596834,261603.6228112726,1215133782.3099096,13418905.19461527,62330042865.47795,-650426236.2502261,-140028.9106036586,281029335159.4027
2021-11-14 00:00:00+00:00,1.934204595962,160680.68245410908,740660267.7562163,258071.07200704733,1189582881.8592708,13321165.341286674,61404132331.34051,-448922614.1030545,-97390.38955293826,280694817669.2121
2021-11-15 00:00:00+00:00,1.868738721491,330362.12639724265,1509559267.1825354,279944.2233049844,1279179309.0595129,13370889.185881441,61097044934.10278,230379958.12302256,50417.90309225826,288002353259.3616
2021-11-16 00:00:00+00:00,1.768315703555,418415.5006060051,1771626236.531491,398916.1785863602,1689063543.6232557,13389718.437573424,56693828143.120346,82562692.90823531,19499.322019644896,282030032554.3001
2021-11-17 00:00:00+00:00,1.778636224357,275823.0333258808,1176550456.663299,302091.03573783353,1288599221.6295702,13362965.733543517,57001053344.23282,-112048764.96627116,-26268.002411952708,282483592613.3877
2021-11-18 00:00:00+00:00,1.693203317446,393683.5304900559,1569094358.6147156,359517.1789250794,1432918406.7573495,13396478.100705238,53393999456.76194,136175951.85736609,34166.3515649765,277267755429.6259
2021-11-19 00:00:00+00:00,1.789597965162,245849.13638805418,1055009043.1628988,316431.3721339894,1357897627.9781008,13325485.036960905,57183472047.40782,-302888584.815202,-70582.23574593524,282456571588.7256
2021-11-20 00:00:00+00:00,1.831302221194,144210.11435247693,636420037.0518316,236925.4090357651,1045586006.7381754,13232509.488072831,58396973170.02633,-409165969.6863438,-92715.29468328817,283874610640.90295
2021-11-21 00:00:00+00:00,1.797289585475,201387.27204636912,867995340.8361293,297243.19852547173,1281142094.0044942,13136412.539371025,56618994654.488304,-413146753.1683649,-95855.9264791026,282503743619.3434
2021-11-22 00:00:00+00:00,1.73200976871,306578.77822962817,1255983477.453141,290553.47881997173,1190331473.1102555,13151867.289761141,53880206937.29819,65652004.342885494,16025.299409656436,278646111334.6024
2021-11-23 00:00:00+00:00,1.808670408966,256582.860897383,1115662364.592818,304122.22811750154,1322370960.243155,13103776.892619232,56977269105.13769,-206708595.65033698,-47539.367220118525,283215127414.74835
2021-11-24 00:00:00+00:00,1.777487940957,271659.14446512994,1157802883.1580873,299673.32040962565,1277198435.7786193,13075087.876815101,55725620689.58822,-119395552.62053204,-28014.175944495713,282478456718.0781
2021-11-25 00:00:00+00:00,1.853777362103,193212.68351412352,874488904.3011739,214463.77034582724,970672236.061106,13053289.182852287,59079747495.99939,-96183331.75993204,-21251.086831703724,287644471404.9826
2021-11-26 00:00:00+00:00,1.711715987592,358483.7151891785,1452579085.5716267,364032.84802275273,1475064219.3603542,13047231.3683093,52867493298.03943,-22485133.788727522,-5549.132833574258,278901192698.52954
2021-11-27 00:00:00+00:00,1.723162992298,186449.0257130653,762002867.797732,168555.46888568587,688873273.4465754,13064804.317164348,53394853198.194016,73129594.35115659,17893.55682737942,279446761646.094
2021-11-28 00:00:00+00:00,1.787466846724,121465.99036062857,521220181.2511258,124237.31298709028,533112146.05033535,13061702.956021784,56048801495.57288,-11891964.799209535,-2771.3226264617115,282861258040.49554
2021-11-29 00:00:00+00:00,1.831472465733,227145.92555863195,1010438204.5901734,256472.41572850622,1140894456.4525042,13031927.80189467,57971357831.36133,-130456251.8623308,-29326.490169874276,286195353809.259
2021-11-30 00:00:00+00:00,1.883418438785,409167.44570027635,1900604727.7489378,493700.587573015,2293265705.0166373,12946847.665556272,60138801708.64466,-392660977.2676995,-84533.14187273866,290608854054.5283
2021-12-01 00:00:00+00:00,1.860987055502,429375.0654622861,1968484780.0973032,414796.927330755,1901650803.5989735,12960868.796836646,59419549516.556465,66833976.49832964,14578.13813153113,290284889471.4651
2021-12-02 00:00:00+00:00,1.84003994661,288649.7228087544,1306874539.0739841,288161.84256025066,1304665639.4128919,12960940.969718063,58681240331.513985,2208899.6610922813,487.8802485037595,289950499645.6268
2021-12-03 00:00:00+00:00,1.750475716548,400462.60425036185,1695131433.1826565,373644.3992987278,1581611764.3982308,12987362.776840897,54974638439.41305,113519668.78442574,26818.20495163405,284964955218.77966
2021-12-04 00:00:00+00:00,1.707218025978,625460.6549337881,2562988442.2241874,639076.437879832,2618782670.122084,12972962.624900535,53160103687.971,-55794227.89789677,-13615.78294604388,282859112111.4867
2021-12-05 00:00:00+00:00,1.73639432611,391891.49390839617,1642252928.072377,408044.33769525023,1709942723.3805072,12956608.653223678,54295714067.26724,-67689795.30813026,-16152.843786854064,284419000498.85034
2021-12-06 00:00:00+00:00,1.781685708149,525873.2048255698,2283310439.898085,524876.8840088277,2278984473.6737566,12957288.085316615,56259780659.073326,4325966.224328518,996.3208167420235,287212918295.91846
2021-12-07 00:00:00+00:00,1.76866413894,317473.3355397146,1366329884.3955536,361872.3083711821,1557412525.4399428,12912663.639692733,55573039506.031136,-191082641.04438925,-44398.972831467516,286798237133.9612
2021-12-08 00:00:00+00:00,1.799194053342,218987.34417587167,969525435.5208744,260729.80221828455,1154332347.379579,12870813.42122799,56983114867.59831,-184806911.8587047,-41742.45804241288,290043151744.70233
2021-12-09 00:00:00+00:00,1.71668440196,286017.07891727984,1189055221.3693383,303868.36952004454,1263268168.3015656,12852811.81982696,53432833666.771225,-74212946.93222737,-17851.290602764697,285460621748.9952
2021-12-10 00:00:00+00:00,1.64740121178,370510.81845765305,1456705189.575365,361361.3187282854,1420732896.5306706,12861750.87531861,50567428300.99977,35972293.04469442,9149.499729367672,281334380565.7222
2021-12-11 00:00:00+00:00,1.69604115508,191700.16831298248,782057128.2340832,163841.34235904214,668404680.1781144,12889503.592349675,52583825316.92966,113652448.05596876,27858.825953940337,283570215101.16284
2021-12-12 00:00:00+00:00,1.716962788676,106214.95775789778,439834832.6258151,110230.78266612624,456464314.13812035,12885436.515139617,53358433996.32277,-16629481.51230526,-4015.82490822846,284353142585.1983
2021-12-13 00:00:00+00:00,1.605685631058,446766.2204948408,1692387228.4662592,382221.1519509388,1447885194.3975477,12949791.841608712,49054877738.4306,244502034.06871152,64545.068543902016,278164296320.1298
2021-12-14 00:00:00+00:00,1.625998727508,461532.75523650635,1777253399.4429924,282209.0819999533,1086720378.2342317,13129048.295880087,50556857450.663704,690533021.2087607,179323.67323655303,279253276827.48303
2021-12-15 00:00:00+00:00,1.677562357963,339728.4772317212,1364228047.7963862,274826.44734039064,1103604710.4236977,13193823.214303736,52981674757.70142,260623337.37268853,64902.029891330574,282275428386.3038
2021-12-16 00:00:00+00:00,1.662774495006,265064.92213220993,1053222505.162808,253262.4717783513,1006326045.8774465,13205362.673235103,52470862777.34985,46896459.28536141,11802.450353858643,281806262412.39124
2021-12-17 00:00:00+00:00,1.636133142247,281779.04733995104,1094832786.8963368,287910.5598989565,1118656350.2387416,13199072.567854933,51284073604.229095,-23823563.342404842,-6131.512559005467,280067061727.4064
2021-12-18 00:00:00+00:00,1.662838338867,180509.16847606187,715876119.959008,153595.11295163134,609138441.1815128,13225980.77118714,52452536771.756905,106737678.77749515,26914.05552443053,281295705310.60803
2021-12-19 00:00:00+00:00,1.653638954242,121156.09286469272,477060095.28107625,118733.22358256085,467519887.9067902,13228431.788212722,52087821421.84001,9540207.374286056,2422.869282131869,280865320710.1742
2021-12-20 00:00:00+00:00,1.653317621251,177110.9546896804,697759472.2160618,203876.03215320795,803205159.3983983,13201642.557513136,52010171586.81823,-105445687.18233645,-26765.07746352756,281091797353.3564
2021-12-21 00:00:00+00:00,1.680788984903,218750.32814996826,881344608.1507399,210869.34116796096,849592128.315663,13209515.862267103,53221111391.93037,31752479.83507693,7880.986982007307,282787411877.2218
2021-12-22 00:00:00+00:00,1.665799270318,192810.9659704652,768296321.7389455,205047.15116007428,817054005.3384005,13197187.226274127,52587000704.09769,-48757683.599455,-12236.185189609096,282214529468.3578
2021-12-23 00:00:00+00:00,1.702065593197,294841.08284157654,1209393766.1545548,272216.73675299,1116592102.0880797,13219650.305801576,54225016800.559296,92801664.06647515,22624.34608858655,284339056872.73615
2021-12-24 00:00:00+00:00,1.682991624945,224629.58708557658,908663632.1159459,187221.8487102733,757343176.683703,13256950.248041308,53626544568.13131,151320455.432243,37407.73837530328,283608192194.9517
2021-12-25 00:00:00+00:00,1.695293031797,277097.5546550398,1136078144.8391163,305148.2831229747,1251083921.7717552,13228916.969783328,54237517425.84641,-115005776.93263888,-28050.72846793488,285381769541.76935
2021-12-26 00:00:00+00:00,1.685400949064,100595.4976460044,409459091.3546997,117784.69554100481,479425178.4649864,13211724.789182058,53776371249.17305,-69966087.11028671,-17189.197895000412,285010205803.43475
2021-12-27 00:00:00+00:00,1.675074536921,273238.2513036619,1105081635.1843808,268992.9900561717,1087912149.5110602,13215823.955034427,53449926124.39042,17169485.67332053,4245.261247490183,284956785100.10803
2021-12-28 00:00:00+00:00,1.603086957922,354236.9312102525,1348264809.6837683,295027.89503884525,1122908691.0756266,13274789.305730972,50525311451.11015,225356118.60814166,59209.036171407264,280223749445.14386
2021-12-29 00:00:00+00:00,1.55070799753,232758.10320939723,846928386.2497348,267061.368540152,971746421.5794694,13240128.683361284,48176371369.76494,-124818035.32973468,-34303.265330754744,276952673773.00476
2021-12-30 00:00:00+00:00,1.567299184349,904515.9569499148,3353978938.640058,730308.508124197,2708011214.327123,13414022.354753815,49739695706.42128,645967724.3129349,174207.4488257178,279257029228.619
2021-12-31 00:00:00+00:00,1.56431522976,204085.80603684013,752454528.2640059,234942.78771283,866222732.1461848,13382950.7341049,49342294189.697624,-113768203.8821789,-30856.981675989868,278213552302.44794
2022-01-01 00:00:00+00:00,1.589122424097,119353.79067686586,448896725.02785677,151794.00267081585,570906297.0800675,13350469.675523696,50211912675.245346,-122009572.05221075,-32440.211993949997,279393199409.5382
2022-01-02 00:00:00+00:00,1.611689295707,96461.68450045517,369676442.35037476,137346.87142022053,526363426.65508705,13309445.521698894,51006661303.893745,-156686984.3047123,-40885.18691976536,280717366281.5095
2022-01-03 00:00:00+00:00,1.589667892724,157677.28553522617,593724413.154481,170502.1985577794,642015858.1284722,13296430.535016913,50066916040.91937,-48291444.973991156,-12824.913022553228,279648520393.4313
2022-01-04 00:00:00+00:00,1.60131135617,184233.48650937385,699468309.1126391,228367.63356071114,867029797.5099005,13251901.434290318,50312705167.737144,-167561488.39726138,-44134.14705133729,279922439011.0612
2022-01-05 00:00:00+00:00,1.520192827414,223520.29489316067,792548931.5475644,238541.16990711293,845809323.1773611,13236393.401092948,46933051213.956856,-53260391.62979674,-15020.87501395226,275378786833.4136
2022-01-06 00:00:00+00:00,1.479652709139,318079.1497089324,1085679682.591203,324234.4668480559,1106689241.8910408,13229786.195671007,45156402394.84149,-21009559.299837828,-6155.317139123508,272355375109.06592
2022-01-07 00:00:00+00:00,1.412036013464,367349.20622003503,1171890552.165521,347721.22472116066,1109274802.1185944,13248956.633406967,42265851788.55773,62615750.0469265,19627.981498874375,266744901456.54874
2022-01-08 00:00:00+00:00,1.378343882824,198100.00078592973,612699533.7305242,192547.23367722463,595525491.3028603,13254265.058750497,40993851535.6836,17174042.427663922,5552.7671087050985,264944635028.79977
2022-01-09 00:00:00+00:00,1.401598790128,130118.06575715671,410501698.84009093,138813.9640148937,437935867.8539758,13245147.160182694,41786322129.85343,-27434169.013884842,-8695.898257736975,265770311374.85712
2022-01-10 00:00:00+00:00,1.377075550056,299825.1309172846,923421159.4555094,268836.77725762984,827981189.5688287,13269303.310127877,40867673134.396126,95439969.88668072,30988.353659654735,264064402201.4212
2022-01-11 00:00:00+00:00,1.435530346022,230346.27261585204,746772081.0125719,217616.8251035869,705503794.354738,13281517.141942019,43058071148.53062,41268286.657833934,12729.44751226515,266638489430.04898
2022-01-12 00:00:00+00:00,1.481299097411,262809.7686526315,886417352.6604587,297784.2681439786,1004381016.6775345,13252460.508852672,44698532405.0923,-117963664.01707578,-34974.49949134712,268828239157.0226
2022-01-13 00:00:00+00:00,1.440390613729,474320.86746765825,1542999712.3088198,252361.2230018083,820949111.0281861,13473909.97315532,43831592995.79242,722050601.2806337,221959.64446584994,266644573723.48
2022-01-14 00:00:00+00:00,1.462013120562,195498.64101792916,646849428.0406593,231179.14583177574,764906075.4468272,13437753.622474719,44461706739.188576,-118056647.40616786,-35680.50481384658,267189166139.25766
2022-01-15 00:00:00+00:00,1.470791997292,133740.0733230999,445949148.3229518,132909.2073704848,443178670.0756123,13438325.10804498,44809379028.39108,2770478.247339487,830.8659526151023,267666440280.15802
2022-01-16 00:00:00+00:00,1.477549869623,116196.15495418354,389992931.2138062,125004.17361007967,419555570.48662275,13429271.003832176,45073098717.54513,-29562639.27281654,-8808.018655896129,268197342323.48672
2022-01-17 00:00:00+00:00,1.429403086454,236351.77219290644,758953977.1797297,244318.82921169576,784537155.8236904,13421052.648678316,43096614809.1301,-25583178.643960714,-7967.057018789317,265242170773.18445
2022-01-18 00:00:00+00:00,1.413496866313,188880.5387773869,597957392.1843663,180449.74634911085,571267217.076378,13429302.791217823,42514442874.155045,26690175.107988358,8430.792428276036,264450151347.09027
2022-01-19 00:00:00+00:00,1.409070858808,261981.87339515894,813563617.7519503,376675.55714556976,1169735619.562693,13314321.028712144,41346552124.58711,-356172001.81074286,-114693.68375041083,260229424318.1381
2022-01-20 00:00:00+00:00,1.37672254684,203496.63820356142,612906567.1845751,220737.91682952244,664835154.2600032,13296749.716145517,40048156545.38215,-51928587.07542813,-17241.278625961015,258325424608.69104
2022-01-21 00:00:00+00:00,1.213208819024,610877.0670119607,1566933671.2483318,509839.40684970346,1307766450.3428411,13397170.21875932,34364487142.89079,259167220.90549064,101037.6601622572,249650007114.57684
2022-01-22 00:00:00+00:00,1.155968086506,469801.4684684934,1127912872.4973102,469218.3728168042,1126512959.6924791,13397286.168742798,32164589811.767624,1399912.804831028,583.0956516891601,245237655419.0796
2022-01-23 00:00:00+00:00,1.211801860401,237004.16466389937,600448637.8776295,230718.39525084352,584523678.5528234,13403328.999377113,33957254093.466133,15924959.324806094,6285.769413055852,246872596428.11136
2022-01-24 00:00:00+00:00,1.179112079351,422668.17605524743,1030939682.5534732,472333.8399020851,1152080347.0764954,13353335.443089785,32570428015.686695,-121140664.52302217,-49665.66384683765,244271361779.94907
2022-01-25 00:00:00+00:00,1.190141405183,315268.23948433355,775049765.1568266,360948.01644622604,887348106.6092973,13307363.404047793,32714582661.52532,-112298341.45247066,-45679.776961892494,243923682353.38107
2022-01-26 00:00:00+00:00,1.197375929314,346629.56057052343,855172482.9103624,384605.62548714067,948863527.8185223,13269033.099633627,32736134687.86891,-93691044.90815997,-37976.06491661724,243314770970.53745
2022-01-27 00:00:00+00:00,1.178841515893,389102.0514268429,938757130.7883531,336299.29325977655,811363904.3253818,13321498.593254078,32139773489.617622,127393226.46297133,52802.75816706638,241684170086.022
2022-01-28 00:00:00+00:00,1.233770215634,277136.9492419431,705465932.635463,316357.8610475623,805304720.6478442,13281959.4933917,33809890622.170155,-99838788.0123812,-39220.91180561925,243651635182.6849
2022-01-29 00:00:00+00:00,1.253308852252,207846.61009747148,538987265.5922015,182501.7718910626,473263099.89451295,13307123.091702268,34507995510.4002,65724165.69768852,25344.838206408866,244352045377.06866
2022-01-30 00:00:00+00:00,1.261024258313,374602.4447185703,977920397.0589314,167367.5598377332,436922270.2063875,13514323.974643737,35279890063.70593,540998126.8525438,207234.88488083708,244492632553.23477
2022-01-31 00:00:00+00:00,1.291356549369,262661.6820499704,705579626.4910542,271119.5627214942,728299759.2433616,13505654.920197533,36279806326.288315,-22720132.752307415,-8457.880671523802,245682351302.13724
2022-02-01 00:00:00+00:00,1.332830973677,249624.86724764796,697845825.2817619,281913.5515388753,788111365.6700909,13473019.382870955,37664878639.47115,-90265540.38832903,-32288.68429122737,247725842648.94717
2022-02-02 00:00:00+00:00,1.291181518663,217034.12552526713,583094381.8511893,212563.6560168704,571083802.1864733,13477183.93525197,36208454393.06567,12010579.664716005,4470.4695083967235,245755761689.91534
2022-02-03 00:00:00+00:00,1.286310378165,313198.11956274405,836443616.4038863,288201.81761614187,769687158.1399314,13501997.350361278,36059154851.1816,66756458.26395488,24996.30194660218,245225861975.66266
2022-02-04 00:00:00+00:00,1.401955939056,280475.0178990692,832991782.2493844,255362.41237066465,758409046.8859122,13526948.36019272,40174119275.77496,74582735.36347222,25112.60552840453,250222415869.5899
2022-02-05 00:00:00+00:00,1.418887795014,155213.93735050765,468375116.5159719,157050.27894255499,473916479.1140742,13525028.688694812,40813260690.912926,-5541362.598102272,-1836.3415920473344,251222124906.60007
2022-02-06 00:00:00+00:00,1.438813946666,111876.92883719117,341154395.6236291,101813.63884089018,310467678.95776993,13535053.77369897,41273416582.78151,30686716.665859163,10063.289996300984,250368150138.42444
2022-02-07 00:00:00+00:00,1.470835205318,283920.36886268074,893035654.2783173,328272.8547484329,1032540795.844998,13490452.239563294,42432513350.58527,-139505141.56668067,-44352.48588575213,252637630141.8305
2022-02-08 00:00:00+00:00,1.462785747692,286022.5701702111,894287993.2626103,259521.5405753639,811428963.775303,13516822.16274237,42262160500.17648,82859029.48730731,26501.029594847176,252528840548.60822
2022-02-09 00:00:00+00:00,1.502737686947,293952.7611090667,952913708.9569125,259268.11549089185,840475662.1933106,13551402.417469073,43929905915.75642,112438046.7636019,34684.645618174865,254877521131.00092
2022-02-10 00:00:00+00:00,1.442298413983,282660.0265338475,870752720.8480039,534662.4309200281,1647062629.151326,13299278.152212301,40969297209.65185,-776309908.3033221,-252002.40438618063,252370338225.9645
2022-02-11 00:00:00+00:00,1.383227223722,398418.4071646263,1165007482.5404341,386598.76498252625,1130445897.6952655,13311022.081694702,38922499680.16062,34561584.84516859,11819.64218210004,249798281495.13135
2022-02-12 00:00:00+00:00,1.378988008119,146520.7094518742,426497781.50841963,125172.02851815437,364355268.7508407,13332445.564507525,38808564854.8673,62142512.75757891,21348.68093371982,249450178921.7753
2022-02-13 00:00:00+00:00,1.367889326927,160711.21947352352,462960251.5809543,127028.34960137763,365930125.3641209,13366150.75368974,38503824038.34979,97030126.21683341,33682.86987214589,248891060311.68228
2022-02-14 00:00:00+00:00,1.390062322665,133557.06529392506,392163378.4832156,140216.78843096583,411718311.94508123,13359535.959312337,39227582196.733376,-19554933.461865664,-6659.723137040768,249668297345.3192
2022-02-15 00:00:00+00:00,1.478548849201,395561.95434625365,1256011345.1106067,195132.50426406795,619596087.1934003,13559915.96151231,43056234552.571465,636415257.9172064,200429.4500821857,253848327554.73093
2022-02-16 00:00:00+00:00,1.464002052393,162282.06240661733,509651114.0007453,144307.0077487996,453199978.892374,13577834.748999119,42641549552.20274,56451135.10837132,17975.05465781773,253582919981.2315
2022-02-17 00:00:00+00:00,1.36914742187,220633.86232931764,637186908.299956,216252.80300408878,624534482.1626,13582208.429561222,39225191028.02165,12652426.137355924,4381.059325228853,249363830839.32867
2022-02-18 00:00:00+00:00,1.332168476152,188212.11456057365,524117718.67551404,199725.12462417816,556178208.4251397,13570583.183037553,37790251257.7151,-32060489.749625623,-11513.01006360451,247134451148.0956
2022-02-19 00:00:00+00:00,1.322373464762,94181.29913117614,259713902.6963653,129631.97437911434,357472516.2087981,13535225.358860297,37324673095.96476,-97758613.51243281,-35450.6752479382,246558665381.4741
2022-02-20 00:00:00+00:00,1.275111260418,199007.22599671007,524660450.09328914,144299.38069564512,380429291.67412055,13590002.473642347,35828532249.919304,144231158.4191686,54707.845301064954,244477347397.73828
2022-02-21 00:00:00+00:00,1.254100616413,185800.36078975658,479155379.5764832,184362.3622881935,475446965.26061136,13591388.772845183,35050454255.001755,3708414.3158718348,1437.9985015630955,243163679204.7
2022-02-22 00:00:00+00:00,1.278285210072,234577.6302557227,618400407.6366515,167249.34658203673,440907617.6212755,13658705.124560002,36007477812.81957,177492790.01537603,67328.28367368598,243883478671.57907
2022-02-23 00:00:00+00:00,1.262266339711,198600.41719395894,514731002.4847625,187080.51806163497,484873818.3323577,13670192.16381856,35430296753.957214,29857184.152404785,11519.899132323975,242830734728.66547
2022-02-24 00:00:00+00:00,1.265169507035,647321.0479325736,1679184305.4299874,495605.3760612342,1285625999.3811238,13821853.168764614,35854602576.378494,393558306.04886365,151715.67187133938,242499150839.6998
2022-02-25 00:00:00+00:00,1.341227340837,255039.4836412695,711200574.0337247,212334.56011282402,592114047.9246274,13864601.487626014,38662690168.46796,119086526.10909724,42704.92352844548,245922152427.62973
2022-02-26 00:00:00+00:00,1.337026183721,171292.14340385987,475795478.9454978,171225.05686694922,475609133.73242563,13864773.502299823,38511962182.901505,186345.21307218075,67.08653691064683,245752574306.39102
2022-02-27 00:00:00+00:00,1.272402217382,165605.38491798218,432972317.7160208,197290.83431542042,515813358.6053432,13833192.964277145,36166635656.94036,-82841040.8893224,-31685.449397438235,243084264848.16415
2022-02-28 00:00:00+00:00,1.390719067242,216699.10508960419,631561971.3731847,247181.34156982528,720401384.6940273,13802805.036756773,40227793076.89919,-88839413.32084262,-30482.236480221094,247939396558.2275
2022-03-01 00:00:00+00:00,1.412022417142,283967.5820974248,843251583.1203535,290966.5241604672,864035184.3019958,13795799.814544199,40967105991.81938,-20783601.181642294,-6998.942063042428,248833050017.75583
2022-03-02 00:00:00+00:00,1.402737244511,174579.59808814508,515822806.6521111,229318.61471011434,677557817.4811807,13741123.074938552,40600303521.65305,-161735010.82906955,-54739.01662196926,249246039107.52423
2022-03-03 00:00:00+00:00,1.355368949599,162281.1965302753,460384278.5718123,178572.13228657615,506600912.82016194,13733051.707883228,38960035039.818596,-46216634.24834967,-16290.935756300838,247702719392.63913
2022-03-04 00:00:00+00:00,1.270828626008,257329.87395032987,673643934.9269208,251221.179811622,657652457.9417865,13739254.09047991,35966928543.470085,15991476.985134244,6108.694138707884,243797191198.50317
2022-03-05 00:00:00+00:00,1.28975951285,111843.40449762906,297826239.75500786,109583.98128569522,291809653.24060416,13741681.995571824,36592533060.248604,6016586.514403701,2259.4232119338412,244377934364.2762
2022-03-06 00:00:00+00:00,1.246965003296,87856.71055490826,224729045.75840268,151334.8600760438,387100068.73767173,13678344.331728239,34987893921.92209,-162371022.97926906,-63478.14952113555,242821357078.7843
2022-03-07 00:00:00+00:00,1.232559429695,202804.34110373585,507213793.23182094,211858.59902719155,529858498.37600803,13669421.656473557,34187232738.3698,-22644705.144187093,-9054.257923455705,240217611951.73456
2022-03-08 00:00:00+00:00,1.266305806957,182149.6648685095,469539005.9485973,173644.06666616467,447613573.7617735,13678072.42076143,35258854483.06177,21925432.186823785,8505.598202344845,241016059127.31937
2022-03-09 00:00:00+00:00,1.325527666652,213995.26858615968,583558950.6673821,191935.73909420636,523403247.37734663,13700248.758446077,37360184840.45106,60155703.290035486,22059.52949195332,243599242697.61377
2022-03-10 00:00:00+00:00,1.279679331463,259382.3771739822,677354098.6971565,190831.67840713964,498340021.93461055,13768997.881011618,35956518138.46972,179014076.762546,68550.69876684257,241658871105.06317
2022-03-11 00:00:00+00:00,1.260615966218,129956.7202089922,333027997.63859755,156940.8359055648,402177680.73329306,13742152.60883887,35215736125.11784,-69149683.09469551,-26984.115696572597,240754074930.35495
2022-03-12 00:00:00+00:00,1.267424072737,53014.51645061266,136681079.08515972,64693.92686663001,166792726.33986664,13730683.954799134,35400204041.61482,-30111647.25470692,-11679.410416017352,240942822637.69324
2022-03-13 00:00:00+00:00,1.242376864768,95634.85335002854,240664338.7932015,86408.45678384097,217446186.08773983,13740075.105228495,34576788423.21095,23218152.70546168,9226.39656618757,239943851791.21912
2022-03-14 00:00:00+00:00,1.27361050887,145644.51466337283,377128646.2922484,138862.5946173674,359567694.3255795,13747016.112308184,35596215820.24676,17560951.966668904,6781.920046005427,240863447258.3979
2022-03-15 00:00:00+00:00,1.282177866747,570558.3981461297,1495568794.718975,521941.4368243409,1368132215.9512668,13795789.939850032,36162035296.61012,127436578.7677083,48616.96132178878,242221466101.3599
2022-03-16 00:00:00+00:00,1.340381738649,202845.24384164522,561661345.2871544,216554.05502602964,599619885.4347354,13782194.60562934,38161732642.10341,-37958540.14758098,-13708.811184384424,244780543491.19736
2022-03-17 00:00:00+00:00,1.358742501927,247376.8005982583,696630664.88855,263718.4256276537,742649843.2514998,13765847.126609206,38765604589.323105,-46019178.36294973,-16341.625029395422,245604581440.72437
2022-03-18 00:00:00+00:00,1.409488592457,275644.1064298746,812021762.0797396,363117.0197812935,1069708785.2265158,13678473.8799792,40295504977.2056,-257687023.1467762,-87472.91335141892,247698872530.41873
2022-03-19 00:00:00+00:00,1.408793623983,205043.1915144723,604637161.7018092,247025.99417376862,728437237.4454235,13636669.652799187,40212197113.366394,-123800075.74361432,-41982.802659296314,248092508501.88306
2022-03-20 00:00:00+00:00,1.373900505141,73583.90843652582,210583553.0879654,103863.79013235528,297238981.021525,13606612.188250698,38939610588.414276,-86655427.93355963,-30279.881695829463,246913135848.88153
2022-03-21 00:00:00+00:00,1.38827674523,265914.66729115025,770703824.191788,258839.34734037504,750197335.4035165,13613845.672307055,39457180111.52767,20506488.788271427,7075.319950775214,247497457454.58423
2022-03-22 00:00:00+00:00,1.417292341991,224027.76974884263,666848861.2571328,311100.81698141637,926033525.9901097,13526900.52182871,40264643170.94595,-259184664.7329769,-87073.04723257374,249005494722.71164
2022-03-23 00:00:00+00:00,1.428061321782,282489.3425971693,853436227.3517,240875.29487398555,727714897.2399585,13568661.586344665,40992652140.42082,125721330.11174142,41614.04772318373,250846063581.163
2022-03-24 00:00:00+00:00,1.45360527501,252309.6692742626,784701636.774776,417915.79054998595,1299748859.494267,13403150.528344598,41684784367.49142,-515047222.719491,-165606.12127572336,253715784934.74295
2022-03-25 00:00:00+00:00,1.450721224439,247292.1125384274,767707369.5718149,402648.26791016164,1250003647.2935352,13247855.140068678,41127377325.75338,-482296277.72172034,-155356.15537173423,253784004932.60828
2022-03-26 00:00:00+00:00,1.465402448634,78076.79518165352,245601547.9025535,80169.07813547325,252183118.40519372,13245939.665662568,41666967474.031265,-6581570.502640218,-2092.2829538197257,254600332753.19772
2022-03-27 00:00:00+00:00,1.513899807455,97031.55557884391,319111510.68444246,114826.69501075236,377635088.84497565,13228290.867759118,43504402845.0494,-58523578.16053319,-17795.13943190845,257678892027.03702
2022-03-28 00:00:00+00:00,1.525898716623,260470.89183541675,871660727.0057762,299252.7990481467,1001443618.2820839,13189537.885201437,44138529648.638725,-129782891.2763077,-38781.907212729944,260158446154.82095
2022-03-29 00:00:00+00:00,1.546866664183,275844.90880517504,937506395.6282898,525887.9011581745,1787320537.6704676,12939615.723364424,43977510950.52635,-849814142.0421778,-250042.99235299946,260658299277.57504
2022-03-30 00:00:00+00:00,1.53954083795,236794.4939738837,802508237.393345,261009.47712999047,884574011.4955926,12915478.149200972,43771193454.146255,-82065774.1022476,-24214.983156106755,261179493452.57413
2022-03-31 00:00:00+00:00,1.499892640456,190366.1035392551,624741101.0771457,241722.21221973418,793280937.1486657,12864182.79098724,42217514420.26959,-168539836.07151997,-51356.10868047908,259621187294.05994
2022-04-01 00:00:00+00:00,1.555460562468,243999.46877943634,840949009.3220087,291654.87112336623,1005194298.8320285,12816585.820854975,44172617271.889915,-164245289.51001978,-47655.40234392989,262932741756.52255
2022-04-02 00:00:00+00:00,1.555509447029,180717.0765264105,623829123.8653575,206851.79953310476,714045287.5456462,12790571.091396458,44152610871.376785,-90216163.68028867,-26134.723006694257,263361970975.2346
2022-04-03 00:00:00+00:00,1.579593229687,58486.60084842791,205962468.6932525,90177.1733692709,317561851.38965374,12758988.836077869,44931194505.87599,-111599382.69640124,-31690.572520842987,264595604557.94992
2022-04-04 00:00:00+00:00,1.573541064902,174091.75945905756,613744115.4397749,173688.37738004362,612322029.8796201,12759450.623027703,44982242470.63977,1422085.5601547956,403.38207901394344,265925594490.27097
2022-04-05 00:00:00+00:00,1.537445932156,113035.41272422591,387186401.7632633,150321.39331196065,514904117.0530825,12722146.339585975,43577865955.57987,-127717715.28981924,-37285.98058773474,264455006841.27893
2022-04-06 00:00:00+00:00,1.450429128906,245853.19377336197,782723641.3159231,269462.11764627165,857887451.7905159,12698584.75163925,40428527056.3724,-75163810.4745928,-23608.923872909683,260565771457.79358
2022-04-07 00:00:00+00:00,1.473331290978,186668.87333837524,604469063.7027072,184093.3592855491,596129062.8218803,12701194.849097023,41128867502.30894,8340000.880826831,2575.5140528261545,260925465594.97842
2022-04-08 00:00:00+00:00,1.454450649541,127698.01728997951,406815997.45839906,151257.20290604065,481870049.1900038,12677679.206257746,40388118948.155815,-75054051.73160475,-23559.185616061135,260055106283.92947
2022-04-09 00:00:00+00:00,1.481068243398,80059.781811771,260831813.71554995,181705.92798074585,591991205.6407416,12576226.133935971,40972880489.77828,-331159391.92519164,-101646.14616897485,261194588469.3731
2022-04-10 00:00:00+00:00,1.466266688902,81833.67432926022,263351547.71845472,83465.11882243295,268601751.08296585,12574746.092641586,40467189977.80201,-5250203.364511132,-1631.444493172734,260631525832.94818
2022-04-11 00:00:00+00:00,1.379653088654,421663.3209681261,1258790954.6329422,431554.15746226255,1288318055.7428665,12564954.90662156,37510143271.441,-29527101.109924316,-9890.836494136427,256976593231.22415
2022-04-12 00:00:00+00:00,1.396772483609,208054.69549530526,629980257.8696531,235456.03581292828,712950283.6033901,12537637.201564249,37963401395.55192,-82970025.73373699,-27401.34031762302,257477091810.13654
2022-04-13 00:00:00+00:00,1.431965676983,164629.5408092007,513403686.23840714,162521.5351128209,506829787.71561855,12539915.488041969,39106218756.57346,6573898.522788584,2108.0056963798124,258685516401.96487
2022-04-14 00:00:00+00:00,1.394282564751,191936.60538107602,579607671.6993394,132305.05492111066,399533088.9833427,12599654.513449842,38048273294.49456,180074582.71599668,59631.550459965365,257286838221.40366
2022-04-15 00:00:00+00:00,1.40339211099,254874.04717071023,774645640.9429408,174368.1087624086,529961747.2696016,12680288.503168013,38539546587.4911,244683893.67333925,80505.93840830162,257296384613.78696
2022-04-16 00:00:00+00:00,1.413216098187,47994.12759689987,147133457.5605438,91063.76265727011,279170117.86880255,12637395.850293647,38741901126.56777,-132036660.30825874,-43069.635060370245,257747504761.99976
2022-04-17 00:00:00+00:00,1.386045877059,91293.99702750293,273564916.4928055,67119.73445914008,201126088.79204154,12661833.71745519,37941525142.31483,72438827.70076394,24174.262568362858,256901541520.98755
2022-04-18 00:00:00+00:00,1.40942286941,120114.95316482274,367341449.0555786,212792.9988734993,650774000.2013819,12569280.553664928,38439991112.79339,-283432551.14580333,-92678.04570867657,257869642408.76578
2022-04-19 00:00:00+00:00,1.431254453635,209889.03090451565,651575460.8892769,215365.5391785517,668576627.588371,12563948.116221951,39003278299.66724,-17001166.699094176,-5476.508274036052,257790982288.3504
2022-04-20 00:00:00+00:00,1.416647317145,417878.77797076444,1286455252.6324024,434822.50940170605,1338617155.6713088,12547028.39605775,38626490350.66736,-52161903.038906336,-16943.73143094161,258299093853.5836
2022-04-21 00:00:00+00:00,1.382475150257,135098.98094594185,403176002.3011679,151934.32418671384,453417731.2739306,12530237.403537007,37393998007.017296,-50241728.972762704,-16835.343240771996,256601282092.89764
2022-04-22 00:00:00+00:00,1.37670509713,168224.89060839725,498607958.2753734,157475.67197068429,466747952.6684616,12541122.69175071,37171096127.33279,31860005.60691178,10749.21863771297,255940459103.13248
2022-04-23 00:00:00+00:00,1.367742385053,83621.20648556357,245964620.5403517,95139.05320326192,279843380.68296814,12529758.607456692,36855212342.30635,-33878760.14261645,-11517.846717698354,255685521643.4112
2022-04-24 00:00:00+00:00,1.361333643483,56282.18960943285,164578816.30969,74068.39495152654,216588744.1777462,12512146.792625234,36587672279.86843,-52009927.86805621,-17786.205342093694,255408891821.36502
2022-04-25 00:00:00+00:00,1.394370726492,350985.1854363044,1057242937.6853524,286923.82198934606,864276320.0242705,12576292.57683836,37882500632.03886,192966617.6610819,64061.36344695836,256886873421.9092
2022-04-26 00:00:00+00:00,1.3161138055,183571.57683790298,514254198.18403256,187064.52644792447,524039286.00612473,12572866.553262293,35221408017.49514,-9785087.822092175,-3492.949610021489,253134581682.6059
2022-04-27 00:00:00+00:00,1.350173851942,206329.65693846636,595641857.5069532,216001.60085324047,623563266.0169147,12563295.423860142,36268293825.10135,-27921408.509961486,-9671.943914774107,254298810945.75247
2022-04-28 00:00:00+00:00,1.36759580833,276443.75775893184,811113516.5425084,273128.7770068289,801387032.8739798,12566686.157392714,36871908713.15499,9726483.668528557,3314.9807521029143,255190966441.79736
2022-04-29 00:00:00+00:00,1.322752776082,430302.47983526794,1211571391.550513,451768.6879387297,1272012232.219571,12545313.264875328,35322925992.852585,-60440840.669058084,-21466.208103461773,253211040789.86758
2022-04-30 00:00:00+00:00,1.290301969578,93189.86048901935,254383386.59906042,118013.88676911566,322146336.7850311,12520543.170660967,34177733039.82753,-67762950.18597066,-24824.02628009631,251682892171.88525
2022-05-01 00:00:00+00:00,1.330960822352,149025.48443923207,421606711.1035684,178146.48170775766,503992672.99886763,12491599.165519487,35339875326.80212,-82385961.89529926,-29120.997268525593,252754761858.98563
2022-05-02 00:00:00+00:00,1.343938730086,374667.2363187755,1072120716.0227513,264525.9385363909,756948329.4475452,12601825.67454682,36060474617.78545,315172386.57520616,110141.29778238462,253202292918.89978
2022-05-03 00:00:00+00:00,1.311013566487,497183.4362915721,1382629186.3529458,531882.5252524175,1479124704.1742332,12567207.19533635,34948443956.260025,-96495517.8212874,-34699.08896084543,252269271981.4995
2022-05-04 00:00:00+00:00,1.371085550584,279469.5354551388,820736447.1497278,240812.93024198807,707211068.5432862,12605968.474149335,37020771374.9737,113525378.60644162,38656.6052131507,254756036541.40305
2022-05-05 00:00:00+00:00,1.298515135149,227499.90961232228,624859278.1933045,216993.33866555555,596001559.747302,12616574.234975906,34653127920.68152,28857718.446002483,10506.570946766733,251598894341.58566
2022-05-06 00:00:00+00:00,1.280782216899,266684.19927580195,719375674.7174513,230604.70916393708,622051920.2049378,12652785.241163168,34130653201.929916,97323754.51251352,36079.49011186487,250540115284.0631
2022-05-07 00:00:00+00:00,1.256016680483,124483.27008708376,328203986.3788049,108992.69686958313,287362611.64853126,12668402.293554664,33400633923.629925,40841374.730273664,15490.573217500627,249732317409.34552
2022-05-08 00:00:00+00:00,1.217235523061,163537.56665255758,412055268.31018233,152041.0084384303,383088117.35806954,12680091.962350795,31949226117.842144,28967150.952112794,11496.55821412729,246289784518.42758
2022-05-09 00:00:00+00:00,1.112805911974,490690.0178597467,1107953811.3500745,475730.6422119052,1074176280.4014404,12695054.12399105,28664804846.28831,33777530.94863415,14959.375647841487,241441434913.8301
2022-05-10 00:00:00+00:00,1.152923773082,408331.51035604434,956691082.3214661,386404.68412450614,905318120.4331368,12716987.202932747,29794977714.146114,51372961.88832927,21926.8262315382,241830044295.39236
2022-05-11 00:00:00+00:00,1.040108390432,653359.9593586922,1351328214.2851288,600125.346746949,1241224384.1248019,12769729.570479726,26411315248.51654,110103830.16032696,53234.612611743156,236641512645.21667
2022-05-12 00:00:00+00:00,1.000496031055,1142424.9919085319,2237386176.48444,1079637.652613458,2114420094.691751,12831680.1037731,25130248277.64883,122966081.79268885,62787.33929507388,232940518498.7394
2022-05-13 00:00:00+00:00,1.031216245577,676667.3720001372,1364196462.5255258,554189.2307846528,1117274187.421604,12954028.194244266,26115991651.567867,246922275.1039219,122478.14121548447,232663547361.47333
2022-05-14 00:00:00+00:00,1.048530170782,190124.99597963938,390344049.99713206,205793.64469083011,422513222.51647574,12938505.283467365,26563937725.46773,-32169172.519343674,-15668.648711190734,233048239803.75934
2022-05-15 00:00:00+00:00,1.087303710992,199787.21551690082,427337663.92783517,170128.9669836604,363899737.6741708,12968293.297074646,27738712651.681538,63437926.253664374,29658.248533240432,234162367665.0611
2022-05-16 00:00:00+00:00,1.035314317901,758640.5898531213,1534441223.7033188,785036.7229404338,1587830556.27696,12942077.551840145,26176897969.239525,-53389332.57364106,-26396.133087312453,232569447347.292
2022-05-17 00:00:00+00:00,1.07250012727,272280.60496527504,569850835.496878,283559.38971397886,593455986.9297464,12930930.303012775,27062895052.196198,-23605151.43286836,-11278.784748703823,232327492228.58487
2022-05-18 00:00:00+00:00,0.99746002707,312764.31523642165,600822729.0169573,313675.168157732,602572484.6996063,12930194.234455634,24839005628.86301,-1749755.6826490164,-910.8529213103466,229314905053.03568
2022-05-19 00:00:00+00:00,1.042300323307,363845.57296087913,733648120.803522,368158.9115388881,742345417.0668623,12940189.635749506,26092239440.631,-8697296.263340354,-4313.338578008988,230367273589.8377
2022-05-20 00:00:00+00:00,1.018530233783,247744.52809348333,486082377.2320213,292454.1125893465,573803955.924587,12895671.040443126,25301702861.32592,-87721578.69256574,-44709.58449586315,229413099491.00092
2022-05-21 00:00:00+00:00,1.02451734349,145209.09078717712,286609999.2654351,117567.95670610022,232052633.91229546,12923521.38291456,25508116840.237556,54557365.35313964,27641.134081076903,229461910257.01508
2022-05-22 00:00:00+00:00,1.057320760145,165609.82653526918,338599980.2962766,103700.68410755832,212022742.43099812,12985636.670118133,26549972381.621998,126577237.86527851,61909.14242771086,230341157449.97537
2022-05-23 00:00:00+00:00,1.025362904507,504187.81586308737,993562833.2663629,237915.36629777015,468840892.1817485,13252083.315421732,26114826719.905827,524721941.0846144,266272.44956531725,228953692830.73788
2022-05-24 00:00:00+00:00,1.036226034234,227739.27906000093,450423758.59966433,214922.36503846227,425074409.0669067,13265049.186980566,26235673255.271183,25349349.53275764,12816.914021538658,227401898522.68423
2022-05-25 00:00:00+00:00,1.0216594964,125765.73206458532,244529879.9030439,154200.6870655516,299816769.40219635,13236783.5912024,25736653766.68022,-55286889.49915245,-28434.955000966293,226762241168.06476
2022-05-26 00:00:00+00:00,0.961942889874,444023.505823318,802653122.5083004,507697.2234054583,917754930.3377109,13175740.831176437,23817544298.458855,-115101807.82941043,-63673.71758214035,223932670937.66608
2022-05-27 00:00:00+00:00,0.925896356953,455850.74024059635,784645915.600418,357179.5651607065,614805378.601254,13274523.252614958,22849146732.129208,169840536.999164,98671.17507988983,221550745423.76593
2022-05-28 00:00:00+00:00,0.961174475791,170081.55209393724,305068163.20618457,158236.75290629742,283822642.529588,13286504.551292699,23831447261.574936,21245520.676596582,11844.799187639816,222417044110.9698
2022-05-29 00:00:00+00:00,0.969040084869,232162.35574225525,420459389.1534896,185411.4616445635,335790829.03378683,13333410.700349834,24147574228.724674,84668560.11970276,46750.89409769175,222775326258.1843
2022-05-30 00:00:00+00:00,1.059317772892,250144.22487849413,499412769.7519987,226305.66971218176,451819111.06059057,13357414.54257073,26668068777.806892,47593658.69140816,23838.555166312377,224678328802.80017
2022-05-31 00:00:00+00:00,1.036535358409,360831.9089156247,702654123.448996,359611.6802313422,700277951.3439887,13358726.728745395,26013676141.308723,2376172.105007291,1220.2286842825124,223979276421.3004
2022-06-01 00:00:00+00:00,0.983359881868,463018.0525044294,846228974.4883555,326094.58589109353,595982565.932859,13495723.775235211,24665285572.609844,250246408.55549657,136923.46661333588,221598786807.3333
2022-06-02 00:00:00+00:00,0.989302696058,337403.01488497906,619265773.607283,494757.52676208253,908072509.8523331,13338458.591770392,24481259841.075394,-288806736.2450501,-157354.51187710348,221218501506.33188
2022-06-03 00:00:00+00:00,0.961861492163,185045.34697284046,328147298.9869875,203198.48958257984,360338893.17165977,13320436.162668817,23621589084.052544,-32191594.184672296,-18153.142609739385,219853526417.24738
2022-06-04 00:00:00+00:00,0.974895503941,147416.05637736127,265208606.88922408,114449.54221207461,205900255.33904508,13353499.806709753,24023591241.427895,59308351.550179005,32966.51416528666,220076362270.98282
2022-06-05 00:00:00+00:00,0.978660824837,107802.66840165922,194658098.37565032,121328.02049305152,219080678.6049448,13340120.044928215,24088108750.456997,-24422580.22929448,-13525.352091392298,220055947064.9035
2022-06-06 00:00:00+00:00,1.004869798696,169512.79042599624,314794551.8911549,199231.548061637,369983915.2964938,13310451.899489423,24718239435.73029,-55189363.40533894,-29718.757635640766,220430292804.3693
2022-06-07 00:00:00+00:00,0.984081760208,392595.0279746233,711601013.4297799,307293.2093451719,556986572.9533597,13395882.7626104,24280806098.94083,154614440.47642016,85301.81862945139,219710273602.19666
2022-06-08 00:00:00+00:00,0.976007186383,164986.84655362274,296069156.30091554,244909.02600528544,439489633.35266364,13316025.796793927,23895629289.79708,-143420477.0517481,-79922.1794516627,219335464404.51526
2022-06-09 00:00:00+00:00,0.974293659785,182390.74336152768,325965507.2281945,144887.9510861699,258941180.87694174,13353632.408523483,23865375408.63694,67024326.351252735,37502.79227535779,218839544246.99356
2022-06-10 00:00:00+00:00,0.915856746236,375944.2575381169,625008492.6834575,470492.1529494927,782194661.6767842,13259181.424877932,22043430190.549534,-157186168.99332666,-94547.8954113758,216578475822.5656
2022-06-11 00:00:00+00:00,0.852277181597,422033.39208512474,645500455.2688484,420838.2820363472,643672533.3672879,13260549.725047655,20282022809.481773,1827921.901560545,1195.1100487775402,214135546374.13586
2022-06-12 00:00:00+00:00,0.813341002428,376068.02326837165,545064001.4046931,298150.17232622666,432131731.2098614,13338645.007711872,19332713156.60841,112932270.19483173,77917.85094214499,212651454619.22
2022-06-13 00:00:00+00:00,0.687683473973,1426900.3478827225,1701099025.3496351,1158231.960075388,1380802283.3105211,13607233.351288714,16222051824.382036,320296742.039114,268668.38780733454,206886317420.7602
2022-06-14 00:00:00+00:00,0.698427540801,921365.1934739111,1110746819.565703,824951.6793905428,994516029.7661892,13703642.701583236,16520352250.184427,116230789.7995137,96413.51408336835,206005453451.008
2022-06-15 00:00:00+00:00,0.714331921232,786959.5233932892,966798828.2459323,812017.6562890603,997583351.2125032,13678586.388261454,16804474562.05815,-30784522.966570854,-25058.132895771065,205272444861.8371
2022-06-16 00:00:00+00:00,0.629506534828,533976.513247191,567113129.5272037,461822.4997497245,490481503.62729514,13750817.025136093,14604142098.420105,76631625.89990854,72154.01349746645,201387370044.98288
2022-06-17 00:00:00+00:00,0.644846295575,395204.7530875989,429592501.93056685,462484.4682708572,502726392.52511,13683681.874690913,14874333079.864159,-73133890.59454316,-67279.71518325829,201234345431.14432
2022-06-18 00:00:00+00:00,0.595201016106,678523.5604454926,673631471.6028355,515807.5026515266,512088580.7514181,13846464.614743821,13746632952.291952,161542890.85141742,162716.05779396603,199137561799.19336
2022-06-19 00:00:00+00:00,0.668332926103,403045.7874983187,453172144.16922396,384277.09738092194,432069212.9202926,13865364.062082192,15589783981.371841,21102931.24893135,18768.690117396764,200870899946.5165
2022-06-20 00:00:00+00:00,0.668872538155,632996.8971990605,710465689.5393122,373831.6229971501,419582691.44682413,14124713.505032616,15853354675.67459,290882998.0924881,259165.27420191042,200374169570.84232
2022-06-21 00:00:00+00:00,0.671204294825,314413.16903840273,353652103.43109214,407495.3755355903,458351019.8931978,14031731.42022934,15782899128.306376,-104698916.46210563,-93082.20649718755,200124772402.63306
2022-06-22 00:00:00+00:00,0.633622724331,406858.38646630006,428212533.04819995,325683.12593771855,342776752.2260425,14113032.473075777,14853761370.819996,85435780.82215744,81175.26052858151,198382080119.2306
2022-06-23 00:00:00+00:00,0.686647031612,306272.316170479,350604741.1975202,312690.8911456727,357952394.5740077,14106723.034923576,16148648498.976551,-7347653.3764874935,-6418.574975193711,199125161841.3853
2022-06-24 00:00:00+00:00,0.739468572021,324689.16768701724,400640596.79576147,350555.68098120706,432557815.9534983,14080946.463195853,17374767488.091736,-31917219.157736838,-25866.51329418982,199320639326.4705
2022-06-25 00:00:00+00:00,0.744397790499,187602.02536107492,233088668.59863204,204620.17919774447,254233103.5382937,14064045.324853823,17474062945.597454,-21144434.93966165,-17018.153836669546,199388462332.05713
2022-06-26 00:00:00+00:00,0.723405075238,188390.30128069143,226863490.32972857,194329.09430845588,234015107.50675672,14058255.762234189,16929241837.224802,-7151617.177028149,-5938.793027764448,198875846523.4093
2022-06-27 00:00:00+00:00,0.718894417578,392119.31690822757,468544065.6025318,241824.837973174,288956926.7870135,14208644.227397572,16977934128.562477,179587138.81551832,150294.47893505357,198590088841.59003
2022-06-28 00:00:00+00:00,0.691572391881,252476.24002612883,288530232.60400844,282198.39912536443,322496761.40492964,14179026.348751554,16203812961.093939,-33966528.8009212,-29722.159099235607,197450074397.92584
2022-06-29 00:00:00+00:00,0.667916157075,353804.2106222172,387707482.14895713,469236.15561151254,514200687.7347538,14063681.485084845,15411333089.388493,-126493205.58579665,-115431.94498929533,196053724251.4353
2022-06-30 00:00:00+00:00,0.639748410862,538554.4206255807,560925460.5602111,431732.9528393241,449666730.29833245,14170595.429785552,14759228526.305277,111258730.26187861,106821.46778625663,194561315297.6702
2022-07-01 00:00:00+00:00,0.655150138251,399623.05294919136,426039320.78716135,433444.2600389613,462096209.87398666,14136942.261535741,15071436031.188528,-36056889.08682531,-33821.207089769945,194488057554.82867
2022-07-02 00:00:00+00:00,0.656253479133,203360.8400928627,216887907.49122098,189406.66615081835,202005535.91134107,14151090.597150495,15092386650.906555,14882371.57987991,13954.173942044348,194258903487.42804
2022-07-03 00:00:00+00:00,0.660539682916,72215.00702399759,77537417.60409333,130479.0502786965,140095653.6178529,14093042.458967006,15131731803.197332,-62558236.01375957,-58264.0432546989,194320748046.268
2022-07-04 00:00:00+00:00,0.704046849675,294182.1304477116,338357198.73193526,265702.9977277457,305601573.6544447,14121705.261096304,16242253144.98448,32755625.07749057,28479.132719965943,195316579808.14835
2022-07-05 00:00:00+00:00,0.695098141051,241700.19542900397,274222652.93385106,289749.88329223316,328737763.5034184,14073847.834896028,15967582828.894152,-54515110.56956732,-48049.68786322919,195167383719.82825
2022-07-06 00:00:00+00:00,0.726222229072,353270.4629852932,420398861.2342243,334459.7396489007,398013727.1848468,14092823.628512735,16770739775.230421,22385134.0493775,18810.72333639249,195955226660.21445
2022-07-07 00:00:00+00:00,0.751316694316,935108.1780302965,1158080139.0840526,1019209.1898134853,1262234624.8550339,14008871.527216481,17349218269.935684,-104154485.77098131,-84101.01178318879,197136939264.2585
2022-07-08 00:00:00+00:00,0.747321162056,294732.3673675591,362896065.6806804,332038.7815841235,408830453.76558805,13971783.192277465,17203082227.80907,-45934388.08490765,-37306.414216564386,197064298461.97424
2022-07-09 00:00:00+00:00,0.739401577373,57127.58345767985,69514267.16667825,113771.94649457939,138440539.683532,13915563.517521493,16932804462.98711,-68926272.51685375,-56644.36303689954,196859669624.21246
2022-07-10 00:00:00+00:00,0.711525444175,158940.5789731459,185484003.77961615,157316.30996462112,183588478.28912938,13917365.382840643,16241595884.140236,1895525.4904867709,1624.269008524774,196218245908.99332
2022-07-11 00:00:00+00:00,0.673286532217,250106.9843079126,274251865.5670623,250858.7724708427,275076230.0156016,13916747.525403155,15260245458.674562,-824364.448539257,-751.7881629301119,194862170967.9117
2022-07-12 00:00:00+00:00,0.642470943847,363637.6571940695,378295577.14350003,345156.8260918642,359069799.6983187,13935388.772823513,14497112260.628368,19225777.44518131,18480.831102205324,193758206152.20407
2022-07-13 00:00:00+00:00,0.682863956292,629183.7823578805,698342027.3220075,460967.57864173484,511635935.9931524,14103789.47588399,15654041333.680378,186706091.32885516,168216.20371614565,194514958553.74432
2022-07-14 00:00:00+00:00,0.728488357937,237749.23604995292,283106358.9479767,374610.88192044804,446078080.2698587,13967108.26602461,16631713447.001837,-162971721.321882,-136861.64587049512,195635696903.02087
2022-07-15 00:00:00+00:00,0.752949848741,746465.915851014,922218635.9211379,484759.51721453003,598894405.2531933,14228995.770713562,17579161742.750156,323324230.66794467,261706.39863648394,196400440673.49512
2022-07-16 00:00:00+00:00,0.818554075867,263599.46804033476,356540538.73422253,266551.6897714018,360533667.90964437,14226217.075859588,19242159849.885757,-3993129.175421834,-2952.221731067053,197810539832.39682
2022-07-17 00:00:00+00:00,0.814018687643,190346.69639396196,256073165.46644297,256390.21991616592,344921432.5878508,14160364.414435191,19049920006.270294,-88848267.12140784,-66043.52352220396,197863485350.46268
2022-07-18 00:00:00+00:00,0.929733220083,404603.4860010692,634627768.4814281,429290.40230042173,673349636.0476025,14135828.248086128,22172298181.078766,-38721867.56617439,-24686.91629935254,202002836975.5498
2022-07-19 00:00:00+00:00,0.915054017675,452685.315930076,699708456.8792628,446379.010676611,689960901.6521938,14142254.136769464,21859456162.17389,9747555.22706902,6306.30525346502,202276508227.71115
2022-07-20 00:00:00+00:00,0.901388336152,332834.9100579084,506965238.8930234,312618.7861031701,476172579.22754014,14162623.853014491,21572130110.228867,30792659.665483236,20216.123954738316,202373647905.52417
2022-07-21 00:00:00+00:00,0.929859829539,234229.33378877447,369732486.1079155,242345.32023153888,382543622.08376837,14154708.774714883,22343297403.254944,-12811135.975852847,-8115.986442764406,203326421721.7957
2022-07-22 00:00:00+00:00,0.906838339655,275095.43455276557,422708075.2459117,242070.61409677225,371962564.64523643,14187923.869665485,21800979723.389355,50745510.600675285,33024.82045599332,202974810390.36237
2022-07-23 00:00:00+00:00,0.914367862665,87056.07149160434,134975983.4187366,140252.60943465072,217454492.96217817,14134918.901494972,21915468347.97579,-82478509.54344156,-53196.53794304638,203143176723.77026
2022-07-24 00:00:00+00:00,0.942697892264,132665.91781387985,212706559.84427285,110648.46748762029,177405435.08960086,14157151.111566696,22698511869.2016,35301124.75467199,22017.450326259554,203782211428.7584
2022-07-25 00:00:00+00:00,0.868276420156,289675.88335878326,423414287.88904214,307431.082532083,449366759.0686312,14139614.439779466,20667632768.136375,-25952471.179589033,-17755.199173299712,201725441955.54904
2022-07-26 00:00:00+00:00,0.85434962375,220556.78200069768,315662311.78752595,206390.4310508501,295387337.4708978,14153988.734119764,20257281432.46445,20274974.316628158,14166.350949847576,200761055006.5757
2022-07-27 00:00:00+00:00,0.960876993337,295996.0238120722,483166757.27867293,297446.4720215274,485534384.8871035,14152736.230397409,23102106518.170776,-2367627.6084305644,-1450.4482094552368,203612610247.96997
2022-07-28 00:00:00+00:00,1.007381153057,247506.66332590583,426852806.2187909,286471.0956829361,494051309.3654324,14113939.075034648,24341059832.585968,-67198503.1466415,-38964.43235703025,205213620895.7637
2022-07-29 00:00:00+00:00,1.014881722589,614786.7765534181,1073464657.5338708,352008.1420714961,614633095.7153893,14376939.49842811,25103234200.29569,458831561.81848156,262778.634481922,206255822909.59183
2022-07-30 00:00:00+00:00,0.985970949712,156061.9360270822,264196832.02108714,158522.23339927962,268361862.8294424,14374750.509818334,24334976500.153545,-4165030.808355272,-2460.297372197412,205862379546.47867
2022-07-31 00:00:00+00:00,0.980898539395,131820.47962369732,221813332.9484983,126327.85810281838,212570939.88750547,14380446.509174816,24197869546.472496,9242393.060992837,5492.621520878936,205704198062.0363
2022-08-01 00:00:00+00:00,0.957722630098,251791.7429564236,411890858.8881266,213217.68268956273,348789890.4943004,14419219.749486964,23587528079.269394,63100968.39382619,38574.06026686088,204839569728.21103
2022-08-02 00:00:00+00:00,0.960183285246,281686.609591118,462121611.1610182,269083.3066651652,441445233.7409276,14432013.014303321,23676471935.061153,20676377.420090616,12603.302925952827,204927046692.71338
2022-08-03 00:00:00+00:00,0.946554741057,185341.86336491813,299554062.1250506,223988.0277609382,362014940.20302266,14393540.204277845,23263192450.28037,-62460878.077972054,-38646.16439602006,204818764834.61008
2022-08-04 00:00:00+00:00,0.941898455995,210339.84597370293,338005864.3055889,202356.1672217639,325176482.2909957,14401779.317182314,23142956310.099957,12829382.014593184,7983.678751939035,204673981778.85165
2022-08-05 00:00:00+00:00,1.001340898843,233117.78942670865,402274585.8773032,282025.7004033784,486671446.72026086,14353070.088478182,24768059701.105534,-84396860.84295768,-48907.91097666975,206766417627.86786
2022-08-06 00:00:00+00:00,0.985118107007,112349.6367906441,190492640.49157527,175921.314008196,298280587.11587656,14289711.423564747,24228693022.03349,-107787946.62430128,-63571.6772175519,206530631195.25256
2022-08-07 00:00:00+00:00,0.985892954795,160467.47151124477,272390829.60898274,173127.04936698967,293880249.7522061,14277290.163385708,24235459532.99501,-21489420.143223345,-12659.577855744894,206630170795.49728
2022-08-08 00:00:00+00:00,1.025855755,139676.96458382465,248075004.33936533,213997.72970978692,380073320.49738383,14203176.624611262,25225727902.102806,-131998316.1580185,-74320.76512596227,207796813683.35638
2022-08-09 00:00:00+00:00,0.987980398618,234920.50400803916,400302717.9555183,238169.65910202736,405839253.05139905,14200131.197734399,24196913495.39888,-5536535.095880747,-3249.1550939882,207030550765.43936
2022-08-10 00:00:00+00:00,1.061574439187,337082.1611099493,623881763.2445438,380313.8591774557,703896285.3112102,14157094.08513655,26202373899.498524,-80014522.06666636,-43231.698067506426,209303556479.11954
2022-08-11 00:00:00+00:00,1.074249924201,270986.7047050949,508943678.8287881,287018.8368480754,539053836.1562384,14141259.229296414,26558884146.224144,-30110157.327450335,-16032.132142980467,209905273248.53873
2022-08-12 00:00:00+00:00,1.111413297339,224763.54500733333,439362959.09163874,225461.13845710517,440726599.8115993,14140802.172273062,27642136922.767685,-1363640.7199605703,-697.5934497718408,211191872419.42932
2022-08-13 00:00:00+00:00,1.122696315815,126822.61341304074,251265722.80457586,166224.1941725864,329329613.799682,14101626.553428764,27938671923.812737,-78063890.99510616,-39401.58075954566,211924167317.24545
2022-08-14 00:00:00+00:00,1.099610125556,147148.8912722517,284930268.1727986,95471.53383870673,184865339.48258716,14153523.511964131,27406032182.686382,100064928.69021142,51677.35743354497,211494667060.40738
2022-08-15 00:00:00+00:00,1.081919272813,224427.20952513342,426803567.4183405,227309.72004172628,432285370.5125635,14150866.247533038,26911354506.818443,-5481803.094223022,-2882.5105165928544,211135824866.9127
2022-08-16 00:00:00+00:00,1.069247234838,187233.45201866687,351365253.2743663,147242.9749009983,276318492.29486203,14191051.6069566,26631151582.94891,75046760.97950429,39990.477117668575,210839431798.99472
2022-08-17 00:00:00+00:00,1.035847361608,111662.58496469905,204700666.13562465,175006.3803195128,320822974.326755,14127931.762206856,25899427670.930843,-116122308.19113034,-63343.795354813745,212627707797.89716
2022-08-18 00:00:00+00:00,1.04537017289,143230.61674933005,264862153.17980522,152717.9034737703,282406050.1949745,14118686.530552648,26108284663.030186,-17543897.015169263,-9487.286724440259,212553339855.03604
2022-08-19 00:00:00+00:00,0.931561867136,288623.28677145834,466372143.643337,387284.1201016549,625793321.499565,14020270.520774234,22654664113.81594,-159421177.856228,-98660.83333019656,208445063780.17862
2022-08-20 00:00:00+00:00,0.911263321232,143640.98626469023,226354518.39808118,180953.48624683666,285152868.25154024,13983196.86230192,22035213442.487823,-58798349.85345906,-37312.49998214643,207835423564.25867
2022-08-21 00:00:00+00:00,0.935105544961,124724.44354656861,202232924.87921074,86396.17751205892,140086026.2817974,14021753.971857835,22735401634.457836,62146898.59741333,38328.266034509696,208422335227.14145
2022-08-22 00:00:00+00:00,0.928384493756,125431.98082344048,201687054.56330702,125436.45921753887,201694255.55071828,14021954.171068061,22546455994.864548,-7200.987411260605,-4.478394098390709,208207052901.9175
2022-08-23 00:00:00+00:00,0.957036662408,184184.6613394448,306461619.16225964,174768.06136902477,290793504.05999416,14031615.730567643,23346958671.696278,15668115.102265477,9416.599970420037,209024640184.5197
2022-08-24 00:00:00+00:00,0.95562550873,206529.61856890738,342580044.5169073,191275.01248669793,317276537.6061656,14047108.114615459,23300575271.402016,25303506.910741687,15254.606082209444,208710751876.82678
2022-08-25 00:00:00+00:00,0.973935807547,197007.58731559492,333947154.6930353,242948.42767199545,411821378.3728077,14001387.138127591,23733722443.101273,-77874223.67977238,-45940.84035640053,209298217075.17975
2022-08-26 00:00:00+00:00,0.879331143963,337119.3486116624,508649570.2534221,231303.94713521813,348994069.28961676,14107397.769009257,21285404834.080193,159655500.96380532,105815.40147644427,206363366943.6237
2022-08-27 00:00:00+00:00,0.872788689996,253527.4433532019,378481628.09080863,219193.66266315282,327226012.35859394,14141934.758644452,21111964925.820526,51255615.73221469,34333.78069004908,205736534729.57147
2022-08-28 00:00:00+00:00,0.845535955972,165865.8064255132,238999098.62326887,773681.394665608,1114811786.2961261,13534348.793752661,19501892715.979687,-875812687.6728573,-607815.5882400947,205002152352.9562
2022-08-29 00:00:00+00:00,0.904775082885,302694.35172890336,469261618.8744836,777980.1316017698,1206088630.0732722,13059295.452623742,20245591272.039692,-736827011.1987886,-475285.77987286646,206143533909.6166
2022-08-30 00:00:00+00:00,0.895122326709,227084.22497236414,347345270.6016216,211044.13815135238,322810548.7467862,13075512.305079402,20000144705.84806,24534721.85483545,16040.086821011762,205607156930.52225
2022-08-31 00:00:00+00:00,0.906335382386,242935.02925826062,376969383.6859338,303454.9759869531,470879953.47357595,13015207.087000014,20196077153.267765,-93910569.78764212,-60519.94672869251,206024857143.28094
2022-09-01 00:00:00+00:00,0.924901842905,231506.02456023812,367249389.18454707,234342.47872996962,371748995.8935414,13012598.00364559,20642524001.786537,-4499606.708994329,-2836.4541697315,206415455991.1882
2022-09-02 00:00:00+00:00,0.920467728948,303008.3673384403,477721792.3974633,282889.22259397537,446002028.44093025,13032909.357624233,20547633298.60054,31719763.956533074,20119.144744464953,206157938167.02188
2022-09-03 00:00:00+00:00,0.90925134337,194298.86766348386,302145687.6342686,95220.9979633976,148074017.37770984,13132212.066965848,20421329742.407673,154071670.25655875,99077.86970008626,205873679839.38757
2022-09-04 00:00:00+00:00,0.920672720362,58449.59604195458,92118321.59839074,162715.22958793445,256444096.50630137,13028168.026215853,20532784712.752834,-164325774.90791065,-104265.63354597986,206086042289.73328
2022-09-05 00:00:00+00:00,0.940273132739,235114.35055341825,379253790.72347516,204967.70944365222,330625419.5009314,13058522.866954893,21064194026.79809,48628371.222543776,30146.64110976603,206554732385.41
2022-09-06 00:00:00+00:00,0.916451146021,293579.28092264326,459655740.2454314,413273.7297614619,647060792.5071853,12939035.85721527,20258589387.912575,-187405052.26175392,-119694.44883881864,205723664270.4833
2022-09-07 00:00:00+00:00,0.954185129588,385032.0154562779,629098861.0536649,280338.2486240458,458041061.10545737,13043934.653339462,21312317170.17077,171057799.94820756,104693.76683223207,206215827592.19467
2022-09-08 00:00:00+00:00,0.953327001674,439757.42452427745,718811600.6293474,515482.85762043705,842589658.1143007,12968440.465964263,21197744322.54422,-123778057.48495328,-75725.4330961596,206508886469.74695
2022-09-09 00:00:00+00:00,0.995486152707,354764.5088607389,609316601.7549696,390192.7727175624,670165499.5453401,12933229.146097442,22213133039.505497,-60848897.790370464,-35428.2638568235,207821868947.62924
2022-09-10 00:00:00+00:00,1.027271117975,132383.31357497154,235610313.6662793,131972.88133537598,234879843.44236317,12933868.544558857,23019161119.39707,730470.2239161134,410.4322395955678,208712241816.43082
2022-09-11 00:00:00+00:00,1.016305981967,125009.49105688039,219824142.04383296,114648.01753119112,201603909.253203,12944404.326787947,22762212303.623543,18220232.790629953,10361.473525689275,208462805226.6834
2022-09-12 00:00:00+00:00,0.991157147144,271336.3136582894,464194681.2184139,257530.51326798284,440576098.71193033,12958449.059995763,22168957222.82553,23618582.506483555,13805.80039030654,207977778039.9423
2022-09-13 00:00:00+00:00,0.922054273893,1004442.7557800944,1581036205.4593375,492381.5868303359,775029847.3462384,13470779.601656567,21203587903.26617,806006358.1130991,512061.1689497585,205718793011.75067
2022-09-14 00:00:00+00:00,0.954226890651,1461551.9026192233,2387824061.7705173,471490.5010253228,770302006.536278,14461082.29766067,23625928171.087353,1617522055.2342393,990061.4015939005,206346448660.6517
2022-09-15 00:00:00+00:00,0.870507398593,744951.2165789169,1096981995.748653,741472.3538160934,1091859177.3256917,14464599.55963635,21299925336.727127,5122818.422961235,3478.862762823468,203878831286.4083
2022-09-16 00:00:00+00:00,0.849853307904,538620.3488155281,770261645.7453843,464837.8711795453,664747970.3410997,14552456.540958682,20810946243.54055,105513675.4042846,73782.4776359828,202808873454.18893
2022-09-17 00:00:00+00:00,0.871506900078,243720.1003010094,358115049.78840667,248498.07638576764,365135665.410047,14547665.362921802,21375905800.60271,-7020615.621640325,-4777.9760847582365,203207393391.35028
2022-09-18 00:00:00+00:00,0.80064223394,195318.8866123893,261309011.3750493,205296.40887878378,274657523.26052874,14537669.200068112,19449342724.88495,-13348511.88547945,-9977.522266394488,201397462817.4883
2022-09-19 00:00:00+00:00,0.82558905646,394189.2939484072,543760971.1712857,440083.64085770893,607069526.2989652,14491753.479159474,19990522489.517387,-63308555.12767947,-45894.346909301705,201383617661.72455
2022-09-20 00:00:00+00:00,0.797822264658,321819.1061494784,425898247.46883035,300662.5556634204,397899481.69538766,14512887.759327127,19206483842.318264,27998765.773442686,21156.550486057997,199928460267.009
2022-09-21 00:00:00+00:00,0.759384812828,353487.77210943727,441552436.6456652,584167.0310018546,729700986.2821401,14282184.255055072,17840315156.6146,-288148549.6364749,-230679.2588924173,198259713237.7742
2022-09-22 00:00:00+00:00,0.805801357972,504614.8750712983,670466275.3415766,537364.6918306805,713979950.3153467,14249413.810201375,18932758178.752987,-43513674.97377014,-32749.8167593822,198737516507.28336
2022-09-23 00:00:00+00:00,0.806623320837,332928.1499268057,443112396.7796585,479494.8828418732,638186127.6265032,14102828.070869753,18770230000.762684,-195073730.84684473,-146566.73291506752,198877876668.3569
2022-09-24 00:00:00+00:00,0.79942106223,90250.64282657612,118860813.7813646,117414.79174120327,154636213.76244912,14075653.112038687,18537747001.04911,-35775399.98108451,-27164.14891462715,198568667759.0484
2022-09-25 00:00:00+00:00,0.787373186636,96809.03232530656,125324040.23122233,102923.66334712983,133239729.9739215,14069525.697026782,18213691038.284195,-7915689.742699161,-6114.631021823268,198170634133.88522
2022-09-26 00:00:00+00:00,0.81033730123,204050.94476657113,272282869.71692353,225389.9921525561,300757411.0425135,14048163.965699539,18745683354.763836,-28474541.325589955,-21339.047385984974,198481100721.9077
2022-09-27 00:00:00+00:00,0.810737445956,213635.68188830678,284247560.14411104,258687.49690777677,344190114.61889833,14003075.904265214,18631438929.668983,-59942554.474787295,-45051.81501947,197808745663.1522
2022-09-28 00:00:00+00:00,0.81632494251,266026.8584028903,356246343.6238486,276093.5488141888,369727018.7442047,13992978.739644483,18738512127.42975,-13480675.120356083,-10066.690411298478,197726687159.3002
2022-09-29 00:00:00+00:00,0.811486905771,194894.3671747229,259919390.4007483,269599.3565792763,359549131.30813074,13918244.723929271,18561961212.808826,-99629740.90738243,-74704.98940455343,198089848257.0584
2022-09-30 00:00:00+00:00,0.810087612702,253585.27499188128,336526931.28356016,221057.00688724997,293359447.5029229,13950743.658571796,18513697030.291134,43167483.780637264,32528.26810463131,197455200985.58636
2022-10-01 00:00:00+00:00,0.801123209031,88007.68564461338,115397660.52201891,141151.06355525914,185080455.13487113,13897584.698756315,18222826215.647057,-69682794.61285222,-53143.377910645766,197280779265.96762
2022-10-02 00:00:00+00:00,0.782152613854,180451.77995842247,230356269.49851802,93468.17037612025,119317077.66837138,13984556.599988015,17852028335.250343,111039191.83014664,86983.60958230222,196724842434.51297
2022-10-03 00:00:00+00:00,0.809274140904,130462.53340133853,172785881.68896148,188665.35252289815,249870276.39226598,13926324.0562715,18444162611.396732,-77084394.7033045,-58202.819121559616,197260099881.5218
2022-10-04 00:00:00+00:00,0.830316108371,164053.83151991095,223579772.14955193,180096.57146513715,245443523.2633006,13910252.931924878,18957504084.169704,-21863751.11374867,-16042.739945226203,197840820511.1048
2022-10-05 00:00:00+00:00,0.824426504286,117210.51835671661,158533931.32745743,152780.65041509434,206644569.79327822,13874651.504432322,18766259885.497997,-48110638.46582079,-35570.13205837773,197750466835.18665
2022-10-06 00:00:00+00:00,0.824919713819,262727.64269021363,355037982.6060817,224426.77583639632,303279962.9298752,13912919.891152583,18801276332.156715,51758019.67620653,38300.86685381731,197457137191.01733
2022-10-07 00:00:00+00:00,0.815218149681,197625.56010474914,263344142.83381414,190530.92488082295,253890251.1875456,13919990.52568691,18548956781.191895,9453891.646268547,7094.6352239261905,197026574677.93018
2022-10-08 00:00:00+00:00,0.8062057934,65056.21309084821,85578788.73480798,57790.12203055415,76020542.99264602,13927226.978863314,18320697726.771446,9558245.74216196,7266.091060294057,196674715132.13284
2022-10-09 00:00:00+00:00,0.809623349785,28821.273496294212,38071018.93376793,60378.037066958816,79755441.50245434,13895628.988413833,18355217869.97157,-41684422.56868641,-31556.763570664603,196657556359.16617
2022-10-10 00:00:00+00:00,0.794279359841,97085.61592177741,125439396.93962501,103839.86513664253,134166219.55127996,13888815.354453674,17945033419.49419,-8726822.611654952,-6754.249214865122,196070025154.04327
2022-10-11 00:00:00+00:00,0.787144303816,123435.04863346968,157817054.06921458,158814.2665332077,203050915.97491255,13853390.233615143,17712159226.61005,-45233861.90569797,-35379.217899738025,195777413672.47888
2022-10-12 00:00:00+00:00,0.796748559177,228954.85570576176,296412738.186224,200422.74930353902,259474103.45478898,13881889.603727603,17971966115.135876,36938634.731435,28532.106402222737,195851176502.0938
2022-10-13 00:00:00+00:00,0.79370995235,432490.7473349809,557135018.6422403,356093.22838723165,458719657.37623864,13958239.21944937,17981017896.129642,98415361.26600164,76397.51894774922,195623092784.18375
2022-10-14 00:00:00+00:00,0.802168543634,220028.05328890655,285447295.4249477,252327.8322591081,327350518.273361,13987814.307143182,18146703128.067528,-41903222.84841335,-32299.778970201558,194930649783.17422
2022-10-15 00:00:00+00:00,0.789692330409,73434.90751085234,93629285.99906722,99178.44984432618,126452224.97279319,13962045.147765124,17801565530.38214,-32822938.973725975,-25743.542333473844,194602784591.40912
2022-10-16 00:00:00+00:00,0.807203777799,124182.04776156273,162133288.97569954,77902.63763605736,101710441.1425688,14008303.563714435,18289377335.08714,60422847.83313075,46279.41012550537,194952528391.22604
2022-10-17 00:00:00+00:00,0.822139769098,128792.51051495403,171599210.16635415,176365.1098125555,234983489.51915875,13960691.095541568,18600798724.963356,-63384279.3528046,-47572.59929760148,195333130722.81183
2022-10-18 00:00:00+00:00,0.810599047407,176947.0349938518,232030551.37812594,198295.2431331986,260024445.17623198,13939300.747360693,18278597538.22948,-27993893.798106045,-21348.208139346796,194979929951.93887
2022-10-19 00:00:00+00:00,0.796553883741,158449.1804610556,203554033.07143697,116404.24831332176,149540402.4298467,13981300.45445346,17961279994.04205,54013630.64159027,42044.93214773384,194386043356.40778
2022-10-20 00:00:00+00:00,0.795827875998,147318.93792690727,188849345.39985868,166041.74754910177,212850267.4194832,13962519.662267886,17898667581.08322,-24000922.01962453,-18722.8096221945,194143416110.75378
2022-10-21 00:00:00+00:00,0.806113832773,440413.5357743303,572482673.2578785,165401.73515157046,215001628.71829176,14237479.685750507,18506948058.766403,357481044.5395868,275011.80062275985,194350227594.33884
2022-10-22 00:00:00+00:00,0.81375791887,119774.49542093428,157420376.62015653,110892.13963059172,145746240.2451636,14246336.416878734,18724050026.85177,11674136.374992937,8882.355790342568,194661683747.06793
2022-10-23 00:00:00+00:00,0.841773515527,128027.52223830382,174611660.14098483,139332.6568278425,190030284.85764775,14235011.145492509,19414567155.437904,-15418624.716662914,-11305.134589538677,195278695333.04697
2022-10-24 00:00:00+00:00,0.830995411485,192936.65259785755,259413563.51759627,236468.24122660144,317944093.51130426,14191442.804697195,19081147619.452015,-58530529.993707985,-43531.58862874389,195010722447.45786
2022-10-25 00:00:00+00:00,0.895116024292,421112.8257361488,615368097.5940067,495082.4574644306,723459204.7142681,14117428.81139305,20629662122.96968,-108091107.12026143,-73969.63172828179,196759071339.73483
2022-10-26 00:00:00+00:00,0.947871296326,586003.0116325784,920762794.4326652,646394.5156698887,1015653518.3940812,14056998.84934859,22087192872.61663,-94890723.961416,-60391.50403731025,199790768686.5735
2022-10-27 00:00:00+00:00,0.916621542818,254063.66372771416,384851298.5380349,355562.0758133996,538599359.6247556,13955469.11995104,21139506270.666843,-153748061.0867207,-101498.41208568547,199176269008.1184
2022-10-28 00:00:00+00:00,0.937944344099,254892.83678595402,396604999.22046,351528.6975632661,546967268.9943994,13858804.48215303,21563850950.65055,-150362269.77393943,-96635.86077731207,199940524821.47995
2022-10-29 00:00:00+00:00,0.971649701076,226009.51553703955,365885667.58841133,269213.5690087542,435828492.3825873,13815576.034534,22365966532.437897,-69942824.79417598,-43204.053471714666,200811133537.36023
2022-10-30 00:00:00+00:00,0.954830359047,112135.58187591132,178240690.41887322,159307.08018000174,253220284.6311537,13768385.488238312,21884993989.619385,-74979594.21228048,-47171.49830409042,200640701222.2405
2022-10-31 00:00:00+00:00,0.945059420376,219236.17604953825,344464728.3721994,225911.08502190505,354952371.18510795,13761670.852764212,21622390509.00935,-10487642.81290853,-6674.9089723668,200379904752.2952
2022-11-01 00:00:00+00:00,0.949662307244,163015.3816091277,257606026.21009663,159046.5738881845,251334294.2073119,13765612.897931375,21753191643.505604,6271732.002784729,3968.8077209432086,200558025546.11743
2022-11-02 00:00:00+00:00,0.917315409677,305271.97221440333,463884401.17777306,299206.9147039407,454668076.62972796,13771646.7589801,20927083687.638596,9216324.548045099,6065.057510462648,199657824768.39548
2022-11-03 00:00:00+00:00,0.922939299872,285466.7875724076,436706068.30241275,303917.4739894854,464931862.2422385,13753149.59302819,21039518945.869835,-28225793.939825773,-18450.686417077843,199775267935.39883
2022-11-04 00:00:00+00:00,0.983429253373,305985.9235922039,503275132.36796147,388428.30214946583,638873523.6077888,14395665.173234893,23677495391.06326,-135598391.23982733,-82442.37855726195,201577294971.03198
2022-11-05 00:00:00+00:00,0.974110789543,188248.8258268576,306346749.4290216,126338.82044099986,205597494.69244915,14457551.039170625,23527497428.471092,100749254.73657244,61910.00538585773,201351531082.08334
2022-11-06 00:00:00+00:00,0.945868392268,163496.83263051638,257503364.2495588,143476.52830516876,225971892.75783047,14477549.383282937,22801773051.526714,31531471.491728336,20020.30432534762,200690569434.28876
2022-11-07 00:00:00+00:00,0.942143438964,304054.1359367738,476593855.35508865,315933.69900371984,495214640.57995087,14465628.598950425,22674349365.01645,-18620785.224862218,-11879.563066946052,200523014951.6641
2022-11-08 00:00:00+00:00,0.817265124329,795396.2876776387,1059362209.7312369,939002.5156940864,1250626631.5037563,14321820.10591169,19074762140.35441,-191264421.77251935,-143606.22801644774,196413407411.57843
2022-11-09 00:00:00+00:00,0.714886218033,1341573.210406764,1466337788.8861678,1933434.9270318511,2113241881.8944538,13729724.054528005,15006570685.791866,-646904093.008286,-591861.7166250872,184265098741.07217
2022-11-10 00:00:00+00:00,0.835054741289,853200.7589225515,1107079933.4583294,1183250.9388845533,1535340137.6940486,13399539.22788803,17386718004.70014,-428260204.2357192,-330050.17996200174,187269117548.54184
2022-11-11 00:00:00+00:00,0.824395152713,524471.8086462263,671796518.4224664,675527.8434810025,865284360.124853,13248402.307461435,16969893134.55409,-193487841.70238662,-151056.0348347762,187254120818.0237
2022-11-12 00:00:00+00:00,0.808432866897,418766.99748239334,524297997.7681734,457662.2739680851,572995043.39662,13209460.044987328,16538298134.33836,-48697045.62844664,-38895.27648569178,186643889461.08936
2022-11-13 00:00:00+00:00,0.787975823257,507793.6905300029,619583224.8681555,642897.8526084281,784430236.5478226,13074276.82664122,15952546772.714851,-164847011.67966712,-135104.16207842523,186617432871.78326
2022-11-14 00:00:00+00:00,0.80174366079,704761.4862017964,874414825.6990703,549640.9487415433,681952978.1360563,13229328.02293695,16413951079.585472,192461847.56301403,155120.5374602531,186505626600.92273
2022-11-15 00:00:00+00:00,0.809989809595,416478.37022583315,520409872.655209,420265.91117150884,525142588.3065565,13225484.791076956,16525883090.148645,-4732715.651347518,-3787.5409456756897,185919425906.21698
2022-11-16 00:00:00+00:00,0.790435652792,295315.41912048,358747251.1658406,609150.8491704994,739992491.2017545,12911590.077637283,15684915682.112757,-381245240.0359138,-313835.43005001935,185219687149.3043
2022-11-17 00:00:00+00:00,0.782651508159,353679.724837119,424317541.5612603,335192.44205653295,402137931.51089984,12930026.744301341,15512444664.420542,22179610.05036044,18487.282780586043,184741283925.7297
2022-11-18 00:00:00+00:00,0.789572893501,333317.5185719952,403140457.90715456,428371.61461954284,518106367.80211264,12848557.555468144,15540057415.971218,-114965909.89495808,-95054.09604754765,184611448652.26306
2022-11-19 00:00:00+00:00,0.795249533561,217707.97064812374,265300282.6685343,300296.76747930417,365943502.4796283,12765943.15739438,15556657471.4951,-100643219.81109402,-82588.79683118043,184677622264.37518
2022-11-20 00:00:00+00:00,0.747962605363,162929.52337359719,185681484.4736115,163846.1522356439,186726114.10421517,12764998.407240635,14547540583.696468,-1044629.6306036711,-916.628862046724,183630584031.47806
2022-11-21 00:00:00+00:00,0.728694828315,510021.9192662058,564921687.0745772,1621909.5054263663,1796495051.4401689,11653074.185596865,12907434131.466322,-1231573364.3655915,-1111887.5861601606,183194019866.93118
2022-11-22 00:00:00+00:00,0.749178470875,431130.0423238325,489234954.13827735,403234.4837652863,457579813.06183845,11680929.499827033,13255209442.926878,31655141.076438904,27895.55855854624,182550157807.2256
2022-11-23 00:00:00+00:00,0.782660127084,319778.37983246753,378351134.75239563,321808.2977648638,380752866.0813827,11678868.815914867,13818048835.69905,-2401731.328987062,-2029.917932396289,182193278904.82315
2022-11-24 00:00:00+00:00,0.795488498993,171845.33257338565,206676061.5740212,229168.37693275596,275617713.163937,11621519.931232525,13977045130.774286,-68941651.58991578,-57323.04435937031,182213251304.22067
2022-11-25 00:00:00+00:00,0.793500582717,234914.00038265137,281676421.95135427,270117.4482108665,323887534.1390087,11586293.728068585,13892683091.189636,-42211112.187654436,-35203.44782821511,182120138769.94827
2022-11-26 00:00:00+00:00,0.797158802359,165804.06529197062,199763948.56113228,168511.84177406886,203026330.10124955,11610834.122202663,13988957787.344765,-3262381.540117264,-2707.776482098241,182155851279.73837
2022-11-27 00:00:00+00:00,0.792360222507,90187.69743289129,107942647.34252255,152631.27013877832,182679277.05207032,11548373.265702205,13821862829.207674,-74736629.70954777,-62443.572705887025,182050387159.87964
2022-11-28 00:00:00+00:00,0.776093556617,284889.2926682409,333011936.4021084,237776.51650743105,277941011.58198655,11595459.55586003,13554129760.38375,55070924.820121825,47112.77616080985,181526154466.3772
2022-11-29 00:00:00+00:00,0.80552140879,240764.02597943656,293029282.52491647,277752.1674198375,338046840.7091966,11558444.66922462,14067561525.226004,-45017558.18428016,-36988.14144040094,182101681897.86572
2022-11-30 00:00:00+00:00,0.852677461533,201240.5281063824,261218138.31078082,316800.3356867074,411219323.87578315,11442854.250229184,14853275889.965591,-150001185.56500232,-115559.807580325,183474758655.5772
2022-12-01 00:00:00+00:00,0.8392191371,160422.32112086797,204652509.38589022,199963.83834100512,255096055.31818882,11403285.602444958,14547296146.064682,-50443545.9322986,-39541.517220137146,183211051368.63202
2022-12-02 00:00:00+00:00,0.849436271739,300787.86740280205,388879998.1999064,266674.51000653236,344775817.8105795,11437373.354775414,14787051645.47234,44104180.38932693,34113.35739626968,183442914327.00848
2022-12-03 00:00:00+00:00,0.818085411382,155503.56135654636,192969228.8417942,140718.59555557734,174622102.7427096,11452138.426969564,14211316458.372303,18347126.099084586,14784.965800969017,182821566667.85934
2022-12-04 00:00:00+00:00,0.841748850499,88384.86361982576,113135583.64015257,160248.52528383984,205123475.81870615,11380254.79378083,14567107028.71113,-91987892.17855358,-71863.66166401409,183281699747.28452
2022-12-05 00:00:00+00:00,0.829123423519,264881.86246836657,333361669.0484213,235532.74030013665,296424929.55280715,11955423.952265868,15046255133.39853,36936739.49561417,29349.122168229922,182947171906.2537
2022-12-06 00:00:00+00:00,0.834852187791,87315.14904550945,110906448.72518282,749139.7060895272,951546499.2004117,10746515.970650697,13650070297.104145,-840640050.4752289,-661824.5570440178,183374829438.45154
2022-12-07 00:00:00+00:00,0.810150335327,728776.2606493001,898254968.780946,714518.3347196389,880681327.181509,10760744.308488863,13263181808.73458,17573641.599437,14257.925929661142,183367390507.48862
2022-12-08 00:00:00+00:00,0.840044072494,205556.34359201358,263447803.9991559,222718.15429977723,285442947.83467406,10743554.268730976,13769294246.937073,-21995143.83551815,-17161.810707763652,183884229364.26227
2022-12-09 00:00:00+00:00,0.829916795629,150559.30702936932,190187814.25657803,217024.38383687526,274147072.1186596,10677029.965107765,13487316273.445124,-83959257.86208159,-66465.07680750595,183450038671.5453
2022-12-10 00:00:00+00:00,0.83270760616,91781.27272915303,116265895.21647124,84202.81474425874,106665721.06575611,10684584.755832968,13534926839.803972,9600174.150715128,7578.457984894296,183351105196.20847
2022-12-11 00:00:00+00:00,0.830551080132,63237.53121917798,79873407.4716703,87722.30348609212,110799380.6148658,10660075.666848827,13464418218.12983,-30925973.143195495,-24484.772266914137,183290193402.68204
2022-12-12 00:00:00+00:00,0.836943534479,221170.38929023434,281943640.8234587,237367.97573150755,302592003.87269306,10643831.491370358,13568546009.34072,-20648363.04923439,-16197.586441273219,183576661413.73813
2022-12-13 00:00:00+00:00,0.865837129863,559980.5537546938,739399390.9372277,570967.2639309433,753906264.0031829,11454496.591069002,15124539140.048626,-14506873.065955162,-10986.7101762495,183800933727.05377
2022-12-14 00:00:00+00:00,0.858163679211,320141.05294420786,418791923.12622863,359663.43196105055,470493049.74766123,11935701.169545474,15613665291.2335,-51701126.6214326,-39522.37901684269,183723598028.57394
2022-12-15 00:00:00+00:00,0.831946780758,197848.87047888344,250106357.30140316,241507.89678910395,305296968.2325927,11891997.0954787,15033010132.380259,-55190610.93118954,-43659.026310220506,183135886747.71738
2022-12-16 00:00:00+00:00,0.773711748906,417826.5637679082,486579182.9556725,515619.17842862476,600463398.7211928,11794147.613730617,13734853662.237198,-113884215.76552033,-97792.61466071656,181407651634.69193
2022-12-17 00:00:00+00:00,0.788530923041,272212.6404557031,323139150.045058,257556.67854107218,305741298.61443263,11808764.881444937,14017990643.211887,17397851.43062538,14655.961914630898,181443322280.47513
2022-12-18 00:00:00+00:00,0.788911395205,90693.11524289005,107689085.47587886,181300.21597362476,215276037.2437375,11718133.821895845,13914122493.02857,-107586951.76785862,-90607.1007307347,181404740152.22003
2022-12-19 00:00:00+00:00,0.777389651984,172305.1609547245,201103338.56287384,228692.84988993185,266915369.0086403,11661709.03744496,13610785700.117563,-65812030.44576645,-56387.68893520735,180951676859.17102
2022-12-20 00:00:00+00:00,0.808551206596,239507.9147496294,291669990.6102268,260325.2142497419,317021059.0961065,11640855.686324798,14176100494.52703,-25351068.48587972,-20817.29950011251,181528619515.99686
2022-12-21 00:00:00+00:00,0.8057080071,131101.84382793467,158944856.62823582,175938.68547423335,213304011.00052047,11595987.087427936,14058707728.72671,-54359154.37228465,-44836.84164629868,181359951106.44525
2022-12-22 00:00:00+00:00,0.808533062292,138172.56726349654,168134742.76966262,170249.5926448275,207167544.41849506,11563880.397113876,14071462190.321066,-39032801.64883244,-32077.025381330954,181392823463.95547
2022-12-23 00:00:00+00:00,0.811961600651,224669.02563562064,274066476.4415276,251703.28337469665,307044692.91261894,11536821.163675645,14073394927.134651,-32978216.47109133,-27034.257739076013,181075908717.66464
2022-12-24 00:00:00+00:00,0.812103234474,30974.527642192406,37806909.86772267,68822.29631436968,84003164.91357179,11498955.927923433,14035403392.164373,-46196255.04584912,-37847.76867217728,181150984926.38644
2022-12-25 00:00:00+00:00,0.810416390467,90955.55725156271,110764084.80893536,67840.77954539063,82615313.30391392,11522056.258666305,14031358337.770086,28148771.505021438,23114.777706172084,181112833067.6988
2022-12-26 00:00:00+00:00,0.814582873304,87978.77348108942,107719267.49278897,65682.0823426664,80419691.22101772,11544333.792814897,14134627372.607836,27299576.271771252,22296.69113842302,181163155732.11932
2022-12-27 00:00:00+00:00,0.806833491648,83292.28404250336,100914897.47586372,130905.11688914624,158601443.12038624,11496693.906000996,13929113604.850166,-57686545.64452252,-47612.83284664288,180990979949.65448
2022-12-28 00:00:00+00:00,0.792903590025,126096.56352828466,149816326.467173,167164.486909018,198609451.70691592,11455595.996079005,13610484390.715727,-48793125.239742905,-41067.92338073332,180603473093.91193
2022-12-29 00:00:00+00:00,0.801456527302,85281.9823338083,102416920.81475824,187054.6058482172,224637798.40631184,11353793.008511383,13635008095.243227,-122220877.5915536,-101772.62351440892,180603063825.7775
2022-12-30 00:00:00+00:00,0.800593267926,212063.56246820488,254175846.70665863,158208.56125035908,189626141.0683482,11407616.04728153,13672978205.093502,64549705.63831043,53855.0012178458,180445791792.7889
2022-12-31 00:00:00+00:00,0.801256024125,148074.51216835086,176998036.83364448,102775.00334023328,122850135.11380418,11452892.179604119,13689995679.692709,54147901.7198403,45299.508828117585,179807396478.27457
2023-01-01 00:00:00+00:00,0.804276161795,43754.93603944835,52506182.24791783,68160.5185616853,81793025.73967506,11428469.45658557,13714230996.960903,-29286843.49175723,-24405.582522236946,179833173040.41476
2023-01-02 00:00:00+00:00,0.813642536858,71534.62542905034,86902964.73074543,99340.42037923321,120682494.6209624,11400638.582401453,13849926335.56258,-33779529.89021696,-27805.79495018287,179960226900.70428
2023-01-03 00:00:00+00:00,0.813232066457,76336.88774720483,92690213.8740548,101465.48558674056,123202004.13481195,11375479.318051586,13812399771.93983,-30511790.26075715,-25128.597839535723,179960120912.15308
2023-01-04 00:00:00+00:00,0.838466602499,241081.79901644823,302779963.36455834,223295.09280756465,280441245.65018415,11393228.105608242,14309007160.614237,22338717.714374185,17786.70620888358,180537376632.10233
2023-01-05 00:00:00+00:00,0.835082207446,203231.85071847483,254069912.67659485,150169.33485197995,187733909.11740842,11446253.451892162,14309512041.126377,66336003.55918643,53062.51586649488,180435025628.66925
2023-01-06 00:00:00+00:00,0.845719030776,163796.99837442834,207899709.0889834,205912.60877771906,261355042.44578832,11404092.015075302,14474669474.33571,-53455333.35680494,-42115.61040329072,180887746136.16586
2023-01-07 00:00:00+00:00,0.841983275157,31493.026211264343,39791569.73457308,61294.41988133473,77445754.71048121,11374262.141836954,14371427571.299421,-37654184.97590813,-29801.39367007039,180867699495.51645
2023-01-08 00:00:00+00:00,0.854887323291,90998.18230134547,116899907.49103491,80297.48968708048,103153369.4277237,11384932.02997476,14625539405.704058,13746538.063311204,10700.69261426499,181117252835.86554
2023-01-09 00:00:00+00:00,0.876079984169,196094.0622098619,258966040.65089867,234421.16424082246,309581636.81290066,11346554.580184521,14984504280.986483,-50615596.162002,-38327.10203096055,181685237682.34396
2023-01-10 00:00:00+00:00,0.885226984761,156578.67609686576,209135310.29237866,182889.84228794035,244277987.7162228,11320198.934177049,15119896116.671537,-35142677.42384413,-26311.16619107459,181854259742.14438
2023-01-11 00:00:00+00:00,0.912329613617,177131.85935398372,244533029.02470064,166297.82654409946,229576493.99358797,11330989.095051248,15642590188.823746,14956535.03111267,10834.032809884258,182377261441.9618
2023-01-12 00:00:00+00:00,0.933327786276,241315.13124894098,341978446.2755843,239658.66166734466,339630989.2765754,11332598.553075008,16059931366.042486,2347456.999008894,1656.4695815963205,183003696686.0352
2023-01-13 00:00:00+00:00,0.951605377873,206989.24047250024,300110398.3976192,239322.14965169135,346989367.72457916,11300208.32833408,16383991823.202961,-46878969.32695997,-32332.909179191105,183634068860.70035
2023-01-14 00:00:00+00:00,1.011178324706,307283.4137138826,476775082.89672804,265483.19772168814,411918665.15549517,11341952.077799832,17597956481.76056,64856417.74123287,41800.215992194484,184935835164.82
2023-01-15 00:00:00+00:00,1.010706549237,104943.58875938927,162905991.86611915,132381.25285824327,205498016.18464437,11314476.498629425,17563683863.348072,-42592024.318525225,-27437.664098854002,185109879545.9532
2023-01-16 00:00:00+00:00,1.023472567487,185152.17387799715,292161221.2161399,210304.23557096336,331849964.2992368,11289275.559294438,17813933614.532307,-39688743.08309686,-25152.061692966206,185818580865.15323
2023-01-17 00:00:00+00:00,1.017808781308,220303.60049346148,345918535.30897087,220249.6388412952,345833805.25626904,11289280.9819388,17726317378.456074,84730.05270183086,53.96165216626832,185932579848.05643
2023-01-18 00:00:00+00:00,0.987585722367,207473.12359657907,315354637.0542936,250217.09034164588,380324537.1815098,11246467.866620691,17094386640.253109,-64969900.12721622,-42743.966745066806,185493467550.57727
2023-01-19 00:00:00+00:00,1.004798791336,390881.7159546753,605993593.9408475,210663.00613910172,326596069.83361673,11426645.317948192,17715010910.6503,279397524.1072308,180218.70981557356,185955158591.6432
2023-01-20 00:00:00+00:00,1.06577495116,248155.13712998037,411459265.75279665,202453.6511684508,335682878.1469529,11472300.566007541,19021908722.011993,75776387.60584372,45701.48596152957,187500006353.5455
2023-01-21 00:00:00+00:00,1.047323247192,97873.00070193125,159349547.19546926,160808.31788729574,261816154.16742837,11409332.140103023,18575826809.1218,-102466606.97195911,-62935.31718536449,187357215726.4486
2023-01-22 00:00:00+00:00,1.046949461025,84189.07454025079,137082282.9530001,137339.03052508173,223624596.7275588,11356154.372865772,18490850214.238472,-86542313.7745587,-53149.95598483094,187440637134.79318
2023-01-23 00:00:00+00:00,1.046550321063,215435.65144097677,350715357.0339567,182982.96867437728,297884480.86713094,11388569.183928723,18539856707.7082,52830876.16682577,32452.682766599493,187473747779.03915
2023-01-24 00:00:00+00:00,1.002639933816,290192.1817458043,450883796.87765324,225999.83984825382,351145455.6476711,11452713.19008295,17794562129.92906,99738341.22998214,64192.341897550505,186764943647.347
2023-01-25 00:00:00+00:00,1.033054736032,198849.6869942089,319696982.4242025,286495.46391574683,460607892.70819265,11365025.495141188,18271913880.742393,-140910910.28399014,-87645.77692153794,187564446370.8888
2023-01-26 00:00:00+00:00,1.029680747209,103092.1748352981,165146969.6924412,161587.0810346708,258852010.99847043,11306490.276207367,18112263224.20517,-93705041.30602923,-58494.906199372694,187499982310.00183
2023-01-27 00:00:00+00:00,1.027282334434,313185.2576276859,500476068.6290681,210965.58604932393,337127066.3305301,11408664.148561068,18231264857.840134,163349002.29853797,102219.67157836197,187477750528.11172
2023-01-28 00:00:00+00:00,1.011052641492,106335.54571184011,166966736.8206647,126678.6288381579,198909190.15303713,11388294.128799712,17881756245.389736,-31942453.332372427,-20343.083126317797,187169859464.07303
2023-01-29 00:00:00+00:00,1.050660991346,107512.63625335552,176997713.46597886,169884.4841951519,279680289.7199038,11325886.431579968,18645771057.469,-102682576.25392497,-62371.84794179637,188843894856.28333
2023-01-30 00:00:00+00:00,1.004587534856,221788.65777861344,347318457.4387059,226478.1056341852,354662078.2160236,11321156.207747295,17728798892.963852,-7343620.777317703,-4689.447855571751,187870132653.55832
2023-01-31 00:00:00+00:00,1.014968784965,293347.78220588464,464903749.9746738,201013.82919222268,318570954.5356099,11413438.418423787,18088257838.2888,146332795.4390639,92333.95301366196,188183576460.15756
2023-02-01 00:00:00+00:00,1.046974172249,86036.65138749189,141263759.51532468,143553.31917585662,235700497.7605745,11355863.978166338,18645217035.186058,-94436738.24524981,-57516.667788364735,189000156975.62244
2023-02-02 00:00:00+00:00,1.04863315802,154487.41515525896,254338453.06401992,269819.06107749813,444213287.7468957,11240464.270742603,18505599899.31154,-189874834.68287575,-115331.64592223917,189209188925.0162
2023-02-03 00:00:00+00:00,1.058472560857,272111.7508945,453230760.9163296,188772.32217925077,314420170.904033,11323744.986833494,18860889101.38556,138810590.01229662,83339.42871524923,189642190750.02945
2023-02-04 00:00:00+00:00,1.061263587673,67979.43221426137,113596823.00541762,111834.37007702632,186880483.25442117,11279843.97892293,18849148900.85856,-73283660.24900356,-43854.93786276496,189760485264.15485
2023-02-05 00:00:00+00:00,1.037379845004,99327.04690513913,162014446.15257782,99642.02272551907,162528209.87233326,11279485.569735449,18398207380.63372,-513763.71975544095,-314.9758203799429,189490603725.04755
2023-02-06 00:00:00+00:00,1.028827578105,139304.67994115053,224876037.4611992,186984.84474036234,301844927.0209274,11231750.343917947,18131131790.839592,-76968889.55972824,-47680.16479921181,189091283177.77264
2023-02-07 00:00:00+00:00,1.061084571383,233088.6427213099,389892573.1041588,154998.5866165737,259269593.99604735,11309758.529808506,18918085424.03342,130622979.10811147,78090.0561047362,189978771857.27652
2023-02-08 00:00:00+00:00,1.047727336256,144483.6321395257,238431657.4209516,182040.24877674368,300408825.48721236,11272120.336416338,18601624936.067207,-61977168.066260755,-37556.61663721799,189811279244.97507
2023-02-09 00:00:00+00:00,0.988964496252,224792.60046537538,347444941.36995685,257938.6275514704,398676251.5364548,11238889.585810604,17371102630.252514,-51231310.166497946,-33146.02708609501,188339493254.35672
2023-02-10 00:00:00+00:00,0.965671773336,390979.4253498391,592040589.6945362,363970.07369798823,551141679.3108994,11265845.142589454,17059305859.017963,40898910.38363683,27009.351651850855,188965736778.76932
2023-02-11 00:00:00+00:00,0.981026059154,128847.9053435202,198449153.72286385,97110.61656930359,149567970.26932025,11297551.677279685,17400279527.394154,48881183.4535436,31737.288774216606,189193429777.6591
2023-02-12 00:00:00+00:00,0.965871970915,51945.92185994269,78634360.90099144,85832.03996513045,129930269.13034813,11263634.665615322,17050591877.856615,-51295908.22935669,-33886.11810518776,188866976958.67398
2023-02-13 00:00:00+00:00,0.962126546613,317593.73050215165,478366900.88678336,351798.1709437905,529886407.0960614,11229373.725754702,16913938129.683441,-51519506.20927805,-34204.44044163887,188655285317.56866
2023-02-14 00:00:00+00:00,0.991449034797,251549.84522563222,391770444.2767303,222059.03761230854,345840673.21927583,11258737.51485159,17534658366.54407,45929771.05745447,29490.807613323675,189293435866.01086
2023-02-15 00:00:00+00:00,1.055848690206,245516.63593719713,410710844.5714985,276257.1808716533,462134957.33853793,11227911.617846232,18782536041.7506,-51424112.76703942,-30740.54493445618,190916730778.55853
2023-02-16 00:00:00+00:00,1.038929310162,290402.0994895032,477390787.0284425,264330.98219918687,434532587.2295639,11253888.170257386,18500219317.19349,42858199.79887861,26071.117290316324,190664724620.55316
2023-02-17 00:00:00+00:00,1.067263324075,98135.45463556527,166442226.70961276,160914.6300328565,272918584.1374371,11191031.836189872,18980502662.475685,-106476357.42782435,-62779.17539729124,191487828651.32364
2023-02-18 00:00:00+00:00,1.064316147695,88857.5064467198,150252393.00398207,77644.69261768185,131292237.83542246,11202196.667449078,18942202223.452007,18960155.16855961,11212.813829037943,191438009658.23233
2023-02-19 00:00:00+00:00,1.059821200692,100811.9184138433,169687362.0211593,97854.78915499606,164709900.3183725,11205108.05539051,18860520234.085396,4977461.702786803,2957.1292588472425,191369973957.52682
2023-02-20 00:00:00+00:00,1.069569114477,165792.9503396679,281994721.2631117,114003.39022842747,193906641.89672294,11256830.85357723,19146573315.433678,88088079.36638877,51789.56011124044,191615070821.52005
2023-02-21 00:00:00+00:00,1.043540090693,175671.0044664912,290752145.3868212,179875.72769952266,297711360.45179164,11252559.34105156,18624051131.484966,-6959215.064970434,-4204.723233031458,191104819633.05084
2023-02-22 00:00:00+00:00,1.035299294168,138769.79218734853,227851838.40223598,190071.20335518927,312085738.75599897,11201184.820562406,18391686788.740795,-84233900.35376298,-51301.411167840735,191092069386.75897
2023-02-23 00:00:00+00:00,1.039405810967,278165.8020087612,458804694.401501,166137.35600960613,274025772.7664881,11313139.732157767,18659812169.759964,184778921.63501292,112028.44599915508,191197485090.57495
2023-02-24 00:00:00+00:00,1.016996201283,171045.21256122072,275091851.71462893,221752.84905449883,356644894.9722146,11262372.090802915,18113262258.358875,-81553043.25758564,-50707.636493278114,190539738358.09082
2023-02-25 00:00:00+00:00,1.010473992041,41360.5402839665,65924727.15607804,74998.1137904564,119539787.31687346,11228699.077610869,17897467439.422226,-53615060.16079542,-33637.5735064899,190052467540.78027
2023-02-26 00:00:00+00:00,1.034829913295,115391.03538706317,189308053.40105194,83424.42212667322,136864314.51050785,11260631.182311002,18473949575.371227,52443738.89054409,31966.613260389946,191013120009.5097
2023-02-27 00:00:00+00:00,1.031598062192,292235.8989525653,477405134.59003603,235061.01494580007,384002567.3754929,11317763.070351316,18489029654.553947,93402567.21454316,57174.884006765205,190799727540.97482
2023-02-28 00:00:00+00:00,1.015403600275,85305.92955869582,137057858.04239652,142253.17791019613,228552879.7934303,11260762.726684552,18092247833.50027,-91495021.75103378,-56947.24835150031,190641772477.6559
2023-03-01 00:00:00+00:00,1.042701780437,96917.4657492835,161048525.54137567,191282.4160560412,317855515.8211526,11166331.582470626,18555182217.775703,-156806990.27977696,-94364.9503067577,192008940686.47226
2023-03-02 00:00:00+00:00,1.034281000671,162526.42231893627,267819974.13577262,149773.7109519072,246805355.2218315,11179027.840622267,18421416680.56459,21014618.913941115,12752.711367029056,191956773185.72272
2023-03-03 00:00:00+00:00,0.99018783893,269829.23917731293,423407658.8805634,215466.0927260879,338102698.4601371,11233320.38840625,17626977349.12598,85304960.42042625,54363.14645122504,190928378982.18927
2023-03-04 00:00:00+00:00,0.988590635133,43305.11107131078,67810737.8344583,81602.83155026913,127780487.7972172,11194983.142568044,17530033941.993164,-59969749.9627589,-38297.72047895835,190835403231.7496
2023-03-05 00:00:00+00:00,0.987402151623,48830.27362951322,76352485.54987194,83384.92573258058,130383179.6106499,11160388.428152202,17450719253.729965,-54030694.06077796,-34554.65210306736,190788829489.24283
2023-03-06 00:00:00+00:00,0.989863683307,243199.7466923501,381224373.5532163,133614.6349962224,209445758.95637137,11269913.708976286,17665996170.375256,171778614.5968449,109585.11169612771,190787073395.14178
2023-03-07 00:00:00+00:00,0.985863992424,138184.36560122352,215571464.63987485,143962.47920767593,224585483.03174645,11264072.731288778,17572267643.514782,-9014018.391871601,-5778.113606452418,190641157490.28705
2023-03-08 00:00:00+00:00,0.971574960145,117115.51104403728,179681851.44425446,165357.2215370219,253695615.98273498,11215772.653668856,17207548153.303837,-74013764.53848052,-48241.71049298461,190243134076.43784
2023-03-09 00:00:00+00:00,0.916332822572,216713.92324082318,311346155.5029718,242822.91448213955,348856131.4449021,11189584.596650666,16075728286.138071,-37509975.941930294,-26108.99124131637,188882623194.7362
2023-03-10 00:00:00+00:00,0.916628042033,415227.05826192664,595497561.505969,434852.19090747373,623642930.1714245,11169884.418258492,16019281019.929523,-28145368.66545546,-19625.1326455471,188488399511.37802
2023-03-11 00:00:00+00:00,0.944032449934,615393.0370430177,909086667.5360295,976601.2066584806,1442679853.4133604,10808449.758407144,15966735046.782955,-533593185.8773309,-361208.1696154629,188504675838.29114
2023-03-12 00:00:00+00:00,1.007535120017,254826.05337404978,404281515.2845829,276571.7854335746,438781117.62741184,10786655.386916108,17113027992.76151,-34499602.34282893,-21745.732059524802,189685401982.77106
2023-03-13 00:00:00+00:00,1.057541458189,425346.3610737208,713682942.9236218,474148.3192617578,795567092.7072312,10737766.131075066,18016753484.163548,-81884149.78360939,-48801.95818803698,191123528335.12738
2023-03-14 00:00:00+00:00,1.072194457327,510107.44742546947,870698853.6184618,495665.9404350112,846048745.7939682,10752129.039918076,18352734264.641926,24650107.824493647,14441.506990458292,191768311892.4314
2023-03-15 00:00:00+00:00,1.042214831224,515615.49056702113,853566589.5087086,499670.0570057502,827170002.1444223,10768013.201677121,17825717947.753532,26396587.364286304,15945.43356127094,191335076430.1469
2023-03-16 00:00:00+00:00,1.053502183777,207744.8539568338,348441756.9293137,283989.9960444655,476324545.6498457,10691719.561264662,17932774158.13467,-127882788.720532,-76245.14208763171,191779596045.7943
2023-03-17 00:00:00+00:00,1.114481686115,247689.4360867969,443616846.22861844,279056.0504937808,499795094.1988681,10660295.606685402,19092807475.428135,-56178247.97024965,-31366.61440698392,193581051876.7507
2023-03-18 00:00:00+00:00,1.098631339233,269205.69112770015,474977167.43264276,236548.58740695746,417358108.35237086,10692915.192094851,18866208022.06395,57619059.0802719,32657.103720742685,193451302592.45554
2023-03-19 00:00:00+00:00,1.118952838426,128339.54149482441,231235833.1330787,164245.80278590435,295929957.388398,10656973.327942107,19201207028.33482,-64694124.2553193,-35906.261291079936,193962569611.29184
2023-03-20 00:00:00+00:00,1.081583557838,235655.4211339672,409422388.8998507,257716.37952049394,447750598.1155312,10634866.526625236,18476776125.114815,-38328209.21568048,-22060.958386526734,193494219711.24612
2023-03-21 00:00:00+00:00,1.117792413795,275390.57190572115,497104931.05001634,254109.31073130295,458690326.6735519,10656104.650778133,19235234274.83312,38414604.37646443,21281.261174418207,194523173746.55234
2023-03-22 00:00:00+00:00,1.07983282199,488195.84467737615,848615826.991752,521713.3163452519,906878217.4815847,10622540.700262357,18464835904.25453,-58262390.48983264,-33517.47166787577,193906863323.26022
2023-03-23 00:00:00+00:00,1.124169364759,214670.83805537902,390537969.8948196,429856.86843611253,782013198.7423315,10407291.83668659,18933371028.9704,-391475228.8475119,-215186.03038073351,194934733144.33997
2023-03-24 00:00:00+00:00,1.085743143537,335801.7686138461,588033562.2070211,292998.6428185119,513079595.64834774,10450039.8935864,18299409825.01936,74953966.55867338,42803.12579533423,194276707416.52695
2023-03-25 00:00:00+00:00,1.080988683074,84654.26442625285,147507493.87039503,139933.5247562134,243829932.0788698,10394723.04252622,18112490326.055992,-96322438.20847476,-55279.26032996054,194165840850.48264
2023-03-26 00:00:00+00:00,1.101010754016,65676.60684510937,116807772.60030895,86800.37702789232,154377017.76230127,10373565.312807614,18449690328.408234,-37569245.16199231,-21123.770182782944,194580017506.74838
2023-03-27 00:00:00+00:00,1.064175357484,254713.8683912064,436801950.739777,228866.90720891027,392477693.3429151,10399330.431844307,17833531592.557533,44324257.39686191,25846.96118229613,194108145943.50107
2023-03-28 00:00:00+00:00,1.09719088853,173729.00564685932,308355167.83041316,186800.0574902413,331555245.2721673,10386191.46667041,18434663808.14951,-23200077.441754162,-13071.051843381982,194857940142.59546
2023-03-29 00:00:00+00:00,1.1072137744,185189.09929368526,332367924.4131594,188333.8504144011,338011962.8947695,10382975.427192241,18634833287.330513,-5644038.481610119,-3144.7511207158386,195248989462.11594
2023-03-30 00:00:00+00:00,1.105082033271,143110.38424823238,256424700.163237,199255.13763101122,357024678.4774995,10326760.08743429,18503453631.183495,-100599978.31426248,-56144.75338277884,195301313896.51022
2023-03-31 00:00:00+00:00,1.121004215258,272868.7387805085,497713098.9590747,240167.5002569951,438065977.6432475,10359394.127375063,18895554608.113956,59647121.31582719,32701.238523513428,195986152893.02676
2023-04-01 00:00:00+00:00,1.119787257568,102177.1220324026,186209217.6962641,115155.51027592552,209861239.5355405,10346371.91453261,18855393280.589287,-23652021.839276403,-12978.388243522917,196027912910.63098
2023-04-02 00:00:00+00:00,1.104527307785,51327.2378521266,92119859.6539858,92065.60500055457,165235281.8214041,10305596.220022852,18496028953.948822,-73115422.1674183,-40738.36714842797,195719386392.92526
2023-04-03 00:00:00+00:00,1.113221095039,336990.44739160134,610352148.5345874,283068.69068733876,512689854.80505246,10359449.281747313,18762882377.49954,97662293.72953492,53921.756704262574,195966690542.65005
2023-04-04 00:00:00+00:00,1.142888851129,186077.0660196181,347627531.80024844,249930.52207573736,466917994.62044424,10295530.58076249,19234019328.244934,-119290462.8201958,-63853.45605611926,196885394082.7672
2023-04-05 00:00:00+00:00,1.164360115837,643937.4686058064,1230645298.0286052,203077.854362125,388107260.0816096,10736312.838615958,20518440931.24998,842538037.9469956,440859.6142436813,197693086521.1094
2023-04-06 00:00:00+00:00,1.142085574466,81791.81973690285,153121481.35940805,157511.9286776753,294876186.01082796,10660534.853631416,19957458999.229916,-141754704.6514199,-75720.10894077246,197429820237.79413
2023-04-07 00:00:00+00:00,1.138695219648,77201.09039712201,144083670.9333193,95462.88933365417,178166441.20361885,10642223.897490442,19862034048.445023,-34082770.270299554,-18261.798936532155,197408792826.2599
2023-04-08 00:00:00+00:00,1.130420179034,101966.64334581145,188816742.7214487,68552.92579860227,126942887.67963992,10675601.004503239,19768545301.897778,61873855.04180877,33413.71754720918,197298515053.10794
2023-04-09 00:00:00+00:00,1.135399016894,69335.89374558465,129043308.8106704,82934.9311413202,154352923.89438033,10661968.481095517,19843339674.600483,-25309615.083709925,-13599.037395735548,197428118728.39838
2023-04-10 00:00:00+00:00,1.162323883641,160244.12486784245,306405354.2229025,154945.7601402667,296274266.2813391,10667217.855653757,20396957881.170822,10131087.941563368,5298.364727575739,198136594480.06693
2023-04-11 00:00:00+00:00,1.150039563638,122345.76351507951,231444327.32900032,150646.87426766678,284982196.9912283,10638856.007751776,20125771432.704464,-53537869.66222796,-28301.110752587265,198115717821.91187
2023-04-12 00:00:00+00:00,1.166899613577,233638.91093420945,449002460.0819394,224470.04300375184,431381918.0220548,10647970.047088368,20463050126.816235,17620542.059884608,9168.867930457607,198354473192.84726
2023-04-13 00:00:00+00:00,1.236794111212,237414.7886894762,477408622.831477,285289.9907847804,573679097.0772582,10600025.172668433,21315198802.89135,-96270474.24578124,-47875.20209530421,195817741628.74838
2023-04-14 00:00:00+00:00,1.280443780192,300182.55910894024,631053076.0671432,286860.6197319106,603047282.3661054,10613273.565292545,22311552511.248104,28005793.701037765,13321.93937702966,197734425093.22058
2023-04-15 00:00:00+00:00,1.257199275099,86048.84648788063,180228295.74495575,100575.17003652373,210653509.3703412,10598701.287579436,22198855047.282314,-30425213.625385463,-14526.323548643108,200647410723.2705
2023-04-16 00:00:00+00:00,1.280949256311,113607.60166810335,240776245.3490533,91003.0851903604,192868970.4349853,10621263.207303632,22510358799.666634,47907274.91406798,22604.516477742945,199264879454.52753
2023-04-17 00:00:00+00:00,1.266080249605,123770.27988408081,257019675.9601207,131177.29646039777,272400985.60940987,10613788.026781842,22040447528.3387,-15381309.649289161,-7407.016576316964,197532832408.82153
2023-04-18 00:00:00+00:00,1.272464387279,177830.44927243283,373736204.6974785,136427.20664363593,286721349.6736928,10655085.962058164,22393191967.278664,87014855.02378565,41403.2426287969,198907698190.27924
2023-04-19 00:00:00+00:00,1.180209945461,480512.66761601676,930405494.6604153,512514.95903801237,992370786.7066641,10622919.899005722,20568912558.348003,-61965292.04624879,-32002.291421995615,197572366675.6061
2023-04-20 00:00:00+00:00,1.189001185487,248606.5462124191,483042683.18797445,240582.83667311177,467452610.2633608,10630811.158091323,20655673088.678173,15590072.924613655,8023.70953930734,196784402822.3524
2023-04-21 00:00:00+00:00,1.143956693397,206352.4357827275,381667601.1774166,197606.0608926421,365490385.1894641,10639473.216648022,19678673551.811417,16177215.98795253,8746.374890085397,194696371883.52
2023-04-22 00:00:00+00:00,1.163183692355,38093.384490732366,71446291.78279026,88917.69788819052,166770158.9896592,10588594.225821385,19859505862.800232,-95323867.20686893,-50824.31339745816,194162872211.15707
2023-04-23 00:00:00+00:00,1.160532359194,145061.16240926523,270222444.18276733,104196.66432438834,194099349.83141428,10629397.363085484,19800625390.958294,76123094.35135305,40864.49808487689,193280697367.9109
2023-04-24 00:00:00+00:00,1.154681167363,175734.18111475508,323854849.83929574,149949.31309117546,276336748.87036985,10655108.069596734,19635954724.41069,47518100.96892589,25784.86802357962,192175351713.17365
2023-04-25 00:00:00+00:00,1.163524163885,195916.31395123838,365982576.49958503,253036.96067816697,472687123.1441641,10597912.043337997,19797489432.66756,-106704546.64457905,-57120.64672692859,193317992321.14313
2023-04-26 00:00:00+00:00,1.161761477339,288933.0815227055,539408311.9610621,224019.76279965937,418221829.9851755,10662745.363128453,19906247657.362072,121186481.97588658,64913.31872304613,193487438885.80566
2023-04-27 00:00:00+00:00,1.182585349423,267926.60753213766,511569764.5812694,191509.48440550477,365661562.1524371,10739098.60501308,20504862117.968636,145908202.4288323,76417.12312663288,194401132574.9088
2023-04-28 00:00:00+00:00,1.174488664706,148173.6512400264,280631303.82436085,163854.00204612614,310328873.2256233,10723351.731373752,20309334031.783134,-29697569.401262462,-15680.350806099741,194156108654.09036
2023-04-29 00:00:00+00:00,1.179783460328,54121.85958381236,103148088.73951459,76821.21511765043,146409631.43111905,10700598.189752234,20393723721.432865,-43261542.691604465,-22699.35553383807,194497592590.04596
2023-04-30 00:00:00+00:00,1.167872370965,124733.48481824221,235191517.91229278,106012.31441971048,199891770.6989333,10719244.790154835,20211697418.248077,35299747.213359475,18721.17039853173,194384541418.91507
2023-05-01 00:00:00+00:00,1.135502020403,653613.3827603299,1197271651.2473357,204111.59909870848,373886211.2333068,11168600.772454536,20458346541.93757,823385440.0140288,449501.7836616214,194215454833.78888
2023-05-02 00:00:00+00:00,1.158875434642,103243.48639653636,193304006.52437884,182130.25493033283,341004640.7394565,11089541.701728638,20763080716.104527,-147700634.21507764,-78886.76853379646,194498692705.30533
2023-05-03 00:00:00+00:00,1.176506935975,96449.80584684909,183746174.9175356,141580.7965777205,269725061.4920106,11044264.808043351,21040388784.98803,-85978886.57447499,-45130.9907308714,194928782490.78986
2023-05-04 00:00:00+00:00,1.160330920074,224278.1102915104,420980216.819162,157139.00261156814,294957057.129569,11111249.539644847,20856320905.55635,126023159.68959302,67139.10767994227,194726090051.77628
2023-05-05 00:00:00+00:00,1.220549404736,310703.948624614,620039290.300807,296532.7261137018,591759267.5097973,11125004.978510574,22201005883.586594,28280022.791009665,14171.222510912165,196789715699.74014
2023-05-06 00:00:00+00:00,1.166227129193,298253.378841909,566778290.788787,390199.9339645338,741506609.2362411,11032758.13937141,20965823841.45768,-174728318.4474541,-91946.55512262479,196103486072.63406
2023-05-07 00:00:00+00:00,1.168010131934,85008.91258897386,161541356.31884333,109220.56002181175,207550442.25934005,11008341.954246474,20919012324.14138,-46009085.94049671,-24211.647432837883,195784536773.47556
2023-05-08 00:00:00+00:00,1.141602686815,269938.350557437,499452967.9445984,329131.5828991664,608975144.0794797,11798384.23264575,21829940094.75444,-109522176.13488132,-59193.232341729396,195023310527.94418
2023-05-09 00:00:00+00:00,1.143253247398,175859.86813050488,325027738.4266847,191495.20153321384,353925275.47964334,11782532.4388121,21776712971.740536,-28897537.052958667,-15635.333402708959,194515794442.2204
2023-05-10 00:00:00+00:00,1.141727968356,212211.09190137143,390990881.4887118,256511.13981112698,472612038.17300826,11738023.282226782,21626862332.841194,-81621156.68429649,-44300.04790975555,194155904438.2211
2023-05-11 00:00:00+00:00,1.117492618158,195953.464054693,351852519.44169277,233363.8713478149,419026356.4694009,11700394.16614286,21009136968.710064,-67173837.02770811,-37410.40729312188,193306918301.11978
2023-05-12 00:00:00+00:00,1.125769971514,281255.2507089392,508471304.0460191,215865.95047126437,390256327.8679745,11765643.358869694,21270685637.14005,118214976.17804456,65389.30023767485,193188901873.79556
2023-05-13 00:00:00+00:00,1.122365518764,71270.39865167753,128257013.52042876,90546.99074580247,162946845.19833502,11746287.656856569,21138422168.553955,-34689831.67790626,-19276.592094124935,192883186605.14145
2023-05-14 00:00:00+00:00,1.123806580642,76442.55187505417,137589599.64111194,87132.31449101312,156830194.34276912,11735523.783208385,21122869125.94969,-19240594.701657176,-10689.762615958956,192666800115.1158
2023-05-15 00:00:00+00:00,1.13464153511,238599.11955094695,434085914.3082646,229890.89794209314,418242954.1741592,11744115.64634586,21366194425.530964,15842960.134105384,8708.221608853812,192877306962.3898
2023-05-16 00:00:00+00:00,1.137530289087,103655.37274921818,189097105.70089337,148955.5879369863,271737680.4481316,11698694.653552925,21341771688.164223,-82640574.74723825,-45300.21518776812,192907190272.33936
2023-05-17 00:00:00+00:00,1.139583751853,152141.6721605018,277230970.32775116,140827.86529417319,256615069.29871443,11709894.652519852,21337648067.447895,20615901.02903673,11313.80686632861,192332439820.7702
2023-05-18 00:00:00+00:00,1.129941522772,113089.51291905697,203991478.35653844,128531.40935380454,231845655.11479646,11694333.252979109,21094301912.651024,-27854176.758258015,-15441.89643474757,192010839933.7818
2023-05-19 00:00:00+00:00,1.133419182912,165991.82949080458,300970126.0019546,111178.71947817717,201585061.823399,11749042.297086315,21302920459.420876,99385064.17855561,54813.11001262741,192410009872.0486
2023-05-20 00:00:00+00:00,1.137012819933,41935.544549180995,76294256.4028956,86707.82297966316,157749445.00336772,11704206.89498799,21293720433.068558,-81455188.60047212,-44772.27843048217,192450800166.68155
2023-05-21 00:00:00+00:00,1.130371644797,111926.73013780941,202193718.65659133,88118.6635295567,159184854.59329373,11727946.818909392,21186334815.663372,43008864.0632976,23808.066608252717,192212664881.25943
2023-05-22 00:00:00+00:00,1.137026105869,116299.03015589503,211455526.1463783,147520.47748690573,268222530.6827069,11696626.703111839,21266869984.460686,-56767004.536328584,-31221.4473310107,192322990915.92218
2023-05-23 00:00:00+00:00,1.157415770914,139557.25238452633,258817695.03935054,150584.66485843287,279268724.49126834,11685484.755489515,21671465854.7448,-20451029.451917797,-11027.41247390653,192707078907.59818
2023-05-24 00:00:00+00:00,1.126848295544,166735.57309462447,300314260.1466883,155650.15279446202,280347856.25296694,11696477.428228982,21067003879.175632,19966403.893721342,11085.420300162456,192228653092.2051
2023-05-25 00:00:00+00:00,1.130372934504,150366.9427597176,271703774.4979968,194455.25739281802,351368634.85371155,11652313.881389752,21055011195.300735,-79664860.35571474,-44088.31463310041,192242908439.88678
2023-05-26 00:00:00+00:00,1.139387169421,137917.34614456672,252283286.93277255,190439.93804551222,348359469.4682871,11599730.049100807,21218636423.387188,-96076182.53551456,-52522.591900945496,193073222659.60687
2023-05-27 00:00:00+00:00,1.140078068606,49696.16593233697,90982441.00949483,91174.26792013018,166919465.45577374,11558206.337483795,21160461909.827606,-75937024.44627891,-41478.10198779321,193117293266.5264
2023-05-28 00:00:00+00:00,1.18310549631,155425.03960351978,297061822.6049481,197691.86375410645,377845844.5998942,11515888.120815022,22010164660.794533,-80784021.99494612,-42266.824150586675,194276113090.35214
2023-05-29 00:00:00+00:00,1.17004900622,228506.58318694454,432987604.4639787,171805.00176177424,325546140.1166775,11572519.890304644,21928285807.04557,107441464.34730119,56701.5814251703,194752394560.72324
2023-05-30 00:00:00+00:00,1.170996804122,130946.48080884056,248907360.7684671,139371.04747787217,264921053.09722713,11563993.622105401,21981217934.551132,-16013692.328760028,-8424.566669031614,195203536667.90002
2023-05-31 00:00:00+00:00,1.154448925818,157231.0255270542,294484663.91723853,173141.61713424206,324284286.52010036,11547992.45640851,21628725412.460773,-29799622.60286182,-15910.591607187846,195092838334.76807
2023-06-01 00:00:00+00:00,1.151425435258,110988.26513716807,206646519.30802864,138438.6101230027,257755690.51740628,11520448.938081607,21449661105.867638,-51109171.20937765,-27450.34498583463,194445863502.28973
2023-06-02 00:00:00+00:00,1.173499846915,187078.05202918276,356748867.27723753,205871.82196364526,392587684.6225381,11501583.37306714,21932967527.35242,-35838817.345300555,-18793.7699344625,195405434725.41818
2023-06-03 00:00:00+00:00,1.163425598521,87251.04158224432,165069515.8427355,100923.45056560492,190936232.04875132,11487861.444960367,21733788988.64554,-25866716.206015825,-13672.408983360598,195539879142.83777
2023-06-04 00:00:00+00:00,1.162760485389,79505.08573068924,150448054.91454193,88343.36125214746,167172788.29205623,11478979.01778262,21721755907.290462,-16724733.377514303,-8838.275521458214,195694068953.69293
2023-06-05 00:00:00+00:00,1.117050579602,437739.49682504544,793509144.3497685,740666.6554031306,1342638186.044801,11175935.678115461,20259097526.2026,-549129041.6950325,-302927.15857808513,195134087368.24396
2023-06-06 00:00:00+00:00,1.155542003609,429415.1439240018,808654552.8043629,386939.18582844286,728665811.4087403,11218332.584272094,21125840221.300365,79988741.39562261,42475.95809555892,195959519035.67297
2023-06-07 00:00:00+00:00,1.128287989233,166185.55945015582,304434063.01625466,246863.78825840887,452227897.0552355,11137574.369752316,20402837820.252136,-147793834.03898084,-80678.22880825304,195229017317.89493
2023-06-08 00:00:00+00:00,1.137840449761,87990.73070788391,162539599.2489169,139339.22091940997,257392351.9635908,11086161.78204794,20478751327.16994,-94852752.7146739,-51348.49021152606,195210497199.13754
2023-06-09 00:00:00+00:00,1.133175232876,178681.29636735428,328491619.7555473,171535.9949591523,315355540.7089958,11093247.007705143,20394068948.423073,13136079.046551466,7145.30140820198,195078498295.0652
2023-06-10 00:00:00+00:00,1.087641433307,234522.66760968682,411094881.3710176,233506.9679656353,409314461.0434829,11094179.061069038,19446991079.81076,1780420.3275346756,1015.6996440515213,193789721242.75616
2023-06-11 00:00:00+00:00,1.089851517006,181701.9881999045,318311662.86607265,97723.61060438641,171195512.50334176,11178121.755278831,19582210183.235065,147116150.3627309,83978.37759551809,193279246404.07266
2023-06-12 00:00:00+00:00,1.086535216597,313296.4044152781,545904239.1630565,279799.68266804586,487537778.0668699,11211573.617597584,19535639347.53136,58366461.09618658,33496.72174723225,192831193662.16782
2023-06-13 00:00:00+00:00,1.086535920387,293484.81117606093,509760983.86693245,251637.61450656038,437075559.15675706,11253375.642330222,19546264817.831043,72685424.7101754,41847.196669500554,192219530035.93994
2023-06-14 00:00:00+00:00,1.037512635711,605010.6034053607,998360967.6354685,639784.1837692636,1055742747.6321331,11218550.257652901,18512341151.80178,-57381779.99666464,-34773.580363902845,191245138344.39487
2023-06-15 00:00:00+00:00,1.048858123891,224613.6860785352,373722054.41187614,297872.0897751093,495612583.92682993,11145244.02741727,18543943459.401325,-121890529.51495379,-73258.40369657413,190745643724.66336
2023-06-16 00:00:00+00:00,1.079213598265,164575.30704124997,282513267.03586924,334600.54764985776,574381999.1468047,10975165.113413008,18840188167.908134,-291868732.11093545,-170025.2406086078,191260426720.8096
2023-06-17 00:00:00+00:00,1.085975905811,127150.90154092548,219662905.81454116,114231.04899676392,197342872.545784,10988049.641094912,18982696026.11082,22320033.268757164,12919.852544161564,191282800237.297
2023-06-18 00:00:00+00:00,1.081995341809,95946.09042318533,165038696.78561953,95578.41330475023,164406248.37425876,10988387.405213438,18901334375.722595,632448.4113607705,367.67711843510915,191158346122.93076
2023-06-19 00:00:00+00:00,1.089410090037,156497.53303031132,271520635.1744582,191519.7141332328,332283540.97961456,10953323.325879654,19003835070.921032,-60762905.80515635,-35022.18110292149,191497951476.01086
2023-06-20 00:00:00+00:00,1.117183613256,185613.1088735041,332210222.9313359,182569.46304933264,326762707.5919904,10956323.323544135,19609620440.671192,5447515.339345515,3043.645824171457,192637112625.79315
2023-06-21 00:00:00+00:00,1.170051346603,280377.5017741292,531122258.11080885,384228.1185795345,727847650.6792957,10852416.937133215,20557855580.91462,-196725392.5684868,-103850.6168054053,194672996631.80444
2023-06-22 00:00:00+00:00,1.155649508058,190805.18997567522,357637766.7649929,235170.8816620919,440795079.717209,10808011.80459747,20258113552.66958,-83157312.95221609,-44365.691686416685,195023564331.9246
2023-06-23 00:00:00+00:00,1.161274925393,150772.80244189448,285198369.7306168,165689.17153332112,313413830.8633666,10793052.09335495,20415889414.993984,-28215461.132749796,-14916.369091426634,195861493717.73373
2023-06-24 00:00:00+00:00,1.149083353952,77117.10258838139,144679905.17950377,107383.50500813211,201462902.53337452,10762753.884817887,20192073603.143795,-56782997.35387075,-30266.402419750724,196321381269.01538
2023-06-25 00:00:00+00:00,1.15975933799,105899.66071457062,201188273.2790559,113785.82608430224,216170417.53545475,10754837.187572204,20432049626.645515,-14982144.256398857,-7886.1653697316215,196971799802.5272
2023-06-26 00:00:00+00:00,1.135570992705,214689.74197573544,398800866.58297086,167685.10228334158,311486536.28364235,10801803.94904342,20065088978.609623,87314330.2993285,47004.63969239386,196696274083.37936
2023-06-27 00:00:00+00:00,1.151877631837,161214.29433324886,304524780.77902675,120236.286518143,227119617.06034818,10842734.972280003,20481319625.747814,77405163.71867856,40978.00781510587,197187196091.6823
2023-06-28 00:00:00+00:00,1.120475962425,177447.9084238867,324670863.78315806,169179.96187478473,309543261.70741236,10850953.22102566,19853648242.082092,15127602.075745702,8267.946549101966,196352178821.95428
2023-06-29 00:00:00+00:00,1.134034577193,176519.90258172483,327122347.58472997,171712.45256738097,318213299.30412424,10855686.479263198,20117491533.830246,8909048.280605733,4807.450014343864,196494804666.93228
2023-06-30 00:00:00+00:00,1.177182090708,233047.32489791402,450857436.6851318,233391.11457601143,451522538.21802306,10855266.76547258,21000789219.778236,-665101.5328912735,-343.7896780974115,197609765669.65085
2023-07-01 00:00:00+00:00,1.169316099667,81289.33367270614,156330369.88664502,106305.96108672391,204440723.8562815,10830214.68997813,20827965883.604397,-48110353.96963647,-25016.62741401777,197758660066.6584
2023-07-02 00:00:00+00:00,1.174331730921,89258.32646602852,172768196.9266221,101840.54969594811,197122317.22921157,10817602.886065435,20938525510.05492,-24354120.302589476,-12582.22322991959,198190856389.1286
2023-07-03 00:00:00+00:00,1.178655712511,146178.13506478423,285661870.36954045,163356.2502284535,319231408.69278115,10800373.331690375,21106130853.650806,-33569538.3232407,-17178.115163669252,199361700028.8535
2023-07-04 00:00:00+00:00,1.167773860101,113837.97283818612,220661321.6124627,124362.91253906423,241062660.87022036,10789790.178684387,20914720294.02666,-20401339.257757664,-10524.939700878109,199588435350.01273
2023-07-05 00:00:00+00:00,1.153280951802,141795.91362667593,271134468.090693,121729.74269050338,232765022.56689385,10809761.09010609,20669839830.99776,38369445.52379915,20066.17093617255,199356009129.45233
2023-07-06 00:00:00+00:00,1.123266579428,172261.53242960825,319437561.2524268,158588.41305936448,294082464.0073191,10823360.62358545,20070574511.84863,25355097.24510771,13673.119370243774,198495392836.75232
2023-07-07 00:00:00+00:00,1.133218379455,148497.6836860669,277590813.04380065,132908.14146663452,248448852.09024444,10838881.105030878,20261419193.523174,29141960.95355621,15589.542219432391,198336546393.98444
2023-07-08 00:00:00+00:00,1.131850123768,106663.81956013746,198827394.5194672,109307.57824273512,203755510.28324544,10836196.159000386,20199282734.115585,-4928115.7637782395,-2643.7586825976614,198016416025.4315
2023-07-09 00:00:00+00:00,1.132739257336,114417.57950902346,213117936.50348926,75543.64287666068,140710067.06238484,10875033.062064504,20256193283.75696,72407869.44110441,38873.93663236278,197710217462.7672
2023-07-10 00:00:00+00:00,1.143425772667,96693.05120101136,181815693.13408947,105091.72726892304,197608049.3761281,10889744.862206018,20476409479.098824,-15792356.242038637,-8398.676067911685,197723873560.66928
2023-07-11 00:00:00+00:00,1.142324053566,102517.69539157579,192565853.42308104,106509.48044693426,200063890.64417303,10885698.292201137,20447336176.815193,-7498037.221091986,-3991.785055358472,197706602093.17325
2023-07-12 00:00:00+00:00,1.138983394061,134531.6355161975,251788134.12667724,155374.99828415224,290798374.35851413,10864785.599450182,20334429766.466248,-39010240.231836885,-20843.362767954735,197569782325.95404
2023-07-13 00:00:00+00:00,1.206042871113,362895.8117104996,726524038.0520557,323314.48985610536,647281509.3230845,10904268.410640039,21830544365.77963,79242528.72897124,39581.32185439422,199584793869.93112
2023-07-14 00:00:00+00:00,1.167241376815,214652.37433240298,415381806.4693027,319767.7143022199,618794416.928866,10799081.458933093,20897704852.19195,-203412610.45956331,-105115.33996981694,199329406872.127
2023-07-15 00:00:00+00:00,1.163129050199,89287.184359185,172388354.83389995,118285.56199608932,228376038.2798036,10770049.196687188,20793925531.666492,-55987683.44590366,-28998.37763690432,199578239198.75708
2023-07-16 00:00:00+00:00,1.158803791116,113465.67635210982,218369941.5790108,83328.83468663052,160370196.05734015,10800150.311413145,20785388748.127533,57999745.52167067,30136.841665479296,199683480306.3293
2023-07-17 00:00:00+00:00,1.151318954589,203352.07961322035,388867412.16764426,214101.27575954463,409422953.55307794,10789345.69035602,20632318811.644478,-20555541.385433674,-10749.196146324277,199700969436.6925
2023-07-18 00:00:00+00:00,1.143547373549,290362.5142451366,550933564.7003198,218374.34534315683,414343279.9229496,10861245.871950282,20608117824.287735,136590284.77737015,71988.16890197975,199491075192.3566
2023-07-19 00:00:00+00:00,1.141261389882,184728.47500870566,349047437.2015211,171193.7179345275,323473295.10099,10874720.668016255,20547960347.069416,25574142.1005311,13534.757074178167,199059209679.25388
2023-07-20 00:00:00+00:00,1.14339320592,149331.07173879162,282530926.888383,175573.2465330751,332180513.4202787,10848413.380938321,20524946697.93925,-49649586.53189576,-26242.174794283463,198945635723.17725
2023-07-21 00:00:00+00:00,1.14428920758,81287.13907852037,153804216.2282111,129791.04802904141,245578951.87160996,10799843.424839018,20434492739.869225,-91774735.64339885,-48503.90895052104,198802330282.5259
2023-07-22 00:00:00+00:00,1.128570116816,89556.74429733706,166690553.59850976,102823.65448279912,191384043.9738866,10786537.412815955,20076811711.508274,-24693490.37537685,-13266.910185462053,198287537324.2202
2023-07-23 00:00:00+00:00,1.143740235073,86675.01339978776,163639984.0370175,77879.08773337094,147033524.1221608,10795291.016518874,20381205382.33955,16606459.914856702,8795.92566641682,198462917743.95566
2023-07-24 00:00:00+00:00,1.123805751491,195246.45347508823,361191149.6662097,197163.9334110803,364738342.30513376,10793297.498785086,19966782816.73894,-3547192.6389240623,-1917.4799359920726,197910735636.10944
2023-07-25 00:00:00+00:00,1.129276098219,121592.48201707363,225864539.65618762,109516.87380738251,203433451.44986758,10805311.649017544,20071444393.283268,22431088.206320047,12075.608209691127,197762600118.85385
2023-07-26 00:00:00+00:00,1.136872685278,93064.61418573228,174139542.73690498,125127.99408199928,234135518.24906275,10773190.652269457,20158451312.75811,-59995975.51215777,-32063.379896266997,197879788075.17044
2023-07-27 00:00:00+00:00,1.130420341604,117427.91803086459,218303401.87464157,121412.45925978186,225710830.361569,10769140.89328352,20020282499.20254,-7407428.48692742,-3984.5412289172673,197717639348.189
2023-07-28 00:00:00+00:00,1.139723518603,130127.28306867807,243990642.76163915,131879.83260543758,247276699.9040133,10767311.074377105,20188872678.339504,-3286057.142374158,-1752.549536759514,197785726032.91727
2023-07-29 00:00:00+00:00,1.141998914166,66948.4618622546,125930241.8982883,78081.12974505157,146870820.9714625,10756134.455776712,20232318655.705395,-20940579.073174194,-11132.667882796974,198021681967.7459
2023-07-30 00:00:00+00:00,1.131256432966,106145.91773080117,197591346.07858232,98206.04201820624,182811213.5658363,10764029.434573518,20037313828.694607,14780132.512746006,7939.875712594934,197830202777.95688
2023-07-31 00:00:00+00:00,1.128153844015,137002.274561827,254301586.82523215,178659.69962726336,331625480.3961594,11165068.817373887,20724434877.82947,-77323893.57092726,-41657.42506543634,197806456979.4473
2023-08-01 00:00:00+00:00,1.134506263653,192825.37156360535,360003011.66133165,180906.39603226958,337750405.3139184,11176915.720143491,20867188211.32557,22252606.347413242,11918.975531335775,197843328792.387
2023-08-02 00:00:00+00:00,1.119063210448,181356.67584779958,333387086.06182754,176120.36231239964,323761196.61986315,11182075.851476738,20555955091.362526,9625889.441964388,5236.313535399939,197490140590.65622
2023-08-03 00:00:00+00:00,1.118456223061,184809.95464603032,339295599.78751564,169388.48522817637,310983073.4100412,11197425.331161203,20557535177.631557,28312526.377474427,15421.46941785395,197341166695.78635
2023-08-04 00:00:00+00:00,1.114753465528,137882.30574117857,251810812.53719574,159280.4420048826,290889663.52087015,11175966.869485883,20410373058.14034,-39078850.98367441,-21398.136263704044,196956819689.8893
2023-08-05 00:00:00+00:00,1.120260050214,44901.50798987522,82411348.34063451,79265.81466483806,145482923.76552537,11141552.893184898,20448987965.903202,-63071575.42489086,-34364.30667496284,196966655722.94708
2023-08-06 00:00:00+00:00,1.116120245859,83306.46788599902,152196107.9119551,73535.4446309638,134345012.46317667,11151281.402997386,20372747408.87684,17851095.44877842,9771.023255035223,196789256363.75888
2023-08-07 00:00:00+00:00,1.116434827691,167554.59211771615,305932221.6788643,184988.3092133043,337763851.8106544,11133762.93627325,20328758452.33086,-31831630.1317901,-17433.71709558816,196617308881.28812
2023-08-08 00:00:00+00:00,1.133203462233,183197.98840701467,340144025.7520869,165747.67417551554,307743996.7727633,11151134.876911303,20704331645.33524,32400028.979323566,17450.314231499127,196978541765.25806
2023-08-09 00:00:00+00:00,1.132007068308,150798.85459041913,279780924.509617,148698.15210610683,275883438.12103075,11160551.983430816,20706454040.668148,3897486.388586223,2100.7024843122927,197040180065.68503
2023-08-10 00:00:00+00:00,1.129323271924,112995.92528510632,209143091.45112202,136655.9702615066,252935245.3518182,11136819.692879867,20613034440.186443,-43792153.90069619,-23660.04497640027,197035935055.22272
2023-08-11 00:00:00+00:00,1.126680596493,147470.74422056827,272317325.84224385,160502.58072726615,296381725.1037642,11123730.333727913,20540918226.739,-24064399.261520326,-13031.836506697873,197038936004.95645
2023-08-12 00:00:00+00:00,1.127002190268,113039.45971607883,208965469.58218756,85899.85159700456,158795016.10405383,11150830.530344632,20613496772.34364,50170453.47813374,27139.60811907427,197199310761.1779
2023-08-13 00:00:00+00:00,1.121439125989,34317.20351647074,63107859.912181064,75621.61613437532,139064896.5627513,11109488.834822763,20429871704.069344,-75957036.65057023,-41304.41261790458,197144129849.12796
2023-08-14 00:00:00+00:00,1.124408514879,131586.93869880383,242625530.87668782,129564.69742966475,238896837.388281,11111446.97661551,20487753177.998455,3728693.488406837,2022.2412691390782,197145657978.03558
2023-08-15 00:00:00+00:00,1.116007349337,110920.90744763243,202666074.98893353,142084.15471875784,259605142.23674104,11080199.785166074,20244881260.21695,-56939067.2478075,-31163.24727112541,196827635887.9983
2023-08-16 00:00:00+00:00,1.106067742015,214125.3364996727,386912009.90990454,157958.93413752294,285422592.6247109,11136270.62596932,20122592315.46383,101489417.28519362,56166.40236214976,196401184423.77444
2023-08-17 00:00:00+00:00,1.044129442225,318167.1560743498,537352129.8041574,301938.92085797235,509944282.733841,11152351.851265965,18835193718.746727,27407847.070316374,16228.235216377478,194457159489.38574
2023-08-18 00:00:00+00:00,1.032728458677,350694.04501249787,582381604.0051539,451766.7544301788,750228442.2077191,11051198.271710718,18352220880.8208,-167846838.2025652,-101072.70941768092,193315167718.79346
2023-08-19 00:00:00+00:00,1.041437479039,166760.1311354831,278299695.5759707,141196.843097212,235638087.9691035,11076720.193607831,18485520710.92335,42661607.606867224,25563.2880382711,192647017241.45416
2023-08-20 00:00:00+00:00,1.053022480913,121780.69669840338,205025328.52600217,119680.21975588094,201489045.79091087,11078783.836561006,18651817220.136356,3536282.735091299,2100.4769425224367,192206653702.7327
2023-08-21 00:00:00+00:00,1.048613296382,139800.8708417125,233088186.96254787,176550.9784533233,294361166.89675474,11041966.49508367,18410128172.62308,-61272979.93420687,-36750.107611610816,191148572523.9956
2023-08-22 00:00:00+00:00,1.033068125683,219281.6920352697,357843032.15417206,349846.09612038435,570909439.1832877,10911292.494950015,17806000833.32977,-213066407.02911568,-130564.40408511466,189903507222.91467
2023-08-23 00:00:00+00:00,1.061112019633,241245.22677861317,405025268.5277466,234571.44493393495,393820693.3333245,10917897.922055243,18329998055.037052,11204575.194422126,6673.7818446782185,190209860546.81204
2023-08-24 00:00:00+00:00,1.050951218512,121166.81048690817,200729797.24707943,161590.9663141965,267698074.86772928,10877413.381941188,18019959211.236626,-66968277.620649844,-40424.15582728833,189503224611.77148
2023-08-25 00:00:00+00:00,1.049488393641,118617.43758122456,196070881.4944528,153760.37420654512,254161046.84397778,10842204.431480398,17921821812.8151,-58090165.349524975,-35142.936625320566,189346409595.5955
2023-08-26 00:00:00+00:00,1.046068683736,62894.83447946252,103520395.68356863,78801.08892258331,129700951.9633227,10826264.3868868,17819256261.361362,-26180556.279754072,-15906.254443120786,189157565066.89856
2023-08-27 00:00:00+00:00,1.052668599882,162597.02642061064,269383265.1201401,78168.92149391476,129506669.13476494,10910660.32785901,18076279550.970154,139876595.98537514,84428.10492669587,189209185530.958
2023-08-28 00:00:00+00:00,1.051806708,111121.5870911375,183663305.88398528,136144.9280334013,225022232.10188478,10885562.782623468,17991809687.028423,-41358926.2178995,-25023.340942263792,188912908999.8096
2023-08-29 00:00:00+00:00,1.09339365627,191220.40902891848,330228979.6715624,218429.2206626075,377217364.1724554,10858248.4003712,18751702856.84665,-46988384.500893,-27208.81163368901,189877543578.40344
2023-08-30 00:00:00+00:00,1.079794100915,170786.75891862216,291198791.8926719,179594.80616256784,306216892.43284726,10849371.105045913,18498645788.40103,-15018100.540175378,-8808.047243945679,189829073333.76422
2023-08-31 00:00:00+00:00,1.045395304101,196942.6086958194,324103902.8038943,193615.82554520338,318629092.60392267,10852625.353040265,17859914905.57272,5474810.199971616,3326.7831506160146,189248213237.1759
2023-09-01 00:00:00+00:00,1.036594905321,168421.67368764774,274317381.1925403,192385.55086700778,313348628.6984475,10828604.292474156,17637126543.409176,-39031247.50590724,-23963.877179360046,188892664561.78815
2023-09-02 00:00:00+00:00,1.041633826549,136878.5615445771,224054240.45624655,113977.05329857292,186567142.56846032,10851468.003848188,17762587464.40481,37487097.88778624,22901.508246004174,188918627162.06967
2023-09-03 00:00:00+00:00,1.041986727088,86099.90235827313,140821963.25019777,92932.09580577577,151996457.85739183,10844600.891134912,17737046690.24775,-11174494.607194066,-6832.1934475026355,188703967289.74948
2023-09-04 00:00:00+00:00,1.036715021493,438799.7924958319,714110559.3993062,413648.49604916736,673178893.7916566,10869705.895574529,17689552024.27174,40931665.607649565,25151.29644666455,188719597502.45908
2023-09-05 00:00:00+00:00,1.041873340396,174101.0591657851,284258724.10360277,148851.63252471486,243033416.02260137,10894903.968069384,17788355315.205967,41225308.0810014,25249.426641070226,188398631840.87817
2023-09-06 00:00:00+00:00,1.042642876305,170496.95328025037,278318531.14427257,170739.95720656027,278715209.76246285,10894602.497588547,17784304682.239746,-396678.61819028854,-243.00392630990245,188222186298.50098
2023-09-07 00:00:00+00:00,1.050212262361,185456.0385378896,305275722.45049983,154744.62533005537,254722238.57145122,10925257.577224234,17983862516.09448,50553483.879048616,30711.413207834237,188432536026.14905
2023-09-08 00:00:00+00:00,1.044833771106,146506.5811849586,239741170.91045913,142502.59674371098,233189110.8563097,10929212.460750747,17884399262.321815,6552060.054149419,4003.984441247623,188287677178.33798
2023-09-09 00:00:00+00:00,1.043747556324,85358.27507002393,139533143.73826474,96684.57877998328,158047983.2460748,10917856.541437361,17847160628.075073,-18514839.507810056,-11326.30370995935,188288538107.37488
2023-09-10 00:00:00+00:00,1.035128774352,98466.46754540908,159261357.0399204,120160.5403095806,194349723.20428392,10896133.941969218,17623594319.421318,-35088366.16436353,-21694.07276417152,187853637382.06882
2023-09-11 00:00:00+00:00,1.002507474703,219524.86269758138,340122964.1595722,223312.95576267075,345992082.7003065,10892282.270762114,16876062633.042168,-5869118.540734291,-3788.0930650893715,185804591361.74384
2023-09-12 00:00:00+00:00,1.05517345708,190865.33445722272,304241143.8516746,187647.74518941832,299112276.20231587,10896467.718840828,17369072347.00591,5128867.649358749,3217.589267804404,181618874512.97745
2023-09-13 00:00:00+00:00,1.065368320104,172772.19524884227,277769178.89025676,156058.69940230623,250898570.39337745,10913129.165639093,17545247504.072544,26870608.49687931,16713.49584653604,181428389271.42517
2023-09-14 00:00:00+00:00,1.077566461857,170768.4825591476,277929682.14478344,158839.23261398324,258514550.05601028,10925004.748741921,17780699645.18427,19415132.08877316,11929.249945164367,181584595409.96753
2023-09-15 00:00:00+00:00,1.086986634072,153000.1132445125,251520386.96799287,132836.5228794774,218372999.40251592,10945118.529155005,17992930786.03229,33147387.565476954,20163.59036503511,181825493497.07672
2023-09-16 00:00:00+00:00,1.081011934736,71746.96361801506,117286219.99475572,124554.78018175521,203612231.2795366,10892280.985715963,17805833160.228737,-86326011.28478089,-52807.816563740154,181808663712.20938
2023-09-17 00:00:00+00:00,1.072570560649,56873.3965138026,92167919.83540596,84588.46536569155,137082421.1796983,10864537.719127059,17606858442.19321,-44914501.34429233,-27715.068851888944,181656452983.2936
2023-09-18 00:00:00+00:00,1.081797590539,147273.41129432374,241181950.04765767,178773.24648585427,292767579.86980045,11045732.273748651,18089017060.676483,-51585629.82214278,-31499.835191530525,182004648483.08133
2023-09-19 00:00:00+00:00,1.084524870019,177482.3305691549,291688889.2132374,152144.10255184388,250045985.59967816,11071029.193073686,18195029315.984287,41642903.613559246,25338.22801731102,182195042328.81952
2023-09-20 00:00:00+00:00,1.072350379772,200425.60999927108,325224359.9009162,199126.7197089381,323116691.3087807,11072279.292939479,17966640818.523678,2107668.592135489,1298.8902903329872,181931106754.60748
2023-09-21 00:00:00+00:00,1.050285716974,180726.90001759992,286395801.5448769,183870.06671563283,291376740.99431485,11069072.21784394,17541029087.970978,-4980939.449437976,-3143.166698032903,181405760270.6859
2023-09-22 00:00:00+00:00,1.057103647035,153895.09699130774,245251158.2208003,152952.56104115624,243749108.85107633,11307206.098598488,18019452511.077763,1502049.3697239757,942.535950151505,181254125950.23853
2023-09-23 00:00:00+00:00,1.05765183862,102360.21623830749,163053043.47720352,85828.72604778758,136719474.75454354,11323712.350686928,18037923620.064754,26333568.722659975,16531.490190519908,181083677220.55377
2023-09-24 00:00:00+00:00,1.051943706415,131743.2714309688,208317833.5020899,104222.4708104024,164800821.21563402,11351209.041347884,17948994657.855953,43517012.28645587,27520.8006205664,180732019525.4421
2023-09-25 00:00:00+00:00,1.057275334454,151367.40408075176,240303620.6598444,141024.90939312964,223884372.83575594,11657463.366236445,18506828941.333076,16419247.824088454,10342.494687622122,180539751182.65897
2023-09-26 00:00:00+00:00,1.061763541268,168833.2749001664,268788810.40736544,139114.51155378035,221475441.33733717,11687125.4204822,18606335396.328884,47313369.070028275,29718.763346386055,180285546016.02036
2023-09-27 00:00:00+00:00,1.064779977129,172876.40318061868,275992348.5558882,181036.59281323344,289019863.3579734,11678914.030375391,18645060011.2149,-13027514.80208522,-8160.189632614754,180277142270.69583
2023-09-28 00:00:00+00:00,1.098132199318,256234.41074771667,423528327.5314132,262305.05272207747,433562455.4026087,11672800.094732163,19293901577.481583,-10034127.871195495,-6070.6419743607985,180981191434.98734
2023-09-29 00:00:00+00:00,1.105444564886,222741.1021120598,371433708.1877825,226835.66030086446,378261621.47831315,11668669.758737603,19458183680.55872,-6827913.290530622,-4094.558188804658,181380911581.35666
2023-09-30 00:00:00+00:00,1.104693725871,144401.80973162883,241314957.63447097,144588.7839524001,241627416.84982297,11668455.54131499,19499567629.001717,-312459.2153519988,-186.9742207712552,181895707690.83884
2023-10-01 00:00:00+00:00,1.13786652983,147896.6464585845,256090232.53765222,139425.881277274,241422690.86583263,11676901.936724255,20219123312.795742,14667541.671819597,8470.765181310504,182979051433.67267
2023-10-02 00:00:00+00:00,1.094820050682,282383.86586455925,469658764.2183174,288495.4398843436,479823489.07882833,11670736.92008811,19410683618.994972,-10164724.860510945,-6111.574019784341,182666938813.81894
2023-10-03 00:00:00+00:00,1.089829057162,232447.50982711313,385142912.79504246,216603.46965473634,358890879.43504,11686544.11295637,19363466803.836536,26252033.360002458,15844.040172376786,182811155762.08136
2023-10-04 00:00:00+00:00,1.084271145048,126984.61963580918,209393878.85658807,249450.15476405917,411335921.1314513,11564047.438286895,19068771913.710144,-201942042.27486324,-122465.53512824999,182870527704.26758
2023-10-05 00:00:00+00:00,1.06382479416,204195.1701078331,329369102.3727717,211945.67223085283,341870749.3306756,11556265.213176131,18640385558.75469,-12501646.957903922,-7750.502123019716,182322777455.67776
2023-10-06 00:00:00+00:00,1.084174764512,219504.75788903085,361244830.61027354,186911.6061818723,307605412.1268721,11588830.828494435,19072047776.417664,53639418.48340142,32593.15170715854,182531243284.39273
2023-10-07 00:00:00+00:00,1.078253441922,102161.13531669749,167048360.60307908,103622.47960595609,169437871.7125687,11587348.992600633,18947006089.441025,-2389511.1094896197,-1461.3442892586027,182356142039.4695
2023-10-08 00:00:00+00:00,1.079033410266,160734.37929011678,262477640.1431833,155042.35970594414,253182628.86618832,11593019.098194849,18931284697.573975,9295011.276994973,5692.019584172638,181986543678.01105
2023-10-09 00:00:00+00:00,1.049885994139,201759.38975059215,318689965.7353645,222305.81707264006,351144168.86981064,11572442.892612988,18279305034.974075,-32454203.134446144,-20546.427322047908,180920708418.64886
2023-10-10 00:00:00+00:00,1.044621864061,271753.26013564237,426198229.88809407,178054.62251651182,279248038.8351266,11666115.839063264,18296295388.678936,146950191.0529675,93698.63761913055,180542290127.92493
2023-10-11 00:00:00+00:00,1.044940454864,237892.23538908764,372375669.4776037,191170.83723694034,299242084.9056644,11715432.343739036,18338311694.302193,73133584.57193929,46721.3981521473,180142365538.59592
2023-10-12 00:00:00+00:00,1.03106971382,138831.16062603443,213536354.21155584,170520.02124213806,262277024.0623846,11683714.24803929,17970733176.367767,-48740669.85082877,-31688.86061610363,179394178427.2769
2023-10-13 00:00:00+00:00,1.040885337731,153834.17762065784,238483096.8569315,146914.0142292971,227755038.750122,11690607.482098827,18123490628.62186,10728058.106809497,6920.163391360722,179109483976.31952
2023-10-14 00:00:00+00:00,1.046083306346,108559.80605394972,168882396.57095993,106653.82891875447,165917339.81467518,11692496.702260137,18189576204.60758,2965056.7562847435,1905.9771351952513,178843015052.2957
2023-10-15 00:00:00+00:00,1.048015762438,119590.30529022835,186117910.93121445,120942.983441085,188223078.49466166,11691126.201254442,18194852665.7742,-2105167.563447207,-1352.6781508566492,178588477914.21375
2023-10-16 00:00:00+00:00,1.075690440317,245335.3700232827,392780427.0760992,260688.03405556985,417359948.3036553,11675733.523534194,18692777969.052204,-24579521.22755611,-15352.664032287139,178992768149.9581
2023-10-17 00:00:00+00:00,1.053861656128,178769.26618388196,279826530.11088306,184903.50851548472,289428425.24170536,11669568.240282143,18266309742.590042,-9601895.1308223,-6134.242331602756,178628407527.7433
2023-10-18 00:00:00+00:00,1.053214253841,162928.2384700248,254723524.65644765,200987.68924376444,314226024.27599096,11631475.151975717,18184756525.24922,-59502499.619543314,-38059.450773739634,178524867860.62274
2023-10-19 00:00:00+00:00,1.054657825184,159188.2995101795,249357076.28697655,165789.85939016964,259697947.29114535,11624842.819960611,18209484156.8156,-10340871.004168808,-6601.559879990149,178626759123.62036
2023-10-20 00:00:00+00:00,1.077340675588,324715.96216396143,521355461.7317051,304027.3923544574,488138434.7838389,11645488.576399116,18697692079.498566,33217026.9478662,20688.569809504028,179237162599.76303
2023-10-21 00:00:00+00:00,1.089883795427,170926.16533314317,278396538.6302087,166360.63200064425,270960411.60839635,11650028.691918276,18975021503.883076,7436127.02181232,4565.533332498919,179734333989.7143
2023-10-22 00:00:00+00:00,1.108389718946,137702.49426124134,229003384.6649222,124459.19226375366,206979375.60223362,11663246.392229699,19396329124.833576,22024009.06268859,13243.30199748768,180454913394.74402
2023-10-23 00:00:00+00:00,1.163271545372,337356.5917191306,594780163.2970351,436319.9282753926,769258536.988807,11564201.765861785,20388390159.05641,-174478373.69177186,-98963.33655626205,182283579029.20465
2023-10-24 00:00:00+00:00,1.169752403846,503153.9854662005,897940266.7545248,401711.97685524373,716904506.5233138,11665540.116339808,20818593326.248104,181035760.23121107,101442.00861095678,183489842206.7734
2023-10-25 00:00:00+00:00,1.164696874767,254605.98686996315,454799659.02821326,229645.9738251193,410213883.32949597,11701615.250135032,20902456738.21819,44585775.698717296,24960.013044843858,184457693454.2503
2023-10-26 00:00:00+00:00,1.169338863439,285641.45114173833,515472227.321553,265860.72618819884,479775677.29675823,11721310.2920208,21152426929.650677,35696550.02479476,19780.724953539495,185609721185.5688
2023-10-27 00:00:00+00:00,1.150824760616,187438.41138832335,333799083.5824646,221320.6641223917,394138182.8555073,11687367.958706694,20813411110.41013,-60339099.27304274,-33882.252734068345,186112534753.33704
2023-10-28 00:00:00+00:00,1.144203287,109330.98446608173,194194783.18998206,145905.0780836465,259158052.43262336,11650756.637710407,20694189943.577507,-64963269.2426413,-36574.09361756478,186703513108.0394
2023-10-29 00:00:00+00:00,1.153259692296,103273.5331523717,185656839.37215316,133107.1084578709,239289238.00635153,11620884.096575584,20891089383.928905,-53632398.63419837,-29833.575305499195,187481822186.78818
2023-10-30 00:00:00+00:00,1.156145236002,353092.00872697233,638879612.8638408,222660.64818971363,402878981.1141074,11751244.147537857,21262532501.699074,236000631.74973345,130431.3605372587,188227485683.8184
2023-10-31 00:00:00+00:00,1.155212602531,251718.83972621616,456502863.69361234,254782.72704924442,462059354.1752872,11748098.730610525,21305678666.372955,-5556490.48167485,-3063.8873230282625,188811813582.12854
2023-11-01 00:00:00+00:00,1.171735182741,337578.2235403811,623196758.9931095,356852.2487801121,658778171.6096579,11728734.53965448,21652194491.535004,-35581412.61654842,-19274.025239730952,189488516787.1072
2023-11-02 00:00:00+00:00,1.144807563064,301497.51672925294,542460701.0801269,312529.16235890565,562309070.9348705,11717612.301020708,21082575580.56393,-19848369.8547436,-11031.645629652718,189021869856.5646
2023-11-03 00:00:00+00:00,1.163068663472,226431.86921521687,414962113.32325447,237380.1490421055,435026079.3628669,11706589.107807688,21453653908.43319,-20063966.039612412,-10948.27982688864,189507074661.52957
2023-11-04 00:00:00+00:00,1.176166848225,122375.9356771131,227561640.95325726,127832.88569856754,237708999.538188,11701083.80279207,21758508454.803406,-10147358.584930748,-5456.950021454439,190149899062.3741
2023-11-05 00:00:00+00:00,1.194616778942,196601.50438686123,372864502.07981604,215541.83679131317,408785781.69177485,11682085.564527888,22155654560.50801,-35921279.6119588,-18940.33240445194,190940751240.64682
2023-11-06 00:00:00+00:00,1.193177513788,286331.00553041423,543703922.8083446,304613.0837104518,578419121.0634614,11663701.57842033,22147794615.90445,-34715198.25511682,-18282.078180037555,191403053850.40155
2023-11-07 00:00:00+00:00,1.184161865554,315320.4741310778,594754606.2359463,458735.0726747214,865261915.7291242,11520193.10293963,21729283300.05205,-270507309.4931779,-143414.5985436436,191572037205.85703
2023-11-08 00:00:00+00:00,1.185943141178,225471.78449532657,426740348.77822566,240428.39659811652,455048058.6744833,11505123.463825261,21775231923.935497,-28307709.89625764,-14956.61210278995,191938655574.10965
2023-11-09 00:00:00+00:00,1.299757922809,514533.0563642592,1088652737.4146254,464705.4094924454,983227044.1671791,11554723.33631341,24447566652.046154,105425693.2474463,49827.646871813806,195775159616.39993
2023-11-10 00:00:00+00:00,1.271403282763,558624.3095902056,1162352537.2100272,429317.83198168705,893299240.1270384,11683877.247886768,24311123111.513454,269053297.08298886,129306.4776085185,196821275411.15466
2023-11-11 00:00:00+00:00,1.246900913777,208915.6414778337,427509317.8128943,245078.464898256,501510210.5239037,11647617.702290831,23834812285.130283,-74000892.71100944,-36162.8234204223,197368187453.68567
2023-11-12 00:00:00+00:00,1.241568582719,281111.7959186463,574858487.6339711,327713.0638372119,670155571.5217097,11600928.981474588,23723275174.726433,-95297083.88773859,-46601.2679185656,198081228432.55914
2023-11-13 00:00:00+00:00,1.245996918728,318249.1792829927,656400305.5407909,349737.55779510527,721346211.5220771,11569279.144682236,23862051687.188587,-64945905.98128617,-31488.37851211254,199070616224.15924
2023-11-14 00:00:00+00:00,1.200604380174,304657.99430022185,603967526.8989412,343367.6718794864,680707309.4485658,11530450.229497496,22858476191.103382,-76739782.54962468,-38709.677579264564,198571909783.29257
2023-11-15 00:00:00+00:00,1.236746466134,339669.30586167466,698453812.5959643,308651.64502538816,634672943.6889124,11561352.233444689,23773330138.645985,63780868.90705192,31017.660836286494,199945971483.35278
2023-11-16 00:00:00+00:00,1.185270904915,340552.2811725461,667359484.8514764,350252.48276890046,686368376.8724303,11551525.602317806,22636818489.862225,-19008892.020953894,-9700.201596354367,198822444052.8538
2023-11-17 00:00:00+00:00,1.186417523283,269425.2423108913,527764201.6779504,280959.2795015513,550357674.6496786,11539897.75936101,22604952959.035103,-22593472.971728206,-11534.03719066002,198549473603.87067
2023-11-18 00:00:00+00:00,1.190519558643,213697.97902574195,419359634.1628278,266396.4937471308,522774883.83078974,11487135.139741858,22542285199.621967,-103415249.66796196,-52698.51472138884,198223107702.03815
2023-11-19 00:00:00+00:00,1.217117869056,155437.63332733026,312395698.2159582,228909.45562257018,460058016.1102736,11413603.574103639,22938850659.05296,-147662317.89431542,-73471.82229523992,198573559645.11102
2023-11-20 00:00:00+00:00,1.223907734524,301086.55848851573,609480590.6946439,291573.74730647635,590224089.1506963,11422975.81531161,23123191159.237038,19256501.543947577,9512.811182039382,198892391321.00388
2023-11-21 00:00:00+00:00,1.18210219359,311837.0230585329,606684580.2469453,303706.33917917695,590866187.3951709,11430901.659125203,22239026357.07489,15818392.851774335,8130.683879355958,197911713828.00552
2023-11-22 00:00:00+00:00,1.245928564884,346072.1125482519,714431219.7924231,378740.5617785653,781871961.7247436,11398055.345148442,23530143829.085842,-67440741.93232048,-32668.44923031336,199243971206.19574
2023-11-23 00:00:00+00:00,1.243141007245,250276.50166601056,516376585.29113054,307293.7627747158,634015989.7017623,11340913.504314732,23398849474.31093,-117639404.41063178,-57017.26110870522,199575108877.44434
2023-11-24 00:00:00+00:00,1.248484148464,254253.5872771108,528669642.58086425,328773.0222961519,683617950.2871643,11266283.793804254,23425990918.246056,-154948307.70630008,-74519.43501904109,200268204393.81268
2023-11-25 00:00:00+00:00,1.248270848609,130072.68016101902,271141272.3689334,120789.34678669347,251789823.472642,11275493.207865028,23504179134.18229,19351448.896291375,9283.33337432555,200806727718.668
2023-11-26 00:00:00+00:00,1.236028075668,124130.90458271095,256376697.07080507,130390.82055433955,269305762.4485374,11269155.05283314,23275015685.550217,-12929065.377732337,-6259.915971628594,200930990073.7492
2023-11-27 00:00:00+00:00,1.215186689238,354555.20204629336,718768866.3891706,318509.91931716923,645696388.9403503,11305081.528101448,22918125548.55611,73072477.44882035,36045.28272912413,200601887716.19254
2023-11-28 00:00:00+00:00,1.224756321879,262474.6948842909,538004398.7891213,276443.0350171672,566635838.6259519,11290964.7050983,23143521247.233044,-28631439.836830616,-13968.3401328763,201240074376.3807
2023-11-29 00:00:00+00:00,1.212672156229,195821.56121199593,397291677.8173704,225156.52595331665,456807786.71089286,11261495.94319417,22847834479.071865,-59516108.89352244,-29334.964741320728,201170920066.3089
2023-11-30 00:00:00+00:00,1.223874767351,227158.3846013933,465912144.0889174,217467.4731270593,446035645.3582816,11271032.621518087,23117398831.66704,19876498.730635762,9690.911474334018,201506523095.63785
2023-12-01 00:00:00+00:00,1.241784484805,307558.11385397555,641599641.7513773,293170.59263968153,611585709.2912369,11285264.64441452,23542288194.560818,30013932.460140467,14387.521214294014,201991498758.6978
2023-12-02 00:00:00+00:00,1.281465457775,163305.48829469044,353515488.5453013,174059.2745338967,376794742.8787783,11274400.00899776,24406252777.27166,-23279254.33347696,-10753.786239206267,203113368376.2931
2023-12-03 00:00:00+00:00,1.292827597774,199468.22719447734,437544508.6839556,185540.20749582624,406992632.7200453,11288213.259241525,24761315593.480618,30551875.96391028,13928.0196986511,204005293042.6059
2023-12-04 00:00:00+00:00,1.309614711825,319478.3592094589,714999109.1881624,328285.86564885144,734710488.9320592,11279204.115640827,25243089751.025223,-19711379.743896723,-8807.506439392513,205468082557.1833
2023-12-05 00:00:00+00:00,1.328705368187,269619.3569584163,617835039.567847,285147.8700416893,653418758.7913651,11263434.206397396,25810254861.08797,-35583719.22351813,-15528.513083273021,207349651673.772
2023-12-06 00:00:00+00:00,1.288651079075,297353.43945932144,663580917.6550977,308630.5781191098,688747245.0868336,11251931.463092307,25110074459.698658,-25166327.431735873,-11277.138659788354,208200981792.94513
2023-12-07 00:00:00+00:00,1.341530040191,282852.28669080534,665946659.6207788,278557.601491481,655835264.3901677,11256025.696227485,26501156489.50846,10111395.230611086,4294.685199324333,210991986027.24945
2023-12-08 00:00:00+00:00,1.335529496554,307215.6062872601,724812961.4200555,291085.57939249405,686757431.9413588,11271976.51304483,26593944156.072453,38055529.478696704,16130.026894766022,212377219317.42508
2023-12-09 00:00:00+00:00,1.32104155362,188162.89259401232,440670038.8167279,195644.2300422522,458191034.68508023,11264357.785038989,26380679601.31158,-17520995.868352354,-7481.337448239879,213126343077.10617
2023-12-10 00:00:00+00:00,1.321360208152,127798.09031069574,300459319.5942959,139845.9086493541,328784307.016475,11252196.627305565,26454443367.363144,-28324987.422179103,-12047.818338658355,213899947859.59927
2023-12-11 00:00:00+00:00,1.256471026939,341855.92979521526,759557562.818135,363314.2120916605,807234959.004052,11230585.596687155,24952839723.88634,-47677396.18591702,-21458.28229644522,212583702830.9497
2023-12-12 00:00:00+00:00,1.248177804981,256060.9580537578,563651686.9099393,227911.2918577293,501687508.70042056,11258577.17790429,24782833223.638985,61964178.20951873,28149.6661960285,212005839078.26132
2023-12-13 00:00:00+00:00,1.276902564938,254341.56690649106,575032860.1977093,271758.7453985462,614410812.007461,11240989.34133747,25414399742.12994,-39377951.80975163,-17417.178492055158,212845524369.48282
2023-12-14 00:00:00+00:00,1.305006002712,220520.9411224317,511510557.5280912,252792.8302191878,586366994.7460043,11208540.528409034,25998831610.189938,-74856437.21791315,-32271.889096756116,213663464613.37976
2023-12-15 00:00:00+00:00,1.256558477297,255612.8833229091,567834723.0741589,230655.26611682374,512392284.2167032,11233271.377038367,24954303784.20905,55442438.85745573,24957.617206085357,212510845884.57584
2023-12-16 00:00:00+00:00,1.260524980355,130766.70181857362,290916499.6011617,116888.60246932112,260041911.2873633,11246965.076885832,25021107558.73942,30874588.313798428,13878.099349252501,212145054907.0353
2023-12-17 00:00:00+00:00,1.250951842478,158481.0276283984,348669030.4528705,199080.4087580093,437990427.8925688,11206239.353338908,24654488103.85762,-89321397.43969834,-40599.381129610876,211398523772.95358
2023-12-18 00:00:00+00:00,1.261900884323,290091.8781384666,642813047.4470857,305012.0350462016,675874543.6592337,11191084.764699616,24798265115.169754,-33061496.21214795,-14920.156907734985,211064933253.8825
2023-12-19 00:00:00+00:00,1.240167654606,326810.81865992805,711165394.4806951,300501.36187828396,653913999.6602553,11217180.614957811,24409444918.953697,57251394.820439816,26309.456781644083,210898533315.70367
2023-12-20 00:00:00+00:00,1.250240028782,397493.7879255965,872853465.7777048,371788.2944641446,816406975.948399,11242670.548384205,24687691357.307278,56446489.82930589,25705.4934614519,211098310738.51486
2023-12-21 00:00:00+00:00,1.270989811663,368976.69549841824,825665806.4676133,318084.0975910761,711782522.2194412,11293407.853558917,25271462444.47943,113883284.24817216,50892.59790734213,211603648537.52917
2023-12-22 00:00:00+00:00,1.309480585008,820760.2385085794,1909335711.6223567,662561.8556275889,1541318588.248483,11451473.021785913,26639577997.71909,368017123.3738737,158198.3828809905,213512116813.88834
2023-12-23 00:00:00+00:00,1.297865171528,154493.3984632417,357037946.7690797,170550.7409193981,394146850.05000603,11435327.561047649,26427316077.196293,-37108903.28092635,-16057.342456156388,214008254533.18524
2023-12-24 00:00:00+00:00,1.275170801645,151497.65571880192,343629978.4767722,159658.29643189814,362140105.1139984,11427067.66023221,25919100830.356182,-18510126.637226224,-8160.640713096218,213782803229.9527
2023-12-25 00:00:00+00:00,1.276789921027,163909.18004406666,372771906.5350409,154727.02631565637,351889311.9755592,11436166.971802274,26008804170.612514,20882594.55948174,9182.153728410281,214080238470.12766
2023-12-26 00:00:00+00:00,1.253094477661,287921.7819294754,641906007.4007006,413436.0441462158,921733252.1179035,11310576.224408124,25216316657.10335,-279827244.7172029,-125514.2622167404,213830999861.95276
2023-12-27 00:00:00+00:00,1.323454776298,366120.70105166256,870842555.9119542,375594.86655295966,893377491.7311616,11300988.211855007,26880155725.895386,-22534935.81920743,-9474.165501297102,216003999416.72028
2023-12-28 00:00:00+00:00,1.303573527538,332285.8365680399,781349169.6075518,373797.87573586317,878962109.3208377,11259347.999584913,26475646090.310326,-97612939.71328592,-41512.03916782327,216795569114.10226
2023-12-29 00:00:00+00:00,1.27272742886,327519.7218462006,751966845.6929427,329293.39541505516,756039100.3692179,11257477.349536372,25846534325.544514,-4072254.676275134,-1773.6735688545741,216809292770.4575
2023-12-30 00:00:00+00:00,1.272471889989,177620.04727838706,407416700.93220866,163680.56669551888,375442961.0374114,11271349.626511348,25853703735.87053,31973739.894797266,13939.480582868186,216646605017.42197
2023-12-31 00:00:00+00:00,1.265030041944,153237.62742506393,349240156.5993961,184861.18902186846,421312648.1269715,11239677.020916136,25616075038.951866,-72072491.52757537,-31623.56159680453,216528153410.08182
2024-01-01 00:00:00+00:00,1.296719030761,203277.48482072804,477181345.5189915,172049.44657731077,403875453.7225928,11270860.514872974,26457649209.832924,73305891.7963987,31228.03824341728,217574833710.22537
2024-01-02 00:00:00+00:00,1.298448337187,264620.24394045305,623876879.9794716,281406.8407168558,663453480.2666826,11253994.616542421,26532766141.105217,-39576600.28721106,-16786.59677640273,218229218802.8358
2024-01-03 00:00:00+00:00,1.225446739322,300932.3181418049,664260951.1888387,341772.70539033256,754409708.3849467,11212987.767996714,24750913981.025158,-90148757.19610798,-40840.387248527666,216487410184.926
2024-01-04 00:00:00+00:00,1.254934297516,270117.78797747305,613756260.0356426,241845.2653696745,549515997.0471766,11241172.516502807,25541968390.173546,64240262.988466024,28272.522607798543,217610042123.02982
2024-01-05 00:00:00+00:00,1.252936437664,238939.98596770994,541830679.257099,240429.30025701254,545207912.9575696,11239604.677791394,25487415228.91011,-3377233.7004705667,-1489.3142893025943,217522420882.65463
2024-01-06 00:00:00+00:00,1.239189017329,164900.54273881242,369201421.8295803,145309.05016945305,325337364.1846768,11259135.355919339,25208460281.184486,43864057.64490348,19591.49256935937,217151981556.69498
2024-01-07 00:00:00+00:00,1.230346254174,124618.69245889745,276462664.0518921,128178.247084269,284359424.4427381,11255466.653144343,24969900058.146133,-7896760.390846014,-3559.554625371544,216712102631.22928
2024-01-08 00:00:00+00:00,1.285380553093,281095.11183154216,655598998.4852483,274506.55494866637,640232486.8951604,11261963.140590053,26266311455.367416,15366511.59008789,6588.556882875797,218076945894.06348
2024-01-09 00:00:00+00:00,1.288006036536,339215.47611815564,793649402.0687999,294733.50669014326,689576649.1290493,11306366.830221882,26453071590.5501,104072752.93975055,44481.96942801238,218319343028.10574
2024-01-10 00:00:00+00:00,1.398758991106,505290.9419880809,1309130869.2601297,511853.8220165706,1326134278.8259978,11299647.42097801,29275643043.106167,-17003409.56586814,-6562.880028489686,222612508786.15283
2024-01-11 00:00:00+00:00,1.398165610252,432611.5560925821,1132879439.972959,453003.8210323867,1186280643.3375819,11279114.21415405,29536604869.582634,-53401203.36462283,-20392.26493980456,225099295367.74658
2024-01-12 00:00:00+00:00,1.345366677865,512163.80796708434,1290213343.3656762,433657.697882974,1092445306.6738613,11357492.272192065,28611135439.10644,197768036.6918149,78506.11008411035,225039283291.23877
2024-01-13 00:00:00+00:00,1.366660929593,203372.00767497747,524703386.17787874,182862.23869819616,471787818.5200036,11377862.409236258,29355086778.37968,52915567.65787512,20509.768976781314,226887393499.58548
2024-01-14 00:00:00+00:00,1.312651512519,165926.217994472,411347859.74464554,157122.13645008026,389521652.023672,11386487.522436902,28228253069.201977,21826207.72097355,8804.081544391753,226981129664.22726
2024-01-15 00:00:00+00:00,1.32378505921,177140.85738453435,445108575.76401556,236814.072590549,595051735.2574264,11326662.959704623,28460937203.261616,-149943159.49341083,-59673.21520601466,228125946895.86417
2024-01-16 00:00:00+00:00,1.35335697909,232298.2794290237,601788638.9469606,246171.52138295028,637728463.4422437,11312640.18480073,29306365748.55898,-35939824.49528313,-13873.241953926568,230052315829.8489
2024-01-17 00:00:00+00:00,1.319144798873,209363.74890427932,528543655.2727802,241513.9467117706,609707577.6607169,11280279.042494494,28477326895.511635,-81163922.38793671,-32150.19780749129,229997256469.07986
2024-01-18 00:00:00+00:00,1.294832471424,242479.177351777,598130906.8167783,340200.82219665893,839183918.8116989,11182368.201101571,27583894442.121967,-241053011.9949206,-97721.64484488193,228949393887.67078
2024-01-19 00:00:00+00:00,1.307751445785,247542.43806323427,616395381.7572417,276276.5573807477,687945046.4723176,11153522.029265812,27772932685.630672,-71549664.71507585,-28734.119317513425,228830117821.7413
2024-01-20 00:00:00+00:00,1.299074055667,82419.51223078133,203554441.32400912,101702.70164419415,251178829.55141664,11134188.04976292,27498505714.51828,-47624388.227407515,-19283.189413412823,228479755011.34808
2024-01-21 00:00:00+00:00,1.293855724701,129927.02205266805,318917577.9827745,112778.45557953755,276824877.02584463,11151293.069319252,27371853220.816326,42092700.95692986,17148.5664731305,227996213227.7362
2024-01-22 00:00:00+00:00,1.231293585299,388998.38811156905,899444303.6506501,400096.6458505343,925105758.8361561,13206639.550735375,30536467700.91343,-25661455.185505986,-11098.257738965272,225684061792.48715
2024-01-23 00:00:00+00:00,1.202481538145,606893.224227536,1358828029.1281853,540093.9182575501,1209265032.4513671,13273351.4077205,29718904764.895763,149562996.67681813,66799.3059699859,223775491037.01776
2024-01-24 00:00:00+00:00,1.207390268893,309585.8057137368,691506432.3678808,323038.1341786225,721554230.0773003,13259833.40069922,29617831048.71571,-30047797.70941949,-13452.328464885708,222336165631.20047
2024-01-25 00:00:00+00:00,1.206067406852,784284.0666309439,1739619066.994359,674813.6399377362,1496802911.9173172,13369170.871676732,29654133684.215824,242816155.07704186,109470.4266932077,221029911261.68875
2024-01-26 00:00:00+00:00,1.234242952006,337560.0585023665,765209206.5322647,335879.6241641195,761399858.257162,13370749.10211716,30309925755.334393,3809348.2751027346,1680.434338246996,220735153905.07117
2024-01-27 00:00:00+00:00,1.239397480737,141714.31994325932,321214437.2712737,206814.88875004346,468773573.02892756,13305587.59613487,30158891733.505386,-147559135.7576539,-65100.56880678414,219794723450.07953
2024-01-28 00:00:00+00:00,1.238185196053,129684.18234895825,292450260.5276162,164248.69469524262,370396548.63760996,13270964.341156196,29927296519.327675,-77946288.10999376,-34564.51234628438,218892025361.7858
2024-01-29 00:00:00+00:00,1.268526037083,348813.455763257,807478541.2108979,350771.4785039271,812011225.71653,13268930.72533123,30716638502.589394,-4532684.505632043,-1958.0227406701306,219327051721.15018
2024-01-30 00:00:00+00:00,1.28308940624,386403.14351215604,907399079.5625448,339014.17517898686,796114513.2515993,13316174.691963186,31270668631.093376,111284566.31094551,47388.96833316918,219964688393.08313
2024-01-31 00:00:00+00:00,1.25048737781,510782.9148478875,1166727830.4830866,656226.2422938411,1498948766.1418164,13170586.367525587,30084188824.814987,-332220935.6587298,-145443.32744595356,219535716179.21634
2024-02-01 00:00:00+00:00,1.257368037926,333278.4141655576,766597511.8740615,322887.34419988416,742696268.820746,13180823.082732985,30318153682.3321,23901243.05331552,10391.069965673436,219860421724.0681
2024-02-02 00:00:00+00:00,1.259516652591,224978.99090519443,518847513.9604465,335365.85242434987,773422167.5433002,13088521.09191115,30184803490.4675,-254574653.58285367,-110386.86151915544,220061248341.85196
2024-02-03 00:00:00+00:00,1.25217286773,88094.09361277685,202163575.16400152,110625.48672530167,253869958.62570652,13065904.091875471,29984415250.06389,-51706383.461705,-22531.39311252482,220263797225.68274
2024-02-04 00:00:00+00:00,1.248067540167,155456.64302929642,355615230.13184476,152343.25230937637,348493185.45250565,13068942.174957883,29895891153.725586,7122044.679339111,3113.3907199200476,220285929648.307
2024-02-05 00:00:00+00:00,1.252297782244,230617.49897949907,529681160.6216042,369227.5373840768,848040029.0545175,12930225.261675496,29698079087.71008,-318358868.4329133,-138610.03840457773,220429496680.97794
2024-02-06 00:00:00+00:00,1.28758412469,347428.60640397895,824878115.6477637,314316.27457202226,746261567.1460309,12963156.503451081,30777615637.61469,78616548.50173283,33112.33183195669,221614649351.8154
2024-02-07 00:00:00+00:00,1.306559315001,410424.04926888074,995154522.0548944,538544.7164447077,1305808494.5397902,12834814.242957665,31120553136.120365,-310653972.4848957,-128120.66717582697,223034323038.0116
2024-02-08 00:00:00+00:00,1.301214159611,417619.89884453855,1011429136.2142724,461905.64153115486,1118684299.572295,12790234.557000982,30976531352.451427,-107255163.35802257,-44285.742686616315,223684386394.577
2024-02-09 00:00:00+00:00,1.328635060211,584209.5255399154,1455143735.285785,523132.7010870878,1303014140.3574164,12850944.306820229,32009014374.24154,152129594.92836857,61076.82445282763,225291344647.35666
2024-02-10 00:00:00+00:00,1.327217914799,171404.35587396377,428601106.82989347,197563.63643938222,494013076.9460809,12824631.72831964,32068329450.65491,-65411970.11618745,-26159.28056541845,226410829216.62292
2024-02-11 00:00:00+00:00,1.324527427294,117463.03393994572,294182784.3864077,134610.27303817842,337127550.69507116,12807359.210576994,32075662162.19756,-42944766.30866349,-17147.239098232705,227227593306.84802
2024-02-12 00:00:00+00:00,1.384206208787,306990.7702204566,815012519.5983367,338639.78875417414,899035717.818453,12775511.340406489,33916986100.997734,-84023198.22011626,-31649.01853371755,230482140465.55008
2024-02-13 00:00:00+00:00,1.366287116714,328887.15154657135,867731434.119277,330896.4588819365,873032763.5494596,12773343.590012465,33701017810.33026,-5301329.430182576,-2009.3073353651562,232056780209.61188
2024-02-14 00:00:00+00:00,1.412884877623,542204.0097259464,1506997474.324496,590071.0886186643,1640038849.3432422,12725328.931547763,35368677132.21788,-133041375.01874614,-47867.07889271795,236395637779.45172
2024-02-15 00:00:00+00:00,1.421352188692,331896.5460585446,937746594.959144,355568.31889367296,1004629256.5487357,12701454.412322128,35886922499.28653,-66882661.58959174,-23671.77283512836,238876160019.43097
2024-02-16 00:00:00+00:00,1.400070738839,283177.77014944237,793666330.8428934,337812.22672951495,946791092.9618204,12646657.615439929,35444965689.84057,-153124762.118927,-54634.45658007258,240557496355.41547
2024-02-17 00:00:00+00:00,1.386165130135,166704.11728030146,464545729.01427144,157324.9657206194,438409333.16568077,12655938.1346384,35267647272.499825,26136395.848590672,9379.151559682068,241578615344.50165
2024-02-18 00:00:00+00:00,1.417111852234,192313.4835351833,553330560.1687245,210095.78983998674,604494385.6470802,12638041.151506286,36362579790.29853,-51163825.478355646,-17782.30630480344,243984545396.41937
2024-02-19 00:00:00+00:00,1.435039686899,428273.43647024815,1262773004.4097629,401475.7382034978,1183759441.881886,12664639.623549934,37341949477.429405,79013562.52787685,26797.698266750376,246903767249.7182
2024-02-20 00:00:00+00:00,1.451406690636,461942.76881671464,1392353782.0881977,538142.3613956016,1622028967.1605048,12588212.723603753,37942461228.12403,-229675185.0723071,-76199.59257888701,249548114116.86627
2024-02-21 00:00:00+00:00,1.421176896567,368897.44639891153,1093789449.7588174,387495.5025503441,1148933115.8455205,12569390.560779238,37268533353.87838,-55143666.08670306,-18598.056151432567,250700617157.40683
2024-02-22 00:00:00+00:00,1.417723689474,338244.17880278814,1005425923.6720873,369824.65081456804,1099298419.4378076,12537525.09363888,37267611795.86614,-93872495.76572025,-31580.4720117799,251938195257.77365
2024-02-23 00:00:00+00:00,1.393199636223,252603.10087258948,738411208.2031354,277404.19937750784,810909958.410556,12512477.90107755,36576565737.4489,-72498750.20742059,-24801.098504918366,252118780157.45114
2024-02-24 00:00:00+00:00,1.417007813987,155983.33328858117,466411617.2952122,186391.16254991113,557335208.4584728,12481923.161206245,37322666760.827286,-90923591.16326064,-30407.829261329956,253557205385.32315
2024-02-25 00:00:00+00:00,1.46250740699,227567.04776791122,708127616.0725726,215196.06144410887,669632424.6998969,12494142.198252419,38878419421.8816,38495191.37267566,12370.986323802354,255657774632.62656
2024-02-26 00:00:00+00:00,1.476642594347,396160.91919635015,1258156525.7844067,385839.83324880747,1225378073.8754578,12504194.905041639,39711727374.25133,32778451.9089489,10321.085947542684,258425903762.38162
2024-02-27 00:00:00+00:00,1.490694954335,421111.25481237227,1366231807.9258952,519726.6656362737,1686174600.904259,12405251.782696836,40246964138.73165,-319942792.97836375,-98615.41082390142,261503529177.47906
2024-02-28 00:00:00+00:00,1.529719200326,530511.0540631228,1791324307.8995957,500190.9376842995,1688945363.913881,12435108.230036423,41988402453.11106,102378943.98571467,30320.116378823353,265211705792.6418
2024-02-29 00:00:00+00:00,1.506115394024,370430.63647642493,1241030195.6334028,448452.31229223264,1502421252.5998805,12356546.725831145,41397352406.85864,-261391056.96647763,-78021.67581580771,267253954529.6988
2024-03-01 00:00:00+00:00,1.525583639569,318447.8072706008,1094883334.012527,337934.060315379,1161880729.547893,12336665.397356728,42415771226.76548,-66997395.53536606,-19486.25304477819,270762537082.1146
2024-03-02 00:00:00+00:00,1.50643142499,217899.44586025938,745290083.2321813,236555.81709761373,809101206.8328136,12317657.660041358,42130571128.50618,-63811123.60063231,-18656.371237354353,272775383518.19998
2024-03-03 00:00:00+00:00,1.518525538509,228650.12939102913,796270287.0413327,219465.3783037568,764284543.564415,12326490.615098841,42926799326.281685,31985743.476917744,9184.751087272336,275512677427.4866
2024-03-04 00:00:00+00:00,1.558428332525,364710.29142434034,1324164717.9887176,402563.6465826336,1461600042.78406,12287945.322857529,44614215819.23721,-137435324.79534245,-37853.35515829327,279872409782.83105
2024-03-05 00:00:00+00:00,1.514204183112,616212.0690159639,2189370815.5695677,576997.0622943988,2050041848.2131443,12326322.899905622,43794811846.89531,139328967.35642338,39215.00672156515,281858464675.54474
2024-03-06 00:00:00+00:00,1.589004016746,538307.81848411,2056747291.2478864,506028.5361013843,1933415761.731831,12358013.456913313,47217056542.64367,123331529.51605535,32279.28238272562,288822348327.78296
2024-03-07 00:00:00+00:00,1.591954354158,401686.66986884526,1554000593.5166507,393065.1915281253,1520646779.5530348,12366117.987477971,47840658238.20398,33353813.963615894,8621.478340719943,291891283278.9999
2024-03-08 00:00:00+00:00,1.587773606236,473860.5787952397,1845884543.7447376,539562.7497465735,2101821895.946275,12299949.40157049,47913431724.84511,-255937352.20153737,-65702.17095133383,294671982150.0403
2024-03-09 00:00:00+00:00,1.58191716258,281061.23742599046,1100129241.9134877,255930.77224941924,1001763633.56127,12324691.742274774,48241279756.04064,98365608.35221767,25130.46517657122,297180508315.2713
2024-03-10 00:00:00+00:00,1.557037626044,323199.6144317884,1251526959.628253,271975.33485097333,1053171008.6298795,12375524.661994554,47921785987.46233,198355950.9983735,51224.279580815055,298688278285.8411
2024-03-11 00:00:00+00:00,1.593187158502,595951.0133315205,2427250985.9642406,625252.8418285147,2546594506.6880145,12345707.877043162,50282877193.984566,-119343520.72377396,-29301.828496994218,307021319014.6239
2024-03-12 00:00:00+00:00,1.546056856813,601868.4357866994,2390077286.169491,432365.2745656056,1716963975.2198584,12514766.823919049,49697339400.19558,673113310.9496324,169503.1612210938,308462351945.9567
2024-03-13 00:00:00+00:00,1.542020815692,346865.6699923251,1389057524.0241039,411730.02207549126,1648813170.364268,12449459.668416772,49855079699.38788,-259755646.34016418,-64864.35208316613,311868802977.6567
2024-03-14 00:00:00+00:00,1.495278945346,468677.2796188086,1819825052.4206443,451148.9138906866,1751764234.3114922,12466583.93868143,48406446730.61475,68060818.10915208,17528.365728122008,311835399339.76154
2024-03-15 00:00:00+00:00,1.447308248492,520236.46993611567,1944082398.9802806,484436.2181820081,1810299699.5036943,12502067.176978966,46719232799.30474,133782699.47658634,35800.251754107594,310053945123.4759
2024-03-16 00:00:00+00:00,1.377867069469,265180.55810155853,933297414.0484219,251859.29609946092,886413511.7464374,12515171.719252508,44046884453.25985,46883902.30198443,13321.262002097617,306726592317.045
2024-03-17 00:00:00+00:00,1.421702433275,280674.9921059767,1021222655.9968784,257242.27589557122,935963828.674721,12538425.873400185,45620468273.20837,85258827.32215738,23432.71621040546,307317950030.2859
2024-03-18 00:00:00+00:00,1.394610544132,441996.1452505802,1560223929.462306,480186.9749600617,1695035617.389973,12503523.642905533,44136803001.30018,-134811687.9276669,-38190.829709481506,303941832852.20276
2024-03-19 00:00:00+00:00,1.280941441222,581060.0688815564,1839538870.2144184,517282.69874010124,1637630396.8941257,12566986.383780899,39784974346.83051,201908473.3202927,63777.37014145515,296774958642.8439
2024-03-20 00:00:00+00:00,1.415137146509,587541.0399381091,2067599622.7186394,560321.6186189526,1971812500.7568512,12593935.700872244,44318975073.48457,95787121.96178818,27219.421319156536,298602456008.5069
2024-03-21 00:00:00+00:00,1.411642495293,455241.7863307555,1588585760.8608787,420479.5484625457,1467281439.1768079,12628478.009901859,44067616265.12733,121304321.68407083,34762.237868209835,296827773761.3147
2024-03-22 00:00:00+00:00,1.359857932654,323578.77028638305,1073264387.2954739,364357.2274744465,1208520683.0965443,12587528.141388852,41751026083.31027,-135256295.80107033,-40778.457188063476,292882373266.15607
2024-03-23 00:00:00+00:00,1.381717784149,200204.59619892406,671629971.3855382,207897.27644283744,697436744.6074879,12579721.03170157,42201417135.12362,-25806773.221949697,-7692.680243913375,291540160168.767
2024-03-24 00:00:00+00:00,1.422372225756,161110.5767922339,556687427.5370752,152394.78907766863,526571655.2620021,12588327.085189644,43496606874.46133,30115772.27507305,8715.78771456526,291700715521.31354
2024-03-25 00:00:00+00:00,1.470552372141,370493.8320843432,1332278693.875962,389267.68816877337,1399788612.5228288,12569356.765435334,45198825902.45918,-67509918.6468668,-18773.856084430183,293627011261.38153
2024-03-26 00:00:00+00:00,1.465584771985,495310.1735684459,1779780954.4297073,515025.25967977126,1850622493.0217462,12549265.825488193,45092843838.37325,-70841538.59203887,-19715.086111325363,294399956864.497
2024-03-27 00:00:00+00:00,1.42982601188,438565.06492257584,1534246378.9719107,406075.8129796441,1420588176.037418,12581409.556132585,44013952769.509254,113658202.93449283,32489.251942931733,293786921571.49786
2024-03-28 00:00:00+00:00,1.447599462436,276283.48126478255,985270099.3719498,335291.3390448684,1195701347.858328,12522131.927054683,44655880661.55042,-210431248.4863783,-59007.85778008588,295802809523.4844
2024-03-29 00:00:00+00:00,1.429872423381,272826.1371040539,959339392.0427003,278383.6858969959,978881418.0995189,12516385.996452602,44011406897.67948,-19542026.056818604,-5557.548792941961,295282751382.06934
2024-03-30 00:00:00+00:00,1.424256497438,142468.2496146251,499519577.73161954,179341.37491981313,628803456.9953529,12479369.519667294,43754937747.06368,-129283879.26373333,-36873.125305188034,295593949910.6915
2024-03-31 00:00:00+00:00,1.467171164405,185821.92931133127,677270076.7006199,198169.51066921797,722273631.4711232,12466886.99765403,45438391175.955956,-45003554.77050328,-12347.581357886695,298286674569.4516
2024-04-01 00:00:00+00:00,1.415932402349,335480.716955417,1177701900.2945132,350744.20709246094,1231284238.8046343,12451453.801714854,43710711413.72838,-53582338.51012111,-15263.490137043933,297696697908.5228
2024-04-02 00:00:00+00:00,1.33930753485,465722.4355165276,1528969439.3527713,402566.00268943975,1321626506.4660292,12514351.084504744,41084686719.71448,207342932.88674212,63156.432827087876,294329722216.9074
2024-04-03 00:00:00+00:00,1.357905003229,403499.0700692345,1338513956.1757488,354742.2812705947,1176774693.0490832,12562903.148848578,41674498015.405014,161739263.1266656,48756.78879863984,293325856361.57166
2024-04-04 00:00:00+00:00,1.36540294484,403145.0049049194,1341586674.0910108,429951.4623188227,1430793251.3982568,12535914.443891272,41717038685.462654,-89206577.30724597,-26806.457413903263,292640406381.5032
2024-04-05 00:00:00+00:00,1.367880951594,282428.8460507227,938703523.3396748,262809.12318280846,873493813.9187346,12555391.285379501,41730121413.93419,65209709.42094028,19619.722867914243,291749469137.0043
2024-04-06 00:00:00+00:00,1.387309316035,92140.80016893757,310350427.2463213,129606.59883475433,436543455.7607487,12517846.373782968,42162852538.55479,-126193028.51442736,-37465.798665816765,291521109424.54834
2024-04-07 00:00:00+00:00,1.416630774805,141645.76999450827,488326187.0368546,134356.15178615824,463195105.0089479,12525041.970802214,43180293970.766304,25131082.027906716,7289.618208350032,292210499432.5462
2024-04-08 00:00:00+00:00,1.500833220103,376179.0437770511,1391931909.9911356,398091.8499626774,1473013338.294466,12502959.532795908,46263258495.9752,-81081428.30333042,-21912.80618562631,296030950620.1049
2024-04-09 00:00:00+00:00,1.431249165637,417469.3258602076,1460827191.3188384,416916.3899452103,1458892333.4271348,12503326.77054378,43752195902.583115,1934857.8917036057,552.9359149973025,293564806429.9249
2024-04-10 00:00:00+00:00,1.44369589165,289655.2805687006,1025760824.035291,283960.03394560656,1005592157.1367652,12508895.657634236,44297949936.745834,20168666.898525715,5695.246623094019,294534034676.9284
2024-04-11 00:00:00+00:00,1.427860072139,345784.25590896216,1211664040.0420985,330496.01643999235,1158092456.942086,12524054.291608717,43885590397.36168,53571583.10001254,15288.239468969812,294672299661.30743
2024-04-12 00:00:00+00:00,1.331628607213,328040.58323300345,1061188862.7595866,324832.5386438786,1050811057.8073336,12527019.318785919,40524051181.8855,10377804.952252984,3208.044589124853,291694362579.229
2024-04-13 00:00:00+00:00,1.260997344116,364128.44647722965,1103447584.8326302,445653.4962973414,1350499470.5000896,12445109.499992868,37713411719.40956,-247051885.6674595,-81525.04982011177,288550188557.4395
2024-04-14 00:00:00+00:00,1.31233022592,324363.8910358677,1024617000.1384429,290431.30423623347,917429035.4653531,12478962.583324078,39419175686.086205,107187964.67308974,33932.58679963421,289020429465.5193
2024-04-15 00:00:00+00:00,1.298207064861,357250.3717804249,1108579354.4039476,377730.41368001467,1172130727.3922095,12458378.046510287,38659443859.751495,-63551372.98826194,-20480.041899589763,287009318723.04034
2024-04-16 00:00:00+00:00,1.299806805103,324234.01541419537,1001386177.406054,332250.59954109683,1026145135.9145771,12450285.383061063,38452300174.09253,-24758958.508523107,-8016.584126901464,285308456018.17993
2024-04-17 00:00:00+00:00,1.2714412954,300385.43365531677,896607898.7006588,284162.247071805,848183988.6066624,12466377.84645423,37210369055.85629,48423910.093996406,16223.186583511764,281890949727.42847
2024-04-18 00:00:00+00:00,1.30931757466,405626.66612191533,1244383896.0262113,426166.02896924905,1307394675.3870022,12445757.488398056,38181168759.14489,-63010779.36079097,-20539.362847333716,281346099875.3858
2024-04-19 00:00:00+00:00,1.312965450968,307688.07652730664,940285376.032395,305901.7951252794,934826554.5572126,12447469.0058096,38039085579.38722,5458821.475182414,1786.2814020272344,279484908992.6182
2024-04-20 00:00:00+00:00,1.355937770075,156914.5729319553,495148476.37603676,175045.12280239366,552359951.2343996,12429290.874105485,39220987087.13746,-57211474.858362794,-18130.54987043835,279448083327.6078
2024-04-21 00:00:00+00:00,1.352893303647,119356.54970830408,375693791.3538408,123462.290809042,388617266.8080429,12425140.062386382,39110111590.429665,-12923475.454202056,-4105.741100737912,279382419301.68494
2024-04-22 00:00:00+00:00,1.37234339379,266540.59561813,854475178.8977362,272070.28667598317,872202248.7459544,12419541.92471958,39814536631.248,-17727069.848218203,-5529.691057853168,280513161479.4487
2024-04-23 00:00:00+00:00,1.37506136604,233133.94791979456,750171838.5654033,263783.47967616015,848795036.9198171,12388801.154047098,39864334740.944885,-98623198.35441375,-30649.531756365584,281007230014.0909
2024-04-24 00:00:00+00:00,1.342206758108,251845.58409154476,789037657.4581641,293401.56371355633,919233439.6578332,12347153.292348618,38683898092.61179,-130195782.19966912,-41555.97962201157,280305639654.0444
2024-04-25 00:00:00+00:00,1.350175272041,286588.0868375928,905136506.5367559,263602.09929769847,832539432.838617,12370061.50420121,39068596252.92976,72597073.69813895,22985.987539894355,280904241212.1301
2024-04-26 00:00:00+00:00,1.337490815311,194499.97668562474,608753733.8791018,223326.98553036235,698977648.3999969,12341185.691010414,38625931981.68331,-90223914.52089512,-28827.008844737604,281015331488.66895
2024-04-27 00:00:00+00:00,1.379411804457,160214.31539189027,521187390.17687577,137270.15118611607,446548560.10138035,12364092.226351876,40221180882.59618,74638830.07549542,22944.1642057742,283207092982.3563
2024-04-28 00:00:00+00:00,1.379598194274,155744.1031183705,508172678.5448125,179962.5849682437,587194423.4810246,12339833.4339003,40263265724.64811,-79021744.93621212,-24218.481849873206,284026609525.3093
2024-04-29 00:00:00+00:00,1.36113590155,268470.3895207623,864595713.2198846,256890.08193125183,827301900.9766384,12351345.877801,39776903208.973724,37293812.2432462,11580.307589510485,284140271723.6074
2024-04-30 00:00:00+00:00,1.285860743622,266052.4412318508,801466362.8287646,272863.3387080397,821983766.0992112,12344438.32474791,37186849477.836266,-20517403.270446658,-6810.897476188897,281348949361.9912
2024-05-01 00:00:00+00:00,1.274329954251,478921.2073876309,1422565830.5470545,473517.74317652575,1406515625.5556507,12349771.200746408,36683200188.78673,16050204.991403818,5403.464211105136,279932363209.9241
2024-05-02 00:00:00+00:00,1.285903541135,254386.34378736516,760247879.8363085,214122.5746822252,639917343.8465788,12389977.108743133,37028142658.53766,120330535.98972964,40263.769105139945,279116625578.49005
2024-05-03 00:00:00+00:00,1.332534732186,202573.67928152572,629478784.5404042,195462.37899723995,607381083.2233789,12397034.571800549,38522626837.99739,22097701.317025304,7111.300284285768,280064852997.3348
2024-05-04 00:00:00+00:00,1.336508045027,65520.10247144532,204216709.47855806,91641.67345020277,285633878.72088766,12370874.281298542,38558230891.057106,-81417169.2423296,-26121.570978757445,280085775080.9854
2024-05-05 00:00:00+00:00,1.345308060943,125709.29216315331,394579094.6747758,117371.44785897525,368408085.35263336,12379174.241703404,38856024730.241455,26171009.322142422,8337.844304178056,280219124260.031
2024-05-06 00:00:00+00:00,1.321075342486,266971.3994401847,818941651.7752686,215776.78337325936,661900846.9109182,12430321.85383226,38130332808.7636,157040804.86435032,51194.616066925344,278881809893.5799
2024-05-07 00:00:00+00:00,1.305352821626,251482.37982870347,758133423.1065832,293252.3667195249,884055657.3650056,12388504.180698033,37347105940.70347,-125922234.25842237,-41769.98689082143,277380789071.25104
2024-05-08 00:00:00+00:00,1.291192033974,210839.07457894442,626277651.917292,257420.9754544521,764644809.7148553,12341885.47933949,36660410664.71635,-138367157.7975633,-46581.90087550768,276311098638.7514
2024-05-09 00:00:00+00:00,1.315753688256,235180.54817252947,713650176.5029798,212842.52268320823,645865931.7724701,12364189.823274497,37518860799.759186,67784244.73050964,22338.02548932124,277006534885.48975
2024-05-10 00:00:00+00:00,1.269414827182,211027.29794108326,614270134.4666822,204730.25894276227,595940358.9827517,12370444.433088252,36008585806.02804,18329775.48393047,6297.03899832099,275425712601.69946
2024-05-11 00:00:00+00:00,1.271771602779,73817.71189525555,214906330.0529684,71616.81247888767,208498826.97215647,12372620.243464228,36020547662.53002,6407503.080811948,2200.8994163678726,274962899735.1181
2024-05-12 00:00:00+00:00,1.282599961366,75843.41462453715,222260932.4372244,86357.38286467256,253072366.70922288,12362084.222648913,36227382163.57324,-30811434.271998495,-10513.968240135408,274445588764.0546
2024-05-13 00:00:00+00:00,1.29179722101,310944.33285848843,916817926.2026013,297023.54223875055,875772539.4937942,12375951.332819024,36490435221.7388,41045386.70880711,13920.790619737876,274166411635.44257
2024-05-14 00:00:00+00:00,1.270059502326,177418.64505958508,511151853.0146944,174440.7106398705,502572277.3095472,12378880.624284143,35664164649.80602,8579575.705147207,2977.934419714584,272484071689.11304
2024-05-15 00:00:00+00:00,1.328933770552,257928.44919629488,781228618.2091993,229308.55817269822,694543035.4930161,12407444.800698714,37580387069.98131,86685582.71618319,28619.89102359666,273776597912.65213
2024-05-16 00:00:00+00:00,1.295266607654,316911.63559829985,932146411.189541,293608.5730573865,863604067.9075439,12430704.18756202,36562987897.61728,68542343.28199708,23303.06254091335,272781340737.86545
2024-05-17 00:00:00+00:00,1.351503116473,203450.50691966974,629168404.574046,190640.6827320724,589554167.3376312,12443468.998130035,38481287933.144775,39614237.23641479,12809.824187597347,274869015580.5392
2024-05-18 00:00:00+00:00,1.360896553298,89545.34908103554,279613344.83353645,95932.08758592927,299556505.8604075,12437057.242633829,38835821303.81694,-19943161.026871026,-6386.7385048937285,275633604454.2171
2024-05-19 00:00:00+00:00,1.337750849254,86360.65023057333,265140654.43758345,81749.8905442701,250984903.67126888,12441646.273530113,38197792935.06132,14155750.766314566,4610.759686303223,275699127402.0078
2024-05-20 00:00:00+00:00,1.54572926357,382741.725716315,1401566252.9993043,407233.09043737565,1491251458.3912525,12417049.7871656,45470135013.19347,-89685205.39194822,-24491.364721060672,284595534528.9136
2024-05-21 00:00:00+00:00,1.561184609847,533450.6933203102,2025451456.9988694,676552.9869900241,2568794549.139466,12273841.068599643,46602375039.8249,-543343092.1405964,-143102.2936697139,292166660819.46985
2024-05-22 00:00:00+00:00,1.521325285394,384873.7643937752,1439800316.8556583,422017.62404162495,1578754295.6347873,12775299.050521914,47791980962.485,-138953978.77912903,-37143.85964784975,295409286911.1361
2024-05-23 00:00:00+00:00,1.511428821328,574779.0811004712,2165159122.3637185,631382.398687747,2378380503.342819,12718618.240604512,47910289732.15684,-213221380.9791007,-56603.31758727576,299411166506.2695
2024-05-24 00:00:00+00:00,1.483050032331,439242.2125628382,1637504377.1000054,500820.8657537903,1867070915.224302,12656987.326840743,47185519869.94182,-229566538.12429667,-61578.653190952085,301991925553.16223
2024-05-25 00:00:00+00:00,1.475632917387,311548.8380415558,1167705997.7771473,174914.90444254628,655592825.5169233,12793590.281299265,47951236789.989006,512113172.260224,136633.9335990095,305146987049.32947
2024-05-26 00:00:00+00:00,1.488841239735,185946.97300673093,711159198.5641857,187095.21655935308,715550686.9086059,12792408.081007307,48924908706.45073,-4391488.344420195,-1148.2435526221525,308614541393.74457
2024-05-27 00:00:00+00:00,1.494326128999,253087.64459793837,983932148.8221508,327050.4929414338,1271478482.5012748,12718354.08726372,49445311668.38444,-287546333.679124,-73962.84834349543,312564144278.83154
2024-05-28 00:00:00+00:00,1.46986136136,297533.891120445,1144001060.9477882,332395.90418596554,1278043538.5409925,12683398.234702043,48766952168.984024,-134042477.59320426,-34862.01306552056,314272855350.2729
2024-05-29 00:00:00+00:00,1.440224849497,276323.8954107342,1041726181.3269559,316062.465197379,1191538446.0017252,12643582.843237957,47665625348.82982,-149812264.67476928,-39738.56978664477,314486931547.31067
2024-05-30 00:00:00+00:00,1.424756340851,242312.02410943253,908085090.6242517,261436.03177414567,979753949.3906951,12624399.112989765,47311018323.29488,-71668858.76644337,-19124.007664713135,316018737385.01
2024-05-31 00:00:00+00:00,1.425364904263,252583.74528366362,948574187.7958976,245496.66526429885,921958772.9137418,12631410.846393535,47437060016.97722,26615414.882155776,7087.080019364774,316552964365.6823
2024-06-01 00:00:00+00:00,1.444123256553,88212.0633425446,336384571.3305106,117781.01760676366,449141711.6576386,12601799.987896351,48055231068.116936,-112757140.327128,-29568.954264219064,317261089362.5215
2024-06-02 00:00:00+00:00,1.43123684489,119067.74885184283,450232197.4209701,103055.33469585865,389684278.4338226,12617767.330180138,47711703348.67388,60547918.98714751,16012.414155984181,317431324923.94525
2024-06-03 00:00:00+00:00,1.42602534035,224355.35475383146,845255576.8935447,247377.2978115991,931990416.727678,12594658.5192242,47450195089.5034,-86734839.83413327,-23021.94305776764,317429863367.94904
2024-06-04 00:00:00+00:00,1.440697296918,189865.8938161281,723804719.5971625,184392.72417069826,702939961.1042312,12600069.350302394,48033848943.046616,20864758.492931247,5473.169645429851,317929350223.9336
2024-06-05 00:00:00+00:00,1.456458922365,221725.61511445863,856599620.8088732,254549.163275782,983407878.3666527,12567139.122249564,48551028266.2391,-126808257.55777955,-32823.54816132336,318709635162.3782
2024-06-06 00:00:00+00:00,1.438394080543,276053.3250360762,1052275976.7250793,258936.9860627331,987030929.2010968,12584148.58355362,47968982950.239296,65245047.523982525,17116.33897334308,318414010608.6715
2024-06-07 00:00:00+00:00,1.395003105774,243529.93451432444,896170564.3892257,255984.34706184865,942001800.4715995,12571589.910450932,46262439349.75486,-45831236.08237374,-12454.412547524204,316956665705.03394
2024-06-08 00:00:00+00:00,1.395896742578,140556.80978142147,517251835.3559707,127384.16240517965,468776232.91128075,12584719.637889598,46312016758.64396,48475602.44468993,13172.647376241817,316767047445.7846
2024-06-09 00:00:00+00:00,1.405732864333,73380.05070014794,271919833.102149,80757.44840779174,299257791.2290522,12577305.673931798,46606929636.849525,-27337958.126903176,-7377.397707643802,316745103992.30817
2024-06-10 00:00:00+00:00,1.395495661703,170989.93246678906,626878040.0894132,186848.03094544518,685016513.8020436,12561383.884377843,46052159894.1444,-58138473.71263039,-15858.098478656117,315674344029.7046
2024-06-11 00:00:00+00:00,1.340189823057,608316.6169867172,2127709306.9501274,652511.6450277055,2282290276.5602107,12517099.876865728,43781065912.61017,-154580969.61008334,-44195.028040988254,313599738264.70496
2024-06-12 00:00:00+00:00,1.365299273486,301896.1358119579,1074991014.4810944,337043.4430141297,1200143459.1254182,12481844.707965767,44445321796.265686,-125152444.64432383,-35147.307202171825,313387628372.2654
2024-06-13 00:00:00+00:00,1.340901355424,263576.3888002049,914628525.2607334,284962.63538011845,988840298.3990165,12460374.877451232,43238373324.09136,-74211773.13828313,-21386.24657991354,310962261855.56635
2024-06-14 00:00:00+00:00,1.350058186293,285476.55120944936,993430985.8694817,292141.5741808384,1016624625.8138422,12453644.560998261,43337487234.89237,-23193639.944360495,-6665.0229713890585,309732319041.9014
2024-06-15 00:00:00+00:00,1.383460960521,98552.17187960466,351610724.69387525,135170.08016868745,482254717.86763495,12417000.091324626,44300904966.03352,-130643993.1737597,-36617.908289082785,309890420887.364
2024-06-16 00:00:00+00:00,1.40359223054,113283.78098346447,410052619.17822826,108404.12838463087,392389770.0796125,12421857.527186204,44963322815.16084,17662849.098615766,4879.652598833607,309897304427.83813
2024-06-17 00:00:00+00:00,1.368730605123,276416.29314751585,970090965.9364089,296090.1620329456,1039136977.1300669,12402140.418462722,43525670072.58415,-69046011.193658,-19673.86888542975,308123089168.41974
2024-06-18 00:00:00+00:00,1.361972555409,372825.4477493206,1296559846.5727706,369884.6552053849,1286332772.341155,12405022.550130641,43140440738.21797,10227074.231615543,2940.792543935706,306844032715.3743
2024-06-19 00:00:00+00:00,1.391319559631,252788.2582102068,899310736.7198225,282316.8829440169,1004360747.5538056,12375449.217645256,44026468760.68366,-105050010.83398306,-29528.62473381008,307277885195.3772
2024-06-20 00:00:00+00:00,1.374954257975,231392.61858682055,812805175.5934703,237026.67368603908,832595734.048581,12369758.57802176,43450840629.496506,-19790558.45511067,-5634.055099218531,307014280472.94653
2024-06-21 00:00:00+00:00,1.376712831273,226655.63318612298,797441749.9548807,224315.7469951753,789209336.2593765,12372065.531233931,43528596439.87747,8232413.695504189,2339.886190947698,307118715175.25006
2024-06-22 00:00:00+00:00,1.367989058006,75920.00695989076,265431614.56960133,97443.83412026653,340683243.53630924,12350524.31543166,43179917140.39304,-75251628.96670792,-21523.827160375775,307141959014.3003
2024-06-23 00:00:00+00:00,1.341485220926,169480.41333736284,579616256.9814295,115958.14349320171,396572227.8730601,12404028.731279777,42421283752.73152,183044029.10836935,53522.26984416113,306385845970.08575
2024-06-24 00:00:00+00:00,1.321167969316,367319.1411171673,1229664210.6271045,347108.9275962937,1162007033.328459,12424196.432686293,41592141516.52946,67657177.2986455,20210.21352087363,304526797238.3488
2024-06-25 00:00:00+00:00,1.341220871063,277769.1184435257,942387778.1761286,315263.2393526575,1069594148.3306558,12386663.739083169,42024255919.8052,-127206370.15452719,-37494.12090913183,304013669986.31104
2024-06-26 00:00:00+00:00,1.335394171623,241436.6024739518,813389587.4870235,267609.5353866832,901565079.053216,12360454.552506054,41641842730.535,-88175491.56619251,-26172.932912731398,303208137849.92426
2024-06-27 00:00:00+00:00,1.360523680113,247553.34099007476,852524911.4505247,267780.2451179205,922182382.3678788,12340180.353956264,42497148782.01488,-69657470.9173541,-20226.904127845744,304224014113.3874
2024-06-28 00:00:00+00:00,1.337408737292,406015.6284387241,1369388501.8911128,399920.762980332,1348832055.058291,12346243.56992607,41640771443.24858,20556446.832821846,6094.8654583920725,303101914524.45825
2024-06-29 00:00:00+00:00,1.339436873695,62243.22967869339,209978467.09603593,85002.98037013356,286758826.7648158,12323467.079637332,41573400674.23426,-76780359.66877988,-22759.750691440175,302717618607.5549
2024-06-30 00:00:00+00:00,1.361331704827,106880.16649403328,367442120.067119,161306.7949966665,554554812.9185984,12269021.050324736,42179529221.92636,-187112692.8514794,-54426.628502633204,303538184772.1825
2024-07-01 00:00:00+00:00,1.361598346419,279596.07436263474,961149468.8366401,220560.9331506175,758208155.2006238,12328022.355494069,42379250730.899605,202941313.63601637,59035.141212017246,303461433553.51465
2024-07-02 00:00:00+00:00,1.35678267542,263916.9370101829,902110596.3667645,251391.52675561182,859296726.8118389,12340519.687277636,42181883817.9995,42813869.55492568,12525.410254571063,302803093876.6177
2024-07-03 00:00:00+00:00,1.316053679528,207975.15870722273,685207782.9913448,250590.00417563235,825609280.7828867,12297852.81622991,40517264254.7435,-140401497.79154193,-42614.84546840962,300899430724.977
2024-07-04 00:00:00+00:00,1.246512677259,205759.1860962999,633881423.8241808,214855.1325291917,661903266.1793087,12288708.984117078,37857771969.25456,-28021842.35512781,-9095.946432891797,297058854569.64465
2024-07-05 00:00:00+00:00,1.220914691587,392542.5844998385,1172224919.5341554,388240.82956203294,1159378862.7369041,12292942.008592863,36709629797.80029,12846056.797251225,4301.754937805526,293991493118.0298
2024-07-06 00:00:00+00:00,1.256464386207,116649.48467322013,357871748.0602439,119094.0382183888,365371452.4343107,12290480.858426373,37706260611.67489,-7499704.37406677,-2444.5535451686737,293493611822.371
2024-07-07 00:00:00+00:00,1.213418410901,164805.94438817826,483354744.49755526,127375.10230599107,373574874.73539567,12327897.776283534,36156146563.575874,109779869.76215959,37430.8420821872,290532851500.4232
2024-07-08 00:00:00+00:00,1.252647359441,234630.60039391043,708693519.0928401,219576.92670403203,663224424.4195772,12342924.885394718,37281372754.6341,45469094.673262835,15053.6736898784,289844774748.983
2024-07-09 00:00:00+00:00,1.274239451761,262581.3944039049,804595456.6886206,210326.42622770264,644477067.1910455,12450789.000565479,38151401719.78101,160118389.49757504,52254.96817620227,289061844471.8223
2024-07-10 00:00:00+00:00,1.293526185163,203002.9589930697,629542102.6974559,198751.89342562505,616358921.6772954,12455002.719001452,38624799558.16992,13183181.020160437,4251.065567444661,288192184436.17474
2024-07-11 00:00:00+00:00,1.298312425957,275811.26000071695,854141027.6855016,262660.86358932767,813416464.4270378,12468119.590316495,38611666833.87394,40724563.25846374,13150.396411389287,286734882222.6293
2024-07-12 00:00:00+00:00,1.312266147124,367400.8841493136,1150102461.658806,220091.6911419513,688969479.0993897,12615406.896064889,39490951578.91664,461132982.5594164,147309.1930073623,286763960922.0249
2024-07-13 00:00:00+00:00,1.332185934559,104600.96841507389,332825422.01524246,153708.76095705476,489079441.6928117,12566280.255972868,39984118624.59642,-156254019.67756927,-49107.792541980874,287127158753.91504
2024-07-14 00:00:00+00:00,1.35563246782,103784.22051874519,337991073.1704426,96726.73679443562,315007169.7799316,12573319.82028166,40947167480.09522,22983903.390510976,7057.483724309568,288800795638.3961
2024-07-15 00:00:00+00:00,1.429249377737,346934.8059409308,1210104565.9241552,347107.6343447542,1210707389.3855283,12573094.591381066,43854807624.62616,-602823.4613730907,-172.82840382342692,293386034646.6171
2024-07-16 00:00:00+00:00,1.40202288654,309720.5359109605,1067521845.0372599,312008.55655390397,1075408025.432287,12570755.755514514,43327951561.78312,-7886180.395027041,-2288.0206429434475,295549374142.70667
2024-07-17 00:00:00+00:00,1.375965390489,272041.3924822319,923335610.1696807,291585.8020982614,989671285.096067,12551151.646867422,42599860111.175705,-66335674.92638624,-19544.40961602953,296552097221.88995
2024-07-18 00:00:00+00:00,1.382115547868,208817.57010836227,716478212.4239986,215933.49123572977,740893794.1513442,12543979.735040022,43039904030.012596,-24415581.727345586,-7115.921127367503,298456339514.0626
2024-07-19 00:00:00+00:00,1.401326176363,306918.92487013113,1076515884.1328425,290350.77223210334,1018403209.9368106,12560508.713476893,44055892443.15365,58112674.19603193,16568.152638027794,300921648267.73505
2024-07-20 00:00:00+00:00,1.396387537149,90259.55530849441,317764808.7413617,97756.65775343611,344158859.946122,12552989.079029633,44193638670.13041,-26394051.204760313,-7497.102444941702,303117079456.4396
2024-07-21 00:00:00+00:00,1.391067590184,125574.52652041678,443338621.7218957,130463.34058605605,460598492.41201323,12548069.762692574,44300736049.025375,-17259870.690117538,-4888.814065639264,305138233456.3429
2024-07-22 00:00:00+00:00,1.353848979336,681255.0836454659,2344838440.5512652,687261.9019899868,2365513542.870166,12542028.46797124,43168896908.359955,-20675102.318900585,-6006.818344520871,305668639377.6546
2024-07-23 00:00:00+00:00,1.364162320053,556496.9009747899,1938127467.4105296,503505.7099851918,1753573550.5642073,12594988.10161447,43864920628.827805,184553916.8463223,52991.19098959805,306957985913.92053
2024-07-24 00:00:00+00:00,1.31241797906,905914.408142226,3018253147.659897,940655.531377876,3134000842.60414,12560218.581843514,41847131394.772736,-115747694.94424295,-34741.123235649895,305231520295.9015
2024-07-25 00:00:00+00:00,1.261305281482,965107.886372936,3062980459.884077,970561.224333082,3080287817.7959957,12554733.97422127,39845187657.31318,-17307357.91191864,-5453.337960146018,302544221919.13214
2024-07-26 00:00:00+00:00,1.300269266377,730077.4216859733,2393874242.418495,708876.494948708,2324357844.671886,12575914.65632843,41235569374.431274,69516397.74660921,21200.926737265312,303213248314.78033
2024-07-27 00:00:00+00:00,1.29420638634,159310.46676677698,518439918.95861375,144206.88344586422,469288719.59428155,12590995.560019312,40974550198.89488,49151199.3643322,15103.58332091276,302348252144.0276
2024-07-28 00:00:00+00:00,1.303869014459,92226.28249551798,301643451.6894132,84183.18131122054,275336972.2578412,12599025.845992548,41207490330.03703,26306479.43157196,8043.10118429744,301627414569.0596
2024-07-29 00:00:00+00:00,1.325161560284,756823.1871307325,2515038184.3017063,761417.0940555494,2530304433.4435244,12594410.88514188,41853136668.55891,-15266249.141818047,-4593.906924816896,301547197157.2142
2024-07-30 00:00:00+00:00,1.312365258323,524337.4569994278,1717827248.8804908,527556.3629448398,1728372984.7816703,12591150.625573682,41250956517.86081,-10545735.901179552,-3218.9059454119997,300188808564.6775
2024-07-31 00:00:00+00:00,1.299885681819,456078.009994504,1473934034.375922,458743.0080346972,1482546664.7306132,12588441.780843778,40682805077.0724,-8612630.354691267,-2664.998040193226,298965395523.83356
2024-08-01 00:00:00+00:00,1.294333602805,504640.1803665137,1616503809.6468108,470250.17372683255,1506342988.3137805,12622777.660590503,40434291541.84569,110160821.33303022,34390.006639681174,297606305901.4126
2024-08-02 00:00:00+00:00,1.222196076687,472132.8455418479,1409316703.2976007,438740.36132447195,1309640126.638038,12656134.73329818,37778566450.617966,99676576.65956283,33392.48421737598,293700369622.50006
2024-08-03 00:00:00+00:00,1.197022941584,179041.4624782864,520075277.44469655,179764.37280222238,522175169.738272,12655393.353358107,36761078234.70053,-2099892.2935754657,-722.9103239359683,291823080758.9007
2024-08-04 00:00:00+00:00,1.12820082057,233112.246358816,629044087.6367786,206428.36105474402,557038688.7446599,12682040.651021086,34221980249.011467,72005398.89211869,26683.88530407197,287638228617.413
2024-08-05 00:00:00+00:00,1.046894790133,1094326.411585932,2663887236.9346623,1250985.0981819723,3045236961.62361,12525034.105489139,30489329456.491753,-381349724.6889477,-156658.68659604038,279623333668.1012
2024-08-06 00:00:00+00:00,1.070994088413,716287.6484713119,1761087956.660442,750547.3568936302,1845319982.7605815,12490742.978626598,30710144278.414562,-84232026.10013938,-34259.708422318334,276071638106.2947
2024-08-07 00:00:00+00:00,1.04334034342,583049.6777615283,1368012611.8641605,625084.0991923948,1466638202.175108,12448675.042527344,29208393570.438423,-98625590.31094742,-42034.42143086647,270446528558.365
2024-08-08 00:00:00+00:00,1.188286179574,455198.71725668013,1222975907.5373743,492764.9142059335,1323904473.6010492,12411068.050730912,33344639686.872932,-100928566.06367493,-37566.19694925338,271910400049.71878
2024-08-09 00:00:00+00:00,1.161165048715,392786.19630357524,1018479215.581321,384060.7457291112,995854464.1508877,12473772.236427678,32344002620.901886,22624751.430433273,8725.450574464048,268559158366.4908
2024-08-10 00:00:00+00:00,1.176313250236,99101.74594873216,258346613.25691405,116540.8973005561,303808432.7908421,12456321.0549051,32472166129.54832,-45461819.53392807,-17439.151351823937,266529510623.7759
2024-08-11 00:00:00+00:00,1.164092891634,152310.92902002195,389764176.905052,139779.68783545174,357696688.7915717,12468838.022637933,31907798213.331318,32067488.11348033,12531.241184570215,264386231104.10602
2024-08-12 00:00:00+00:00,1.235507247223,435591.18654329644,1188665245.6540706,413985.22630208323,1129705710.1282961,12490414.237102361,34084531014.70326,58959535.52577448,21605.960241213208,265643098106.2231
2024-08-13 00:00:00+00:00,1.225075803544,201696.0160441308,545084365.4109521,206056.25404445987,556867927.674919,12486036.730919033,33743568868.914635,-11783562.263966918,-4360.23800032906,265323224432.64258
2024-08-14 00:00:00+00:00,1.208075291241,376631.23436953174,1004392162.5524105,379117.30784370785,1011021970.3992606,12483527.938047078,33290806703.717327,-6629807.846850157,-2486.0734741761116,265505161270.17398
2024-08-15 00:00:00+00:00,1.169434674384,270351.69612126454,695819021.5131723,281149.39985479077,723609665.16085,12472699.163490586,32101671460.10945,-27790643.64767778,-10797.703733526228,264715245365.52335
2024-08-16 00:00:00+00:00,1.174637752156,196220.6589461364,509094103.81131804,266300.6001124475,690916369.7991551,12402602.732223457,32178527769.710308,-181822265.98783708,-70079.94116631112,265671987407.2332
2024-08-17 00:00:00+00:00,1.182159792005,84602.8484831445,220998335.59920654,73777.29022755561,192719969.09841383,12413417.656404873,32426149832.41184,28278366.500792712,10825.558255588883,265786610940.03546
2024-08-18 00:00:00+00:00,1.187311957234,71841.69519978296,188569886.44153738,81226.580862556,213203308.84025145,12404021.593380267,32558042189.532864,-24633422.398714066,-9384.885662773042,265915945717.92474
2024-08-19 00:00:00+00:00,1.189848342029,283895.06773435784,747200119.4273323,288932.5593384657,760458589.7425882,12398963.856733216,32633561929.98423,-13258470.31525588,-5037.4916041078395,266078850056.99142
2024-08-20 00:00:00+00:00,1.168464899842,235715.95276753715,607687136.4848987,216556.00705933492,558291868.9778832,12418107.677571623,32014482713.381783,49395267.50701547,19159.945708202227,265403716240.07034
2024-08-21 00:00:00+00:00,1.190075793659,292930.94462659815,769922475.3620931,303475.26890738355,797636557.4698453,12407543.186403966,32611257152.82596,-27714082.107752204,-10544.324280785397,265672818315.17096
2024-08-22 00:00:00+00:00,1.188829295781,276372.9407187396,724995024.6185964,317338.3736883125,832457553.3562124,12366563.147123734,32440573704.430233,-107462528.73761594,-40965.432969572896,265441510462.1779
2024-08-23 00:00:00+00:00,1.241550265704,622778.316474418,1722646827.599975,562088.864059061,1554775708.9265795,12427233.540715376,34374566147.30535,167871118.67339563,60689.452415356995,268013060140.25772
2024-08-24 00:00:00+00:00,1.236549839342,160649.69632840645,443715544.30654424,167475.83795934386,462569393.51079816,12420394.35161696,34305212933.38516,-18853849.204253912,-6826.1416309374035,268707331473.21698
2024-08-25 00:00:00+00:00,1.232327033286,78929.30591842337,217698584.18408203,88117.56330031592,243041143.57798204,12411194.990574114,34231893287.812244,-25342559.393900007,-9188.257381892545,269256833786.29916
2024-08-26 00:00:00+00:00,1.202019879745,265997.4169898868,714562228.9904394,261664.4024037248,702922234.1514906,12415510.138537273,33352408828.029686,11639994.838948846,4333.014586161997,268865415553.54907
2024-08-27 00:00:00+00:00,1.115553509223,381036.89247310127,937864169.4030334,358460.10722304566,882294857.4424367,12438068.09643257,30614406727.197914,55569311.96059668,22576.785250055604,265445334872.82596
2024-08-28 00:00:00+00:00,1.145344891524,417930.4972473043,1057140622.4988452,416836.08204356895,1054372337.3955345,12439139.828621361,31464370531.441956,2768285.103310704,1094.4152037353488,265701306186.07373
2024-08-29 00:00:00+00:00,1.145887200398,272878.49943087605,689609712.051469,304531.5258155269,769602215.8808373,12407469.937874828,31355756459.34154,-79992503.82936835,-31653.026384650846,265339602063.11316
2024-08-30 00:00:00+00:00,1.147529148705,279343.2825683945,705842440.4629859,259589.19619820497,655927968.1891186,12427207.072538074,31400970474.63992,49914472.27386725,19754.08637018953,264925919613.77747
2024-08-31 00:00:00+00:00,1.144168919039,69125.21002604542,173739163.8614333,98633.08486402658,247904197.13579175,12397689.386953937,31160327572.11962,-74165033.27435845,-29507.87483798116,264300976540.23526
2024-09-01 00:00:00+00:00,1.112580999502,124615.15947977002,302309299.2157041,102188.92295901025,247904523.14400056,12420105.570162538,30130470696.94951,54404776.07170352,22426.236520759776,262352791490.29865
2024-09-02 00:00:00+00:00,1.16401176706,178761.4282559114,453805103.10803485,197393.17210923118,501103787.8574877,12401447.095184637,31482406650.177338,-47298684.74945283,-18631.743853319786,262411412260.63028
2024-09-03 00:00:00+00:00,1.128672126055,614647.382001329,1499619923.9647167,338097.6150460474,824892344.1553181,12677979.593738958,30931801470.43714,674727579.8093985,276549.7669552816,260100132899.4946
2024-09-04 00:00:00+00:00,1.138558646498,385112.26650868356,944652563.8652545,373505.42332426173,916181816.1740776,12689560.219924405,31126574348.6876,28470747.69117689,11606.843184421828,259233118265.41507
2024-09-05 00:00:00+00:00,1.106758623594,314156.21920441167,743660072.542659,242524.0815114524,574094877.0866024,12761167.827879004,30207808766.741997,169565195.4560566,71632.13769295928,257362232794.0846
2024-09-06 00:00:00+00:00,1.0525684669,409792.6143772345,909978103.8177884,366293.5052857832,813384765.0897175,12804618.51750492,28433705415.54732,96593338.72807086,43499.109091451275,253858653393.0311
2024-09-07 00:00:00+00:00,1.078273407525,137889.87665695723,312966897.7931743,182316.56130572243,413801578.4155255,12760180.57353878,28961619418.34377,-100834680.62235117,-44426.68464876519,253291950135.27423
2024-09-08 00:00:00+00:00,1.095228013983,122822.78015852309,282500795.37815994,105399.97819816474,242427159.15884623,12777594.722768363,29389341843.12513,40073636.21931371,17422.801960358353,252714058279.54575
2024-09-09 00:00:00+00:00,1.125496449016,357050.6774082991,843368707.4355481,247959.324681804,585690347.0157754,12886659.195132041,30438830665.297356,257678360.41977262,109091.35272649513,252548248085.75043
2024-09-10 00:00:00+00:00,1.142796808729,303970.1026910875,726341522.7677832,437184.4735663475,1044659436.7319106,12753416.335831044,30474496537.157787,-318317913.9641274,-133214.37087525998,251622327701.2684
2024-09-11 00:00:00+00:00,1.125666373577,472100.3975798856,1105804413.3383684,436212.4379442162,1021743767.8606927,12789284.481822778,29956439977.4657,84060645.47767568,35887.959635669424,250409476317.39975
2024-09-12 00:00:00+00:00,1.136793078119,320087.8371142679,756153470.9421698,228688.06590395974,540236943.5693337,12880662.582113333,30428390554.6306,215916527.3728361,91399.77121030819,250082789605.54742
2024-09-13 00:00:00+00:00,1.171384484891,313490.56392909784,765786034.4000678,286292.38131190266,699347070.0233874,12907839.485823609,31530911452.75135,66438964.376680374,27198.182617195183,250966727858.88467
2024-09-14 00:00:00+00:00,1.159707704065,124070.87972668278,299902296.78605,135882.01394936824,328451995.8680168,12896017.015994243,31172061736.069885,-28549699.081966758,-11811.134222685461,250843452698.3851
2024-09-15 00:00:00+00:00,1.115370289006,120629.55195115224,279774976.78541195,91351.45258359988,211870558.35405672,12925284.16937994,29977489097.343727,67904418.43135524,29278.099367552364,250256963237.5345
2024-09-16 00:00:00+00:00,1.106154882221,261291.78946604315,599714717.643684,292049.6912983856,670309995.2465136,12894493.448617274,29595332916.88374,-70595277.60282958,-30757.901832342468,249723728764.85562
2024-09-17 00:00:00+00:00,1.124357049509,277983.63340397936,649666032.6288581,258022.30141395342,603015087.0276772,12914411.933551183,30181829994.32971,46650945.60118091,19961.331990025938,250166772721.76968
2024-09-18 00:00:00+00:00,1.133902068883,368324.55849997775,868802024.6067388,320973.7462734795,757111178.6400893,12961722.1674471,30574041837.801502,111690845.96664953,47350.81222649827,250370839019.75226
2024-09-19 00:00:00+00:00,1.178747113755,493319.62794963125,1217726896.1604853,371911.0732691893,918037903.3003836,13053339.9916494,32221307022.840996,299688992.8601017,121408.55468044197,252042273057.67307
2024-09-20 00:00:00+00:00,1.211736999552,273921.3627001547,699795984.1583024,326939.3630611598,835242826.9127607,13029955.51612685,33288059222.778324,-135446842.7544583,-53018.00036100508,253754156550.68826
2024-09-21 00:00:00+00:00,1.228687989267,152977.60089437355,398467404.77571267,130727.84777286043,340512505.94479686,13052156.59338742,33997519467.469814,57954898.83091581,22249.753121513117,255154857424.89505
2024-09-22 00:00:00+00:00,1.216032429959,144283.96544568887,372412504.2027886,117056.88712880746,302136473.27451456,13079342.939295877,33759197304.45542,70276030.92827404,27227.07831688141,255474132748.0005
2024-09-23 00:00:00+00:00,1.239138650531,264092.99058306176,699301790.0821935,335303.9778049342,887864048.8828993,13008036.60490571,34444470726.70126,-188562258.8007058,-71210.98722187243,257203572806.36713
2024-09-24 00:00:00+00:00,1.235850134244,364248.8901443885,967258591.8009338,384072.63419022213,1019900308.1350436,12988108.297276327,34489766974.44871,-52641716.33410978,-19823.74404583365,258622689344.43173
2024-09-25 00:00:00+00:00,1.197919169184,388094.629029106,999263025.1240971,350438.3546239103,902305943.3650064,13025666.51296699,33538384585.654434,96957081.75909066,37656.27440519573,258704454030.45013
2024-09-26 00:00:00+00:00,1.215335033427,268250.21585422056,705419937.9571215,299514.63017769455,787636241.6499254,12994302.453208648,34171230771.04989,-82216303.69280386,-31264.41432347399,260437056576.60837
2024-09-27 00:00:00+00:00,1.236513276919,415317.72303872235,1120609804.0858455,410838.39320986584,1108523681.4777746,12998702.873651277,35073085188.93706,12086122.60807085,4479.329828856513,262645650858.32147
2024-09-28 00:00:00+00:00,1.222292400726,101171.6141143409,270603482.08033204,123049.54721932588,329120339.11335945,12976792.359369827,34708996485.02459,-58516857.03302741,-21877.93310498497,263391225689.12973
2024-09-29 00:00:00+00:00,1.212589038221,117842.83879222386,313025963.6614365,121592.26713290859,322985571.14841926,12973010.807587065,34460212018.442474,-9959607.486982763,-3749.4283406847244,263676752138.9473
2024-09-30 00:00:00+00:00,1.187956830369,427064.3634760258,1108767857.0532787,418141.09409468743,1085600777.0625103,12981875.9103548,33704256230.83792,23167079.990768433,8923.269381338381,263063222820.3884
2024-10-01 00:00:00+00:00,1.131680451655,557229.4839472498,1365115964.57556,475325.0481719676,1164464247.3434262,13063671.561642598,32003738349.312202,200651717.23213387,81904.43577528221,260571888783.88547
2024-10-02 00:00:00+00:00,1.102536273859,337842.3049896078,800037446.8889384,441008.5982406096,1044343434.1455251,12960444.722113155,30691363849.011086,-244305987.25658667,-103166.2932510018,258538049938.50992
2024-10-03 00:00:00+00:00,1.100385701649,318191.7842423546,747594007.9371535,324787.22169278056,763090038.1989127,12953808.277641809,30435070696.091995,-15496030.261759281,-6595.437450425932,257015604396.11087
2024-10-04 00:00:00+00:00,1.130987485668,283759.3173246425,685315226.3155813,339643.66296357283,820283104.5164773,12897888.850162925,31150059492.953976,-134967878.20089602,-55884.34563893033,257049713028.70746
2024-10-05 00:00:00+00:00,1.129998034852,85225.31753934686,205762182.83651665,76522.60965851716,184750959.62433738,12906566.3390993,31160731805.20923,21011223.212179273,8702.707880829694,257193187202.3081
2024-10-06 00:00:00+00:00,1.144561607221,98027.6322113275,239040646.332406,78941.82579899085,192499855.76485682,12925619.176767562,31519157329.02938,46540790.5675492,19085.80641233665,256467651485.36078
2024-10-07 00:00:00+00:00,1.143005244567,342142.0019205835,830235380.4036301,330964.06198468345,803111200.4937779,12936694.05653885,31391939752.807526,27124179.909852266,11177.939935900038,255562106225.80716
2024-10-08 00:00:00+00:00,1.152191148955,282117.90254442045,688251972.3338588,267157.7823729725,651755414.9672827,12965680.17810547,31630941796.84697,36496557.366576195,14960.120171447925,254884869417.9594
2024-10-09 00:00:00+00:00,1.126534025793,235972.42667570952,558587828.6484632,247881.16687588784,586777890.6148896,12953672.990071947,30663599855.63249,-28190061.966426373,-11908.74020017832,252952330957.3
2024-10-10 00:00:00+00:00,1.135256678728,260982.12299878197,621691646.2054319,224243.4926047321,534175691.6773267,12990348.704130827,30944614818.277744,87515954.52810526,36738.63039404986,252596613460.3683
2024-10-11 00:00:00+00:00,1.158520987352,371252.81415850716,905000420.5938455,391512.699935418,954387804.2042477,12969993.047994833,31616862461.069664,-49387383.61040223,-20259.885776910814,253299686034.7689
2024-10-12 00:00:00+00:00,1.174683810254,148151.76375048383,367155797.3368925,142255.3459873647,352543052.2001182,12975831.719978854,32157240120.893383,14612745.136774302,5896.417763119127,253972472779.6208
2024-10-13 00:00:00+00:00,1.16811464862,121596.02742124804,299751060.1773855,117085.29553174652,288631480.90552396,12980293.891237702,31998223443.874146,11119579.271861553,4510.73188950152,254053468869.8588
2024-10-14 00:00:00+00:00,1.232592985826,277487.5408244402,730049919.3193643,286052.7531140941,752584381.6683286,12971626.229939751,34127422998.78562,-22534462.348964334,-8565.212289653893,256957016437.04807
2024-10-15 00:00:00+00:00,1.215839233138,440026.18759994314,1144298222.996446,457313.46179971145,1189254177.2207706,12954244.744078154,33687811449.95561,-44955954.2243247,-17287.27419976832,257488952899.33234
2024-10-16 00:00:00+00:00,1.215894052308,348186.62067497155,909458994.4790076,354483.2854370013,925905802.2051225,12947879.274716076,33819694860.73742,-16446807.72611487,-6296.664762029774,258614935554.49048
2024-10-17 00:00:00+00:00,1.208897100385,347704.8986644836,905160785.011866,328455.81781912653,855050725.6032608,12967042.163134208,33756378206.768784,50110059.40860522,19249.080845357093,259242309111.1792
2024-10-18 00:00:00+00:00,1.219983721247,462063.2691832403,1220515838.4299848,382699.35018089844,1010880217.937028,13046306.7362392,34461133499.62271,209635620.49295676,79363.91900234186,260656636125.8423
2024-10-19 00:00:00+00:00,1.218799801378,140581.67081892194,372499442.97551584,121023.19385113004,320675320.1470416,13065819.273284042,34620518969.26223,51824122.82847422,19558.476967791896,261728102644.41043
2024-10-20 00:00:00+00:00,1.249686209742,263740.0428064213,724260957.6311799,141879.8247714548,389618567.8294582,13187637.436995737,36214792480.41885,334642389.80172175,121860.2180349665,264551269353.94562
2024-10-21 00:00:00+00:00,1.214588840843,316192.5948917962,843388862.5402383,346482.6618753398,924182358.5051285,13157304.943345834,35094827107.07027,-80793495.96489024,-30290.066983543627,264389950129.8138
2024-10-22 00:00:00+00:00,1.194594929028417,293002.9973138495,768629805.7324731,302642.4642164243,793916856.1743304,13147616.291868411,34489919382.76751,-25287050.44185722,-9639.466902574815,264379745295.15207
2024-10-23 00:00:00+00:00,1.155067454036448,356941.1013195266,900092240.0808653,353401.33559870214,891166073.7042836,13151096.564042332,33162894164.02121,8926166.376581669,3539.765720824478,262840103297.9716
2024-10-24 00:00:00+00:00,1.1598902282807555,278332.67829686793,704777202.2838686,277246.3234991452,702026400.2590699,13152136.592957161,33303046155.98544,2750802.0247986317,1086.3547977227136,262836155494.39664
2024-10-25 00:00:00+00:00,1.1127051552581977,717998.9135514491,1734117611.5699382,752647.9445884173,1817802271.547818,13117444.585864019,31681373391.81301,-83684659.97787976,-34649.03103696823,261333790884.18158
2024-10-26 00:00:00+00:00,1.1435336348253093,178051.24377251763,441670265.70116085,176772.7325377134,438498816.9383577,13118695.842914226,32541968007.79086,3171448.7628031373,1278.5112348042312,261175409612.99496
2024-10-27 00:00:00+00:00,1.1563808815072292,143350.70117407688,359594478.9547479,126107.65829179404,316340396.69309694,13135916.339576835,32951376958.995262,43254082.26165098,17243.04288228284,261184842694.50803
2024-10-28 00:00:00+00:00,1.1808747269649866,385079.22938906396,988184642.6717021,423509.2641015615,1086803231.3202775,13097438.145947479,33610452723.460747,-98618588.6485753,-38430.03471249755,261652869764.083
2024-10-29 00:00:00+00:00,1.2098237225440531,652310.6821802708,1718981941.368368,447451.67792444717,1179133463.545729,13308610.08497106,35071111091.288086,539848477.822639,204859.00425582362,262265395232.29382
2024-10-30 00:00:00+00:00,1.2200777644314431,413243.40202405234,1099585830.4591134,488384.8333552656,1299527203.4308944,13233406.862853626,35212338790.704506,-199941372.97178102,-75141.43133121327,262595047788.01382
2024-10-31 00:00:00+00:00,1.163333608161365,334725.43004570215,842767069.3210973,388393.9785159951,977893000.1559625,13179688.323690534,33183637411.730545,-135125930.8348652,-53668.54847029294,260598005252.61142
2024-11-01 00:00:00+00:00,1.1620286789167675,391142.89364742115,982744993.9334443,386317.76780297345,970621884.078343,13184470.029587304,33125929499.621574,12123109.855101228,4825.125844447699,260346254006.70026
2024-11-02 00:00:00+00:00,1.1524494274291048,183683.31885752126,457164517.1601406,139057.31996998168,346096057.8079014,13229071.916725723,32925484539.931866,111068459.35223919,44625.99888753958,260046571119.2451
2024-11-03 00:00:00+00:00,1.1391537668074325,164481.67532493625,403736192.57018703,144946.89742074203,355786189.3971107,13248580.744825477,32519923792.77283,47950003.17307633,19534.777904194227,259463146612.9863
2024-11-04 00:00:00+00:00,1.1171852548296557,377439.9146778234,904598783.2633718,369377.7471064617,885276431.0374702,13256612.50941168,31771720689.487507,19322352.225901604,8062.1675713617005,258326003137.11954
2024-11-05 00:00:00+00:00,1.1325210828433765,586273.8359274325,1424043519.0896802,481797.9410962751,1170274355.5723438,13361050.912381094,32453636498.89816,253769163.51733637,104475.8948311574,258266703593.29547
2024-11-06 00:00:00+00:00,1.247600875768067,669409.7508582153,1822792447.4479148,639774.8132887678,1742096968.6131275,13390559.21119749,36462286612.918915,80695478.83478737,29634.937569447444,262822687684.1274
2024-11-07 00:00:00+00:00,1.3051343731405218,571843.5653790652,1653700462.0453358,595851.4917729836,1723128398.9393282,13366454.546971053,38654123957.102806,-69427936.89399242,-24007.926393918344,266821446108.89722
2024-11-08 00:00:00+00:00,1.3229850267778922,498944.3431220013,1477008284.870086,507897.8030242693,1503512913.3646278,13357409.002177304,39541492017.25699,-26504628.494541883,-8953.45990226802,269448962585.47736
2024-11-09 00:00:00+00:00,1.3819897670282602,379555.48637233,1191799101.6660943,451774.468483235,1418565730.2443051,13285142.517298998,41715168100.85357,-226766628.57821083,-72218.982110905,273608403520.54846
2024-11-10 00:00:00+00:00,1.3857766526660595,478088.47053483006,1523924522.431648,465346.7448868733,1483309804.9269662,13297770.148553452,42387129730.13182,40614717.504681826,12741.725647956773,276994646196.81915
2024-11-11 00:00:00+00:00,1.4338686004371437,611258.6443626947,2060088153.2038302,503271.3231274323,1696144995.54931,13405572.312521335,45179992074.77208,363943157.6545203,107987.32123526238,283048355216.1588
2024-11-12 00:00:00+00:00,1.3750582593905416,965558.4611637803,3143020806.7137337,895624.2479573216,2915375670.712206,13475298.24731371,43863882376.352615,227645136.0015278,69934.21320645872,285072319331.6388
2024-11-13 00:00:00+00:00,1.336994641633272,692180.0005604192,2208680092.00092,698529.1437865171,2228939599.9806237,13468616.259962745,42977064601.82963,-20259507.979703903,-6349.14322609792,287398067375.29694
2024-11-14 00:00:00+00:00,1.2765723775009714,466978.48119715386,1427277799.0422,567261.6358458346,1733784257.0722194,13368111.541330723,40858432639.43836,-306506458.0300193,-100283.15464868076,288312759944.06757
2024-11-15 00:00:00+00:00,1.282628319795974,482787.45649425336,1495414544.2677348,487555.9580165664,1510184784.1215422,13377377.374422336,41435883266.58897,-14770239.85380745,-4768.501522313047,290806823192.4567
2024-11-16 00:00:00+00:00,1.2900959336491133,303210.1260737767,950377616.5581088,238291.83025933293,746898609.9495586,13442215.570610372,42133094170.30664,203479006.6085502,64918.29581444376,292573352703.8844
2024-11-17 00:00:00+00:00,1.263356369259552,283111.4481476883,869206229.2858163,234368.77521326984,719556911.9451194,13490896.385149382,41419629101.34298,149649317.34069693,48742.67293441846,292650531549.09174
2024-11-18 00:00:00+00:00,1.3022709928508713,508510.68184367754,1621583612.5167518,477461.2606180865,1522570485.6833096,13521851.833975395,43119671086.07299,99013126.83344221,31049.42122559104,294884462313.33984
2024-11-19 00:00:00+00:00,1.2720824614457737,400711.44734763115,1246930989.3333063,417474.7170605087,1299094811.0207002,13504991.730156131,42024735780.539345,-52163821.687393904,-16763.269712877518,294586767919.1326
2024-11-20 00:00:00+00:00,1.2602446517066512,454823.58301280905,1397868098.1002214,437688.00439156516,1345203109.7580264,13522043.95383074,41559045243.343605,52664988.342195034,17135.578621243883,293691076403.8703
2024-11-21 00:00:00+00:00,1.360806821927183,740512.232363138,2492067090.6568966,689433.6204663499,2320170770.540473,13573004.28627124,45677621280.09558,171896320.1164236,51078.61189678812,297821861906.0139
2024-11-22 00:00:00+00:00,1.3416223034177153,820386.7051824753,2728093966.040308,731477.9948310863,2432439106.318879,13661821.573369205,45430688678.86866,295654859.7214289,88908.71035138902,298497450275.1471
2024-11-23 00:00:00+00:00,1.362774881893341,297310.9818880332,1010075848.8265058,414067.0786737374,1406739681.482721,13544963.96539842,46017274194.8249,-396663832.6562153,-116756.0967857042,300229579727.5485
2024-11-24 00:00:00+00:00,1.3450876543932562,192025.4423012889,645950143.4490691,240851.500062406,810195040.5672383,13496076.47351535,45399153516.27514,-164244897.1181692,-48826.05776111712,301182723650.6087
2024-11-25 00:00:00+00:00,1.3575969424106102,774704.7675732394,2657161892.4228773,796558.0529850448,2732116532.759463,13474128.431494754,46214948068.45207,-74954640.33658552,-21853.28541180538,304267553506.0116
2024-11-26 00:00:00+00:00,1.3164163242440186,529169.1125523534,1759203902.616287,508382.72594650084,1690100299.305183,13494842.584051607,44863124426.42295,69103603.31110406,20786.386605852575,304143304197.52167
2024-11-27 00:00:00+00:00,1.4223873804717173,704115.3379437452,2583560914.101731,646432.1811295657,2371908161.6104603,13552423.89317975,49726956330.77517,211652752.49127054,57683.1568141795,310678141536.5517
2024-11-28 00:00:00+00:00,1.3852256887803525,489258.6386344524,1753604724.412295,442218.2060065625,1585002029.6803205,13599395.48549639,48743062031.72759,168602694.7319746,47040.43262788991,311625778657.8939
2024-11-29 00:00:00+00:00,1.379016512477065,497797.380146104,1789887246.2715256,506714.2322876496,1821948804.973094,13590402.382011374,48865841536.009735,-32061558.701568365,-8916.852141545562,314027754210.7464
2024-11-30 00:00:00+00:00,1.4016683757267454,277404.602051909,1030059030.7921141,315822.88021953247,1172713817.6317317,13551915.798480604,50320986564.40875,-142654786.8396176,-38418.278167623444,319060615034.79266
2024-12-01 00:00:00+00:00,1.3948234948445026,213169.11170880892,792153712.0411147,259142.13390451815,962993191.9927249,13505848.851967387,50188829969.73188,-170839479.9516102,-45973.02219570923,320878141297.77954
2024-12-02 00:00:00+00:00,1.3635324007682226,772168.0530060809,2808442017.746889,882050.9383895337,3208095579.0937533,13395745.45306505,48721485229.76184,-399653561.3468642,-109882.88538345275,321263739038.8256
2024-12-03 00:00:00+00:00,1.3534738383151312,607677.9698114097,2202171275.398633,727995.3844692247,2638190956.3028064,13275205.607607044,48108172282.69083,-436019680.9041734,-120317.41465781501,322478499405.93353
2024-12-04 00:00:00+00:00,1.4161333349574814,901318.202418243,3465263129.5375366,880638.7485189278,3385757635.3136272,13295664.14875834,51117324196.70683,79505494.22390938,20679.45389931521,326983983933.1939
2024-12-05 00:00:00+00:00,1.3901681390503633,775485.5757925179,2942724911.1319075,798620.3269786123,3030514047.065976,13272338.775475508,50364369322.61323,-87789135.93406868,-23134.75118609448,328762050789.101
2024-12-06 00:00:00+00:00,1.4455262952411196,897617.3499763628,3602557981.530898,855013.5574471686,3431569048.6369686,13314765.253967164,53438376429.72567,170988932.89392948,42603.79252919415,334401344940.60535
2024-12-07 00:00:00+00:00,1.4363129743960548,308200.1493339081,1234709282.7391992,319701.84065140504,1280787278.0536287,13303168.25677771,53295059629.21918,-46077995.31442952,-11501.691317496938,335939705633.66046
2024-12-08 00:00:00+00:00,1.4281140862180683,158265.5090336628,633322627.7136812,179980.83022393083,720219667.768959,13281383.117942462,53147400891.61407,-86897040.05527782,-21715.321190268034,337489200786.3425
2024-12-09 00:00:00+00:00,1.3356834238206732,663687.1209977691,2465050943.497568,627470.0306338455,2330534286.5551972,13317355.110101294,49463004087.9725,134516656.9423709,36217.09036392358,334920731311.49634
2024-12-10 00:00:00+00:00,1.3110950198072076,604233.5412313543,2194789109.4877157,688677.525796666,2501519413.3169293,13232686.391675703,48065779206.05025,-306730303.8292136,-84443.9845653117,333684800230.6132
2024-12-11 00:00:00+00:00,1.372167664547678,944260.0945673033,3622981359.399185,735656.9307470056,2822602969.609289,13441150.40923604,51571635465.39344,800378389.789896,208603.1638202977,336784417346.28534
2024-12-12 00:00:00+00:00,1.379433959527071,557077.4428335687,2159816695.7313933,555366.9156882147,2153184897.703016,13442719.252004566,52118084926.9881,6631798.028377533,1710.5271453539608,338521149496.84576
2024-12-13 00:00:00+00:00,1.3846253740051309,593183.075487895,2316648109.6241302,593197.4758625682,2316704349.598167,13512300.3119591,52771642125.20152,-56239.97403669357,-14.400374673190527,339726164766.7377
2024-12-14 00:00:00+00:00,1.3714003162856931,129834.95771915531,502279858.3936439,130377.00668389544,504376830.4421196,13511703.650459938,52271412225.43506,-2096972.0484756827,-542.0489647401264,339770479563.94916
2024-12-15 00:00:00+00:00,1.3962097889365206,185009.401276438,730356275.5009334,150598.51064038265,594513395.3649819,13546067.237395842,53475418799.97226,135842880.13595152,34410.89063605535,340558854968.8341
2024-12-16 00:00:00+00:00,1.4073566526161057,481408.343675084,1923311746.8812535,479737.8853566283,1916637969.5178728,13547625.236597432,54125166508.28739,6673777.363380671,1670.4583184557268,341929740405.079
2024-12-17 00:00:00+00:00,1.3723884479208324,587265.754142628,2277262994.651087,583984.7079120527,2264539955.5296636,13550787.503177086,52546409716.019264,12723039.121423244,3281.0462305753026,340337233675.3682
2024-12-18 00:00:00+00:00,1.3000117364676065,508824.66340704326,1850360036.3309448,596378.0725336954,2168751303.3888683,13463101.046973415,48959073594.42686,-318391267.05792356,-87553.40912665211,336939018969.97437
2024-12-19 00:00:00+00:00,1.2388706479220075,559335.2745433736,1918447686.83127,665732.7316295997,2283377210.717344,13356526.067570705,45811157823.63478,-364929523.8860738,-106397.45708622609,333474947273.30725
2024-12-20 00:00:00+00:00,1.256233304847697,688421.1212627058,2389870512.9417562,712431.4357328062,2473222898.2568703,13332356.09025598,46283595467.98861,-83352385.31511402,-24010.31447010045,332860833295.20013
2024-12-21 00:00:00+00:00,1.218060362707841,347246.40970611956,1155926357.92897,291502.37870216224,970363619.3848417,13388049.984024063,44566623081.57829,185562738.54412842,55744.03100395732,329186904838.3956
2024-12-22 00:00:00+00:00,1.2090484243726345,267726.8838614242,877701497.9533889,284472.9240427238,932600820.5015196,13371267.221788144,43835647361.335075,-54899322.54813063,-16746.040181299555,326615690781.5748
2024-12-23 00:00:00+00:00,1.2622610585203895,551888.2421823688,1888846573.0674522,641069.2715796983,2194070110.886746,13282021.260923294,45457935909.08555,-305223537.81929374,-89181.02939732955,326607353007.6501
2024-12-24 00:00:00+00:00,1.2912577955422577,577612.3939749547,2018609842.6886244,599717.0283136219,2095859972.5516639,13259872.957618639,46339916428.81939,-77250129.8630395,-22104.63433866715,326016843779.5304
2024-12-25 00:00:00+00:00,1.2975812666606374,166880.74888553657,582539524.139837,209428.23600442903,731062305.0184504,13217293.708716,46138311572.25348,-148522780.87861335,-42547.48711889246,324063299770.0059
2024-12-26 00:00:00+00:00,1.2512642813544623,372042.7449109213,1237129317.9945927,336929.07003895886,1120368119.8773286,13252368.928085605,44067232483.57047,116761198.11726403,35113.67487196246,320129112473.1619
2024-12-27 00:00:00+00:00,1.257706041994818,400553.63769444235,1330677265.6288297,389853.4128867599,1295130101.5320146,13263027.560093129,44061038489.65098,35547164.09681511,10700.224807682447,318193840510.04205
2024-12-28 00:00:00+00:00,1.2843504895490265,105553.95555972862,358576858.6339434,110093.19795065414,373997098.15490645,13258459.635368006,45040252458.232185,-15420239.520963073,-4539.242390925516,318632803903.0814
2024-12-29 00:00:00+00:00,1.2687227364666525,95419.179053682,319361157.292794,189492.37159095128,634217394.1299192,13164358.805060336,44060165940.396675,-314856236.8371252,-94073.19253726928,317799784779.91125
2024-12-30 00:00:00+00:00,1.2720937592221488,530928.5244871841,1781513169.0430028,400887.44725520164,1345164619.4353483,13294354.739356605,44608769259.419876,436348549.6076546,130041.07723198249,317771103706.1847
2024-12-31 00:00:00+00:00,1.2632205803542018,477862.7372575135,1592455994.235211,523982.0127899157,1746146397.451944,13248177.753947614,44148954149.564705,-153690403.21673322,-46119.275532402215,317812589618.31604
2025-01-01 00:00:00+00:00,1.26768610130158,514748.1810320246,1724864692.9151616,585228.5472826476,1961036669.3672075,13177615.818600373,44156745181.17434,-236171976.45204592,-70480.36625062296,318447238545.16516
2025-01-02 00:00:00+00:00,1.2996318130980922,395224.3339398375,1362570650.1867557,339121.71094311855,1169151923.3290658,13233611.479362546,45624039436.04037,193418726.85768986,56102.62299671897,319584004880.2519
2025-01-03 00:00:00+00:00,1.3481247282845497,324083.4290950803,1168725977.881582,322361.3699659268,1162515801.5535002,13235259.142958902,47729657846.32154,6210176.328081846,1722.0591291534947,322270646746.6748
2025-01-04 00:00:00+00:00,1.3602423437462892,156170.5442276043,571239350.5679958,146496.2410137903,535852762.70413566,13244884.85644289,48447032448.80523,35386587.86386013,9674.303213813982,323969120200.5674
2025-01-05 00:00:00+00:00,1.3485511464370608,116329.36097158039,423232203.49640226,123627.65436220859,449785025.3092326,13237547.810532399,48161156237.32622,-26552821.81283033,-7298.293390628198,325034459254.6117
2025-01-06 00:00:00+00:00,1.356813632641829,364559.661687387,1342700933.1802137,359393.71709190303,1323674366.7273912,13242632.479024954,48773621593.37498,19026566.452822447,5165.944595483947,327040790620.32874
2025-01-07 00:00:00+00:00,1.2580306937360148,415731.2300875643,1406238930.914926,436749.8824106242,1477335940.3116622,13221548.176833592,44722778631.075035,-71097009.39673615,-21018.652323059854,323945556711.8757
2025-01-08 00:00:00+00:00,1.2431345943448515,530746.478009976,1765020245.563652,504955.79471886175,1679252218.7527776,13247278.848847067,44054395715.46763,85768026.81087446,25790.683291114226,322305058044.10156
2025-01-09 00:00:00+00:00,1.2087833815059148,455973.4426802658,1467020297.497336,499290.5504683493,1606386037.704619,13203914.131572267,42481443488.39017,-139365740.20728302,-43317.10778808349,320683939620.1556
2025-01-10 00:00:00+00:00,1.2259882325620626,353733.60603493045,1156628948.844785,358511.88162489294,1172252830.1459107,13199096.0952147,43158061269.42305,-15623881.301125765,-4778.27558996249,321342011200.4293
2025-01-11 00:00:00+00:00,1.23502964224162,115379.84131617953,379181879.24863106,105958.5226004516,348219855.9447468,13208498.078443555,43408129759.09195,30962023.303884268,9421.318715727932,320615427061.1813
2025-01-12 00:00:00+00:00,1.2299316586140239,226250.64264236685,737163549.5472908,207769.66062154702,676949328.0693797,13226964.100801911,43095726458.08652,60214221.477911115,18480.98202081982,319187311717.73956
2025-01-13 00:00:00+00:00,1.1971867681508988,589425.2530497103,1846751536.2785606,566002.8886996573,1773366001.6023111,13250335.000369567,41515147835.16469,73385534.6762495,23422.364350053016,315338347327.9749
2025-01-14 00:00:00+00:00,1.2351985247876751,332115.4971458456,1071597077.0161773,323732.6980240786,1044549308.6545748,13258682.246613719,42780193223.92005,27047768.361602545,8382.799121766991,314754234378.30817
2025-01-15 00:00:00+00:00,1.3088188324644388,289504.07673188375,996195707.5402939,315200.09630855336,1084616791.9413152,13232935.979497412,45535089418.23826,-88421084.40102124,-25696.019576669612,316798090696.0437
2025-01-16 00:00:00+00:00,1.2642812478590508,443974.576478716,1466507708.4827673,437749.4986273828,1445945439.5184247,13239116.129923495,43730580277.85992,20562268.964342594,6225.07785133319,314818493020.08307
2025-01-17 00:00:00+00:00,1.320042330775134,550800.1608900235,1916180570.671013,532067.1926198766,1851010383.043891,13257789.247815784,46122568529.51078,65170187.627122164,18732.96827014687,317569861242.6646
2025-01-18 00:00:00+00:00,1.2601973735945258,412976.9946554369,1364217100.636751,373971.9113314926,1235368757.0948,13296691.6808096,43923933796.81947,128848343.54195094,39005.0833239443,315869357128.5695
2025-01-19 00:00:00+00:00,1.2269123880106567,523699.2035736084,1677958903.027279,549314.5631256961,1760031818.7800124,13270654.910254229,42519853770.47445,-82072915.75273347,-25615.359552087728,314679346714.6798
2025-01-20 00:00:00+00:00,1.2563000847381112,533828.151197938,1753854633.473209,501543.4015437383,1647785371.9618475,13302612.688329732,43704793103.11936,106069261.51136136,32284.749654199695,315120639866.1968
2025-01-21 00:00:00+00:00,1.2684024423248355,576358.4726282388,1915032292.382508,589256.883470825,1957889081.0948026,13289616.916931914,44156626054.7248,-42856788.71229458,-12898.410842586192,315651906512.2632
2025-01-22 00:00:00+00:00,1.2393010199130712,495093.67768848484,1603942642.9225292,425495.10006449523,1378465866.367709,13359147.640356695,43279297512.96106,225476776.5548203,69598.57762398961,315001347429.8384
2025-01-23 00:00:00+00:00,1.2710881187108736,545020.6138913808,1818102460.8535316,505017.779093722,1684659338.643047,13399080.076950574,44697209316.80639,133443122.2104845,40002.83479765884,316244335212.18945
2025-01-24 00:00:00+00:00,1.2639147522486924,509608.31633676804,1687021436.3055904,484911.4262910756,1605264169.8295226,13423701.130236566,44438190734.51562,81757266.47606778,24696.890045692446,315620116954.05536
2025-01-25 00:00:00+00:00,1.2661690503220324,335738.3702398382,1115814802.413987,321888.9886961913,1069786864.2916892,13437513.796588399,44659109982.468025,46027938.122297764,13849.381543646916,316304192407.07874
2025-01-26 00:00:00+00:00,1.2408774829946834,162829.6533078282,527734328.8387139,155688.06578479052,504588293.5696452,13444622.655101134,43574304613.706726,23146035.26906866,7141.587523037684,314749839323.411
2025-01-27 00:00:00+00:00,1.2213403689076678,574666.6658838142,1821978236.209574,591882.8622418533,1876562114.0240552,13427336.18589358,42571312646.68404,-54583877.81448126,-17216.196358039044,312830509296.0653
2025-01-28 00:00:00+00:00,1.1907045663794533,505097.2178570907,1551032160.1590185,508634.36222549673,1561893880.39141,13423762.27719235,41221147664.57827,-10861720.232391596,-3537.144368406036,310790421142.094
2025-01-29 00:00:00+00:00,1.2120582672483824,283260.76530834805,884821475.3694617,281562.01455935615,879515088.7176718,13425436.696837762,41937028210.18682,5306386.651789904,1698.750748991908,310584354466.6871
2025-01-30 00:00:00+00:00,1.2579660327504265,356455.872554233,1160567055.8834617,331532.864777236,1079421466.8032615,13450335.368671551,43792282078.588425,81145589.0802002,24923.007776996994,311915901166.9578
2025-01-31 00:00:00+00:00,1.268452398540015,540968.8311403906,1781206857.545145,563268.1365711448,1854630081.7039602,13428004.948747925,44213368906.004135,-73423224.15881515,-22299.305430754204,312836604699.40704
2025-02-01 00:00:00+00:00,1.2116359098918017,214886.78889280214,670436332.8993034,213745.04619128164,666874151.1855462,13429129.209304536,41898230168.11171,3562181.7137572765,1141.742701520503,310337069710.0098
2025-02-02 00:00:00+00:00,1.120481510713056,457524.93064727413,1301319624.5975041,342681.6909821049,974675650.6457219,13543917.424690902,38522415628.24521,326643973.9517822,114843.23966516921,305934802439.95154
2025-02-03 00:00:00+00:00,1.1416690229476363,1415545.8761906526,4073346339.012846,1418927.1070477664,4083076100.912366,13540293.874230484,38963277283.65786,-9729761.89951992,-3381.230857113842,303772586602.1681
2025-02-04 00:00:00+00:00,1.0958180200590926,854932.9179069838,2328506364.8688955,1002247.8083631089,2729735107.945989,13392955.93581077,36477228198.54856,-401228743.0770936,-147314.89045612514,299554885564.2428
2025-02-05 00:00:00+00:00,1.123907708160627,757878.3415332016,2107553097.7508605,1113848.4279316168,3097455852.826168,13036971.623405315,36253984873.89581,-989902755.0753076,-355970.08639841515,298212850027.24976
2025-02-06 00:00:00+00:00,1.0980782578800596,537435.2103979472,1443084415.089912,518586.4690858355,1392473058.95746,13055803.964738214,35056555401.40762,50611356.13245201,18848.741312111728,294726210914.1372
2025-02-07 00:00:00+00:00,1.0798143862097305,418031.07657570107,1092295524.7252617,616190.5782840136,1610076974.541902,12886632.41696276,33672163881.04793,-517781449.8166404,-198159.50170831248,291660440688.39984
2025-02-08 00:00:00+00:00,1.097022439345414,647831.4380746407,1708434806.327796,621436.0546703151,1638825971.24511,12913017.409985151,34053686038.301907,69608835.08268595,26395.383404325577,289750866664.23944
2025-02-09 00:00:00+00:00,1.0994086610603973,526647.9772052983,1381631393.7284389,479297.5439845697,1257410191.18711,12960357.60132674,34000770364.603016,124221202.5413289,47350.43322072853,287624126346.01263
2025-02-10 00:00:00+00:00,1.120054149700039,318977.1889266999,848133643.3673352,422823.035799624,1124251057.133681,12856499.662893832,34184356369.59224,-276117413.76634586,-103845.84687292407,286153710493.42206
2025-02-11 00:00:00+00:00,1.1046392819100637,329766.77466516866,858701632.7883804,444565.42072003504,1157633460.9244952,12741686.142471915,33178923820.106064,-298931828.13611484,-114798.64605486637,284148207203.20496
2025-02-12 00:00:00+00:00,1.1575305698893383,512011.2646468144,1402217294.852728,425449.82676193357,1165156211.1415586,12828232.666533303,35131980386.82964,237061083.71116924,86561.43788488081,285194893421.52673
2025-02-13 00:00:00+00:00,1.135305136238279,407672.5762806133,1090488102.4371421,394670.7564658126,1055709383.8207781,12841220.056902785,34349128461.343605,34778718.616364,13001.819814800692,284016632627.43744
2025-02-14 00:00:00+00:00,1.155252110144116,462491.8224003343,1260328500.011125,450828.60188212123,1228545258.645412,12852870.944084859,35025137252.63942,31783241.36571312,11663.220518213056,284353482833.1125
2025-02-15 00:00:00+00:00,1.1444296202302804,153030.8008980165,412299405.2563676,144913.0683575934,390428407.53037924,12860979.603008851,34650372410.11756,21870997.725988388,8117.73254042308,283797933066.30994
2025-02-16 00:00:00+00:00,1.1313615532449863,174559.20681751292,464688534.074112,152944.77961816714,407149452.2162542,12882585.496932374,34294322704.572044,57539081.85785782,21614.42719934578,283655452683.7202
2025-02-17 00:00:00+00:00,1.1605012086494806,211504.92221549983,580239032.559863,302329.0704372153,829404467.317673,12791700.679863598,35092535670.24298,-249165434.75781,-90824.1482217155,284983519255.2601
2025-02-18 00:00:00+00:00,1.1312026927870442,349667.6390294711,932607057.32655,382019.8541225503,1018894436.3922726,12759334.084103867,34030730000.20896,-86287379.06572258,-32352.215093079198,284243383474.1194
2025-02-19 00:00:00+00:00,1.1494264967719183,309950.9953836479,842503685.9892074,298616.04928144097,811693222.3551804,18174855.984096535,49402593916.40646,30810463.634027004,11334.946102206944,285097879830.6146
2025-02-20 00:00:00+00:00,1.156673127990813,295833.68394945073,810796369.4262626,318625.4566304812,873262165.3960203,18152051.244623788,49749633139.461044,-62465795.969757676,-22791.772681030445,285666128152.94183
2025-02-21 00:00:00+00:00,1.1258177481306952,618582.5189274928,1642794100.2048934,1012384.0478825013,2688628420.8071294,17758218.714002583,47161204917.481834,-1045834320.602236,-393801.5289550085,284400816258.3076
2025-02-22 00:00:00+00:00,1.1665354528085632,511670.373723122,1415463513.0528836,469429.0951962593,1298609007.5547152,17800446.112266168,49242409335.997536,116854505.49816847,42241.278526862676,285912242727.5719
2025-02-23 00:00:00+00:00,1.1853901602923975,440790.0858782353,1243847868.971216,279388.70536831557,788395785.0245411,17961838.025660634,50685790508.445946,455452083.9466748,161401.38050991972,287015470012.1388
2025-02-24 00:00:00+00:00,1.074970811708664,549813.2471340395,1385252114.945716,537553.4473451717,1354363602.0281653,17974082.21375184,45285622946.690926,30888512.917550564,12259.799788867822,282589975424.19226
2025-02-25 00:00:00+00:00,1.072109722046841,1019235.9635454142,2547451067.1305423,999241.108519035,2497476462.0382247,17994048.81820844,44973843647.052315,49974605.09231758,19994.85502637911,281086196590.4851
2025-02-26 00:00:00+00:00,1.0147585254812468,545260.3211337138,1270689992.1585445,531285.6049189017,1238122920.3413696,18008007.265605614,41966366750.372665,32567071.81717491,13974.716214812128,276903946253.6118
2025-02-27 00:00:00+00:00,1.0082940516704395,673338.6104917218,1547666444.842808,616521.7036287881,1417072982.829237,18064812.253413122,41521907880.16071,130593462.01357102,56816.906862933654,274866339484.0771
2025-02-28 00:00:00+00:00,0.9882877440603289,875139.5147354924,1951498819.7929957,822841.1636793617,1834877219.8712893,18117090.796843156,40399822785.75094,116621599.92170644,52298.35105613072,272070249465.46442
2025-03-01 00:00:00+00:00,0.9892643085484248,318782.63909404824,704176063.8150762,287179.1987109593,634365529.8561913,18148684.86492016,40089603084.78208,69810533.95888495,31603.44038308895,269250577177.82886
2025-03-02 00:00:00+00:00,1.116336790457118,483397.5782215674,1217847648.291654,415813.0707187166,1047578624.9628478,18216232.140056,45893062919.5946,170269023.32880628,67584.50750285079,272134197271.17398
2025-03-03 00:00:00+00:00,0.978121915202635,664407.6800671077,1430868231.844347,620933.8921377567,1337243091.8403008,18259687.875816744,39324059743.35007,93625140.0040462,43473.787929350976,265503611243.35547
2025-03-04 00:00:00+00:00,0.9938940239507965,770413.6531330525,1671847096.0952144,721520.09830476,1565744942.6286583,18308562.763469305,39730756802.27704,106102153.46655607,48893.554828292574,263293055171.53986
2025-03-05 00:00:00+00:00,1.0273161351439204,395721.12228299846,886838318.0532607,441954.62847175275,990450792.9941807,18262318.6112032,40927115104.38378,-103612474.94092,-46233.50618875428,263067316625.4635
2025-03-06 00:00:00+00:00,1.0176174298225087,453525.1624970443,1000628681.2691667,446913.7639580826,986041717.7477562,18268917.052897394,40307360848.970856,14586963.521410465,6611.3985389617155,261463849271.13486
2025-03-07 00:00:00+00:00,0.9935298347160573,551672.7435665976,1177677192.4414234,968822.2013163728,2068182311.5726392,17851755.20109334,38108833888.46857,-890505119.1312158,-417149.45774977526,259117797677.56604
2025-03-08 00:00:00+00:00,1.0226400895655563,177987.7505398807,391528047.64557594,207985.73787940264,457516034.9127563,17821748.83930334,39203341283.41483,-65987987.26718038,-29997.987339521933,259413336049.79047
2025-03-09 00:00:00+00:00,0.9483233702160717,270213.46918474714,544667182.4549052,237099.0667079495,477918739.63992643,17854854.119357392,35989890199.310234,66748442.81497872,33114.40247679764,256341522880.7831
2025-03-10 00:00:00+00:00,0.8965909851425746,811859.2580070965,1526046272.683013,738874.4796875223,1388857286.0222135,17927805.096067056,33698772138.65745,137188986.6607995,72984.7783195742,252843142259.35104
2025-03-11 00:00:00+00:00,0.9247903374910615,659985.6585872456,1269160668.5838923,634935.8300458523,1220989535.2784193,18066047.847816333,34741235763.037636,48171133.30547309,25049.828541393275,250787499094.9437
2025-03-12 00:00:00+00:00,0.9224338811939364,519069.9587426402,989616494.4573783,494833.5238419436,943409282.2298186,18090273.438634407,34489441514.74773,46207212.227559686,24236.434900696622,249276723281.3243
2025-03-13 00:00:00+00:00,0.9089404272590883,407249.8504353796,758920809.9802327,391325.9939307787,729246284.4682871,18106187.098098144,33741355984.42083,29674525.511945605,15923.856504600903,247277705089.64346
2025-03-14 00:00:00+00:00,0.9363352000244973,363987.6971998901,696928536.7188848,377423.7145631938,722654526.8893559,18092740.063212186,34642233664.74107,-25725990.170471072,-13436.01736330369,246640279016.51813
2025-03-15 00:00:00+00:00,0.9515979175215882,130688.559445461,253489115.59513485,163432.65996503254,317000972.4622102,18059988.612928383,35029925806.6267,-63511856.867075324,-32744.10051957154,245850502234.8478
2025-03-16 00:00:00+00:00,0.9322039901740943,129483.96345503128,244038208.57831937,117348.75338340513,221166998.52588913,18072116.8015241,34060488200.870872,22871210.052430242,12135.210071626148,243861230129.869
2025-03-17 00:00:00+00:00,0.9556830909057751,406092.4457008509,782895273.2013971,385928.4655367612,744021649.9008012,18092271.742583495,34879629450.62521,38873623.30059588,20163.980164089706,243324434949.60764
2025-03-18 00:00:00+00:00,0.959458531996325,395751.7943041959,764002510.1902558,352302.0981487117,680122468.6906136,18135712.554969523,35011161327.636086,83880041.49964213,43449.696155484184,242703232360.3979
2025-03-19 00:00:00+00:00,1.0136995547743093,481490.473203939,990409506.5333937,602054.8917721586,1238406409.7848098,18015137.923381936,37056525214.5092,-247996903.2514161,-120564.41856821958,244769159408.97992
2025-03-20 00:00:00+00:00,0.9770496763609205,500739.1516090627,990564466.0129421,614919.1017833373,1216435762.4959984,17900948.667827137,35411738030.25301,-225871296.4830563,-114179.95017427462,244231919419.90833
2025-03-21 00:00:00+00:00,0.9715967722091601,280536.8780358136,551564978.5118357,540221.6516713855,1062132528.8211031,17641256.694514107,34684564246.092705,-510567550.3092674,-259684.77363557188,244105551821.97052
2025-03-22 00:00:00+00:00,0.9765645095095976,163006.53139784368,322546309.2422907,137821.9625560288,272712786.2532037,17666435.45356551,34957148674.65789,49833522.989086986,25184.56884181488,244428730374.98325
2025-03-23 00:00:00+00:00,0.9841662050915706,151838.04185972604,303354832.8482842,149590.79463942812,298865093.01409924,17668677.226075057,35299972002.52326,4489739.834184945,2247.247220297926,244893427843.6174
2025-03-24 00:00:00+00:00,1.0160212502358228,425845.3664625381,883165269.2200187,438748.7946301041,909925827.1806092,17655765.2313795,36616480727.23235,-26760557.96059048,-12903.428167566017,246247332472.97067
2025-03-25 00:00:00+00:00,1.0095229455028165,257315.29907833604,531383753.3146653,262413.68944692245,541912477.4893519,17650658.686401654,36450507586.80627,-10528724.174686551,-5098.390368586406,246785600882.08972
2025-03-26 00:00:00+00:00,0.9825607658334125,306625.2252490317,614916080.5667299,330563.1773962295,662922019.0839992,17626710.900255024,35349172499.635704,-48005938.517269254,-23937.95214719785,246235674895.8249
2025-03-27 00:00:00+00:00,0.9819281180319662,295077.1136097568,591148714.440178,367976.01628083695,737192208.1931404,17553802.103737995,35166765121.89827,-146043493.75296235,-72898.90267108014,246146135420.13184
2025-03-28 00:00:00+00:00,0.936180994051125,527455.9947346774,1000070733.651432,561034.5264679802,1063736531.747734,17520211.72147116,33218792022.325542,-63665798.09630191,-33578.531733302865,244345990781.1634
2025-03-29 00:00:00+00:00,0.9058523031656686,176511.8274331876,321886760.84011865,168974.13741811825,308141038.196768,17527738.442574196,31963563202.406914,13745722.64335066,7537.690015069355,242885503887.4115
2025-03-30 00:00:00+00:00,0.8992345557431338,138511.31430570316,249708223.69970852,123597.97216406734,222822447.65837502,17542642.062051956,31625878436.520027,26885776.041333497,14913.342141635818,241887518906.909
2025-03-31 00:00:00+00:00,0.9122396174118704,452318.0885159111,824776471.9599702,433775.28551109944,790964718.6145824,17561170.229533672,32021801455.976353,33811753.34538782,18542.803004811634,241174439993.32736
2025-04-01 00:00:00+00:00,0.9524454429937544,357290.06130682613,681811271.7407576,312024.21222370456,595431130.0236762,17606417.97615544,33598063677.492313,86380141.71708143,45265.849083121575,241746361742.9252
2025-04-02 00:00:00+00:00,0.9051959690474966,346484.65331720276,622109510.5687202,399635.2808007893,717540897.0202388,17553247.765784744,31516669705.04074,-95431386.45151854,-53150.62748358655,239334886211.68283
2025-04-03 00:00:00+00:00,0.9185436745212322,376488.64301613334,682778431.3574959,413324.9621109077,749582688.6307663,17516394.592396148,31766738903.522945,-66804257.27327037,-36836.31909477437,238234505072.45673
2025-04-04 00:00:00+00:00,0.9230121378941251,294701.6126396078,534293290.14800614,346586.9110253185,628361206.9690577,17464494.92594047,31663085828.325687,-94067916.82105154,-51885.29838571069,237013809035.33765
2025-04-05 00:00:00+00:00,0.9212909687265143,163205.8566719328,294256105.66429365,132716.990944255,239285438.07861936,17494972.724272422,31543001259.41966,54970667.585674286,30488.865727677796,236148897850.85056
2025-04-06 00:00:00+00:00,0.8170613045611926,430825.21026855084,676007926.5686327,396915.7575334369,622800597.2662166,17528855.23396171,27504530374.268993,53207329.302416086,33909.45273511397,231737898905.28192
2025-04-07 00:00:00+00:00,0.8193895755402659,846389.9932277491,1320570052.1156938,871227.4630405919,1359322422.8521254,17503960.323737174,27310348635.854828,-38752370.7364316,-24837.469812842784,229777798483.43665
2025-04-08 00:00:00+00:00,0.7864795497446971,476690.1801460437,701254519.991791,476135.80514731235,700438984.052889,17504496.111494675,25750702509.969143,815535.9389020205,554.374998731364,225719206809.57626
2025-04-09 00:00:00+00:00,0.8844285312447132,583145.7280236946,969718306.537472,574183.8339510793,954815491.8106674,17513421.593767222,29123227202.81453,14902814.726804614,8961.894072615309,226897700046.1559
2025-04-10 00:00:00+00:00,0.8206273455661056,583144.8944347132,887703189.2798856,603402.2372364146,918540307.0923258,17493135.888197944,26629252295.0285,-30837117.812440157,-20257.342801701394,223860649349.83554
2025-04-11 00:00:00+00:00,0.8470360964606126,339133.1196622292,530936882.83681774,322409.3669559862,504754665.2461854,17509841.16964992,27412894673.457382,26182217.59063232,16723.752706243016,223055101372.18408
2025-04-12 00:00:00+00:00,0.8911711692272875,151546.36500237102,249513574.39270386,152174.38803712904,250547583.17411524,17509196.160502136,28828023151.07685,-1034008.7814113796,-628.0230347580218,222965639979.9762
2025-04-13 00:00:00+00:00,0.8674527673967012,260362.89367219218,414839210.8454983,231269.13931416086,368483795.41670007,17538273.774994083,27943934520.758106,46355415.42879826,29093.75435803132,221673836804.90723
2025-04-14 00:00:00+00:00,0.886413649731472,480771.0626274602,780509405.0327263,456323.72758430964,740820296.406089,17562694.38540633,28512215503.592052,39689108.62663734,24447.335043150582,221040265301.61145
2025-04-15 00:00:00+00:00,0.8707407558293133,352542.4956546527,560825934.4755268,369497.9717908012,587798769.9939091,17545726.293298542,27911807699.149673,-26972835.51838231,-16955.4761361485,220498161203.32672
2025-04-16 00:00:00+00:00,0.8664611830967262,416228.11614918517,656708964.5919409,395272.61924437236,623646174.8837686,17566672.673124276,27716031125.48544,33062789.70817232,20955.49690481281,219775218209.1947
2025-04-17 00:00:00+00:00,0.8699999640270845,391693.4404584046,620665641.4094261,411434.6113285481,651946906.8448422,17546923.07972164,27804326402.02415,-31281265.435416102,-19741.170870143513,219830198439.09543
2025-04-18 00:00:00+00:00,0.8727321752614212,171343.7424017073,272295239.2486863,199415.0741305312,316905505.6172652,17518844.3980477,27840514394.410557,-44610266.36857891,-28071.33172882389,219783489611.25125
2025-04-19 00:00:00+00:00,0.8852052386987586,263312.1499231899,425186527.78019994,267496.97001340333,431944017.4139359,17514653.375434127,28282001632.461468,-6757489.633735955,-4184.820090213441,220180092132.62598
2025-04-20 00:00:00+00:00,0.8699976024760596,304532.3599201776,482770040.5876594,308357.9352616402,488834660.98909426,17510821.193829954,27759611033.40338,-6064620.401434839,-3825.575341462565,219943638945.09042
2025-04-21 00:00:00+00:00,0.8669544150234123,462774.573508774,729782380.289375,405988.2389414841,640231940.8730228,17999861.57915451,28385271317.992138,89550439.41635215,56786.334567289916,219563077810.8244
2025-04-22 00:00:00+00:00,0.9546954170085057,768465.5089259605,1350966031.6331842,747066.5338295746,1313346531.302731,18021234.92775405,31681416996.195847,37619500.33045316,21398.975096385926,222277289326.1644
2025-04-23 00:00:00+00:00,0.9712473762168442,725893.5638126825,1305029515.3295803,693199.1109036788,1246250614.178153,18053912.558270514,32457773329.703053,58778901.15142727,32694.45290900371,223442502048.65405
2025-04-24 00:00:00+00:00,0.9550997515694497,597143.510696836,1056631951.3066434,515676.97170129494,912478751.0740792,18135357.372621037,32090105150.626762,144153200.2325642,81466.53899554111,223641705195.8678
2025-04-25 00:00:00+00:00,0.9614000062458475,520793.33937956527,931994357.7118281,557539.8856603244,997754749.0406882,18098594.750442553,32388640396.24702,-65760391.328860044,-36746.546280759096,224703023984.23853
2025-04-26 00:00:00+00:00,0.9725758133914,189621.78703999962,345121257.7925277,241233.30233904062,439056830.0420705,18046974.412059583,32846407607.82263,-93935572.24954283,-51611.515299041,225909382418.13556
2025-04-27 00:00:00+00:00,0.9563291019898921,156760.54440525125,281134404.08457106,156507.02871515788,280679748.9752073,18047220.513656933,32365890305.748566,454655.1093637347,253.51569009336527,226387932961.96808
2025-04-28 00:00:00+00:00,0.9568848789320983,596998.4986634555,1074533063.5564573,629092.6844344969,1132299144.7712579,18015116.286279548,32425270979.34016,-57766081.214800596,-32094.185771041433,227079728772.25244
2025-04-29 00:00:00+00:00,0.9503486895269245,481958.16629890795,864125259.5232415,511777.5448100591,917589813.0811726,17985286.866516903,32246659083.456806,-53464553.557931066,-29819.378511151124,227764415548.49234
2025-04-30 00:00:00+00:00,0.948643336845754,369050.75096413377,662550469.35076,371379.60690838704,666731424.3952473,17982946.467971582,32284474673.30066,-4180955.044487357,-2328.8559442532714,228475881238.0064
2025-05-01 00:00:00+00:00,0.9665444933505969,328020.23643763375,602968728.494416,388547.85958836146,714230961.4783938,17922407.183663007,32945074329.727005,-111262232.9839778,-60527.62315072771,229610398448.8574
2025-05-02 00:00:00+00:00,0.9668231559415718,335375.79716995603,617531471.3121023,317645.66716097144,584884770.615765,17940127.313405335,33033371247.59605,32646700.696337342,17730.13000898459,229936878951.45895
2025-05-03 00:00:00+00:00,0.963299173985916,97070.47507673025,178166905.86270475,110755.9341199725,203285726.9163554,17926434.842065644,32902872129.095634,-25118821.053650647,-13685.459043242256,230046783017.76135
2025-05-04 00:00:00+00:00,0.9502920196629997,209512.52495446734,379064487.6135658,153279.408803096,277323661.543782,17982661.24887665,32535469054.726818,101740826.0697838,56233.11615137133,229875476798.76086
2025-05-05 00:00:00+00:00,0.95681054659157,356906.9004140987,650437239.8892648,383859.3036939261,699556062.6897578,17955700.062249254,32722976146.49189,-49118822.800493,-26952.403279827384,229974800732.76974
2025-05-06 00:00:00+00:00,0.9525466356832846,318115.0755808877,577132901.1247994,310537.3493028628,563385186.8966062,17963264.74283573,32589436623.758892,13747714.228193164,7577.726278024842,229970363778.11884
2025-05-07 00:00:00+00:00,0.952861731493043,364014.37937312305,660522987.1440873,365004.7562884075,662320077.466752,17962261.13406564,32593455238.13445,-1797090.3226647377,-990.3769152844325,229938900795.05365
2025-05-08 00:00:00+00:00,1.1210518177667912,669857.9717557542,1469046279.8967783,804080.489949747,1763405829.7494729,17827977.356080726,39098025129.697075,-294359549.8526945,-134222.5181939928,236214054505.2943
2025-05-09 00:00:00+00:00,1.173906333774855,744829.0821605342,1744544632.692469,904089.0560019056,2117564617.0381188,17668676.666443586,41383715785.92486,-373019984.34564996,-159259.97384137136,240922644408.86224
2025-05-10 00:00:00+00:00,1.260409666716371,324323.3216994162,838250078.0394737,373128.1391272128,964391614.2175869,17619846.85138427,45540474612.877716,-126141536.17811322,-48804.8174277966,247614973512.4931
2025-05-11 00:00:00+00:00,1.2139489415050488,300579.7153058517,753747026.9457773,334335.7641749136,838395192.4103094,17586068.39067056,44099605163.45923,-84648165.46453214,-33756.048869061866,249440116411.0122
2025-05-12 00:00:00+00:00,1.1942798562091543,632368.7856259027,1576866175.3845773,682319.3038061894,1701422105.9614902,17536074.069117274,43727715025.11833,-124555930.57691288,-49950.518180286745,252130834699.7306
2025-05-13 00:00:00+00:00,1.2538979985395318,621457.2108835961,1663331306.3962464,579459.345048541,1550923945.4035985,17578040.178584628,47047655127.470085,112407360.99264789,41997.86583505513,257762862260.57306
2025-05-14 00:00:00+00:00,1.2091498751363619,560079.5976808916,1457920525.0282536,561256.0998755937,1460983030.2587585,17576844.516630143,45753572335.3125,-3062505.2305049896,-1176.5021947020432,259972343536.51904
2025-05-15 00:00:00+00:00,1.1660493922900508,604168.0056535242,1535001274.473591,1020629.0950804321,2593098189.6643777,17160359.18464902,43599086632.14925,-1058096915.1907866,-416461.08942690794,263126888970.38077
2025-05-16 00:00:00+00:00,1.1575821700136228,431455.10256627126,1098788843.9078956,647539.4135233006,1649091827.488068,16944257.767537653,43152025071.74043,-550302983.5801725,-216084.3109570293,265684594497.14597
2025-05-17 00:00:00+00:00,1.1214969312657108,285492.2010025387,706481935.1136472,370713.501415882,917371441.0878747,16859027.424322076,41719522554.534485,-210889505.97422743,-85221.3004133433,266475467354.92432
2025-05-18 00:00:00+00:00,1.1156616434314859,254925.78206136863,628630220.284754,231822.50481550602,571659057.3567528,16882121.898150824,41630202806.06155,56971162.928001285,23103.277245862613,266935554557.85052
2025-05-19 00:00:00+00:00,1.1369181991892847,533855.9252256217,1348764069.8551207,731270.2240791688,1847522818.4009469,16684693.299938522,42153161136.12278,-498758748.5458262,-197414.29885354708,268379205590.14297
2025-05-20 00:00:00+00:00,1.136271686721835,424674.2106668262,1072439512.6119133,427647.8500683316,1079948912.312513,16681703.077779276,42126686925.91217,-7509399.70059979,-2973.639401505352,268416681872.1225
2025-05-21 00:00:00+00:00,1.1493083970338203,956055.0694250627,2445580995.082077,963101.794352844,2463606459.4220304,18478332.450653903,47267422251.422615,-18025464.339953423,-7046.724927781266,268810047451.49832
2025-05-22 00:00:00+00:00,1.1876247442884933,553650.0899043282,1471282813.4036133,598642.2696654177,1590846093.582066,18433311.65284577,48985117357.483,-119563280.17845273,-44992.1797610895,270254007161.00446
2025-05-23 00:00:00+00:00,1.1346447814318783,859861.5551574389,2168433628.8576264,730946.1131373236,1843329455.8907592,18562203.900888644,46810916156.18202,325104172.9668672,128915.44202011521,268445753527.26175
2025-05-24 00:00:00+00:00,1.1373809294793071,136924.28187294176,346370352.6691223,135316.88306949133,342304198.12870485,18563803.02095107,46959903030.30095,4066154.540417433,1607.398803450429,268634741480.60522
2025-05-25 00:00:00+00:00,1.1438721506078822,205975.9022053137,524619668.69835544,193369.76895050873,492511905.69843453,18576401.040842734,47314007392.67299,32107762.999920905,12606.133254804969,268947558088.94916
2025-05-26 00:00:00+00:00,1.148496579538895,206986.85207687825,530285421.34311306,313708.87520352716,803699565.4419124,18469667.193859078,47317958371.21535,-273414144.09879935,-106722.02312664891,269440572487.83456
2025-05-27 00:00:00+00:00,1.1839470976287227,555578.5489558767,1478630287.9941292,551844.7863796987,1468693161.2931588,18473369.58295291,49165475949.347694,9937126.700970411,3733.7625761780655,271528356962.81384
2025-05-28 00:00:00+00:00,1.1863584472324427,346126.74485841126,926622181.4238093,413801.29054925893,1107794934.1406517,18405670.346561912,49274153645.8715,-181172752.7168424,-67674.54569084768,272579156559.12164
2025-05-29 00:00:00+00:00,1.1665126068777751,591312.8565542294,1557146263.8502667,544986.2431139572,1435151092.8747482,18451973.329666324,48590895686.57066,121995170.97551847,46326.613440272165,272691485518.74292
2025-05-30 00:00:00+00:00,1.1259012030968139,533951.4166911704,1348376638.1861901,611101.1163122449,1543201203.4186976,18374793.139219176,46401490895.860245,-194824565.23250747,-77149.69962107448,270935527393.8874
2025-05-31 00:00:00+00:00,1.1305741002097782,140490.7299866429,355801025.32510954,234406.66810791317,593648654.7102971,18280864.10562677,46297362062.460594,-237847629.38518757,-93915.93812127027,270598912006.00247
2025-06-01 00:00:00+00:00,1.1335465461099625,216249.009849271,549108257.6072117,186629.4061565977,473896958.43855196,18310473.504271943,46494697057.35014,75211299.16865975,29619.60369267332,270606894633.49997
2025-06-02 00:00:00+00:00,1.1590913565597258,701298.7759944848,1829262562.4496129,737162.8824688676,1922810233.6490436,20132554.81056951,52513607697.68303,-93547671.1994307,-35864.1064743828,271855282298.7821
2025-06-03 00:00:00+00:00,1.153088186426551,530492.0780340087,1376668896.9494693,708595.4546239725,1838861244.6688688,19954425.526042204,51783312354.07396,-462192347.71939945,-178103.3765899638,271880772880.64014
2025-06-04 00:00:00+00:00,1.1585959570622566,424811.98525896383,1108731135.6835392,477526.45270478213,1246312403.1294813,19901687.780788377,51942086525.08142,-137581267.44594216,-52714.4674458183,272142235791.6073
2025-06-05 00:00:00+00:00,1.087698321030233,660054.458528122,1598161360.6251073,619037.8567959331,1498849633.8643973,19942669.595436066,48286324807.51762,99311726.76071,41016.60173218895,268929391276.7493
2025-06-06 00:00:00+00:00,1.1139708294633606,404942.4246640583,1004230412.1791056,456610.68283098924,1132364272.7855833,19890984.027143795,49328323908.75829,-128133860.60647762,-51668.25816693093,268955625901.6477
2025-06-07 00:00:00+00:00,1.134857882742091,129531.67332534358,327339351.90859413,177817.40665142384,449362176.50139445,19842689.378070682,50144438919.02044,-122022824.59280032,-48285.733326080255,269032120106.72742
2025-06-08 00:00:00+00:00,1.127968305216147,395210.7722752808,991808593.8909158,137215.54683205293,344351844.9154976,20100676.85885461,50444029996.60644,647456748.9754181,257995.22544322786,268803342957.63147
2025-06-09 00:00:00+00:00,1.191380172399276,434153.7741637157,1162103042.0414472,379770.60884935845,1016535168.1483923,20155039.58026997,53949163182.594315,145567873.89305484,54383.16531435726,271451001725.75656
2025-06-10 00:00:00+00:00,1.236837252223787,712344.554574334,1998991530.1964204,773620.2814316872,2170944355.8450603,20093735.001495358,56387328042.40042,-171952825.64863992,-61275.726857353235,274130164358.13992
2025-06-11 00:00:00+00:00,1.2218443956358587,637055.7539388423,1767552440.8042815,613582.3061766236,1702423840.0033777,20117183.713842507,55816428869.30752,65128600.8009038,23473.44776221877,274369352466.9635
2025-06-12 00:00:00+00:00,1.1721834762265533,522730.46541290183,1386771826.9207194,564346.0497302813,1497175416.7451613,20075545.412983917,53259189258.85208,-110403589.82444191,-41615.584317379515,273461624437.07812
2025-06-13 00:00:00+00:00,1.1447153902753082,595913.4871696177,1536278227.3440187,741434.2287471306,1911433936.5633597,19930003.98717625,51379993666.20041,-375155709.21934104,-145520.74157751293,272121198793.09378
2025-06-14 00:00:00+00:00,1.1256411485245053,135387.1287755115,342947868.75368583,130482.3205166963,330523544.8595344,19934901.254857305,50496911789.18837,12424323.89415145,4904.808258815188,271915011980.1186
2025-06-15 00:00:00+00:00,1.1297514555507713,134286.90646580842,341973663.0772165,140937.985003599,358911231.68195325,19928242.212406937,50749057874.84206,-16937568.604736745,-6651.07853779057,272375266226.73605
2025-06-16 00:00:00+00:00,1.1360484087408185,425690.0538258714,1091904482.6184945,489553.09626642533,1255714610.8744392,19864362.263129484,50952532257.99126,-163810128.25594473,-63863.04244055395,272831539708.88266
2025-06-17 00:00:00+00:00,1.1164660283567658,447863.1873963457,1125659512.2793853,411326.9867558668,1033829411.1438196,19900881.14642138,50018882541.882,91830101.13556576,36536.20064047893,272035188958.4308
2025-06-18 00:00:00+00:00,1.1217246890937038,594343.2735579738,1499227084.4394848,344056.10566706874,867879313.4057882,20151155.56848003,50831160299.27094,631347771.0336967,250287.16789090505,271745887312.81784
2025-06-19 00:00:00+00:00,1.1243516642532525,283630.2026291856,715611834.2153984,288451.0781510803,727775121.2799197,20146321.31328494,50830080203.20437,-12163287.064521313,-4820.875521894719,271174987902.4317
2025-06-20 00:00:00+00:00,1.0792016900324102,503874.8847248854,1210898539.4050975,659296.6738197835,1584403993.0644834,19990884.32439749,48041554289.90296,-373505453.6593859,-155421.7890948981,269102704105.56668
2025-06-21 00:00:00+00:00,1.0283323927814427,198849.95381454166,450601660.0158018,282998.86432683794,641286334.7566665,19906723.572131205,45109402919.16753,-190684674.74086475,-84148.91051229628,266304533819.88086
2025-06-22 00:00:00+00:00,1.02067551907355,372258.4129752329,829149841.1931419,517618.273602357,1152917152.1628366,19761343.548010327,44015432004.987404,-323767310.9696946,-145359.86062712414,263726684039.56595
2025-06-23 00:00:00+00:00,1.1042345237811815,450348.51138358243,1090497341.0939076,510743.29517205857,1236740416.118038,19700914.8882853,47704821398.85162,-146243075.02413034,-60394.78378847614,265018044506.4239
2025-06-24 00:00:00+00:00,1.1149620245463938,609562.430253315,1489263247.9605007,586939.9954978982,1433992845.8023071,19723503.322295718,48187826481.88332,55270402.15819359,22622.43475541682,264826704849.904
2025-06-25 00:00:00+00:00,1.1055781403432479,373864.6174524433,903999439.7382224,387944.5030432664,938044407.0646677,19929131.6059269,48188362752.778824,-34044967.32644534,-14079.885590823134,264326484958.16183
2025-06-26 00:00:00+00:00,1.1063848594139747,610191.5459290495,1473768071.529686,315261.8114060424,761437609.096051,20224042.60116726,48846216342.5682,712330462.433635,294929.73452300706,263840692653.89972
2025-06-27 00:00:00+00:00,1.1093531810899604,324515.6382734475,785989076.3396723,330472.49104692513,800416797.7099807,20218071.497617267,48968929282.820015,-14427721.3703084,-5956.852773477614,263879177881.7816
2025-06-28 00:00:00+00:00,1.1172805449780585,172741.97674787915,421182669.6522549,174652.07651108762,425839910.07937163,20216153.660937335,49291398242.13765,-4657240.427116752,-1910.0997632084764,263762892376.62363
2025-06-29 00:00:00+00:00,1.142875959897951,135962.5408247177,340344766.0161846,151283.79192728663,378697297.4557196,20200824.064679123,50567198126.21671,-38352531.43953496,-15321.251102568931,264736192617.0678
2025-06-30 00:00:00+00:00,1.1331817058043336,402059.2876668252,1000710756.6048765,410941.790495548,1022818978.9465578,20191920.485728577,50256946292.26746,-22108222.341681242,-8882.502828722761,265485138905.79333
2025-07-01 00:00:00+00:00,1.0929288092587792,512978.3140159439,1231509352.4070113,270049.52502384037,648309112.8674769,20434831.523524433,49057992216.216324,583200239.5395343,242928.78899210354,265507659631.4923
2025-07-02 00:00:00+00:00,1.163616038877851,417135.1807726041,1076191450.5292935,428548.57327857014,1105637529.4088204,20423399.354863375,52691522531.712074,-29446078.879526854,-11413.392505966069,268004543755.5812
2025-07-03 00:00:00+00:00,1.1639490678093147,408970.23595143855,1059363948.4285533,405068.32337164663,1049256744.643087,20427285.380349286,52913214199.70822,10107203.785466313,3901.9125797919114,269009562416.9042
2025-07-04 00:00:00+00:00,1.1290317086402593,175934.57639632953,441611105.91613144,222533.0578243735,558577351.7727369,20380673.6816758,51157265548.56112,-116966245.85660547,-46598.481428043975,268744766307.17636
2025-07-05 00:00:00+00:00,1.1306084111875878,125302.04488809212,315568017.0425219,89859.19332389419,226306661.44026148,20416108.636381257,51417125106.469894,89261355.60226041,35442.85156419793,269270866093.35507
2025-07-06 00:00:00+00:00,1.1503914129103168,104036.5609456228,267348090.36429906,112033.66611223837,287898661.9643602,20408103.27870349,52443750446.2543,-20550571.60006112,-7997.105166615569,270035963048.9325
2025-07-07 00:00:00+00:00,1.1369600529685482,480541.6788269347,1221912387.4052668,476615.7485587641,1211929605.3946047,20412007.28639701,51903270109.55845,9982782.010662079,3925.930268170603,270363954703.4019
2025-07-08 00:00:00+00:00,1.1634423108368825,444800.5335102663,1163345160.1818008,399796.90875296685,1045641279.2109976,20456995.242977276,53503862101.88853,117703880.97080326,45003.62475729943,271764350240.53812
2025-07-09 00:00:00+00:00,1.2225741389129094,530142.8253886355,1471588976.0946047,576215.0169351997,1599477774.9946764,20410897.35422231,56657281962.93716,-127888798.90007162,-46072.19154656422,274486443799.20874
2025-07-10 00:00:00+00:00,1.2773022209576999,719181.1863234665,2121895735.715729,762423.2896998818,2249478654.321897,20367614.986262366,60093278589.48152,-127582918.60616803,-43242.103376415325,279255882664.22174
2025-07-11 00:00:00+00:00,1.270370545815764,1030328.0379034603,3048372102.0875034,1075067.864554606,3180741245.116068,20322833.606135722,60127994892.16195,-132369143.02856445,-44739.82665114559,281565871020.9791
2025-07-12 00:00:00+00:00,1.2570783514810824,178845.572059571,525876713.3451402,266525.5163615604,783690426.0629307,20235141.064934682,59499317510.40891,-257813712.71779048,-87679.9443019894,282794228687.17017
2025-07-13 00:00:00+00:00,1.2605806631120322,223720.30990530932,664368647.0842243,206127.81714397352,612125287.4194956,20252720.14408296,60143275715.98137,52243359.66472876,17592.4927613358,284819272555.0229
2025-07-14 00:00:00+00:00,1.2656110904240074,777643.4479688724,2342094317.9097424,746981.0297940107,2249745728.632371,20283346.22938923,61089063472.63414,92348589.2773714,30662.418174861697,287718511599.2916
2025-07-15 00:00:00+00:00,1.298389647053158,661889.7227072507,2073611553.6691828,820982.5693190576,2572028062.5266147,20124227.756739557,63046501182.0436,-498416508.8574319,-159092.8466118069,291735555029.23267
2025-07-16 00:00:00+00:00,1.3647494371225393,980986.744359937,3302303069.3399067,1013956.6731393369,3413289989.02063,20091211.14527532,67633195466.96662,-110986919.68072319,-32969.92877939984,298236478142.84625
2025-07-17 00:00:00+00:00,1.3891387767646064,1116740.8924520114,3896751619.2439957,1134602.8914371114,3959079213.709795,20073284.607542872,70043646495.50932,-62327594.46579933,-17861.998985100072,303718292982.80334
2025-07-18 00:00:00+00:00,1.3878872756032576,1318806.8372891988,4671661023.458229,1424370.8518453902,5045604559.644032,19967677.401779193,70732284372.00151,-373943536.18580246,-105564.0145561914,308609880762.60425
2025-07-19 00:00:00+00:00,1.3924422238965708,303639.6574606079,1090707933.7279162,294308.5657467875,1057189598.7129091,19976995.740085643,71759624312.53554,33518335.01500714,9331.091713820351,311929041786.1477
2025-07-20 00:00:00+00:00,1.4317599372041279,377567.60713543737,1417791719.749309,334087.51557142154,1254521056.0896204,20020456.3002248,75178157849.43562,163270663.6596887,43480.091564015835,317131458759.9605
2025-07-21 00:00:00+00:00,1.4162554446766693,927724.7244993176,3493722159.2570486,933112.9394945616,3514013659.12829,20015044.646737717,75374734718.38916,-20291499.87124157,-5388.214995244052,321534877547.9209
2025-07-22 00:00:00+00:00,1.3942722083449235,758160.0843610279,2839992494.097443,807484.1439417247,3024755530.133101,19965702.73840643,74789542586.17223,-184763036.03565788,-49324.05958069675,324876313750.32715
2025-07-23 00:00:00+00:00,1.344791219392352,994346.6250754643,3609033575.004837,955808.616682824,3469157838.822496,20004223.091057908,72606383887.54611,139875736.1823411,38538.00839264027,326374772290.9131
2025-07-24 00:00:00+00:00,1.3599508221507184,745627.0298258737,2765910234.4343133,879842.3140480604,3263783049.3916106,19869992.494195636,73707917496.85252,-497872814.9572973,-134215.28422218678,329853173515.0216
2025-07-25 00:00:00+00:00,1.3508158335547509,788567.9576153291,2935490708.5576487,1073207.223319568,3995077154.717889,19585340.406220347,72907584224.2679,-1059586446.1602402,-284639.2657042389,333259199107.49866
2025-07-26 00:00:00+00:00,1.3518208702857906,257265.36054458522,963036493.9976122,244109.25323966765,913788466.8758714,19598487.271640126,73364165427.41742,49248027.12174082,13156.107304917561,334879356637.6905
2025-07-27 00:00:00+00:00,1.3853717253313553,207592.53081264682,802034051.6962287,253499.1513391842,979394348.4104158,19552571.40309214,75541388710.43835,-177360296.71418703,-45906.62052653739,337264197762.5891
2025-07-28 00:00:00+00:00,1.3549039331166706,761290.5154587058,2885979370.7817917,763498.9757092504,2894351431.9001718,19550349.240560777,74113499976.86702,-8372061.11838007,-2208.4602505445946,338375570711.1761
2025-07-29 00:00:00+00:00,1.349275714875779,500317.184212522,1896638321.5588362,521238.2518910218,1975947407.7526731,19576129.680336732,74210598618.49677,-79309086.19383693,-20921.067678499792,339790919152.83545
2025-07-30 00:00:00+00:00,1.3479466887147058,596345.0183516786,2266622931.5562778,622799.7585074195,2367173651.0895853,19549651.052521862,74305454084.36317,-100550719.53330755,-26454.740155740874,341028424546.31476
2025-07-31 00:00:00+00:00,1.312808975115935,391644.81281700626,1449652894.2334993,658519.1957348415,2437474534.9975357,19282751.678755995,71374101903.28632,-987821640.7640364,-266874.38291783526,341004327877.582
2025-08-01 00:00:00+00:00,1.2462161107482712,522308.76700944133,1818837063.6179547,517780.4063567064,1803067942.5293276,19287264.984698914,67164088802.968636,15769121.0886271,4528.360652734933,337965244365.0169
2025-08-02 00:00:00+00:00,1.2208822817428142,226319.99254666458,768021554.3063916,225085.54001370294,763832414.2202051,19288490.570788734,65455889873.92207,4189140.086186528,1234.4525329616445,336190155280.8685
2025-08-03 00:00:00+00:00,1.2606928256603642,237945.16792887033,833800435.8488064,213378.9971356784,747716385.0870662,19313049.345267203,67676217600.128296,86084050.76174021,24566.170793191937,336196850899.9435
2025-08-04 00:00:00+00:00,1.3267453594442011,491584.23576988775,1828266699.0100868,528477.744277874,1965478529.8759787,19276145.091005348,71690529497.91641,-137211830.86589193,-36893.50850798626,339063507610.88104
2025-08-05 00:00:00+00:00,1.2948316420935637,704929.7746184778,2547672939.1340795,678801.572423406,2453243513.5694757,19302257.564141586,69759912307.54094,94429425.5646038,26128.202195071848,337613551396.69073
2025-08-06 00:00:00+00:00,1.3181817213453095,488627.4326214548,1799134966.080111,479826.27354862395,1766728940.6037838,19311047.893149033,71103624513.70596,32406025.47632718,8801.159072830866,337874934270.6823
2025-08-07 00:00:00+00:00,1.384462084308368,547581.2399156702,2137890421.934339,608659.7110382814,2376355637.4693584,19249951.245728705,75156494399.41428,-238465215.5350194,-61078.4711226112,341122551627.2356
2025-08-08 00:00:00+00:00,1.4126161866441191,904601.0763595288,3633109376.0272,921269.7343278955,3700054971.310346,19233263.992815472,77245709263.48553,-66945595.283145905,-16668.657968366635,343922769125.74524
2025-08-09 00:00:00+00:00,1.4762260035506485,472485.0721503212,2013693784.0131273,474025.7725674863,2020260126.604549,19231706.469472084,81964002793.34128,-6566342.591421604,-1540.7004171650624,349241176506.5788
2025-08-10 00:00:00+00:00,1.4607411838698399,408308.1973091726,1734784609.4888003,404772.18539048795,1719761107.399132,19235228.49931755,81724977799.91743,15023502.089668274,3536.0119186846423,351857213634.64014
2025-08-11 00:00:00+00:00,1.433047219538138,944867.5059648849,3994561900.0057907,984989.0932075669,4164181622.0891657,19195091.42306177,81149981750.49959,-169619722.08337498,-40121.587242682,356885678298.65875
2025-08-12 00:00:00+00:00,1.5154514457597223,1191392.8677406167,5479708938.250567,1365214.4132797092,6279186174.132815,19021250.12254703,87486602560.31786,-799477235.8822479,-173821.5455390925,367164461021.14044
2025-08-13 00:00:00+00:00,1.5323185482003696,1251336.3035655615,5957395362.802193,1242172.9975026865,5913770450.065814,19030390.38598683,90600391848.89954,43624912.73637867,9163.306062875083,375873809069.8002
2025-08-14 00:00:00+00:00,1.4585688029660178,1517552.486713606,6921200282.587815,1614015.8842077549,7361147170.646839,18933898.792977862,86353063122.21045,-439946888.05902386,-96463.39749414893,378292750565.4738
2025-08-15 00:00:00+00:00,1.4100552906408679,962513.0888472951,4263920040.5770617,1123739.1024331925,4978149112.739138,18772658.653044168,83162625395.03683,-714229072.162076,-161226.0135858974,380095372716.43225
2025-08-16 00:00:00+00:00,1.3989685999280346,286638.4904061999,1267707620.394249,415505.0436329675,1837641934.8961399,18643783.73286217,82455313930.9322,-569934314.5018909,-128866.55322676763,382483169224.7522
2025-08-17 00:00:00+00:00,1.409198687490489,198377.48904354163,890260582.5727834,246079.0055765831,1104331141.1984637,18596073.90675264,83453781321.72256,-214070558.62568033,-47701.51653304146,385298757101.1239
2025-08-18 00:00:00+00:00,1.3584752370444682,1110465.0990982314,4798903669.340564,950415.2887783427,4107244271.269348,18756112.288832076,81055024744.61626,691659398.0712156,160049.81031988875,384892804686.04645
2025-08-19 00:00:00+00:00,1.2961221362088042,585773.5063495251,2397872506.802711,702931.1078794966,2877458880.420706,18638941.255600933,76298781539.71672,-479586373.6179948,-117157.60152997158,382132036873.31976
2025-08-20 00:00:00+00:00,1.3606405430950606,640164.5188368679,2776813400.2700853,620968.4248318996,2693547349.9074535,18658124.001562588,80932521604.87605,83266050.3626318,19196.094004968298,385731053775.57715
2025-08-21 00:00:00+00:00,1.3289622472164153,608223.9404898005,2568277054.0259233,606961.3101375487,2562945490.5251617,18659375.784829523,78790793127.99303,5331563.500761509,1262.6303522518137,384457173499.81946
2025-08-22 00:00:00+00:00,1.4855245644189852,786460.4028140038,3799472766.64024,1009049.9145339704,4874826064.649541,18436758.6249271,89069916361.82445,-1075353298.0093007,-222589.51171996666,393511453568.8989
2025-08-23 00:00:00+00:00,1.4647197991528078,497092.5844597799,2375291062.4210396,419358.78362286126,2003850392.9195826,18514482.801298153,88469003356.91847,371440669.501457,77733.80083691864,394752666899.8698
2025-08-24 00:00:00+00:00,1.4666206902744452,471182.3157901231,2255669311.7110977,543412.2487180231,2601452329.5206776,18442242.123459794,88287692901.3684,-345783017.80957985,-72229.9329279,394982659300.2787
2025-08-25 00:00:00+00:00,1.3589437060100622,736556.4359918153,3224281079.7197814,743046.7809775132,3252692611.4309406,18435738.862640925,80702579056.85904,-28411531.71115923,-6490.344985697884,389801958594.86597
2025-08-26 00:00:00+00:00,1.415530950835455,845909.2063765579,3892846538.7484,954521.0701712762,4392674788.462552,18327114.273272604,84340781287.34358,-499828249.71415186,-108611.86379471829,393416008572.0335
2025-08-27 00:00:00+00:00,1.3878242399224507,812724.566196125,3662978078.505746,934372.7107351089,4211250525.618741,18205451.45481903,82052607195.59703,-548272447.1129951,-121648.14453898394,393000789119.883
2025-08-28 00:00:00+00:00,1.38177927277473,457841.02656245476,2062136641.0711997,807111.2835908226,3635265637.5315104,17989129.842334893,81023852465.53659,-1573128996.4603107,-349270.25702836784,394466613607.88104
2025-08-29 00:00:00+00:00,1.3423557667024508,620193.21717023,2708255827.287138,626711.375756954,2736719281.073721,17982598.051775146,78526295701.35211,-28463453.786582947,-6518.158586723963,393686158453.8764
2025-08-30 00:00:00+00:00,1.3444044523851473,123199.72735556983,538642492.8318049,280742.8532106642,1227438027.2097979,17825046.653294712,77933026072.88448,-688795534.377993,-157543.12585509435,393573157238.8207
2025-08-31 00:00:00+00:00,1.3523435205371321,225341.83871891367,990741219.6696736,282698.30990989675,1242915518.7113435,17767682.159846637,78117650915.71548,-252174299.04166996,-57356.47119098308,393464334180.30743
2025-09-01 00:00:00+00:00,1.332516531553125,414076.27124954655,1780768749.3046966,627611.0052748369,2699092274.8132687,17554063.725683317,75492681605.89932,-918323525.5085721,-213534.73402529035,390601794464.1691
2025-09-02 00:00:00+00:00,1.3433488836623444,460545.36129610875,1990631624.6494005,542073.5657310347,2343023887.5793896,17472523.099652268,75522109150.55165,-352392262.9299891,-81528.20443492598,389420300752.73944
2025-09-03 00:00:00+00:00,1.3807354641341267,536852.551726002,2392146488.531593,534394.7130717743,2381194673.015051,17474969.96914754,77866237041.2398,10951815.516541958,2457.838654227671,390589393229.12024
2025-09-04 00:00:00+00:00,1.339848231813719,539281.9538853525,2328027692.940911,546889.1042241817,2360867020.35687,17467351.3540545,75404855255.38792,-32839327.41595936,-7607.150338829262,389963583033.1323
2025-09-05 00:00:00+00:00,1.3422489414699732,555723.7001038982,2394485210.2351737,509040.7624343911,2193339202.2476315,17514023.11483121,75463884862.81897,201146007.98754215,46682.93766950711,388541020522.27277
2025-09-06 00:00:00+00:00,1.3340628619899346,135615.91542908954,580050476.9812995,114016.35459953806,487665777.72143304,17535615.859229494,75002571129.82713,92384699.25986648,21599.560829551483,388065422406.4674
2025-09-07 00:00:00+00:00,1.345470547659487,138807.77375754295,599108627.604748,139169.23129441048,600668715.5089625,17535248.30736132,75683935155.40294,-1560087.9042145014,-361.4575368675287,388287275651.33295
2025-09-08 00:00:00+00:00,1.3396054984151284,569589.6390773326,2452150873.624923,694385.8676199368,2989413421.6964746,17410441.111656424,74954011542.94382,-537262548.0715513,-124796.22854260425,389003062812.9494
2025-09-09 00:00:00+00:00,1.3421851489683323,519027.90690991766,2236872049.0005374,657590.918394331,2834041725.7913833,17271867.570463106,74437149309.41702,-597169676.7908459,-138563.01148441335,388679942447.78735
2025-09-10 00:00:00+00:00,1.351423063891074,435175.5598182451,1892406084.6232307,471184.1914783514,2048993356.3923585,17235847.137516882,74951870022.9758,-156587271.76912785,-36008.6316601063,389512718215.6224
2025-09-11 00:00:00+00:00,1.3797276515387595,421684.7427659973,1881547071.5365143,494640.4022877233,2207073450.851814,17162882.342457682,76580363801.53552,-325526379.3152995,-72955.65952172602,391477046413.64575
2025-09-12 00:00:00+00:00,1.435994751380515,542105.2549369149,2549455490.361996,534258.0659499075,2512551109.03634,17170720.11653734,80751821303.9081,36904381.32565594,7847.188987007365,396453513653.87177
2025-09-13 00:00:00+00:00,1.4203622408914494,152522.39204564193,711723418.9435539,191927.59063223738,895602010.7099932,17131308.073050283,79940741744.1893,-183878591.76643932,-39405.19858659545,397712940296.5768
2025-09-14 00:00:00+00:00,1.3996129879020625,215910.4530307843,995324234.0738751,149470.2003169704,689041732.621188,17197742.292177863,79279763598.6677,306282501.452687,66440.25271381388,398734309659.9196
2025-09-15 00:00:00+00:00,1.3707850225769584,525086.5589588968,2375555373.2543077,511049.6328592371,2312050614.56055,17211760.780442316,77868096426.26584,63504758.693757534,14036.9260996597,399552975016.65283
2025-09-16 00:00:00+00:00,1.3609723432797687,440271.5624903941,1984229743.1694477,608934.90195201,2744366993.1180525,17043086.024693023,76810316828.78514,-760137249.9486048,-168663.3394616159,400904247356.869
2025-09-17 00:00:00+00:00,1.378214337665614,370749.828231882,1703612545.0119278,368208.9666040237,1691937168.7480943,17045616.59037773,78325393700.9748,11675376.263833523,2540.8616278583067,403646358527.0164
2025-09-18 00:00:00+00:00,1.36533595922523,414715.4143461837,1902024525.3078978,431534.92341144994,1979164457.0276055,17028777.47349099,78099707100.71962,-77139931.71970773,-16819.509065266233,406687956523.41864
2025-09-19 00:00:00+00:00,1.3293452117599824,545788.6574409354,2436182302.391459,672812.1457583036,3003164356.7231565,16901745.00983023,75442630606.40382,-566982054.3316975,-127023.4883173682,406530661830.02856
2025-09-20 00:00:00+00:00,1.3331867268915938,157476.68293426096,706117174.7017081,130703.44032521472,586067361.1264813,16928512.317735784,75906560050.49762,120049813.57522678,26773.24260904624,407215899051.00775
2025-09-21 00:00:00+00:00,1.326960142368451,217814.33793058552,969825307.3396522,238849.05639049396,1063483064.1659497,16907472.095535062,75281060361.66673,-93657756.82629752,-21034.718459908443,406269113345.0397
2025-09-22 00:00:00+00:00,1.2665006094158267,648714.3800273406,2727582247.591679,764744.8803485984,3215443689.5441527,16791429.757183343,70601187714.45404,-487861441.95247364,-116030.50032125774,401969236019.1874
2025-09-23 00:00:00+00:00,1.2629927926793985,392186.0614140882,1635590077.6499128,375762.5186361751,1567096609.242194,16807844.094534554,70096175597.33058,68493468.4077189,16423.5427779131,399820165750.63635
2025-09-24 00:00:00+00:00,1.2612175983698526,521452.27922738943,2165659514.945601,640589.5273463329,2660452088.0176883,16688697.189339463,69310342096.28696,-494792573.0720873,-119137.24811894348,398729363830.3667
2025-09-25 00:00:00+00:00,1.1924299209623916,587879.955748754,2278257396.751011,652617.3116303998,2529139160.011018,16623937.433492046,64424051289.07909,-250881763.2600069,-64737.35588164581,393534235563.05756
2025-09-26 00:00:00+00:00,1.2379764388055823,552774.525305079,2228626608.232633,644923.2096441372,2600143384.8393574,16531777.284558628,66651332597.87843,-371516776.60672426,-92148.68433905824,394355170547.17633
2025-09-27 00:00:00+00:00,1.2404248736696706,136468.66574573336,548619766.365385,152197.9268131948,611853208.8906385,16516041.371120019,66396390034.231636,-63233442.525253415,-15729.261067461426,392453379525.9666
2025-09-28 00:00:00+00:00,1.2783500916250625,121490.0936577339,502540817.91956973,115670.26115124288,478467222.2879253,16521854.837698065,68342250744.134094,24073595.631644428,5819.832506491017,391841167672.5545
2025-09-29 00:00:00+00:00,1.3044416201308453,504245.9533831413,2128130370.1130853,528723.5534327159,2231436155.124315,16497337.296078268,69625713979.9136,-103305785.01122952,-24477.600049574627,391803564440.34845
2025-09-30 00:00:00+00:00,1.2847485322034904,693503.3618210328,2871826161.76634,824515.6151722751,3414353332.360145,16366312.76665498,67773579426.51106,-542527170.5938053,-131012.25335124228,390335338634.0522
2025-10-01 00:00:00+00:00,1.3374275888773748,458852.611405874,1990633512.969083,472036.61261335626,2047829470.8567994,16353128.678489918,70944536829.72134,-57195957.88771629,-13184.001207482244,392828947812.8159
2025-10-02 00:00:00+00:00,1.3710325767259093,534006.9876380803,2391612700.703022,552652.7048045766,2475119724.0593,16334471.65341494,73155840222.93207,-83507023.35627794,-18645.717166496324,395604293548.7722
2025-10-03 00:00:00+00:00,1.3755253169834114,441026.20065014315,1993360323.028603,496577.0615289953,2244440376.374068,16278899.541614866,73577743002.54161,-251080053.3454647,-55550.86087885214,397948594439.01416
2025-10-04 00:00:00+00:00,1.3585880831646375,166845.83364864957,748929017.0672872,275131.06001823134,1234994184.9794734,16170608.617150426,72585798231.70967,-486065167.91218615,-108285.22636958177,400148390648.3966
2025-10-05 00:00:00+00:00,1.3593569415995845,196828.44060112038,889289372.6390845,191788.07303599195,866516518.7965491,16175642.830156967,73083072855.38853,22772853.842535377,5040.367565128428,402545315086.9029
2025-10-06 00:00:00+00:00,1.396833118049456,651835.0398062814,3060876883.146149,697962.4978939134,3277481486.33024,16129503.332820704,75740671907.9294,-216604603.1840906,-46127.45808763197,407160591924.4812
2025-10-07 00:00:00+00:00,1.3350407429337767,581721.941243654,2596814036.4453435,537104.2516075014,2397640110.7150893,16174108.51240775,72201423109.84003,199173925.73025417,44617.68963615259,404987978068.2731
2025-10-08 00:00:00+00:00,1.3575253423015725,744383.1507584013,3371454370.1456823,905311.9010445088,4100331612.841731,16013171.397169555,72526731202.70761,-728877242.6960487,-160928.75028610753,404103922681.62854
2025-10-09 00:00:00+00:00,1.310788211262845,595376.7954469299,2601146410.715373,574780.0461244682,2511161109.0001655,16033758.266075047,70050013845.0502,89985301.71520758,20596.749322461663,403710707904.1007
2025-10-10 00:00:00+00:00,1.1802499814321767,618496.4704133203,2391773839.510101,650841.7218384997,2516855436.4017076,16001197.777697707,61877873320.68225,-125081596.89160681,-32345.251425179304,396861697330.4819
2025-10-11 00:00:00+00:00,1.1558212049171686,667697.7312136964,2503792908.132164,675267.7521020166,2532179652.205917,15993591.540316813,59974205695.468414,-28386744.07375288,-7570.02088832017,392976404068.92957
2025-10-12 00:00:00+00:00,1.2720055104401529,323309.48005506117,1340952416.833796,336056.89692994335,1393823367.180968,15980832.958872028,66281807064.7575,-52870950.34717202,-12747.416874882183,394960620640.18677
2025-10-13 00:00:00+00:00,1.3012038185122388,482428.2706367059,2050101497.1346803,746703.7252353556,3173152400.460861,15716547.115977468,66788201963.638466,-1123050903.326181,-264275.45459864964,395598306480.0149
2025-10-14 00:00:00+00:00,1.2740120458425583,1002994.6835322663,4147563711.9653645,974937.7645170685,4031543297.2138424,15744592.723388297,65106727394.830185,116020414.75152206,28056.919015197782,393176215264.6728
2025-10-15 00:00:00+00:00,1.2392827967837299,576600.3551549959,2297330033.79626,695698.4173027899,2771848567.635026,15625483.19610507,62256104280.99982,-474518533.8387661,-119098.06214779394,389451713609.59845
2025-10-16 00:00:00+00:00,1.2210034962839864,496401.49167045974,1931054734.1995747,508370.48950762354,1977615412.0478663,15613501.893789113,60738187244.310646,-46560677.848291636,-11968.997837163799,385948455533.679
2025-10-17 00:00:00+00:00,1.2144339241812585,574867.6706111146,2206662437.3482575,570604.5477777425,2190298196.4922647,15617739.763337223,59949587450.97014,16364240.855992794,4263.122833372094,382901976728.7583
2025-10-18 00:00:00+00:00,1.2338743572501154,121936.04867398592,474168824.8494283,131917.6550677297,512983979.393966,15607748.614622224,60693354423.24854,-38815154.54453772,-9981.606393743787,381797301190.03534
2025-10-19 00:00:00+00:00,1.2604541072528594,175384.6505647323,699476034.9990033,130890.04570268432,522020883.2081366,15652237.099620948,62424874183.99397,177455151.79086667,44494.60486204797,383324466577.3401
2025-10-20 00:00:00+00:00,1.2550768973265398,439695.6578711236,1750932826.7531865,425120.23075063556,1692891330.6584232,15666805.868441535,62387526904.94849,58041496.09476328,14575.42712048802,384387016238.9764
2025-10-21 00:00:00+00:00,1.229187055490027,451988.1254418677,1754347617.2363076,454963.6677463164,1765896893.1087484,15663821.31326043,60797587482.78893,-11549275.872440815,-2975.542304448725,382561885030.1695
2025-10-22 00:00:00+00:00,1.2103017621199867,361984.03730605694,1375198139.0156128,412133.2277454826,1565717792.530411,15613664.524077248,59317207898.23305,-190519653.51479816,-50149.19043942564,380296745540.4451
2025-10-23 00:00:00+00:00,1.2295802583840225,441484.0110308514,1702404593.0198517,625148.4279113879,2410632159.725293,15429992.825649898,59499528862.47131,-708227566.7054415,-183664.41688053648,379962462440.76764
2025-10-24 00:00:00+00:00,1.2526147982847213,417418.59257754724,1641678618.4796,402765.3109946949,1584048269.729237,15444638.420199962,60742700769.56477,57630348.75036287,14653.28158285236,380415300340.1809
2025-10-25 00:00:00+00:00,1.2574880327521292,119402.5855614898,472239689.0712392,117028.16525592974,462848807.7804427,15447008.074263794,61093235592.57973,9390881.290796459,2374.4203055600665,381077711702.81
2025-10-26 00:00:00+00:00,1.3118738969548085,241300.11668986897,1005319552.8769548,435947.52445445163,1816271688.445335,15252355.12053277,63545310464.15492,-810952135.5683801,-194647.40776458266,384797862977.64185
2025-10-27 00:00:00+00:00,1.2941643583535154,453485.31620094384,1867867353.8991253,411357.0251758698,1694344514.96683,15294470.739899484,62996620992.16651,173522838.93229532,42128.291025074024,385638766636.8537
2025-10-28 00:00:00+00:00,1.2549389603314474,402387.2942552068,1603258916.7903154,626731.6830091721,2497129441.125375,15070118.966105005,60044894444.84007,-893870524.3350594,-224344.38875396526,384710019854.30817
2025-10-29 00:00:00+00:00,1.2333472314258809,500137.14748744393,1951957427.1865222,459372.2504939553,1792858380.3457127,15110875.087813698,58975393063.93201,159099046.84080958,40764.896993488655,383443929612.2812
2025-10-30 00:00:00+00:00,1.2030309789333915,431166.3054529916,1634587013.8987741,450737.7621858964,1708784020.0518343,15091292.621924244,57212334616.05271,-74197006.1530602,-19571.45673290477,381857773505.8231
2025-10-31 00:00:00+00:00,1.221343427292749,493936.43632452673,1902220901.7339876,501008.66096578556,1929457065.2259266,15084209.829667019,58091481239.26138,-27236163.491939068,-7072.224641258828,382099699485.8231
2025-11-01 00:00:00+00:00,1.227233383164807,264524.0802415387,1024157164.0404273,421201.2525730165,1630763747.2231781,14927525.61993276,57794860456.90608,-606606583.1827508,-156677.1723314778,382303548220.9251
2025-11-02 00:00:00+00:00,1.2334970106757845,94678.7336155564,368581217.68930554,124481.9637892808,484604219.3605182,14897716.01582937,57996321879.42199,-116023001.67121267,-29803.230173724398,382460191810.7596
2025-11-03 00:00:00+00:00,1.1521551803453443,569351.1011622521,2047206726.8566523,584891.4644848084,2103084964.8486202,14882158.426763108,53511541084.6171,-55878237.99196792,-15540.363322556252,378201346363.62476
2025-11-04 00:00:00+00:00,1.074191216060715,921913.7522721002,3026385695.3891907,885323.1470536317,2906268944.829945,14918718.481283257,48973991432.51761,120116750.55924559,36590.60521846847,370350446211.38666
2025-11-05 00:00:00+00:00,1.1267134701760295,688914.999621655,2361611932.8535237,838104.9978814936,2873037697.0571294,14769517.443628244,50630148358.67473,-511425764.20360565,-149189.99825983867,368722001261.5105
2025-11-06 00:00:00+00:00,1.0985282477097797,628288.5321297189,2075656046.0107403,609763.3324079434,2014454956.3207557,14788017.964737725,48854685908.36212,61201089.68998456,18525.199721775483,364470989379.5734
2025-11-07 00:00:00+00:00,1.143146043553386,410930.48889781913,1412805987.4535496,430391.9346004475,1479715714.9038591,14836364.300045457,51008394075.03393,-66909727.450309515,-19461.44570262835,364501466050.5855
2025-11-08 00:00:00+00:00,1.13743368168896,151522.39165860662,515979624.7725772,129623.96654729717,441408856.3972879,14858257.11891226,50596864589.25659,74570768.37528932,21898.42511130945,362848990334.5318
2025-11-09 00:00:00+00:00,1.19314354005692,196579.88586739957,703049864.9660746,203714.58810425812,728566470.7066032,14851117.123644602,53113653221.96081,-25516605.740528584,-7134.702236858546,363295580672.07874
2025-11-10 00:00:00+00:00,1.1938430989058912,450583.12509812624,1608847176.2638125,443226.3357699264,1582579104.7854044,14858465.557065837,53053474539.00443,26268071.4784081,7356.7893281998695,362499742511.62256
