timestamp,active_addresses,tx_count
2009-01-03 00:00:00+00:00,0.0,0.0
2009-01-04 00:00:00+00:00,0.0,0.0
2009-01-05 00:00:00+00:00,0.0,0.0
2009-01-06 00:00:00+00:00,0.0,0.0
2009-01-07 00:00:00+00:00,0.0,0.0
2009-01-08 00:00:00+00:00,0.0,0.0
2009-01-09 00:00:00+00:00,19.0,0.0
2009-01-10 00:00:00+00:00,61.0,0.0
2009-01-11 00:00:00+00:00,95.0,1.0
2009-01-12 00:00:00+00:00,101.0,6.0
2009-01-13 00:00:00+00:00,123.0,0.0
2009-01-14 00:00:00+00:00,133.0,1.0
2009-01-15 00:00:00+00:00,140.0,8.0
2009-01-16 00:00:00+00:00,114.0,2.0
2009-01-17 00:00:00+00:00,109.0,0.0
2009-01-18 00:00:00+00:00,111.0,1.0
2009-01-19 00:00:00+00:00,133.0,2.0
2009-01-20 00:00:00+00:00,123.0,1.0
2009-01-21 00:00:00+00:00,116.0,2.0
2009-01-22 00:00:00+00:00,95.0,1.0
2009-01-23 00:00:00+00:00,91.0,1.0
2009-01-24 00:00:00+00:00,212.0,1.0
2009-01-25 00:00:00+00:00,193.0,1.0
2009-01-26 00:00:00+00:00,117.0,1.0
2009-01-27 00:00:00+00:00,101.0,1.0
2009-01-28 00:00:00+00:00,112.0,0.0
2009-01-29 00:00:00+00:00,134.0,1.0
2009-01-30 00:00:00+00:00,117.0,0.0
2009-01-31 00:00:00+00:00,159.0,1.0
2009-02-01 00:00:00+00:00,116.0,1.0
2009-02-02 00:00:00+00:00,130.0,1.0
2009-02-03 00:00:00+00:00,154.0,16.0
2009-02-04 00:00:00+00:00,119.0,0.0
2009-02-05 00:00:00+00:00,126.0,0.0
2009-02-06 00:00:00+00:00,122.0,0.0
2009-02-07 00:00:00+00:00,156.0,4.0
2009-02-08 00:00:00+00:00,134.0,1.0
2009-02-09 00:00:00+00:00,179.0,1.0
2009-02-10 00:00:00+00:00,120.0,0.0
2009-02-11 00:00:00+00:00,148.0,2.0
2009-02-12 00:00:00+00:00,119.0,0.0
2009-02-13 00:00:00+00:00,124.0,0.0
2009-02-14 00:00:00+00:00,136.0,0.0
2009-02-15 00:00:00+00:00,142.0,3.0
2009-02-16 00:00:00+00:00,153.0,1.0
2009-02-17 00:00:00+00:00,117.0,0.0
2009-02-18 00:00:00+00:00,118.0,0.0
2009-02-19 00:00:00+00:00,141.0,1.0
2009-02-20 00:00:00+00:00,122.0,0.0
2009-02-21 00:00:00+00:00,114.0,0.0
2009-02-22 00:00:00+00:00,133.0,4.0
2009-02-23 00:00:00+00:00,108.0,0.0
2009-02-24 00:00:00+00:00,106.0,0.0
2009-02-25 00:00:00+00:00,105.0,0.0
2009-02-26 00:00:00+00:00,107.0,0.0
2009-02-27 00:00:00+00:00,152.0,1.0
2009-02-28 00:00:00+00:00,107.0,1.0
2009-03-01 00:00:00+00:00,105.0,0.0
2009-03-02 00:00:00+00:00,108.0,0.0
2009-03-03 00:00:00+00:00,114.0,2.0
2009-03-04 00:00:00+00:00,130.0,2.0
2009-03-05 00:00:00+00:00,121.0,1.0
2009-03-06 00:00:00+00:00,117.0,0.0
2009-03-07 00:00:00+00:00,109.0,0.0
2009-03-08 00:00:00+00:00,142.0,3.0
2009-03-09 00:00:00+00:00,108.0,0.0
2009-03-10 00:00:00+00:00,107.0,0.0
2009-03-11 00:00:00+00:00,114.0,0.0
2009-03-12 00:00:00+00:00,122.0,1.0
2009-03-13 00:00:00+00:00,127.0,1.0
2009-03-14 00:00:00+00:00,110.0,0.0
2009-03-15 00:00:00+00:00,123.0,0.0
2009-03-16 00:00:00+00:00,170.0,1.0
2009-03-17 00:00:00+00:00,114.0,0.0
2009-03-18 00:00:00+00:00,129.0,2.0
2009-03-19 00:00:00+00:00,122.0,0.0
2009-03-20 00:00:00+00:00,131.0,1.0
2009-03-21 00:00:00+00:00,50.0,0.0
2009-03-22 00:00:00+00:00,131.0,2.0
2009-03-23 00:00:00+00:00,130.0,0.0
2009-03-24 00:00:00+00:00,105.0,0.0
2009-03-25 00:00:00+00:00,117.0,0.0
2009-03-26 00:00:00+00:00,146.0,1.0
2009-03-27 00:00:00+00:00,106.0,0.0
2009-03-28 00:00:00+00:00,140.0,3.0
2009-03-29 00:00:00+00:00,116.0,0.0
2009-03-30 00:00:00+00:00,120.0,0.0
2009-03-31 00:00:00+00:00,143.0,1.0
2009-04-01 00:00:00+00:00,114.0,0.0
2009-04-02 00:00:00+00:00,115.0,0.0
2009-04-03 00:00:00+00:00,116.0,0.0
2009-04-04 00:00:00+00:00,113.0,0.0
2009-04-05 00:00:00+00:00,148.0,2.0
2009-04-06 00:00:00+00:00,109.0,0.0
2009-04-07 00:00:00+00:00,100.0,0.0
2009-04-08 00:00:00+00:00,105.0,0.0
2009-04-09 00:00:00+00:00,99.0,0.0
2009-04-10 00:00:00+00:00,108.0,0.0
2009-04-11 00:00:00+00:00,128.0,1.0
2009-04-12 00:00:00+00:00,127.0,2.0
2009-04-13 00:00:00+00:00,117.0,1.0
2009-04-14 00:00:00+00:00,124.0,0.0
2009-04-15 00:00:00+00:00,113.0,0.0
2009-04-16 00:00:00+00:00,123.0,0.0
2009-04-17 00:00:00+00:00,112.0,0.0
2009-04-18 00:00:00+00:00,131.0,4.0
2009-04-19 00:00:00+00:00,128.0,1.0
2009-04-20 00:00:00+00:00,236.0,2.0
2009-04-21 00:00:00+00:00,125.0,1.0
2009-04-22 00:00:00+00:00,121.0,0.0
2009-04-23 00:00:00+00:00,75.0,0.0
2009-04-24 00:00:00+00:00,115.0,0.0
2009-04-25 00:00:00+00:00,118.0,0.0
2009-04-26 00:00:00+00:00,128.0,2.0
2009-04-27 00:00:00+00:00,104.0,0.0
2009-04-28 00:00:00+00:00,117.0,0.0
2009-04-29 00:00:00+00:00,149.0,1.0
2009-04-30 00:00:00+00:00,131.0,0.0
2009-05-01 00:00:00+00:00,121.0,0.0
2009-05-02 00:00:00+00:00,142.0,2.0
2009-05-03 00:00:00+00:00,110.0,3.0
2009-05-04 00:00:00+00:00,159.0,1.0
2009-05-05 00:00:00+00:00,146.0,1.0
2009-05-06 00:00:00+00:00,135.0,0.0
2009-05-07 00:00:00+00:00,122.0,0.0
2009-05-08 00:00:00+00:00,107.0,0.0
2009-05-09 00:00:00+00:00,78.0,0.0
2009-05-10 00:00:00+00:00,85.0,0.0
2009-05-11 00:00:00+00:00,123.0,1.0
2009-05-12 00:00:00+00:00,130.0,0.0
2009-05-13 00:00:00+00:00,117.0,5.0
2009-05-14 00:00:00+00:00,145.0,3.0
2009-05-15 00:00:00+00:00,147.0,1.0
2009-05-16 00:00:00+00:00,119.0,0.0
2009-05-17 00:00:00+00:00,127.0,0.0
2009-05-18 00:00:00+00:00,118.0,0.0
2009-05-19 00:00:00+00:00,86.0,0.0
2009-05-20 00:00:00+00:00,120.0,0.0
2009-05-21 00:00:00+00:00,82.0,0.0
2009-05-22 00:00:00+00:00,61.0,0.0
2009-05-23 00:00:00+00:00,32.0,0.0
2009-05-24 00:00:00+00:00,100.0,0.0
2009-05-25 00:00:00+00:00,109.0,0.0
2009-05-26 00:00:00+00:00,125.0,0.0
2009-05-27 00:00:00+00:00,119.0,0.0
2009-05-28 00:00:00+00:00,95.0,0.0
2009-05-29 00:00:00+00:00,167.0,1.0
2009-05-30 00:00:00+00:00,109.0,0.0
2009-05-31 00:00:00+00:00,96.0,0.0
2009-06-01 00:00:00+00:00,73.0,1.0
2009-06-02 00:00:00+00:00,111.0,0.0
2009-06-03 00:00:00+00:00,71.0,0.0
2009-06-04 00:00:00+00:00,66.0,0.0
2009-06-05 00:00:00+00:00,30.0,0.0
2009-06-06 00:00:00+00:00,28.0,0.0
2009-06-07 00:00:00+00:00,16.0,0.0
2009-06-08 00:00:00+00:00,82.0,0.0
2009-06-09 00:00:00+00:00,91.0,0.0
2009-06-10 00:00:00+00:00,82.0,0.0
2009-06-11 00:00:00+00:00,89.0,0.0
2009-06-12 00:00:00+00:00,86.0,0.0
2009-06-13 00:00:00+00:00,78.0,0.0
2009-06-14 00:00:00+00:00,72.0,0.0
2009-06-15 00:00:00+00:00,84.0,0.0
2009-06-16 00:00:00+00:00,71.0,0.0
2009-06-17 00:00:00+00:00,79.0,0.0
2009-06-18 00:00:00+00:00,80.0,0.0
2009-06-19 00:00:00+00:00,87.0,0.0
2009-06-20 00:00:00+00:00,78.0,0.0
2009-06-21 00:00:00+00:00,81.0,0.0
2009-06-22 00:00:00+00:00,137.0,1.0
2009-06-23 00:00:00+00:00,76.0,0.0
2009-06-24 00:00:00+00:00,100.0,2.0
2009-06-25 00:00:00+00:00,89.0,1.0
2009-06-26 00:00:00+00:00,90.0,0.0
2009-06-27 00:00:00+00:00,84.0,0.0
2009-06-28 00:00:00+00:00,48.0,1.0
2009-06-29 00:00:00+00:00,87.0,2.0
2009-06-30 00:00:00+00:00,85.0,0.0
2009-07-01 00:00:00+00:00,77.0,1.0
2009-07-02 00:00:00+00:00,85.0,1.0
2009-07-03 00:00:00+00:00,82.0,0.0
2009-07-04 00:00:00+00:00,89.0,0.0
2009-07-05 00:00:00+00:00,79.0,0.0
2009-07-06 00:00:00+00:00,84.0,0.0
2009-07-07 00:00:00+00:00,69.0,0.0
2009-07-08 00:00:00+00:00,74.0,0.0
2009-07-09 00:00:00+00:00,86.0,0.0
2009-07-10 00:00:00+00:00,81.0,0.0
2009-07-11 00:00:00+00:00,83.0,0.0
2009-07-12 00:00:00+00:00,77.0,0.0
2009-07-13 00:00:00+00:00,78.0,0.0
2009-07-14 00:00:00+00:00,69.0,0.0
2009-07-15 00:00:00+00:00,45.0,0.0
2009-07-16 00:00:00+00:00,71.0,0.0
2009-07-17 00:00:00+00:00,47.0,0.0
2009-07-18 00:00:00+00:00,4.0,0.0
2009-07-19 00:00:00+00:00,70.0,0.0
2009-07-20 00:00:00+00:00,192.0,1.0
2009-07-21 00:00:00+00:00,82.0,0.0
2009-07-22 00:00:00+00:00,60.0,0.0
2009-07-23 00:00:00+00:00,76.0,0.0
2009-07-24 00:00:00+00:00,73.0,0.0
2009-07-25 00:00:00+00:00,32.0,0.0
2009-07-26 00:00:00+00:00,21.0,0.0
2009-07-27 00:00:00+00:00,74.0,0.0
2009-07-28 00:00:00+00:00,41.0,0.0
2009-07-29 00:00:00+00:00,22.0,1.0
2009-07-30 00:00:00+00:00,17.0,1.0
2009-07-31 00:00:00+00:00,17.0,0.0
2009-08-01 00:00:00+00:00,28.0,0.0
2009-08-02 00:00:00+00:00,23.0,0.0
2009-08-03 00:00:00+00:00,12.0,0.0
2009-08-04 00:00:00+00:00,81.0,0.0
2009-08-05 00:00:00+00:00,87.0,0.0
2009-08-06 00:00:00+00:00,90.0,0.0
2009-08-07 00:00:00+00:00,192.0,1.0
2009-08-08 00:00:00+00:00,80.0,0.0
2009-08-09 00:00:00+00:00,101.0,0.0
2009-08-10 00:00:00+00:00,75.0,0.0
2009-08-11 00:00:00+00:00,70.0,0.0
2009-08-12 00:00:00+00:00,63.0,0.0
2009-08-13 00:00:00+00:00,85.0,0.0
2009-08-14 00:00:00+00:00,63.0,0.0
2009-08-15 00:00:00+00:00,26.0,0.0
2009-08-16 00:00:00+00:00,19.0,0.0
2009-08-17 00:00:00+00:00,17.0,0.0
2009-08-18 00:00:00+00:00,10.0,0.0
2009-08-19 00:00:00+00:00,18.0,0.0
2009-08-20 00:00:00+00:00,22.0,0.0
2009-08-21 00:00:00+00:00,14.0,0.0
2009-08-22 00:00:00+00:00,7.0,0.0
2009-08-23 00:00:00+00:00,15.0,0.0
2009-08-24 00:00:00+00:00,15.0,0.0
2009-08-25 00:00:00+00:00,50.0,0.0
2009-08-26 00:00:00+00:00,96.0,3.0
2009-08-27 00:00:00+00:00,29.0,0.0
2009-08-28 00:00:00+00:00,75.0,0.0
2009-08-29 00:00:00+00:00,78.0,0.0
2009-08-30 00:00:00+00:00,99.0,1.0
2009-08-31 00:00:00+00:00,93.0,1.0
2009-09-01 00:00:00+00:00,78.0,0.0
2009-09-02 00:00:00+00:00,66.0,0.0
2009-09-03 00:00:00+00:00,76.0,1.0
2009-09-04 00:00:00+00:00,64.0,0.0
2009-09-05 00:00:00+00:00,76.0,0.0
2009-09-06 00:00:00+00:00,68.0,0.0
2009-09-07 00:00:00+00:00,92.0,1.0
2009-09-08 00:00:00+00:00,69.0,0.0
2009-09-09 00:00:00+00:00,54.0,0.0
2009-09-10 00:00:00+00:00,67.0,0.0
2009-09-11 00:00:00+00:00,67.0,0.0
2009-09-12 00:00:00+00:00,69.0,0.0
2009-09-13 00:00:00+00:00,75.0,0.0
2009-09-14 00:00:00+00:00,74.0,0.0
2009-09-15 00:00:00+00:00,44.0,0.0
2009-09-16 00:00:00+00:00,74.0,1.0
2009-09-17 00:00:00+00:00,186.0,1.0
2009-09-18 00:00:00+00:00,78.0,0.0
2009-09-19 00:00:00+00:00,74.0,0.0
2009-09-20 00:00:00+00:00,78.0,0.0
2009-09-21 00:00:00+00:00,78.0,1.0
2009-09-22 00:00:00+00:00,66.0,1.0
2009-09-23 00:00:00+00:00,36.0,0.0
2009-09-24 00:00:00+00:00,97.0,0.0
2009-09-25 00:00:00+00:00,119.0,2.0
2009-09-26 00:00:00+00:00,117.0,1.0
2009-09-27 00:00:00+00:00,87.0,0.0
2009-09-28 00:00:00+00:00,85.0,0.0
2009-09-29 00:00:00+00:00,133.0,2.0
2009-09-30 00:00:00+00:00,85.0,0.0
2009-10-01 00:00:00+00:00,82.0,0.0
2009-10-02 00:00:00+00:00,83.0,1.0
2009-10-03 00:00:00+00:00,58.0,0.0
2009-10-04 00:00:00+00:00,53.0,0.0
2009-10-05 00:00:00+00:00,55.0,0.0
2009-10-06 00:00:00+00:00,58.0,2.0
2009-10-07 00:00:00+00:00,60.0,0.0
2009-10-08 00:00:00+00:00,70.0,0.0
2009-10-09 00:00:00+00:00,79.0,0.0
2009-10-10 00:00:00+00:00,77.0,0.0
2009-10-11 00:00:00+00:00,74.0,0.0
2009-10-12 00:00:00+00:00,132.0,1.0
2009-10-13 00:00:00+00:00,57.0,0.0
2009-10-14 00:00:00+00:00,69.0,0.0
2009-10-15 00:00:00+00:00,71.0,0.0
2009-10-16 00:00:00+00:00,141.0,1.0
2009-10-17 00:00:00+00:00,57.0,0.0
2009-10-18 00:00:00+00:00,82.0,1.0
2009-10-19 00:00:00+00:00,112.0,0.0
2009-10-20 00:00:00+00:00,197.0,1.0
2009-10-21 00:00:00+00:00,99.0,1.0
2009-10-22 00:00:00+00:00,130.0,1.0
2009-10-23 00:00:00+00:00,89.0,0.0
2009-10-24 00:00:00+00:00,70.0,1.0
2009-10-25 00:00:00+00:00,76.0,0.0
2009-10-26 00:00:00+00:00,71.0,0.0
2009-10-27 00:00:00+00:00,81.0,1.0
2009-10-28 00:00:00+00:00,66.0,0.0
2009-10-29 00:00:00+00:00,89.0,2.0
2009-10-30 00:00:00+00:00,60.0,0.0
2009-10-31 00:00:00+00:00,46.0,0.0
2009-11-01 00:00:00+00:00,25.0,0.0
2009-11-02 00:00:00+00:00,33.0,0.0
2009-11-03 00:00:00+00:00,62.0,0.0
2009-11-04 00:00:00+00:00,105.0,1.0
2009-11-05 00:00:00+00:00,57.0,0.0
2009-11-06 00:00:00+00:00,62.0,0.0
2009-11-07 00:00:00+00:00,69.0,0.0
2009-11-08 00:00:00+00:00,73.0,0.0
2009-11-09 00:00:00+00:00,64.0,0.0
2009-11-10 00:00:00+00:00,120.0,3.0
2009-11-11 00:00:00+00:00,76.0,6.0
2009-11-12 00:00:00+00:00,68.0,2.0
2009-11-13 00:00:00+00:00,91.0,1.0
2009-11-14 00:00:00+00:00,79.0,0.0
2009-11-15 00:00:00+00:00,96.0,0.0
2009-11-16 00:00:00+00:00,97.0,0.0
2009-11-17 00:00:00+00:00,92.0,0.0
2009-11-18 00:00:00+00:00,79.0,0.0
2009-11-19 00:00:00+00:00,153.0,2.0
2009-11-20 00:00:00+00:00,86.0,0.0
2009-11-21 00:00:00+00:00,73.0,0.0
2009-11-22 00:00:00+00:00,106.0,0.0
2009-11-23 00:00:00+00:00,96.0,0.0
2009-11-24 00:00:00+00:00,93.0,0.0
2009-11-25 00:00:00+00:00,90.0,0.0
2009-11-26 00:00:00+00:00,84.0,0.0
2009-11-27 00:00:00+00:00,74.0,0.0
2009-11-28 00:00:00+00:00,71.0,0.0
2009-11-29 00:00:00+00:00,60.0,0.0
2009-11-30 00:00:00+00:00,75.0,0.0
2009-12-01 00:00:00+00:00,240.0,1.0
2009-12-02 00:00:00+00:00,94.0,0.0
2009-12-03 00:00:00+00:00,88.0,0.0
2009-12-04 00:00:00+00:00,36.0,0.0
2009-12-05 00:00:00+00:00,84.0,1.0
2009-12-06 00:00:00+00:00,107.0,2.0
2009-12-07 00:00:00+00:00,133.0,1.0
2009-12-08 00:00:00+00:00,116.0,1.0
2009-12-09 00:00:00+00:00,119.0,13.0
2009-12-10 00:00:00+00:00,104.0,0.0
2009-12-11 00:00:00+00:00,180.0,2.0
2009-12-12 00:00:00+00:00,110.0,0.0
2009-12-13 00:00:00+00:00,114.0,0.0
2009-12-14 00:00:00+00:00,437.0,5.0
2009-12-15 00:00:00+00:00,137.0,3.0
2009-12-16 00:00:00+00:00,136.0,0.0
2009-12-17 00:00:00+00:00,179.0,3.0
2009-12-18 00:00:00+00:00,225.0,0.0
2009-12-19 00:00:00+00:00,200.0,1.0
2009-12-20 00:00:00+00:00,177.0,1.0
2009-12-21 00:00:00+00:00,175.0,0.0
2009-12-22 00:00:00+00:00,162.0,0.0
2009-12-23 00:00:00+00:00,154.0,0.0
2009-12-24 00:00:00+00:00,154.0,0.0
2009-12-25 00:00:00+00:00,151.0,1.0
2009-12-26 00:00:00+00:00,174.0,0.0
2009-12-27 00:00:00+00:00,173.0,1.0
2009-12-28 00:00:00+00:00,137.0,0.0
2009-12-29 00:00:00+00:00,171.0,0.0
2009-12-30 00:00:00+00:00,141.0,0.0
2009-12-31 00:00:00+00:00,138.0,0.0
2010-01-01 00:00:00+00:00,136.0,2.0
2010-01-02 00:00:00+00:00,126.0,0.0
2010-01-03 00:00:00+00:00,186.0,0.0
2010-01-04 00:00:00+00:00,266.0,2.0
2010-01-05 00:00:00+00:00,198.0,0.0
2010-01-06 00:00:00+00:00,163.0,0.0
2010-01-07 00:00:00+00:00,154.0,0.0
2010-01-08 00:00:00+00:00,153.0,0.0
2010-01-09 00:00:00+00:00,151.0,0.0
2010-01-10 00:00:00+00:00,190.0,0.0
2010-01-11 00:00:00+00:00,159.0,0.0
2010-01-12 00:00:00+00:00,375.0,2.0
2010-01-13 00:00:00+00:00,168.0,2.0
2010-01-14 00:00:00+00:00,155.0,2.0
2010-01-15 00:00:00+00:00,147.0,1.0
2010-01-16 00:00:00+00:00,132.0,1.0
2010-01-17 00:00:00+00:00,131.0,0.0
2010-01-18 00:00:00+00:00,128.0,1.0
2010-01-19 00:00:00+00:00,124.0,0.0
2010-01-20 00:00:00+00:00,158.0,0.0
2010-01-21 00:00:00+00:00,187.0,9.0
2010-01-22 00:00:00+00:00,141.0,3.0
2010-01-23 00:00:00+00:00,164.0,2.0
2010-01-24 00:00:00+00:00,156.0,1.0
2010-01-25 00:00:00+00:00,272.0,4.0
2010-01-26 00:00:00+00:00,215.0,6.0
2010-01-27 00:00:00+00:00,182.0,2.0
2010-01-28 00:00:00+00:00,199.0,2.0
2010-01-29 00:00:00+00:00,214.0,4.0
2010-01-30 00:00:00+00:00,248.0,4.0
2010-01-31 00:00:00+00:00,184.0,2.0
2010-02-01 00:00:00+00:00,203.0,9.0
2010-02-02 00:00:00+00:00,167.0,1.0
2010-02-03 00:00:00+00:00,277.0,2.0
2010-02-04 00:00:00+00:00,269.0,5.0
2010-02-05 00:00:00+00:00,472.0,4.0
2010-02-06 00:00:00+00:00,224.0,14.0
2010-02-07 00:00:00+00:00,230.0,5.0
2010-02-08 00:00:00+00:00,329.0,8.0
2010-02-09 00:00:00+00:00,623.0,3.0
2010-02-10 00:00:00+00:00,777.0,5.0
2010-02-11 00:00:00+00:00,245.0,5.0
2010-02-12 00:00:00+00:00,226.0,5.0
2010-02-13 00:00:00+00:00,318.0,3.0
2010-02-14 00:00:00+00:00,263.0,11.0
2010-02-15 00:00:00+00:00,273.0,9.0
2010-02-16 00:00:00+00:00,217.0,6.0
2010-02-17 00:00:00+00:00,267.0,11.0
2010-02-18 00:00:00+00:00,268.0,7.0
2010-02-19 00:00:00+00:00,198.0,3.0
2010-02-20 00:00:00+00:00,221.0,2.0
2010-02-21 00:00:00+00:00,344.0,4.0
2010-02-22 00:00:00+00:00,531.0,5.0
2010-02-23 00:00:00+00:00,252.0,1.0
2010-02-24 00:00:00+00:00,283.0,6.0
2010-02-25 00:00:00+00:00,300.0,4.0
2010-02-26 00:00:00+00:00,196.0,4.0
2010-02-27 00:00:00+00:00,184.0,3.0
2010-02-28 00:00:00+00:00,264.0,3.0
2010-03-01 00:00:00+00:00,227.0,4.0
2010-03-02 00:00:00+00:00,233.0,5.0
2010-03-03 00:00:00+00:00,260.0,6.0
2010-03-04 00:00:00+00:00,575.0,3.0
2010-03-05 00:00:00+00:00,175.0,2.0
2010-03-06 00:00:00+00:00,274.0,6.0
2010-03-07 00:00:00+00:00,297.0,4.0
2010-03-08 00:00:00+00:00,313.0,5.0
2010-03-09 00:00:00+00:00,229.0,2.0
2010-03-10 00:00:00+00:00,211.0,7.0
2010-03-11 00:00:00+00:00,200.0,3.0
2010-03-12 00:00:00+00:00,130.0,2.0
2010-03-13 00:00:00+00:00,190.0,1.0
2010-03-14 00:00:00+00:00,134.0,2.0
2010-03-15 00:00:00+00:00,145.0,5.0
2010-03-16 00:00:00+00:00,154.0,3.0
2010-03-17 00:00:00+00:00,164.0,3.0
2010-03-18 00:00:00+00:00,285.0,10.0
2010-03-19 00:00:00+00:00,229.0,8.0
2010-03-20 00:00:00+00:00,273.0,12.0
2010-03-21 00:00:00+00:00,193.0,8.0
2010-03-22 00:00:00+00:00,223.0,6.0
2010-03-23 00:00:00+00:00,289.0,13.0
2010-03-24 00:00:00+00:00,208.0,11.0
2010-03-25 00:00:00+00:00,541.0,15.0
2010-03-26 00:00:00+00:00,280.0,16.0
2010-03-27 00:00:00+00:00,217.0,7.0
2010-03-28 00:00:00+00:00,196.0,5.0
2010-03-29 00:00:00+00:00,268.0,12.0
2010-03-30 00:00:00+00:00,227.0,6.0
2010-03-31 00:00:00+00:00,239.0,7.0
2010-04-01 00:00:00+00:00,197.0,9.0
2010-04-02 00:00:00+00:00,179.0,5.0
2010-04-03 00:00:00+00:00,192.0,5.0
2010-04-04 00:00:00+00:00,241.0,12.0
2010-04-05 00:00:00+00:00,307.0,28.0
2010-04-06 00:00:00+00:00,267.0,15.0
2010-04-07 00:00:00+00:00,303.0,11.0
2010-04-08 00:00:00+00:00,227.0,15.0
2010-04-09 00:00:00+00:00,308.0,32.0
2010-04-10 00:00:00+00:00,559.0,41.0
2010-04-11 00:00:00+00:00,398.0,39.0
2010-04-12 00:00:00+00:00,357.0,45.0
2010-04-13 00:00:00+00:00,246.0,21.0
2010-04-14 00:00:00+00:00,338.0,75.0
2010-04-15 00:00:00+00:00,891.0,41.0
2010-04-16 00:00:00+00:00,433.0,31.0
2010-04-17 00:00:00+00:00,306.0,30.0
2010-04-18 00:00:00+00:00,3479.0,3109.0
2010-04-19 00:00:00+00:00,537.0,41.0
2010-04-20 00:00:00+00:00,426.0,38.0
2010-04-21 00:00:00+00:00,375.0,34.0
2010-04-22 00:00:00+00:00,232.0,39.0
2010-04-23 00:00:00+00:00,241.0,50.0
2010-04-24 00:00:00+00:00,285.0,34.0
2010-04-25 00:00:00+00:00,343.0,45.0
2010-04-26 00:00:00+00:00,281.0,49.0
2010-04-27 00:00:00+00:00,271.0,52.0
2010-04-28 00:00:00+00:00,329.0,48.0
2010-04-29 00:00:00+00:00,212.0,32.0
2010-04-30 00:00:00+00:00,206.0,25.0
2010-05-01 00:00:00+00:00,269.0,28.0
2010-05-02 00:00:00+00:00,231.0,27.0
2010-05-03 00:00:00+00:00,302.0,27.0
2010-05-04 00:00:00+00:00,275.0,40.0
2010-05-05 00:00:00+00:00,296.0,26.0
2010-05-06 00:00:00+00:00,446.0,30.0
2010-05-07 00:00:00+00:00,250.0,26.0
2010-05-08 00:00:00+00:00,420.0,25.0
2010-05-09 00:00:00+00:00,267.0,42.0
2010-05-10 00:00:00+00:00,286.0,27.0
2010-05-11 00:00:00+00:00,160.0,19.0
2010-05-12 00:00:00+00:00,263.0,33.0
2010-05-13 00:00:00+00:00,255.0,38.0
2010-05-14 00:00:00+00:00,249.0,31.0
2010-05-15 00:00:00+00:00,159.0,21.0
2010-05-16 00:00:00+00:00,169.0,20.0
2010-05-17 00:00:00+00:00,291.0,35.0
2010-05-18 00:00:00+00:00,309.0,56.0
2010-05-19 00:00:00+00:00,309.0,42.0
2010-05-20 00:00:00+00:00,291.0,35.0
2010-05-21 00:00:00+00:00,318.0,58.0
2010-05-22 00:00:00+00:00,349.0,32.0
2010-05-23 00:00:00+00:00,446.0,98.0
2010-05-24 00:00:00+00:00,329.0,61.0
2010-05-25 00:00:00+00:00,348.0,45.0
2010-05-26 00:00:00+00:00,403.0,64.0
2010-05-27 00:00:00+00:00,385.0,75.0
2010-05-28 00:00:00+00:00,359.0,53.0
2010-05-29 00:00:00+00:00,372.0,60.0
2010-05-30 00:00:00+00:00,270.0,52.0
2010-05-31 00:00:00+00:00,297.0,47.0
2010-06-01 00:00:00+00:00,250.0,48.0
2010-06-02 00:00:00+00:00,259.0,47.0
2010-06-03 00:00:00+00:00,409.0,86.0
2010-06-04 00:00:00+00:00,226.0,44.0
2010-06-05 00:00:00+00:00,270.0,50.0
2010-06-06 00:00:00+00:00,263.0,50.0
2010-06-07 00:00:00+00:00,478.0,51.0
2010-06-08 00:00:00+00:00,350.0,62.0
2010-06-09 00:00:00+00:00,342.0,51.0
2010-06-10 00:00:00+00:00,291.0,59.0
2010-06-11 00:00:00+00:00,356.0,80.0
2010-06-12 00:00:00+00:00,290.0,78.0
2010-06-13 00:00:00+00:00,351.0,72.0
2010-06-14 00:00:00+00:00,415.0,88.0
2010-06-15 00:00:00+00:00,371.0,89.0
2010-06-16 00:00:00+00:00,291.0,48.0
2010-06-17 00:00:00+00:00,279.0,57.0
2010-06-18 00:00:00+00:00,274.0,42.0
2010-06-19 00:00:00+00:00,385.0,67.0
2010-06-20 00:00:00+00:00,305.0,40.0
2010-06-21 00:00:00+00:00,352.0,91.0
2010-06-22 00:00:00+00:00,366.0,73.0
2010-06-23 00:00:00+00:00,347.0,67.0
2010-06-24 00:00:00+00:00,366.0,73.0
2010-06-25 00:00:00+00:00,244.0,57.0
2010-06-26 00:00:00+00:00,252.0,44.0
2010-06-27 00:00:00+00:00,312.0,58.0
2010-06-28 00:00:00+00:00,288.0,75.0
2010-06-29 00:00:00+00:00,413.0,98.0
2010-06-30 00:00:00+00:00,438.0,87.0
2010-07-01 00:00:00+00:00,403.0,76.0
2010-07-02 00:00:00+00:00,398.0,80.0
2010-07-03 00:00:00+00:00,326.0,66.0
2010-07-04 00:00:00+00:00,431.0,58.0
2010-07-05 00:00:00+00:00,380.0,71.0
2010-07-06 00:00:00+00:00,273.0,40.0
2010-07-07 00:00:00+00:00,383.0,66.0
2010-07-08 00:00:00+00:00,309.0,68.0
2010-07-09 00:00:00+00:00,349.0,68.0
2010-07-10 00:00:00+00:00,405.0,42.0
2010-07-11 00:00:00+00:00,717.0,238.0
2010-07-12 00:00:00+00:00,3430.0,1581.0
2010-07-13 00:00:00+00:00,2012.0,796.0
2010-07-14 00:00:00+00:00,6752.0,5548.0
2010-07-15 00:00:00+00:00,2009.0,711.0
2010-07-16 00:00:00+00:00,1721.0,675.0
2010-07-17 00:00:00+00:00,895.0,248.0
2010-07-18 00:00:00+00:00,860.0,248.0
2010-07-19 00:00:00+00:00,929.0,334.0
2010-07-20 00:00:00+00:00,936.0,423.0
2010-07-21 00:00:00+00:00,784.0,247.0
2010-07-22 00:00:00+00:00,594.0,221.0
2010-07-23 00:00:00+00:00,655.0,220.0
2010-07-24 00:00:00+00:00,959.0,700.0
2010-07-25 00:00:00+00:00,2130.0,1591.0
2010-07-26 00:00:00+00:00,1250.0,227.0
2010-07-27 00:00:00+00:00,775.0,259.0
2010-07-28 00:00:00+00:00,664.0,2860.0
2010-07-29 00:00:00+00:00,534.0,619.0
2010-07-30 00:00:00+00:00,582.0,141.0
2010-07-31 00:00:00+00:00,479.0,94.0
2010-08-01 00:00:00+00:00,622.0,124.0
2010-08-02 00:00:00+00:00,632.0,155.0
2010-08-03 00:00:00+00:00,988.0,424.0
2010-08-04 00:00:00+00:00,715.0,193.0
2010-08-05 00:00:00+00:00,825.0,301.0
2010-08-06 00:00:00+00:00,640.0,213.0
2010-08-07 00:00:00+00:00,500.0,113.0
2010-08-08 00:00:00+00:00,581.0,191.0
2010-08-09 00:00:00+00:00,782.0,235.0
2010-08-10 00:00:00+00:00,590.0,151.0
2010-08-11 00:00:00+00:00,724.0,184.0
2010-08-12 00:00:00+00:00,611.0,220.0
2010-08-13 00:00:00+00:00,787.0,247.0
2010-08-14 00:00:00+00:00,564.0,156.0
2010-08-15 00:00:00+00:00,472.0,130.0
2010-08-16 00:00:00+00:00,760.0,298.0
2010-08-17 00:00:00+00:00,486.0,188.0
2010-08-18 00:00:00+00:00,709.0,231.0
2010-08-19 00:00:00+00:00,471.0,190.0
2010-08-20 00:00:00+00:00,656.0,230.0
2010-08-21 00:00:00+00:00,526.0,168.0
2010-08-22 00:00:00+00:00,586.0,153.0
2010-08-23 00:00:00+00:00,655.0,157.0
2010-08-24 00:00:00+00:00,638.0,166.0
2010-08-25 00:00:00+00:00,498.0,149.0
2010-08-26 00:00:00+00:00,650.0,158.0
2010-08-27 00:00:00+00:00,490.0,121.0
2010-08-28 00:00:00+00:00,531.0,170.0
2010-08-29 00:00:00+00:00,418.0,111.0
2010-08-30 00:00:00+00:00,517.0,175.0
2010-08-31 00:00:00+00:00,733.0,254.0
2010-09-01 00:00:00+00:00,622.0,235.0
2010-09-02 00:00:00+00:00,513.0,146.0
2010-09-03 00:00:00+00:00,503.0,155.0
2010-09-04 00:00:00+00:00,468.0,96.0
2010-09-05 00:00:00+00:00,534.0,143.0
2010-09-06 00:00:00+00:00,518.0,125.0
2010-09-07 00:00:00+00:00,408.0,120.0
2010-09-08 00:00:00+00:00,535.0,174.0
2010-09-09 00:00:00+00:00,530.0,204.0
2010-09-10 00:00:00+00:00,529.0,171.0
2010-09-11 00:00:00+00:00,426.0,141.0
2010-09-12 00:00:00+00:00,708.0,199.0
2010-09-13 00:00:00+00:00,722.0,267.0
2010-09-14 00:00:00+00:00,680.0,227.0
2010-09-15 00:00:00+00:00,666.0,261.0
2010-09-16 00:00:00+00:00,666.0,211.0
2010-09-17 00:00:00+00:00,1008.0,155.0
2010-09-18 00:00:00+00:00,573.0,165.0
2010-09-19 00:00:00+00:00,667.0,149.0
2010-09-20 00:00:00+00:00,711.0,275.0
2010-09-21 00:00:00+00:00,1227.0,631.0
2010-09-22 00:00:00+00:00,1056.0,520.0
2010-09-23 00:00:00+00:00,1027.0,399.0
2010-09-24 00:00:00+00:00,808.0,268.0
2010-09-25 00:00:00+00:00,837.0,332.0
2010-09-26 00:00:00+00:00,634.0,206.0
2010-09-27 00:00:00+00:00,1251.0,350.0
2010-09-28 00:00:00+00:00,1705.0,284.0
2010-09-29 00:00:00+00:00,1203.0,812.0
2010-09-30 00:00:00+00:00,640.0,215.0
2010-10-01 00:00:00+00:00,852.0,445.0
2010-10-02 00:00:00+00:00,798.0,404.0
2010-10-03 00:00:00+00:00,648.0,235.0
2010-10-04 00:00:00+00:00,852.0,258.0
2010-10-05 00:00:00+00:00,688.0,244.0
2010-10-06 00:00:00+00:00,682.0,231.0
2010-10-07 00:00:00+00:00,654.0,184.0
2010-10-08 00:00:00+00:00,813.0,207.0
2010-10-09 00:00:00+00:00,753.0,245.0
2010-10-10 00:00:00+00:00,631.0,186.0
2010-10-11 00:00:00+00:00,632.0,184.0
2010-10-12 00:00:00+00:00,643.0,195.0
2010-10-13 00:00:00+00:00,929.0,187.0
2010-10-14 00:00:00+00:00,626.0,159.0
2010-10-15 00:00:00+00:00,582.0,152.0
2010-10-16 00:00:00+00:00,933.0,185.0
2010-10-17 00:00:00+00:00,751.0,186.0
2010-10-18 00:00:00+00:00,947.0,328.0
2010-10-19 00:00:00+00:00,1411.0,671.0
2010-10-20 00:00:00+00:00,1218.0,475.0
2010-10-21 00:00:00+00:00,983.0,350.0
2010-10-22 00:00:00+00:00,958.0,439.0
2010-10-23 00:00:00+00:00,838.0,341.0
2010-10-24 00:00:00+00:00,848.0,344.0
2010-10-25 00:00:00+00:00,763.0,209.0
2010-10-26 00:00:00+00:00,900.0,280.0
2010-10-27 00:00:00+00:00,1075.0,353.0
2010-10-28 00:00:00+00:00,1012.0,276.0
2010-10-29 00:00:00+00:00,829.0,234.0
2010-10-30 00:00:00+00:00,657.0,174.0
2010-10-31 00:00:00+00:00,609.0,129.0
2010-11-01 00:00:00+00:00,565.0,180.0
2010-11-02 00:00:00+00:00,446.0,101.0
2010-11-03 00:00:00+00:00,578.0,157.0
2010-11-04 00:00:00+00:00,632.0,157.0
2010-11-05 00:00:00+00:00,828.0,221.0
2010-11-06 00:00:00+00:00,588.0,165.0
2010-11-07 00:00:00+00:00,688.0,210.0
2010-11-08 00:00:00+00:00,1570.0,241.0
2010-11-09 00:00:00+00:00,651.0,193.0
2010-11-10 00:00:00+00:00,655.0,196.0
2010-11-11 00:00:00+00:00,594.0,172.0
2010-11-12 00:00:00+00:00,457.0,117.0
2010-11-13 00:00:00+00:00,587.0,118.0
2010-11-14 00:00:00+00:00,945.0,164.0
2010-11-15 00:00:00+00:00,4487.0,5457.0
2010-11-16 00:00:00+00:00,3228.0,8121.0
2010-11-17 00:00:00+00:00,674.0,186.0
2010-11-18 00:00:00+00:00,651.0,1846.0
2010-11-19 00:00:00+00:00,635.0,9313.0
2010-11-20 00:00:00+00:00,783.0,9227.0
2010-11-21 00:00:00+00:00,768.0,9857.0
2010-11-22 00:00:00+00:00,651.0,199.0
2010-11-23 00:00:00+00:00,627.0,184.0
2010-11-24 00:00:00+00:00,960.0,3844.0
2010-11-25 00:00:00+00:00,927.0,4745.0
2010-11-26 00:00:00+00:00,1177.0,1089.0
2010-11-27 00:00:00+00:00,828.0,265.0
2010-11-28 00:00:00+00:00,707.0,281.0
2010-11-29 00:00:00+00:00,905.0,247.0
2010-11-30 00:00:00+00:00,817.0,261.0
2010-12-01 00:00:00+00:00,1127.0,324.0
2010-12-02 00:00:00+00:00,770.0,259.0
2010-12-03 00:00:00+00:00,887.0,198.0
2010-12-04 00:00:00+00:00,731.0,190.0
2010-12-05 00:00:00+00:00,685.0,192.0
2010-12-06 00:00:00+00:00,742.0,228.0
2010-12-07 00:00:00+00:00,1138.0,330.0
2010-12-08 00:00:00+00:00,903.0,282.0
2010-12-09 00:00:00+00:00,857.0,273.0
2010-12-10 00:00:00+00:00,644.0,229.0
2010-12-11 00:00:00+00:00,1052.0,367.0
2010-12-12 00:00:00+00:00,1220.0,482.0
2010-12-13 00:00:00+00:00,1685.0,510.0
2010-12-14 00:00:00+00:00,1103.0,470.0
2010-12-15 00:00:00+00:00,1081.0,443.0
2010-12-16 00:00:00+00:00,954.0,358.0
2010-12-17 00:00:00+00:00,795.0,294.0
2010-12-18 00:00:00+00:00,879.0,348.0
2010-12-19 00:00:00+00:00,1089.0,371.0
2010-12-20 00:00:00+00:00,1460.0,769.0
2010-12-21 00:00:00+00:00,1083.0,433.0
2010-12-22 00:00:00+00:00,1237.0,516.0
2010-12-23 00:00:00+00:00,1002.0,362.0
2010-12-24 00:00:00+00:00,845.0,379.0
2010-12-25 00:00:00+00:00,1076.0,465.0
2010-12-26 00:00:00+00:00,1032.0,439.0
2010-12-27 00:00:00+00:00,1151.0,378.0
2010-12-28 00:00:00+00:00,1015.0,473.0
2010-12-29 00:00:00+00:00,1042.0,383.0
2010-12-30 00:00:00+00:00,1049.0,396.0
2010-12-31 00:00:00+00:00,876.0,382.0
2011-01-01 00:00:00+00:00,1071.0,473.0
2011-01-02 00:00:00+00:00,1097.0,418.0
2011-01-03 00:00:00+00:00,1405.0,997.0
2011-01-04 00:00:00+00:00,1111.0,842.0
2011-01-05 00:00:00+00:00,1497.0,1161.0
2011-01-06 00:00:00+00:00,1166.0,519.0
2011-01-07 00:00:00+00:00,1269.0,887.0
2011-01-08 00:00:00+00:00,1439.0,1219.0
2011-01-09 00:00:00+00:00,1390.0,1065.0
2011-01-10 00:00:00+00:00,1458.0,1167.0
2011-01-11 00:00:00+00:00,1564.0,1188.0
2011-01-12 00:00:00+00:00,1248.0,988.0
2011-01-13 00:00:00+00:00,1700.0,1102.0
2011-01-14 00:00:00+00:00,1622.0,1080.0
2011-01-15 00:00:00+00:00,1425.0,799.0
2011-01-16 00:00:00+00:00,1501.0,731.0
2011-01-17 00:00:00+00:00,1356.0,655.0
2011-01-18 00:00:00+00:00,1462.0,708.0
2011-01-19 00:00:00+00:00,1523.0,730.0
2011-01-20 00:00:00+00:00,1474.0,749.0
2011-01-21 00:00:00+00:00,1931.0,976.0
2011-01-22 00:00:00+00:00,2184.0,1256.0
2011-01-23 00:00:00+00:00,1918.0,914.0
2011-01-24 00:00:00+00:00,2090.0,1156.0
2011-01-25 00:00:00+00:00,1410.0,714.0
2011-01-26 00:00:00+00:00,1771.0,827.0
2011-01-27 00:00:00+00:00,1472.0,683.0
2011-01-28 00:00:00+00:00,1790.0,961.0
2011-01-29 00:00:00+00:00,2012.0,1156.0
2011-01-30 00:00:00+00:00,3365.0,2612.0
2011-01-31 00:00:00+00:00,2089.0,1055.0
2011-02-01 00:00:00+00:00,1901.0,854.0
2011-02-02 00:00:00+00:00,1491.0,727.0
2011-02-03 00:00:00+00:00,1273.0,641.0
2011-02-04 00:00:00+00:00,1505.0,714.0
2011-02-05 00:00:00+00:00,1514.0,697.0
2011-02-06 00:00:00+00:00,1345.0,684.0
2011-02-07 00:00:00+00:00,1389.0,685.0
2011-02-08 00:00:00+00:00,1472.0,711.0
2011-02-09 00:00:00+00:00,2127.0,1054.0
2011-02-10 00:00:00+00:00,3556.0,1852.0
2011-02-11 00:00:00+00:00,4302.0,2163.0
2011-02-12 00:00:00+00:00,3312.0,1735.0
2011-02-13 00:00:00+00:00,3244.0,1605.0
2011-02-14 00:00:00+00:00,4141.0,1824.0
2011-02-15 00:00:00+00:00,3347.0,1956.0
2011-02-16 00:00:00+00:00,2995.0,1872.0
2011-02-17 00:00:00+00:00,3527.0,2042.0
2011-02-18 00:00:00+00:00,3589.0,1815.0
2011-02-19 00:00:00+00:00,2904.0,1436.0
2011-02-20 00:00:00+00:00,3176.0,1753.0
2011-02-21 00:00:00+00:00,3317.0,1804.0
2011-02-22 00:00:00+00:00,3759.0,1944.0
2011-02-23 00:00:00+00:00,3811.0,2042.0
2011-02-24 00:00:00+00:00,3644.0,1886.0
2011-02-25 00:00:00+00:00,3465.0,1847.0
2011-02-26 00:00:00+00:00,3482.0,1639.0
2011-02-27 00:00:00+00:00,3685.0,2058.0
2011-02-28 00:00:00+00:00,3029.0,1549.0
2011-03-01 00:00:00+00:00,5342.0,2697.0
2011-03-02 00:00:00+00:00,3528.0,1758.0
2011-03-03 00:00:00+00:00,4893.0,3011.0
2011-03-04 00:00:00+00:00,3311.0,1767.0
2011-03-05 00:00:00+00:00,3547.0,1738.0
2011-03-06 00:00:00+00:00,3340.0,1775.0
2011-03-07 00:00:00+00:00,3410.0,1719.0
2011-03-08 00:00:00+00:00,3893.0,2270.0
2011-03-09 00:00:00+00:00,3353.0,1653.0
2011-03-10 00:00:00+00:00,2916.0,1596.0
2011-03-11 00:00:00+00:00,3072.0,1718.0
2011-03-12 00:00:00+00:00,3286.0,2872.0
2011-03-13 00:00:00+00:00,2864.0,2549.0
2011-03-14 00:00:00+00:00,2899.0,2543.0
2011-03-15 00:00:00+00:00,3265.0,2725.0
2011-03-16 00:00:00+00:00,3221.0,3202.0
2011-03-17 00:00:00+00:00,3133.0,3073.0
2011-03-18 00:00:00+00:00,3336.0,2631.0
2011-03-19 00:00:00+00:00,2955.0,2901.0
2011-03-20 00:00:00+00:00,4447.0,3728.0
2011-03-21 00:00:00+00:00,4824.0,5783.0
2011-03-22 00:00:00+00:00,3967.0,2220.0
2011-03-23 00:00:00+00:00,6561.0,4225.0
2011-03-24 00:00:00+00:00,4450.0,2036.0
2011-03-25 00:00:00+00:00,4172.0,1829.0
2011-03-26 00:00:00+00:00,4838.0,3192.0
2011-03-27 00:00:00+00:00,4933.0,2343.0
2011-03-28 00:00:00+00:00,5444.0,2977.0
2011-03-29 00:00:00+00:00,4473.0,2373.0
2011-03-30 00:00:00+00:00,3574.0,1537.0
2011-03-31 00:00:00+00:00,4121.0,1885.0
2011-04-01 00:00:00+00:00,3259.0,1387.0
2011-04-02 00:00:00+00:00,3350.0,1622.0
2011-04-03 00:00:00+00:00,3571.0,1617.0
2011-04-04 00:00:00+00:00,4753.0,2190.0
2011-04-05 00:00:00+00:00,4246.0,1881.0
2011-04-06 00:00:00+00:00,3806.0,1701.0
2011-04-07 00:00:00+00:00,3454.0,1537.0
2011-04-08 00:00:00+00:00,3674.0,1617.0
2011-04-09 00:00:00+00:00,3584.0,1556.0
2011-04-10 00:00:00+00:00,3547.0,1572.0
2011-04-11 00:00:00+00:00,4109.0,1802.0
2011-04-12 00:00:00+00:00,4258.0,1889.0
2011-04-13 00:00:00+00:00,4764.0,2220.0
2011-04-14 00:00:00+00:00,6169.0,2913.0
2011-04-15 00:00:00+00:00,4150.0,1874.0
2011-04-16 00:00:00+00:00,5128.0,1743.0
2011-04-17 00:00:00+00:00,4418.0,2109.0
2011-04-18 00:00:00+00:00,5632.0,2947.0
2011-04-19 00:00:00+00:00,6311.0,3399.0
2011-04-20 00:00:00+00:00,5358.0,2809.0
2011-04-21 00:00:00+00:00,4042.0,1759.0
2011-04-22 00:00:00+00:00,4237.0,1907.0
2011-04-23 00:00:00+00:00,4979.0,2145.0
2011-04-24 00:00:00+00:00,4821.0,2291.0
2011-04-25 00:00:00+00:00,5053.0,2342.0
2011-04-26 00:00:00+00:00,6053.0,3203.0
2011-04-27 00:00:00+00:00,7488.0,4394.0
2011-04-28 00:00:00+00:00,6130.0,2819.0
2011-04-29 00:00:00+00:00,6915.0,3432.0
2011-04-30 00:00:00+00:00,8113.0,4208.0
2011-05-01 00:00:00+00:00,7423.0,3735.0
2011-05-02 00:00:00+00:00,5974.0,2894.0
2011-05-03 00:00:00+00:00,6123.0,2776.0
2011-05-04 00:00:00+00:00,6335.0,2574.0
2011-05-05 00:00:00+00:00,7151.0,3273.0
2011-05-06 00:00:00+00:00,6956.0,3112.0
2011-05-07 00:00:00+00:00,7114.0,3598.0
2011-05-08 00:00:00+00:00,6630.0,2772.0
2011-05-09 00:00:00+00:00,7510.0,3240.0
2011-05-10 00:00:00+00:00,7096.0,2920.0
2011-05-11 00:00:00+00:00,7122.0,2920.0
2011-05-12 00:00:00+00:00,7283.0,3196.0
2011-05-13 00:00:00+00:00,9457.0,3861.0
2011-05-14 00:00:00+00:00,9075.0,4203.0
2011-05-15 00:00:00+00:00,8414.0,3600.0
2011-05-16 00:00:00+00:00,11803.0,4040.0
2011-05-17 00:00:00+00:00,10384.0,4182.0
2011-05-18 00:00:00+00:00,13150.0,5368.0
2011-05-19 00:00:00+00:00,11783.0,4422.0
2011-05-20 00:00:00+00:00,11699.0,4619.0
2011-05-21 00:00:00+00:00,10592.0,4689.0
2011-05-22 00:00:00+00:00,10846.0,5058.0
2011-05-23 00:00:00+00:00,12217.0,5480.0
2011-05-24 00:00:00+00:00,13132.0,5532.0
2011-05-25 00:00:00+00:00,14760.0,6094.0
2011-05-26 00:00:00+00:00,14268.0,6543.0
2011-05-27 00:00:00+00:00,10903.0,4699.0
2011-05-28 00:00:00+00:00,11552.0,4831.0
2011-05-29 00:00:00+00:00,11521.0,4675.0
2011-05-30 00:00:00+00:00,12585.0,5149.0
2011-05-31 00:00:00+00:00,13982.0,5927.0
2011-06-01 00:00:00+00:00,14043.0,6353.0
2011-06-02 00:00:00+00:00,15459.0,6915.0
2011-06-03 00:00:00+00:00,17741.0,8168.0
2011-06-04 00:00:00+00:00,19728.0,8717.0
2011-06-05 00:00:00+00:00,17662.0,8292.0
2011-06-06 00:00:00+00:00,21083.0,9533.0
2011-06-07 00:00:00+00:00,19206.0,8989.0
2011-06-08 00:00:00+00:00,27266.0,11468.0
2011-06-09 00:00:00+00:00,26219.0,12118.0
2011-06-10 00:00:00+00:00,24275.0,11116.0
2011-06-11 00:00:00+00:00,23839.0,10625.0
2011-06-12 00:00:00+00:00,27257.0,12330.0
2011-06-13 00:00:00+00:00,25165.0,10722.0
2011-06-14 00:00:00+00:00,29777.0,13971.0
2011-06-15 00:00:00+00:00,27660.0,12362.0
2011-06-16 00:00:00+00:00,28666.0,12478.0
2011-06-17 00:00:00+00:00,26437.0,11270.0
2011-06-18 00:00:00+00:00,25899.0,11213.0
2011-06-19 00:00:00+00:00,27866.0,11419.0
2011-06-20 00:00:00+00:00,25564.0,10713.0
2011-06-21 00:00:00+00:00,25256.0,9627.0
2011-06-22 00:00:00+00:00,26804.0,11221.0
2011-06-23 00:00:00+00:00,24185.0,10114.0
2011-06-24 00:00:00+00:00,25503.0,10834.0
2011-06-25 00:00:00+00:00,22622.0,9580.0
2011-06-26 00:00:00+00:00,24127.0,10154.0
2011-06-27 00:00:00+00:00,30134.0,11360.0
2011-06-28 00:00:00+00:00,25862.0,10515.0
2011-06-29 00:00:00+00:00,24405.0,9765.0
2011-06-30 00:00:00+00:00,23228.0,9348.0
2011-07-01 00:00:00+00:00,30344.0,10569.0
2011-07-02 00:00:00+00:00,32077.0,7720.0
2011-07-03 00:00:00+00:00,22031.0,8215.0
2011-07-04 00:00:00+00:00,23834.0,9601.0
2011-07-05 00:00:00+00:00,23645.0,8938.0
2011-07-06 00:00:00+00:00,26601.0,10249.0
2011-07-07 00:00:00+00:00,22643.0,8901.0
2011-07-08 00:00:00+00:00,24961.0,8372.0
2011-07-09 00:00:00+00:00,22376.0,7587.0
2011-07-10 00:00:00+00:00,29298.0,8541.0
2011-07-11 00:00:00+00:00,25407.0,10166.0
2011-07-12 00:00:00+00:00,23335.0,8155.0
2011-07-13 00:00:00+00:00,27138.0,8874.0
2011-07-14 00:00:00+00:00,28840.0,8647.0
2011-07-15 00:00:00+00:00,24887.0,8082.0
2011-07-16 00:00:00+00:00,23706.0,8548.0
2011-07-17 00:00:00+00:00,24647.0,8179.0
2011-07-18 00:00:00+00:00,27778.0,8712.0
2011-07-19 00:00:00+00:00,25356.0,9031.0
2011-07-20 00:00:00+00:00,25461.0,8682.0
2011-07-21 00:00:00+00:00,25378.0,7961.0
2011-07-22 00:00:00+00:00,24428.0,8920.0
2011-07-23 00:00:00+00:00,21547.0,7194.0
2011-07-24 00:00:00+00:00,23903.0,8338.0
2011-07-25 00:00:00+00:00,26768.0,9155.0
2011-07-26 00:00:00+00:00,23317.0,8044.0
2011-07-27 00:00:00+00:00,23742.0,7851.0
2011-07-28 00:00:00+00:00,25905.0,8022.0
2011-07-29 00:00:00+00:00,22490.0,7111.0
2011-07-30 00:00:00+00:00,19350.0,5948.0
2011-07-31 00:00:00+00:00,24519.0,8112.0
2011-08-01 00:00:00+00:00,24432.0,8296.0
2011-08-02 00:00:00+00:00,20824.0,8336.0
2011-08-03 00:00:00+00:00,18614.0,7656.0
2011-08-04 00:00:00+00:00,19254.0,8195.0
2011-08-05 00:00:00+00:00,21833.0,7557.0
2011-08-06 00:00:00+00:00,19507.0,6266.0
2011-08-07 00:00:00+00:00,20134.0,6618.0
2011-08-08 00:00:00+00:00,24672.0,7254.0
2011-08-09 00:00:00+00:00,23592.0,9020.0
2011-08-10 00:00:00+00:00,19400.0,8050.0
2011-08-11 00:00:00+00:00,18286.0,7476.0
2011-08-12 00:00:00+00:00,17412.0,7116.0
2011-08-13 00:00:00+00:00,19665.0,7464.0
2011-08-14 00:00:00+00:00,21211.0,7262.0
2011-08-15 00:00:00+00:00,18940.0,8028.0
2011-08-16 00:00:00+00:00,20993.0,9539.0
2011-08-17 00:00:00+00:00,20652.0,7579.0
2011-08-18 00:00:00+00:00,20917.0,7497.0
2011-08-19 00:00:00+00:00,21995.0,7369.0
2011-08-20 00:00:00+00:00,21238.0,6944.0
2011-08-21 00:00:00+00:00,22424.0,7412.0
2011-08-22 00:00:00+00:00,25255.0,7743.0
2011-08-23 00:00:00+00:00,22523.0,7054.0
2011-08-24 00:00:00+00:00,22638.0,7367.0
2011-08-25 00:00:00+00:00,23091.0,7035.0
2011-08-26 00:00:00+00:00,21283.0,7313.0
2011-08-27 00:00:00+00:00,21244.0,6289.0
2011-08-28 00:00:00+00:00,18378.0,5376.0
2011-08-29 00:00:00+00:00,18823.0,8146.0
2011-08-30 00:00:00+00:00,17324.0,7537.0
2011-08-31 00:00:00+00:00,17149.0,7143.0
2011-09-01 00:00:00+00:00,16589.0,6926.0
2011-09-02 00:00:00+00:00,16363.0,7037.0
2011-09-03 00:00:00+00:00,14319.0,5738.0
2011-09-04 00:00:00+00:00,17822.0,7113.0
2011-09-05 00:00:00+00:00,18193.0,6841.0
2011-09-06 00:00:00+00:00,18872.0,7852.0
2011-09-07 00:00:00+00:00,16855.0,6814.0
2011-09-08 00:00:00+00:00,15832.0,6407.0
2011-09-09 00:00:00+00:00,18354.0,7096.0
2011-09-10 00:00:00+00:00,16167.0,5933.0
2011-09-11 00:00:00+00:00,15739.0,6463.0
2011-09-12 00:00:00+00:00,15899.0,6154.0
2011-09-13 00:00:00+00:00,14959.0,6434.0
2011-09-14 00:00:00+00:00,15192.0,6165.0
2011-09-15 00:00:00+00:00,15482.0,6240.0
2011-09-16 00:00:00+00:00,14476.0,6142.0
2011-09-17 00:00:00+00:00,12903.0,5264.0
2011-09-18 00:00:00+00:00,14196.0,5862.0
2011-09-19 00:00:00+00:00,16499.0,6676.0
2011-09-20 00:00:00+00:00,21500.0,7890.0
2011-09-21 00:00:00+00:00,18297.0,7670.0
2011-09-22 00:00:00+00:00,17486.0,5935.0
2011-09-23 00:00:00+00:00,19216.0,6139.0
2011-09-24 00:00:00+00:00,19656.0,5621.0
2011-09-25 00:00:00+00:00,19723.0,5654.0
2011-09-26 00:00:00+00:00,17623.0,5459.0
2011-09-27 00:00:00+00:00,18461.0,5979.0
2011-09-28 00:00:00+00:00,13766.0,5885.0
2011-09-29 00:00:00+00:00,12324.0,5263.0
2011-09-30 00:00:00+00:00,13620.0,5835.0
2011-10-01 00:00:00+00:00,13286.0,5316.0
2011-10-02 00:00:00+00:00,11856.0,4957.0
2011-10-03 00:00:00+00:00,14031.0,6407.0
2011-10-04 00:00:00+00:00,13371.0,5442.0
2011-10-05 00:00:00+00:00,13475.0,5644.0
2011-10-06 00:00:00+00:00,14660.0,5792.0
2011-10-07 00:00:00+00:00,13622.0,5604.0
2011-10-08 00:00:00+00:00,12331.0,5240.0
2011-10-09 00:00:00+00:00,12398.0,5430.0
2011-10-10 00:00:00+00:00,13498.0,5729.0
2011-10-11 00:00:00+00:00,13852.0,5979.0
2011-10-12 00:00:00+00:00,13370.0,5692.0
2011-10-13 00:00:00+00:00,11340.0,4818.0
2011-10-14 00:00:00+00:00,14662.0,5973.0
2011-10-15 00:00:00+00:00,13000.0,5443.0
2011-10-16 00:00:00+00:00,11949.0,4839.0
2011-10-17 00:00:00+00:00,14480.0,5701.0
2011-10-18 00:00:00+00:00,12586.0,4919.0
2011-10-19 00:00:00+00:00,12283.0,4832.0
2011-10-20 00:00:00+00:00,11014.0,4532.0
2011-10-21 00:00:00+00:00,11937.0,5090.0
2011-10-22 00:00:00+00:00,12833.0,5333.0
2011-10-23 00:00:00+00:00,13144.0,5480.0
2011-10-24 00:00:00+00:00,13637.0,5530.0
2011-10-25 00:00:00+00:00,12817.0,5078.0
2011-10-26 00:00:00+00:00,12848.0,5276.0
2011-10-27 00:00:00+00:00,11685.0,4644.0
2011-10-28 00:00:00+00:00,11948.0,4754.0
2011-10-29 00:00:00+00:00,13153.0,5685.0
2011-10-30 00:00:00+00:00,10844.0,4627.0
2011-10-31 00:00:00+00:00,12167.0,5106.0
2011-11-01 00:00:00+00:00,12935.0,5704.0
2011-11-02 00:00:00+00:00,13426.0,5890.0
2011-11-03 00:00:00+00:00,13257.0,6266.0
2011-11-04 00:00:00+00:00,15306.0,6180.0
2011-11-05 00:00:00+00:00,13380.0,5646.0
2011-11-06 00:00:00+00:00,11361.0,4891.0
2011-11-07 00:00:00+00:00,13062.0,5502.0
2011-11-08 00:00:00+00:00,13485.0,5819.0
2011-11-09 00:00:00+00:00,14843.0,6543.0
2011-11-10 00:00:00+00:00,13935.0,6214.0
2011-11-11 00:00:00+00:00,12393.0,5070.0
2011-11-12 00:00:00+00:00,11482.0,4677.0
2011-11-13 00:00:00+00:00,13104.0,5577.0
2011-11-14 00:00:00+00:00,13220.0,5407.0
2011-11-15 00:00:00+00:00,14691.0,6239.0
2011-11-16 00:00:00+00:00,13106.0,5878.0
2011-11-17 00:00:00+00:00,12268.0,4882.0
2011-11-18 00:00:00+00:00,12265.0,4941.0
2011-11-19 00:00:00+00:00,10174.0,4587.0
2011-11-20 00:00:00+00:00,11013.0,4893.0
2011-11-21 00:00:00+00:00,10444.0,4856.0
2011-11-22 00:00:00+00:00,11489.0,5267.0
2011-11-23 00:00:00+00:00,11364.0,5386.0
2011-11-24 00:00:00+00:00,10972.0,4934.0
2011-11-25 00:00:00+00:00,11514.0,5280.0
2011-11-26 00:00:00+00:00,10255.0,4570.0
2011-11-27 00:00:00+00:00,10815.0,4979.0
2011-11-28 00:00:00+00:00,12645.0,5801.0
2011-11-29 00:00:00+00:00,14735.0,6412.0
2011-11-30 00:00:00+00:00,15161.0,6603.0
2011-12-01 00:00:00+00:00,14223.0,6330.0
2011-12-02 00:00:00+00:00,12915.0,5890.0
2011-12-03 00:00:00+00:00,13099.0,5707.0
2011-12-04 00:00:00+00:00,11618.0,5085.0
2011-12-05 00:00:00+00:00,13358.0,6176.0
2011-12-06 00:00:00+00:00,15120.0,7805.0
2011-12-07 00:00:00+00:00,13108.0,6097.0
2011-12-08 00:00:00+00:00,14099.0,5588.0
2011-12-09 00:00:00+00:00,11646.0,5426.0
2011-12-10 00:00:00+00:00,11990.0,5555.0
2011-12-11 00:00:00+00:00,11902.0,5047.0
2011-12-12 00:00:00+00:00,11460.0,4898.0
2011-12-13 00:00:00+00:00,11933.0,5080.0
2011-12-14 00:00:00+00:00,12005.0,5553.0
2011-12-15 00:00:00+00:00,10405.0,5030.0
2011-12-16 00:00:00+00:00,10534.0,4943.0
2011-12-17 00:00:00+00:00,9958.0,4591.0
2011-12-18 00:00:00+00:00,9955.0,4600.0
2011-12-19 00:00:00+00:00,12637.0,5606.0
2011-12-20 00:00:00+00:00,13868.0,6292.0
2011-12-21 00:00:00+00:00,11719.0,5393.0
2011-12-22 00:00:00+00:00,12176.0,5723.0
2011-12-23 00:00:00+00:00,11732.0,5356.0
2011-12-24 00:00:00+00:00,10318.0,4523.0
2011-12-25 00:00:00+00:00,11829.0,5138.0
2011-12-26 00:00:00+00:00,12271.0,5538.0
2011-12-27 00:00:00+00:00,11605.0,4989.0
2011-12-28 00:00:00+00:00,11047.0,4967.0
2011-12-29 00:00:00+00:00,11125.0,4968.0
2011-12-30 00:00:00+00:00,10437.0,4892.0
2011-12-31 00:00:00+00:00,10983.0,5027.0
2012-01-01 00:00:00+00:00,11474.0,4831.0
2012-01-02 00:00:00+00:00,12094.0,5390.0
2012-01-03 00:00:00+00:00,12934.0,5517.0
2012-01-04 00:00:00+00:00,12763.0,5778.0
2012-01-05 00:00:00+00:00,15378.0,6717.0
2012-01-06 00:00:00+00:00,14524.0,6362.0
2012-01-07 00:00:00+00:00,13829.0,5955.0
2012-01-08 00:00:00+00:00,14549.0,6116.0
2012-01-09 00:00:00+00:00,15286.0,6016.0
2012-01-10 00:00:00+00:00,15541.0,6309.0
2012-01-11 00:00:00+00:00,16961.0,7085.0
2012-01-12 00:00:00+00:00,14087.0,6662.0
2012-01-13 00:00:00+00:00,14317.0,6554.0
2012-01-14 00:00:00+00:00,14683.0,6794.0
2012-01-15 00:00:00+00:00,13421.0,6017.0
2012-01-16 00:00:00+00:00,14860.0,6812.0
2012-01-17 00:00:00+00:00,14887.0,6829.0
2012-01-18 00:00:00+00:00,14263.0,6399.0
2012-01-19 00:00:00+00:00,15211.0,6720.0
2012-01-20 00:00:00+00:00,14105.0,6576.0
2012-01-21 00:00:00+00:00,13487.0,6164.0
2012-01-22 00:00:00+00:00,11492.0,5238.0
2012-01-23 00:00:00+00:00,13508.0,6092.0
2012-01-24 00:00:00+00:00,15215.0,7218.0
2012-01-25 00:00:00+00:00,16707.0,7866.0
2012-01-26 00:00:00+00:00,13823.0,6181.0
2012-01-27 00:00:00+00:00,14379.0,6122.0
2012-01-28 00:00:00+00:00,13257.0,5899.0
2012-01-29 00:00:00+00:00,14267.0,6203.0
2012-01-30 00:00:00+00:00,13370.0,5881.0
2012-01-31 00:00:00+00:00,15858.0,6933.0
2012-02-01 00:00:00+00:00,15161.0,6378.0
2012-02-02 00:00:00+00:00,15694.0,6870.0
2012-02-03 00:00:00+00:00,17088.0,7006.0
2012-02-04 00:00:00+00:00,16038.0,7073.0
2012-02-05 00:00:00+00:00,14720.0,6565.0
2012-02-06 00:00:00+00:00,14174.0,6074.0
2012-02-07 00:00:00+00:00,14474.0,6793.0
2012-02-08 00:00:00+00:00,14819.0,6984.0
2012-02-09 00:00:00+00:00,14871.0,7258.0
2012-02-10 00:00:00+00:00,16819.0,8496.0
2012-02-11 00:00:00+00:00,14944.0,7447.0
2012-02-12 00:00:00+00:00,14056.0,6790.0
2012-02-13 00:00:00+00:00,16556.0,8028.0
2012-02-14 00:00:00+00:00,18756.0,9476.0
2012-02-15 00:00:00+00:00,18243.0,9392.0
2012-02-16 00:00:00+00:00,17722.0,9040.0
2012-02-17 00:00:00+00:00,14218.0,6532.0
2012-02-18 00:00:00+00:00,14337.0,6283.0
2012-02-19 00:00:00+00:00,13197.0,5764.0
2012-02-20 00:00:00+00:00,14828.0,6430.0
2012-02-21 00:00:00+00:00,14362.0,6091.0
2012-02-22 00:00:00+00:00,16120.0,6992.0
2012-02-23 00:00:00+00:00,18129.0,8044.0
2012-02-24 00:00:00+00:00,16256.0,6744.0
2012-02-25 00:00:00+00:00,14844.0,6029.0
2012-02-26 00:00:00+00:00,13193.0,5600.0
2012-02-27 00:00:00+00:00,15336.0,6752.0
2012-02-28 00:00:00+00:00,16054.0,6473.0
2012-02-29 00:00:00+00:00,15562.0,6632.0
2012-03-01 00:00:00+00:00,16097.0,6661.0
2012-03-02 00:00:00+00:00,17925.0,7501.0
2012-03-03 00:00:00+00:00,12413.0,5223.0
2012-03-04 00:00:00+00:00,14600.0,6202.0
2012-03-05 00:00:00+00:00,16264.0,6857.0
2012-03-06 00:00:00+00:00,15360.0,6299.0
2012-03-07 00:00:00+00:00,15193.0,6466.0
2012-03-08 00:00:00+00:00,15555.0,6386.0
2012-03-09 00:00:00+00:00,15970.0,6419.0
2012-03-10 00:00:00+00:00,13042.0,5208.0
2012-03-11 00:00:00+00:00,12053.0,4897.0
2012-03-12 00:00:00+00:00,15290.0,6280.0
2012-03-13 00:00:00+00:00,16216.0,7170.0
2012-03-14 00:00:00+00:00,16391.0,6742.0
2012-03-15 00:00:00+00:00,14920.0,6188.0
2012-03-16 00:00:00+00:00,16092.0,6631.0
2012-03-17 00:00:00+00:00,16492.0,6872.0
2012-03-18 00:00:00+00:00,13966.0,5888.0
2012-03-19 00:00:00+00:00,15579.0,6620.0
2012-03-20 00:00:00+00:00,15537.0,6384.0
2012-03-21 00:00:00+00:00,16079.0,6818.0
2012-03-22 00:00:00+00:00,15782.0,6463.0
2012-03-23 00:00:00+00:00,14184.0,6013.0
2012-03-24 00:00:00+00:00,13792.0,6176.0
2012-03-25 00:00:00+00:00,14501.0,6055.0
2012-03-26 00:00:00+00:00,16361.0,6660.0
2012-03-27 00:00:00+00:00,15179.0,6410.0
2012-03-28 00:00:00+00:00,15846.0,6895.0
2012-03-29 00:00:00+00:00,17441.0,7638.0
2012-03-30 00:00:00+00:00,15053.0,6632.0
2012-03-31 00:00:00+00:00,14120.0,6047.0
2012-04-01 00:00:00+00:00,12842.0,5424.0
2012-04-02 00:00:00+00:00,14925.0,6396.0
2012-04-03 00:00:00+00:00,18598.0,7548.0
2012-04-04 00:00:00+00:00,16652.0,7076.0
2012-04-05 00:00:00+00:00,16870.0,6897.0
2012-04-06 00:00:00+00:00,15543.0,6593.0
2012-04-07 00:00:00+00:00,14271.0,5828.0
2012-04-08 00:00:00+00:00,13664.0,5697.0
2012-04-09 00:00:00+00:00,15395.0,6533.0
2012-04-10 00:00:00+00:00,17407.0,8345.0
2012-04-11 00:00:00+00:00,18806.0,7994.0
2012-04-12 00:00:00+00:00,18394.0,7840.0
2012-04-13 00:00:00+00:00,16330.0,7186.0
2012-04-14 00:00:00+00:00,17049.0,7885.0
2012-04-15 00:00:00+00:00,16157.0,7082.0
2012-04-16 00:00:00+00:00,18862.0,8371.0
2012-04-17 00:00:00+00:00,18828.0,7776.0
2012-04-18 00:00:00+00:00,19340.0,8396.0
2012-04-19 00:00:00+00:00,17558.0,7639.0
2012-04-20 00:00:00+00:00,19264.0,8095.0
2012-04-21 00:00:00+00:00,16495.0,7180.0
2012-04-22 00:00:00+00:00,14447.0,6080.0
2012-04-23 00:00:00+00:00,17264.0,7218.0
2012-04-24 00:00:00+00:00,17187.0,7455.0
2012-04-25 00:00:00+00:00,17264.0,7366.0
2012-04-26 00:00:00+00:00,19928.0,10049.0
2012-04-27 00:00:00+00:00,16191.0,6873.0
2012-04-28 00:00:00+00:00,15943.0,7303.0
2012-04-29 00:00:00+00:00,16232.0,7661.0
2012-04-30 00:00:00+00:00,18877.0,9138.0
2012-05-01 00:00:00+00:00,20427.0,10211.0
2012-05-02 00:00:00+00:00,19907.0,9777.0
2012-05-03 00:00:00+00:00,22009.0,13786.0
2012-05-04 00:00:00+00:00,22962.0,14435.0
2012-05-05 00:00:00+00:00,19627.0,12393.0
2012-05-06 00:00:00+00:00,22444.0,11029.0
2012-05-07 00:00:00+00:00,25802.0,18309.0
2012-05-08 00:00:00+00:00,23419.0,17280.0
2012-05-09 00:00:00+00:00,25272.0,17387.0
2012-05-10 00:00:00+00:00,22041.0,13336.0
2012-05-11 00:00:00+00:00,24667.0,16983.0
2012-05-12 00:00:00+00:00,22910.0,18144.0
2012-05-13 00:00:00+00:00,20661.0,15185.0
2012-05-14 00:00:00+00:00,32619.0,28372.0
2012-05-15 00:00:00+00:00,27730.0,22976.0
2012-05-16 00:00:00+00:00,25132.0,16700.0
2012-05-17 00:00:00+00:00,22883.0,17558.0
2012-05-18 00:00:00+00:00,26196.0,24246.0
2012-05-19 00:00:00+00:00,32917.0,36838.0
2012-05-20 00:00:00+00:00,28225.0,29021.0
2012-05-21 00:00:00+00:00,30487.0,31704.0
2012-05-22 00:00:00+00:00,27919.0,23837.0
2012-05-23 00:00:00+00:00,28839.0,26490.0
2012-05-24 00:00:00+00:00,28799.0,27026.0
2012-05-25 00:00:00+00:00,30265.0,28930.0
2012-05-26 00:00:00+00:00,24989.0,22572.0
2012-05-27 00:00:00+00:00,26493.0,26589.0
2012-05-28 00:00:00+00:00,29737.0,29730.0
2012-05-29 00:00:00+00:00,34480.0,30163.0
2012-05-30 00:00:00+00:00,28755.0,25386.0
2012-05-31 00:00:00+00:00,28044.0,20325.0
2012-06-01 00:00:00+00:00,28549.0,26690.0
2012-06-02 00:00:00+00:00,21002.0,12938.0
2012-06-03 00:00:00+00:00,31043.0,34668.0
2012-06-04 00:00:00+00:00,42162.0,45794.0
2012-06-05 00:00:00+00:00,39781.0,42459.0
2012-06-06 00:00:00+00:00,25187.0,17186.0
2012-06-07 00:00:00+00:00,34826.0,32767.0
2012-06-08 00:00:00+00:00,28664.0,23931.0
2012-06-09 00:00:00+00:00,31108.0,33081.0
2012-06-10 00:00:00+00:00,33266.0,39755.0
2012-06-11 00:00:00+00:00,32475.0,32626.0
2012-06-12 00:00:00+00:00,24995.0,19904.0
2012-06-13 00:00:00+00:00,46530.0,54952.0
2012-06-14 00:00:00+00:00,49894.0,61850.0
2012-06-15 00:00:00+00:00,49687.0,55702.0
2012-06-16 00:00:00+00:00,39061.0,42429.0
2012-06-17 00:00:00+00:00,39723.0,43477.0
2012-06-18 00:00:00+00:00,36797.0,38035.0
2012-06-19 00:00:00+00:00,36392.0,36798.0
2012-06-20 00:00:00+00:00,32748.0,32390.0
2012-06-21 00:00:00+00:00,29558.0,26539.0
2012-06-22 00:00:00+00:00,28511.0,22303.0
2012-06-23 00:00:00+00:00,30627.0,22288.0
2012-06-24 00:00:00+00:00,28191.0,22145.0
2012-06-25 00:00:00+00:00,34552.0,28753.0
2012-06-26 00:00:00+00:00,36059.0,30324.0
2012-06-27 00:00:00+00:00,38748.0,30153.0
2012-06-28 00:00:00+00:00,33425.0,26980.0
2012-06-29 00:00:00+00:00,33393.0,23076.0
2012-06-30 00:00:00+00:00,31588.0,22016.0
2012-07-01 00:00:00+00:00,32067.0,19380.0
2012-07-02 00:00:00+00:00,36621.0,25297.0
2012-07-03 00:00:00+00:00,33766.0,21483.0
2012-07-04 00:00:00+00:00,31437.0,22996.0
2012-07-05 00:00:00+00:00,28191.0,22021.0
2012-07-06 00:00:00+00:00,29504.0,24275.0
2012-07-07 00:00:00+00:00,31952.0,25224.0
2012-07-08 00:00:00+00:00,26508.0,20324.0
2012-07-09 00:00:00+00:00,32749.0,25585.0
2012-07-10 00:00:00+00:00,37181.0,34925.0
2012-07-11 00:00:00+00:00,34994.0,30678.0
2012-07-12 00:00:00+00:00,34534.0,24401.0
2012-07-13 00:00:00+00:00,31537.0,24416.0
2012-07-14 00:00:00+00:00,29266.0,22094.0
2012-07-15 00:00:00+00:00,30708.0,26420.0
2012-07-16 00:00:00+00:00,36788.0,31205.0
2012-07-17 00:00:00+00:00,40504.0,35090.0
2012-07-18 00:00:00+00:00,34020.0,32359.0
2012-07-19 00:00:00+00:00,36644.0,31374.0
2012-07-20 00:00:00+00:00,35675.0,36266.0
2012-07-21 00:00:00+00:00,36149.0,34801.0
2012-07-22 00:00:00+00:00,40800.0,36295.0
2012-07-23 00:00:00+00:00,40413.0,30831.0
2012-07-24 00:00:00+00:00,38712.0,28962.0
2012-07-25 00:00:00+00:00,30961.0,25971.0
2012-07-26 00:00:00+00:00,30559.0,30352.0
2012-07-27 00:00:00+00:00,32339.0,27153.0
2012-07-28 00:00:00+00:00,38741.0,35261.0
2012-07-29 00:00:00+00:00,35848.0,34002.0
2012-07-30 00:00:00+00:00,36116.0,34268.0
2012-07-31 00:00:00+00:00,59564.0,42334.0
2012-08-01 00:00:00+00:00,40578.0,30125.0
2012-08-02 00:00:00+00:00,42075.0,32700.0
2012-08-03 00:00:00+00:00,35901.0,27161.0
2012-08-04 00:00:00+00:00,36278.0,29498.0
2012-08-05 00:00:00+00:00,37911.0,33661.0
2012-08-06 00:00:00+00:00,42822.0,35256.0
2012-08-07 00:00:00+00:00,39049.0,28891.0
2012-08-08 00:00:00+00:00,51432.0,39210.0
2012-08-09 00:00:00+00:00,40939.0,30722.0
2012-08-10 00:00:00+00:00,38295.0,27804.0
2012-08-11 00:00:00+00:00,38485.0,32867.0
2012-08-12 00:00:00+00:00,39111.0,35435.0
2012-08-13 00:00:00+00:00,48601.0,48327.0
2012-08-14 00:00:00+00:00,43606.0,34764.0
2012-08-15 00:00:00+00:00,51932.0,53290.0
2012-08-16 00:00:00+00:00,60615.0,45271.0
2012-08-17 00:00:00+00:00,57279.0,40937.0
2012-08-18 00:00:00+00:00,51215.0,36612.0
2012-08-19 00:00:00+00:00,57927.0,36477.0
2012-08-20 00:00:00+00:00,48984.0,36124.0
2012-08-21 00:00:00+00:00,55539.0,43951.0
2012-08-22 00:00:00+00:00,47300.0,35809.0
2012-08-23 00:00:00+00:00,43521.0,31347.0
2012-08-24 00:00:00+00:00,44584.0,31774.0
2012-08-25 00:00:00+00:00,36374.0,33245.0
2012-08-26 00:00:00+00:00,35110.0,29534.0
2012-08-27 00:00:00+00:00,38660.0,33439.0
2012-08-28 00:00:00+00:00,41047.0,29880.0
2012-08-29 00:00:00+00:00,37982.0,33639.0
2012-08-30 00:00:00+00:00,34760.0,33891.0
2012-08-31 00:00:00+00:00,49678.0,41055.0
2012-09-01 00:00:00+00:00,43598.0,39830.0
2012-09-02 00:00:00+00:00,34468.0,33159.0
2012-09-03 00:00:00+00:00,33612.0,39211.0
2012-09-04 00:00:00+00:00,45525.0,38664.0
2012-09-05 00:00:00+00:00,41507.0,41167.0
2012-09-06 00:00:00+00:00,47563.0,42634.0
2012-09-07 00:00:00+00:00,43748.0,33412.0
2012-09-08 00:00:00+00:00,34331.0,31125.0
2012-09-09 00:00:00+00:00,39703.0,31477.0
2012-09-10 00:00:00+00:00,37639.0,33327.0
2012-09-11 00:00:00+00:00,45390.0,38563.0
2012-09-12 00:00:00+00:00,33567.0,27125.0
2012-09-13 00:00:00+00:00,35024.0,28981.0
2012-09-14 00:00:00+00:00,38529.0,36349.0
2012-09-15 00:00:00+00:00,30133.0,27311.0
2012-09-16 00:00:00+00:00,31184.0,27407.0
2012-09-17 00:00:00+00:00,33989.0,25027.0
2012-09-18 00:00:00+00:00,37898.0,31836.0
2012-09-19 00:00:00+00:00,42928.0,32089.0
2012-09-20 00:00:00+00:00,47916.0,31563.0
2012-09-21 00:00:00+00:00,38617.0,29815.0
2012-09-22 00:00:00+00:00,27311.0,21921.0
2012-09-23 00:00:00+00:00,28683.0,27780.0
2012-09-24 00:00:00+00:00,33444.0,28779.0
2012-09-25 00:00:00+00:00,45705.0,26055.0
2012-09-26 00:00:00+00:00,46624.0,30884.0
2012-09-27 00:00:00+00:00,41321.0,27590.0
2012-09-28 00:00:00+00:00,51687.0,34556.0
2012-09-29 00:00:00+00:00,36991.0,22315.0
2012-09-30 00:00:00+00:00,35060.0,20957.0
2012-10-01 00:00:00+00:00,38102.0,24494.0
2012-10-02 00:00:00+00:00,53731.0,32678.0
2012-10-03 00:00:00+00:00,51360.0,26832.0
2012-10-04 00:00:00+00:00,50714.0,33436.0
2012-10-05 00:00:00+00:00,43691.0,34792.0
2012-10-06 00:00:00+00:00,39632.0,33917.0
2012-10-07 00:00:00+00:00,43095.0,33485.0
2012-10-08 00:00:00+00:00,47823.0,38551.0
2012-10-09 00:00:00+00:00,52626.0,35043.0
2012-10-10 00:00:00+00:00,47176.0,31581.0
2012-10-11 00:00:00+00:00,40995.0,26482.0
2012-10-12 00:00:00+00:00,44701.0,28480.0
2012-10-13 00:00:00+00:00,39129.0,33302.0
2012-10-14 00:00:00+00:00,38974.0,27306.0
2012-10-15 00:00:00+00:00,47015.0,31199.0
2012-10-16 00:00:00+00:00,41834.0,33553.0
2012-10-17 00:00:00+00:00,46053.0,32300.0
2012-10-18 00:00:00+00:00,51219.0,27712.0
2012-10-19 00:00:00+00:00,44078.0,25751.0
2012-10-20 00:00:00+00:00,42836.0,29772.0
2012-10-21 00:00:00+00:00,39296.0,41108.0
2012-10-22 00:00:00+00:00,42021.0,42997.0
2012-10-23 00:00:00+00:00,41375.0,31441.0
2012-10-24 00:00:00+00:00,42251.0,32943.0
2012-10-25 00:00:00+00:00,38643.0,25872.0
2012-10-26 00:00:00+00:00,37471.0,21618.0
2012-10-27 00:00:00+00:00,29910.0,16174.0
2012-10-28 00:00:00+00:00,27816.0,17839.0
2012-10-29 00:00:00+00:00,35981.0,21919.0
2012-10-30 00:00:00+00:00,34928.0,30953.0
2012-10-31 00:00:00+00:00,31390.0,26449.0
2012-11-01 00:00:00+00:00,32135.0,23910.0
2012-11-02 00:00:00+00:00,33393.0,28868.0
2012-11-03 00:00:00+00:00,32511.0,24300.0
2012-11-04 00:00:00+00:00,30976.0,23645.0
2012-11-05 00:00:00+00:00,37460.0,32304.0
2012-11-06 00:00:00+00:00,42954.0,32441.0
2012-11-07 00:00:00+00:00,41756.0,35733.0
2012-11-08 00:00:00+00:00,37595.0,32099.0
2012-11-09 00:00:00+00:00,36800.0,24823.0
2012-11-10 00:00:00+00:00,34669.0,26680.0
2012-11-11 00:00:00+00:00,30394.0,23595.0
2012-11-12 00:00:00+00:00,31528.0,24030.0
2012-11-13 00:00:00+00:00,32074.0,26168.0
2012-11-14 00:00:00+00:00,39530.0,31028.0
2012-11-15 00:00:00+00:00,45873.0,37125.0
2012-11-16 00:00:00+00:00,48826.0,40017.0
2012-11-17 00:00:00+00:00,52322.0,31626.0
2012-11-18 00:00:00+00:00,44044.0,34839.0
2012-11-19 00:00:00+00:00,41117.0,36140.0
2012-11-20 00:00:00+00:00,44744.0,37735.0
2012-11-21 00:00:00+00:00,43803.0,38101.0
2012-11-22 00:00:00+00:00,41584.0,31476.0
2012-11-23 00:00:00+00:00,36519.0,31844.0
2012-11-24 00:00:00+00:00,36089.0,29035.0
2012-11-25 00:00:00+00:00,35940.0,35780.0
2012-11-26 00:00:00+00:00,42639.0,37296.0
2012-11-27 00:00:00+00:00,37535.0,26952.0
2012-11-28 00:00:00+00:00,44590.0,37791.0
2012-11-29 00:00:00+00:00,41205.0,36379.0
2012-11-30 00:00:00+00:00,37930.0,30667.0
2012-12-01 00:00:00+00:00,33858.0,32424.0
2012-12-02 00:00:00+00:00,28210.0,20126.0
2012-12-03 00:00:00+00:00,30532.0,22198.0
2012-12-04 00:00:00+00:00,43912.0,33167.0
2012-12-05 00:00:00+00:00,44654.0,33896.0
2012-12-06 00:00:00+00:00,38984.0,35536.0
2012-12-07 00:00:00+00:00,42135.0,32724.0
2012-12-08 00:00:00+00:00,37725.0,32212.0
2012-12-09 00:00:00+00:00,37568.0,31759.0
2012-12-10 00:00:00+00:00,36630.0,36380.0
2012-12-11 00:00:00+00:00,37496.0,36881.0
2012-12-12 00:00:00+00:00,43207.0,36866.0
2012-12-13 00:00:00+00:00,45680.0,41627.0
2012-12-14 00:00:00+00:00,41691.0,38621.0
2012-12-15 00:00:00+00:00,35878.0,33047.0
2012-12-16 00:00:00+00:00,35213.0,36128.0
2012-12-17 00:00:00+00:00,41616.0,40656.0
2012-12-18 00:00:00+00:00,47617.0,49679.0
2012-12-19 00:00:00+00:00,45631.0,45891.0
2012-12-20 00:00:00+00:00,38978.0,34903.0
2012-12-21 00:00:00+00:00,45877.0,44152.0
2012-12-22 00:00:00+00:00,54007.0,50132.0
2012-12-23 00:00:00+00:00,41727.0,38035.0
2012-12-24 00:00:00+00:00,39081.0,34867.0
2012-12-25 00:00:00+00:00,30567.0,29856.0
2012-12-26 00:00:00+00:00,38979.0,36121.0
2012-12-27 00:00:00+00:00,36158.0,43520.0
2012-12-28 00:00:00+00:00,42277.0,46980.0
2012-12-29 00:00:00+00:00,41463.0,38629.0
2012-12-30 00:00:00+00:00,43096.0,42863.0
2012-12-31 00:00:00+00:00,36527.0,30885.0
2013-01-01 00:00:00+00:00,38733.0,32892.0
2013-01-02 00:00:00+00:00,40911.0,37619.0
2013-01-03 00:00:00+00:00,52539.0,43533.0
2013-01-04 00:00:00+00:00,46781.0,47370.0
2013-01-05 00:00:00+00:00,53959.0,39811.0
2013-01-06 00:00:00+00:00,42382.0,32928.0
2013-01-07 00:00:00+00:00,54059.0,40421.0
2013-01-08 00:00:00+00:00,56753.0,38840.0
2013-01-09 00:00:00+00:00,54910.0,42664.0
2013-01-10 00:00:00+00:00,60507.0,52584.0
2013-01-11 00:00:00+00:00,61989.0,52534.0
2013-01-12 00:00:00+00:00,49915.0,46201.0
2013-01-13 00:00:00+00:00,55725.0,49785.0
2013-01-14 00:00:00+00:00,44616.0,43449.0
2013-01-15 00:00:00+00:00,59643.0,46107.0
2013-01-16 00:00:00+00:00,55537.0,51800.0
2013-01-17 00:00:00+00:00,59029.0,48901.0
2013-01-18 00:00:00+00:00,57683.0,49385.0
2013-01-19 00:00:00+00:00,49445.0,55187.0
2013-01-20 00:00:00+00:00,45027.0,41242.0
2013-01-21 00:00:00+00:00,47104.0,40642.0
2013-01-22 00:00:00+00:00,51489.0,42397.0
2013-01-23 00:00:00+00:00,48584.0,47359.0
2013-01-24 00:00:00+00:00,59644.0,45616.0
2013-01-25 00:00:00+00:00,51061.0,49506.0
2013-01-26 00:00:00+00:00,55140.0,52709.0
2013-01-27 00:00:00+00:00,48552.0,53733.0
2013-01-28 00:00:00+00:00,54409.0,52736.0
2013-01-29 00:00:00+00:00,54460.0,50452.0
2013-01-30 00:00:00+00:00,45601.0,40937.0
2013-01-31 00:00:00+00:00,48166.0,52467.0
2013-02-01 00:00:00+00:00,61865.0,57518.0
2013-02-02 00:00:00+00:00,57947.0,54523.0
2013-02-03 00:00:00+00:00,56035.0,60479.0
2013-02-04 00:00:00+00:00,59362.0,55759.0
2013-02-05 00:00:00+00:00,60191.0,53843.0
2013-02-06 00:00:00+00:00,53114.0,41890.0
2013-02-07 00:00:00+00:00,60065.0,63170.0
2013-02-08 00:00:00+00:00,61292.0,59812.0
2013-02-09 00:00:00+00:00,55866.0,57464.0
2013-02-10 00:00:00+00:00,56414.0,56098.0
2013-02-11 00:00:00+00:00,53214.0,57751.0
2013-02-12 00:00:00+00:00,52230.0,58519.0
2013-02-13 00:00:00+00:00,51607.0,58195.0
2013-02-14 00:00:00+00:00,52507.0,51465.0
2013-02-15 00:00:00+00:00,49480.0,54430.0
2013-02-16 00:00:00+00:00,47477.0,52351.0
2013-02-17 00:00:00+00:00,46362.0,49459.0
2013-02-18 00:00:00+00:00,46855.0,50096.0
2013-02-19 00:00:00+00:00,49090.0,53424.0
2013-02-20 00:00:00+00:00,50898.0,60243.0
2013-02-21 00:00:00+00:00,51627.0,56355.0
2013-02-22 00:00:00+00:00,54361.0,61599.0
2013-02-23 00:00:00+00:00,51159.0,57701.0
2013-02-24 00:00:00+00:00,52275.0,56644.0
2013-02-25 00:00:00+00:00,56529.0,67290.0
2013-02-26 00:00:00+00:00,58302.0,63191.0
2013-02-27 00:00:00+00:00,55511.0,60970.0
2013-02-28 00:00:00+00:00,59466.0,62763.0
2013-03-01 00:00:00+00:00,62746.0,64459.0
2013-03-02 00:00:00+00:00,49881.0,55804.0
2013-03-03 00:00:00+00:00,44647.0,53108.0
2013-03-04 00:00:00+00:00,54208.0,63982.0
2013-03-05 00:00:00+00:00,56444.0,56147.0
2013-03-06 00:00:00+00:00,70524.0,63234.0
2013-03-07 00:00:00+00:00,67349.0,67209.0
2013-03-08 00:00:00+00:00,56370.0,55188.0
2013-03-09 00:00:00+00:00,53106.0,55639.0
2013-03-10 00:00:00+00:00,56596.0,72926.0
2013-03-11 00:00:00+00:00,53342.0,58554.0
2013-03-12 00:00:00+00:00,61248.0,49817.0
2013-03-13 00:00:00+00:00,62068.0,56209.0
2013-03-14 00:00:00+00:00,61917.0,58402.0
2013-03-15 00:00:00+00:00,63245.0,62880.0
2013-03-16 00:00:00+00:00,50966.0,32987.0
2013-03-17 00:00:00+00:00,52184.0,35248.0
2013-03-18 00:00:00+00:00,59594.0,43324.0
2013-03-19 00:00:00+00:00,67946.0,45817.0
2013-03-20 00:00:00+00:00,62822.0,46102.0
2013-03-21 00:00:00+00:00,70563.0,55782.0
2013-03-22 00:00:00+00:00,74587.0,60259.0
2013-03-23 00:00:00+00:00,67002.0,52173.0
2013-03-24 00:00:00+00:00,69595.0,51811.0
2013-03-25 00:00:00+00:00,64715.0,47614.0
2013-03-26 00:00:00+00:00,74037.0,50068.0
2013-03-27 00:00:00+00:00,72482.0,52012.0
2013-03-28 00:00:00+00:00,94934.0,61796.0
2013-03-29 00:00:00+00:00,81683.0,61081.0
2013-03-30 00:00:00+00:00,79925.0,60659.0
2013-03-31 00:00:00+00:00,63898.0,43434.0
2013-04-01 00:00:00+00:00,76869.0,52545.0
2013-04-02 00:00:00+00:00,90297.0,62511.0
2013-04-03 00:00:00+00:00,109240.0,65382.0
2013-04-04 00:00:00+00:00,107866.0,65513.0
2013-04-05 00:00:00+00:00,99406.0,60816.0
2013-04-06 00:00:00+00:00,78563.0,51734.0
2013-04-07 00:00:00+00:00,78312.0,63215.0
2013-04-08 00:00:00+00:00,112858.0,62215.0
2013-04-09 00:00:00+00:00,113921.0,67877.0
2013-04-10 00:00:00+00:00,132897.0,62747.0
2013-04-11 00:00:00+00:00,124532.0,67827.0
2013-04-12 00:00:00+00:00,102302.0,58476.0
2013-04-13 00:00:00+00:00,80991.0,53126.0
2013-04-14 00:00:00+00:00,73989.0,56672.0
2013-04-15 00:00:00+00:00,100211.0,53610.0
2013-04-16 00:00:00+00:00,98394.0,67263.0
2013-04-17 00:00:00+00:00,105380.0,56489.0
2013-04-18 00:00:00+00:00,85564.0,48902.0
2013-04-19 00:00:00+00:00,102489.0,57525.0
2013-04-20 00:00:00+00:00,73497.0,47182.0
2013-04-21 00:00:00+00:00,72721.0,44244.0
2013-04-22 00:00:00+00:00,90723.0,46971.0
2013-04-23 00:00:00+00:00,91871.0,61812.0
2013-04-24 00:00:00+00:00,103533.0,65508.0
2013-04-25 00:00:00+00:00,89506.0,61207.0
2013-04-26 00:00:00+00:00,86571.0,55401.0
2013-04-27 00:00:00+00:00,76128.0,42987.0
2013-04-28 00:00:00+00:00,119432.0,42688.0
2013-04-29 00:00:00+00:00,88358.0,51922.0
2013-04-30 00:00:00+00:00,76703.0,46575.0
2013-05-01 00:00:00+00:00,83664.0,56714.0
2013-05-02 00:00:00+00:00,82318.0,54340.0
2013-05-03 00:00:00+00:00,82210.0,50991.0
2013-05-04 00:00:00+00:00,70341.0,50588.0
2013-05-05 00:00:00+00:00,72046.0,49862.0
2013-05-06 00:00:00+00:00,84314.0,52785.0
2013-05-07 00:00:00+00:00,111196.0,57354.0
2013-05-08 00:00:00+00:00,101126.0,50453.0
2013-05-09 00:00:00+00:00,82877.0,67022.0
2013-05-10 00:00:00+00:00,84004.0,67509.0
2013-05-11 00:00:00+00:00,81104.0,73410.0
2013-05-12 00:00:00+00:00,69104.0,64714.0
2013-05-13 00:00:00+00:00,82986.0,60566.0
2013-05-14 00:00:00+00:00,84579.0,67020.0
2013-05-15 00:00:00+00:00,83911.0,62834.0
2013-05-16 00:00:00+00:00,84369.0,61152.0
2013-05-17 00:00:00+00:00,78514.0,59200.0
2013-05-18 00:00:00+00:00,68752.0,52066.0
2013-05-19 00:00:00+00:00,63144.0,47001.0
2013-05-20 00:00:00+00:00,72183.0,48652.0
2013-05-21 00:00:00+00:00,82257.0,53953.0
2013-05-22 00:00:00+00:00,75632.0,51896.0
2013-05-23 00:00:00+00:00,82761.0,59647.0
2013-05-24 00:00:00+00:00,83234.0,54659.0
2013-05-25 00:00:00+00:00,69552.0,50763.0
2013-05-26 00:00:00+00:00,69609.0,40723.0
2013-05-27 00:00:00+00:00,74785.0,53158.0
2013-05-28 00:00:00+00:00,77841.0,58222.0
2013-05-29 00:00:00+00:00,79692.0,54168.0
2013-05-30 00:00:00+00:00,77410.0,56337.0
2013-05-31 00:00:00+00:00,75957.0,54306.0
2013-06-01 00:00:00+00:00,66565.0,53613.0
2013-06-02 00:00:00+00:00,66768.0,49967.0
2013-06-03 00:00:00+00:00,79951.0,56421.0
2013-06-04 00:00:00+00:00,78923.0,56427.0
2013-06-05 00:00:00+00:00,78551.0,57092.0
2013-06-06 00:00:00+00:00,73112.0,54281.0
2013-06-07 00:00:00+00:00,74130.0,52059.0
2013-06-08 00:00:00+00:00,57561.0,47330.0
2013-06-09 00:00:00+00:00,56850.0,44753.0
2013-06-10 00:00:00+00:00,61027.0,45143.0
2013-06-11 00:00:00+00:00,66039.0,48715.0
2013-06-12 00:00:00+00:00,64507.0,45916.0
2013-06-13 00:00:00+00:00,67482.0,43686.0
2013-06-14 00:00:00+00:00,74179.0,48983.0
2013-06-15 00:00:00+00:00,53859.0,35845.0
2013-06-16 00:00:00+00:00,49113.0,43150.0
2013-06-17 00:00:00+00:00,57059.0,46511.0
2013-06-18 00:00:00+00:00,63396.0,44976.0
2013-06-19 00:00:00+00:00,69066.0,46996.0
2013-06-20 00:00:00+00:00,69393.0,53645.0
2013-06-21 00:00:00+00:00,67982.0,45795.0
2013-06-22 00:00:00+00:00,58423.0,44378.0
2013-06-23 00:00:00+00:00,51312.0,38075.0
2013-06-24 00:00:00+00:00,65308.0,44521.0
2013-06-25 00:00:00+00:00,61404.0,43987.0
2013-06-26 00:00:00+00:00,66298.0,46920.0
2013-06-27 00:00:00+00:00,59748.0,44877.0
2013-06-28 00:00:00+00:00,69884.0,49996.0
2013-06-29 00:00:00+00:00,60173.0,36048.0
2013-06-30 00:00:00+00:00,49735.0,30124.0
2013-07-01 00:00:00+00:00,68318.0,38911.0
2013-07-02 00:00:00+00:00,64222.0,39542.0
2013-07-03 00:00:00+00:00,65913.0,35054.0
2013-07-04 00:00:00+00:00,60723.0,35320.0
2013-07-05 00:00:00+00:00,60477.0,36700.0
2013-07-06 00:00:00+00:00,55911.0,32727.0
2013-07-07 00:00:00+00:00,49774.0,30743.0
2013-07-08 00:00:00+00:00,63707.0,39175.0
2013-07-09 00:00:00+00:00,67007.0,40664.0
2013-07-10 00:00:00+00:00,65740.0,39510.0
2013-07-11 00:00:00+00:00,73389.0,43449.0
2013-07-12 00:00:00+00:00,79838.0,49231.0
2013-07-13 00:00:00+00:00,61884.0,37197.0
2013-07-14 00:00:00+00:00,46805.0,33438.0
2013-07-15 00:00:00+00:00,63555.0,37389.0
2013-07-16 00:00:00+00:00,67361.0,39999.0
2013-07-17 00:00:00+00:00,62286.0,39582.0
2013-07-18 00:00:00+00:00,62207.0,40944.0
2013-07-19 00:00:00+00:00,58937.0,36483.0
2013-07-20 00:00:00+00:00,53871.0,34103.0
2013-07-21 00:00:00+00:00,49487.0,34746.0
2013-07-22 00:00:00+00:00,60370.0,39744.0
2013-07-23 00:00:00+00:00,65040.0,38373.0
2013-07-24 00:00:00+00:00,65575.0,42718.0
2013-07-25 00:00:00+00:00,66060.0,41480.0
2013-07-26 00:00:00+00:00,63241.0,37751.0
2013-07-27 00:00:00+00:00,51388.0,35941.0
2013-07-28 00:00:00+00:00,50927.0,38638.0
2013-07-29 00:00:00+00:00,66163.0,40392.0
2013-07-30 00:00:00+00:00,71863.0,43611.0
2013-07-31 00:00:00+00:00,80412.0,48569.0
2013-08-01 00:00:00+00:00,113593.0,50984.0
2013-08-02 00:00:00+00:00,75758.0,52012.0
2013-08-03 00:00:00+00:00,58781.0,44128.0
2013-08-04 00:00:00+00:00,61806.0,43835.0
2013-08-05 00:00:00+00:00,71751.0,49802.0
2013-08-06 00:00:00+00:00,71609.0,54586.0
2013-08-07 00:00:00+00:00,76654.0,57855.0
2013-08-08 00:00:00+00:00,71239.0,56892.0
2013-08-09 00:00:00+00:00,65764.0,50425.0
2013-08-10 00:00:00+00:00,57919.0,50367.0
2013-08-11 00:00:00+00:00,54441.0,38470.0
2013-08-12 00:00:00+00:00,104031.0,50040.0
2013-08-13 00:00:00+00:00,76972.0,53870.0
2013-08-14 00:00:00+00:00,76346.0,50866.0
2013-08-15 00:00:00+00:00,74632.0,57170.0
2013-08-16 00:00:00+00:00,82397.0,71128.0
2013-08-17 00:00:00+00:00,62108.0,57694.0
2013-08-18 00:00:00+00:00,57869.0,56575.0
2013-08-19 00:00:00+00:00,77962.0,70058.0
2013-08-20 00:00:00+00:00,79492.0,62577.0
2013-08-21 00:00:00+00:00,85074.0,61952.0
2013-08-22 00:00:00+00:00,81577.0,65300.0
2013-08-23 00:00:00+00:00,81517.0,54838.0
2013-08-24 00:00:00+00:00,63858.0,51936.0
2013-08-25 00:00:00+00:00,69624.0,45140.0
2013-08-26 00:00:00+00:00,75443.0,55116.0
2013-08-27 00:00:00+00:00,95082.0,61838.0
2013-08-28 00:00:00+00:00,84528.0,65524.0
2013-08-29 00:00:00+00:00,74770.0,58633.0
2013-08-30 00:00:00+00:00,88736.0,61739.0
2013-08-31 00:00:00+00:00,87612.0,46466.0
2013-09-01 00:00:00+00:00,57043.0,46591.0
2013-09-02 00:00:00+00:00,63738.0,51932.0
2013-09-03 00:00:00+00:00,72441.0,52252.0
2013-09-04 00:00:00+00:00,75781.0,51616.0
2013-09-05 00:00:00+00:00,70530.0,61074.0
2013-09-06 00:00:00+00:00,75818.0,62299.0
2013-09-07 00:00:00+00:00,60406.0,50469.0
2013-09-08 00:00:00+00:00,55602.0,45566.0
2013-09-09 00:00:00+00:00,75151.0,58296.0
2013-09-10 00:00:00+00:00,70346.0,52594.0
2013-09-11 00:00:00+00:00,74178.0,48436.0
2013-09-12 00:00:00+00:00,78649.0,53334.0
2013-09-13 00:00:00+00:00,65832.0,44619.0
2013-09-14 00:00:00+00:00,53427.0,42218.0
2013-09-15 00:00:00+00:00,54408.0,54017.0
2013-09-16 00:00:00+00:00,70731.0,53238.0
2013-09-17 00:00:00+00:00,73646.0,68040.0
2013-09-18 00:00:00+00:00,77986.0,58643.0
2013-09-19 00:00:00+00:00,80008.0,60342.0
2013-09-20 00:00:00+00:00,75867.0,57538.0
2013-09-21 00:00:00+00:00,66018.0,52298.0
2013-09-22 00:00:00+00:00,64347.0,51323.0
2013-09-23 00:00:00+00:00,80171.0,65141.0
2013-09-24 00:00:00+00:00,78410.0,62127.0
2013-09-25 00:00:00+00:00,79801.0,55484.0
2013-09-26 00:00:00+00:00,77792.0,56857.0
2013-09-27 00:00:00+00:00,77735.0,46171.0
2013-09-28 00:00:00+00:00,68961.0,42643.0
2013-09-29 00:00:00+00:00,70490.0,40260.0
2013-09-30 00:00:00+00:00,80461.0,46872.0
2013-10-01 00:00:00+00:00,91102.0,58336.0
2013-10-02 00:00:00+00:00,104703.0,60461.0
2013-10-03 00:00:00+00:00,90980.0,59974.0
2013-10-04 00:00:00+00:00,76881.0,50935.0
2013-10-05 00:00:00+00:00,65561.0,45100.0
2013-10-06 00:00:00+00:00,61903.0,43229.0
2013-10-07 00:00:00+00:00,78360.0,45722.0
2013-10-08 00:00:00+00:00,75010.0,43999.0
2013-10-09 00:00:00+00:00,79805.0,51194.0
2013-10-10 00:00:00+00:00,81804.0,56673.0
2013-10-11 00:00:00+00:00,78192.0,51064.0
2013-10-12 00:00:00+00:00,76060.0,49316.0
2013-10-13 00:00:00+00:00,77953.0,50663.0
2013-10-14 00:00:00+00:00,83416.0,57224.0
2013-10-15 00:00:00+00:00,86235.0,56110.0
2013-10-16 00:00:00+00:00,92582.0,49914.0
2013-10-17 00:00:00+00:00,82808.0,48197.0
2013-10-18 00:00:00+00:00,84996.0,58134.0
2013-10-19 00:00:00+00:00,96934.0,56808.0
2013-10-20 00:00:00+00:00,69040.0,47771.0
2013-10-21 00:00:00+00:00,97064.0,60385.0
2013-10-22 00:00:00+00:00,110677.0,64705.0
2013-10-23 00:00:00+00:00,108316.0,55738.0
2013-10-24 00:00:00+00:00,111952.0,62908.0
2013-10-25 00:00:00+00:00,100894.0,57306.0
2013-10-26 00:00:00+00:00,72893.0,47337.0
2013-10-27 00:00:00+00:00,66108.0,43681.0
2013-10-28 00:00:00+00:00,86585.0,50915.0
2013-10-29 00:00:00+00:00,86798.0,50035.0
2013-10-30 00:00:00+00:00,96056.0,48900.0
2013-10-31 00:00:00+00:00,95791.0,56611.0
2013-11-01 00:00:00+00:00,86825.0,44891.0
2013-11-02 00:00:00+00:00,78835.0,39677.0
2013-11-03 00:00:00+00:00,81991.0,34787.0
2013-11-04 00:00:00+00:00,102736.0,46469.0
2013-11-05 00:00:00+00:00,118752.0,52113.0
2013-11-06 00:00:00+00:00,133026.0,55598.0
2013-11-07 00:00:00+00:00,129067.0,59323.0
2013-11-08 00:00:00+00:00,131772.0,59787.0
2013-11-09 00:00:00+00:00,129648.0,54988.0
2013-11-10 00:00:00+00:00,114440.0,56423.0
2013-11-11 00:00:00+00:00,115536.0,56797.0
2013-11-12 00:00:00+00:00,116498.0,58112.0
2013-11-13 00:00:00+00:00,125199.0,65821.0
2013-11-14 00:00:00+00:00,132404.0,69027.0
2013-11-15 00:00:00+00:00,119399.0,60207.0
2013-11-16 00:00:00+00:00,103125.0,46401.0
2013-11-17 00:00:00+00:00,109082.0,52361.0
2013-11-18 00:00:00+00:00,171380.0,82186.0
2013-11-19 00:00:00+00:00,205240.0,90607.0
2013-11-20 00:00:00+00:00,161122.0,75413.0
2013-11-21 00:00:00+00:00,192640.0,73091.0
2013-11-22 00:00:00+00:00,168639.0,77157.0
2013-11-23 00:00:00+00:00,146167.0,70791.0
2013-11-24 00:00:00+00:00,123964.0,60636.0
2013-11-25 00:00:00+00:00,143350.0,71456.0
2013-11-26 00:00:00+00:00,187706.0,87387.0
2013-11-27 00:00:00+00:00,192515.0,92612.0
2013-11-28 00:00:00+00:00,201832.0,98832.0
2013-11-29 00:00:00+00:00,188994.0,89638.0
2013-11-30 00:00:00+00:00,163385.0,73916.0
2013-12-01 00:00:00+00:00,164939.0,72087.0
2013-12-02 00:00:00+00:00,179818.0,76173.0
2013-12-03 00:00:00+00:00,173471.0,76685.0
2013-12-04 00:00:00+00:00,186429.0,80693.0
2013-12-05 00:00:00+00:00,185882.0,84082.0
2013-12-06 00:00:00+00:00,165974.0,70222.0
2013-12-07 00:00:00+00:00,148012.0,65963.0
2013-12-08 00:00:00+00:00,115670.0,47735.0
2013-12-09 00:00:00+00:00,156514.0,63552.0
2013-12-10 00:00:00+00:00,157623.0,69013.0
2013-12-11 00:00:00+00:00,151130.0,66722.0
2013-12-12 00:00:00+00:00,129116.0,56680.0
2013-12-13 00:00:00+00:00,146944.0,61005.0
2013-12-14 00:00:00+00:00,147850.0,53014.0
2013-12-15 00:00:00+00:00,141277.0,52714.0
2013-12-16 00:00:00+00:00,180233.0,69955.0
2013-12-17 00:00:00+00:00,156115.0,66328.0
2013-12-18 00:00:00+00:00,181410.0,81215.0
2013-12-19 00:00:00+00:00,157818.0,70022.0
2013-12-20 00:00:00+00:00,158569.0,67421.0
2013-12-21 00:00:00+00:00,124307.0,54866.0
2013-12-22 00:00:00+00:00,124146.0,52236.0
2013-12-23 00:00:00+00:00,151062.0,53612.0
2013-12-24 00:00:00+00:00,132367.0,55951.0
2013-12-25 00:00:00+00:00,127600.0,54394.0
2013-12-26 00:00:00+00:00,124049.0,52162.0
2013-12-27 00:00:00+00:00,128876.0,53496.0
2013-12-28 00:00:00+00:00,112555.0,46692.0
2013-12-29 00:00:00+00:00,129208.0,51159.0
2013-12-30 00:00:00+00:00,152090.0,54952.0
2013-12-31 00:00:00+00:00,118420.0,48534.0
2014-01-01 00:00:00+00:00,96516.0,42383.0
2014-01-02 00:00:00+00:00,138928.0,55196.0
2014-01-03 00:00:00+00:00,143832.0,61335.0
2014-01-04 00:00:00+00:00,116229.0,51901.0
2014-01-05 00:00:00+00:00,134802.0,57487.0
2014-01-06 00:00:00+00:00,179999.0,68483.0
2014-01-07 00:00:00+00:00,141665.0,62183.0
2014-01-08 00:00:00+00:00,146348.0,60865.0
2014-01-09 00:00:00+00:00,134908.0,59047.0
2014-01-10 00:00:00+00:00,128371.0,54712.0
2014-01-11 00:00:00+00:00,130495.0,55926.0
2014-01-12 00:00:00+00:00,115119.0,49258.0
2014-01-13 00:00:00+00:00,153853.0,54504.0
2014-01-14 00:00:00+00:00,129226.0,55869.0
2014-01-15 00:00:00+00:00,135647.0,62751.0
2014-01-16 00:00:00+00:00,130689.0,55602.0
2014-01-17 00:00:00+00:00,128915.0,59146.0
2014-01-18 00:00:00+00:00,106009.0,51185.0
2014-01-19 00:00:00+00:00,108623.0,47424.0
2014-01-20 00:00:00+00:00,180527.0,63512.0
2014-01-21 00:00:00+00:00,160288.0,73070.0
2014-01-22 00:00:00+00:00,150333.0,64796.0
2014-01-23 00:00:00+00:00,149895.0,62655.0
2014-01-24 00:00:00+00:00,144338.0,66566.0
2014-01-25 00:00:00+00:00,125411.0,52913.0
2014-01-26 00:00:00+00:00,125376.0,53290.0
2014-01-27 00:00:00+00:00,171032.0,64355.0
2014-01-28 00:00:00+00:00,158602.0,66013.0
2014-01-29 00:00:00+00:00,142119.0,59521.0
2014-01-30 00:00:00+00:00,151474.0,60940.0
2014-01-31 00:00:00+00:00,146489.0,58927.0
2014-02-01 00:00:00+00:00,138630.0,55715.0
2014-02-02 00:00:00+00:00,132242.0,51119.0
2014-02-03 00:00:00+00:00,175731.0,59417.0
2014-02-04 00:00:00+00:00,166548.0,68066.0
2014-02-05 00:00:00+00:00,156535.0,67380.0
2014-02-06 00:00:00+00:00,162066.0,69722.0
2014-02-07 00:00:00+00:00,169400.0,72424.0
2014-02-08 00:00:00+00:00,144461.0,63163.0
2014-02-09 00:00:00+00:00,130842.0,57564.0
2014-02-10 00:00:00+00:00,170337.0,65855.0
2014-02-11 00:00:00+00:00,155297.0,67222.0
2014-02-12 00:00:00+00:00,212833.0,60833.0
2014-02-13 00:00:00+00:00,167617.0,69166.0
2014-02-14 00:00:00+00:00,175329.0,73697.0
2014-02-15 00:00:00+00:00,151828.0,61457.0
2014-02-16 00:00:00+00:00,135691.0,57435.0
2014-02-17 00:00:00+00:00,173737.0,61436.0
2014-02-18 00:00:00+00:00,154278.0,64161.0
2014-02-19 00:00:00+00:00,181354.0,72495.0
2014-02-20 00:00:00+00:00,179241.0,68604.0
2014-02-21 00:00:00+00:00,180043.0,70573.0
2014-02-22 00:00:00+00:00,152477.0,57544.0
2014-02-23 00:00:00+00:00,162703.0,59341.0
2014-02-24 00:00:00+00:00,217723.0,74409.0
2014-02-25 00:00:00+00:00,209042.0,79446.0
2014-02-26 00:00:00+00:00,198825.0,72156.0
2014-02-27 00:00:00+00:00,186867.0,72340.0
2014-02-28 00:00:00+00:00,202531.0,71210.0
2014-03-01 00:00:00+00:00,174849.0,61950.0
2014-03-02 00:00:00+00:00,161296.0,57645.0
2014-03-03 00:00:00+00:00,239106.0,81290.0
2014-03-04 00:00:00+00:00,230183.0,83167.0
2014-03-05 00:00:00+00:00,204980.0,72579.0
2014-03-06 00:00:00+00:00,191203.0,69266.0
2014-03-07 00:00:00+00:00,181365.0,72245.0
2014-03-08 00:00:00+00:00,171767.0,64794.0
2014-03-09 00:00:00+00:00,172480.0,61341.0
2014-03-10 00:00:00+00:00,209703.0,71589.0
2014-03-11 00:00:00+00:00,192707.0,76932.0
2014-03-12 00:00:00+00:00,201998.0,75743.0
2014-03-13 00:00:00+00:00,198172.0,73111.0
2014-03-14 00:00:00+00:00,185902.0,69334.0
2014-03-15 00:00:00+00:00,146037.0,60354.0
2014-03-16 00:00:00+00:00,141737.0,59542.0
2014-03-17 00:00:00+00:00,187013.0,64647.0
2014-03-18 00:00:00+00:00,145860.0,55702.0
2014-03-19 00:00:00+00:00,162108.0,72825.0
2014-03-20 00:00:00+00:00,170768.0,72682.0
2014-03-21 00:00:00+00:00,185393.0,70606.0
2014-03-22 00:00:00+00:00,171832.0,67390.0
2014-03-23 00:00:00+00:00,149492.0,58394.0
2014-03-24 00:00:00+00:00,189786.0,69060.0
2014-03-25 00:00:00+00:00,171509.0,73053.0
2014-03-26 00:00:00+00:00,166155.0,67123.0
2014-03-27 00:00:00+00:00,186843.0,73681.0
2014-03-28 00:00:00+00:00,178365.0,64037.0
2014-03-29 00:00:00+00:00,146650.0,54656.0
2014-03-30 00:00:00+00:00,164718.0,54831.0
2014-03-31 00:00:00+00:00,172497.0,65788.0
2014-04-01 00:00:00+00:00,180851.0,65002.0
2014-04-02 00:00:00+00:00,176078.0,65082.0
2014-04-03 00:00:00+00:00,173295.0,67888.0
2014-04-04 00:00:00+00:00,177264.0,64956.0
2014-04-05 00:00:00+00:00,151868.0,54863.0
2014-04-06 00:00:00+00:00,185666.0,50897.0
2014-04-07 00:00:00+00:00,159482.0,66490.0
2014-04-08 00:00:00+00:00,166019.0,66995.0
2014-04-09 00:00:00+00:00,176284.0,64373.0
2014-04-10 00:00:00+00:00,185474.0,69256.0
2014-04-11 00:00:00+00:00,166924.0,64123.0
2014-04-12 00:00:00+00:00,131975.0,47751.0
2014-04-13 00:00:00+00:00,172422.0,50628.0
2014-04-14 00:00:00+00:00,183076.0,69890.0
2014-04-15 00:00:00+00:00,201397.0,73776.0
2014-04-16 00:00:00+00:00,182765.0,68176.0
2014-04-17 00:00:00+00:00,159399.0,66046.0
2014-04-18 00:00:00+00:00,147495.0,55995.0
2014-04-19 00:00:00+00:00,140534.0,53001.0
2014-04-20 00:00:00+00:00,162905.0,48228.0
2014-04-21 00:00:00+00:00,146354.0,60964.0
2014-04-22 00:00:00+00:00,179152.0,75836.0
2014-04-23 00:00:00+00:00,159425.0,75715.0
2014-04-24 00:00:00+00:00,162087.0,70139.0
2014-04-25 00:00:00+00:00,180567.0,73487.0
2014-04-26 00:00:00+00:00,132791.0,50499.0
2014-04-27 00:00:00+00:00,170979.0,52823.0
2014-04-28 00:00:00+00:00,168952.0,64986.0
2014-04-29 00:00:00+00:00,168752.0,64537.0
2014-04-30 00:00:00+00:00,166313.0,63995.0
2014-05-01 00:00:00+00:00,154174.0,59587.0
2014-05-02 00:00:00+00:00,143085.0,60396.0
2014-05-03 00:00:00+00:00,116433.0,53815.0
2014-05-04 00:00:00+00:00,159490.0,54062.0
2014-05-05 00:00:00+00:00,144154.0,64714.0
2014-05-06 00:00:00+00:00,166298.0,76114.0
2014-05-07 00:00:00+00:00,162643.0,70058.0
2014-05-08 00:00:00+00:00,165833.0,68496.0
2014-05-09 00:00:00+00:00,161587.0,66448.0
2014-05-10 00:00:00+00:00,134895.0,56457.0
2014-05-11 00:00:00+00:00,166228.0,53956.0
2014-05-12 00:00:00+00:00,155388.0,73765.0
2014-05-13 00:00:00+00:00,147074.0,67817.0
2014-05-14 00:00:00+00:00,159121.0,69339.0
2014-05-15 00:00:00+00:00,176226.0,74735.0
2014-05-16 00:00:00+00:00,156212.0,65511.0
2014-05-17 00:00:00+00:00,150165.0,53789.0
2014-05-18 00:00:00+00:00,177463.0,51089.0
2014-05-19 00:00:00+00:00,181571.0,61672.0
2014-05-20 00:00:00+00:00,192586.0,71852.0
2014-05-21 00:00:00+00:00,157311.0,69798.0
2014-05-22 00:00:00+00:00,162838.0,72411.0
2014-05-23 00:00:00+00:00,177498.0,74305.0
2014-05-24 00:00:00+00:00,123811.0,51548.0
2014-05-25 00:00:00+00:00,187419.0,57626.0
2014-05-26 00:00:00+00:00,167687.0,65293.0
2014-05-27 00:00:00+00:00,182860.0,69953.0
2014-05-28 00:00:00+00:00,183061.0,72168.0
2014-05-29 00:00:00+00:00,169110.0,63818.0
2014-05-30 00:00:00+00:00,153948.0,65812.0
2014-05-31 00:00:00+00:00,144272.0,51139.0
2014-06-01 00:00:00+00:00,192380.0,55721.0
2014-06-02 00:00:00+00:00,175430.0,64830.0
2014-06-03 00:00:00+00:00,185339.0,68434.0
2014-06-04 00:00:00+00:00,172746.0,66528.0
2014-06-05 00:00:00+00:00,182268.0,65823.0
2014-06-06 00:00:00+00:00,173007.0,61731.0
2014-06-07 00:00:00+00:00,143378.0,52993.0
2014-06-08 00:00:00+00:00,172332.0,47064.0
2014-06-09 00:00:00+00:00,162353.0,58213.0
2014-06-10 00:00:00+00:00,182372.0,65062.0
2014-06-11 00:00:00+00:00,173422.0,62177.0
2014-06-12 00:00:00+00:00,172729.0,63429.0
2014-06-13 00:00:00+00:00,173708.0,64953.0
2014-06-14 00:00:00+00:00,149660.0,53486.0
2014-06-15 00:00:00+00:00,177382.0,54739.0
2014-06-16 00:00:00+00:00,177312.0,67803.0
2014-06-17 00:00:00+00:00,184074.0,69331.0
2014-06-18 00:00:00+00:00,165353.0,63028.0
2014-06-19 00:00:00+00:00,158405.0,62474.0
2014-06-20 00:00:00+00:00,155204.0,57135.0
2014-06-21 00:00:00+00:00,152595.0,51083.0
2014-06-22 00:00:00+00:00,185446.0,50597.0
2014-06-23 00:00:00+00:00,162950.0,60115.0
2014-06-24 00:00:00+00:00,174440.0,64075.0
2014-06-25 00:00:00+00:00,174070.0,64056.0
2014-06-26 00:00:00+00:00,158966.0,61079.0
2014-06-27 00:00:00+00:00,166577.0,62724.0
2014-06-28 00:00:00+00:00,144471.0,54720.0
2014-06-29 00:00:00+00:00,175850.0,50174.0
2014-06-30 00:00:00+00:00,181598.0,69802.0
2014-07-01 00:00:00+00:00,185615.0,69748.0
2014-07-02 00:00:00+00:00,179686.0,65850.0
2014-07-03 00:00:00+00:00,158572.0,61838.0
2014-07-04 00:00:00+00:00,144187.0,59708.0
2014-07-05 00:00:00+00:00,126478.0,48881.0
2014-07-06 00:00:00+00:00,184532.0,52464.0
2014-07-07 00:00:00+00:00,189077.0,65833.0
2014-07-08 00:00:00+00:00,211510.0,69343.0
2014-07-09 00:00:00+00:00,187251.0,69653.0
2014-07-10 00:00:00+00:00,167058.0,62823.0
2014-07-11 00:00:00+00:00,169606.0,58631.0
2014-07-12 00:00:00+00:00,156338.0,53816.0
2014-07-13 00:00:00+00:00,185975.0,51752.0
2014-07-14 00:00:00+00:00,164790.0,63947.0
2014-07-15 00:00:00+00:00,176650.0,71208.0
2014-07-16 00:00:00+00:00,168305.0,65933.0
2014-07-17 00:00:00+00:00,173954.0,65617.0
2014-07-18 00:00:00+00:00,168626.0,63793.0
2014-07-19 00:00:00+00:00,148917.0,58470.0
2014-07-20 00:00:00+00:00,190961.0,53542.0
2014-07-21 00:00:00+00:00,161778.0,63367.0
2014-07-22 00:00:00+00:00,169127.0,67264.0
2014-07-23 00:00:00+00:00,174755.0,65840.0
2014-07-24 00:00:00+00:00,176149.0,65859.0
2014-07-25 00:00:00+00:00,177347.0,62203.0
2014-07-26 00:00:00+00:00,140817.0,56869.0
2014-07-27 00:00:00+00:00,182563.0,51250.0
2014-07-28 00:00:00+00:00,174637.0,64903.0
2014-07-29 00:00:00+00:00,170530.0,62541.0
2014-07-30 00:00:00+00:00,180476.0,65495.0
2014-07-31 00:00:00+00:00,177455.0,69650.0
2014-08-01 00:00:00+00:00,172169.0,66047.0
2014-08-02 00:00:00+00:00,141630.0,55208.0
2014-08-03 00:00:00+00:00,176087.0,54294.0
2014-08-04 00:00:00+00:00,172824.0,67849.0
2014-08-05 00:00:00+00:00,203179.0,74637.0
2014-08-06 00:00:00+00:00,196452.0,77201.0
2014-08-07 00:00:00+00:00,178997.0,69305.0
2014-08-08 00:00:00+00:00,173005.0,67797.0
2014-08-09 00:00:00+00:00,152677.0,61115.0
2014-08-10 00:00:00+00:00,202330.0,58924.0
2014-08-11 00:00:00+00:00,190879.0,73128.0
2014-08-12 00:00:00+00:00,204689.0,78838.0
2014-08-13 00:00:00+00:00,195738.0,75082.0
2014-08-14 00:00:00+00:00,202135.0,80916.0
2014-08-15 00:00:00+00:00,200423.0,73530.0
2014-08-16 00:00:00+00:00,173929.0,65307.0
2014-08-17 00:00:00+00:00,201320.0,60043.0
2014-08-18 00:00:00+00:00,193767.0,72355.0
2014-08-19 00:00:00+00:00,187448.0,74860.0
2014-08-20 00:00:00+00:00,186763.0,72909.0
2014-08-21 00:00:00+00:00,193528.0,73090.0
2014-08-22 00:00:00+00:00,182975.0,66760.0
2014-08-23 00:00:00+00:00,151274.0,57747.0
2014-08-24 00:00:00+00:00,208310.0,57066.0
2014-08-25 00:00:00+00:00,181249.0,69534.0
2014-08-26 00:00:00+00:00,188274.0,72342.0
2014-08-27 00:00:00+00:00,189509.0,75503.0
2014-08-28 00:00:00+00:00,191762.0,67833.0
2014-08-29 00:00:00+00:00,165055.0,67775.0
2014-08-30 00:00:00+00:00,167970.0,61204.0
2014-08-31 00:00:00+00:00,191406.0,58486.0
2014-09-01 00:00:00+00:00,190403.0,69351.0
2014-09-02 00:00:00+00:00,191326.0,73278.0
2014-09-03 00:00:00+00:00,169050.0,69430.0
2014-09-04 00:00:00+00:00,180670.0,71310.0
2014-09-05 00:00:00+00:00,188565.0,70511.0
2014-09-06 00:00:00+00:00,152934.0,60225.0
2014-09-07 00:00:00+00:00,232778.0,60251.0
2014-09-08 00:00:00+00:00,196424.0,76646.0
2014-09-09 00:00:00+00:00,243692.0,81139.0
2014-09-10 00:00:00+00:00,221162.0,75019.0
2014-09-11 00:00:00+00:00,171772.0,64288.0
2014-09-12 00:00:00+00:00,166122.0,67281.0
2014-09-13 00:00:00+00:00,152145.0,60474.0
2014-09-14 00:00:00+00:00,240833.0,68210.0
2014-09-15 00:00:00+00:00,190655.0,77918.0
2014-09-16 00:00:00+00:00,225014.0,89544.0
2014-09-17 00:00:00+00:00,191063.0,78526.0
2014-09-18 00:00:00+00:00,190890.0,76357.0
2014-09-19 00:00:00+00:00,172255.0,70093.0
2014-09-20 00:00:00+00:00,169941.0,64168.0
2014-09-21 00:00:00+00:00,200712.0,57668.0
2014-09-22 00:00:00+00:00,206729.0,73709.0
2014-09-23 00:00:00+00:00,195635.0,76923.0
2014-09-24 00:00:00+00:00,189719.0,75302.0
2014-09-25 00:00:00+00:00,201394.0,78696.0
2014-09-26 00:00:00+00:00,180341.0,72617.0
2014-09-27 00:00:00+00:00,167251.0,61019.0
2014-09-28 00:00:00+00:00,234946.0,63418.0
2014-09-29 00:00:00+00:00,198246.0,79158.0
2014-09-30 00:00:00+00:00,217696.0,77225.0
2014-10-01 00:00:00+00:00,212669.0,79127.0
2014-10-02 00:00:00+00:00,183913.0,73147.0
2014-10-03 00:00:00+00:00,177578.0,74077.0
2014-10-04 00:00:00+00:00,172315.0,66820.0
2014-10-05 00:00:00+00:00,247567.0,66118.0
2014-10-06 00:00:00+00:00,193513.0,78947.0
2014-10-07 00:00:00+00:00,200932.0,77172.0
2014-10-08 00:00:00+00:00,189881.0,79002.0
2014-10-09 00:00:00+00:00,188877.0,82611.0
2014-10-10 00:00:00+00:00,196627.0,79459.0
2014-10-11 00:00:00+00:00,164418.0,65585.0
2014-10-12 00:00:00+00:00,250261.0,64996.0
2014-10-13 00:00:00+00:00,207310.0,77486.0
2014-10-14 00:00:00+00:00,222532.0,82942.0
2014-10-15 00:00:00+00:00,205441.0,74701.0
2014-10-16 00:00:00+00:00,184416.0,75699.0
2014-10-17 00:00:00+00:00,180122.0,68154.0
2014-10-18 00:00:00+00:00,176676.0,66863.0
2014-10-19 00:00:00+00:00,236855.0,65258.0
2014-10-20 00:00:00+00:00,201790.0,82251.0
2014-10-21 00:00:00+00:00,206733.0,80753.0
2014-10-22 00:00:00+00:00,201731.0,79124.0
2014-10-23 00:00:00+00:00,198755.0,80410.0
2014-10-24 00:00:00+00:00,196085.0,81413.0
2014-10-25 00:00:00+00:00,202433.0,68922.0
2014-10-26 00:00:00+00:00,214842.0,70568.0
2014-10-27 00:00:00+00:00,225066.0,85089.0
2014-10-28 00:00:00+00:00,205248.0,87975.0
2014-10-29 00:00:00+00:00,200016.0,94358.0
2014-10-30 00:00:00+00:00,205736.0,91615.0
2014-10-31 00:00:00+00:00,203137.0,84518.0
2014-11-01 00:00:00+00:00,173118.0,69360.0
2014-11-02 00:00:00+00:00,267793.0,76525.0
2014-11-03 00:00:00+00:00,211234.0,90284.0
2014-11-04 00:00:00+00:00,209429.0,90476.0
2014-11-05 00:00:00+00:00,203229.0,89108.0
2014-11-06 00:00:00+00:00,219885.0,90820.0
2014-11-07 00:00:00+00:00,221566.0,83898.0
2014-11-08 00:00:00+00:00,170855.0,74699.0
2014-11-09 00:00:00+00:00,253202.0,72914.0
2014-11-10 00:00:00+00:00,214221.0,89325.0
2014-11-11 00:00:00+00:00,200922.0,84570.0
2014-11-12 00:00:00+00:00,229329.0,97750.0
2014-11-13 00:00:00+00:00,213181.0,90507.0
2014-11-14 00:00:00+00:00,223425.0,85478.0
2014-11-15 00:00:00+00:00,174268.0,72643.0
2014-11-16 00:00:00+00:00,249080.0,75533.0
2014-11-17 00:00:00+00:00,213572.0,88054.0
2014-11-18 00:00:00+00:00,208693.0,87534.0
2014-11-19 00:00:00+00:00,212316.0,89108.0
2014-11-20 00:00:00+00:00,204567.0,86184.0
2014-11-21 00:00:00+00:00,196858.0,80671.0
2014-11-22 00:00:00+00:00,180131.0,75577.0
2014-11-23 00:00:00+00:00,249395.0,78174.0
2014-11-24 00:00:00+00:00,211890.0,86052.0
2014-11-25 00:00:00+00:00,203972.0,83050.0
2014-11-26 00:00:00+00:00,205408.0,87328.0
2014-11-27 00:00:00+00:00,208264.0,83862.0
2014-11-28 00:00:00+00:00,208778.0,84822.0
2014-11-29 00:00:00+00:00,187909.0,80030.0
2014-11-30 00:00:00+00:00,277774.0,84409.0
2014-12-01 00:00:00+00:00,227571.0,100563.0
2014-12-02 00:00:00+00:00,252787.0,99828.0
2014-12-03 00:00:00+00:00,226744.0,95844.0
2014-12-04 00:00:00+00:00,227387.0,99396.0
2014-12-05 00:00:00+00:00,227490.0,90109.0
2014-12-06 00:00:00+00:00,186079.0,79713.0
2014-12-07 00:00:00+00:00,259501.0,74469.0
2014-12-08 00:00:00+00:00,242048.0,91051.0
2014-12-09 00:00:00+00:00,225674.0,90913.0
2014-12-10 00:00:00+00:00,223236.0,89230.0
2014-12-11 00:00:00+00:00,217332.0,83996.0
2014-12-12 00:00:00+00:00,217065.0,79502.0
2014-12-13 00:00:00+00:00,180986.0,75125.0
2014-12-14 00:00:00+00:00,284878.0,81604.0
2014-12-15 00:00:00+00:00,248144.0,96978.0
2014-12-16 00:00:00+00:00,252332.0,99237.0
2014-12-17 00:00:00+00:00,242691.0,97273.0
2014-12-18 00:00:00+00:00,238736.0,94900.0
2014-12-19 00:00:00+00:00,223509.0,94533.0
2014-12-20 00:00:00+00:00,251036.0,86304.0
2014-12-21 00:00:00+00:00,237992.0,79552.0
2014-12-22 00:00:00+00:00,260678.0,96522.0
2014-12-23 00:00:00+00:00,244340.0,100084.0
2014-12-24 00:00:00+00:00,186732.0,80385.0
2014-12-25 00:00:00+00:00,166473.0,67726.0
2014-12-26 00:00:00+00:00,192091.0,77254.0
2014-12-27 00:00:00+00:00,210729.0,78014.0
2014-12-28 00:00:00+00:00,263683.0,72602.0
2014-12-29 00:00:00+00:00,204682.0,85863.0
2014-12-30 00:00:00+00:00,204192.0,83018.0
2014-12-31 00:00:00+00:00,177886.0,75829.0
2015-01-01 00:00:00+00:00,145765.0,60177.0
2015-01-02 00:00:00+00:00,212932.0,83050.0
2015-01-03 00:00:00+00:00,241755.0,81404.0
2015-01-04 00:00:00+00:00,235011.0,82769.0
2015-01-05 00:00:00+00:00,242515.0,95721.0
2015-01-06 00:00:00+00:00,215554.0,88848.0
2015-01-07 00:00:00+00:00,204697.0,92569.0
2015-01-08 00:00:00+00:00,230454.0,105611.0
2015-01-09 00:00:00+00:00,237524.0,100397.0
2015-01-10 00:00:00+00:00,274443.0,106342.0
2015-01-11 00:00:00+00:00,249636.0,89751.0
2015-01-12 00:00:00+00:00,222808.0,100751.0
2015-01-13 00:00:00+00:00,250066.0,98240.0
2015-01-14 00:00:00+00:00,257446.0,106993.0
2015-01-15 00:00:00+00:00,262427.0,119661.0
2015-01-16 00:00:00+00:00,246341.0,104742.0
2015-01-17 00:00:00+00:00,272389.0,88416.0
2015-01-18 00:00:00+00:00,247184.0,83765.0
2015-01-19 00:00:00+00:00,255010.0,99008.0
2015-01-20 00:00:00+00:00,234321.0,100182.0
2015-01-21 00:00:00+00:00,215260.0,93268.0
2015-01-22 00:00:00+00:00,230504.0,95488.0
2015-01-23 00:00:00+00:00,216750.0,94078.0
2015-01-24 00:00:00+00:00,201529.0,80633.0
2015-01-25 00:00:00+00:00,318167.0,85829.0
2015-01-26 00:00:00+00:00,263343.0,107895.0
2015-01-27 00:00:00+00:00,249279.0,99265.0
2015-01-28 00:00:00+00:00,198841.0,85087.0
2015-01-29 00:00:00+00:00,217393.0,92284.0
2015-01-30 00:00:00+00:00,193117.0,79736.0
2015-01-31 00:00:00+00:00,276120.0,86631.0
2015-02-01 00:00:00+00:00,250290.0,78157.0
2015-02-02 00:00:00+00:00,228409.0,87190.0
2015-02-03 00:00:00+00:00,241904.0,91378.0
2015-02-04 00:00:00+00:00,228028.0,88890.0
2015-02-05 00:00:00+00:00,217016.0,87548.0
2015-02-06 00:00:00+00:00,231139.0,84709.0
2015-02-07 00:00:00+00:00,195430.0,85768.0
2015-02-08 00:00:00+00:00,293810.0,83307.0
2015-02-09 00:00:00+00:00,232450.0,104895.0
2015-02-10 00:00:00+00:00,227906.0,102102.0
2015-02-11 00:00:00+00:00,236742.0,98560.0
2015-02-12 00:00:00+00:00,232114.0,88258.0
2015-02-13 00:00:00+00:00,312759.0,113789.0
2015-02-14 00:00:00+00:00,260312.0,100479.0
2015-02-15 00:00:00+00:00,342433.0,82100.0
2015-02-16 00:00:00+00:00,261678.0,103452.0
2015-02-17 00:00:00+00:00,272213.0,104074.0
2015-02-18 00:00:00+00:00,246403.0,103957.0
2015-02-19 00:00:00+00:00,213440.0,93715.0
2015-02-20 00:00:00+00:00,249692.0,99228.0
2015-02-21 00:00:00+00:00,271126.0,88178.0
2015-02-22 00:00:00+00:00,273269.0,84628.0
2015-02-23 00:00:00+00:00,253650.0,104512.0
2015-02-24 00:00:00+00:00,232088.0,103153.0
2015-02-25 00:00:00+00:00,226574.0,103255.0
2015-02-26 00:00:00+00:00,230216.0,101222.0
2015-02-27 00:00:00+00:00,247223.0,103585.0
2015-02-28 00:00:00+00:00,281000.0,87971.0
2015-03-01 00:00:00+00:00,272256.0,87940.0
2015-03-02 00:00:00+00:00,286476.0,107024.0
2015-03-03 00:00:00+00:00,266412.0,110488.0
2015-03-04 00:00:00+00:00,240738.0,98822.0
2015-03-05 00:00:00+00:00,249736.0,97524.0
2015-03-06 00:00:00+00:00,235826.0,93661.0
2015-03-07 00:00:00+00:00,254894.0,91134.0
2015-03-08 00:00:00+00:00,276241.0,90034.0
2015-03-09 00:00:00+00:00,260611.0,106792.0
2015-03-10 00:00:00+00:00,242733.0,101987.0
2015-03-11 00:00:00+00:00,259958.0,103305.0
2015-03-12 00:00:00+00:00,237787.0,93481.0
2015-03-13 00:00:00+00:00,243732.0,97080.0
2015-03-14 00:00:00+00:00,261423.0,91210.0
2015-03-15 00:00:00+00:00,254579.0,83260.0
2015-03-16 00:00:00+00:00,260952.0,105590.0
2015-03-17 00:00:00+00:00,226597.0,99700.0
2015-03-18 00:00:00+00:00,251725.0,98308.0
2015-03-19 00:00:00+00:00,261205.0,104914.0
2015-03-20 00:00:00+00:00,236693.0,104055.0
2015-03-21 00:00:00+00:00,251472.0,96199.0
2015-03-22 00:00:00+00:00,271887.0,90009.0
2015-03-23 00:00:00+00:00,255115.0,102332.0
2015-03-24 00:00:00+00:00,220798.0,92642.0
2015-03-25 00:00:00+00:00,226737.0,98232.0
2015-03-26 00:00:00+00:00,232228.0,101438.0
2015-03-27 00:00:00+00:00,229847.0,98363.0
2015-03-28 00:00:00+00:00,237409.0,88943.0
2015-03-29 00:00:00+00:00,283051.0,91895.0
2015-03-30 00:00:00+00:00,256087.0,104131.0
2015-03-31 00:00:00+00:00,266605.0,114677.0
2015-04-01 00:00:00+00:00,274206.0,120748.0
2015-04-02 00:00:00+00:00,249771.0,109756.0
2015-04-03 00:00:00+00:00,240801.0,105958.0
2015-04-04 00:00:00+00:00,243687.0,87605.0
2015-04-05 00:00:00+00:00,271639.0,96521.0
2015-04-06 00:00:00+00:00,242694.0,105277.0
2015-04-07 00:00:00+00:00,269775.0,113215.0
2015-04-08 00:00:00+00:00,253258.0,109348.0
2015-04-09 00:00:00+00:00,250608.0,116464.0
2015-04-10 00:00:00+00:00,250196.0,109637.0
2015-04-11 00:00:00+00:00,270860.0,100196.0
2015-04-12 00:00:00+00:00,254516.0,86603.0
2015-04-13 00:00:00+00:00,276787.0,116290.0
2015-04-14 00:00:00+00:00,255342.0,108751.0
2015-04-15 00:00:00+00:00,227570.0,107977.0
2015-04-16 00:00:00+00:00,225691.0,99527.0
2015-04-17 00:00:00+00:00,228675.0,100988.0
2015-04-18 00:00:00+00:00,250243.0,97580.0
2015-04-19 00:00:00+00:00,276814.0,93417.0
2015-04-20 00:00:00+00:00,245521.0,116476.0
2015-04-21 00:00:00+00:00,243752.0,110257.0
2015-04-22 00:00:00+00:00,265898.0,113336.0
2015-04-23 00:00:00+00:00,264221.0,109934.0
2015-04-24 00:00:00+00:00,252037.0,105601.0
2015-04-25 00:00:00+00:00,268305.0,100598.0
2015-04-26 00:00:00+00:00,275889.0,93522.0
2015-04-27 00:00:00+00:00,253708.0,113365.0
2015-04-28 00:00:00+00:00,255162.0,113542.0
2015-04-29 00:00:00+00:00,261510.0,117554.0
2015-04-30 00:00:00+00:00,240159.0,110679.0
2015-05-01 00:00:00+00:00,225580.0,101452.0
2015-05-02 00:00:00+00:00,264029.0,92909.0
2015-05-03 00:00:00+00:00,247646.0,83855.0
2015-05-04 00:00:00+00:00,255868.0,104511.0
2015-05-05 00:00:00+00:00,263807.0,115789.0
2015-05-06 00:00:00+00:00,270868.0,111252.0
2015-05-07 00:00:00+00:00,259340.0,110385.0
2015-05-08 00:00:00+00:00,298182.0,110150.0
2015-05-09 00:00:00+00:00,235324.0,96017.0
2015-05-10 00:00:00+00:00,267176.0,87291.0
2015-05-11 00:00:00+00:00,262404.0,110147.0
2015-05-12 00:00:00+00:00,273959.0,109607.0
2015-05-13 00:00:00+00:00,252379.0,110562.0
2015-05-14 00:00:00+00:00,241337.0,102057.0
2015-05-15 00:00:00+00:00,242013.0,104527.0
2015-05-16 00:00:00+00:00,259761.0,89300.0
2015-05-17 00:00:00+00:00,263667.0,89084.0
2015-05-18 00:00:00+00:00,239338.0,96958.0
2015-05-19 00:00:00+00:00,258201.0,108963.0
2015-05-20 00:00:00+00:00,251166.0,104816.0
2015-05-21 00:00:00+00:00,236381.0,97997.0
2015-05-22 00:00:00+00:00,248185.0,103038.0
2015-05-23 00:00:00+00:00,222628.0,87197.0
2015-05-24 00:00:00+00:00,282015.0,91128.0
2015-05-25 00:00:00+00:00,262222.0,107497.0
2015-05-26 00:00:00+00:00,274566.0,110959.0
2015-05-27 00:00:00+00:00,258192.0,106238.0
2015-05-28 00:00:00+00:00,255987.0,110526.0
2015-05-29 00:00:00+00:00,301378.0,130305.0
2015-05-30 00:00:00+00:00,302015.0,122222.0
2015-05-31 00:00:00+00:00,294212.0,97356.0
2015-06-01 00:00:00+00:00,316894.0,132668.0
2015-06-02 00:00:00+00:00,299987.0,125717.0
2015-06-03 00:00:00+00:00,295631.0,129398.0
2015-06-04 00:00:00+00:00,270650.0,114685.0
2015-06-05 00:00:00+00:00,261364.0,108893.0
2015-06-06 00:00:00+00:00,271268.0,93591.0
2015-06-07 00:00:00+00:00,255838.0,82502.0
2015-06-08 00:00:00+00:00,252632.0,111670.0
2015-06-09 00:00:00+00:00,287564.0,121137.0
2015-06-10 00:00:00+00:00,354081.0,129616.0
2015-06-11 00:00:00+00:00,281625.0,120640.0
2015-06-12 00:00:00+00:00,296611.0,125402.0
2015-06-13 00:00:00+00:00,282673.0,105230.0
2015-06-14 00:00:00+00:00,292633.0,105380.0
2015-06-15 00:00:00+00:00,318865.0,128569.0
2015-06-16 00:00:00+00:00,276646.0,120372.0
2015-06-17 00:00:00+00:00,322275.0,132006.0
2015-06-18 00:00:00+00:00,287336.0,125830.0
2015-06-19 00:00:00+00:00,291461.0,126014.0
2015-06-20 00:00:00+00:00,259541.0,100545.0
2015-06-21 00:00:00+00:00,279335.0,96769.0
2015-06-22 00:00:00+00:00,264629.0,118897.0
2015-06-23 00:00:00+00:00,303390.0,126676.0
2015-06-24 00:00:00+00:00,267900.0,113349.0
2015-06-25 00:00:00+00:00,227584.0,109193.0
2015-06-26 00:00:00+00:00,294363.0,117718.0
2015-06-27 00:00:00+00:00,290296.0,103789.0
2015-06-28 00:00:00+00:00,275010.0,100641.0
2015-06-29 00:00:00+00:00,290419.0,124779.0
2015-06-30 00:00:00+00:00,312364.0,155748.0
2015-07-01 00:00:00+00:00,308546.0,142709.0
2015-07-02 00:00:00+00:00,317013.0,142954.0
2015-07-03 00:00:00+00:00,300150.0,129344.0
2015-07-04 00:00:00+00:00,271740.0,103718.0
2015-07-05 00:00:00+00:00,307522.0,114726.0
2015-07-06 00:00:00+00:00,352954.0,180882.0
2015-07-07 00:00:00+00:00,321011.0,190910.0
2015-07-08 00:00:00+00:00,317005.0,195582.0
2015-07-09 00:00:00+00:00,333362.0,194989.0
2015-07-10 00:00:00+00:00,319210.0,190131.0
2015-07-11 00:00:00+00:00,321077.0,186958.0
2015-07-12 00:00:00+00:00,313443.0,208628.0
2015-07-13 00:00:00+00:00,299508.0,158460.0
2015-07-14 00:00:00+00:00,288951.0,124862.0
2015-07-15 00:00:00+00:00,268772.0,112163.0
2015-07-16 00:00:00+00:00,278082.0,116060.0
2015-07-17 00:00:00+00:00,248227.0,114852.0
2015-07-18 00:00:00+00:00,251678.0,134042.0
2015-07-19 00:00:00+00:00,296139.0,117660.0
2015-07-20 00:00:00+00:00,283750.0,125270.0
2015-07-21 00:00:00+00:00,313410.0,134200.0
2015-07-22 00:00:00+00:00,287455.0,128982.0
2015-07-23 00:00:00+00:00,264413.0,110507.0
2015-07-24 00:00:00+00:00,264644.0,108126.0
2015-07-25 00:00:00+00:00,243324.0,100567.0
2015-07-26 00:00:00+00:00,299700.0,93547.0
2015-07-27 00:00:00+00:00,283647.0,114211.0
2015-07-28 00:00:00+00:00,303847.0,121880.0
2015-07-29 00:00:00+00:00,312401.0,140018.0
2015-07-30 00:00:00+00:00,278623.0,125022.0
2015-07-31 00:00:00+00:00,299579.0,145443.0
2015-08-01 00:00:00+00:00,300587.0,148454.0
2015-08-02 00:00:00+00:00,292502.0,103972.0
2015-08-03 00:00:00+00:00,300542.0,119397.0
2015-08-04 00:00:00+00:00,293826.0,132986.0
2015-08-05 00:00:00+00:00,313235.0,131314.0
2015-08-06 00:00:00+00:00,295447.0,134811.0
2015-08-07 00:00:00+00:00,283150.0,115384.0
2015-08-08 00:00:00+00:00,266587.0,100950.0
2015-08-09 00:00:00+00:00,262571.0,88144.0
2015-08-10 00:00:00+00:00,292834.0,115928.0
2015-08-11 00:00:00+00:00,271613.0,115981.0
2015-08-12 00:00:00+00:00,278802.0,116970.0
2015-08-13 00:00:00+00:00,272849.0,115808.0
2015-08-14 00:00:00+00:00,268926.0,110518.0
2015-08-15 00:00:00+00:00,272413.0,96407.0
2015-08-16 00:00:00+00:00,275996.0,88617.0
2015-08-17 00:00:00+00:00,293079.0,120631.0
2015-08-18 00:00:00+00:00,293760.0,117676.0
2015-08-19 00:00:00+00:00,280796.0,116441.0
2015-08-20 00:00:00+00:00,278919.0,119447.0
2015-08-21 00:00:00+00:00,281703.0,112811.0
2015-08-22 00:00:00+00:00,295137.0,104345.0
2015-08-23 00:00:00+00:00,284990.0,94037.0
2015-08-24 00:00:00+00:00,309470.0,126407.0
2015-08-25 00:00:00+00:00,288148.0,122964.0
2015-08-26 00:00:00+00:00,288944.0,123779.0
2015-08-27 00:00:00+00:00,270033.0,117058.0
2015-08-28 00:00:00+00:00,296413.0,120019.0
2015-08-29 00:00:00+00:00,290341.0,109044.0
2015-08-30 00:00:00+00:00,280853.0,96776.0
2015-08-31 00:00:00+00:00,308087.0,129082.0
2015-09-01 00:00:00+00:00,308331.0,131180.0
2015-09-02 00:00:00+00:00,292511.0,151003.0
2015-09-03 00:00:00+00:00,297285.0,125273.0
2015-09-04 00:00:00+00:00,260465.0,102134.0
2015-09-05 00:00:00+00:00,323127.0,127522.0
2015-09-06 00:00:00+00:00,290712.0,105924.0
2015-09-07 00:00:00+00:00,318515.0,124388.0
2015-09-08 00:00:00+00:00,338676.0,127806.0
2015-09-09 00:00:00+00:00,298432.0,124005.0
2015-09-10 00:00:00+00:00,283028.0,123230.0
2015-09-11 00:00:00+00:00,317585.0,182060.0
2015-09-12 00:00:00+00:00,276575.0,136766.0
2015-09-13 00:00:00+00:00,317231.0,144629.0
2015-09-14 00:00:00+00:00,311373.0,169000.0
2015-09-15 00:00:00+00:00,324464.0,161744.0
2015-09-16 00:00:00+00:00,301627.0,169119.0
2015-09-17 00:00:00+00:00,315192.0,256980.0
2015-09-18 00:00:00+00:00,320444.0,162145.0
2015-09-19 00:00:00+00:00,268056.0,114319.0
2015-09-20 00:00:00+00:00,336567.0,107742.0
2015-09-21 00:00:00+00:00,357635.0,133015.0
2015-09-22 00:00:00+00:00,348545.0,135214.0
2015-09-23 00:00:00+00:00,297453.0,132602.0
2015-09-24 00:00:00+00:00,295784.0,125773.0
2015-09-25 00:00:00+00:00,292649.0,126477.0
2015-09-26 00:00:00+00:00,314624.0,116096.0
2015-09-27 00:00:00+00:00,324221.0,108836.0
2015-09-28 00:00:00+00:00,295867.0,136065.0
2015-09-29 00:00:00+00:00,355812.0,141219.0
2015-09-30 00:00:00+00:00,334445.0,140556.0
2015-10-01 00:00:00+00:00,297034.0,136279.0
2015-10-02 00:00:00+00:00,309307.0,140746.0
2015-10-03 00:00:00+00:00,252618.0,115341.0
2015-10-04 00:00:00+00:00,303522.0,102050.0
2015-10-05 00:00:00+00:00,297239.0,129445.0
2015-10-06 00:00:00+00:00,325721.0,144666.0
2015-10-07 00:00:00+00:00,310175.0,135767.0
2015-10-08 00:00:00+00:00,301525.0,134073.0
2015-10-09 00:00:00+00:00,274941.0,119845.0
2015-10-10 00:00:00+00:00,317477.0,123713.0
2015-10-11 00:00:00+00:00,296821.0,104828.0
2015-10-12 00:00:00+00:00,307438.0,135172.0
2015-10-13 00:00:00+00:00,307430.0,134743.0
2015-10-14 00:00:00+00:00,317192.0,143317.0
2015-10-15 00:00:00+00:00,360598.0,151601.0
2015-10-16 00:00:00+00:00,342212.0,143758.0
2015-10-17 00:00:00+00:00,375203.0,140784.0
2015-10-18 00:00:00+00:00,327671.0,113308.0
2015-10-19 00:00:00+00:00,349142.0,146674.0
2015-10-20 00:00:00+00:00,403962.0,147549.0
2015-10-21 00:00:00+00:00,343508.0,145239.0
2015-10-22 00:00:00+00:00,352887.0,152044.0
2015-10-23 00:00:00+00:00,361424.0,138354.0
2015-10-24 00:00:00+00:00,378880.0,143796.0
2015-10-25 00:00:00+00:00,371558.0,130520.0
2015-10-26 00:00:00+00:00,371860.0,115817.0
2015-10-27 00:00:00+00:00,353786.0,153539.0
2015-10-28 00:00:00+00:00,355701.0,161025.0
2015-10-29 00:00:00+00:00,385081.0,160480.0
2015-10-30 00:00:00+00:00,372016.0,163703.0
2015-10-31 00:00:00+00:00,367631.0,155851.0
2015-11-01 00:00:00+00:00,393101.0,153010.0
2015-11-02 00:00:00+00:00,404897.0,174085.0
2015-11-03 00:00:00+00:00,449049.0,185118.0
2015-11-04 00:00:00+00:00,498795.0,205457.0
2015-11-05 00:00:00+00:00,441656.0,181730.0
2015-11-06 00:00:00+00:00,426032.0,166618.0
2015-11-07 00:00:00+00:00,365479.0,150863.0
2015-11-08 00:00:00+00:00,386676.0,135361.0
2015-11-09 00:00:00+00:00,408589.0,156149.0
2015-11-10 00:00:00+00:00,399491.0,160462.0
2015-11-11 00:00:00+00:00,374115.0,161943.0
2015-11-12 00:00:00+00:00,374348.0,159916.0
2015-11-13 00:00:00+00:00,358205.0,153174.0
2015-11-14 00:00:00+00:00,383137.0,149141.0
2015-11-15 00:00:00+00:00,409132.0,140003.0
2015-11-16 00:00:00+00:00,404593.0,160506.0
2015-11-17 00:00:00+00:00,388743.0,158577.0
2015-11-18 00:00:00+00:00,403730.0,166493.0
2015-11-19 00:00:00+00:00,345821.0,148816.0
2015-11-20 00:00:00+00:00,361600.0,157775.0
2015-11-21 00:00:00+00:00,370942.0,148752.0
2015-11-22 00:00:00+00:00,379184.0,129856.0
2015-11-23 00:00:00+00:00,340771.0,146876.0
2015-11-24 00:00:00+00:00,385973.0,152287.0
2015-11-25 00:00:00+00:00,364221.0,152916.0
2015-11-26 00:00:00+00:00,386928.0,163281.0
2015-11-27 00:00:00+00:00,360234.0,161840.0
2015-11-28 00:00:00+00:00,410729.0,163866.0
2015-11-29 00:00:00+00:00,328208.0,130482.0
2015-11-30 00:00:00+00:00,490103.0,184974.0
2015-12-01 00:00:00+00:00,414541.0,176727.0
2015-12-02 00:00:00+00:00,424374.0,182865.0
2015-12-03 00:00:00+00:00,359444.0,163822.0
2015-12-04 00:00:00+00:00,416094.0,171379.0
2015-12-05 00:00:00+00:00,460264.0,188759.0
2015-12-06 00:00:00+00:00,425554.0,176858.0
2015-12-07 00:00:00+00:00,449269.0,193821.0
2015-12-08 00:00:00+00:00,452823.0,198694.0
2015-12-09 00:00:00+00:00,493312.0,217675.0
2015-12-10 00:00:00+00:00,473257.0,212096.0
2015-12-11 00:00:00+00:00,466766.0,210641.0
2015-12-12 00:00:00+00:00,527840.0,204106.0
2015-12-13 00:00:00+00:00,484886.0,188060.0
2015-12-14 00:00:00+00:00,520571.0,231777.0
2015-12-15 00:00:00+00:00,495314.0,224712.0
2015-12-16 00:00:00+00:00,487898.0,222651.0
2015-12-17 00:00:00+00:00,453218.0,213352.0
2015-12-18 00:00:00+00:00,459189.0,217534.0
2015-12-19 00:00:00+00:00,497028.0,208041.0
2015-12-20 00:00:00+00:00,481622.0,196417.0
2015-12-21 00:00:00+00:00,505331.0,233218.0
2015-12-22 00:00:00+00:00,479097.0,218030.0
2015-12-23 00:00:00+00:00,478167.0,219943.0
2015-12-24 00:00:00+00:00,456965.0,213360.0
2015-12-25 00:00:00+00:00,367825.0,173868.0
2015-12-26 00:00:00+00:00,416167.0,179227.0
2015-12-27 00:00:00+00:00,408582.0,160526.0
2015-12-28 00:00:00+00:00,413657.0,174759.0
2015-12-29 00:00:00+00:00,427804.0,184447.0
2015-12-30 00:00:00+00:00,397910.0,177403.0
2015-12-31 00:00:00+00:00,353317.0,153350.0
2016-01-01 00:00:00+00:00,316781.0,124427.0
2016-01-02 00:00:00+00:00,417966.0,147864.0
2016-01-03 00:00:00+00:00,398443.0,145029.0
2016-01-04 00:00:00+00:00,413159.0,178576.0
2016-01-05 00:00:00+00:00,435291.0,183659.0
2016-01-06 00:00:00+00:00,381359.0,171808.0
2016-01-07 00:00:00+00:00,432867.0,191087.0
2016-01-08 00:00:00+00:00,405522.0,179603.0
2016-01-09 00:00:00+00:00,461784.0,185614.0
2016-01-10 00:00:00+00:00,427477.0,155959.0
2016-01-11 00:00:00+00:00,452499.0,192900.0
2016-01-12 00:00:00+00:00,453665.0,194437.0
2016-01-13 00:00:00+00:00,430325.0,192477.0
2016-01-14 00:00:00+00:00,427750.0,181837.0
2016-01-15 00:00:00+00:00,410879.0,179113.0
2016-01-16 00:00:00+00:00,511206.0,197424.0
2016-01-17 00:00:00+00:00,521728.0,196195.0
2016-01-18 00:00:00+00:00,476975.0,216659.0
2016-01-19 00:00:00+00:00,425484.0,188008.0
2016-01-20 00:00:00+00:00,623972.0,209638.0
2016-01-21 00:00:00+00:00,511702.0,217274.0
2016-01-22 00:00:00+00:00,500516.0,216124.0
2016-01-23 00:00:00+00:00,466284.0,188043.0
2016-01-24 00:00:00+00:00,492811.0,204384.0
2016-01-25 00:00:00+00:00,528904.0,224278.0
2016-01-26 00:00:00+00:00,528008.0,228799.0
2016-01-27 00:00:00+00:00,531444.0,230341.0
2016-01-28 00:00:00+00:00,513308.0,221571.0
2016-01-29 00:00:00+00:00,529268.0,223009.0
2016-01-30 00:00:00+00:00,490429.0,195106.0
2016-01-31 00:00:00+00:00,484082.0,177814.0
2016-02-01 00:00:00+00:00,616260.0,226436.0
2016-02-02 00:00:00+00:00,675786.0,238194.0
2016-02-03 00:00:00+00:00,542654.0,187411.0
2016-02-04 00:00:00+00:00,459997.0,202021.0
2016-02-05 00:00:00+00:00,503467.0,222655.0
2016-02-06 00:00:00+00:00,497975.0,228552.0
2016-02-07 00:00:00+00:00,516141.0,210537.0
2016-02-08 00:00:00+00:00,479473.0,228610.0
2016-02-09 00:00:00+00:00,515267.0,232957.0
2016-02-10 00:00:00+00:00,487454.0,229228.0
2016-02-11 00:00:00+00:00,496667.0,221125.0
2016-02-12 00:00:00+00:00,470121.0,201608.0
2016-02-13 00:00:00+00:00,448353.0,184733.0
2016-02-14 00:00:00+00:00,496649.0,189676.0
2016-02-15 00:00:00+00:00,498129.0,220619.0
2016-02-16 00:00:00+00:00,481206.0,216248.0
2016-02-17 00:00:00+00:00,537228.0,224099.0
2016-02-18 00:00:00+00:00,496326.0,213696.0
2016-02-19 00:00:00+00:00,523596.0,218073.0
2016-02-20 00:00:00+00:00,489626.0,216020.0
2016-02-21 00:00:00+00:00,531113.0,208504.0
2016-02-22 00:00:00+00:00,537212.0,236206.0
2016-02-23 00:00:00+00:00,550408.0,249004.0
2016-02-24 00:00:00+00:00,466104.0,219789.0
2016-02-25 00:00:00+00:00,529925.0,217622.0
2016-02-26 00:00:00+00:00,476826.0,203801.0
2016-02-27 00:00:00+00:00,467543.0,176879.0
2016-02-28 00:00:00+00:00,497556.0,239755.0
2016-02-29 00:00:00+00:00,563571.0,264062.0
2016-03-01 00:00:00+00:00,561876.0,275555.0
2016-03-02 00:00:00+00:00,553815.0,265637.0
2016-03-03 00:00:00+00:00,575225.0,228219.0
2016-03-04 00:00:00+00:00,513898.0,200730.0
2016-03-05 00:00:00+00:00,530671.0,235769.0
2016-03-06 00:00:00+00:00,409059.0,161087.0
2016-03-07 00:00:00+00:00,421465.0,187221.0
2016-03-08 00:00:00+00:00,460732.0,197505.0
2016-03-09 00:00:00+00:00,504399.0,186674.0
2016-03-10 00:00:00+00:00,445273.0,190661.0
2016-03-11 00:00:00+00:00,434658.0,195406.0
2016-03-12 00:00:00+00:00,374730.0,166468.0
2016-03-13 00:00:00+00:00,421585.0,147901.0
2016-03-14 00:00:00+00:00,451902.0,189108.0
2016-03-15 00:00:00+00:00,451559.0,204228.0
2016-03-16 00:00:00+00:00,449250.0,211838.0
2016-03-17 00:00:00+00:00,482125.0,206792.0
2016-03-18 00:00:00+00:00,425769.0,204309.0
2016-03-19 00:00:00+00:00,428645.0,180638.0
2016-03-20 00:00:00+00:00,430803.0,174786.0
2016-03-21 00:00:00+00:00,435918.0,199753.0
2016-03-22 00:00:00+00:00,462080.0,203183.0
2016-03-23 00:00:00+00:00,438399.0,189934.0
2016-03-24 00:00:00+00:00,430544.0,189092.0
2016-03-25 00:00:00+00:00,392195.0,170642.0
2016-03-26 00:00:00+00:00,471861.0,159417.0
2016-03-27 00:00:00+00:00,410531.0,158725.0
2016-03-28 00:00:00+00:00,520539.0,199341.0
2016-03-29 00:00:00+00:00,674110.0,200627.0
2016-03-30 00:00:00+00:00,475833.0,198494.0
2016-03-31 00:00:00+00:00,425668.0,209977.0
2016-04-01 00:00:00+00:00,498916.0,203564.0
2016-04-02 00:00:00+00:00,486983.0,189597.0
2016-04-03 00:00:00+00:00,456249.0,171837.0
2016-04-04 00:00:00+00:00,486496.0,209091.0
2016-04-05 00:00:00+00:00,464749.0,219126.0
2016-04-06 00:00:00+00:00,480231.0,219170.0
2016-04-07 00:00:00+00:00,450348.0,221115.0
2016-04-08 00:00:00+00:00,433298.0,210165.0
2016-04-09 00:00:00+00:00,428083.0,197534.0
2016-04-10 00:00:00+00:00,444157.0,186313.0
2016-04-11 00:00:00+00:00,476122.0,234053.0
2016-04-12 00:00:00+00:00,504477.0,233733.0
2016-04-13 00:00:00+00:00,497314.0,224860.0
2016-04-14 00:00:00+00:00,466772.0,228546.0
2016-04-15 00:00:00+00:00,439873.0,213187.0
2016-04-16 00:00:00+00:00,407712.0,180596.0
2016-04-17 00:00:00+00:00,485493.0,193251.0
2016-04-18 00:00:00+00:00,473379.0,222012.0
2016-04-19 00:00:00+00:00,480187.0,225653.0
2016-04-20 00:00:00+00:00,458038.0,211920.0
2016-04-21 00:00:00+00:00,481473.0,215427.0
2016-04-22 00:00:00+00:00,438706.0,209575.0
2016-04-23 00:00:00+00:00,433938.0,184000.0
2016-04-24 00:00:00+00:00,456476.0,182596.0
2016-04-25 00:00:00+00:00,496102.0,221427.0
2016-04-26 00:00:00+00:00,526580.0,250305.0
2016-04-27 00:00:00+00:00,477617.0,244862.0
2016-04-28 00:00:00+00:00,459333.0,245630.0
2016-04-29 00:00:00+00:00,513848.0,258516.0
2016-04-30 00:00:00+00:00,442245.0,217887.0
2016-05-01 00:00:00+00:00,424418.0,184944.0
2016-05-02 00:00:00+00:00,480773.0,224725.0
2016-05-03 00:00:00+00:00,461956.0,232184.0
2016-05-04 00:00:00+00:00,510639.0,239128.0
2016-05-05 00:00:00+00:00,455031.0,228717.0
2016-05-06 00:00:00+00:00,465712.0,238949.0
2016-05-07 00:00:00+00:00,411559.0,196121.0
2016-05-08 00:00:00+00:00,435990.0,184689.0
2016-05-09 00:00:00+00:00,489806.0,228993.0
2016-05-10 00:00:00+00:00,496262.0,246893.0
2016-05-11 00:00:00+00:00,475358.0,236434.0
2016-05-12 00:00:00+00:00,449920.0,227185.0
2016-05-13 00:00:00+00:00,461650.0,230934.0
2016-05-14 00:00:00+00:00,448880.0,208146.0
2016-05-15 00:00:00+00:00,437321.0,205289.0
2016-05-16 00:00:00+00:00,506052.0,235248.0
2016-05-17 00:00:00+00:00,488115.0,244451.0
2016-05-18 00:00:00+00:00,511129.0,234837.0
2016-05-19 00:00:00+00:00,452381.0,212191.0
2016-05-20 00:00:00+00:00,458726.0,212260.0
2016-05-21 00:00:00+00:00,489718.0,186149.0
2016-05-22 00:00:00+00:00,450660.0,185673.0
2016-05-23 00:00:00+00:00,524621.0,228956.0
2016-05-24 00:00:00+00:00,504685.0,241161.0
2016-05-25 00:00:00+00:00,494978.0,249524.0
2016-05-26 00:00:00+00:00,482152.0,221744.0
2016-05-27 00:00:00+00:00,520769.0,215751.0
2016-05-28 00:00:00+00:00,467539.0,187879.0
2016-05-29 00:00:00+00:00,446574.0,186986.0
2016-05-30 00:00:00+00:00,538546.0,205995.0
2016-05-31 00:00:00+00:00,480865.0,218981.0
2016-06-01 00:00:00+00:00,499855.0,229927.0
2016-06-02 00:00:00+00:00,483962.0,234060.0
2016-06-03 00:00:00+00:00,488080.0,229138.0
2016-06-04 00:00:00+00:00,441515.0,195593.0
2016-06-05 00:00:00+00:00,464095.0,189529.0
2016-06-06 00:00:00+00:00,518548.0,222496.0
2016-06-07 00:00:00+00:00,514462.0,237323.0
2016-06-08 00:00:00+00:00,482283.0,230863.0
2016-06-09 00:00:00+00:00,523498.0,230568.0
2016-06-10 00:00:00+00:00,498550.0,227239.0
2016-06-11 00:00:00+00:00,467524.0,213728.0
2016-06-12 00:00:00+00:00,526242.0,214242.0
2016-06-13 00:00:00+00:00,580506.0,252195.0
2016-06-14 00:00:00+00:00,534856.0,243818.0
2016-06-15 00:00:00+00:00,587472.0,261069.0
2016-06-16 00:00:00+00:00,586017.0,268010.0
2016-06-17 00:00:00+00:00,575677.0,249935.0
2016-06-18 00:00:00+00:00,564654.0,237493.0
2016-06-19 00:00:00+00:00,507096.0,213422.0
2016-06-20 00:00:00+00:00,567592.0,250874.0
2016-06-21 00:00:00+00:00,592134.0,251553.0
2016-06-22 00:00:00+00:00,553797.0,237433.0
2016-06-23 00:00:00+00:00,546971.0,234209.0
2016-06-24 00:00:00+00:00,534641.0,237560.0
2016-06-25 00:00:00+00:00,527647.0,209400.0
2016-06-26 00:00:00+00:00,498043.0,179209.0
2016-06-27 00:00:00+00:00,492341.0,218747.0
2016-06-28 00:00:00+00:00,542692.0,212946.0
2016-06-29 00:00:00+00:00,465149.0,225124.0
2016-06-30 00:00:00+00:00,506917.0,227705.0
2016-07-01 00:00:00+00:00,498334.0,209840.0
2016-07-02 00:00:00+00:00,438905.0,193271.0
2016-07-03 00:00:00+00:00,442711.0,180924.0
2016-07-04 00:00:00+00:00,507658.0,213768.0
2016-07-05 00:00:00+00:00,480529.0,214613.0
2016-07-06 00:00:00+00:00,477624.0,220805.0
2016-07-07 00:00:00+00:00,463940.0,209782.0
2016-07-08 00:00:00+00:00,463219.0,210222.0
2016-07-09 00:00:00+00:00,434260.0,182408.0
2016-07-10 00:00:00+00:00,400962.0,162504.0
2016-07-11 00:00:00+00:00,494651.0,220081.0
2016-07-12 00:00:00+00:00,475560.0,218015.0
2016-07-13 00:00:00+00:00,451100.0,217382.0
2016-07-14 00:00:00+00:00,485920.0,223467.0
2016-07-15 00:00:00+00:00,446635.0,211191.0
2016-07-16 00:00:00+00:00,468834.0,182111.0
2016-07-17 00:00:00+00:00,437943.0,170401.0
2016-07-18 00:00:00+00:00,488612.0,222469.0
2016-07-19 00:00:00+00:00,473547.0,221724.0
2016-07-20 00:00:00+00:00,470700.0,225390.0
2016-07-21 00:00:00+00:00,451643.0,222195.0
2016-07-22 00:00:00+00:00,470889.0,220460.0
2016-07-23 00:00:00+00:00,449056.0,196748.0
2016-07-24 00:00:00+00:00,435414.0,184404.0
2016-07-25 00:00:00+00:00,499950.0,238338.0
2016-07-26 00:00:00+00:00,510407.0,237031.0
2016-07-27 00:00:00+00:00,472568.0,230119.0
2016-07-28 00:00:00+00:00,495202.0,239806.0
2016-07-29 00:00:00+00:00,462610.0,229385.0
2016-07-30 00:00:00+00:00,453074.0,199444.0
2016-07-31 00:00:00+00:00,490761.0,192596.0
2016-08-01 00:00:00+00:00,510170.0,223058.0
2016-08-02 00:00:00+00:00,541551.0,250439.0
2016-08-03 00:00:00+00:00,512566.0,241845.0
2016-08-04 00:00:00+00:00,488042.0,232028.0
2016-08-05 00:00:00+00:00,482120.0,230143.0
2016-08-06 00:00:00+00:00,424854.0,195177.0
2016-08-07 00:00:00+00:00,444399.0,190474.0
2016-08-08 00:00:00+00:00,527222.0,234045.0
2016-08-09 00:00:00+00:00,494819.0,231091.0
2016-08-10 00:00:00+00:00,534986.0,249818.0
2016-08-11 00:00:00+00:00,526186.0,251317.0
2016-08-12 00:00:00+00:00,496269.0,233837.0
2016-08-13 00:00:00+00:00,465522.0,217616.0
2016-08-14 00:00:00+00:00,448752.0,195131.0
2016-08-15 00:00:00+00:00,503013.0,205074.0
2016-08-16 00:00:00+00:00,551712.0,255416.0
2016-08-17 00:00:00+00:00,507908.0,235185.0
2016-08-18 00:00:00+00:00,526059.0,237773.0
2016-08-19 00:00:00+00:00,507037.0,245627.0
2016-08-20 00:00:00+00:00,511306.0,215706.0
2016-08-21 00:00:00+00:00,445785.0,182112.0
2016-08-22 00:00:00+00:00,516221.0,223281.0
2016-08-23 00:00:00+00:00,512822.0,238968.0
2016-08-24 00:00:00+00:00,519952.0,239697.0
2016-08-25 00:00:00+00:00,485553.0,232049.0
2016-08-26 00:00:00+00:00,478025.0,225084.0
2016-08-27 00:00:00+00:00,460178.0,192507.0
2016-08-28 00:00:00+00:00,419012.0,172790.0
2016-08-29 00:00:00+00:00,512920.0,230540.0
2016-08-30 00:00:00+00:00,545062.0,248618.0
2016-08-31 00:00:00+00:00,497832.0,226351.0
2016-09-01 00:00:00+00:00,481213.0,233329.0
2016-09-02 00:00:00+00:00,490560.0,228902.0
2016-09-03 00:00:00+00:00,454210.0,179340.0
2016-09-04 00:00:00+00:00,433383.0,179857.0
2016-09-05 00:00:00+00:00,554978.0,234920.0
2016-09-06 00:00:00+00:00,507177.0,227334.0
2016-09-07 00:00:00+00:00,530571.0,253235.0
2016-09-08 00:00:00+00:00,499129.0,225530.0
2016-09-09 00:00:00+00:00,486523.0,217460.0
2016-09-10 00:00:00+00:00,449720.0,196056.0
2016-09-11 00:00:00+00:00,460039.0,179546.0
2016-09-12 00:00:00+00:00,516128.0,212412.0
2016-09-13 00:00:00+00:00,525384.0,238121.0
2016-09-14 00:00:00+00:00,484948.0,227706.0
2016-09-15 00:00:00+00:00,494956.0,233885.0
2016-09-16 00:00:00+00:00,490815.0,216580.0
2016-09-17 00:00:00+00:00,497085.0,212263.0
2016-09-18 00:00:00+00:00,468394.0,191175.0
2016-09-19 00:00:00+00:00,499780.0,225146.0
2016-09-20 00:00:00+00:00,526478.0,241330.0
2016-09-21 00:00:00+00:00,511634.0,237941.0
2016-09-22 00:00:00+00:00,494102.0,229627.0
2016-09-23 00:00:00+00:00,501479.0,230152.0
2016-09-24 00:00:00+00:00,465376.0,203096.0
2016-09-25 00:00:00+00:00,474290.0,196599.0
2016-09-26 00:00:00+00:00,536915.0,231682.0
2016-09-27 00:00:00+00:00,556798.0,243713.0
2016-09-28 00:00:00+00:00,547404.0,234090.0
2016-09-29 00:00:00+00:00,554360.0,241142.0
2016-09-30 00:00:00+00:00,548051.0,248141.0
2016-10-01 00:00:00+00:00,501986.0,215905.0
2016-10-02 00:00:00+00:00,463086.0,189450.0
2016-10-03 00:00:00+00:00,631233.0,262768.0
2016-10-04 00:00:00+00:00,595024.0,261797.0
2016-10-05 00:00:00+00:00,599856.0,269389.0
2016-10-06 00:00:00+00:00,611468.0,271559.0
2016-10-07 00:00:00+00:00,577168.0,267487.0
2016-10-08 00:00:00+00:00,547264.0,246198.0
2016-10-09 00:00:00+00:00,517842.0,214311.0
2016-10-10 00:00:00+00:00,513555.0,224750.0
2016-10-11 00:00:00+00:00,595746.0,262242.0
2016-10-12 00:00:00+00:00,542168.0,233717.0
2016-10-13 00:00:00+00:00,553694.0,230741.0
2016-10-14 00:00:00+00:00,523032.0,237833.0
2016-10-15 00:00:00+00:00,499884.0,209799.0
2016-10-16 00:00:00+00:00,490575.0,199250.0
2016-10-17 00:00:00+00:00,544749.0,238183.0
2016-10-18 00:00:00+00:00,585111.0,249735.0
2016-10-19 00:00:00+00:00,456808.0,193769.0
2016-10-20 00:00:00+00:00,624972.0,277747.0
2016-10-21 00:00:00+00:00,574916.0,259442.0
2016-10-22 00:00:00+00:00,530899.0,218408.0
2016-10-23 00:00:00+00:00,527890.0,192661.0
2016-10-24 00:00:00+00:00,582797.0,224654.0
2016-10-25 00:00:00+00:00,620214.0,238454.0
2016-10-26 00:00:00+00:00,613266.0,221774.0
2016-10-27 00:00:00+00:00,724529.0,332576.0
2016-10-28 00:00:00+00:00,560747.0,244692.0
2016-10-29 00:00:00+00:00,542123.0,231604.0
2016-10-30 00:00:00+00:00,475892.0,205720.0
2016-10-31 00:00:00+00:00,587693.0,244943.0
2016-11-01 00:00:00+00:00,602551.0,248580.0
2016-11-02 00:00:00+00:00,586295.0,266408.0
2016-11-03 00:00:00+00:00,596454.0,273399.0
2016-11-04 00:00:00+00:00,552456.0,246796.0
2016-11-05 00:00:00+00:00,550980.0,236443.0
2016-11-06 00:00:00+00:00,526347.0,224122.0
2016-11-07 00:00:00+00:00,624606.0,277860.0
2016-11-08 00:00:00+00:00,660400.0,293470.0
2016-11-09 00:00:00+00:00,615584.0,272305.0
2016-11-10 00:00:00+00:00,603667.0,265908.0
2016-11-11 00:00:00+00:00,565366.0,258625.0
2016-11-12 00:00:00+00:00,583489.0,231859.0
2016-11-13 00:00:00+00:00,527525.0,213970.0
2016-11-14 00:00:00+00:00,640753.0,273607.0
2016-11-15 00:00:00+00:00,651339.0,279913.0
2016-11-16 00:00:00+00:00,621011.0,292039.0
2016-11-17 00:00:00+00:00,625675.0,274309.0
2016-11-18 00:00:00+00:00,624376.0,274958.0
2016-11-19 00:00:00+00:00,577027.0,250952.0
2016-11-20 00:00:00+00:00,581103.0,245259.0
2016-11-21 00:00:00+00:00,608552.0,285455.0
2016-11-22 00:00:00+00:00,617504.0,284460.0
2016-11-23 00:00:00+00:00,636445.0,270755.0
2016-11-24 00:00:00+00:00,737874.0,334765.0
2016-11-25 00:00:00+00:00,682142.0,314930.0
2016-11-26 00:00:00+00:00,654741.0,271985.0
2016-11-27 00:00:00+00:00,589127.0,243962.0
2016-11-28 00:00:00+00:00,701286.0,296689.0
2016-11-29 00:00:00+00:00,654015.0,289360.0
2016-11-30 00:00:00+00:00,632745.0,292055.0
2016-12-01 00:00:00+00:00,597486.0,234502.0
2016-12-02 00:00:00+00:00,732501.0,320261.0
2016-12-03 00:00:00+00:00,704699.0,287254.0
2016-12-04 00:00:00+00:00,645140.0,245198.0
2016-12-05 00:00:00+00:00,673152.0,278799.0
2016-12-06 00:00:00+00:00,752811.0,321714.0
2016-12-07 00:00:00+00:00,761638.0,308216.0
2016-12-08 00:00:00+00:00,657520.0,285072.0
2016-12-09 00:00:00+00:00,612161.0,265642.0
2016-12-10 00:00:00+00:00,587478.0,246301.0
2016-12-11 00:00:00+00:00,565550.0,227763.0
2016-12-12 00:00:00+00:00,646506.0,272264.0
2016-12-13 00:00:00+00:00,664583.0,294754.0
2016-12-14 00:00:00+00:00,620511.0,287634.0
2016-12-15 00:00:00+00:00,610613.0,281682.0
2016-12-16 00:00:00+00:00,640704.0,279272.0
2016-12-17 00:00:00+00:00,582085.0,235904.0
2016-12-18 00:00:00+00:00,578425.0,237674.0
2016-12-19 00:00:00+00:00,660086.0,284694.0
2016-12-20 00:00:00+00:00,649665.0,294641.0
2016-12-21 00:00:00+00:00,701255.0,322738.0
2016-12-22 00:00:00+00:00,685539.0,316500.0
2016-12-23 00:00:00+00:00,656294.0,302701.0
2016-12-24 00:00:00+00:00,548416.0,239590.0
2016-12-25 00:00:00+00:00,469228.0,196752.0
2016-12-26 00:00:00+00:00,598371.0,249168.0
2016-12-27 00:00:00+00:00,643553.0,294098.0
2016-12-28 00:00:00+00:00,663681.0,305997.0
2016-12-29 00:00:00+00:00,655045.0,305721.0
2016-12-30 00:00:00+00:00,641012.0,285492.0
2016-12-31 00:00:00+00:00,569619.0,246244.0
2017-01-01 00:00:00+00:00,466889.0,178054.0
2017-01-02 00:00:00+00:00,695006.0,289705.0
2017-01-03 00:00:00+00:00,665048.0,309610.0
2017-01-04 00:00:00+00:00,695057.0,326406.0
2017-01-05 00:00:00+00:00,652932.0,290836.0
2017-01-06 00:00:00+00:00,718728.0,344354.0
2017-01-07 00:00:00+00:00,641049.0,281650.0
2017-01-08 00:00:00+00:00,594176.0,256747.0
2017-01-09 00:00:00+00:00,615967.0,274558.0
2017-01-10 00:00:00+00:00,698656.0,321863.0
2017-01-11 00:00:00+00:00,639505.0,305027.0
2017-01-12 00:00:00+00:00,607660.0,287002.0
2017-01-13 00:00:00+00:00,601486.0,279226.0
2017-01-14 00:00:00+00:00,595768.0,244189.0
2017-01-15 00:00:00+00:00,540189.0,228460.0
2017-01-16 00:00:00+00:00,642798.0,273717.0
2017-01-17 00:00:00+00:00,652459.0,287927.0
2017-01-18 00:00:00+00:00,651983.0,300621.0
2017-01-19 00:00:00+00:00,687454.0,301202.0
2017-01-20 00:00:00+00:00,659337.0,297795.0
2017-01-21 00:00:00+00:00,629947.0,259231.0
2017-01-22 00:00:00+00:00,572531.0,238139.0
2017-01-23 00:00:00+00:00,619539.0,232043.0
2017-01-24 00:00:00+00:00,724707.0,281463.0
2017-01-25 00:00:00+00:00,707539.0,307727.0
2017-01-26 00:00:00+00:00,719958.0,311685.0
2017-01-27 00:00:00+00:00,660526.0,261285.0
2017-01-28 00:00:00+00:00,669387.0,247025.0
2017-01-29 00:00:00+00:00,636175.0,240802.0
2017-01-30 00:00:00+00:00,649149.0,252820.0
2017-01-31 00:00:00+00:00,686217.0,310555.0
2017-02-01 00:00:00+00:00,780918.0,344963.0
2017-02-02 00:00:00+00:00,637933.0,258254.0
2017-02-03 00:00:00+00:00,713302.0,323167.0
2017-02-04 00:00:00+00:00,655245.0,285173.0
2017-02-05 00:00:00+00:00,694185.0,293960.0
2017-02-06 00:00:00+00:00,612564.0,227270.0
2017-02-07 00:00:00+00:00,721269.0,329143.0
2017-02-08 00:00:00+00:00,668157.0,308637.0
2017-02-09 00:00:00+00:00,753077.0,342842.0
2017-02-10 00:00:00+00:00,659353.0,304305.0
2017-02-11 00:00:00+00:00,623589.0,259144.0
2017-02-12 00:00:00+00:00,562366.0,233606.0
2017-02-13 00:00:00+00:00,674942.0,292905.0
2017-02-14 00:00:00+00:00,676693.0,315969.0
2017-02-15 00:00:00+00:00,630353.0,288117.0
2017-02-16 00:00:00+00:00,677760.0,291591.0
2017-02-17 00:00:00+00:00,697160.0,320136.0
2017-02-18 00:00:00+00:00,688930.0,282844.0
2017-02-19 00:00:00+00:00,592596.0,251635.0
2017-02-20 00:00:00+00:00,656025.0,282397.0
2017-02-21 00:00:00+00:00,644640.0,279162.0
2017-02-22 00:00:00+00:00,627239.0,279252.0
2017-02-23 00:00:00+00:00,702266.0,328502.0
2017-02-24 00:00:00+00:00,763642.0,343931.0
2017-02-25 00:00:00+00:00,741893.0,321609.0
2017-02-26 00:00:00+00:00,663264.0,271193.0
2017-02-27 00:00:00+00:00,661526.0,283200.0
2017-02-28 00:00:00+00:00,704366.0,327840.0
2017-03-01 00:00:00+00:00,680418.0,313728.0
2017-03-02 00:00:00+00:00,735015.0,330853.0
2017-03-03 00:00:00+00:00,732359.0,335165.0
2017-03-04 00:00:00+00:00,626694.0,267483.0
2017-03-05 00:00:00+00:00,695966.0,278466.0
2017-03-06 00:00:00+00:00,675606.0,287019.0
2017-03-07 00:00:00+00:00,738688.0,327507.0
2017-03-08 00:00:00+00:00,686030.0,298430.0
2017-03-09 00:00:00+00:00,705017.0,304802.0
2017-03-10 00:00:00+00:00,747049.0,307987.0
2017-03-11 00:00:00+00:00,690924.0,278371.0
2017-03-12 00:00:00+00:00,598360.0,221735.0
2017-03-13 00:00:00+00:00,681914.0,270973.0
2017-03-14 00:00:00+00:00,747825.0,313365.0
2017-03-15 00:00:00+00:00,673841.0,291717.0
2017-03-16 00:00:00+00:00,729304.0,323892.0
2017-03-17 00:00:00+00:00,711639.0,294408.0
2017-03-18 00:00:00+00:00,689478.0,263681.0
2017-03-19 00:00:00+00:00,664913.0,265099.0
2017-03-20 00:00:00+00:00,658172.0,281905.0
2017-03-21 00:00:00+00:00,686680.0,285044.0
2017-03-22 00:00:00+00:00,742361.0,316577.0
2017-03-23 00:00:00+00:00,680140.0,288453.0
2017-03-24 00:00:00+00:00,702675.0,287687.0
2017-03-25 00:00:00+00:00,622498.0,245888.0
2017-03-26 00:00:00+00:00,573816.0,214093.0
2017-03-27 00:00:00+00:00,610984.0,239466.0
2017-03-28 00:00:00+00:00,738882.0,294201.0
2017-03-29 00:00:00+00:00,677629.0,281428.0
2017-03-30 00:00:00+00:00,689337.0,286076.0
2017-03-31 00:00:00+00:00,634568.0,264354.0
2017-04-01 00:00:00+00:00,642373.0,255318.0
2017-04-02 00:00:00+00:00,648586.0,239768.0
2017-04-03 00:00:00+00:00,736529.0,291271.0
2017-04-04 00:00:00+00:00,634031.0,255190.0
2017-04-05 00:00:00+00:00,739640.0,318285.0
2017-04-06 00:00:00+00:00,700828.0,288456.0
2017-04-07 00:00:00+00:00,717479.0,295790.0
2017-04-08 00:00:00+00:00,599739.0,228220.0
2017-04-09 00:00:00+00:00,654193.0,235725.0
2017-04-10 00:00:00+00:00,691112.0,275186.0
2017-04-11 00:00:00+00:00,754368.0,308804.0
2017-04-12 00:00:00+00:00,687363.0,276453.0
2017-04-13 00:00:00+00:00,611405.0,228734.0
2017-04-14 00:00:00+00:00,696528.0,286708.0
2017-04-15 00:00:00+00:00,681237.0,268816.0
2017-04-16 00:00:00+00:00,589650.0,212360.0
2017-04-17 00:00:00+00:00,613136.0,249157.0
2017-04-18 00:00:00+00:00,713650.0,306095.0
2017-04-19 00:00:00+00:00,718648.0,309186.0
2017-04-20 00:00:00+00:00,687821.0,266967.0
2017-04-21 00:00:00+00:00,782123.0,323583.0
2017-04-22 00:00:00+00:00,691453.0,272882.0
2017-04-23 00:00:00+00:00,637701.0,241154.0
2017-04-24 00:00:00+00:00,616696.0,228745.0
2017-04-25 00:00:00+00:00,740074.0,323754.0
2017-04-26 00:00:00+00:00,769382.0,333528.0
2017-04-27 00:00:00+00:00,718553.0,298425.0
2017-04-28 00:00:00+00:00,726149.0,305139.0
2017-04-29 00:00:00+00:00,827017.0,342279.0
2017-04-30 00:00:00+00:00,726257.0,277080.0
2017-05-01 00:00:00+00:00,713866.0,298563.0
2017-05-02 00:00:00+00:00,782531.0,331695.0
2017-05-03 00:00:00+00:00,691453.0,295724.0
2017-05-04 00:00:00+00:00,851617.0,355309.0
2017-05-05 00:00:00+00:00,660727.0,267934.0
2017-05-06 00:00:00+00:00,867643.0,359458.0
2017-05-07 00:00:00+00:00,790638.0,318416.0
2017-05-08 00:00:00+00:00,887445.0,364313.0
2017-05-09 00:00:00+00:00,805373.0,333631.0
2017-05-10 00:00:00+00:00,730268.0,310417.0
2017-05-11 00:00:00+00:00,703146.0,295913.0
2017-05-12 00:00:00+00:00,742648.0,314538.0
2017-05-13 00:00:00+00:00,793427.0,330132.0
2017-05-14 00:00:00+00:00,894445.0,369462.0
2017-05-15 00:00:00+00:00,824667.0,329004.0
2017-05-16 00:00:00+00:00,653146.0,231042.0
2017-05-17 00:00:00+00:00,765393.0,320079.0
2017-05-18 00:00:00+00:00,742869.0,291987.0
2017-05-19 00:00:00+00:00,805861.0,316411.0
2017-05-20 00:00:00+00:00,854533.0,354493.0
2017-05-21 00:00:00+00:00,778746.0,320625.0
2017-05-22 00:00:00+00:00,781440.0,331686.0
2017-05-23 00:00:00+00:00,872972.0,368715.0
2017-05-24 00:00:00+00:00,811722.0,337146.0
2017-05-25 00:00:00+00:00,847501.0,350534.0
2017-05-26 00:00:00+00:00,814316.0,333093.0
2017-05-27 00:00:00+00:00,892105.0,330950.0
2017-05-28 00:00:00+00:00,848084.0,303645.0
2017-05-29 00:00:00+00:00,771791.0,326916.0
2017-05-30 00:00:00+00:00,851137.0,348103.0
2017-05-31 00:00:00+00:00,818815.0,320406.0
2017-06-01 00:00:00+00:00,837922.0,319348.0
2017-06-02 00:00:00+00:00,723130.0,263831.0
2017-06-03 00:00:00+00:00,879242.0,306209.0
2017-06-04 00:00:00+00:00,739511.0,271578.0
2017-06-05 00:00:00+00:00,767010.0,289269.0
2017-06-06 00:00:00+00:00,802549.0,299724.0
2017-06-07 00:00:00+00:00,877184.0,338421.0
2017-06-08 00:00:00+00:00,823165.0,307355.0
2017-06-09 00:00:00+00:00,762294.0,280990.0
2017-06-10 00:00:00+00:00,696034.0,252722.0
2017-06-11 00:00:00+00:00,670073.0,225018.0
2017-06-12 00:00:00+00:00,726296.0,270146.0
2017-06-13 00:00:00+00:00,768501.0,291856.0
2017-06-14 00:00:00+00:00,740847.0,284904.0
2017-06-15 00:00:00+00:00,797366.0,293498.0
2017-06-16 00:00:00+00:00,730161.0,271022.0
2017-06-17 00:00:00+00:00,659616.0,233555.0
2017-06-18 00:00:00+00:00,628753.0,209445.0
2017-06-19 00:00:00+00:00,725338.0,268231.0
2017-06-20 00:00:00+00:00,745087.0,272588.0
2017-06-21 00:00:00+00:00,755305.0,279662.0
2017-06-22 00:00:00+00:00,728948.0,267507.0
2017-06-23 00:00:00+00:00,718091.0,263398.0
2017-06-24 00:00:00+00:00,638287.0,220439.0
2017-06-25 00:00:00+00:00,537762.0,185434.0
2017-06-26 00:00:00+00:00,705488.0,261094.0
2017-06-27 00:00:00+00:00,696698.0,261113.0
2017-06-28 00:00:00+00:00,738521.0,277158.0
2017-06-29 00:00:00+00:00,628876.0,232122.0
2017-06-30 00:00:00+00:00,715545.0,266457.0
2017-07-01 00:00:00+00:00,641147.0,220267.0
2017-07-02 00:00:00+00:00,604820.0,196813.0
2017-07-03 00:00:00+00:00,660964.0,250562.0
2017-07-04 00:00:00+00:00,718284.0,256743.0
2017-07-05 00:00:00+00:00,649605.0,235034.0
2017-07-06 00:00:00+00:00,637761.0,229220.0
2017-07-07 00:00:00+00:00,733315.0,243553.0
2017-07-08 00:00:00+00:00,630307.0,217777.0
2017-07-09 00:00:00+00:00,547682.0,185614.0
2017-07-10 00:00:00+00:00,778061.0,254337.0
2017-07-11 00:00:00+00:00,773747.0,269057.0
2017-07-12 00:00:00+00:00,746872.0,255592.0
2017-07-13 00:00:00+00:00,675427.0,243905.0
2017-07-14 00:00:00+00:00,647312.0,231329.0
2017-07-15 00:00:00+00:00,624607.0,216276.0
2017-07-16 00:00:00+00:00,617297.0,205409.0
2017-07-17 00:00:00+00:00,690739.0,232141.0
2017-07-18 00:00:00+00:00,809612.0,260132.0
2017-07-19 00:00:00+00:00,713341.0,253602.0
2017-07-20 00:00:00+00:00,660126.0,230755.0
2017-07-21 00:00:00+00:00,744868.0,269668.0
2017-07-22 00:00:00+00:00,633583.0,214900.0
2017-07-23 00:00:00+00:00,536910.0,183120.0
2017-07-24 00:00:00+00:00,681339.0,243957.0
2017-07-25 00:00:00+00:00,702031.0,242360.0
2017-07-26 00:00:00+00:00,652653.0,236393.0
2017-07-27 00:00:00+00:00,686889.0,225488.0
2017-07-28 00:00:00+00:00,683771.0,249112.0
2017-07-29 00:00:00+00:00,634637.0,207797.0
2017-07-30 00:00:00+00:00,583526.0,193936.0
2017-07-31 00:00:00+00:00,692282.0,220968.0
2017-08-01 00:00:00+00:00,473639.0,131368.0
2017-08-02 00:00:00+00:00,599118.0,214635.0
2017-08-03 00:00:00+00:00,592805.0,212356.0
2017-08-04 00:00:00+00:00,668144.0,234256.0
2017-08-05 00:00:00+00:00,642015.0,235105.0
2017-08-06 00:00:00+00:00,547079.0,203085.0
2017-08-07 00:00:00+00:00,692078.0,250307.0
2017-08-08 00:00:00+00:00,786340.0,275494.0
2017-08-09 00:00:00+00:00,711839.0,257449.0
2017-08-10 00:00:00+00:00,730801.0,262413.0
2017-08-11 00:00:00+00:00,729508.0,278906.0
2017-08-12 00:00:00+00:00,695821.0,261652.0
2017-08-13 00:00:00+00:00,717839.0,263937.0
2017-08-14 00:00:00+00:00,681161.0,258450.0
2017-08-15 00:00:00+00:00,817719.0,309155.0
2017-08-16 00:00:00+00:00,688962.0,276520.0
2017-08-17 00:00:00+00:00,863099.0,348484.0
2017-08-18 00:00:00+00:00,727394.0,306485.0
2017-08-19 00:00:00+00:00,708914.0,264904.0
2017-08-20 00:00:00+00:00,627940.0,215808.0
2017-08-21 00:00:00+00:00,632318.0,238146.0
2017-08-22 00:00:00+00:00,530992.0,196446.0
2017-08-23 00:00:00+00:00,839588.0,313788.0
2017-08-24 00:00:00+00:00,542527.0,201411.0
2017-08-25 00:00:00+00:00,587663.0,212865.0
2017-08-26 00:00:00+00:00,617917.0,224662.0
2017-08-27 00:00:00+00:00,753881.0,257198.0
2017-08-28 00:00:00+00:00,661017.0,227603.0
2017-08-29 00:00:00+00:00,789243.0,276967.0
2017-08-30 00:00:00+00:00,805068.0,275731.0
2017-08-31 00:00:00+00:00,797023.0,281321.0
2017-09-01 00:00:00+00:00,767441.0,275267.0
2017-09-02 00:00:00+00:00,709832.0,241028.0
2017-09-03 00:00:00+00:00,587110.0,195123.0
2017-09-04 00:00:00+00:00,760792.0,270702.0
2017-09-05 00:00:00+00:00,780357.0,277339.0
2017-09-06 00:00:00+00:00,777010.0,277211.0
2017-09-07 00:00:00+00:00,767722.0,256625.0
2017-09-08 00:00:00+00:00,809056.0,271237.0
2017-09-09 00:00:00+00:00,625612.0,218820.0
2017-09-10 00:00:00+00:00,581564.0,199466.0
2017-09-11 00:00:00+00:00,724503.0,249732.0
2017-09-12 00:00:00+00:00,700869.0,254127.0
2017-09-13 00:00:00+00:00,715683.0,261808.0
2017-09-14 00:00:00+00:00,786448.0,274235.0
2017-09-15 00:00:00+00:00,831698.0,291839.0
2017-09-16 00:00:00+00:00,637532.0,224435.0
2017-09-17 00:00:00+00:00,582453.0,195890.0
2017-09-18 00:00:00+00:00,694432.0,224367.0
2017-09-19 00:00:00+00:00,784159.0,283774.0
2017-09-20 00:00:00+00:00,619406.0,234110.0
2017-09-21 00:00:00+00:00,684987.0,253479.0
2017-09-22 00:00:00+00:00,642171.0,224128.0
2017-09-23 00:00:00+00:00,571954.0,203754.0
2017-09-24 00:00:00+00:00,549507.0,190216.0
2017-09-25 00:00:00+00:00,655510.0,226331.0
2017-09-26 00:00:00+00:00,722077.0,258284.0
2017-09-27 00:00:00+00:00,702387.0,265442.0
2017-09-28 00:00:00+00:00,753933.0,270458.0
2017-09-29 00:00:00+00:00,741184.0,255919.0
2017-09-30 00:00:00+00:00,631821.0,211916.0
2017-10-01 00:00:00+00:00,628817.0,205006.0
2017-10-02 00:00:00+00:00,800519.0,289356.0
2017-10-03 00:00:00+00:00,787242.0,283080.0
2017-10-04 00:00:00+00:00,655363.0,239021.0
2017-10-05 00:00:00+00:00,725883.0,272044.0
2017-10-06 00:00:00+00:00,818384.0,284714.0
2017-10-07 00:00:00+00:00,651679.0,223629.0
2017-10-08 00:00:00+00:00,699283.0,243087.0
2017-10-09 00:00:00+00:00,797851.0,296123.0
2017-10-10 00:00:00+00:00,833834.0,304468.0
2017-10-11 00:00:00+00:00,778349.0,294651.0
2017-10-12 00:00:00+00:00,784446.0,293950.0
2017-10-13 00:00:00+00:00,818187.0,307306.0
2017-10-14 00:00:00+00:00,789672.0,291820.0
2017-10-15 00:00:00+00:00,825816.0,285265.0
2017-10-16 00:00:00+00:00,844162.0,312096.0
2017-10-17 00:00:00+00:00,878509.0,337105.0
2017-10-18 00:00:00+00:00,824566.0,330289.0
2017-10-19 00:00:00+00:00,906491.0,354271.0
2017-10-20 00:00:00+00:00,850614.0,313394.0
2017-10-21 00:00:00+00:00,800937.0,309587.0
2017-10-22 00:00:00+00:00,907439.0,290846.0
2017-10-23 00:00:00+00:00,880240.0,316323.0
2017-10-24 00:00:00+00:00,955565.0,346088.0
2017-10-25 00:00:00+00:00,911228.0,310122.0
2017-10-26 00:00:00+00:00,742163.0,272615.0
2017-10-27 00:00:00+00:00,668740.0,246216.0
2017-10-28 00:00:00+00:00,555227.0,208616.0
2017-10-29 00:00:00+00:00,905041.0,330193.0
2017-10-30 00:00:00+00:00,894901.0,316082.0
2017-10-31 00:00:00+00:00,827896.0,280319.0
2017-11-01 00:00:00+00:00,961473.0,351487.0
2017-11-02 00:00:00+00:00,916882.0,341608.0
2017-11-03 00:00:00+00:00,820113.0,277903.0
2017-11-04 00:00:00+00:00,800708.0,290835.0
2017-11-05 00:00:00+00:00,805781.0,251752.0
2017-11-06 00:00:00+00:00,831790.0,273071.0
2017-11-07 00:00:00+00:00,937089.0,332632.0
2017-11-08 00:00:00+00:00,871573.0,303382.0
2017-11-09 00:00:00+00:00,948030.0,339565.0
2017-11-10 00:00:00+00:00,786879.0,274118.0
2017-11-11 00:00:00+00:00,579558.0,192216.0
2017-11-12 00:00:00+00:00,586355.0,187788.0
2017-11-13 00:00:00+00:00,920515.0,308819.0
2017-11-14 00:00:00+00:00,819127.0,272441.0
2017-11-15 00:00:00+00:00,944172.0,319586.0
2017-11-16 00:00:00+00:00,907472.0,311127.0
2017-11-17 00:00:00+00:00,982559.0,305425.0
2017-11-18 00:00:00+00:00,843076.0,268902.0
2017-11-19 00:00:00+00:00,913898.0,267096.0
2017-11-20 00:00:00+00:00,979917.0,332821.0
2017-11-21 00:00:00+00:00,981593.0,373326.0
2017-11-22 00:00:00+00:00,869698.0,311835.0
2017-11-23 00:00:00+00:00,959240.0,352980.0
2017-11-24 00:00:00+00:00,905792.0,307294.0
2017-11-25 00:00:00+00:00,922777.0,332515.0
2017-11-26 00:00:00+00:00,941512.0,330936.0
2017-11-27 00:00:00+00:00,1061044.0,381576.0
2017-11-28 00:00:00+00:00,1025283.0,365153.0
2017-11-29 00:00:00+00:00,1132724.0,398873.0
2017-11-30 00:00:00+00:00,1086490.0,383941.0
2017-12-01 00:00:00+00:00,1115596.0,412472.0
2017-12-02 00:00:00+00:00,943132.0,325296.0
2017-12-03 00:00:00+00:00,1008744.0,347132.0
2017-12-04 00:00:00+00:00,1155119.0,407287.0
2017-12-05 00:00:00+00:00,1146460.0,404804.0
2017-12-06 00:00:00+00:00,1228561.0,442897.0
2017-12-07 00:00:00+00:00,1065803.0,374945.0
2017-12-08 00:00:00+00:00,1126652.0,385493.0
2017-12-09 00:00:00+00:00,1182172.0,401509.0
2017-12-10 00:00:00+00:00,1073634.0,336561.0
2017-12-11 00:00:00+00:00,1163072.0,376572.0
2017-12-12 00:00:00+00:00,1099485.0,372599.0
2017-12-13 00:00:00+00:00,1251052.0,417596.0
2017-12-14 00:00:00+00:00,1290363.0,498142.0
2017-12-15 00:00:00+00:00,1179313.0,400877.0
2017-12-16 00:00:00+00:00,1132973.0,366938.0
2017-12-17 00:00:00+00:00,1175732.0,389211.0
2017-12-18 00:00:00+00:00,1204183.0,398048.0
2017-12-19 00:00:00+00:00,1046267.0,378510.0
2017-12-20 00:00:00+00:00,1027644.0,370374.0
2017-12-21 00:00:00+00:00,998866.0,334454.0
2017-12-22 00:00:00+00:00,1110734.0,380012.0
2017-12-23 00:00:00+00:00,979504.0,307204.0
2017-12-24 00:00:00+00:00,1020552.0,274389.0
2017-12-25 00:00:00+00:00,878323.0,229330.0
2017-12-26 00:00:00+00:00,911656.0,247416.0
2017-12-27 00:00:00+00:00,1037747.0,311934.0
2017-12-28 00:00:00+00:00,999488.0,303032.0
2017-12-29 00:00:00+00:00,1096215.0,356789.0
2017-12-30 00:00:00+00:00,998615.0,338045.0
2017-12-31 00:00:00+00:00,1007208.0,292987.0
2018-01-01 00:00:00+00:00,972783.0,241625.0
2018-01-02 00:00:00+00:00,1142721.0,343664.0
2018-01-03 00:00:00+00:00,1130917.0,396942.0
2018-01-04 00:00:00+00:00,1253986.0,424762.0
2018-01-05 00:00:00+00:00,1069525.0,339441.0
2018-01-06 00:00:00+00:00,1163503.0,356470.0
2018-01-07 00:00:00+00:00,1130388.0,372566.0
2018-01-08 00:00:00+00:00,1157303.0,345855.0
2018-01-09 00:00:00+00:00,1145338.0,354874.0
2018-01-10 00:00:00+00:00,1118949.0,347701.0
2018-01-11 00:00:00+00:00,1222969.0,334581.0
2018-01-12 00:00:00+00:00,1153290.0,304727.0
2018-01-13 00:00:00+00:00,939348.0,264304.0
2018-01-14 00:00:00+00:00,971840.0,236042.0
2018-01-15 00:00:00+00:00,949563.0,272139.0
2018-01-16 00:00:00+00:00,1001819.0,306170.0
2018-01-17 00:00:00+00:00,1090483.0,314242.0
2018-01-18 00:00:00+00:00,1050790.0,307893.0
2018-01-19 00:00:00+00:00,1027992.0,242661.0
2018-01-20 00:00:00+00:00,970060.0,236313.0
2018-01-21 00:00:00+00:00,988506.0,217475.0
2018-01-22 00:00:00+00:00,946599.0,250083.0
2018-01-23 00:00:00+00:00,893416.0,266082.0
2018-01-24 00:00:00+00:00,940167.0,251628.0
2018-01-25 00:00:00+00:00,854029.0,238459.0
2018-01-26 00:00:00+00:00,807029.0,218851.0
2018-01-27 00:00:00+00:00,860840.0,192395.0
2018-01-28 00:00:00+00:00,765711.0,213698.0
2018-01-29 00:00:00+00:00,775230.0,230013.0
2018-01-30 00:00:00+00:00,845185.0,239554.0
2018-01-31 00:00:00+00:00,685452.0,208360.0
2018-02-01 00:00:00+00:00,833934.0,252498.0
2018-02-02 00:00:00+00:00,853582.0,237739.0
2018-02-03 00:00:00+00:00,714800.0,190833.0
2018-02-04 00:00:00+00:00,711645.0,172621.0
2018-02-05 00:00:00+00:00,915758.0,221421.0
2018-02-06 00:00:00+00:00,999753.0,245035.0
2018-02-07 00:00:00+00:00,804119.0,207672.0
2018-02-08 00:00:00+00:00,753618.0,177469.0
2018-02-09 00:00:00+00:00,781921.0,178845.0
2018-02-10 00:00:00+00:00,737187.0,176305.0
2018-02-11 00:00:00+00:00,814528.0,147871.0
2018-02-12 00:00:00+00:00,912131.0,185649.0
2018-02-13 00:00:00+00:00,868109.0,188299.0
2018-02-14 00:00:00+00:00,937769.0,197735.0
2018-02-15 00:00:00+00:00,779005.0,195903.0
2018-02-16 00:00:00+00:00,773561.0,185173.0
2018-02-17 00:00:00+00:00,765638.0,172015.0
2018-02-18 00:00:00+00:00,730130.0,160325.0
2018-02-19 00:00:00+00:00,857787.0,191633.0
2018-02-20 00:00:00+00:00,703065.0,194005.0
2018-02-21 00:00:00+00:00,713740.0,208330.0
2018-02-22 00:00:00+00:00,719848.0,182712.0
2018-02-23 00:00:00+00:00,732287.0,180733.0
2018-02-24 00:00:00+00:00,690001.0,153121.0
2018-02-25 00:00:00+00:00,526879.0,143945.0
2018-02-26 00:00:00+00:00,688379.0,191999.0
2018-02-27 00:00:00+00:00,699046.0,215369.0
2018-02-28 00:00:00+00:00,817155.0,190181.0
2018-03-01 00:00:00+00:00,821011.0,236700.0
2018-03-02 00:00:00+00:00,752300.0,192887.0
2018-03-03 00:00:00+00:00,934083.0,179832.0
2018-03-04 00:00:00+00:00,792569.0,154847.0
2018-03-05 00:00:00+00:00,857168.0,205776.0
2018-03-06 00:00:00+00:00,834323.0,208778.0
2018-03-07 00:00:00+00:00,922143.0,212833.0
2018-03-08 00:00:00+00:00,903578.0,189879.0
2018-03-09 00:00:00+00:00,888997.0,202179.0
2018-03-10 00:00:00+00:00,803717.0,149505.0
2018-03-11 00:00:00+00:00,889324.0,157234.0
2018-03-12 00:00:00+00:00,828676.0,185230.0
2018-03-13 00:00:00+00:00,773506.0,199201.0
2018-03-14 00:00:00+00:00,580666.0,193089.0
2018-03-15 00:00:00+00:00,602746.0,201087.0
2018-03-16 00:00:00+00:00,601517.0,188256.0
2018-03-17 00:00:00+00:00,452543.0,151432.0
2018-03-18 00:00:00+00:00,535510.0,164511.0
2018-03-19 00:00:00+00:00,587514.0,193494.0
2018-03-20 00:00:00+00:00,567891.0,193222.0
2018-03-21 00:00:00+00:00,586910.0,199262.0
2018-03-22 00:00:00+00:00,577941.0,180421.0
2018-03-23 00:00:00+00:00,619608.0,177341.0
2018-03-24 00:00:00+00:00,543804.0,159401.0
2018-03-25 00:00:00+00:00,454187.0,137632.0
2018-03-26 00:00:00+00:00,582295.0,187477.0
2018-03-27 00:00:00+00:00,598612.0,185428.0
2018-03-28 00:00:00+00:00,552755.0,181035.0
2018-03-29 00:00:00+00:00,559619.0,189556.0
2018-03-30 00:00:00+00:00,571020.0,183947.0
2018-03-31 00:00:00+00:00,475498.0,149294.0
2018-04-01 00:00:00+00:00,425276.0,133901.0
2018-04-02 00:00:00+00:00,485666.0,167141.0
2018-04-03 00:00:00+00:00,605514.0,203600.0
2018-04-04 00:00:00+00:00,565002.0,183926.0
2018-04-05 00:00:00+00:00,534893.0,181407.0
2018-04-06 00:00:00+00:00,631476.0,169899.0
2018-04-07 00:00:00+00:00,502038.0,155865.0
2018-04-08 00:00:00+00:00,414992.0,139770.0
2018-04-09 00:00:00+00:00,535496.0,174115.0
2018-04-10 00:00:00+00:00,569509.0,188256.0
2018-04-11 00:00:00+00:00,533732.0,179955.0
2018-04-12 00:00:00+00:00,629328.0,216526.0
2018-04-13 00:00:00+00:00,638968.0,213311.0
2018-04-14 00:00:00+00:00,502546.0,165043.0
2018-04-15 00:00:00+00:00,590187.0,170677.0
2018-04-16 00:00:00+00:00,721332.0,194303.0
2018-04-17 00:00:00+00:00,614295.0,204094.0
2018-04-18 00:00:00+00:00,588686.0,200441.0
2018-04-19 00:00:00+00:00,657714.0,215282.0
2018-04-20 00:00:00+00:00,661833.0,210669.0
2018-04-21 00:00:00+00:00,602722.0,191121.0
2018-04-22 00:00:00+00:00,502665.0,168980.0
2018-04-23 00:00:00+00:00,642298.0,227377.0
2018-04-24 00:00:00+00:00,776436.0,253956.0
2018-04-25 00:00:00+00:00,701507.0,217684.0
2018-04-26 00:00:00+00:00,661663.0,217258.0
2018-04-27 00:00:00+00:00,674680.0,212647.0
2018-04-28 00:00:00+00:00,541764.0,194970.0
2018-04-29 00:00:00+00:00,549120.0,183812.0
2018-04-30 00:00:00+00:00,645424.0,215603.0
2018-05-01 00:00:00+00:00,634217.0,198167.0
2018-05-02 00:00:00+00:00,673769.0,210896.0
2018-05-03 00:00:00+00:00,660104.0,227954.0
2018-05-04 00:00:00+00:00,710689.0,224579.0
2018-05-05 00:00:00+00:00,606625.0,195965.0
2018-05-06 00:00:00+00:00,535825.0,172671.0
2018-05-07 00:00:00+00:00,662775.0,204816.0
2018-05-08 00:00:00+00:00,665870.0,219628.0
2018-05-09 00:00:00+00:00,603396.0,204710.0
2018-05-10 00:00:00+00:00,633729.0,215367.0
2018-05-11 00:00:00+00:00,772234.0,207053.0
2018-05-12 00:00:00+00:00,563749.0,181270.0
2018-05-13 00:00:00+00:00,488836.0,159530.0
2018-05-14 00:00:00+00:00,641192.0,211328.0
2018-05-15 00:00:00+00:00,624136.0,208197.0
2018-05-16 00:00:00+00:00,617403.0,213978.0
2018-05-17 00:00:00+00:00,635676.0,190427.0
2018-05-18 00:00:00+00:00,701918.0,216419.0
2018-05-19 00:00:00+00:00,500408.0,167502.0
2018-05-20 00:00:00+00:00,483041.0,159863.0
2018-05-21 00:00:00+00:00,620329.0,201185.0
2018-05-22 00:00:00+00:00,595706.0,207023.0
2018-05-23 00:00:00+00:00,636565.0,222546.0
2018-05-24 00:00:00+00:00,559734.0,202902.0
2018-05-25 00:00:00+00:00,624713.0,198774.0
2018-05-26 00:00:00+00:00,459370.0,155834.0
2018-05-27 00:00:00+00:00,441802.0,143384.0
2018-05-28 00:00:00+00:00,598556.0,192951.0
2018-05-29 00:00:00+00:00,600021.0,204915.0
2018-05-30 00:00:00+00:00,596173.0,204891.0
2018-05-31 00:00:00+00:00,620191.0,206264.0
2018-06-01 00:00:00+00:00,683588.0,201858.0
2018-06-02 00:00:00+00:00,524370.0,175813.0
2018-06-03 00:00:00+00:00,542740.0,167198.0
2018-06-04 00:00:00+00:00,694350.0,205524.0
2018-06-05 00:00:00+00:00,655014.0,214242.0
2018-06-06 00:00:00+00:00,653426.0,207161.0
2018-06-07 00:00:00+00:00,635530.0,207335.0
2018-06-08 00:00:00+00:00,640966.0,197681.0
2018-06-09 00:00:00+00:00,503993.0,176022.0
2018-06-10 00:00:00+00:00,527886.0,178072.0
2018-06-11 00:00:00+00:00,586393.0,213701.0
2018-06-12 00:00:00+00:00,662032.0,216723.0
2018-06-13 00:00:00+00:00,660241.0,212718.0
2018-06-14 00:00:00+00:00,586144.0,212115.0
2018-06-15 00:00:00+00:00,613937.0,201252.0
2018-06-16 00:00:00+00:00,434955.0,155858.0
2018-06-17 00:00:00+00:00,439145.0,145540.0
2018-06-18 00:00:00+00:00,569167.0,194397.0
2018-06-19 00:00:00+00:00,628857.0,192770.0
2018-06-20 00:00:00+00:00,590701.0,199288.0
2018-06-21 00:00:00+00:00,556428.0,200306.0
2018-06-22 00:00:00+00:00,616964.0,202454.0
2018-06-23 00:00:00+00:00,473376.0,159934.0
2018-06-24 00:00:00+00:00,465159.0,160718.0
2018-06-25 00:00:00+00:00,618481.0,202227.0
2018-06-26 00:00:00+00:00,601757.0,189209.0
2018-06-27 00:00:00+00:00,591319.0,189544.0
2018-06-28 00:00:00+00:00,566389.0,195746.0
2018-06-29 00:00:00+00:00,584573.0,194630.0
2018-06-30 00:00:00+00:00,560237.0,177709.0
2018-07-01 00:00:00+00:00,476547.0,153443.0
2018-07-02 00:00:00+00:00,662310.0,206702.0
2018-07-03 00:00:00+00:00,655359.0,217338.0
2018-07-04 00:00:00+00:00,594400.0,201935.0
2018-07-05 00:00:00+00:00,555588.0,202507.0
2018-07-06 00:00:00+00:00,640591.0,200485.0
2018-07-07 00:00:00+00:00,460458.0,164668.0
2018-07-08 00:00:00+00:00,501981.0,157910.0
2018-07-09 00:00:00+00:00,627774.0,206977.0
2018-07-10 00:00:00+00:00,669373.0,215433.0
2018-07-11 00:00:00+00:00,636817.0,201326.0
2018-07-12 00:00:00+00:00,923421.0,207840.0
2018-07-13 00:00:00+00:00,941540.0,206358.0
2018-07-14 00:00:00+00:00,793757.0,175324.0
2018-07-15 00:00:00+00:00,502106.0,158295.0
2018-07-16 00:00:00+00:00,602482.0,213849.0
2018-07-17 00:00:00+00:00,681518.0,232829.0
2018-07-18 00:00:00+00:00,762246.0,233249.0
2018-07-19 00:00:00+00:00,626926.0,225038.0
2018-07-20 00:00:00+00:00,653321.0,226470.0
2018-07-21 00:00:00+00:00,511119.0,186978.0
2018-07-22 00:00:00+00:00,459458.0,167495.0
2018-07-23 00:00:00+00:00,716690.0,229101.0
2018-07-24 00:00:00+00:00,717759.0,259522.0
2018-07-25 00:00:00+00:00,771199.0,248976.0
2018-07-26 00:00:00+00:00,641543.0,230206.0
2018-07-27 00:00:00+00:00,721812.0,232444.0
2018-07-28 00:00:00+00:00,545883.0,181696.0
2018-07-29 00:00:00+00:00,494042.0,172401.0
2018-07-30 00:00:00+00:00,638966.0,231060.0
2018-07-31 00:00:00+00:00,696566.0,243458.0
2018-08-01 00:00:00+00:00,698015.0,238104.0
2018-08-02 00:00:00+00:00,622521.0,222669.0
2018-08-03 00:00:00+00:00,694601.0,232465.0
2018-08-04 00:00:00+00:00,547308.0,192558.0
2018-08-05 00:00:00+00:00,495532.0,171233.0
2018-08-06 00:00:00+00:00,651894.0,219051.0
2018-08-07 00:00:00+00:00,710766.0,236513.0
2018-08-08 00:00:00+00:00,634443.0,229381.0
2018-08-09 00:00:00+00:00,636143.0,224091.0
2018-08-10 00:00:00+00:00,656819.0,224863.0
2018-08-11 00:00:00+00:00,523641.0,192213.0
2018-08-12 00:00:00+00:00,486939.0,168546.0
2018-08-13 00:00:00+00:00,602328.0,217348.0
2018-08-14 00:00:00+00:00,672592.0,252662.0
2018-08-15 00:00:00+00:00,677460.0,246292.0
2018-08-16 00:00:00+00:00,621029.0,231430.0
2018-08-17 00:00:00+00:00,650774.0,235627.0
2018-08-18 00:00:00+00:00,498238.0,189867.0
2018-08-19 00:00:00+00:00,502449.0,160808.0
2018-08-20 00:00:00+00:00,639365.0,219696.0
2018-08-21 00:00:00+00:00,589991.0,219552.0
2018-08-22 00:00:00+00:00,622189.0,224396.0
2018-08-23 00:00:00+00:00,574017.0,217634.0
2018-08-24 00:00:00+00:00,633016.0,221813.0
2018-08-25 00:00:00+00:00,540988.0,194213.0
2018-08-26 00:00:00+00:00,495145.0,170466.0
2018-08-27 00:00:00+00:00,675295.0,227920.0
2018-08-28 00:00:00+00:00,676219.0,236793.0
2018-08-29 00:00:00+00:00,643056.0,235130.0
2018-08-30 00:00:00+00:00,626114.0,233686.0
2018-08-31 00:00:00+00:00,658225.0,238587.0
2018-09-01 00:00:00+00:00,556577.0,211324.0
2018-09-02 00:00:00+00:00,491997.0,184405.0
2018-09-03 00:00:00+00:00,616107.0,224964.0
2018-09-04 00:00:00+00:00,646393.0,239053.0
2018-09-05 00:00:00+00:00,644928.0,239620.0
2018-09-06 00:00:00+00:00,659910.0,251946.0
2018-09-07 00:00:00+00:00,694327.0,230315.0
2018-09-08 00:00:00+00:00,541935.0,204695.0
2018-09-09 00:00:00+00:00,506971.0,189529.0
2018-09-10 00:00:00+00:00,620579.0,222834.0
2018-09-11 00:00:00+00:00,642145.0,235440.0
2018-09-12 00:00:00+00:00,602958.0,234777.0
2018-09-13 00:00:00+00:00,618775.0,238597.0
2018-09-14 00:00:00+00:00,615099.0,222661.0
2018-09-15 00:00:00+00:00,547938.0,207837.0
2018-09-16 00:00:00+00:00,479019.0,183118.0
2018-09-17 00:00:00+00:00,616149.0,234503.0
2018-09-18 00:00:00+00:00,640750.0,243846.0
2018-09-19 00:00:00+00:00,638350.0,254819.0
2018-09-20 00:00:00+00:00,628755.0,256241.0
2018-09-21 00:00:00+00:00,713347.0,271751.0
2018-09-22 00:00:00+00:00,550844.0,219158.0
2018-09-23 00:00:00+00:00,524121.0,207166.0
2018-09-24 00:00:00+00:00,601707.0,232771.0
2018-09-25 00:00:00+00:00,653042.0,252662.0
2018-09-26 00:00:00+00:00,624467.0,244200.0
2018-09-27 00:00:00+00:00,642476.0,251227.0
2018-09-28 00:00:00+00:00,654875.0,248966.0
2018-09-29 00:00:00+00:00,564628.0,222847.0
2018-09-30 00:00:00+00:00,514766.0,202606.0
2018-10-01 00:00:00+00:00,688212.0,246557.0
2018-10-02 00:00:00+00:00,660448.0,240379.0
2018-10-03 00:00:00+00:00,695230.0,243276.0
2018-10-04 00:00:00+00:00,653916.0,248357.0
2018-10-05 00:00:00+00:00,686857.0,241297.0
2018-10-06 00:00:00+00:00,569596.0,211031.0
2018-10-07 00:00:00+00:00,618542.0,227911.0
2018-10-08 00:00:00+00:00,643328.0,248404.0
2018-10-09 00:00:00+00:00,604271.0,227800.0
2018-10-10 00:00:00+00:00,651334.0,248451.0
2018-10-11 00:00:00+00:00,689144.0,262974.0
2018-10-12 00:00:00+00:00,699176.0,241875.0
2018-10-13 00:00:00+00:00,553344.0,203529.0
2018-10-14 00:00:00+00:00,522288.0,189268.0
2018-10-15 00:00:00+00:00,711826.0,275017.0
2018-10-16 00:00:00+00:00,674140.0,253557.0
2018-10-17 00:00:00+00:00,662174.0,255908.0
2018-10-18 00:00:00+00:00,673350.0,261959.0
2018-10-19 00:00:00+00:00,684662.0,251721.0
2018-10-20 00:00:00+00:00,583046.0,225898.0
2018-10-21 00:00:00+00:00,540049.0,204835.0
2018-10-22 00:00:00+00:00,687801.0,258515.0
2018-10-23 00:00:00+00:00,688951.0,259288.0
2018-10-24 00:00:00+00:00,630269.0,249113.0
2018-10-25 00:00:00+00:00,664579.0,258172.0
2018-10-26 00:00:00+00:00,681997.0,252435.0
2018-10-27 00:00:00+00:00,578121.0,234281.0
2018-10-28 00:00:00+00:00,547630.0,215502.0
2018-10-29 00:00:00+00:00,708860.0,268291.0
2018-10-30 00:00:00+00:00,697640.0,287764.0
2018-10-31 00:00:00+00:00,694833.0,283381.0
2018-11-01 00:00:00+00:00,702856.0,287126.0
2018-11-02 00:00:00+00:00,764821.0,290925.0
2018-11-03 00:00:00+00:00,635423.0,247512.0
2018-11-04 00:00:00+00:00,619152.0,227689.0
2018-11-05 00:00:00+00:00,709024.0,295977.0
2018-11-06 00:00:00+00:00,698165.0,287608.0
2018-11-07 00:00:00+00:00,708634.0,296293.0
2018-11-08 00:00:00+00:00,702459.0,276879.0
2018-11-09 00:00:00+00:00,696353.0,283042.0
2018-11-10 00:00:00+00:00,583550.0,247175.0
2018-11-11 00:00:00+00:00,601176.0,252172.0
2018-11-12 00:00:00+00:00,680949.0,298929.0
2018-11-13 00:00:00+00:00,637890.0,273801.0
2018-11-14 00:00:00+00:00,734241.0,298332.0
2018-11-15 00:00:00+00:00,709708.0,291290.0
2018-11-16 00:00:00+00:00,704543.0,281416.0
2018-11-17 00:00:00+00:00,587644.0,261511.0
2018-11-18 00:00:00+00:00,543353.0,238029.0
2018-11-19 00:00:00+00:00,680899.0,269543.0
2018-11-20 00:00:00+00:00,769611.0,289046.0
2018-11-21 00:00:00+00:00,620393.0,256543.0
2018-11-22 00:00:00+00:00,653846.0,264718.0
2018-11-23 00:00:00+00:00,624434.0,273038.0
2018-11-24 00:00:00+00:00,578522.0,251955.0
2018-11-25 00:00:00+00:00,577253.0,241502.0
2018-11-26 00:00:00+00:00,628614.0,255328.0
2018-11-27 00:00:00+00:00,627815.0,262477.0
2018-11-28 00:00:00+00:00,630438.0,262267.0
2018-11-29 00:00:00+00:00,612685.0,245371.0
2018-11-30 00:00:00+00:00,597612.0,248304.0
2018-12-01 00:00:00+00:00,579421.0,242745.0
2018-12-02 00:00:00+00:00,502649.0,221524.0
2018-12-03 00:00:00+00:00,586010.0,241785.0
2018-12-04 00:00:00+00:00,671416.0,268150.0
2018-12-05 00:00:00+00:00,609238.0,256736.0
2018-12-06 00:00:00+00:00,655016.0,280512.0
2018-12-07 00:00:00+00:00,658859.0,256146.0
2018-12-08 00:00:00+00:00,531426.0,231269.0
2018-12-09 00:00:00+00:00,518114.0,237071.0
2018-12-10 00:00:00+00:00,600210.0,253368.0
2018-12-11 00:00:00+00:00,635401.0,255759.0
2018-12-12 00:00:00+00:00,616176.0,258638.0
2018-12-13 00:00:00+00:00,638713.0,266702.0
2018-12-14 00:00:00+00:00,701381.0,278774.0
2018-12-15 00:00:00+00:00,594065.0,263117.0
2018-12-16 00:00:00+00:00,539434.0,225399.0
2018-12-17 00:00:00+00:00,682984.0,296295.0
2018-12-18 00:00:00+00:00,656410.0,269609.0
2018-12-19 00:00:00+00:00,701481.0,302963.0
2018-12-20 00:00:00+00:00,641537.0,282826.0
2018-12-21 00:00:00+00:00,656212.0,280679.0
2018-12-22 00:00:00+00:00,551516.0,251236.0
2018-12-23 00:00:00+00:00,520086.0,249032.0
2018-12-24 00:00:00+00:00,583425.0,278193.0
2018-12-25 00:00:00+00:00,481186.0,259581.0
2018-12-26 00:00:00+00:00,536230.0,281142.0
2018-12-27 00:00:00+00:00,624625.0,302098.0
2018-12-28 00:00:00+00:00,644439.0,312462.0
2018-12-29 00:00:00+00:00,572182.0,265401.0
2018-12-30 00:00:00+00:00,514111.0,259817.0
2018-12-31 00:00:00+00:00,557851.0,262001.0
2019-01-01 00:00:00+00:00,433715.0,235813.0
2019-01-02 00:00:00+00:00,578607.0,271103.0
2019-01-03 00:00:00+00:00,598436.0,287081.0
2019-01-04 00:00:00+00:00,580495.0,283490.0
2019-01-05 00:00:00+00:00,519070.0,269637.0
2019-01-06 00:00:00+00:00,498140.0,251485.0
2019-01-07 00:00:00+00:00,613474.0,288254.0
2019-01-08 00:00:00+00:00,607366.0,317666.0
2019-01-09 00:00:00+00:00,619701.0,320698.0
2019-01-10 00:00:00+00:00,634499.0,322365.0
2019-01-11 00:00:00+00:00,623617.0,308638.0
2019-01-12 00:00:00+00:00,521168.0,288972.0
2019-01-13 00:00:00+00:00,477843.0,273864.0
2019-01-14 00:00:00+00:00,604549.0,328198.0
2019-01-15 00:00:00+00:00,621686.0,303591.0
2019-01-16 00:00:00+00:00,639811.0,300170.0
2019-01-17 00:00:00+00:00,619396.0,301704.0
2019-01-18 00:00:00+00:00,606378.0,301071.0
2019-01-19 00:00:00+00:00,519467.0,278030.0
2019-01-20 00:00:00+00:00,518578.0,298153.0
2019-01-21 00:00:00+00:00,604061.0,317864.0
2019-01-22 00:00:00+00:00,594573.0,293737.0
2019-01-23 00:00:00+00:00,685141.0,294680.0
2019-01-24 00:00:00+00:00,619376.0,304938.0
2019-01-25 00:00:00+00:00,629078.0,301170.0
2019-01-26 00:00:00+00:00,585285.0,291468.0
2019-01-27 00:00:00+00:00,487233.0,269916.0
2019-01-28 00:00:00+00:00,650793.0,314000.0
2019-01-29 00:00:00+00:00,607365.0,322797.0
2019-01-30 00:00:00+00:00,622377.0,326328.0
2019-01-31 00:00:00+00:00,632855.0,355308.0
2019-02-01 00:00:00+00:00,654356.0,336300.0
2019-02-02 00:00:00+00:00,560738.0,326634.0
2019-02-03 00:00:00+00:00,518121.0,296555.0
2019-02-04 00:00:00+00:00,610696.0,333136.0
2019-02-05 00:00:00+00:00,645414.0,355590.0
2019-02-06 00:00:00+00:00,686774.0,349372.0
2019-02-07 00:00:00+00:00,645404.0,348678.0
2019-02-08 00:00:00+00:00,691966.0,338602.0
2019-02-09 00:00:00+00:00,561955.0,311894.0
2019-02-10 00:00:00+00:00,501124.0,300848.0
2019-02-11 00:00:00+00:00,709903.0,306149.0
2019-02-12 00:00:00+00:00,809914.0,280287.0
2019-02-13 00:00:00+00:00,758224.0,351610.0
2019-02-14 00:00:00+00:00,617275.0,355246.0
2019-02-15 00:00:00+00:00,621340.0,293872.0
2019-02-16 00:00:00+00:00,587666.0,328238.0
2019-02-17 00:00:00+00:00,526787.0,333183.0
2019-02-18 00:00:00+00:00,693311.0,340577.0
2019-02-19 00:00:00+00:00,713530.0,350653.0
2019-02-20 00:00:00+00:00,690103.0,314347.0
2019-02-21 00:00:00+00:00,643083.0,294962.0
2019-02-22 00:00:00+00:00,728261.0,348456.0
2019-02-23 00:00:00+00:00,581866.0,332241.0
2019-02-24 00:00:00+00:00,558515.0,319278.0
2019-02-25 00:00:00+00:00,679440.0,336764.0
2019-02-26 00:00:00+00:00,702086.0,366379.0
2019-02-27 00:00:00+00:00,668278.0,346851.0
2019-02-28 00:00:00+00:00,688385.0,363432.0
2019-03-01 00:00:00+00:00,727984.0,358837.0
2019-03-02 00:00:00+00:00,616539.0,333961.0
2019-03-03 00:00:00+00:00,553981.0,355233.0
2019-03-04 00:00:00+00:00,687289.0,298916.0
2019-03-05 00:00:00+00:00,701551.0,286974.0
2019-03-06 00:00:00+00:00,734311.0,276931.0
2019-03-07 00:00:00+00:00,689254.0,284201.0
2019-03-08 00:00:00+00:00,698786.0,281209.0
2019-03-09 00:00:00+00:00,604793.0,242010.0
2019-03-10 00:00:00+00:00,525757.0,213175.0
2019-03-11 00:00:00+00:00,749756.0,295205.0
2019-03-12 00:00:00+00:00,696573.0,283351.0
2019-03-13 00:00:00+00:00,720085.0,289611.0
2019-03-14 00:00:00+00:00,735928.0,296141.0
2019-03-15 00:00:00+00:00,715166.0,296890.0
2019-03-16 00:00:00+00:00,602121.0,257699.0
2019-03-17 00:00:00+00:00,548345.0,229399.0
2019-03-18 00:00:00+00:00,720573.0,295707.0
2019-03-19 00:00:00+00:00,739893.0,299996.0
2019-03-20 00:00:00+00:00,745772.0,309808.0
2019-03-21 00:00:00+00:00,705159.0,299110.0
2019-03-22 00:00:00+00:00,726789.0,300913.0
2019-03-23 00:00:00+00:00,566705.0,243553.0
2019-03-24 00:00:00+00:00,569884.0,225704.0
2019-03-25 00:00:00+00:00,715056.0,331828.0
2019-03-26 00:00:00+00:00,688572.0,364225.0
2019-03-27 00:00:00+00:00,778566.0,382838.0
2019-03-28 00:00:00+00:00,765998.0,391284.0
2019-03-29 00:00:00+00:00,759323.0,372063.0
2019-03-30 00:00:00+00:00,683748.0,380746.0
2019-03-31 00:00:00+00:00,623888.0,380878.0
2019-04-01 00:00:00+00:00,697929.0,368694.0
2019-04-02 00:00:00+00:00,879271.0,399631.0
2019-04-03 00:00:00+00:00,856707.0,359553.0
2019-04-04 00:00:00+00:00,802957.0,355050.0
2019-04-05 00:00:00+00:00,873077.0,389172.0
2019-04-06 00:00:00+00:00,677458.0,358555.0
2019-04-07 00:00:00+00:00,623548.0,350634.0
2019-04-08 00:00:00+00:00,778923.0,371209.0
2019-04-09 00:00:00+00:00,776284.0,346875.0
2019-04-10 00:00:00+00:00,773468.0,396407.0
2019-04-11 00:00:00+00:00,813510.0,402681.0
2019-04-12 00:00:00+00:00,763723.0,370652.0
2019-04-13 00:00:00+00:00,602847.0,372612.0
2019-04-14 00:00:00+00:00,596510.0,337631.0
2019-04-15 00:00:00+00:00,767910.0,378373.0
2019-04-16 00:00:00+00:00,777026.0,360057.0
2019-04-17 00:00:00+00:00,734917.0,350486.0
2019-04-18 00:00:00+00:00,739768.0,383772.0
2019-04-19 00:00:00+00:00,798377.0,361175.0
2019-04-20 00:00:00+00:00,689643.0,316867.0
2019-04-21 00:00:00+00:00,673424.0,391493.0
2019-04-22 00:00:00+00:00,646342.0,343644.0
2019-04-23 00:00:00+00:00,714325.0,308585.0
2019-04-24 00:00:00+00:00,875920.0,408325.0
2019-04-25 00:00:00+00:00,751975.0,381671.0
2019-04-26 00:00:00+00:00,761966.0,382165.0
2019-04-27 00:00:00+00:00,619281.0,360931.0
2019-04-28 00:00:00+00:00,574359.0,370571.0
2019-04-29 00:00:00+00:00,807672.0,375559.0
2019-04-30 00:00:00+00:00,839425.0,343390.0
2019-05-01 00:00:00+00:00,760187.0,441332.0
2019-05-02 00:00:00+00:00,787748.0,453346.0
2019-05-03 00:00:00+00:00,803354.0,380134.0
2019-05-04 00:00:00+00:00,658798.0,355688.0
2019-05-05 00:00:00+00:00,613917.0,329799.0
2019-05-06 00:00:00+00:00,776590.0,379526.0
2019-05-07 00:00:00+00:00,754405.0,331131.0
2019-05-08 00:00:00+00:00,839633.0,392431.0
2019-05-09 00:00:00+00:00,831454.0,362109.0
2019-05-10 00:00:00+00:00,775704.0,322692.0
2019-05-11 00:00:00+00:00,773667.0,342753.0
2019-05-12 00:00:00+00:00,819732.0,335831.0
2019-05-13 00:00:00+00:00,882729.0,395478.0
2019-05-14 00:00:00+00:00,896277.0,365699.0
2019-05-15 00:00:00+00:00,879106.0,367621.0
2019-05-16 00:00:00+00:00,882945.0,376258.0
2019-05-17 00:00:00+00:00,903650.0,360950.0
2019-05-18 00:00:00+00:00,845558.0,356335.0
2019-05-19 00:00:00+00:00,750954.0,349207.0
2019-05-20 00:00:00+00:00,836865.0,382185.0
2019-05-21 00:00:00+00:00,888770.0,381653.0
2019-05-22 00:00:00+00:00,862194.0,394258.0
2019-05-23 00:00:00+00:00,825753.0,386213.0
2019-05-24 00:00:00+00:00,862849.0,375098.0
2019-05-25 00:00:00+00:00,701431.0,336585.0
2019-05-26 00:00:00+00:00,670124.0,378005.0
2019-05-27 00:00:00+00:00,884928.0,397195.0
2019-05-28 00:00:00+00:00,944118.0,387999.0
2019-05-29 00:00:00+00:00,887870.0,405506.0
2019-05-30 00:00:00+00:00,862822.0,380276.0
2019-05-31 00:00:00+00:00,766989.0,297215.0
2019-06-01 00:00:00+00:00,850116.0,332532.0
2019-06-02 00:00:00+00:00,690143.0,296672.0
2019-06-03 00:00:00+00:00,727530.0,298454.0
2019-06-04 00:00:00+00:00,911280.0,375104.0
2019-06-05 00:00:00+00:00,874396.0,372790.0
2019-06-06 00:00:00+00:00,812486.0,364084.0
2019-06-07 00:00:00+00:00,864227.0,350679.0
2019-06-08 00:00:00+00:00,617675.0,289229.0
2019-06-09 00:00:00+00:00,580387.0,303848.0
2019-06-10 00:00:00+00:00,809202.0,353081.0
2019-06-11 00:00:00+00:00,835542.0,342338.0
2019-06-12 00:00:00+00:00,795814.0,327686.0
2019-06-13 00:00:00+00:00,892695.0,364181.0
2019-06-14 00:00:00+00:00,1041358.0,366631.0
2019-06-15 00:00:00+00:00,860753.0,328798.0
2019-06-16 00:00:00+00:00,689588.0,290875.0
2019-06-17 00:00:00+00:00,805931.0,324974.0
2019-06-18 00:00:00+00:00,950212.0,395670.0
2019-06-19 00:00:00+00:00,892254.0,393499.0
2019-06-20 00:00:00+00:00,839162.0,335359.0
2019-06-21 00:00:00+00:00,842659.0,340137.0
2019-06-22 00:00:00+00:00,848072.0,348735.0
2019-06-23 00:00:00+00:00,875010.0,379617.0
2019-06-24 00:00:00+00:00,978017.0,389565.0
2019-06-25 00:00:00+00:00,911584.0,362627.0
2019-06-26 00:00:00+00:00,1035885.0,400110.0
2019-06-27 00:00:00+00:00,891448.0,361594.0
2019-06-28 00:00:00+00:00,1008973.0,402045.0
2019-06-29 00:00:00+00:00,846946.0,359234.0
2019-06-30 00:00:00+00:00,675915.0,331336.0
2019-07-01 00:00:00+00:00,836709.0,334925.0
2019-07-02 00:00:00+00:00,894242.0,372380.0
2019-07-03 00:00:00+00:00,883931.0,397650.0
2019-07-04 00:00:00+00:00,814107.0,367092.0
2019-07-05 00:00:00+00:00,837154.0,383936.0
2019-07-06 00:00:00+00:00,654703.0,343762.0
2019-07-07 00:00:00+00:00,614084.0,317421.0
2019-07-08 00:00:00+00:00,834590.0,382393.0
2019-07-09 00:00:00+00:00,815561.0,360758.0
2019-07-10 00:00:00+00:00,802293.0,319829.0
2019-07-11 00:00:00+00:00,778056.0,324853.0
2019-07-12 00:00:00+00:00,899488.0,358858.0
2019-07-13 00:00:00+00:00,645726.0,304776.0
2019-07-14 00:00:00+00:00,592612.0,303453.0
2019-07-15 00:00:00+00:00,757007.0,349052.0
2019-07-16 00:00:00+00:00,794106.0,363942.0
2019-07-17 00:00:00+00:00,739298.0,325893.0
2019-07-18 00:00:00+00:00,740918.0,316059.0
2019-07-19 00:00:00+00:00,732618.0,295703.0
2019-07-20 00:00:00+00:00,702633.0,316713.0
2019-07-21 00:00:00+00:00,558672.0,290166.0
2019-07-22 00:00:00+00:00,708667.0,319856.0
2019-07-23 00:00:00+00:00,702928.0,318384.0
2019-07-24 00:00:00+00:00,733358.0,297882.0
2019-07-25 00:00:00+00:00,764542.0,332671.0
2019-07-26 00:00:00+00:00,750605.0,321796.0
2019-07-27 00:00:00+00:00,587410.0,285151.0
2019-07-28 00:00:00+00:00,521206.0,270123.0
2019-07-29 00:00:00+00:00,738306.0,336634.0
2019-07-30 00:00:00+00:00,737831.0,325262.0
2019-07-31 00:00:00+00:00,786236.0,365194.0
2019-08-01 00:00:00+00:00,752575.0,333913.0
2019-08-02 00:00:00+00:00,775949.0,351743.0
2019-08-03 00:00:00+00:00,612854.0,321871.0
2019-08-04 00:00:00+00:00,583300.0,298741.0
2019-08-05 00:00:00+00:00,807955.0,339296.0
2019-08-06 00:00:00+00:00,850550.0,371039.0
2019-08-07 00:00:00+00:00,819832.0,370946.0
2019-08-08 00:00:00+00:00,815367.0,337539.0
2019-08-09 00:00:00+00:00,749568.0,340632.0
2019-08-10 00:00:00+00:00,596821.0,296009.0
2019-08-11 00:00:00+00:00,550565.0,273676.0
2019-08-12 00:00:00+00:00,660039.0,303296.0
2019-08-13 00:00:00+00:00,873566.0,372239.0
2019-08-14 00:00:00+00:00,750768.0,360140.0
2019-08-15 00:00:00+00:00,701215.0,347508.0
2019-08-16 00:00:00+00:00,706459.0,329465.0
2019-08-17 00:00:00+00:00,565674.0,288730.0
2019-08-18 00:00:00+00:00,526730.0,272544.0
2019-08-19 00:00:00+00:00,711022.0,333840.0
2019-08-20 00:00:00+00:00,743636.0,329880.0
2019-08-21 00:00:00+00:00,784357.0,310110.0
2019-08-22 00:00:00+00:00,808723.0,321501.0
2019-08-23 00:00:00+00:00,791057.0,341649.0
2019-08-24 00:00:00+00:00,700721.0,302706.0
2019-08-25 00:00:00+00:00,513916.0,288354.0
2019-08-26 00:00:00+00:00,759470.0,320470.0
2019-08-27 00:00:00+00:00,726784.0,324695.0
2019-08-28 00:00:00+00:00,705437.0,339895.0
2019-08-29 00:00:00+00:00,735396.0,346467.0
2019-08-30 00:00:00+00:00,734849.0,353926.0
2019-08-31 00:00:00+00:00,596235.0,334787.0
2019-09-01 00:00:00+00:00,574358.0,286147.0
2019-09-02 00:00:00+00:00,728155.0,332061.0
2019-09-03 00:00:00+00:00,799532.0,370996.0
2019-09-04 00:00:00+00:00,750620.0,324650.0
2019-09-05 00:00:00+00:00,744004.0,354399.0
2019-09-06 00:00:00+00:00,775304.0,361399.0
2019-09-07 00:00:00+00:00,617013.0,313050.0
2019-09-08 00:00:00+00:00,567664.0,288498.0
2019-09-09 00:00:00+00:00,769573.0,316630.0
2019-09-10 00:00:00+00:00,807975.0,338913.0
2019-09-11 00:00:00+00:00,783950.0,335304.0
2019-09-12 00:00:00+00:00,757805.0,339021.0
2019-09-13 00:00:00+00:00,759154.0,304604.0
2019-09-14 00:00:00+00:00,652357.0,305924.0
2019-09-15 00:00:00+00:00,554317.0,269747.0
2019-09-16 00:00:00+00:00,779631.0,349425.0
2019-09-17 00:00:00+00:00,777701.0,344330.0
2019-09-18 00:00:00+00:00,855706.0,360321.0
2019-09-19 00:00:00+00:00,733322.0,347535.0
2019-09-20 00:00:00+00:00,742828.0,346533.0
2019-09-21 00:00:00+00:00,625288.0,327703.0
2019-09-22 00:00:00+00:00,606415.0,320368.0
2019-09-23 00:00:00+00:00,735518.0,291156.0
2019-09-24 00:00:00+00:00,840208.0,354704.0
2019-09-25 00:00:00+00:00,783948.0,344325.0
2019-09-26 00:00:00+00:00,739854.0,351788.0
2019-09-27 00:00:00+00:00,714047.0,307940.0
2019-09-28 00:00:00+00:00,619808.0,314444.0
2019-09-29 00:00:00+00:00,564381.0,288605.0
2019-09-30 00:00:00+00:00,750859.0,310433.0
2019-10-01 00:00:00+00:00,750562.0,331458.0
2019-10-02 00:00:00+00:00,717573.0,329482.0
2019-10-03 00:00:00+00:00,708956.0,327406.0
2019-10-04 00:00:00+00:00,712900.0,336945.0
2019-10-05 00:00:00+00:00,636638.0,327164.0
2019-10-06 00:00:00+00:00,555377.0,271853.0
2019-10-07 00:00:00+00:00,734959.0,329430.0
2019-10-08 00:00:00+00:00,715311.0,332738.0
2019-10-09 00:00:00+00:00,701690.0,313118.0
2019-10-10 00:00:00+00:00,743456.0,349406.0
2019-10-11 00:00:00+00:00,726820.0,346995.0
2019-10-12 00:00:00+00:00,578474.0,294174.0
2019-10-13 00:00:00+00:00,555407.0,286586.0
2019-10-14 00:00:00+00:00,694167.0,304204.0
2019-10-15 00:00:00+00:00,712296.0,343443.0
2019-10-16 00:00:00+00:00,733220.0,333799.0
2019-10-17 00:00:00+00:00,730671.0,335681.0
2019-10-18 00:00:00+00:00,673650.0,336621.0
2019-10-19 00:00:00+00:00,643714.0,309836.0
2019-10-20 00:00:00+00:00,546144.0,281555.0
2019-10-21 00:00:00+00:00,749935.0,356016.0
2019-10-22 00:00:00+00:00,732596.0,343436.0
2019-10-23 00:00:00+00:00,736263.0,342228.0
2019-10-24 00:00:00+00:00,719988.0,308626.0
2019-10-25 00:00:00+00:00,786680.0,329616.0
2019-10-26 00:00:00+00:00,761194.0,303527.0
2019-10-27 00:00:00+00:00,598714.0,259835.0
2019-10-28 00:00:00+00:00,753434.0,305938.0
2019-10-29 00:00:00+00:00,728736.0,309538.0
2019-10-30 00:00:00+00:00,711325.0,308902.0
2019-10-31 00:00:00+00:00,721957.0,300632.0
2019-11-01 00:00:00+00:00,790414.0,315875.0
2019-11-02 00:00:00+00:00,634816.0,284358.0
2019-11-03 00:00:00+00:00,610943.0,288785.0
2019-11-04 00:00:00+00:00,757129.0,310329.0
2019-11-05 00:00:00+00:00,782184.0,335704.0
2019-11-06 00:00:00+00:00,831199.0,310101.0
2019-11-07 00:00:00+00:00,799136.0,331125.0
2019-11-08 00:00:00+00:00,728522.0,312840.0
2019-11-09 00:00:00+00:00,709807.0,296119.0
2019-11-10 00:00:00+00:00,594556.0,305653.0
2019-11-11 00:00:00+00:00,704180.0,327772.0
2019-11-12 00:00:00+00:00,682025.0,301363.0
2019-11-13 00:00:00+00:00,746140.0,316690.0
2019-11-14 00:00:00+00:00,746968.0,346544.0
2019-11-15 00:00:00+00:00,779428.0,328438.0
2019-11-16 00:00:00+00:00,666406.0,280324.0
2019-11-17 00:00:00+00:00,598140.0,267492.0
2019-11-18 00:00:00+00:00,696269.0,306782.0
2019-11-19 00:00:00+00:00,823018.0,325197.0
2019-11-20 00:00:00+00:00,702168.0,320826.0
2019-11-21 00:00:00+00:00,803455.0,326131.0
2019-11-22 00:00:00+00:00,790198.0,303688.0
2019-11-23 00:00:00+00:00,681817.0,312324.0
2019-11-24 00:00:00+00:00,557217.0,264419.0
2019-11-25 00:00:00+00:00,678695.0,283328.0
2019-11-26 00:00:00+00:00,784964.0,319461.0
2019-11-27 00:00:00+00:00,812540.0,312560.0
2019-11-28 00:00:00+00:00,716192.0,316000.0
2019-11-29 00:00:00+00:00,730014.0,305085.0
2019-11-30 00:00:00+00:00,683831.0,284912.0
2019-12-01 00:00:00+00:00,593329.0,268135.0
2019-12-02 00:00:00+00:00,749060.0,318601.0
2019-12-03 00:00:00+00:00,744688.0,333969.0
2019-12-04 00:00:00+00:00,749562.0,332204.0
2019-12-05 00:00:00+00:00,746859.0,319133.0
2019-12-06 00:00:00+00:00,748047.0,311069.0
2019-12-07 00:00:00+00:00,642350.0,282629.0
2019-12-08 00:00:00+00:00,587017.0,278763.0
2019-12-09 00:00:00+00:00,803439.0,316995.0
2019-12-10 00:00:00+00:00,803226.0,321466.0
2019-12-11 00:00:00+00:00,771631.0,288155.0
2019-12-12 00:00:00+00:00,722853.0,310072.0
2019-12-13 00:00:00+00:00,746512.0,329512.0
2019-12-14 00:00:00+00:00,623464.0,291279.0
2019-12-15 00:00:00+00:00,657604.0,258366.0
2019-12-16 00:00:00+00:00,777556.0,330126.0
2019-12-17 00:00:00+00:00,875713.0,314849.0
2019-12-18 00:00:00+00:00,751472.0,318200.0
2019-12-19 00:00:00+00:00,725702.0,319162.0
2019-12-20 00:00:00+00:00,708265.0,332107.0
2019-12-21 00:00:00+00:00,610208.0,305042.0
2019-12-22 00:00:00+00:00,589250.0,282133.0
2019-12-23 00:00:00+00:00,727796.0,313917.0
2019-12-24 00:00:00+00:00,649535.0,283750.0
2019-12-25 00:00:00+00:00,537049.0,241535.0
2019-12-26 00:00:00+00:00,653003.0,302825.0
2019-12-27 00:00:00+00:00,721861.0,325259.0
2019-12-28 00:00:00+00:00,611206.0,291276.0
2019-12-29 00:00:00+00:00,589993.0,281440.0
2019-12-30 00:00:00+00:00,735877.0,326626.0
2019-12-31 00:00:00+00:00,657164.0,289968.0
2020-01-01 00:00:00+00:00,524360.0,251867.0
2020-01-02 00:00:00+00:00,671016.0,291935.0
2020-01-03 00:00:00+00:00,721747.0,323153.0
2020-01-04 00:00:00+00:00,611397.0,282301.0
2020-01-05 00:00:00+00:00,597061.0,288212.0
2020-01-06 00:00:00+00:00,724219.0,297843.0
2020-01-07 00:00:00+00:00,775757.0,347212.0
2020-01-08 00:00:00+00:00,754553.0,318633.0
2020-01-09 00:00:00+00:00,773570.0,322838.0
2020-01-10 00:00:00+00:00,792103.0,332463.0
2020-01-11 00:00:00+00:00,640445.0,303555.0
2020-01-12 00:00:00+00:00,581504.0,278853.0
2020-01-13 00:00:00+00:00,705443.0,299786.0
2020-01-14 00:00:00+00:00,850757.0,346978.0
2020-01-15 00:00:00+00:00,759192.0,328833.0
2020-01-16 00:00:00+00:00,739283.0,326587.0
2020-01-17 00:00:00+00:00,756728.0,323884.0
2020-01-18 00:00:00+00:00,649187.0,290970.0
2020-01-19 00:00:00+00:00,622774.0,282105.0
2020-01-20 00:00:00+00:00,741539.0,312967.0
2020-01-21 00:00:00+00:00,756250.0,311835.0
2020-01-22 00:00:00+00:00,771727.0,326380.0
2020-01-23 00:00:00+00:00,789764.0,337280.0
2020-01-24 00:00:00+00:00,720051.0,311823.0
2020-01-25 00:00:00+00:00,665971.0,283292.0
2020-01-26 00:00:00+00:00,544915.0,256739.0
2020-01-27 00:00:00+00:00,726725.0,285400.0
2020-01-28 00:00:00+00:00,812560.0,339784.0
2020-01-29 00:00:00+00:00,767507.0,340075.0
2020-01-30 00:00:00+00:00,765495.0,332584.0
2020-01-31 00:00:00+00:00,762130.0,329369.0
2020-02-01 00:00:00+00:00,743933.0,304884.0
2020-02-02 00:00:00+00:00,706042.0,292383.0
2020-02-03 00:00:00+00:00,879860.0,336226.0
2020-02-04 00:00:00+00:00,764885.0,307816.0
2020-02-05 00:00:00+00:00,823713.0,363153.0
2020-02-06 00:00:00+00:00,765225.0,321928.0
2020-02-07 00:00:00+00:00,865396.0,333319.0
2020-02-08 00:00:00+00:00,709380.0,315526.0
2020-02-09 00:00:00+00:00,695691.0,318974.0
2020-02-10 00:00:00+00:00,703356.0,295461.0
2020-02-11 00:00:00+00:00,885934.0,361869.0
2020-02-12 00:00:00+00:00,822547.0,350973.0
2020-02-13 00:00:00+00:00,815808.0,336765.0
2020-02-14 00:00:00+00:00,741471.0,329123.0
2020-02-15 00:00:00+00:00,736640.0,316931.0
2020-02-16 00:00:00+00:00,655188.0,299527.0
2020-02-17 00:00:00+00:00,773751.0,337935.0
2020-02-18 00:00:00+00:00,783570.0,327054.0
2020-02-19 00:00:00+00:00,792783.0,340104.0
2020-02-20 00:00:00+00:00,766448.0,311982.0
2020-02-21 00:00:00+00:00,768521.0,341390.0
2020-02-22 00:00:00+00:00,660812.0,300166.0
2020-02-23 00:00:00+00:00,622397.0,289114.0
2020-02-24 00:00:00+00:00,758122.0,328045.0
2020-02-25 00:00:00+00:00,743278.0,339313.0
2020-02-26 00:00:00+00:00,778003.0,328537.0
2020-02-27 00:00:00+00:00,777389.0,338194.0
2020-02-28 00:00:00+00:00,778213.0,361653.0
2020-02-29 00:00:00+00:00,679597.0,309086.0
2020-03-01 00:00:00+00:00,674209.0,312717.0
2020-03-02 00:00:00+00:00,829550.0,341655.0
2020-03-03 00:00:00+00:00,840712.0,346828.0
2020-03-04 00:00:00+00:00,857423.0,350503.0
2020-03-05 00:00:00+00:00,793221.0,350421.0
2020-03-06 00:00:00+00:00,804945.0,338758.0
2020-03-07 00:00:00+00:00,682432.0,313782.0
2020-03-08 00:00:00+00:00,654911.0,304534.0
2020-03-09 00:00:00+00:00,809850.0,347351.0
2020-03-10 00:00:00+00:00,807778.0,329508.0
2020-03-11 00:00:00+00:00,728889.0,290284.0
2020-03-12 00:00:00+00:00,909601.0,346057.0
2020-03-13 00:00:00+00:00,786409.0,279662.0
2020-03-14 00:00:00+00:00,772769.0,276029.0
2020-03-15 00:00:00+00:00,629326.0,224876.0
2020-03-16 00:00:00+00:00,725120.0,269587.0
2020-03-17 00:00:00+00:00,765477.0,279277.0
2020-03-18 00:00:00+00:00,633373.0,233212.0
2020-03-19 00:00:00+00:00,709786.0,265543.0
2020-03-20 00:00:00+00:00,734614.0,282852.0
2020-03-21 00:00:00+00:00,637554.0,238359.0
2020-03-22 00:00:00+00:00,579901.0,215499.0
2020-03-23 00:00:00+00:00,667486.0,256978.0
2020-03-24 00:00:00+00:00,736233.0,280363.0
2020-03-25 00:00:00+00:00,587460.0,219772.0
2020-03-26 00:00:00+00:00,889704.0,286521.0
2020-03-27 00:00:00+00:00,807651.0,273175.0
2020-03-28 00:00:00+00:00,627230.0,241957.0
2020-03-29 00:00:00+00:00,591287.0,234751.0
2020-03-30 00:00:00+00:00,770915.0,278279.0
2020-03-31 00:00:00+00:00,816889.0,288338.0
2020-04-01 00:00:00+00:00,824108.0,285331.0
2020-04-02 00:00:00+00:00,798186.0,300020.0
2020-04-03 00:00:00+00:00,750332.0,276158.0
2020-04-04 00:00:00+00:00,657862.0,255653.0
2020-04-05 00:00:00+00:00,596364.0,237774.0
2020-04-06 00:00:00+00:00,780832.0,282652.0
2020-04-07 00:00:00+00:00,938358.0,310534.0
2020-04-08 00:00:00+00:00,760207.0,283150.0
2020-04-09 00:00:00+00:00,730620.0,289249.0
2020-04-10 00:00:00+00:00,735297.0,286082.0
2020-04-11 00:00:00+00:00,634944.0,249141.0
2020-04-12 00:00:00+00:00,618062.0,232510.0
2020-04-13 00:00:00+00:00,764583.0,281944.0
2020-04-14 00:00:00+00:00,843493.0,303129.0
2020-04-15 00:00:00+00:00,926278.0,309402.0
2020-04-16 00:00:00+00:00,880665.0,321911.0
2020-04-17 00:00:00+00:00,844316.0,287202.0
2020-04-18 00:00:00+00:00,847811.0,285552.0
2020-04-19 00:00:00+00:00,718815.0,254065.0
2020-04-20 00:00:00+00:00,842251.0,307154.0
2020-04-21 00:00:00+00:00,818062.0,311455.0
2020-04-22 00:00:00+00:00,762361.0,283681.0
2020-04-23 00:00:00+00:00,935989.0,327396.0
2020-04-24 00:00:00+00:00,893187.0,317682.0
2020-04-25 00:00:00+00:00,813456.0,278517.0
2020-04-26 00:00:00+00:00,724250.0,257046.0
2020-04-27 00:00:00+00:00,876229.0,311090.0
2020-04-28 00:00:00+00:00,926669.0,326468.0
2020-04-29 00:00:00+00:00,911617.0,330308.0
2020-04-30 00:00:00+00:00,947585.0,320861.0
2020-05-01 00:00:00+00:00,955523.0,330551.0
2020-05-02 00:00:00+00:00,970554.0,292646.0
2020-05-03 00:00:00+00:00,909805.0,283545.0
2020-05-04 00:00:00+00:00,889636.0,324017.0
2020-05-05 00:00:00+00:00,970464.0,327645.0
2020-05-06 00:00:00+00:00,972369.0,334650.0
2020-05-07 00:00:00+00:00,1020443.0,343684.0
2020-05-08 00:00:00+00:00,949216.0,324693.0
2020-05-09 00:00:00+00:00,906900.0,310119.0
2020-05-10 00:00:00+00:00,869262.0,283795.0
2020-05-11 00:00:00+00:00,999192.0,311653.0
2020-05-12 00:00:00+00:00,954129.0,342304.0
2020-05-13 00:00:00+00:00,858458.0,299956.0
2020-05-14 00:00:00+00:00,880861.0,268116.0
2020-05-15 00:00:00+00:00,895670.0,311224.0
2020-05-16 00:00:00+00:00,880534.0,295280.0
2020-05-17 00:00:00+00:00,763444.0,236007.0
2020-05-18 00:00:00+00:00,970423.0,275691.0
2020-05-19 00:00:00+00:00,890493.0,272964.0
2020-05-20 00:00:00+00:00,865708.0,276199.0
2020-05-21 00:00:00+00:00,928630.0,302259.0
2020-05-22 00:00:00+00:00,797526.0,278942.0
2020-05-23 00:00:00+00:00,848702.0,267042.0
2020-05-24 00:00:00+00:00,807939.0,216545.0
2020-05-25 00:00:00+00:00,828919.0,267395.0
2020-05-26 00:00:00+00:00,852839.0,286759.0
2020-05-27 00:00:00+00:00,913075.0,299984.0
2020-05-28 00:00:00+00:00,866559.0,299064.0
2020-05-29 00:00:00+00:00,852420.0,282773.0
2020-05-30 00:00:00+00:00,902498.0,284116.0
2020-05-31 00:00:00+00:00,801889.0,258529.0
2020-06-01 00:00:00+00:00,870833.0,302044.0
2020-06-02 00:00:00+00:00,899961.0,308948.0
2020-06-03 00:00:00+00:00,950153.0,311153.0
2020-06-04 00:00:00+00:00,884109.0,315771.0
2020-06-05 00:00:00+00:00,918647.0,331389.0
2020-06-06 00:00:00+00:00,771819.0,281291.0
2020-06-07 00:00:00+00:00,690992.0,254724.0
2020-06-08 00:00:00+00:00,986341.0,316297.0
2020-06-09 00:00:00+00:00,910121.0,328115.0
2020-06-10 00:00:00+00:00,909669.0,324907.0
2020-06-11 00:00:00+00:00,1048342.0,336672.0
2020-06-12 00:00:00+00:00,909615.0,309817.0
2020-06-13 00:00:00+00:00,800767.0,283164.0
2020-06-14 00:00:00+00:00,698545.0,279097.0
2020-06-15 00:00:00+00:00,867844.0,292792.0
2020-06-16 00:00:00+00:00,986219.0,343031.0
2020-06-17 00:00:00+00:00,918592.0,330975.0
2020-06-18 00:00:00+00:00,854866.0,283106.0
2020-06-19 00:00:00+00:00,947402.0,345029.0
2020-06-20 00:00:00+00:00,760742.0,281510.0
2020-06-21 00:00:00+00:00,710176.0,256980.0
2020-06-22 00:00:00+00:00,850006.0,307776.0
2020-06-23 00:00:00+00:00,1034537.0,351192.0
2020-06-24 00:00:00+00:00,917620.0,311143.0
2020-06-25 00:00:00+00:00,901033.0,315538.0
2020-06-26 00:00:00+00:00,929963.0,328405.0
2020-06-27 00:00:00+00:00,761896.0,272210.0
2020-06-28 00:00:00+00:00,686270.0,265941.0
2020-06-29 00:00:00+00:00,962232.0,314488.0
2020-06-30 00:00:00+00:00,926238.0,306323.0
2020-07-01 00:00:00+00:00,1078007.0,378081.0
2020-07-02 00:00:00+00:00,951042.0,339419.0
2020-07-03 00:00:00+00:00,944676.0,327948.0
2020-07-04 00:00:00+00:00,799989.0,292761.0
2020-07-05 00:00:00+00:00,771473.0,273114.0
2020-07-06 00:00:00+00:00,989688.0,337284.0
2020-07-07 00:00:00+00:00,969354.0,349022.0
2020-07-08 00:00:00+00:00,1024085.0,347004.0
2020-07-09 00:00:00+00:00,1033334.0,360126.0
2020-07-10 00:00:00+00:00,976205.0,345294.0
2020-07-11 00:00:00+00:00,885970.0,310565.0
2020-07-12 00:00:00+00:00,745665.0,280425.0
2020-07-13 00:00:00+00:00,909653.0,311275.0
2020-07-14 00:00:00+00:00,993499.0,357160.0
2020-07-15 00:00:00+00:00,971186.0,318436.0
2020-07-16 00:00:00+00:00,966383.0,347671.0
2020-07-17 00:00:00+00:00,847984.0,290533.0
2020-07-18 00:00:00+00:00,892684.0,313304.0
2020-07-19 00:00:00+00:00,872974.0,274629.0
2020-07-20 00:00:00+00:00,940265.0,312187.0
2020-07-21 00:00:00+00:00,927506.0,313100.0
2020-07-22 00:00:00+00:00,1017627.0,362798.0
2020-07-23 00:00:00+00:00,977856.0,336506.0
2020-07-24 00:00:00+00:00,1083981.0,369218.0
2020-07-25 00:00:00+00:00,972156.0,290603.0
2020-07-26 00:00:00+00:00,999311.0,301312.0
2020-07-27 00:00:00+00:00,1022491.0,325521.0
2020-07-28 00:00:00+00:00,1059084.0,354433.0
2020-07-29 00:00:00+00:00,1039672.0,348023.0
2020-07-30 00:00:00+00:00,968423.0,329417.0
2020-07-31 00:00:00+00:00,1062923.0,355688.0
2020-08-01 00:00:00+00:00,954055.0,292274.0
2020-08-02 00:00:00+00:00,950873.0,287133.0
2020-08-03 00:00:00+00:00,1080975.0,334722.0
2020-08-04 00:00:00+00:00,1003351.0,331448.0
2020-08-05 00:00:00+00:00,957619.0,291603.0
2020-08-06 00:00:00+00:00,1120216.0,355285.0
2020-08-07 00:00:00+00:00,1049182.0,327415.0
2020-08-08 00:00:00+00:00,951540.0,277399.0
2020-08-09 00:00:00+00:00,911571.0,275199.0
2020-08-10 00:00:00+00:00,967780.0,307280.0
2020-08-11 00:00:00+00:00,1086328.0,348465.0
2020-08-12 00:00:00+00:00,1049344.0,342524.0
2020-08-13 00:00:00+00:00,952528.0,330257.0
2020-08-14 00:00:00+00:00,1086754.0,364429.0
2020-08-15 00:00:00+00:00,973628.0,309355.0
2020-08-16 00:00:00+00:00,892624.0,293129.0
2020-08-17 00:00:00+00:00,878796.0,289826.0
2020-08-18 00:00:00+00:00,1008612.0,345122.0
2020-08-19 00:00:00+00:00,988648.0,336660.0
2020-08-20 00:00:00+00:00,994559.0,331546.0
2020-08-21 00:00:00+00:00,1095556.0,313078.0
2020-08-22 00:00:00+00:00,950674.0,308966.0
2020-08-23 00:00:00+00:00,906460.0,287940.0
2020-08-24 00:00:00+00:00,944242.0,334304.0
2020-08-25 00:00:00+00:00,951716.0,301021.0
2020-08-26 00:00:00+00:00,1030264.0,328396.0
2020-08-27 00:00:00+00:00,947577.0,324735.0
2020-08-28 00:00:00+00:00,1080096.0,352344.0
2020-08-29 00:00:00+00:00,972062.0,291205.0
2020-08-30 00:00:00+00:00,821271.0,266126.0
2020-08-31 00:00:00+00:00,935410.0,310357.0
2020-09-01 00:00:00+00:00,1074307.0,371778.0
2020-09-02 00:00:00+00:00,1029017.0,320017.0
2020-09-03 00:00:00+00:00,983249.0,309835.0
2020-09-04 00:00:00+00:00,1004854.0,300021.0
2020-09-05 00:00:00+00:00,984198.0,324594.0
2020-09-06 00:00:00+00:00,988383.0,258964.0
2020-09-07 00:00:00+00:00,1086059.0,328020.0
2020-09-08 00:00:00+00:00,974053.0,329714.0
2020-09-09 00:00:00+00:00,968245.0,321941.0
2020-09-10 00:00:00+00:00,1103924.0,343183.0
2020-09-11 00:00:00+00:00,951505.0,308280.0
2020-09-12 00:00:00+00:00,890683.0,297027.0
2020-09-13 00:00:00+00:00,803998.0,256977.0
2020-09-14 00:00:00+00:00,1016193.0,353963.0
2020-09-15 00:00:00+00:00,976024.0,335248.0
2020-09-16 00:00:00+00:00,1064243.0,340027.0
2020-09-17 00:00:00+00:00,1101957.0,347774.0
2020-09-18 00:00:00+00:00,974291.0,326660.0
2020-09-19 00:00:00+00:00,892685.0,292875.0
2020-09-20 00:00:00+00:00,820833.0,261651.0
2020-09-21 00:00:00+00:00,946997.0,299730.0
2020-09-22 00:00:00+00:00,968239.0,311008.0
2020-09-23 00:00:00+00:00,1013565.0,349540.0
2020-09-24 00:00:00+00:00,943668.0,318555.0
2020-09-25 00:00:00+00:00,1140261.0,345399.0
2020-09-26 00:00:00+00:00,952990.0,281747.0
2020-09-27 00:00:00+00:00,784428.0,258919.0
2020-09-28 00:00:00+00:00,884124.0,297685.0
2020-09-29 00:00:00+00:00,998051.0,345931.0
2020-09-30 00:00:00+00:00,1118241.0,351403.0
2020-10-01 00:00:00+00:00,922880.0,304377.0
2020-10-02 00:00:00+00:00,996361.0,315938.0
2020-10-03 00:00:00+00:00,1002444.0,303899.0
2020-10-04 00:00:00+00:00,923546.0,274508.0
2020-10-05 00:00:00+00:00,946902.0,295868.0
2020-10-06 00:00:00+00:00,978521.0,318289.0
2020-10-07 00:00:00+00:00,1063425.0,369576.0
2020-10-08 00:00:00+00:00,1033122.0,329472.0
2020-10-09 00:00:00+00:00,1006667.0,339374.0
2020-10-10 00:00:00+00:00,917402.0,294652.0
2020-10-11 00:00:00+00:00,791020.0,257292.0
2020-10-12 00:00:00+00:00,945894.0,315903.0
2020-10-13 00:00:00+00:00,1049377.0,330320.0
2020-10-14 00:00:00+00:00,952949.0,318750.0
2020-10-15 00:00:00+00:00,1035214.0,337702.0
2020-10-16 00:00:00+00:00,973228.0,319791.0
2020-10-17 00:00:00+00:00,851147.0,278655.0
2020-10-18 00:00:00+00:00,744786.0,234650.0
2020-10-19 00:00:00+00:00,930306.0,303148.0
2020-10-20 00:00:00+00:00,1011847.0,331386.0
2020-10-21 00:00:00+00:00,1013298.0,308240.0
2020-10-22 00:00:00+00:00,1048775.0,341549.0
2020-10-23 00:00:00+00:00,977710.0,321018.0
2020-10-24 00:00:00+00:00,1098917.0,304224.0
2020-10-25 00:00:00+00:00,851199.0,242596.0
2020-10-26 00:00:00+00:00,825846.0,255058.0
2020-10-27 00:00:00+00:00,827512.0,255102.0
2020-10-28 00:00:00+00:00,817505.0,259212.0
2020-10-29 00:00:00+00:00,887772.0,277836.0
2020-10-30 00:00:00+00:00,901403.0,267995.0
2020-10-31 00:00:00+00:00,875335.0,274513.0
2020-11-01 00:00:00+00:00,897445.0,276664.0
2020-11-02 00:00:00+00:00,777173.0,225214.0
2020-11-03 00:00:00+00:00,1029970.0,330051.0
2020-11-04 00:00:00+00:00,1175181.0,319925.0
2020-11-05 00:00:00+00:00,1071518.0,319993.0
2020-11-06 00:00:00+00:00,1080743.0,334639.0
2020-11-07 00:00:00+00:00,1055012.0,273328.0
2020-11-08 00:00:00+00:00,920529.0,243396.0
2020-11-09 00:00:00+00:00,1188873.0,320528.0
2020-11-10 00:00:00+00:00,1026623.0,308276.0
2020-11-11 00:00:00+00:00,1004339.0,318925.0
2020-11-12 00:00:00+00:00,1064270.0,329630.0
2020-11-13 00:00:00+00:00,999523.0,301426.0
2020-11-14 00:00:00+00:00,915336.0,272079.0
2020-11-15 00:00:00+00:00,845204.0,248137.0
2020-11-16 00:00:00+00:00,1041491.0,312340.0
2020-11-17 00:00:00+00:00,1142716.0,350945.0
2020-11-18 00:00:00+00:00,1197076.0,362407.0
2020-11-19 00:00:00+00:00,1052034.0,309724.0
2020-11-20 00:00:00+00:00,1177776.0,346562.0
2020-11-21 00:00:00+00:00,1007240.0,308830.0
2020-11-22 00:00:00+00:00,875364.0,273653.0
2020-11-23 00:00:00+00:00,1014814.0,301519.0
2020-11-24 00:00:00+00:00,1052398.0,330918.0
2020-11-25 00:00:00+00:00,1127776.0,362628.0
2020-11-26 00:00:00+00:00,1115848.0,321713.0
2020-11-27 00:00:00+00:00,1099990.0,323696.0
2020-11-28 00:00:00+00:00,1038684.0,292638.0
2020-11-29 00:00:00+00:00,875712.0,259705.0
2020-11-30 00:00:00+00:00,903580.0,262264.0
2020-12-01 00:00:00+00:00,1179012.0,378285.0
2020-12-02 00:00:00+00:00,1015318.0,327335.0
2020-12-03 00:00:00+00:00,1165469.0,343706.0
2020-12-04 00:00:00+00:00,1070208.0,315591.0
2020-12-05 00:00:00+00:00,1077064.0,283933.0
2020-12-06 00:00:00+00:00,906549.0,256611.0
2020-12-07 00:00:00+00:00,1017188.0,305857.0
2020-12-08 00:00:00+00:00,1057637.0,329557.0
2020-12-09 00:00:00+00:00,1059284.0,323845.0
2020-12-10 00:00:00+00:00,995137.0,311527.0
2020-12-11 00:00:00+00:00,1078069.0,304342.0
2020-12-12 00:00:00+00:00,962538.0,296177.0
2020-12-13 00:00:00+00:00,938739.0,274709.0
2020-12-14 00:00:00+00:00,977389.0,313940.0
2020-12-15 00:00:00+00:00,1047043.0,322798.0
2020-12-16 00:00:00+00:00,1098912.0,313973.0
2020-12-17 00:00:00+00:00,1066159.0,308001.0
2020-12-18 00:00:00+00:00,1194851.0,377227.0
2020-12-19 00:00:00+00:00,1158142.0,339766.0
2020-12-20 00:00:00+00:00,1075417.0,282293.0
2020-12-21 00:00:00+00:00,1126710.0,274086.0
2020-12-22 00:00:00+00:00,1095221.0,322307.0
2020-12-23 00:00:00+00:00,1138302.0,337585.0
2020-12-24 00:00:00+00:00,969168.0,271363.0
2020-12-25 00:00:00+00:00,1021183.0,298020.0
2020-12-26 00:00:00+00:00,957062.0,277615.0
2020-12-27 00:00:00+00:00,1049825.0,304240.0
2020-12-28 00:00:00+00:00,1154354.0,314503.0
2020-12-29 00:00:00+00:00,1146131.0,334580.0
2020-12-30 00:00:00+00:00,1221579.0,340919.0
2020-12-31 00:00:00+00:00,1193822.0,338444.0
2021-01-01 00:00:00+00:00,1001890.0,261318.0
2021-01-02 00:00:00+00:00,1140633.0,297595.0
2021-01-03 00:00:00+00:00,1184688.0,359641.0
2021-01-04 00:00:00+00:00,1270082.0,370865.0
2021-01-05 00:00:00+00:00,1230529.0,355008.0
2021-01-06 00:00:00+00:00,1344921.0,398455.0
2021-01-07 00:00:00+00:00,1292297.0,402123.0
2021-01-08 00:00:00+00:00,1237271.0,358440.0
2021-01-09 00:00:00+00:00,1094947.0,318922.0
2021-01-10 00:00:00+00:00,1177151.0,332604.0
2021-01-11 00:00:00+00:00,1211948.0,333441.0
2021-01-12 00:00:00+00:00,1202314.0,336350.0
2021-01-13 00:00:00+00:00,1163164.0,320071.0
2021-01-14 00:00:00+00:00,1167975.0,338553.0
2021-01-15 00:00:00+00:00,1209589.0,345053.0
2021-01-16 00:00:00+00:00,1115276.0,308421.0
2021-01-17 00:00:00+00:00,1002014.0,268872.0
2021-01-18 00:00:00+00:00,1077578.0,313873.0
2021-01-19 00:00:00+00:00,1095890.0,326366.0
2021-01-20 00:00:00+00:00,1107233.0,315516.0
2021-01-21 00:00:00+00:00,1059467.0,288464.0
2021-01-22 00:00:00+00:00,1115180.0,326671.0
2021-01-23 00:00:00+00:00,1128728.0,303320.0
2021-01-24 00:00:00+00:00,1004162.0,254109.0
2021-01-25 00:00:00+00:00,1121794.0,312958.0
2021-01-26 00:00:00+00:00,1182517.0,335923.0
2021-01-27 00:00:00+00:00,1106142.0,323598.0
2021-01-28 00:00:00+00:00,1097896.0,325159.0
2021-01-29 00:00:00+00:00,1208741.0,339577.0
2021-01-30 00:00:00+00:00,1087755.0,313065.0
2021-01-31 00:00:00+00:00,1063553.0,287082.0
2021-02-01 00:00:00+00:00,999221.0,283467.0
2021-02-02 00:00:00+00:00,1202183.0,363397.0
2021-02-03 00:00:00+00:00,1187019.0,345764.0
2021-02-04 00:00:00+00:00,1226684.0,367536.0
2021-02-05 00:00:00+00:00,1257476.0,360061.0
2021-02-06 00:00:00+00:00,1147256.0,328082.0
2021-02-07 00:00:00+00:00,1159518.0,286807.0
2021-02-08 00:00:00+00:00,1249543.0,340919.0
2021-02-09 00:00:00+00:00,1174227.0,359788.0
2021-02-10 00:00:00+00:00,1191329.0,340736.0
2021-02-11 00:00:00+00:00,1052110.0,301861.0
2021-02-12 00:00:00+00:00,1157108.0,347247.0
2021-02-13 00:00:00+00:00,1217682.0,333184.0
2021-02-14 00:00:00+00:00,1122976.0,297041.0
2021-02-15 00:00:00+00:00,1140491.0,312281.0
2021-02-16 00:00:00+00:00,989854.0,293716.0
2021-02-17 00:00:00+00:00,1134666.0,318209.0
2021-02-18 00:00:00+00:00,1138881.0,317446.0
2021-02-19 00:00:00+00:00,1248515.0,340244.0
2021-02-20 00:00:00+00:00,1187083.0,321732.0
2021-02-21 00:00:00+00:00,1047141.0,272006.0
2021-02-22 00:00:00+00:00,1094544.0,284119.0
2021-02-23 00:00:00+00:00,1054613.0,288011.0
2021-02-24 00:00:00+00:00,1230122.0,354258.0
2021-02-25 00:00:00+00:00,1217040.0,328850.0
2021-02-26 00:00:00+00:00,1114180.0,305149.0
2021-02-27 00:00:00+00:00,1202477.0,322758.0
2021-02-28 00:00:00+00:00,1033508.0,252499.0
2021-03-01 00:00:00+00:00,1073523.0,278708.0
2021-03-02 00:00:00+00:00,1119669.0,340722.0
2021-03-03 00:00:00+00:00,1185450.0,332985.0
2021-03-04 00:00:00+00:00,1042797.0,290966.0
2021-03-05 00:00:00+00:00,1154593.0,315193.0
2021-03-06 00:00:00+00:00,1147083.0,288073.0
2021-03-07 00:00:00+00:00,1043256.0,259265.0
2021-03-08 00:00:00+00:00,1164249.0,294249.0
2021-03-09 00:00:00+00:00,1088598.0,299423.0
2021-03-10 00:00:00+00:00,1165773.0,342661.0
2021-03-11 00:00:00+00:00,1084417.0,293471.0
2021-03-12 00:00:00+00:00,1186618.0,320069.0
2021-03-13 00:00:00+00:00,1104466.0,276253.0
2021-03-14 00:00:00+00:00,1155175.0,305716.0
2021-03-15 00:00:00+00:00,1167577.0,295380.0
2021-03-16 00:00:00+00:00,1161912.0,319854.0
2021-03-17 00:00:00+00:00,1110541.0,290856.0
2021-03-18 00:00:00+00:00,1219716.0,335857.0
2021-03-19 00:00:00+00:00,1158820.0,315088.0
2021-03-20 00:00:00+00:00,1124513.0,281882.0
2021-03-21 00:00:00+00:00,1112554.0,240660.0
2021-03-22 00:00:00+00:00,1144113.0,295471.0
2021-03-23 00:00:00+00:00,1234149.0,316687.0
2021-03-24 00:00:00+00:00,1153475.0,301818.0
2021-03-25 00:00:00+00:00,1218346.0,320449.0
2021-03-26 00:00:00+00:00,1085835.0,293636.0
2021-03-27 00:00:00+00:00,1149403.0,286113.0
2021-03-28 00:00:00+00:00,1063472.0,244181.0
2021-03-29 00:00:00+00:00,1115525.0,307500.0
2021-03-30 00:00:00+00:00,1154381.0,323613.0
2021-03-31 00:00:00+00:00,1234495.0,330775.0
2021-04-01 00:00:00+00:00,1145125.0,315091.0
2021-04-02 00:00:00+00:00,1103476.0,302587.0
2021-04-03 00:00:00+00:00,1020968.0,278911.0
2021-04-04 00:00:00+00:00,1032167.0,247000.0
2021-04-05 00:00:00+00:00,1229289.0,289931.0
2021-04-06 00:00:00+00:00,1180036.0,310254.0
2021-04-07 00:00:00+00:00,1246138.0,318898.0
2021-04-08 00:00:00+00:00,1092604.0,280374.0
2021-04-09 00:00:00+00:00,1222362.0,322101.0
2021-04-10 00:00:00+00:00,1163952.0,300140.0
2021-04-11 00:00:00+00:00,1043812.0,254567.0
2021-04-12 00:00:00+00:00,1126723.0,291473.0
2021-04-13 00:00:00+00:00,1178027.0,310996.0
2021-04-14 00:00:00+00:00,1149773.0,295564.0
2021-04-15 00:00:00+00:00,1366494.0,358905.0
2021-04-16 00:00:00+00:00,933121.0,218612.0
2021-04-17 00:00:00+00:00,828375.0,195677.0
2021-04-18 00:00:00+00:00,1057891.0,276174.0
2021-04-19 00:00:00+00:00,884672.0,207290.0
2021-04-20 00:00:00+00:00,1126908.0,280365.0
2021-04-21 00:00:00+00:00,918079.0,226747.0
2021-04-22 00:00:00+00:00,1114976.0,269958.0
2021-04-23 00:00:00+00:00,1114180.0,296653.0
2021-04-24 00:00:00+00:00,1125210.0,291934.0
2021-04-25 00:00:00+00:00,1026103.0,241657.0
2021-04-26 00:00:00+00:00,943203.0,241837.0
2021-04-27 00:00:00+00:00,1092574.0,297541.0
2021-04-28 00:00:00+00:00,1113474.0,276370.0
2021-04-29 00:00:00+00:00,986056.0,256358.0
2021-04-30 00:00:00+00:00,1122022.0,292939.0
2021-05-01 00:00:00+00:00,1040203.0,260173.0
2021-05-02 00:00:00+00:00,1248724.0,235137.0
2021-05-03 00:00:00+00:00,1268856.0,288071.0
2021-05-04 00:00:00+00:00,1293836.0,300350.0
2021-05-05 00:00:00+00:00,1208973.0,309762.0
2021-05-06 00:00:00+00:00,1228892.0,310841.0
2021-05-07 00:00:00+00:00,1187763.0,306397.0
2021-05-08 00:00:00+00:00,1169650.0,275777.0
2021-05-09 00:00:00+00:00,1234486.0,246707.0
2021-05-10 00:00:00+00:00,1315147.0,305887.0
2021-05-11 00:00:00+00:00,1258920.0,309496.0
2021-05-12 00:00:00+00:00,1245595.0,301570.0
2021-05-13 00:00:00+00:00,1187747.0,274151.0
2021-05-14 00:00:00+00:00,1066269.0,267317.0
2021-05-15 00:00:00+00:00,953308.0,231360.0
2021-05-16 00:00:00+00:00,971649.0,219486.0
2021-05-17 00:00:00+00:00,962984.0,252917.0
2021-05-18 00:00:00+00:00,856695.0,220564.0
2021-05-19 00:00:00+00:00,1031147.0,264932.0
2021-05-20 00:00:00+00:00,943686.0,226451.0
2021-05-21 00:00:00+00:00,942736.0,225921.0
2021-05-22 00:00:00+00:00,918673.0,221219.0
2021-05-23 00:00:00+00:00,957018.0,195260.0
2021-05-24 00:00:00+00:00,975836.0,236897.0
2021-05-25 00:00:00+00:00,968674.0,232254.0
2021-05-26 00:00:00+00:00,933622.0,228063.0
2021-05-27 00:00:00+00:00,864432.0,217523.0
2021-05-28 00:00:00+00:00,972164.0,217451.0
2021-05-29 00:00:00+00:00,863265.0,192912.0
2021-05-30 00:00:00+00:00,990443.0,182281.0
2021-05-31 00:00:00+00:00,977895.0,229620.0
2021-06-01 00:00:00+00:00,914351.0,231423.0
2021-06-02 00:00:00+00:00,1090605.0,252343.0
2021-06-03 00:00:00+00:00,1015474.0,253523.0
2021-06-04 00:00:00+00:00,907519.0,235300.0
2021-06-05 00:00:00+00:00,762659.0,192819.0
2021-06-06 00:00:00+00:00,737174.0,188480.0
2021-06-07 00:00:00+00:00,910652.0,237064.0
2021-06-08 00:00:00+00:00,998834.0,245071.0
2021-06-09 00:00:00+00:00,817282.0,213689.0
2021-06-10 00:00:00+00:00,948298.0,252966.0
2021-06-11 00:00:00+00:00,874050.0,212379.0
2021-06-12 00:00:00+00:00,1013611.0,223896.0
2021-06-13 00:00:00+00:00,799859.0,182420.0
2021-06-14 00:00:00+00:00,972587.0,248537.0
2021-06-15 00:00:00+00:00,963054.0,242092.0
2021-06-16 00:00:00+00:00,954838.0,254125.0
2021-06-17 00:00:00+00:00,865333.0,236736.0
2021-06-18 00:00:00+00:00,825241.0,224077.0
2021-06-19 00:00:00+00:00,688095.0,182467.0
2021-06-20 00:00:00+00:00,652470.0,168027.0
2021-06-21 00:00:00+00:00,835557.0,208474.0
2021-06-22 00:00:00+00:00,776432.0,196802.0
2021-06-23 00:00:00+00:00,847730.0,233460.0
2021-06-24 00:00:00+00:00,843836.0,226845.0
2021-06-25 00:00:00+00:00,880813.0,223011.0
2021-06-26 00:00:00+00:00,715801.0,180868.0
2021-06-27 00:00:00+00:00,518219.0,123967.0
2021-06-28 00:00:00+00:00,776365.0,215492.0
2021-06-29 00:00:00+00:00,792995.0,207236.0
2021-06-30 00:00:00+00:00,790273.0,217133.0
2021-07-01 00:00:00+00:00,817115.0,232056.0
2021-07-02 00:00:00+00:00,809016.0,189904.0
2021-07-03 00:00:00+00:00,1027108.0,234315.0
2021-07-04 00:00:00+00:00,843475.0,169312.0
2021-07-05 00:00:00+00:00,902032.0,223372.0
2021-07-06 00:00:00+00:00,853332.0,232857.0
2021-07-07 00:00:00+00:00,811614.0,220912.0
2021-07-08 00:00:00+00:00,802085.0,228850.0
2021-07-09 00:00:00+00:00,818441.0,223467.0
2021-07-10 00:00:00+00:00,726034.0,193966.0
2021-07-11 00:00:00+00:00,690684.0,160653.0
2021-07-12 00:00:00+00:00,838472.0,225239.0
2021-07-13 00:00:00+00:00,807050.0,227411.0
2021-07-14 00:00:00+00:00,817900.0,235584.0
2021-07-15 00:00:00+00:00,828844.0,224713.0
2021-07-16 00:00:00+00:00,764392.0,223179.0
2021-07-17 00:00:00+00:00,640355.0,181727.0
2021-07-18 00:00:00+00:00,651828.0,163158.0
2021-07-19 00:00:00+00:00,845474.0,228590.0
2021-07-20 00:00:00+00:00,822257.0,228207.0
2021-07-21 00:00:00+00:00,815589.0,237007.0
2021-07-22 00:00:00+00:00,780869.0,223683.0
2021-07-23 00:00:00+00:00,803246.0,234138.0
2021-07-24 00:00:00+00:00,712132.0,196325.0
2021-07-25 00:00:00+00:00,641796.0,172110.0
2021-07-26 00:00:00+00:00,958347.0,269826.0
2021-07-27 00:00:00+00:00,903400.0,251334.0
2021-07-28 00:00:00+00:00,868607.0,255513.0
2021-07-29 00:00:00+00:00,880689.0,261353.0
2021-07-30 00:00:00+00:00,841162.0,250833.0
2021-07-31 00:00:00+00:00,720022.0,204354.0
2021-08-01 00:00:00+00:00,695892.0,190234.0
2021-08-02 00:00:00+00:00,899861.0,236019.0
2021-08-03 00:00:00+00:00,820918.0,246833.0
2021-08-04 00:00:00+00:00,842870.0,237723.0
2021-08-05 00:00:00+00:00,854629.0,249454.0
2021-08-06 00:00:00+00:00,894265.0,258639.0
2021-08-07 00:00:00+00:00,724467.0,207621.0
2021-08-08 00:00:00+00:00,740945.0,197270.0
2021-08-09 00:00:00+00:00,934412.0,254532.0
2021-08-10 00:00:00+00:00,875882.0,259626.0
2021-08-11 00:00:00+00:00,866724.0,261571.0
2021-08-12 00:00:00+00:00,842547.0,252677.0
2021-08-13 00:00:00+00:00,917929.0,256053.0
2021-08-14 00:00:00+00:00,724702.0,211657.0
2021-08-15 00:00:00+00:00,750378.0,181221.0
2021-08-16 00:00:00+00:00,978773.0,270372.0
2021-08-17 00:00:00+00:00,953226.0,254546.0
2021-08-18 00:00:00+00:00,876483.0,247197.0
2021-08-19 00:00:00+00:00,888796.0,254656.0
2021-08-20 00:00:00+00:00,984372.0,272396.0
2021-08-21 00:00:00+00:00,787645.0,216018.0
2021-08-22 00:00:00+00:00,715639.0,191939.0
2021-08-23 00:00:00+00:00,973417.0,271010.0
2021-08-24 00:00:00+00:00,945668.0,263660.0
2021-08-25 00:00:00+00:00,867743.0,264966.0
2021-08-26 00:00:00+00:00,818959.0,254481.0
2021-08-27 00:00:00+00:00,864176.0,260937.0
2021-08-28 00:00:00+00:00,726381.0,212867.0
2021-08-29 00:00:00+00:00,685753.0,196139.0
2021-08-30 00:00:00+00:00,910173.0,249956.0
2021-08-31 00:00:00+00:00,930055.0,273720.0
2021-09-01 00:00:00+00:00,954959.0,277500.0
2021-09-02 00:00:00+00:00,1026339.0,293611.0
2021-09-03 00:00:00+00:00,1008068.0,278164.0
2021-09-04 00:00:00+00:00,776022.0,227677.0
2021-09-05 00:00:00+00:00,735688.0,206820.0
2021-09-06 00:00:00+00:00,968860.0,269949.0
2021-09-07 00:00:00+00:00,938525.0,277913.0
2021-09-08 00:00:00+00:00,907794.0,271871.0
2021-09-09 00:00:00+00:00,937415.0,275020.0
2021-09-10 00:00:00+00:00,906178.0,260963.0
2021-09-11 00:00:00+00:00,823454.0,210848.0
2021-09-12 00:00:00+00:00,705573.0,193569.0
2021-09-13 00:00:00+00:00,908372.0,253041.0
2021-09-14 00:00:00+00:00,952892.0,270910.0
2021-09-15 00:00:00+00:00,976201.0,268455.0
2021-09-16 00:00:00+00:00,1021047.0,270023.0
2021-09-17 00:00:00+00:00,943981.0,273808.0
2021-09-18 00:00:00+00:00,819880.0,227894.0
2021-09-19 00:00:00+00:00,714326.0,199632.0
2021-09-20 00:00:00+00:00,1014971.0,273371.0
2021-09-21 00:00:00+00:00,844883.0,245996.0
2021-09-22 00:00:00+00:00,888195.0,270233.0
2021-09-23 00:00:00+00:00,918846.0,273598.0
2021-09-24 00:00:00+00:00,958548.0,274940.0
2021-09-25 00:00:00+00:00,702530.0,210070.0
2021-09-26 00:00:00+00:00,699993.0,192460.0
2021-09-27 00:00:00+00:00,901586.0,262162.0
2021-09-28 00:00:00+00:00,935822.0,262395.0
2021-09-29 00:00:00+00:00,830989.0,240916.0
2021-09-30 00:00:00+00:00,1059608.0,289577.0
2021-10-01 00:00:00+00:00,962201.0,279255.0
2021-10-02 00:00:00+00:00,963528.0,260972.0
2021-10-03 00:00:00+00:00,808347.0,216090.0
2021-10-04 00:00:00+00:00,1015651.0,265740.0
2021-10-05 00:00:00+00:00,1037679.0,312571.0
2021-10-06 00:00:00+00:00,914612.0,273475.0
2021-10-07 00:00:00+00:00,1144142.0,324741.0
2021-10-08 00:00:00+00:00,978503.0,280844.0
2021-10-09 00:00:00+00:00,991926.0,241705.0
2021-10-10 00:00:00+00:00,803826.0,212316.0
2021-10-11 00:00:00+00:00,1009017.0,277496.0
2021-10-12 00:00:00+00:00,937369.0,274993.0
2021-10-13 00:00:00+00:00,975651.0,289461.0
2021-10-14 00:00:00+00:00,1007101.0,284115.0
2021-10-15 00:00:00+00:00,1017121.0,297755.0
2021-10-16 00:00:00+00:00,937355.0,269680.0
2021-10-17 00:00:00+00:00,823877.0,212511.0
2021-10-18 00:00:00+00:00,1003479.0,291260.0
2021-10-19 00:00:00+00:00,1077371.0,310438.0
2021-10-20 00:00:00+00:00,977215.0,291740.0
2021-10-21 00:00:00+00:00,1139133.0,321169.0
2021-10-22 00:00:00+00:00,957015.0,281476.0
2021-10-23 00:00:00+00:00,826969.0,228432.0
2021-10-24 00:00:00+00:00,737951.0,208278.0
2021-10-25 00:00:00+00:00,1079523.0,286798.0
2021-10-26 00:00:00+00:00,998333.0,295695.0
2021-10-27 00:00:00+00:00,944035.0,286086.0
2021-10-28 00:00:00+00:00,1055114.0,297884.0
2021-10-29 00:00:00+00:00,1014855.0,307314.0
2021-10-30 00:00:00+00:00,906672.0,251998.0
2021-10-31 00:00:00+00:00,893617.0,216741.0
2021-11-01 00:00:00+00:00,1053426.0,289324.0
2021-11-02 00:00:00+00:00,1035030.0,300911.0
2021-11-03 00:00:00+00:00,1069212.0,290879.0
2021-11-04 00:00:00+00:00,998917.0,286047.0
2021-11-05 00:00:00+00:00,1037437.0,282446.0
2021-11-06 00:00:00+00:00,825483.0,237201.0
2021-11-07 00:00:00+00:00,826432.0,222930.0
2021-11-08 00:00:00+00:00,1018796.0,294064.0
2021-11-09 00:00:00+00:00,1195638.0,336872.0
2021-11-10 00:00:00+00:00,1022756.0,295892.0
2021-11-11 00:00:00+00:00,1037951.0,293052.0
2021-11-12 00:00:00+00:00,975353.0,287476.0
2021-11-13 00:00:00+00:00,828248.0,234794.0
2021-11-14 00:00:00+00:00,806451.0,222847.0
2021-11-15 00:00:00+00:00,1083387.0,291313.0
2021-11-16 00:00:00+00:00,1030573.0,301154.0
2021-11-17 00:00:00+00:00,993545.0,288569.0
2021-11-18 00:00:00+00:00,990087.0,295608.0
2021-11-19 00:00:00+00:00,976682.0,283868.0
2021-11-20 00:00:00+00:00,848464.0,248520.0
2021-11-21 00:00:00+00:00,842004.0,218828.0
2021-11-22 00:00:00+00:00,947435.0,286930.0
2021-11-23 00:00:00+00:00,909010.0,282832.0
2021-11-24 00:00:00+00:00,1071921.0,295032.0
2021-11-25 00:00:00+00:00,973237.0,287824.0
2021-11-26 00:00:00+00:00,996141.0,291679.0
2021-11-27 00:00:00+00:00,777970.0,238622.0
2021-11-28 00:00:00+00:00,816560.0,215317.0
2021-11-29 00:00:00+00:00,993217.0,303388.0
2021-11-30 00:00:00+00:00,977183.0,296340.0
2021-12-01 00:00:00+00:00,1057704.0,284941.0
2021-12-02 00:00:00+00:00,1184757.0,315565.0
2021-12-03 00:00:00+00:00,1010596.0,289452.0
2021-12-04 00:00:00+00:00,961294.0,244342.0
2021-12-05 00:00:00+00:00,978899.0,221615.0
2021-12-06 00:00:00+00:00,1078373.0,286268.0
2021-12-07 00:00:00+00:00,983177.0,284544.0
2021-12-08 00:00:00+00:00,927369.0,268196.0
2021-12-09 00:00:00+00:00,1123743.0,285532.0
2021-12-10 00:00:00+00:00,930831.0,270853.0
2021-12-11 00:00:00+00:00,805461.0,222133.0
2021-12-12 00:00:00+00:00,725043.0,211066.0
2021-12-13 00:00:00+00:00,996713.0,281785.0
2021-12-14 00:00:00+00:00,966596.0,281921.0
2021-12-15 00:00:00+00:00,1058257.0,280841.0
2021-12-16 00:00:00+00:00,873836.0,256019.0
2021-12-17 00:00:00+00:00,979005.0,260119.0
2021-12-18 00:00:00+00:00,855978.0,234236.0
2021-12-19 00:00:00+00:00,755797.0,214374.0
2021-12-20 00:00:00+00:00,1015255.0,266803.0
2021-12-21 00:00:00+00:00,1009227.0,303464.0
2021-12-22 00:00:00+00:00,992589.0,286626.0
2021-12-23 00:00:00+00:00,991240.0,292194.0
2021-12-24 00:00:00+00:00,974212.0,256631.0
2021-12-25 00:00:00+00:00,866151.0,204665.0
2021-12-26 00:00:00+00:00,774902.0,201930.0
2021-12-27 00:00:00+00:00,992531.0,248198.0
2021-12-28 00:00:00+00:00,1051572.0,269681.0
2021-12-29 00:00:00+00:00,1142870.0,276509.0
2021-12-30 00:00:00+00:00,977727.0,245011.0
2021-12-31 00:00:00+00:00,1093396.0,262509.0
2022-01-01 00:00:00+00:00,695722.0,188065.0
2022-01-02 00:00:00+00:00,734444.0,194826.0
2022-01-03 00:00:00+00:00,948843.0,241163.0
2022-01-04 00:00:00+00:00,971141.0,274049.0
2022-01-05 00:00:00+00:00,1023484.0,274757.0
2022-01-06 00:00:00+00:00,937879.0,258406.0
2022-01-07 00:00:00+00:00,961733.0,255659.0
2022-01-08 00:00:00+00:00,823193.0,226064.0
2022-01-09 00:00:00+00:00,734904.0,203966.0
2022-01-10 00:00:00+00:00,977953.0,269292.0
2022-01-11 00:00:00+00:00,973363.0,285302.0
2022-01-12 00:00:00+00:00,958871.0,266587.0
2022-01-13 00:00:00+00:00,943218.0,276789.0
2022-01-14 00:00:00+00:00,959705.0,262404.0
2022-01-15 00:00:00+00:00,819060.0,234931.0
2022-01-16 00:00:00+00:00,768912.0,217903.0
2022-01-17 00:00:00+00:00,963405.0,258684.0
2022-01-18 00:00:00+00:00,906852.0,267423.0
2022-01-19 00:00:00+00:00,940760.0,267790.0
2022-01-20 00:00:00+00:00,944092.0,272287.0
2022-01-21 00:00:00+00:00,1017544.0,272514.0
2022-01-22 00:00:00+00:00,980566.0,246984.0
2022-01-23 00:00:00+00:00,764279.0,208492.0
2022-01-24 00:00:00+00:00,967257.0,271583.0
2022-01-25 00:00:00+00:00,892344.0,266941.0
2022-01-26 00:00:00+00:00,872302.0,258696.0
2022-01-27 00:00:00+00:00,894323.0,252850.0
2022-01-28 00:00:00+00:00,953545.0,266473.0
2022-01-29 00:00:00+00:00,800040.0,227066.0
2022-01-30 00:00:00+00:00,780477.0,208908.0
2022-01-31 00:00:00+00:00,993797.0,262993.0
2022-02-01 00:00:00+00:00,1058396.0,274556.0
2022-02-02 00:00:00+00:00,954043.0,275434.0
2022-02-03 00:00:00+00:00,931571.0,267726.0
2022-02-04 00:00:00+00:00,885216.0,249753.0
2022-02-05 00:00:00+00:00,951087.0,253867.0
2022-02-06 00:00:00+00:00,891700.0,221803.0
2022-02-07 00:00:00+00:00,927917.0,262908.0
2022-02-08 00:00:00+00:00,1014770.0,277455.0
2022-02-09 00:00:00+00:00,998247.0,263940.0
2022-02-10 00:00:00+00:00,1029721.0,261192.0
2022-02-11 00:00:00+00:00,987669.0,258085.0
2022-02-12 00:00:00+00:00,1060262.0,224735.0
2022-02-13 00:00:00+00:00,829229.0,212378.0
2022-02-14 00:00:00+00:00,899786.0,249689.0
2022-02-15 00:00:00+00:00,1013694.0,272685.0
2022-02-16 00:00:00+00:00,925324.0,267496.0
2022-02-17 00:00:00+00:00,931220.0,256201.0
2022-02-18 00:00:00+00:00,940726.0,258376.0
2022-02-19 00:00:00+00:00,839236.0,218004.0
2022-02-20 00:00:00+00:00,741534.0,202691.0
2022-02-21 00:00:00+00:00,886316.0,238620.0
2022-02-22 00:00:00+00:00,886571.0,256251.0
2022-02-23 00:00:00+00:00,859810.0,253563.0
2022-02-24 00:00:00+00:00,958866.0,255800.0
2022-02-25 00:00:00+00:00,936543.0,260990.0
2022-02-26 00:00:00+00:00,818914.0,221994.0
2022-02-27 00:00:00+00:00,768705.0,206112.0
2022-02-28 00:00:00+00:00,981066.0,274389.0
2022-03-01 00:00:00+00:00,1065354.0,275460.0
2022-03-02 00:00:00+00:00,1091796.0,289957.0
2022-03-03 00:00:00+00:00,1011448.0,270823.0
2022-03-04 00:00:00+00:00,949176.0,257979.0
2022-03-05 00:00:00+00:00,801293.0,226147.0
2022-03-06 00:00:00+00:00,771254.0,205542.0
2022-03-07 00:00:00+00:00,917289.0,255761.0
2022-03-08 00:00:00+00:00,962840.0,258526.0
2022-03-09 00:00:00+00:00,960901.0,272021.0
2022-03-10 00:00:00+00:00,993366.0,259229.0
2022-03-11 00:00:00+00:00,903967.0,252248.0
2022-03-12 00:00:00+00:00,787792.0,222124.0
2022-03-13 00:00:00+00:00,751546.0,206930.0
2022-03-14 00:00:00+00:00,936153.0,263759.0
2022-03-15 00:00:00+00:00,949102.0,266692.0
2022-03-16 00:00:00+00:00,1014991.0,276789.0
2022-03-17 00:00:00+00:00,1009859.0,272685.0
2022-03-18 00:00:00+00:00,1004891.0,266839.0
2022-03-19 00:00:00+00:00,864890.0,236675.0
2022-03-20 00:00:00+00:00,780069.0,211211.0
2022-03-21 00:00:00+00:00,941088.0,260248.0
2022-03-22 00:00:00+00:00,920483.0,260695.0
2022-03-23 00:00:00+00:00,972037.0,266381.0
2022-03-24 00:00:00+00:00,966209.0,269340.0
2022-03-25 00:00:00+00:00,1068732.0,286600.0
2022-03-26 00:00:00+00:00,825356.0,229765.0
2022-03-27 00:00:00+00:00,812882.0,219139.0
2022-03-28 00:00:00+00:00,1029256.0,289835.0
2022-03-29 00:00:00+00:00,972049.0,293194.0
2022-03-30 00:00:00+00:00,940234.0,269490.0
2022-03-31 00:00:00+00:00,979952.0,280038.0
2022-04-01 00:00:00+00:00,1073859.0,286454.0
2022-04-02 00:00:00+00:00,932911.0,250576.0
2022-04-03 00:00:00+00:00,794992.0,223619.0
2022-04-04 00:00:00+00:00,985718.0,276178.0
2022-04-05 00:00:00+00:00,952254.0,276073.0
2022-04-06 00:00:00+00:00,919776.0,272206.0
2022-04-07 00:00:00+00:00,927811.0,266096.0
2022-04-08 00:00:00+00:00,929602.0,270556.0
2022-04-09 00:00:00+00:00,786423.0,228357.0
2022-04-10 00:00:00+00:00,754197.0,218201.0
2022-04-11 00:00:00+00:00,986075.0,279217.0
2022-04-12 00:00:00+00:00,970523.0,273114.0
2022-04-13 00:00:00+00:00,960119.0,283767.0
2022-04-14 00:00:00+00:00,910470.0,259632.0
2022-04-15 00:00:00+00:00,893942.0,258904.0
2022-04-16 00:00:00+00:00,774863.0,220729.0
2022-04-17 00:00:00+00:00,760823.0,211027.0
2022-04-18 00:00:00+00:00,930250.0,248528.0
2022-04-19 00:00:00+00:00,945444.0,273229.0
2022-04-20 00:00:00+00:00,961981.0,283298.0
2022-04-21 00:00:00+00:00,970130.0,279919.0
2022-04-22 00:00:00+00:00,945273.0,261784.0
2022-04-23 00:00:00+00:00,857006.0,238246.0
2022-04-24 00:00:00+00:00,796298.0,217733.0
2022-04-25 00:00:00+00:00,1003326.0,277416.0
2022-04-26 00:00:00+00:00,965991.0,277059.0
2022-04-27 00:00:00+00:00,967943.0,285596.0
2022-04-28 00:00:00+00:00,1003139.0,272681.0
2022-04-29 00:00:00+00:00,1059989.0,290674.0
2022-04-30 00:00:00+00:00,944577.0,256188.0
2022-05-01 00:00:00+00:00,834397.0,233382.0
2022-05-02 00:00:00+00:00,966035.0,269678.0
2022-05-03 00:00:00+00:00,956710.0,283138.0
2022-05-04 00:00:00+00:00,862312.0,229490.0
2022-05-05 00:00:00+00:00,1189734.0,317562.0
2022-05-06 00:00:00+00:00,1086467.0,288758.0
2022-05-07 00:00:00+00:00,837217.0,234267.0
2022-05-08 00:00:00+00:00,813799.0,223007.0
2022-05-09 00:00:00+00:00,1067791.0,287708.0
2022-05-10 00:00:00+00:00,978190.0,279809.0
2022-05-11 00:00:00+00:00,981424.0,253805.0
2022-05-12 00:00:00+00:00,1058679.0,282227.0
2022-05-13 00:00:00+00:00,1028898.0,267948.0
2022-05-14 00:00:00+00:00,1101356.0,292088.0
2022-05-15 00:00:00+00:00,1016251.0,233949.0
2022-05-16 00:00:00+00:00,1094147.0,272399.0
2022-05-17 00:00:00+00:00,1029420.0,278212.0
2022-05-18 00:00:00+00:00,902599.0,264173.0
2022-05-19 00:00:00+00:00,897588.0,260343.0
2022-05-20 00:00:00+00:00,949339.0,269360.0
2022-05-21 00:00:00+00:00,758937.0,216560.0
2022-05-22 00:00:00+00:00,749577.0,210953.0
2022-05-23 00:00:00+00:00,939531.0,268759.0
2022-05-24 00:00:00+00:00,841611.0,237379.0
2022-05-25 00:00:00+00:00,1016156.0,284400.0
2022-05-26 00:00:00+00:00,894042.0,260517.0
2022-05-27 00:00:00+00:00,942679.0,275683.0
2022-05-28 00:00:00+00:00,783393.0,227772.0
2022-05-29 00:00:00+00:00,751185.0,205693.0
2022-05-30 00:00:00+00:00,925404.0,267947.0
2022-05-31 00:00:00+00:00,998795.0,277824.0
2022-06-01 00:00:00+00:00,962754.0,274630.0
2022-06-02 00:00:00+00:00,945705.0,262596.0
2022-06-03 00:00:00+00:00,932672.0,269049.0
2022-06-04 00:00:00+00:00,776053.0,219811.0
2022-06-05 00:00:00+00:00,721815.0,195813.0
2022-06-06 00:00:00+00:00,952859.0,268569.0
2022-06-07 00:00:00+00:00,941706.0,265801.0
2022-06-08 00:00:00+00:00,888118.0,261456.0
2022-06-09 00:00:00+00:00,914304.0,264597.0
2022-06-10 00:00:00+00:00,900195.0,259531.0
2022-06-11 00:00:00+00:00,831309.0,228805.0
2022-06-12 00:00:00+00:00,762985.0,219703.0
2022-06-13 00:00:00+00:00,1011323.0,273372.0
2022-06-14 00:00:00+00:00,1075994.0,275578.0
2022-06-15 00:00:00+00:00,1063571.0,297032.0
2022-06-16 00:00:00+00:00,911369.0,258005.0
2022-06-17 00:00:00+00:00,876153.0,248214.0
2022-06-18 00:00:00+00:00,924686.0,246705.0
2022-06-19 00:00:00+00:00,733337.0,195875.0
2022-06-20 00:00:00+00:00,833932.0,239275.0
2022-06-21 00:00:00+00:00,927938.0,260657.0
2022-06-22 00:00:00+00:00,859651.0,247129.0
2022-06-23 00:00:00+00:00,866807.0,258973.0
2022-06-24 00:00:00+00:00,869532.0,250666.0
2022-06-25 00:00:00+00:00,742895.0,217926.0
2022-06-26 00:00:00+00:00,734812.0,207474.0
2022-06-27 00:00:00+00:00,953524.0,258934.0
2022-06-28 00:00:00+00:00,922274.0,253741.0
2022-06-29 00:00:00+00:00,899514.0,257517.0
2022-06-30 00:00:00+00:00,967680.0,275120.0
2022-07-01 00:00:00+00:00,946760.0,272893.0
2022-07-02 00:00:00+00:00,844916.0,235532.0
2022-07-03 00:00:00+00:00,701943.0,196946.0
2022-07-04 00:00:00+00:00,883632.0,251379.0
2022-07-05 00:00:00+00:00,864471.0,244533.0
2022-07-06 00:00:00+00:00,969280.0,264360.0
2022-07-07 00:00:00+00:00,1007259.0,284162.0
2022-07-08 00:00:00+00:00,936111.0,264779.0
2022-07-09 00:00:00+00:00,773277.0,219088.0
2022-07-10 00:00:00+00:00,705622.0,198306.0
2022-07-11 00:00:00+00:00,839927.0,234215.0
2022-07-12 00:00:00+00:00,943773.0,274945.0
2022-07-13 00:00:00+00:00,815549.0,225738.0
2022-07-14 00:00:00+00:00,983744.0,282646.0
2022-07-15 00:00:00+00:00,943171.0,267630.0
2022-07-16 00:00:00+00:00,771028.0,223950.0
2022-07-17 00:00:00+00:00,723539.0,201095.0
2022-07-18 00:00:00+00:00,887138.0,254873.0
2022-07-19 00:00:00+00:00,994059.0,279366.0
2022-07-20 00:00:00+00:00,905497.0,254748.0
2022-07-21 00:00:00+00:00,964460.0,278928.0
2022-07-22 00:00:00+00:00,848578.0,262220.0
2022-07-23 00:00:00+00:00,755495.0,219584.0
2022-07-24 00:00:00+00:00,736224.0,201963.0
2022-07-25 00:00:00+00:00,892636.0,251613.0
2022-07-26 00:00:00+00:00,945582.0,260791.0
2022-07-27 00:00:00+00:00,916926.0,265290.0
2022-07-28 00:00:00+00:00,1008866.0,283820.0
2022-07-29 00:00:00+00:00,945142.0,280447.0
2022-07-30 00:00:00+00:00,785742.0,228995.0
2022-07-31 00:00:00+00:00,787873.0,215224.0
2022-08-01 00:00:00+00:00,907238.0,248469.0
2022-08-02 00:00:00+00:00,946865.0,267917.0
2022-08-03 00:00:00+00:00,977386.0,282580.0
2022-08-04 00:00:00+00:00,948545.0,278115.0
2022-08-05 00:00:00+00:00,944004.0,269270.0
2022-08-06 00:00:00+00:00,856759.0,232291.0
2022-08-07 00:00:00+00:00,716918.0,199770.0
2022-08-08 00:00:00+00:00,918162.0,257482.0
2022-08-09 00:00:00+00:00,941249.0,251924.0
2022-08-10 00:00:00+00:00,1035793.0,270675.0
2022-08-11 00:00:00+00:00,1002846.0,284126.0
2022-08-12 00:00:00+00:00,948381.0,269215.0
2022-08-13 00:00:00+00:00,834925.0,239894.0
2022-08-14 00:00:00+00:00,811197.0,202156.0
2022-08-15 00:00:00+00:00,922140.0,245572.0
2022-08-16 00:00:00+00:00,1020819.0,269531.0
2022-08-17 00:00:00+00:00,915870.0,255933.0
2022-08-18 00:00:00+00:00,1009836.0,292682.0
2022-08-19 00:00:00+00:00,982140.0,276337.0
2022-08-20 00:00:00+00:00,841648.0,226096.0
2022-08-21 00:00:00+00:00,753797.0,201437.0
2022-08-22 00:00:00+00:00,880923.0,250080.0
2022-08-23 00:00:00+00:00,930754.0,257650.0
2022-08-24 00:00:00+00:00,930584.0,260385.0
2022-08-25 00:00:00+00:00,898274.0,255143.0
2022-08-26 00:00:00+00:00,937226.0,265467.0
2022-08-27 00:00:00+00:00,830874.0,221784.0
2022-08-28 00:00:00+00:00,776186.0,204472.0
2022-08-29 00:00:00+00:00,939245.0,253563.0
2022-08-30 00:00:00+00:00,951380.0,263101.0
2022-08-31 00:00:00+00:00,916812.0,258575.0
2022-09-01 00:00:00+00:00,969786.0,270341.0
2022-09-02 00:00:00+00:00,996822.0,270262.0
2022-09-03 00:00:00+00:00,916603.0,235843.0
2022-09-04 00:00:00+00:00,774639.0,206295.0
2022-09-05 00:00:00+00:00,942780.0,253103.0
2022-09-06 00:00:00+00:00,927513.0,267063.0
2022-09-07 00:00:00+00:00,951645.0,264285.0
2022-09-08 00:00:00+00:00,947648.0,266823.0
2022-09-09 00:00:00+00:00,1021884.0,286018.0
2022-09-10 00:00:00+00:00,873305.0,240963.0
2022-09-11 00:00:00+00:00,871675.0,225743.0
2022-09-12 00:00:00+00:00,989815.0,269113.0
2022-09-13 00:00:00+00:00,948189.0,259359.0
2022-09-14 00:00:00+00:00,977568.0,269647.0
2022-09-15 00:00:00+00:00,953771.0,277597.0
2022-09-16 00:00:00+00:00,933213.0,260328.0
2022-09-17 00:00:00+00:00,918990.0,245261.0
2022-09-18 00:00:00+00:00,775872.0,212149.0
2022-09-19 00:00:00+00:00,912328.0,255334.0
2022-09-20 00:00:00+00:00,952698.0,268728.0
2022-09-21 00:00:00+00:00,918372.0,263619.0
2022-09-22 00:00:00+00:00,860577.0,246387.0
2022-09-23 00:00:00+00:00,968636.0,276441.0
2022-09-24 00:00:00+00:00,799441.0,226763.0
2022-09-25 00:00:00+00:00,781165.0,208905.0
2022-09-26 00:00:00+00:00,938059.0,264276.0
2022-09-27 00:00:00+00:00,966074.0,275487.0
2022-09-28 00:00:00+00:00,849979.0,258906.0
2022-09-29 00:00:00+00:00,874705.0,266329.0
2022-09-30 00:00:00+00:00,1005499.0,292553.0
2022-10-01 00:00:00+00:00,867330.0,236007.0
2022-10-02 00:00:00+00:00,852250.0,216756.0
2022-10-03 00:00:00+00:00,964012.0,268836.0
2022-10-04 00:00:00+00:00,932869.0,280235.0
2022-10-05 00:00:00+00:00,891063.0,267518.0
2022-10-06 00:00:00+00:00,930050.0,276491.0
2022-10-07 00:00:00+00:00,936123.0,270954.0
2022-10-08 00:00:00+00:00,815047.0,235954.0
2022-10-09 00:00:00+00:00,787417.0,214993.0
2022-10-10 00:00:00+00:00,896218.0,253025.0
2022-10-11 00:00:00+00:00,916599.0,272927.0
2022-10-12 00:00:00+00:00,871140.0,260366.0
2022-10-13 00:00:00+00:00,933599.0,275214.0
2022-10-14 00:00:00+00:00,984001.0,284575.0
2022-10-15 00:00:00+00:00,838678.0,241112.0
2022-10-16 00:00:00+00:00,769067.0,214703.0
2022-10-17 00:00:00+00:00,870371.0,261168.0
2022-10-18 00:00:00+00:00,887194.0,258490.0
2022-10-19 00:00:00+00:00,923688.0,260354.0
2022-10-20 00:00:00+00:00,893489.0,268532.0
2022-10-21 00:00:00+00:00,913925.0,266487.0
2022-10-22 00:00:00+00:00,817446.0,231911.0
2022-10-23 00:00:00+00:00,803523.0,218227.0
2022-10-24 00:00:00+00:00,922514.0,266297.0
2022-10-25 00:00:00+00:00,829386.0,251891.0
2022-10-26 00:00:00+00:00,1051950.0,305561.0
2022-10-27 00:00:00+00:00,895161.0,265430.0
2022-10-28 00:00:00+00:00,925522.0,279384.0
2022-10-29 00:00:00+00:00,871729.0,251735.0
2022-10-30 00:00:00+00:00,830676.0,223333.0
2022-10-31 00:00:00+00:00,980614.0,290008.0
2022-11-01 00:00:00+00:00,955117.0,273150.0
2022-11-02 00:00:00+00:00,869056.0,258761.0
2022-11-03 00:00:00+00:00,1009478.0,294320.0
2022-11-04 00:00:00+00:00,939102.0,281439.0
2022-11-05 00:00:00+00:00,916525.0,253538.0
2022-11-06 00:00:00+00:00,811578.0,223686.0
2022-11-07 00:00:00+00:00,920253.0,267661.0
2022-11-08 00:00:00+00:00,1051006.0,296138.0
2022-11-09 00:00:00+00:00,1076579.0,293667.0
2022-11-10 00:00:00+00:00,1056871.0,294575.0
2022-11-11 00:00:00+00:00,964454.0,278829.0
2022-11-12 00:00:00+00:00,942728.0,245106.0
2022-11-13 00:00:00+00:00,895185.0,224942.0
2022-11-14 00:00:00+00:00,954601.0,244858.0
2022-11-15 00:00:00+00:00,986709.0,281221.0
2022-11-16 00:00:00+00:00,944275.0,264899.0
2022-11-17 00:00:00+00:00,902258.0,254924.0
2022-11-18 00:00:00+00:00,955851.0,275776.0
2022-11-19 00:00:00+00:00,1113245.0,262900.0
2022-11-20 00:00:00+00:00,1013890.0,229629.0
2022-11-21 00:00:00+00:00,974239.0,269034.0
2022-11-22 00:00:00+00:00,931145.0,257097.0
2022-11-23 00:00:00+00:00,1057775.0,270971.0
2022-11-24 00:00:00+00:00,988182.0,250821.0
2022-11-25 00:00:00+00:00,981465.0,262820.0
2022-11-26 00:00:00+00:00,892687.0,230269.0
2022-11-27 00:00:00+00:00,855437.0,223392.0
2022-11-28 00:00:00+00:00,931505.0,259679.0
2022-11-29 00:00:00+00:00,955669.0,271896.0
2022-11-30 00:00:00+00:00,946754.0,272102.0
2022-12-01 00:00:00+00:00,1030232.0,286994.0
2022-12-02 00:00:00+00:00,970221.0,271522.0
2022-12-03 00:00:00+00:00,938854.0,249912.0
2022-12-04 00:00:00+00:00,842351.0,216703.0
2022-12-05 00:00:00+00:00,960563.0,273083.0
2022-12-06 00:00:00+00:00,941978.0,264624.0
2022-12-07 00:00:00+00:00,899850.0,266558.0
2022-12-08 00:00:00+00:00,905789.0,270258.0
2022-12-09 00:00:00+00:00,946767.0,268606.0
2022-12-10 00:00:00+00:00,909506.0,231276.0
2022-12-11 00:00:00+00:00,781176.0,220885.0
2022-12-12 00:00:00+00:00,905428.0,264207.0
2022-12-13 00:00:00+00:00,974065.0,286344.0
2022-12-14 00:00:00+00:00,930586.0,279228.0
2022-12-15 00:00:00+00:00,897844.0,271326.0
2022-12-16 00:00:00+00:00,893040.0,258839.0
2022-12-17 00:00:00+00:00,967830.0,261183.0
2022-12-18 00:00:00+00:00,783263.0,207910.0
2022-12-19 00:00:00+00:00,971140.0,262020.0
2022-12-20 00:00:00+00:00,950486.0,270300.0
2022-12-21 00:00:00+00:00,905699.0,268746.0
2022-12-22 00:00:00+00:00,908585.0,276334.0
2022-12-23 00:00:00+00:00,891725.0,275188.0
2022-12-24 00:00:00+00:00,758680.0,215536.0
2022-12-25 00:00:00+00:00,731599.0,196741.0
2022-12-26 00:00:00+00:00,787672.0,227132.0
2022-12-27 00:00:00+00:00,867369.0,241695.0
2022-12-28 00:00:00+00:00,904203.0,269982.0
2022-12-29 00:00:00+00:00,945186.0,266982.0
2022-12-30 00:00:00+00:00,1050756.0,286348.0
2022-12-31 00:00:00+00:00,839910.0,243946.0
2023-01-01 00:00:00+00:00,719716.0,189355.0
2023-01-02 00:00:00+00:00,842261.0,228547.0
2023-01-03 00:00:00+00:00,985169.0,273459.0
2023-01-04 00:00:00+00:00,922281.0,279254.0
2023-01-05 00:00:00+00:00,922508.0,274976.0
2023-01-06 00:00:00+00:00,932794.0,273358.0
2023-01-07 00:00:00+00:00,809225.0,250336.0
2023-01-08 00:00:00+00:00,755503.0,229074.0
2023-01-09 00:00:00+00:00,981056.0,286289.0
2023-01-10 00:00:00+00:00,1146540.0,306036.0
2023-01-11 00:00:00+00:00,944957.0,288569.0
2023-01-12 00:00:00+00:00,1034292.0,310585.0
2023-01-13 00:00:00+00:00,1072059.0,320370.0
2023-01-14 00:00:00+00:00,965948.0,303624.0
2023-01-15 00:00:00+00:00,807742.0,255156.0
2023-01-16 00:00:00+00:00,966312.0,303811.0
2023-01-17 00:00:00+00:00,988775.0,309004.0
2023-01-18 00:00:00+00:00,942079.0,294539.0
2023-01-19 00:00:00+00:00,926693.0,298607.0
2023-01-20 00:00:00+00:00,933005.0,303214.0
2023-01-21 00:00:00+00:00,906764.0,286001.0
2023-01-22 00:00:00+00:00,863236.0,249747.0
2023-01-23 00:00:00+00:00,933346.0,296833.0
2023-01-24 00:00:00+00:00,908199.0,288416.0
2023-01-25 00:00:00+00:00,912032.0,306272.0
2023-01-26 00:00:00+00:00,892287.0,297461.0
2023-01-27 00:00:00+00:00,929064.0,305372.0
2023-01-28 00:00:00+00:00,857014.0,268374.0
2023-01-29 00:00:00+00:00,829895.0,258804.0
2023-01-30 00:00:00+00:00,957363.0,311188.0
2023-01-31 00:00:00+00:00,944348.0,312359.0
2023-02-01 00:00:00+00:00,1050528.0,343824.0
2023-02-02 00:00:00+00:00,983946.0,335421.0
2023-02-03 00:00:00+00:00,988867.0,317695.0
2023-02-04 00:00:00+00:00,961115.0,302062.0
2023-02-05 00:00:00+00:00,802171.0,256347.0
2023-02-06 00:00:00+00:00,920525.0,304492.0
2023-02-07 00:00:00+00:00,944049.0,303225.0
2023-02-08 00:00:00+00:00,942153.0,315120.0
2023-02-09 00:00:00+00:00,1056974.0,363668.0
2023-02-10 00:00:00+00:00,923753.0,302716.0
2023-02-11 00:00:00+00:00,896301.0,281958.0
2023-02-12 00:00:00+00:00,861493.0,256348.0
2023-02-13 00:00:00+00:00,957593.0,297879.0
2023-02-14 00:00:00+00:00,913570.0,305330.0
2023-02-15 00:00:00+00:00,993456.0,325059.0
2023-02-16 00:00:00+00:00,1118226.0,341817.0
2023-02-17 00:00:00+00:00,1050009.0,322140.0
2023-02-18 00:00:00+00:00,1046593.0,273988.0
2023-02-19 00:00:00+00:00,928713.0,244509.0
2023-02-20 00:00:00+00:00,908106.0,267205.0
2023-02-21 00:00:00+00:00,1012926.0,293613.0
2023-02-22 00:00:00+00:00,931144.0,277803.0
2023-02-23 00:00:00+00:00,1071298.0,291650.0
2023-02-24 00:00:00+00:00,964247.0,298377.0
2023-02-25 00:00:00+00:00,811239.0,259206.0
2023-02-26 00:00:00+00:00,905055.0,271471.0
2023-02-27 00:00:00+00:00,982682.0,296912.0
2023-02-28 00:00:00+00:00,983627.0,335341.0
2023-03-01 00:00:00+00:00,1076257.0,377754.0
2023-03-02 00:00:00+00:00,939444.0,330024.0
2023-03-03 00:00:00+00:00,1086253.0,355066.0
2023-03-04 00:00:00+00:00,905589.0,306924.0
2023-03-05 00:00:00+00:00,995537.0,287178.0
2023-03-06 00:00:00+00:00,931807.0,318245.0
2023-03-07 00:00:00+00:00,1063023.0,360867.0
2023-03-08 00:00:00+00:00,885079.0,290018.0
2023-03-09 00:00:00+00:00,929904.0,339133.0
2023-03-10 00:00:00+00:00,979055.0,322995.0
2023-03-11 00:00:00+00:00,982511.0,323403.0
2023-03-12 00:00:00+00:00,886609.0,263955.0
2023-03-13 00:00:00+00:00,999918.0,335201.0
2023-03-14 00:00:00+00:00,1024780.0,327923.0
2023-03-15 00:00:00+00:00,1006730.0,343857.0
2023-03-16 00:00:00+00:00,879957.0,295146.0
2023-03-17 00:00:00+00:00,1085422.0,339244.0
2023-03-18 00:00:00+00:00,955447.0,293458.0
2023-03-19 00:00:00+00:00,845573.0,271293.0
2023-03-20 00:00:00+00:00,1014355.0,337263.0
2023-03-21 00:00:00+00:00,990544.0,331907.0
2023-03-22 00:00:00+00:00,940276.0,296448.0
2023-03-23 00:00:00+00:00,902932.0,292159.0
2023-03-24 00:00:00+00:00,893101.0,294570.0
2023-03-25 00:00:00+00:00,898042.0,287422.0
2023-03-26 00:00:00+00:00,851151.0,266890.0
2023-03-27 00:00:00+00:00,1057595.0,295339.0
2023-03-28 00:00:00+00:00,982699.0,317587.0
2023-03-29 00:00:00+00:00,977852.0,328588.0
2023-03-30 00:00:00+00:00,1021839.0,331354.0
2023-03-31 00:00:00+00:00,1043754.0,308895.0
2023-04-01 00:00:00+00:00,1038858.0,316521.0
2023-04-02 00:00:00+00:00,1012005.0,342161.0
2023-04-03 00:00:00+00:00,985157.0,336905.0
2023-04-04 00:00:00+00:00,1108155.0,419443.0
2023-04-05 00:00:00+00:00,964688.0,345029.0
2023-04-06 00:00:00+00:00,1022873.0,352346.0
2023-04-07 00:00:00+00:00,956362.0,351639.0
2023-04-08 00:00:00+00:00,885739.0,325340.0
2023-04-09 00:00:00+00:00,936112.0,277152.0
2023-04-10 00:00:00+00:00,947327.0,292988.0
2023-04-11 00:00:00+00:00,1146146.0,375758.0
2023-04-12 00:00:00+00:00,1056542.0,344791.0
2023-04-13 00:00:00+00:00,1009669.0,326572.0
2023-04-14 00:00:00+00:00,1016042.0,316304.0
2023-04-15 00:00:00+00:00,1045660.0,275326.0
2023-04-16 00:00:00+00:00,840992.0,235578.0
2023-04-17 00:00:00+00:00,984242.0,316549.0
2023-04-18 00:00:00+00:00,1149264.0,313000.0
2023-04-19 00:00:00+00:00,985732.0,298359.0
2023-04-20 00:00:00+00:00,951443.0,297440.0
2023-04-21 00:00:00+00:00,1015546.0,352999.0
2023-04-22 00:00:00+00:00,914896.0,356615.0
2023-04-23 00:00:00+00:00,840711.0,434101.0
2023-04-24 00:00:00+00:00,998948.0,358615.0
2023-04-25 00:00:00+00:00,895988.0,373152.0
2023-04-26 00:00:00+00:00,893248.0,433927.0
2023-04-27 00:00:00+00:00,892914.0,419005.0
2023-04-28 00:00:00+00:00,957827.0,484327.0
2023-04-29 00:00:00+00:00,803633.0,487346.0
2023-04-30 00:00:00+00:00,767567.0,561448.0
2023-05-01 00:00:00+00:00,929691.0,685711.0
2023-05-02 00:00:00+00:00,820724.0,460621.0
2023-05-03 00:00:00+00:00,953701.0,488518.0
2023-05-04 00:00:00+00:00,914598.0,490738.0
2023-05-05 00:00:00+00:00,822037.0,411057.0
2023-05-06 00:00:00+00:00,764917.0,603617.0
2023-05-07 00:00:00+00:00,549932.0,614264.0
2023-05-08 00:00:00+00:00,696710.0,573864.0
2023-05-09 00:00:00+00:00,772112.0,592036.0
2023-05-10 00:00:00+00:00,891517.0,672910.0
2023-05-11 00:00:00+00:00,831417.0,544837.0
2023-05-12 00:00:00+00:00,809188.0,508450.0
2023-05-13 00:00:00+00:00,705679.0,581550.0
2023-05-14 00:00:00+00:00,835319.0,626942.0
2023-05-15 00:00:00+00:00,817441.0,526691.0
2023-05-16 00:00:00+00:00,814467.0,564700.0
2023-05-17 00:00:00+00:00,841652.0,579967.0
2023-05-18 00:00:00+00:00,814709.0,478050.0
2023-05-19 00:00:00+00:00,904374.0,513521.0
2023-05-20 00:00:00+00:00,719434.0,423450.0
2023-05-21 00:00:00+00:00,775828.0,487763.0
2023-05-22 00:00:00+00:00,817592.0,506455.0
2023-05-23 00:00:00+00:00,859507.0,514901.0
2023-05-24 00:00:00+00:00,859470.0,398061.0
2023-05-25 00:00:00+00:00,923963.0,466257.0
2023-05-26 00:00:00+00:00,963216.0,533103.0
2023-05-27 00:00:00+00:00,877266.0,469559.0
2023-05-28 00:00:00+00:00,863880.0,499561.0
2023-05-29 00:00:00+00:00,912071.0,548854.0
2023-05-30 00:00:00+00:00,959148.0,511408.0
2023-05-31 00:00:00+00:00,925966.0,421021.0
2023-06-01 00:00:00+00:00,919298.0,351891.0
2023-06-02 00:00:00+00:00,982760.0,485798.0
2023-06-03 00:00:00+00:00,873884.0,380045.0
2023-06-04 00:00:00+00:00,879948.0,357474.0
2023-06-05 00:00:00+00:00,884289.0,363110.0
2023-06-06 00:00:00+00:00,1032895.0,468063.0
2023-06-07 00:00:00+00:00,1004588.0,429649.0
2023-06-08 00:00:00+00:00,964762.0,403263.0
2023-06-09 00:00:00+00:00,1020140.0,387748.0
2023-06-10 00:00:00+00:00,943047.0,364874.0
2023-06-11 00:00:00+00:00,872589.0,401105.0
2023-06-12 00:00:00+00:00,985947.0,371500.0
2023-06-13 00:00:00+00:00,933842.0,405497.0
2023-06-14 00:00:00+00:00,828183.0,333934.0
2023-06-15 00:00:00+00:00,919869.0,421465.0
2023-06-16 00:00:00+00:00,958674.0,521861.0
2023-06-17 00:00:00+00:00,863600.0,468094.0
2023-06-18 00:00:00+00:00,883864.0,442763.0
2023-06-19 00:00:00+00:00,920552.0,412858.0
2023-06-20 00:00:00+00:00,951926.0,446312.0
2023-06-21 00:00:00+00:00,920555.0,363604.0
2023-06-22 00:00:00+00:00,1000988.0,390860.0
2023-06-23 00:00:00+00:00,948738.0,373178.0
2023-06-24 00:00:00+00:00,1011110.0,360123.0
2023-06-25 00:00:00+00:00,944147.0,384437.0
2023-06-26 00:00:00+00:00,998904.0,405162.0
2023-06-27 00:00:00+00:00,978594.0,433747.0
2023-06-28 00:00:00+00:00,826245.0,331234.0
2023-06-29 00:00:00+00:00,970467.0,435226.0
2023-06-30 00:00:00+00:00,1067040.0,446825.0
2023-07-01 00:00:00+00:00,918349.0,320180.0
2023-07-02 00:00:00+00:00,997177.0,307552.0
2023-07-03 00:00:00+00:00,977874.0,333178.0
2023-07-04 00:00:00+00:00,963366.0,377184.0
2023-07-05 00:00:00+00:00,964759.0,494320.0
2023-07-06 00:00:00+00:00,973154.0,393611.0
2023-07-07 00:00:00+00:00,1021136.0,558253.0
2023-07-08 00:00:00+00:00,1009931.0,574664.0
2023-07-09 00:00:00+00:00,978223.0,593770.0
2023-07-10 00:00:00+00:00,925790.0,508406.0
2023-07-11 00:00:00+00:00,937945.0,430012.0
2023-07-12 00:00:00+00:00,942309.0,477324.0
2023-07-13 00:00:00+00:00,874515.0,373263.0
2023-07-14 00:00:00+00:00,996373.0,421261.0
2023-07-15 00:00:00+00:00,914738.0,489697.0
2023-07-16 00:00:00+00:00,927843.0,591972.0
2023-07-17 00:00:00+00:00,931087.0,440009.0
2023-07-18 00:00:00+00:00,1028951.0,569852.0
2023-07-19 00:00:00+00:00,969285.0,482668.0
2023-07-20 00:00:00+00:00,901211.0,398519.0
2023-07-21 00:00:00+00:00,855163.0,322339.0
2023-07-22 00:00:00+00:00,923147.0,288229.0
2023-07-23 00:00:00+00:00,894084.0,560423.0
2023-07-24 00:00:00+00:00,938461.0,530301.0
2023-07-25 00:00:00+00:00,940528.0,463976.0
2023-07-26 00:00:00+00:00,1015337.0,451236.0
2023-07-27 00:00:00+00:00,943734.0,413776.0
2023-07-28 00:00:00+00:00,948590.0,448372.0
2023-07-29 00:00:00+00:00,889450.0,423912.0
2023-07-30 00:00:00+00:00,1010937.0,645339.0
2023-07-31 00:00:00+00:00,922082.0,446746.0
2023-08-01 00:00:00+00:00,983005.0,405391.0
2023-08-02 00:00:00+00:00,1069904.0,393762.0
2023-08-03 00:00:00+00:00,1030326.0,476666.0
2023-08-04 00:00:00+00:00,912508.0,318338.0
2023-08-05 00:00:00+00:00,992041.0,499440.0
2023-08-06 00:00:00+00:00,973822.0,611086.0
2023-08-07 00:00:00+00:00,952272.0,423178.0
2023-08-08 00:00:00+00:00,874562.0,332667.0
2023-08-09 00:00:00+00:00,1057273.0,508817.0
2023-08-10 00:00:00+00:00,947623.0,355773.0
2023-08-11 00:00:00+00:00,954168.0,502936.0
2023-08-12 00:00:00+00:00,926800.0,512116.0
2023-08-13 00:00:00+00:00,860881.0,497535.0
2023-08-14 00:00:00+00:00,1007719.0,563322.0
2023-08-15 00:00:00+00:00,1073564.0,581895.0
2023-08-16 00:00:00+00:00,947796.0,574119.0
2023-08-17 00:00:00+00:00,1050502.0,492845.0
2023-08-18 00:00:00+00:00,1016460.0,424283.0
2023-08-19 00:00:00+00:00,878361.0,521811.0
2023-08-20 00:00:00+00:00,929724.0,611930.0
2023-08-21 00:00:00+00:00,1002377.0,551541.0
2023-08-22 00:00:00+00:00,922178.0,422819.0
2023-08-23 00:00:00+00:00,937656.0,409372.0
2023-08-24 00:00:00+00:00,946410.0,401881.0
2023-08-25 00:00:00+00:00,922155.0,425953.0
2023-08-26 00:00:00+00:00,917123.0,499325.0
2023-08-27 00:00:00+00:00,808508.0,411227.0
2023-08-28 00:00:00+00:00,873786.0,326485.0
2023-08-29 00:00:00+00:00,1060996.0,509039.0
2023-08-30 00:00:00+00:00,877649.0,406652.0
2023-08-31 00:00:00+00:00,968985.0,433684.0
2023-09-01 00:00:00+00:00,1051172.0,418665.0
2023-09-02 00:00:00+00:00,955720.0,545957.0
2023-09-03 00:00:00+00:00,864433.0,627700.0
2023-09-04 00:00:00+00:00,920027.0,575666.0
2023-09-05 00:00:00+00:00,940913.0,453308.0
2023-09-06 00:00:00+00:00,1001123.0,485735.0
2023-09-07 00:00:00+00:00,1003310.0,541513.0
2023-09-08 00:00:00+00:00,986937.0,408954.0
2023-09-09 00:00:00+00:00,1116330.0,599142.0
2023-09-10 00:00:00+00:00,1049360.0,557602.0
2023-09-11 00:00:00+00:00,1120614.0,463598.0
2023-09-12 00:00:00+00:00,1042537.0,461193.0
2023-09-13 00:00:00+00:00,1049105.0,513232.0
2023-09-14 00:00:00+00:00,1131002.0,574875.0
2023-09-15 00:00:00+00:00,1234300.0,708663.0
2023-09-16 00:00:00+00:00,1053706.0,591563.0
2023-09-17 00:00:00+00:00,1039207.0,616879.0
2023-09-18 00:00:00+00:00,1125172.0,625728.0
2023-09-19 00:00:00+00:00,1035954.0,491377.0
2023-09-20 00:00:00+00:00,1062056.0,561350.0
2023-09-21 00:00:00+00:00,1078476.0,427398.0
2023-09-22 00:00:00+00:00,978848.0,433758.0
2023-09-23 00:00:00+00:00,1090192.0,639336.0
2023-09-24 00:00:00+00:00,1061159.0,428059.0
2023-09-25 00:00:00+00:00,1104115.0,294377.0
2023-09-26 00:00:00+00:00,1027673.0,305251.0
2023-09-27 00:00:00+00:00,1072094.0,341149.0
2023-09-28 00:00:00+00:00,1045920.0,376671.0
2023-09-29 00:00:00+00:00,1050872.0,323661.0
2023-09-30 00:00:00+00:00,1019753.0,280334.0
2023-10-01 00:00:00+00:00,921731.0,320190.0
2023-10-02 00:00:00+00:00,1027085.0,340200.0
2023-10-03 00:00:00+00:00,1077556.0,309334.0
2023-10-04 00:00:00+00:00,904067.0,293693.0
2023-10-05 00:00:00+00:00,946720.0,321037.0
2023-10-06 00:00:00+00:00,915218.0,293272.0
2023-10-07 00:00:00+00:00,853582.0,242646.0
2023-10-08 00:00:00+00:00,786381.0,243277.0
2023-10-09 00:00:00+00:00,942188.0,280007.0
2023-10-10 00:00:00+00:00,903210.0,283755.0
2023-10-11 00:00:00+00:00,867301.0,265623.0
2023-10-12 00:00:00+00:00,911879.0,272350.0
2023-10-13 00:00:00+00:00,917035.0,278419.0
2023-10-14 00:00:00+00:00,806946.0,258882.0
2023-10-15 00:00:00+00:00,795940.0,258142.0
2023-10-16 00:00:00+00:00,1018543.0,298000.0
2023-10-17 00:00:00+00:00,917408.0,294069.0
2023-10-18 00:00:00+00:00,932487.0,275052.0
2023-10-19 00:00:00+00:00,918882.0,282274.0
2023-10-20 00:00:00+00:00,952627.0,293330.0
2023-10-21 00:00:00+00:00,871252.0,268430.0
2023-10-22 00:00:00+00:00,795000.0,247456.0
2023-10-23 00:00:00+00:00,1071672.0,312741.0
2023-10-24 00:00:00+00:00,1021188.0,372695.0
2023-10-25 00:00:00+00:00,1090466.0,477890.0
2023-10-26 00:00:00+00:00,1099370.0,429794.0
2023-10-27 00:00:00+00:00,1052994.0,456280.0
2023-10-28 00:00:00+00:00,1018571.0,564578.0
2023-10-29 00:00:00+00:00,909920.0,403706.0
2023-10-30 00:00:00+00:00,1097494.0,461480.0
2023-10-31 00:00:00+00:00,1044499.0,437895.0
2023-11-01 00:00:00+00:00,1053031.0,461955.0
2023-11-02 00:00:00+00:00,1062991.0,410238.0
2023-11-03 00:00:00+00:00,990903.0,450384.0
2023-11-04 00:00:00+00:00,1118816.0,704138.0
2023-11-05 00:00:00+00:00,1144443.0,666535.0
2023-11-06 00:00:00+00:00,993108.0,439013.0
2023-11-07 00:00:00+00:00,961106.0,449873.0
2023-11-08 00:00:00+00:00,1004807.0,585167.0
2023-11-09 00:00:00+00:00,989778.0,571031.0
2023-11-10 00:00:00+00:00,1127201.0,526138.0
2023-11-11 00:00:00+00:00,1073475.0,628048.0
2023-11-12 00:00:00+00:00,1008655.0,706503.0
2023-11-13 00:00:00+00:00,963722.0,418873.0
2023-11-14 00:00:00+00:00,957065.0,525384.0
2023-11-15 00:00:00+00:00,961281.0,569166.0
2023-11-16 00:00:00+00:00,933700.0,628280.0
2023-11-17 00:00:00+00:00,1014052.0,532945.0
2023-11-18 00:00:00+00:00,860889.0,629610.0
2023-11-19 00:00:00+00:00,962703.0,712264.0
2023-11-20 00:00:00+00:00,1064908.0,630519.0
2023-11-21 00:00:00+00:00,1007505.0,530112.0
2023-11-22 00:00:00+00:00,979014.0,536770.0
2023-11-23 00:00:00+00:00,970303.0,586979.0
2023-11-24 00:00:00+00:00,1136807.0,624489.0
2023-11-25 00:00:00+00:00,1032695.0,612626.0
2023-11-26 00:00:00+00:00,983533.0,578192.0
2023-11-27 00:00:00+00:00,981736.0,478456.0
2023-11-28 00:00:00+00:00,996007.0,447781.0
2023-11-29 00:00:00+00:00,915309.0,358838.0
2023-11-30 00:00:00+00:00,958958.0,410936.0
2023-12-01 00:00:00+00:00,1131524.0,497410.0
2023-12-02 00:00:00+00:00,860355.0,435763.0
2023-12-03 00:00:00+00:00,919493.0,707186.0
2023-12-04 00:00:00+00:00,1034656.0,567712.0
2023-12-05 00:00:00+00:00,867570.0,513549.0
2023-12-06 00:00:00+00:00,867353.0,469800.0
2023-12-07 00:00:00+00:00,898183.0,368965.0
2023-12-08 00:00:00+00:00,924415.0,411806.0
2023-12-09 00:00:00+00:00,927620.0,593873.0
2023-12-10 00:00:00+00:00,848613.0,528723.0
2023-12-11 00:00:00+00:00,1010741.0,528218.0
2023-12-12 00:00:00+00:00,886419.0,547067.0
2023-12-13 00:00:00+00:00,742559.0,586126.0
2023-12-14 00:00:00+00:00,711343.0,569840.0
2023-12-15 00:00:00+00:00,860116.0,632050.0
2023-12-16 00:00:00+00:00,724669.0,636141.0
2023-12-17 00:00:00+00:00,703993.0,621213.0
2023-12-18 00:00:00+00:00,928612.0,641771.0
2023-12-19 00:00:00+00:00,817240.0,662370.0
2023-12-20 00:00:00+00:00,787679.0,580281.0
2023-12-21 00:00:00+00:00,815395.0,589222.0
2023-12-22 00:00:00+00:00,1012121.0,623750.0
2023-12-23 00:00:00+00:00,893092.0,609387.0
2023-12-24 00:00:00+00:00,880971.0,724746.0
2023-12-25 00:00:00+00:00,702609.0,531891.0
2023-12-26 00:00:00+00:00,742922.0,556724.0
2023-12-27 00:00:00+00:00,776011.0,541778.0
2023-12-28 00:00:00+00:00,848615.0,417387.0
2023-12-29 00:00:00+00:00,910761.0,579710.0
2023-12-30 00:00:00+00:00,787521.0,540497.0
2023-12-31 00:00:00+00:00,791644.0,724837.0
2024-01-01 00:00:00+00:00,827239.0,655722.0
2024-01-02 00:00:00+00:00,867688.0,364237.0
2024-01-03 00:00:00+00:00,940343.0,502203.0
2024-01-04 00:00:00+00:00,1010934.0,482718.0
2024-01-05 00:00:00+00:00,813324.0,416347.0
2024-01-06 00:00:00+00:00,808917.0,389306.0
2024-01-07 00:00:00+00:00,713381.0,348435.0
2024-01-08 00:00:00+00:00,756849.0,409400.0
2024-01-09 00:00:00+00:00,902934.0,470829.0
2024-01-10 00:00:00+00:00,839431.0,384427.0
2024-01-11 00:00:00+00:00,960999.0,450822.0
2024-01-12 00:00:00+00:00,987727.0,367870.0
2024-01-13 00:00:00+00:00,845713.0,667027.0
2024-01-14 00:00:00+00:00,722721.0,591106.0
2024-01-15 00:00:00+00:00,786699.0,401054.0
2024-01-16 00:00:00+00:00,782242.0,469892.0
2024-01-17 00:00:00+00:00,809220.0,455050.0
2024-01-18 00:00:00+00:00,897358.0,480795.0
2024-01-19 00:00:00+00:00,806018.0,461325.0
2024-01-20 00:00:00+00:00,817313.0,565601.0
2024-01-21 00:00:00+00:00,767739.0,593968.0
2024-01-22 00:00:00+00:00,951076.0,451204.0
2024-01-23 00:00:00+00:00,865990.0,368563.0
2024-01-24 00:00:00+00:00,899326.0,368789.0
2024-01-25 00:00:00+00:00,1101397.0,347123.0
2024-01-26 00:00:00+00:00,892906.0,496525.0
2024-01-27 00:00:00+00:00,965883.0,603739.0
2024-01-28 00:00:00+00:00,898096.0,629248.0
2024-01-29 00:00:00+00:00,959589.0,580828.0
2024-01-30 00:00:00+00:00,907924.0,524001.0
2024-01-31 00:00:00+00:00,870798.0,437107.0
2024-02-01 00:00:00+00:00,933880.0,410372.0
2024-02-02 00:00:00+00:00,932903.0,432087.0
2024-02-03 00:00:00+00:00,820828.0,515129.0
2024-02-04 00:00:00+00:00,802004.0,331515.0
2024-02-05 00:00:00+00:00,852467.0,281772.0
2024-02-06 00:00:00+00:00,865722.0,280196.0
2024-02-07 00:00:00+00:00,901234.0,425025.0
2024-02-08 00:00:00+00:00,818130.0,287438.0
2024-02-09 00:00:00+00:00,950564.0,330447.0
2024-02-10 00:00:00+00:00,963958.0,406003.0
2024-02-11 00:00:00+00:00,840255.0,323411.0
2024-02-12 00:00:00+00:00,1013562.0,413637.0
2024-02-13 00:00:00+00:00,843469.0,305214.0
2024-02-14 00:00:00+00:00,803805.0,298455.0
2024-02-15 00:00:00+00:00,892019.0,309299.0
2024-02-16 00:00:00+00:00,836256.0,306995.0
2024-02-17 00:00:00+00:00,850883.0,330435.0
2024-02-18 00:00:00+00:00,748090.0,346126.0
2024-02-19 00:00:00+00:00,867774.0,366190.0
2024-02-20 00:00:00+00:00,866223.0,396745.0
2024-02-21 00:00:00+00:00,821320.0,369350.0
2024-02-22 00:00:00+00:00,855859.0,366922.0
2024-02-23 00:00:00+00:00,938307.0,403218.0
2024-02-24 00:00:00+00:00,819174.0,342157.0
2024-02-25 00:00:00+00:00,894568.0,421219.0
2024-02-26 00:00:00+00:00,887140.0,355313.0
2024-02-27 00:00:00+00:00,917983.0,388230.0
2024-02-28 00:00:00+00:00,1054242.0,415406.0
2024-02-29 00:00:00+00:00,989364.0,407609.0
2024-03-01 00:00:00+00:00,1058499.0,415081.0
2024-03-02 00:00:00+00:00,843207.0,342086.0
2024-03-03 00:00:00+00:00,868123.0,385135.0
2024-03-04 00:00:00+00:00,889591.0,358771.0
2024-03-05 00:00:00+00:00,1163884.0,424703.0
2024-03-06 00:00:00+00:00,922558.0,381467.0
2024-03-07 00:00:00+00:00,1034779.0,437969.0
2024-03-08 00:00:00+00:00,947450.0,424558.0
2024-03-09 00:00:00+00:00,915625.0,362520.0
2024-03-10 00:00:00+00:00,862638.0,363011.0
2024-03-11 00:00:00+00:00,1150718.0,393001.0
2024-03-12 00:00:00+00:00,1016389.0,344882.0
2024-03-13 00:00:00+00:00,1093495.0,387845.0
2024-03-14 00:00:00+00:00,1000634.0,330080.0
2024-03-15 00:00:00+00:00,963220.0,311078.0
2024-03-16 00:00:00+00:00,916345.0,355299.0
2024-03-17 00:00:00+00:00,861558.0,365645.0
2024-03-18 00:00:00+00:00,910571.0,417117.0
2024-03-19 00:00:00+00:00,974102.0,459004.0
2024-03-20 00:00:00+00:00,942142.0,360623.0
2024-03-21 00:00:00+00:00,819742.0,328692.0
2024-03-22 00:00:00+00:00,915500.0,347556.0
2024-03-23 00:00:00+00:00,908728.0,315648.0
2024-03-24 00:00:00+00:00,918817.0,331993.0
2024-03-25 00:00:00+00:00,918815.0,320633.0
2024-03-26 00:00:00+00:00,851577.0,313314.0
2024-03-27 00:00:00+00:00,865580.0,358499.0
2024-03-28 00:00:00+00:00,942681.0,433584.0
2024-03-29 00:00:00+00:00,847610.0,451776.0
2024-03-30 00:00:00+00:00,826192.0,486300.0
2024-03-31 00:00:00+00:00,691124.0,315001.0
2024-04-01 00:00:00+00:00,970510.0,330165.0
2024-04-02 00:00:00+00:00,953501.0,358331.0
2024-04-03 00:00:00+00:00,965290.0,369696.0
2024-04-04 00:00:00+00:00,978380.0,324609.0
2024-04-05 00:00:00+00:00,950040.0,346357.0
2024-04-06 00:00:00+00:00,907389.0,433426.0
2024-04-07 00:00:00+00:00,833045.0,526443.0
2024-04-08 00:00:00+00:00,896193.0,454644.0
2024-04-09 00:00:00+00:00,890535.0,450513.0
2024-04-10 00:00:00+00:00,846297.0,538372.0
2024-04-11 00:00:00+00:00,748021.0,479937.0
2024-04-12 00:00:00+00:00,832502.0,441977.0
2024-04-13 00:00:00+00:00,869723.0,510750.0
2024-04-14 00:00:00+00:00,839158.0,468144.0
2024-04-15 00:00:00+00:00,813736.0,503794.0
2024-04-16 00:00:00+00:00,941086.0,453968.0
2024-04-17 00:00:00+00:00,794595.0,385424.0
2024-04-18 00:00:00+00:00,823945.0,416810.0
2024-04-19 00:00:00+00:00,880733.0,398632.0
2024-04-20 00:00:00+00:00,509709.0,630654.0
2024-04-21 00:00:00+00:00,565959.0,644793.0
2024-04-22 00:00:00+00:00,659537.0,673406.0
2024-04-23 00:00:00+00:00,547174.0,928131.0
2024-04-24 00:00:00+00:00,835569.0,600768.0
2024-04-25 00:00:00+00:00,818807.0,525222.0
2024-04-26 00:00:00+00:00,847289.0,440854.0
2024-04-27 00:00:00+00:00,856864.0,459297.0
2024-04-28 00:00:00+00:00,707117.0,480244.0
2024-04-29 00:00:00+00:00,856192.0,400991.0
2024-04-30 00:00:00+00:00,827915.0,501881.0
2024-05-01 00:00:00+00:00,781183.0,477225.0
2024-05-02 00:00:00+00:00,744998.0,563418.0
2024-05-03 00:00:00+00:00,731936.0,437975.0
2024-05-04 00:00:00+00:00,613171.0,668343.0
2024-05-05 00:00:00+00:00,573428.0,626139.0
2024-05-06 00:00:00+00:00,670316.0,507965.0
2024-05-07 00:00:00+00:00,702887.0,373579.0
2024-05-08 00:00:00+00:00,697417.0,453934.0
2024-05-09 00:00:00+00:00,671205.0,521126.0
2024-05-10 00:00:00+00:00,606931.0,720578.0
2024-05-11 00:00:00+00:00,612137.0,712455.0
2024-05-12 00:00:00+00:00,573640.0,562310.0
2024-05-13 00:00:00+00:00,746125.0,541770.0
2024-05-14 00:00:00+00:00,686207.0,422749.0
2024-05-15 00:00:00+00:00,714393.0,499145.0
2024-05-16 00:00:00+00:00,689540.0,481822.0
2024-05-17 00:00:00+00:00,743911.0,564502.0
2024-05-18 00:00:00+00:00,650957.0,399736.0
2024-05-19 00:00:00+00:00,637953.0,641786.0
2024-05-20 00:00:00+00:00,706063.0,632582.0
2024-05-21 00:00:00+00:00,746087.0,544407.0
2024-05-22 00:00:00+00:00,709347.0,587003.0
2024-05-23 00:00:00+00:00,728396.0,736406.0
2024-05-24 00:00:00+00:00,663534.0,739561.0
2024-05-25 00:00:00+00:00,591356.0,844733.0
2024-05-26 00:00:00+00:00,538911.0,852881.0
2024-05-27 00:00:00+00:00,612909.0,549315.0
2024-05-28 00:00:00+00:00,653177.0,594169.0
2024-05-29 00:00:00+00:00,559784.0,721240.0
2024-05-30 00:00:00+00:00,649063.0,510008.0
2024-05-31 00:00:00+00:00,656289.0,713689.0
2024-06-01 00:00:00+00:00,570980.0,737521.0
2024-06-02 00:00:00+00:00,536181.0,729457.0
2024-06-03 00:00:00+00:00,689745.0,758731.0
2024-06-04 00:00:00+00:00,637180.0,636795.0
2024-06-05 00:00:00+00:00,592424.0,562197.0
2024-06-06 00:00:00+00:00,624088.0,602842.0
2024-06-07 00:00:00+00:00,583336.0,250713.0
2024-06-08 00:00:00+00:00,772154.0,529506.0
2024-06-09 00:00:00+00:00,609844.0,761292.0
2024-06-10 00:00:00+00:00,684041.0,661124.0
2024-06-11 00:00:00+00:00,684207.0,469892.0
2024-06-12 00:00:00+00:00,677849.0,690905.0
2024-06-13 00:00:00+00:00,613255.0,729876.0
2024-06-14 00:00:00+00:00,606488.0,599059.0
2024-06-15 00:00:00+00:00,635369.0,447381.0
2024-06-16 00:00:00+00:00,735939.0,452652.0
2024-06-17 00:00:00+00:00,724644.0,465013.0
2024-06-18 00:00:00+00:00,733498.0,605888.0
2024-06-19 00:00:00+00:00,622245.0,635236.0
2024-06-20 00:00:00+00:00,661281.0,528366.0
2024-06-21 00:00:00+00:00,719280.0,592761.0
2024-06-22 00:00:00+00:00,639305.0,681231.0
2024-06-23 00:00:00+00:00,511478.0,497676.0
2024-06-24 00:00:00+00:00,756391.0,525488.0
2024-06-25 00:00:00+00:00,631668.0,550745.0
2024-06-26 00:00:00+00:00,659381.0,465408.0
2024-06-27 00:00:00+00:00,741302.0,427935.0
2024-06-28 00:00:00+00:00,752964.0,595003.0
2024-06-29 00:00:00+00:00,720705.0,703622.0
2024-06-30 00:00:00+00:00,653363.0,518698.0
2024-07-01 00:00:00+00:00,907181.0,596143.0
2024-07-02 00:00:00+00:00,750376.0,608523.0
2024-07-03 00:00:00+00:00,769767.0,536681.0
2024-07-04 00:00:00+00:00,715636.0,535655.0
2024-07-05 00:00:00+00:00,694964.0,493163.0
2024-07-06 00:00:00+00:00,720587.0,656568.0
2024-07-07 00:00:00+00:00,594423.0,684693.0
2024-07-08 00:00:00+00:00,798942.0,586774.0
2024-07-09 00:00:00+00:00,762581.0,644607.0
2024-07-10 00:00:00+00:00,646708.0,632748.0
2024-07-11 00:00:00+00:00,646553.0,646591.0
2024-07-12 00:00:00+00:00,708446.0,659272.0
2024-07-13 00:00:00+00:00,601071.0,733907.0
2024-07-14 00:00:00+00:00,751254.0,588547.0
2024-07-15 00:00:00+00:00,787506.0,544485.0
2024-07-16 00:00:00+00:00,746639.0,536502.0
2024-07-17 00:00:00+00:00,729938.0,617766.0
2024-07-18 00:00:00+00:00,764574.0,435804.0
2024-07-19 00:00:00+00:00,755308.0,507835.0
2024-07-20 00:00:00+00:00,673407.0,696460.0
2024-07-21 00:00:00+00:00,607493.0,858284.0
2024-07-22 00:00:00+00:00,749350.0,827992.0
2024-07-23 00:00:00+00:00,671794.0,827733.0
2024-07-24 00:00:00+00:00,681137.0,601149.0
2024-07-25 00:00:00+00:00,713877.0,708129.0
2024-07-26 00:00:00+00:00,715636.0,458448.0
2024-07-27 00:00:00+00:00,694649.0,454253.0
2024-07-28 00:00:00+00:00,578686.0,756828.0
2024-07-29 00:00:00+00:00,794379.0,821955.0
2024-07-30 00:00:00+00:00,673555.0,670957.0
2024-07-31 00:00:00+00:00,740485.0,578053.0
2024-08-01 00:00:00+00:00,772675.0,532152.0
2024-08-02 00:00:00+00:00,764749.0,410307.0
2024-08-03 00:00:00+00:00,692352.0,502369.0
2024-08-04 00:00:00+00:00,668340.0,526479.0
2024-08-05 00:00:00+00:00,817104.0,550851.0
2024-08-06 00:00:00+00:00,729981.0,483465.0
2024-08-07 00:00:00+00:00,714826.0,381999.0
2024-08-08 00:00:00+00:00,722252.0,485878.0
2024-08-09 00:00:00+00:00,705635.0,394215.0
2024-08-10 00:00:00+00:00,594175.0,556497.0
2024-08-11 00:00:00+00:00,630696.0,641944.0
2024-08-12 00:00:00+00:00,714520.0,442326.0
2024-08-13 00:00:00+00:00,706882.0,582647.0
2024-08-14 00:00:00+00:00,662757.0,510189.0
2024-08-15 00:00:00+00:00,715632.0,658114.0
2024-08-16 00:00:00+00:00,700335.0,581170.0
2024-08-17 00:00:00+00:00,612305.0,706066.0
2024-08-18 00:00:00+00:00,588717.0,758170.0
2024-08-19 00:00:00+00:00,687027.0,560243.0
2024-08-20 00:00:00+00:00,696903.0,715687.0
2024-08-21 00:00:00+00:00,711700.0,684872.0
2024-08-22 00:00:00+00:00,719227.0,797502.0
2024-08-23 00:00:00+00:00,694990.0,799006.0
2024-08-24 00:00:00+00:00,611271.0,797698.0
2024-08-25 00:00:00+00:00,539499.0,703385.0
2024-08-26 00:00:00+00:00,656542.0,606871.0
2024-08-27 00:00:00+00:00,685194.0,676465.0
2024-08-28 00:00:00+00:00,740845.0,721912.0
2024-08-29 00:00:00+00:00,723280.0,525910.0
2024-08-30 00:00:00+00:00,826297.0,548197.0
2024-08-31 00:00:00+00:00,670825.0,695519.0
2024-09-01 00:00:00+00:00,660770.0,656333.0
2024-09-02 00:00:00+00:00,717673.0,739986.0
2024-09-03 00:00:00+00:00,699302.0,592324.0
2024-09-04 00:00:00+00:00,699461.0,728756.0
2024-09-05 00:00:00+00:00,734546.0,714387.0
2024-09-06 00:00:00+00:00,726287.0,665444.0
2024-09-07 00:00:00+00:00,606660.0,794571.0
2024-09-08 00:00:00+00:00,596940.0,906655.0
2024-09-09 00:00:00+00:00,736827.0,570838.0
2024-09-10 00:00:00+00:00,733172.0,556413.0
2024-09-11 00:00:00+00:00,662704.0,408991.0
2024-09-12 00:00:00+00:00,775748.0,561823.0
2024-09-13 00:00:00+00:00,794367.0,422965.0
2024-09-14 00:00:00+00:00,688474.0,637192.0
2024-09-15 00:00:00+00:00,643849.0,730022.0
2024-09-16 00:00:00+00:00,746172.0,486773.0
2024-09-17 00:00:00+00:00,732953.0,551806.0
2024-09-18 00:00:00+00:00,720313.0,535050.0
2024-09-19 00:00:00+00:00,746741.0,449403.0
2024-09-20 00:00:00+00:00,822445.0,524801.0
2024-09-21 00:00:00+00:00,665209.0,564640.0
2024-09-22 00:00:00+00:00,595289.0,629903.0
2024-09-23 00:00:00+00:00,796781.0,573531.0
2024-09-24 00:00:00+00:00,749184.0,531570.0
2024-09-25 00:00:00+00:00,713234.0,504605.0
2024-09-26 00:00:00+00:00,721855.0,483781.0
2024-09-27 00:00:00+00:00,751618.0,434448.0
2024-09-28 00:00:00+00:00,649697.0,521838.0
2024-09-29 00:00:00+00:00,680061.0,685081.0
2024-09-30 00:00:00+00:00,732082.0,593815.0
2024-10-01 00:00:00+00:00,863700.0,624352.0
2024-10-02 00:00:00+00:00,711643.0,599545.0
2024-10-03 00:00:00+00:00,737116.0,574536.0
2024-10-04 00:00:00+00:00,784413.0,571667.0
2024-10-05 00:00:00+00:00,608641.0,759113.0
2024-10-06 00:00:00+00:00,610738.0,744069.0
2024-10-07 00:00:00+00:00,719501.0,717392.0
2024-10-08 00:00:00+00:00,822783.0,711462.0
2024-10-09 00:00:00+00:00,668278.0,534258.0
2024-10-10 00:00:00+00:00,679738.0,759342.0
2024-10-11 00:00:00+00:00,718986.0,631180.0
2024-10-12 00:00:00+00:00,606243.0,732389.0
2024-10-13 00:00:00+00:00,609844.0,643752.0
2024-10-14 00:00:00+00:00,722649.0,609666.0
2024-10-15 00:00:00+00:00,787245.0,648296.0
2024-10-16 00:00:00+00:00,614677.0,722995.0
2024-10-17 00:00:00+00:00,765780.0,637858.0
2024-10-18 00:00:00+00:00,723986.0,471530.0
2024-10-19 00:00:00+00:00,685573.0,738236.0
2024-10-20 00:00:00+00:00,688498.0,785369.0
2024-10-21 00:00:00+00:00,717571.0,837363.0
2024-10-22 00:00:00+00:00,639877.0,696851.0
2024-10-23 00:00:00+00:00,740774.0,655119.0
2024-10-24 00:00:00+00:00,656927.0,700022.0
2024-10-25 00:00:00+00:00,859095.0,503588.0
2024-10-26 00:00:00+00:00,727063.0,603956.0
2024-10-27 00:00:00+00:00,654362.0,695610.0
2024-10-28 00:00:00+00:00,756668.0,713082.0
2024-10-29 00:00:00+00:00,831182.0,617786.0
2024-10-30 00:00:00+00:00,794409.0,674680.0
2024-10-31 00:00:00+00:00,789382.0,562286.0
2024-11-01 00:00:00+00:00,819093.0,547824.0
2024-11-02 00:00:00+00:00,690705.0,540251.0
2024-11-03 00:00:00+00:00,627617.0,455287.0
2024-11-04 00:00:00+00:00,811710.0,462249.0
2024-11-05 00:00:00+00:00,768957.0,457869.0
2024-11-06 00:00:00+00:00,894241.0,500965.0
2024-11-07 00:00:00+00:00,792482.0,567009.0
2024-11-08 00:00:00+00:00,848426.0,481877.0
2024-11-09 00:00:00+00:00,654475.0,587132.0
2024-11-10 00:00:00+00:00,793243.0,553582.0
2024-11-11 00:00:00+00:00,941403.0,461089.0
2024-11-12 00:00:00+00:00,1007782.0,502742.0
2024-11-13 00:00:00+00:00,859128.0,570985.0
2024-11-14 00:00:00+00:00,839766.0,503550.0
2024-11-15 00:00:00+00:00,886479.0,559376.0
2024-11-16 00:00:00+00:00,802492.0,608007.0
2024-11-17 00:00:00+00:00,717710.0,598836.0
2024-11-18 00:00:00+00:00,796834.0,676948.0
2024-11-19 00:00:00+00:00,757888.0,815851.0
2024-11-20 00:00:00+00:00,750264.0,669311.0
2024-11-21 00:00:00+00:00,977195.0,480041.0
2024-11-22 00:00:00+00:00,902930.0,539627.0
2024-11-23 00:00:00+00:00,877099.0,451335.0
2024-11-24 00:00:00+00:00,790852.0,463815.0
2024-11-25 00:00:00+00:00,956417.0,598037.0
2024-11-26 00:00:00+00:00,790710.0,475347.0
2024-11-27 00:00:00+00:00,800136.0,462955.0
2024-11-28 00:00:00+00:00,754947.0,523444.0
2024-11-29 00:00:00+00:00,767132.0,348672.0
2024-11-30 00:00:00+00:00,828664.0,633055.0
2024-12-01 00:00:00+00:00,739652.0,698852.0
2024-12-02 00:00:00+00:00,925715.0,310261.0
2024-12-03 00:00:00+00:00,918415.0,437755.0
2024-12-04 00:00:00+00:00,887569.0,503460.0
2024-12-05 00:00:00+00:00,968792.0,509543.0
2024-12-06 00:00:00+00:00,872253.0,433339.0
2024-12-07 00:00:00+00:00,798958.0,443750.0
2024-12-08 00:00:00+00:00,851865.0,419481.0
2024-12-09 00:00:00+00:00,915304.0,401306.0
2024-12-10 00:00:00+00:00,985635.0,441945.0
2024-12-11 00:00:00+00:00,858578.0,482129.0
2024-12-12 00:00:00+00:00,883811.0,471573.0
2024-12-13 00:00:00+00:00,936834.0,527292.0
2024-12-14 00:00:00+00:00,774578.0,523313.0
2024-12-15 00:00:00+00:00,789756.0,370567.0
2024-12-16 00:00:00+00:00,952348.0,412496.0
2024-12-17 00:00:00+00:00,829977.0,417545.0
2024-12-18 00:00:00+00:00,890898.0,415402.0
2024-12-19 00:00:00+00:00,861604.0,437556.0
2024-12-20 00:00:00+00:00,882836.0,391262.0
2024-12-21 00:00:00+00:00,744752.0,334464.0
2024-12-22 00:00:00+00:00,758970.0,332182.0
2024-12-23 00:00:00+00:00,804969.0,298335.0
2024-12-24 00:00:00+00:00,763920.0,323103.0
2024-12-25 00:00:00+00:00,702219.0,407080.0
2024-12-26 00:00:00+00:00,739743.0,298230.0
2024-12-27 00:00:00+00:00,846364.0,348548.0
2024-12-28 00:00:00+00:00,704798.0,291855.0
2024-12-29 00:00:00+00:00,727603.0,432661.0
2024-12-30 00:00:00+00:00,812462.0,362074.0
2024-12-31 00:00:00+00:00,780332.0,315699.0
2025-01-01 00:00:00+00:00,661798.0,290700.0
2025-01-02 00:00:00+00:00,806065.0,412640.0
2025-01-03 00:00:00+00:00,774077.0,400483.0
2025-01-04 00:00:00+00:00,699568.0,439080.0
2025-01-05 00:00:00+00:00,672568.0,433093.0
2025-01-06 00:00:00+00:00,765227.0,364707.0
2025-01-07 00:00:00+00:00,780759.0,344525.0
2025-01-08 00:00:00+00:00,739012.0,408966.0
2025-01-09 00:00:00+00:00,742304.0,528450.0
2025-01-10 00:00:00+00:00,797315.0,405326.0
2025-01-11 00:00:00+00:00,680515.0,368077.0
2025-01-12 00:00:00+00:00,706797.0,380129.0
2025-01-13 00:00:00+00:00,730319.0,407646.0
2025-01-14 00:00:00+00:00,790420.0,348098.0
2025-01-15 00:00:00+00:00,804761.0,356513.0
2025-01-16 00:00:00+00:00,787871.0,381403.0
2025-01-17 00:00:00+00:00,844973.0,420369.0
2025-01-18 00:00:00+00:00,730835.0,360806.0
2025-01-19 00:00:00+00:00,777201.0,381533.0
2025-01-20 00:00:00+00:00,852334.0,353367.0
2025-01-21 00:00:00+00:00,864025.0,329282.0
2025-01-22 00:00:00+00:00,830610.0,429325.0
2025-01-23 00:00:00+00:00,797154.0,326782.0
2025-01-24 00:00:00+00:00,778133.0,372822.0
2025-01-25 00:00:00+00:00,674223.0,328968.0
2025-01-26 00:00:00+00:00,652111.0,310325.0
2025-01-27 00:00:00+00:00,800741.0,335928.0
2025-01-28 00:00:00+00:00,754559.0,311149.0
2025-01-29 00:00:00+00:00,732357.0,349802.0
2025-01-30 00:00:00+00:00,768553.0,346376.0
2025-01-31 00:00:00+00:00,767144.0,317922.0
2025-02-01 00:00:00+00:00,732561.0,352449.0
2025-02-02 00:00:00+00:00,762118.0,383886.0
2025-02-03 00:00:00+00:00,872269.0,363728.0
2025-02-04 00:00:00+00:00,807567.0,313377.0
2025-02-05 00:00:00+00:00,755489.0,378194.0
2025-02-06 00:00:00+00:00,753978.0,426147.0
2025-02-07 00:00:00+00:00,753607.0,501276.0
2025-02-08 00:00:00+00:00,655694.0,467968.0
2025-02-09 00:00:00+00:00,630935.0,382701.0
2025-02-10 00:00:00+00:00,784554.0,364185.0
2025-02-11 00:00:00+00:00,778968.0,331657.0
2025-02-12 00:00:00+00:00,713585.0,389778.0
2025-02-13 00:00:00+00:00,752473.0,375861.0
2025-02-14 00:00:00+00:00,734111.0,341719.0
2025-02-15 00:00:00+00:00,651702.0,310167.0
2025-02-16 00:00:00+00:00,607272.0,306797.0
2025-02-17 00:00:00+00:00,722465.0,327916.0
2025-02-18 00:00:00+00:00,752996.0,429401.0
2025-02-19 00:00:00+00:00,680832.0,448514.0
2025-02-20 00:00:00+00:00,692965.0,482796.0
2025-02-21 00:00:00+00:00,718521.0,454467.0
2025-02-22 00:00:00+00:00,629577.0,558602.0
2025-02-23 00:00:00+00:00,515136.0,574133.0
2025-02-24 00:00:00+00:00,713984.0,511496.0
2025-02-25 00:00:00+00:00,837361.0,493632.0
2025-02-26 00:00:00+00:00,827083.0,398655.0
2025-02-27 00:00:00+00:00,890859.0,326363.0
2025-02-28 00:00:00+00:00,915297.0,388679.0
2025-03-01 00:00:00+00:00,796043.0,283151.0
2025-03-02 00:00:00+00:00,691454.0,271285.0
2025-03-03 00:00:00+00:00,804674.0,372983.0
2025-03-04 00:00:00+00:00,752956.0,302840.0
2025-03-05 00:00:00+00:00,735786.0,306253.0
2025-03-06 00:00:00+00:00,825264.0,372699.0
2025-03-07 00:00:00+00:00,863520.0,313867.0
2025-03-08 00:00:00+00:00,673352.0,291511.0
2025-03-09 00:00:00+00:00,664954.0,302935.0
2025-03-10 00:00:00+00:00,800739.0,441520.0
2025-03-11 00:00:00+00:00,782819.0,379790.0
2025-03-12 00:00:00+00:00,745460.0,432621.0
2025-03-13 00:00:00+00:00,764889.0,529277.0
2025-03-14 00:00:00+00:00,779781.0,441947.0
2025-03-15 00:00:00+00:00,663845.0,472408.0
2025-03-16 00:00:00+00:00,682615.0,468961.0
2025-03-17 00:00:00+00:00,777796.0,382454.0
2025-03-18 00:00:00+00:00,728748.0,367012.0
2025-03-19 00:00:00+00:00,757656.0,438484.0
2025-03-20 00:00:00+00:00,813034.0,341253.0
2025-03-21 00:00:00+00:00,769088.0,318682.0
2025-03-22 00:00:00+00:00,644074.0,412886.0
2025-03-23 00:00:00+00:00,610837.0,542672.0
2025-03-24 00:00:00+00:00,809888.0,481825.0
2025-03-25 00:00:00+00:00,725387.0,499703.0
2025-03-26 00:00:00+00:00,759292.0,518025.0
2025-03-27 00:00:00+00:00,778898.0,435123.0
2025-03-28 00:00:00+00:00,830965.0,395973.0
2025-03-29 00:00:00+00:00,665765.0,292760.0
2025-03-30 00:00:00+00:00,611195.0,303321.0
2025-03-31 00:00:00+00:00,770064.0,319360.0
2025-04-01 00:00:00+00:00,807365.0,352343.0
2025-04-02 00:00:00+00:00,769838.0,404621.0
2025-04-03 00:00:00+00:00,792583.0,395213.0
2025-04-04 00:00:00+00:00,820433.0,422793.0
2025-04-05 00:00:00+00:00,736838.0,294122.0
2025-04-06 00:00:00+00:00,645459.0,272974.0
2025-04-07 00:00:00+00:00,791618.0,315963.0
2025-04-08 00:00:00+00:00,736263.0,360926.0
2025-04-09 00:00:00+00:00,743091.0,320082.0
2025-04-10 00:00:00+00:00,745006.0,315731.0
2025-04-11 00:00:00+00:00,762968.0,412324.0
2025-04-12 00:00:00+00:00,651244.0,413756.0
2025-04-13 00:00:00+00:00,599557.0,448011.0
2025-04-14 00:00:00+00:00,731158.0,448201.0
2025-04-15 00:00:00+00:00,764894.0,435581.0
2025-04-16 00:00:00+00:00,715957.0,512698.0
2025-04-17 00:00:00+00:00,734302.0,555992.0
2025-04-18 00:00:00+00:00,669757.0,512005.0
2025-04-19 00:00:00+00:00,618431.0,548341.0
2025-04-20 00:00:00+00:00,563502.0,468036.0
2025-04-21 00:00:00+00:00,680575.0,437926.0
2025-04-22 00:00:00+00:00,792265.0,514191.0
2025-04-23 00:00:00+00:00,716670.0,425004.0
2025-04-24 00:00:00+00:00,771761.0,460328.0
2025-04-25 00:00:00+00:00,818112.0,385154.0
2025-04-26 00:00:00+00:00,636351.0,330013.0
2025-04-27 00:00:00+00:00,614897.0,432684.0
2025-04-28 00:00:00+00:00,801464.0,421997.0
2025-04-29 00:00:00+00:00,738376.0,466125.0
2025-04-30 00:00:00+00:00,797218.0,344716.0
2025-05-01 00:00:00+00:00,783416.0,330132.0
2025-05-02 00:00:00+00:00,931165.0,380180.0
2025-05-03 00:00:00+00:00,686500.0,389316.0
2025-05-04 00:00:00+00:00,613491.0,345861.0
2025-05-05 00:00:00+00:00,758965.0,401820.0
2025-05-06 00:00:00+00:00,787857.0,335143.0
2025-05-07 00:00:00+00:00,846613.0,343041.0
2025-05-08 00:00:00+00:00,852697.0,371373.0
2025-05-09 00:00:00+00:00,863281.0,335574.0
2025-05-10 00:00:00+00:00,664831.0,326973.0
2025-05-11 00:00:00+00:00,615305.0,280245.0
2025-05-12 00:00:00+00:00,758453.0,385997.0
2025-05-13 00:00:00+00:00,808191.0,289432.0
2025-05-14 00:00:00+00:00,790244.0,325951.0
2025-05-15 00:00:00+00:00,754318.0,373943.0
2025-05-16 00:00:00+00:00,829195.0,365949.0
2025-05-17 00:00:00+00:00,740377.0,293931.0
2025-05-18 00:00:00+00:00,601421.0,641273.0
2025-05-19 00:00:00+00:00,718046.0,583361.0
2025-05-20 00:00:00+00:00,739140.0,559405.0
2025-05-21 00:00:00+00:00,796779.0,424978.0
2025-05-22 00:00:00+00:00,868642.0,471085.0
2025-05-23 00:00:00+00:00,809410.0,445109.0
2025-05-24 00:00:00+00:00,644711.0,389251.0
2025-05-25 00:00:00+00:00,625162.0,357724.0
2025-05-26 00:00:00+00:00,745729.0,352991.0
2025-05-27 00:00:00+00:00,706571.0,424640.0
2025-05-28 00:00:00+00:00,782052.0,540056.0
2025-05-29 00:00:00+00:00,765279.0,390670.0
2025-05-30 00:00:00+00:00,834229.0,389971.0
2025-05-31 00:00:00+00:00,711975.0,300176.0
2025-06-01 00:00:00+00:00,689965.0,254662.0
2025-06-02 00:00:00+00:00,771787.0,348163.0
2025-06-03 00:00:00+00:00,864048.0,360069.0
2025-06-04 00:00:00+00:00,720304.0,332769.0
2025-06-05 00:00:00+00:00,781431.0,321208.0
2025-06-06 00:00:00+00:00,781673.0,296656.0
2025-06-07 00:00:00+00:00,653737.0,290519.0
2025-06-08 00:00:00+00:00,611460.0,323313.0
2025-06-09 00:00:00+00:00,744523.0,354588.0
2025-06-10 00:00:00+00:00,824315.0,421700.0
2025-06-11 00:00:00+00:00,755087.0,349470.0
2025-06-12 00:00:00+00:00,780705.0,424933.0
2025-06-13 00:00:00+00:00,811764.0,347897.0
2025-06-14 00:00:00+00:00,631338.0,271851.0
2025-06-15 00:00:00+00:00,599893.0,281450.0
2025-06-16 00:00:00+00:00,722329.0,366746.0
2025-06-17 00:00:00+00:00,712578.0,359926.0
2025-06-18 00:00:00+00:00,751671.0,434037.0
2025-06-19 00:00:00+00:00,716269.0,307561.0
2025-06-20 00:00:00+00:00,778947.0,353689.0
2025-06-21 00:00:00+00:00,658427.0,310017.0
2025-06-22 00:00:00+00:00,595271.0,264346.0
2025-06-23 00:00:00+00:00,691705.0,291899.0
2025-06-24 00:00:00+00:00,757208.0,279722.0
2025-06-25 00:00:00+00:00,748961.0,387334.0
2025-06-26 00:00:00+00:00,764181.0,506745.0
2025-06-27 00:00:00+00:00,731987.0,337361.0
2025-06-28 00:00:00+00:00,636115.0,389138.0
2025-06-29 00:00:00+00:00,545712.0,368982.0
2025-06-30 00:00:00+00:00,759866.0,342103.0
2025-07-01 00:00:00+00:00,796482.0,330384.0
2025-07-02 00:00:00+00:00,794995.0,361066.0
2025-07-03 00:00:00+00:00,798168.0,364594.0
2025-07-04 00:00:00+00:00,693948.0,365649.0
2025-07-05 00:00:00+00:00,561792.0,436219.0
2025-07-06 00:00:00+00:00,613042.0,496239.0
2025-07-07 00:00:00+00:00,686261.0,374019.0
2025-07-08 00:00:00+00:00,795709.0,342697.0
2025-07-09 00:00:00+00:00,779022.0,452381.0
2025-07-10 00:00:00+00:00,829216.0,434824.0
2025-07-11 00:00:00+00:00,845548.0,409674.0
2025-07-12 00:00:00+00:00,673470.0,394126.0
2025-07-13 00:00:00+00:00,655163.0,410972.0
2025-07-14 00:00:00+00:00,797345.0,450093.0
2025-07-15 00:00:00+00:00,753728.0,421980.0
2025-07-16 00:00:00+00:00,735726.0,402255.0
2025-07-17 00:00:00+00:00,811618.0,428846.0
2025-07-18 00:00:00+00:00,757713.0,449609.0
2025-07-19 00:00:00+00:00,655287.0,432190.0
2025-07-20 00:00:00+00:00,625098.0,405387.0
2025-07-21 00:00:00+00:00,733805.0,388565.0
2025-07-22 00:00:00+00:00,730808.0,423231.0
2025-07-23 00:00:00+00:00,738717.0,365110.0
2025-07-24 00:00:00+00:00,719805.0,408556.0
2025-07-25 00:00:00+00:00,749904.0,433467.0
2025-07-26 00:00:00+00:00,652309.0,571396.0
2025-07-27 00:00:00+00:00,615345.0,473722.0
2025-07-28 00:00:00+00:00,728095.0,502425.0
2025-07-29 00:00:00+00:00,715626.0,346511.0
2025-07-30 00:00:00+00:00,733090.0,426989.0
2025-07-31 00:00:00+00:00,752871.0,477852.0
2025-08-01 00:00:00+00:00,838177.0,399495.0
2025-08-02 00:00:00+00:00,693800.0,307246.0
2025-08-03 00:00:00+00:00,621756.0,289554.0
2025-08-04 00:00:00+00:00,728238.0,451189.0
2025-08-05 00:00:00+00:00,798131.0,408980.0
2025-08-06 00:00:00+00:00,838450.0,495331.0
2025-08-07 00:00:00+00:00,810557.0,564678.0
2025-08-08 00:00:00+00:00,960615.0,474837.0
2025-08-09 00:00:00+00:00,767705.0,377106.0
2025-08-10 00:00:00+00:00,651290.0,396369.0
2025-08-11 00:00:00+00:00,760684.0,449439.0
2025-08-12 00:00:00+00:00,721420.0,365290.0
2025-08-13 00:00:00+00:00,753168.0,444797.0
2025-08-14 00:00:00+00:00,803997.0,479810.0
2025-08-15 00:00:00+00:00,734665.0,433563.0
2025-08-16 00:00:00+00:00,642573.0,396105.0
2025-08-17 00:00:00+00:00,569807.0,442159.0
2025-08-18 00:00:00+00:00,701698.0,482626.0
2025-08-19 00:00:00+00:00,670399.0,409590.0
2025-08-20 00:00:00+00:00,726389.0,424546.0
2025-08-21 00:00:00+00:00,702511.0,451619.0
2025-08-22 00:00:00+00:00,767825.0,457298.0
2025-08-23 00:00:00+00:00,662164.0,471882.0
2025-08-24 00:00:00+00:00,610390.0,521558.0
2025-08-25 00:00:00+00:00,705894.0,479193.0
2025-08-26 00:00:00+00:00,710999.0,458661.0
2025-08-27 00:00:00+00:00,703023.0,506732.0
2025-08-28 00:00:00+00:00,696912.0,580430.0
2025-08-29 00:00:00+00:00,777455.0,587838.0
2025-08-30 00:00:00+00:00,633372.0,625477.0
2025-08-31 00:00:00+00:00,579281.0,482257.0
2025-09-01 00:00:00+00:00,724476.0,597762.0
2025-09-02 00:00:00+00:00,741440.0,583102.0
2025-09-03 00:00:00+00:00,757257.0,405522.0
2025-09-04 00:00:00+00:00,768977.0,400455.0
2025-09-05 00:00:00+00:00,811569.0,414108.0
2025-09-06 00:00:00+00:00,613246.0,446745.0
2025-09-07 00:00:00+00:00,594567.0,580185.0
2025-09-08 00:00:00+00:00,732824.0,566372.0
2025-09-09 00:00:00+00:00,725526.0,618149.0
2025-09-10 00:00:00+00:00,687721.0,648787.0
2025-09-11 00:00:00+00:00,722040.0,598534.0
2025-09-12 00:00:00+00:00,721666.0,397599.0
2025-09-13 00:00:00+00:00,684987.0,524450.0
2025-09-14 00:00:00+00:00,646063.0,539763.0
2025-09-15 00:00:00+00:00,773239.0,534944.0
2025-09-16 00:00:00+00:00,747555.0,535330.0
2025-09-17 00:00:00+00:00,698218.0,362882.0
2025-09-18 00:00:00+00:00,729042.0,446237.0
2025-09-19 00:00:00+00:00,759748.0,483134.0
2025-09-20 00:00:00+00:00,711626.0,492759.0
2025-09-21 00:00:00+00:00,660574.0,515795.0
2025-09-22 00:00:00+00:00,747221.0,456797.0
2025-09-23 00:00:00+00:00,674195.0,498707.0
2025-09-24 00:00:00+00:00,682109.0,526277.0
2025-09-25 00:00:00+00:00,741811.0,426022.0
2025-09-26 00:00:00+00:00,728767.0,418111.0
2025-09-27 00:00:00+00:00,635310.0,523531.0
2025-09-28 00:00:00+00:00,652543.0,637714.0
2025-09-29 00:00:00+00:00,740289.0,449737.0
2025-09-30 00:00:00+00:00,745290.0,556139.0
2025-10-01 00:00:00+00:00,885196.0,471120.0
2025-10-02 00:00:00+00:00,804780.0,375898.0
2025-10-03 00:00:00+00:00,797887.0,391675.0
2025-10-04 00:00:00+00:00,743257.0,426061.0
2025-10-05 00:00:00+00:00,677933.0,520032.0
2025-10-06 00:00:00+00:00,768110.0,426681.0
2025-10-07 00:00:00+00:00,767705.0,430981.0
2025-10-08 00:00:00+00:00,759929.0,431067.0
2025-10-09 00:00:00+00:00,719972.0,366723.0
2025-10-10 00:00:00+00:00,745662.0,415580.0
2025-10-11 00:00:00+00:00,718136.0,450131.0
2025-10-12 00:00:00+00:00,695884.0,463010.0
2025-10-13 00:00:00+00:00,680803.0,489858.0
2025-10-14 00:00:00+00:00,706371.0,563809.0
2025-10-15 00:00:00+00:00,695775.0,484211.0
2025-10-16 00:00:00+00:00,740169.0,490450.0
2025-10-17 00:00:00+00:00,772447.0,485148.0
2025-10-18 00:00:00+00:00,608801.0,564015.0
2025-10-19 00:00:00+00:00,595209.0,437518.0
2025-10-20 00:00:00+00:00,679663.0,422448.0
2025-10-21 00:00:00+00:00,733522.0,437054.0
2025-10-22 00:00:00+00:00,695833.0,480827.0
2025-10-23 00:00:00+00:00,679681.0,436183.0
2025-10-24 00:00:00+00:00,734616.0,565682.0
2025-10-25 00:00:00+00:00,595504.0,502467.0
2025-10-26 00:00:00+00:00,584836.0,521439.0
2025-10-27 00:00:00+00:00,726782.0,505599.0
2025-10-28 00:00:00+00:00,693980.0,526865.0
2025-10-29 00:00:00+00:00,667087.0,395521.0
2025-10-30 00:00:00+00:00,708971.0,551534.0
2025-10-31 00:00:00+00:00,723709.0,460460.0
2025-11-01 00:00:00+00:00,683092.0,387158.0
2025-11-02 00:00:00+00:00,575622.0,405694.0
2025-11-03 00:00:00+00:00,772175.0,452775.0
2025-11-04 00:00:00+00:00,779122.0,370080.0
2025-11-05 00:00:00+00:00,747953.0,399776.0
2025-11-06 00:00:00+00:00,737224.0,414343.0
2025-11-07 00:00:00+00:00,752529.0,477171.0
2025-11-08 00:00:00+00:00,622449.0,351704.0
2025-11-09 00:00:00+00:00,607063.0,467846.0
2025-11-10 00:00:00+00:00,723219.0,451762.0
2025-11-11 00:00:00+00:00,717240.0,480595.0
2025-11-12 00:00:00+00:00,666761.0,452672.0
2025-11-13 00:00:00+00:00,715565.0,481822.0
2025-11-14 00:00:00+00:00,804891.0,484096.0
