timestamp,active_addresses,tx_count
2015-07-30 00:00:00+00:00,9206.0,0.0
2015-07-31 00:00:00+00:00,424.0,0.0
2015-08-01 00:00:00+00:00,413.0,0.0
2015-08-02 00:00:00+00:00,432.0,0.0
2015-08-03 00:00:00+00:00,444.0,0.0
2015-08-04 00:00:00+00:00,411.0,0.0
2015-08-05 00:00:00+00:00,411.0,0.0
2015-08-06 00:00:00+00:00,396.0,0.0
2015-08-07 00:00:00+00:00,1390.0,2050.0
2015-08-08 00:00:00+00:00,1208.0,2881.0
2015-08-09 00:00:00+00:00,1113.0,1329.0
2015-08-10 00:00:00+00:00,1430.0,2037.0
2015-08-11 00:00:00+00:00,2697.0,4963.0
2015-08-12 00:00:00+00:00,1219.0,2036.0
2015-08-13 00:00:00+00:00,1606.0,2842.0
2015-08-14 00:00:00+00:00,1893.0,3174.0
2015-08-15 00:00:00+00:00,1601.0,2284.0
2015-08-16 00:00:00+00:00,1542.0,2440.0
2015-08-17 00:00:00+00:00,1522.0,2512.0
2015-08-18 00:00:00+00:00,1544.0,2494.0
2015-08-19 00:00:00+00:00,1592.0,3246.0
2015-08-20 00:00:00+00:00,1378.0,2303.0
2015-08-21 00:00:00+00:00,1613.0,3919.0
2015-08-22 00:00:00+00:00,1594.0,3579.0
2015-08-23 00:00:00+00:00,1794.0,4190.0
2015-08-24 00:00:00+00:00,1622.0,4432.0
2015-08-25 00:00:00+00:00,1779.0,4487.0
2015-08-26 00:00:00+00:00,1715.0,4156.0
2015-08-27 00:00:00+00:00,1751.0,5590.0
2015-08-28 00:00:00+00:00,1697.0,4758.0
2015-08-29 00:00:00+00:00,1537.0,4139.0
2015-08-30 00:00:00+00:00,1768.0,4572.0
2015-08-31 00:00:00+00:00,1662.0,5196.0
2015-09-01 00:00:00+00:00,1709.0,5153.0
2015-09-02 00:00:00+00:00,1645.0,5195.0
2015-09-03 00:00:00+00:00,1570.0,4777.0
2015-09-04 00:00:00+00:00,1583.0,5642.0
2015-09-05 00:00:00+00:00,1641.0,5519.0
2015-09-06 00:00:00+00:00,1732.0,5521.0
2015-09-07 00:00:00+00:00,1791.0,5702.0
2015-09-08 00:00:00+00:00,1697.0,5622.0
2015-09-09 00:00:00+00:00,1712.0,5604.0
2015-09-10 00:00:00+00:00,1676.0,5341.0
2015-09-11 00:00:00+00:00,1839.0,6460.0
2015-09-12 00:00:00+00:00,1693.0,5596.0
2015-09-13 00:00:00+00:00,1760.0,6057.0
2015-09-14 00:00:00+00:00,1781.0,5572.0
2015-09-15 00:00:00+00:00,1646.0,5409.0
2015-09-16 00:00:00+00:00,1680.0,5872.0
2015-09-17 00:00:00+00:00,1669.0,5368.0
2015-09-18 00:00:00+00:00,1643.0,5802.0
2015-09-19 00:00:00+00:00,1551.0,5205.0
2015-09-20 00:00:00+00:00,1636.0,6402.0
2015-09-21 00:00:00+00:00,1699.0,6305.0
2015-09-22 00:00:00+00:00,1712.0,6804.0
2015-09-23 00:00:00+00:00,1878.0,7404.0
2015-09-24 00:00:00+00:00,1754.0,6224.0
2015-09-25 00:00:00+00:00,1701.0,5851.0
2015-09-26 00:00:00+00:00,1556.0,5907.0
2015-09-27 00:00:00+00:00,1537.0,5760.0
2015-09-28 00:00:00+00:00,1692.0,6123.0
2015-09-29 00:00:00+00:00,1676.0,5738.0
2015-09-30 00:00:00+00:00,1633.0,5870.0
2015-10-01 00:00:00+00:00,1622.0,6421.0
2015-10-02 00:00:00+00:00,1521.0,6063.0
2015-10-03 00:00:00+00:00,1528.0,6112.0
2015-10-04 00:00:00+00:00,1520.0,6624.0
2015-10-05 00:00:00+00:00,1577.0,6279.0
2015-10-06 00:00:00+00:00,1555.0,6458.0
2015-10-07 00:00:00+00:00,1512.0,7121.0
2015-10-08 00:00:00+00:00,1460.0,6926.0
2015-10-09 00:00:00+00:00,1490.0,6763.0
2015-10-10 00:00:00+00:00,1408.0,6529.0
2015-10-11 00:00:00+00:00,1434.0,6023.0
2015-10-12 00:00:00+00:00,1483.0,6593.0
2015-10-13 00:00:00+00:00,1624.0,6818.0
2015-10-14 00:00:00+00:00,1708.0,6830.0
2015-10-15 00:00:00+00:00,1636.0,6499.0
2015-10-16 00:00:00+00:00,1508.0,6795.0
2015-10-17 00:00:00+00:00,1513.0,6567.0
2015-10-18 00:00:00+00:00,1468.0,6481.0
2015-10-19 00:00:00+00:00,1581.0,6604.0
2015-10-20 00:00:00+00:00,1462.0,5897.0
2015-10-21 00:00:00+00:00,1638.0,6182.0
2015-10-22 00:00:00+00:00,1542.0,5979.0
2015-10-23 00:00:00+00:00,1684.0,6888.0
2015-10-24 00:00:00+00:00,1807.0,6361.0
2015-10-25 00:00:00+00:00,1725.0,5830.0
2015-10-26 00:00:00+00:00,1779.0,5938.0
2015-10-27 00:00:00+00:00,1850.0,6784.0
2015-10-28 00:00:00+00:00,1825.0,7346.0
2015-10-29 00:00:00+00:00,2100.0,7836.0
2015-10-30 00:00:00+00:00,2368.0,7941.0
2015-10-31 00:00:00+00:00,2097.0,7557.0
2015-11-01 00:00:00+00:00,2234.0,6915.0
2015-11-02 00:00:00+00:00,2160.0,6558.0
2015-11-03 00:00:00+00:00,2192.0,7399.0
2015-11-04 00:00:00+00:00,2164.0,7037.0
2015-11-05 00:00:00+00:00,2042.0,7498.0
2015-11-06 00:00:00+00:00,1938.0,7882.0
2015-11-07 00:00:00+00:00,2265.0,10996.0
2015-11-08 00:00:00+00:00,2426.0,12413.0
2015-11-09 00:00:00+00:00,2194.0,7689.0
2015-11-10 00:00:00+00:00,1976.0,8151.0
2015-11-11 00:00:00+00:00,2182.0,10217.0
2015-11-12 00:00:00+00:00,1947.0,9534.0
2015-11-13 00:00:00+00:00,1958.0,7891.0
2015-11-14 00:00:00+00:00,1906.0,7211.0
2015-11-15 00:00:00+00:00,1894.0,7170.0
2015-11-16 00:00:00+00:00,1999.0,7442.0
2015-11-17 00:00:00+00:00,2032.0,7145.0
2015-11-18 00:00:00+00:00,1979.0,7373.0
2015-11-19 00:00:00+00:00,1983.0,8876.0
2015-11-20 00:00:00+00:00,1861.0,6348.0
2015-11-21 00:00:00+00:00,1841.0,6822.0
2015-11-22 00:00:00+00:00,2128.0,7083.0
2015-11-23 00:00:00+00:00,1877.0,8260.0
2015-11-24 00:00:00+00:00,1944.0,7152.0
2015-11-25 00:00:00+00:00,1829.0,7098.0
2015-11-26 00:00:00+00:00,1916.0,7278.0
2015-11-27 00:00:00+00:00,1757.0,6639.0
2015-11-28 00:00:00+00:00,1749.0,6817.0
2015-11-29 00:00:00+00:00,1758.0,6853.0
2015-11-30 00:00:00+00:00,1883.0,8986.0
2015-12-01 00:00:00+00:00,1880.0,6794.0
2015-12-02 00:00:00+00:00,1789.0,6502.0
2015-12-03 00:00:00+00:00,1868.0,6971.0
2015-12-04 00:00:00+00:00,1869.0,6898.0
2015-12-05 00:00:00+00:00,1833.0,6784.0
2015-12-06 00:00:00+00:00,2210.0,9103.0
2015-12-07 00:00:00+00:00,2057.0,7141.0
2015-12-08 00:00:00+00:00,1856.0,6697.0
2015-12-09 00:00:00+00:00,1856.0,7001.0
2015-12-10 00:00:00+00:00,1881.0,7444.0
2015-12-11 00:00:00+00:00,1905.0,8105.0
2015-12-12 00:00:00+00:00,2244.0,8205.0
2015-12-13 00:00:00+00:00,2095.0,7426.0
2015-12-14 00:00:00+00:00,2300.0,15550.0
2015-12-15 00:00:00+00:00,2273.0,21098.0
2015-12-16 00:00:00+00:00,2245.0,10304.0
2015-12-17 00:00:00+00:00,2560.0,9612.0
2015-12-18 00:00:00+00:00,2345.0,9032.0
2015-12-19 00:00:00+00:00,2272.0,9314.0
2015-12-20 00:00:00+00:00,2290.0,9879.0
2015-12-21 00:00:00+00:00,2435.0,12063.0
2015-12-22 00:00:00+00:00,2407.0,21027.0
2015-12-23 00:00:00+00:00,2301.0,22740.0
2015-12-24 00:00:00+00:00,2305.0,13494.0
2015-12-25 00:00:00+00:00,2223.0,9521.0
2015-12-26 00:00:00+00:00,2364.0,10726.0
2015-12-27 00:00:00+00:00,2279.0,21867.0
2015-12-28 00:00:00+00:00,2507.0,12368.0
2015-12-29 00:00:00+00:00,2462.0,11358.0
2015-12-30 00:00:00+00:00,2447.0,21767.0
2015-12-31 00:00:00+00:00,2658.0,10301.0
2016-01-01 00:00:00+00:00,2433.0,8233.0
2016-01-02 00:00:00+00:00,2486.0,9164.0
2016-01-03 00:00:00+00:00,2528.0,9258.0
2016-01-04 00:00:00+00:00,2623.0,9474.0
2016-01-05 00:00:00+00:00,2620.0,16430.0
2016-01-06 00:00:00+00:00,2743.0,17074.0
2016-01-07 00:00:00+00:00,2788.0,22075.0
2016-01-08 00:00:00+00:00,2696.0,10919.0
2016-01-09 00:00:00+00:00,2767.0,11793.0
2016-01-10 00:00:00+00:00,2909.0,10320.0
2016-01-11 00:00:00+00:00,3053.0,10893.0
2016-01-12 00:00:00+00:00,3070.0,10862.0
2016-01-13 00:00:00+00:00,2908.0,17665.0
2016-01-14 00:00:00+00:00,2835.0,10653.0
2016-01-15 00:00:00+00:00,3217.0,9875.0
2016-01-16 00:00:00+00:00,2774.0,10664.0
2016-01-17 00:00:00+00:00,2667.0,9747.0
2016-01-18 00:00:00+00:00,3137.0,12916.0
2016-01-19 00:00:00+00:00,2933.0,13420.0
2016-01-20 00:00:00+00:00,3455.0,10610.0
2016-01-21 00:00:00+00:00,3047.0,10734.0
2016-01-22 00:00:00+00:00,3114.0,13848.0
2016-01-23 00:00:00+00:00,3519.0,11025.0
2016-01-24 00:00:00+00:00,3936.0,12798.0
2016-01-25 00:00:00+00:00,4148.0,17121.0
2016-01-26 00:00:00+00:00,4417.0,16511.0
2016-01-27 00:00:00+00:00,4172.0,18747.0
2016-01-28 00:00:00+00:00,4568.0,16765.0
2016-01-29 00:00:00+00:00,4424.0,16395.0
2016-01-30 00:00:00+00:00,4449.0,14661.0
2016-01-31 00:00:00+00:00,4497.0,14166.0
2016-02-01 00:00:00+00:00,4303.0,14199.0
2016-02-02 00:00:00+00:00,4261.0,14291.0
2016-02-03 00:00:00+00:00,4423.0,14274.0
2016-02-04 00:00:00+00:00,4210.0,14371.0
2016-02-05 00:00:00+00:00,4808.0,15249.0
2016-02-06 00:00:00+00:00,3957.0,31418.0
2016-02-07 00:00:00+00:00,4143.0,14264.0
2016-02-08 00:00:00+00:00,4647.0,14719.0
2016-02-09 00:00:00+00:00,4872.0,15517.0
2016-02-10 00:00:00+00:00,6143.0,17141.0
2016-02-11 00:00:00+00:00,8046.0,21440.0
2016-02-12 00:00:00+00:00,6614.0,18109.0
2016-02-13 00:00:00+00:00,6183.0,19327.0
2016-02-14 00:00:00+00:00,5643.0,16624.0
2016-02-15 00:00:00+00:00,5776.0,17159.0
2016-02-16 00:00:00+00:00,5797.0,17549.0
2016-02-17 00:00:00+00:00,5846.0,19990.0
2016-02-18 00:00:00+00:00,5678.0,16969.0
2016-02-19 00:00:00+00:00,6183.0,18412.0
2016-02-20 00:00:00+00:00,5328.0,16714.0
2016-02-21 00:00:00+00:00,6463.0,17119.0
2016-02-22 00:00:00+00:00,6109.0,18190.0
2016-02-23 00:00:00+00:00,6178.0,18482.0
2016-02-24 00:00:00+00:00,6145.0,19540.0
2016-02-25 00:00:00+00:00,6740.0,19503.0
2016-02-26 00:00:00+00:00,6649.0,21068.0
2016-02-27 00:00:00+00:00,6033.0,18981.0
2016-02-28 00:00:00+00:00,6648.0,19063.0
2016-02-29 00:00:00+00:00,7332.0,20358.0
2016-03-01 00:00:00+00:00,7800.0,21778.0
2016-03-02 00:00:00+00:00,8668.0,23562.0
2016-03-03 00:00:00+00:00,9175.0,24837.0
2016-03-04 00:00:00+00:00,9118.0,24287.0
2016-03-05 00:00:00+00:00,10229.0,27115.0
2016-03-06 00:00:00+00:00,9887.0,27661.0
2016-03-07 00:00:00+00:00,8216.0,23271.0
2016-03-08 00:00:00+00:00,9667.0,24105.0
2016-03-09 00:00:00+00:00,9456.0,24557.0
2016-03-10 00:00:00+00:00,9951.0,24814.0
2016-03-11 00:00:00+00:00,9615.0,23124.0
2016-03-12 00:00:00+00:00,10129.0,27887.0
2016-03-13 00:00:00+00:00,10304.0,28127.0
2016-03-14 00:00:00+00:00,10624.0,28528.0
2016-03-15 00:00:00+00:00,10566.0,29273.0
2016-03-16 00:00:00+00:00,9828.0,27596.0
2016-03-17 00:00:00+00:00,10415.0,33531.0
2016-03-18 00:00:00+00:00,10940.0,31821.0
2016-03-19 00:00:00+00:00,9708.0,34779.0
2016-03-20 00:00:00+00:00,10253.0,32447.0
2016-03-21 00:00:00+00:00,10528.0,32511.0
2016-03-22 00:00:00+00:00,9934.0,32890.0
2016-03-23 00:00:00+00:00,10346.0,31786.0
2016-03-24 00:00:00+00:00,10342.0,36947.0
2016-03-25 00:00:00+00:00,10173.0,36762.0
2016-03-26 00:00:00+00:00,9995.0,36646.0
2016-03-27 00:00:00+00:00,10785.0,29974.0
2016-03-28 00:00:00+00:00,11015.0,33613.0
2016-03-29 00:00:00+00:00,12530.0,33915.0
2016-03-30 00:00:00+00:00,12999.0,36767.0
2016-03-31 00:00:00+00:00,12255.0,32259.0
2016-04-01 00:00:00+00:00,11105.0,33320.0
2016-04-02 00:00:00+00:00,11011.0,29358.0
2016-04-03 00:00:00+00:00,10977.0,29588.0
2016-04-04 00:00:00+00:00,11850.0,34907.0
2016-04-05 00:00:00+00:00,12303.0,39173.0
2016-04-06 00:00:00+00:00,12049.0,32078.0
2016-04-07 00:00:00+00:00,11965.0,31893.0
2016-04-08 00:00:00+00:00,11777.0,34010.0
2016-04-09 00:00:00+00:00,12119.0,31923.0
2016-04-10 00:00:00+00:00,12983.0,32237.0
2016-04-11 00:00:00+00:00,12213.0,30327.0
2016-04-12 00:00:00+00:00,12764.0,34673.0
2016-04-13 00:00:00+00:00,13109.0,36051.0
2016-04-14 00:00:00+00:00,12455.0,34781.0
2016-04-15 00:00:00+00:00,11977.0,34959.0
2016-04-16 00:00:00+00:00,12022.0,30483.0
2016-04-17 00:00:00+00:00,12623.0,40203.0
2016-04-18 00:00:00+00:00,12628.0,33513.0
2016-04-19 00:00:00+00:00,12548.0,32622.0
2016-04-20 00:00:00+00:00,12843.0,32944.0
2016-04-21 00:00:00+00:00,13765.0,37181.0
2016-04-22 00:00:00+00:00,12957.0,31678.0
2016-04-23 00:00:00+00:00,12726.0,31845.0
2016-04-24 00:00:00+00:00,12833.0,34046.0
2016-04-25 00:00:00+00:00,13365.0,35430.0
2016-04-26 00:00:00+00:00,13516.0,32582.0
2016-04-27 00:00:00+00:00,13354.0,33847.0
2016-04-28 00:00:00+00:00,13144.0,34343.0
2016-04-29 00:00:00+00:00,15158.0,37332.0
2016-04-30 00:00:00+00:00,19807.0,45769.0
2016-05-01 00:00:00+00:00,15667.0,39578.0
2016-05-02 00:00:00+00:00,17759.0,41748.0
2016-05-03 00:00:00+00:00,15057.0,37821.0
2016-05-04 00:00:00+00:00,14731.0,37484.0
2016-05-05 00:00:00+00:00,14974.0,38707.0
2016-05-06 00:00:00+00:00,14813.0,41271.0
2016-05-07 00:00:00+00:00,14378.0,35864.0
2016-05-08 00:00:00+00:00,14903.0,40063.0
2016-05-09 00:00:00+00:00,15448.0,38560.0
2016-05-10 00:00:00+00:00,15518.0,40684.0
2016-05-11 00:00:00+00:00,17098.0,40811.0
2016-05-12 00:00:00+00:00,18113.0,45002.0
2016-05-13 00:00:00+00:00,18920.0,47739.0
2016-05-14 00:00:00+00:00,16806.0,45745.0
2016-05-15 00:00:00+00:00,16252.0,43073.0
2016-05-16 00:00:00+00:00,15620.0,37424.0
2016-05-17 00:00:00+00:00,17239.0,40309.0
2016-05-18 00:00:00+00:00,19994.0,46033.0
2016-05-19 00:00:00+00:00,19769.0,44523.0
2016-05-20 00:00:00+00:00,20056.0,45177.0
2016-05-21 00:00:00+00:00,19027.0,43621.0
2016-05-22 00:00:00+00:00,16248.0,38895.0
2016-05-23 00:00:00+00:00,18526.0,43806.0
2016-05-24 00:00:00+00:00,17641.0,42911.0
2016-05-25 00:00:00+00:00,18653.0,46443.0
2016-05-26 00:00:00+00:00,24821.0,51147.0
2016-05-27 00:00:00+00:00,20485.0,49006.0
2016-05-28 00:00:00+00:00,29324.0,70148.0
2016-05-29 00:00:00+00:00,19701.0,45890.0
2016-05-30 00:00:00+00:00,18014.0,42927.0
2016-05-31 00:00:00+00:00,18729.0,44386.0
2016-06-01 00:00:00+00:00,18033.0,42221.0
2016-06-02 00:00:00+00:00,17774.0,39666.0
2016-06-03 00:00:00+00:00,17209.0,39834.0
2016-06-04 00:00:00+00:00,16879.0,37875.0
2016-06-05 00:00:00+00:00,16846.0,37896.0
2016-06-06 00:00:00+00:00,18113.0,38957.0
2016-06-07 00:00:00+00:00,21757.0,46141.0
2016-06-08 00:00:00+00:00,18505.0,40433.0
2016-06-09 00:00:00+00:00,17937.0,39854.0
2016-06-10 00:00:00+00:00,18752.0,40145.0
2016-06-11 00:00:00+00:00,15665.0,36901.0
2016-06-12 00:00:00+00:00,19526.0,42581.0
2016-06-13 00:00:00+00:00,22543.0,46185.0
2016-06-14 00:00:00+00:00,22750.0,50335.0
2016-06-15 00:00:00+00:00,19951.0,43251.0
2016-06-16 00:00:00+00:00,20507.0,43392.0
2016-06-17 00:00:00+00:00,35310.0,66558.0
2016-06-18 00:00:00+00:00,34979.0,63083.0
2016-06-19 00:00:00+00:00,24631.0,51035.0
2016-06-20 00:00:00+00:00,23734.0,47118.0
2016-06-21 00:00:00+00:00,22409.0,47323.0
2016-06-22 00:00:00+00:00,25137.0,48615.0
2016-06-23 00:00:00+00:00,20580.0,41908.0
2016-06-24 00:00:00+00:00,21462.0,45331.0
2016-06-25 00:00:00+00:00,18544.0,36684.0
2016-06-26 00:00:00+00:00,22252.0,41613.0
2016-06-27 00:00:00+00:00,19552.0,39663.0
2016-06-28 00:00:00+00:00,21499.0,43089.0
2016-06-29 00:00:00+00:00,20187.0,49897.0
2016-06-30 00:00:00+00:00,19713.0,63952.0
2016-07-01 00:00:00+00:00,20006.0,40085.0
2016-07-02 00:00:00+00:00,19728.0,39257.0
2016-07-03 00:00:00+00:00,20052.0,39757.0
2016-07-04 00:00:00+00:00,20543.0,39950.0
2016-07-05 00:00:00+00:00,20930.0,39270.0
2016-07-06 00:00:00+00:00,19880.0,37900.0
2016-07-07 00:00:00+00:00,20059.0,40433.0
2016-07-08 00:00:00+00:00,20907.0,42506.0
2016-07-09 00:00:00+00:00,21237.0,40410.0
2016-07-10 00:00:00+00:00,20305.0,39358.0
2016-07-11 00:00:00+00:00,19487.0,38582.0
2016-07-12 00:00:00+00:00,21151.0,40811.0
2016-07-13 00:00:00+00:00,18017.0,35740.0
2016-07-14 00:00:00+00:00,20859.0,42809.0
2016-07-15 00:00:00+00:00,20896.0,41110.0
2016-07-16 00:00:00+00:00,19326.0,38062.0
2016-07-17 00:00:00+00:00,16402.0,33914.0
2016-07-18 00:00:00+00:00,18988.0,39198.0
2016-07-19 00:00:00+00:00,26614.0,44184.0
2016-07-20 00:00:00+00:00,25428.0,50631.0
2016-07-21 00:00:00+00:00,22477.0,44882.0
2016-07-22 00:00:00+00:00,24563.0,48458.0
2016-07-23 00:00:00+00:00,22510.0,45006.0
2016-07-24 00:00:00+00:00,26999.0,58215.0
2016-07-25 00:00:00+00:00,25220.0,54856.0
2016-07-26 00:00:00+00:00,30114.0,61930.0
2016-07-27 00:00:00+00:00,28854.0,53035.0
2016-07-28 00:00:00+00:00,24418.0,48555.0
2016-07-29 00:00:00+00:00,23504.0,47243.0
2016-07-30 00:00:00+00:00,20537.0,42011.0
2016-07-31 00:00:00+00:00,21395.0,48749.0
2016-08-01 00:00:00+00:00,21697.0,45978.0
2016-08-02 00:00:00+00:00,20299.0,49041.0
2016-08-03 00:00:00+00:00,22724.0,49475.0
2016-08-04 00:00:00+00:00,21846.0,46761.0
2016-08-05 00:00:00+00:00,20746.0,43212.0
2016-08-06 00:00:00+00:00,19499.0,41487.0
2016-08-07 00:00:00+00:00,20085.0,42955.0
2016-08-08 00:00:00+00:00,20439.0,42984.0
2016-08-09 00:00:00+00:00,22799.0,47057.0
2016-08-10 00:00:00+00:00,21183.0,46290.0
2016-08-11 00:00:00+00:00,22502.0,48171.0
2016-08-12 00:00:00+00:00,20078.0,44400.0
2016-08-13 00:00:00+00:00,19446.0,41088.0
2016-08-14 00:00:00+00:00,19439.0,40577.0
2016-08-15 00:00:00+00:00,19883.0,42302.0
2016-08-16 00:00:00+00:00,20876.0,48949.0
2016-08-17 00:00:00+00:00,20012.0,44867.0
2016-08-18 00:00:00+00:00,19717.0,47799.0
2016-08-19 00:00:00+00:00,20028.0,42948.0
2016-08-20 00:00:00+00:00,19626.0,41318.0
2016-08-21 00:00:00+00:00,20155.0,42543.0
2016-08-22 00:00:00+00:00,19998.0,44250.0
2016-08-23 00:00:00+00:00,21902.0,48430.0
2016-08-24 00:00:00+00:00,19911.0,46821.0
2016-08-25 00:00:00+00:00,21375.0,49868.0
2016-08-26 00:00:00+00:00,19894.0,47292.0
2016-08-27 00:00:00+00:00,19759.0,47938.0
2016-08-28 00:00:00+00:00,20068.0,42607.0
2016-08-29 00:00:00+00:00,21079.0,45510.0
2016-08-30 00:00:00+00:00,20261.0,46979.0
2016-08-31 00:00:00+00:00,21843.0,45846.0
2016-09-01 00:00:00+00:00,22184.0,47491.0
2016-09-02 00:00:00+00:00,22712.0,55413.0
2016-09-03 00:00:00+00:00,20236.0,44792.0
2016-09-04 00:00:00+00:00,20979.0,48128.0
2016-09-05 00:00:00+00:00,20429.0,42667.0
2016-09-06 00:00:00+00:00,20734.0,49102.0
2016-09-07 00:00:00+00:00,19728.0,48701.0
2016-09-08 00:00:00+00:00,22666.0,55970.0
2016-09-09 00:00:00+00:00,20896.0,53918.0
2016-09-10 00:00:00+00:00,20367.0,42875.0
2016-09-11 00:00:00+00:00,20742.0,43345.0
2016-09-12 00:00:00+00:00,21974.0,45123.0
2016-09-13 00:00:00+00:00,20755.0,42591.0
2016-09-14 00:00:00+00:00,20528.0,53859.0
2016-09-15 00:00:00+00:00,21252.0,52622.0
2016-09-16 00:00:00+00:00,21568.0,57532.0
2016-09-17 00:00:00+00:00,21193.0,46882.0
2016-09-18 00:00:00+00:00,19686.0,37893.0
2016-09-19 00:00:00+00:00,20994.0,40505.0
2016-09-20 00:00:00+00:00,24631.0,54067.0
2016-09-21 00:00:00+00:00,20955.0,44549.0
2016-09-22 00:00:00+00:00,17551.0,52657.0
2016-09-23 00:00:00+00:00,18092.0,35219.0
2016-09-24 00:00:00+00:00,18565.0,43418.0
2016-09-25 00:00:00+00:00,20158.0,38713.0
2016-09-26 00:00:00+00:00,23266.0,43514.0
2016-09-27 00:00:00+00:00,17521.0,46817.0
2016-09-28 00:00:00+00:00,18839.0,42797.0
2016-09-29 00:00:00+00:00,19818.0,40416.0
2016-09-30 00:00:00+00:00,17640.0,35836.0
2016-10-01 00:00:00+00:00,22028.0,53076.0
2016-10-02 00:00:00+00:00,22758.0,51105.0
2016-10-03 00:00:00+00:00,21671.0,47672.0
2016-10-04 00:00:00+00:00,40270.0,56662.0
2016-10-05 00:00:00+00:00,17560.0,41719.0
2016-10-06 00:00:00+00:00,18040.0,36826.0
2016-10-07 00:00:00+00:00,19625.0,43708.0
2016-10-08 00:00:00+00:00,19591.0,37690.0
2016-10-09 00:00:00+00:00,20008.0,43940.0
2016-10-10 00:00:00+00:00,51780.0,44940.0
2016-10-11 00:00:00+00:00,2268294.0,41053.0
2016-10-12 00:00:00+00:00,7157228.0,30002.0
2016-10-13 00:00:00+00:00,4981603.0,32244.0
2016-10-14 00:00:00+00:00,1015290.0,42006.0
2016-10-15 00:00:00+00:00,713710.0,33662.0
2016-10-16 00:00:00+00:00,1183203.0,34990.0
2016-10-17 00:00:00+00:00,1078043.0,38136.0
2016-10-18 00:00:00+00:00,879126.0,51898.0
2016-10-19 00:00:00+00:00,14565.0,38497.0
2016-10-20 00:00:00+00:00,20948.0,43438.0
2016-10-21 00:00:00+00:00,23299.0,57780.0
2016-10-22 00:00:00+00:00,19093.0,37772.0
2016-10-23 00:00:00+00:00,17749.0,35364.0
2016-10-24 00:00:00+00:00,18902.0,52547.0
2016-10-25 00:00:00+00:00,19401.0,47610.0
2016-10-26 00:00:00+00:00,19013.0,45158.0
2016-10-27 00:00:00+00:00,18772.0,44353.0
2016-10-28 00:00:00+00:00,18838.0,41522.0
2016-10-29 00:00:00+00:00,17149.0,40011.0
2016-10-30 00:00:00+00:00,15450.0,39435.0
2016-10-31 00:00:00+00:00,19967.0,45031.0
2016-11-01 00:00:00+00:00,20645.0,49025.0
2016-11-02 00:00:00+00:00,21127.0,43519.0
2016-11-03 00:00:00+00:00,19392.0,42346.0
2016-11-04 00:00:00+00:00,13375.0,32572.0
2016-11-05 00:00:00+00:00,16488.0,37690.0
2016-11-06 00:00:00+00:00,15005.0,34391.0
2016-11-07 00:00:00+00:00,18175.0,41941.0
2016-11-08 00:00:00+00:00,16982.0,41569.0
2016-11-09 00:00:00+00:00,17488.0,40517.0
2016-11-10 00:00:00+00:00,16205.0,40164.0
2016-11-11 00:00:00+00:00,17674.0,41070.0
2016-11-12 00:00:00+00:00,16239.0,40882.0
2016-11-13 00:00:00+00:00,17673.0,43673.0
2016-11-14 00:00:00+00:00,16136.0,43876.0
2016-11-15 00:00:00+00:00,17175.0,45330.0
2016-11-16 00:00:00+00:00,16052.0,41684.0
2016-11-17 00:00:00+00:00,15955.0,40738.0
2016-11-18 00:00:00+00:00,16522.0,43785.0
2016-11-19 00:00:00+00:00,15736.0,39289.0
2016-11-20 00:00:00+00:00,16560.0,42125.0
2016-11-21 00:00:00+00:00,16573.0,42735.0
2016-11-22 00:00:00+00:00,121548.0,53585.0
2016-11-23 00:00:00+00:00,2201887.0,64289.0
2016-11-24 00:00:00+00:00,1518571.0,36861.0
2016-11-25 00:00:00+00:00,1707643.0,58075.0
2016-11-26 00:00:00+00:00,2236731.0,40804.0
2016-11-27 00:00:00+00:00,4138216.0,44449.0
2016-11-28 00:00:00+00:00,4295076.0,48388.0
2016-11-29 00:00:00+00:00,3154919.0,47036.0
2016-11-30 00:00:00+00:00,159809.0,39178.0
2016-12-01 00:00:00+00:00,14917.0,37121.0
2016-12-02 00:00:00+00:00,18020.0,41642.0
2016-12-03 00:00:00+00:00,19886.0,41357.0
2016-12-04 00:00:00+00:00,21023.0,39643.0
2016-12-05 00:00:00+00:00,20575.0,41613.0
2016-12-06 00:00:00+00:00,18629.0,48200.0
2016-12-07 00:00:00+00:00,15252.0,41757.0
2016-12-08 00:00:00+00:00,15363.0,39587.0
2016-12-09 00:00:00+00:00,16393.0,41444.0
2016-12-10 00:00:00+00:00,16651.0,40564.0
2016-12-11 00:00:00+00:00,15625.0,39164.0
2016-12-12 00:00:00+00:00,16013.0,38741.0
2016-12-13 00:00:00+00:00,14703.0,44664.0
2016-12-14 00:00:00+00:00,16620.0,47294.0
2016-12-15 00:00:00+00:00,17580.0,46102.0
2016-12-16 00:00:00+00:00,16335.0,43953.0
2016-12-17 00:00:00+00:00,15730.0,39442.0
2016-12-18 00:00:00+00:00,13717.0,36640.0
2016-12-19 00:00:00+00:00,17182.0,45599.0
2016-12-20 00:00:00+00:00,16898.0,44241.0
2016-12-21 00:00:00+00:00,16045.0,50793.0
2016-12-22 00:00:00+00:00,23152.0,55173.0
2016-12-23 00:00:00+00:00,17335.0,44391.0
2016-12-24 00:00:00+00:00,15279.0,37757.0
2016-12-25 00:00:00+00:00,13822.0,36601.0
2016-12-26 00:00:00+00:00,13945.0,34565.0
2016-12-27 00:00:00+00:00,14690.0,42370.0
2016-12-28 00:00:00+00:00,15321.0,43386.0
2016-12-29 00:00:00+00:00,15585.0,46546.0
2016-12-30 00:00:00+00:00,15825.0,44561.0
2016-12-31 00:00:00+00:00,15928.0,41220.0
2017-01-01 00:00:00+00:00,13946.0,38730.0
2017-01-02 00:00:00+00:00,15232.0,39652.0
2017-01-03 00:00:00+00:00,14868.0,45883.0
2017-01-04 00:00:00+00:00,18066.0,50673.0
2017-01-05 00:00:00+00:00,18850.0,49596.0
2017-01-06 00:00:00+00:00,17287.0,43804.0
2017-01-07 00:00:00+00:00,16709.0,43622.0
2017-01-08 00:00:00+00:00,15727.0,42727.0
2017-01-09 00:00:00+00:00,17353.0,46188.0
2017-01-10 00:00:00+00:00,16350.0,48179.0
2017-01-11 00:00:00+00:00,16407.0,45221.0
2017-01-12 00:00:00+00:00,18118.0,50589.0
2017-01-13 00:00:00+00:00,17532.0,50833.0
2017-01-14 00:00:00+00:00,16539.0,42044.0
2017-01-15 00:00:00+00:00,16277.0,41748.0
2017-01-16 00:00:00+00:00,16857.0,45375.0
2017-01-17 00:00:00+00:00,17779.0,46671.0
2017-01-18 00:00:00+00:00,16719.0,44994.0
2017-01-19 00:00:00+00:00,16434.0,43628.0
2017-01-20 00:00:00+00:00,18418.0,45775.0
2017-01-21 00:00:00+00:00,16291.0,43302.0
2017-01-22 00:00:00+00:00,16436.0,47432.0
2017-01-23 00:00:00+00:00,16840.0,46076.0
2017-01-24 00:00:00+00:00,17693.0,50414.0
2017-01-25 00:00:00+00:00,16459.0,46256.0
2017-01-26 00:00:00+00:00,16994.0,46856.0
2017-01-27 00:00:00+00:00,16409.0,46680.0
2017-01-28 00:00:00+00:00,16621.0,45189.0
2017-01-29 00:00:00+00:00,15710.0,42509.0
2017-01-30 00:00:00+00:00,17322.0,45369.0
2017-01-31 00:00:00+00:00,15900.0,43649.0
2017-02-01 00:00:00+00:00,16645.0,44541.0
2017-02-02 00:00:00+00:00,16639.0,43709.0
2017-02-03 00:00:00+00:00,16220.0,42778.0
2017-02-04 00:00:00+00:00,17283.0,45410.0
2017-02-05 00:00:00+00:00,17145.0,46542.0
2017-02-06 00:00:00+00:00,16440.0,47306.0
2017-02-07 00:00:00+00:00,16941.0,51866.0
2017-02-08 00:00:00+00:00,17666.0,51089.0
2017-02-09 00:00:00+00:00,17228.0,47873.0
2017-02-10 00:00:00+00:00,17116.0,52222.0
2017-02-11 00:00:00+00:00,16194.0,46560.0
2017-02-12 00:00:00+00:00,17549.0,45319.0
2017-02-13 00:00:00+00:00,18652.0,55990.0
2017-02-14 00:00:00+00:00,19469.0,58298.0
2017-02-15 00:00:00+00:00,19536.0,55320.0
2017-02-16 00:00:00+00:00,18484.0,49674.0
2017-02-17 00:00:00+00:00,18335.0,49406.0
2017-02-18 00:00:00+00:00,18471.0,49398.0
2017-02-19 00:00:00+00:00,17465.0,48227.0
2017-02-20 00:00:00+00:00,18807.0,50152.0
2017-02-21 00:00:00+00:00,19273.0,58434.0
2017-02-22 00:00:00+00:00,18605.0,50372.0
2017-02-23 00:00:00+00:00,18090.0,47601.0
2017-02-24 00:00:00+00:00,19912.0,54081.0
2017-02-25 00:00:00+00:00,18853.0,53245.0
2017-02-26 00:00:00+00:00,18893.0,51716.0
2017-02-27 00:00:00+00:00,20317.0,52642.0
2017-02-28 00:00:00+00:00,23302.0,60277.0
2017-03-01 00:00:00+00:00,25905.0,59774.0
2017-03-02 00:00:00+00:00,32103.0,70779.0
2017-03-03 00:00:00+00:00,27002.0,64294.0
2017-03-04 00:00:00+00:00,23685.0,58756.0
2017-03-05 00:00:00+00:00,23431.0,57031.0
2017-03-06 00:00:00+00:00,23416.0,57020.0
2017-03-07 00:00:00+00:00,21977.0,62589.0
2017-03-08 00:00:00+00:00,22169.0,55386.0
2017-03-09 00:00:00+00:00,25523.0,64266.0
2017-03-10 00:00:00+00:00,25460.0,65132.0
2017-03-11 00:00:00+00:00,24761.0,64803.0
2017-03-12 00:00:00+00:00,26504.0,66646.0
2017-03-13 00:00:00+00:00,34982.0,81718.0
2017-03-14 00:00:00+00:00,31196.0,77155.0
2017-03-15 00:00:00+00:00,32623.0,81205.0
2017-03-16 00:00:00+00:00,45633.0,109950.0
2017-03-17 00:00:00+00:00,43985.0,106635.0
2017-03-18 00:00:00+00:00,36446.0,89920.0
2017-03-19 00:00:00+00:00,31968.0,84599.0
2017-03-20 00:00:00+00:00,32701.0,80264.0
2017-03-21 00:00:00+00:00,33443.0,84298.0
2017-03-22 00:00:00+00:00,31097.0,78821.0
2017-03-23 00:00:00+00:00,30922.0,82434.0
2017-03-24 00:00:00+00:00,37091.0,87775.0
2017-03-25 00:00:00+00:00,34083.0,84394.0
2017-03-26 00:00:00+00:00,30560.0,79534.0
2017-03-27 00:00:00+00:00,36649.0,94570.0
2017-03-28 00:00:00+00:00,33145.0,84348.0
2017-03-29 00:00:00+00:00,33690.0,93064.0
2017-03-30 00:00:00+00:00,39494.0,96209.0
2017-03-31 00:00:00+00:00,45702.0,103102.0
2017-04-01 00:00:00+00:00,32819.0,80572.0
2017-04-02 00:00:00+00:00,36178.0,88948.0
2017-04-03 00:00:00+00:00,43803.0,100221.0
2017-04-04 00:00:00+00:00,36556.0,86279.0
2017-04-05 00:00:00+00:00,37087.0,87411.0
2017-04-06 00:00:00+00:00,41331.0,95177.0
2017-04-07 00:00:00+00:00,33358.0,92846.0
2017-04-08 00:00:00+00:00,30344.0,72144.0
2017-04-09 00:00:00+00:00,29946.0,74557.0
2017-04-10 00:00:00+00:00,32259.0,75487.0
2017-04-11 00:00:00+00:00,31056.0,75891.0
2017-04-12 00:00:00+00:00,35689.0,80347.0
2017-04-13 00:00:00+00:00,34575.0,84124.0
2017-04-14 00:00:00+00:00,33338.0,81155.0
2017-04-15 00:00:00+00:00,31420.0,74820.0
2017-04-16 00:00:00+00:00,28167.0,70634.0
2017-04-17 00:00:00+00:00,30233.0,72546.0
2017-04-18 00:00:00+00:00,34926.0,83303.0
2017-04-19 00:00:00+00:00,35182.0,85734.0
2017-04-20 00:00:00+00:00,37459.0,85450.0
2017-04-21 00:00:00+00:00,36875.0,81278.0
2017-04-22 00:00:00+00:00,32677.0,73539.0
2017-04-23 00:00:00+00:00,31519.0,77073.0
2017-04-24 00:00:00+00:00,37171.0,80531.0
2017-04-25 00:00:00+00:00,35038.0,93033.0
2017-04-26 00:00:00+00:00,43652.0,89642.0
2017-04-27 00:00:00+00:00,50941.0,104494.0
2017-04-28 00:00:00+00:00,43952.0,106193.0
2017-04-29 00:00:00+00:00,40604.0,91335.0
2017-04-30 00:00:00+00:00,43238.0,95202.0
2017-05-01 00:00:00+00:00,50352.0,112202.0
2017-05-02 00:00:00+00:00,48989.0,110354.0
2017-05-03 00:00:00+00:00,42085.0,97334.0
2017-05-04 00:00:00+00:00,53852.0,114877.0
2017-05-05 00:00:00+00:00,51379.0,108514.0
2017-05-06 00:00:00+00:00,46305.0,95014.0
2017-05-07 00:00:00+00:00,53043.0,106631.0
2017-05-08 00:00:00+00:00,58390.0,117509.0
2017-05-09 00:00:00+00:00,57329.0,112933.0
2017-05-10 00:00:00+00:00,57321.0,109673.0
2017-05-11 00:00:00+00:00,58056.0,117189.0
2017-05-12 00:00:00+00:00,52550.0,107241.0
2017-05-13 00:00:00+00:00,48670.0,101332.0
2017-05-14 00:00:00+00:00,50833.0,101348.0
2017-05-15 00:00:00+00:00,61036.0,122792.0
2017-05-16 00:00:00+00:00,61723.0,116341.0
2017-05-17 00:00:00+00:00,68437.0,140135.0
2017-05-18 00:00:00+00:00,68814.0,137409.0
2017-05-19 00:00:00+00:00,84077.0,161568.0
2017-05-20 00:00:00+00:00,69003.0,130912.0
2017-05-21 00:00:00+00:00,73366.0,149699.0
2017-05-22 00:00:00+00:00,89303.0,176255.0
2017-05-23 00:00:00+00:00,101993.0,187121.0
2017-05-24 00:00:00+00:00,102757.0,187293.0
2017-05-25 00:00:00+00:00,97544.0,183010.0
2017-05-26 00:00:00+00:00,91512.0,169818.0
2017-05-27 00:00:00+00:00,79409.0,149450.0
2017-05-28 00:00:00+00:00,80003.0,155271.0
2017-05-29 00:00:00+00:00,85386.0,158547.0
2017-05-30 00:00:00+00:00,108206.0,193618.0
2017-05-31 00:00:00+00:00,117434.0,214126.0
2017-06-01 00:00:00+00:00,110181.0,199160.0
2017-06-02 00:00:00+00:00,102330.0,194911.0
2017-06-03 00:00:00+00:00,92861.0,175666.0
2017-06-04 00:00:00+00:00,97988.0,180136.0
2017-06-05 00:00:00+00:00,103393.0,190305.0
2017-06-06 00:00:00+00:00,109053.0,200523.0
2017-06-07 00:00:00+00:00,110230.0,207180.0
2017-06-08 00:00:00+00:00,101337.0,187700.0
2017-06-09 00:00:00+00:00,112166.0,215831.0
2017-06-10 00:00:00+00:00,115271.0,213356.0
2017-06-11 00:00:00+00:00,135899.0,240490.0
2017-06-12 00:00:00+00:00,158263.0,292941.0
2017-06-13 00:00:00+00:00,154634.0,280054.0
2017-06-14 00:00:00+00:00,139341.0,250410.0
2017-06-15 00:00:00+00:00,142301.0,261617.0
2017-06-16 00:00:00+00:00,129910.0,248003.0
2017-06-17 00:00:00+00:00,127728.0,242022.0
2017-06-18 00:00:00+00:00,133592.0,245957.0
2017-06-19 00:00:00+00:00,152181.0,286209.0
2017-06-20 00:00:00+00:00,159337.0,308488.0
2017-06-21 00:00:00+00:00,133149.0,221289.0
2017-06-22 00:00:00+00:00,168978.0,284225.0
2017-06-23 00:00:00+00:00,158543.0,276012.0
2017-06-24 00:00:00+00:00,146929.0,250570.0
2017-06-25 00:00:00+00:00,138239.0,231135.0
2017-06-26 00:00:00+00:00,175036.0,316788.0
2017-06-27 00:00:00+00:00,142785.0,252995.0
2017-06-28 00:00:00+00:00,150010.0,274241.0
2017-06-29 00:00:00+00:00,144689.0,263791.0
2017-06-30 00:00:00+00:00,145470.0,252652.0
2017-07-01 00:00:00+00:00,130618.0,240465.0
2017-07-02 00:00:00+00:00,128992.0,248617.0
2017-07-03 00:00:00+00:00,159480.0,302032.0
2017-07-04 00:00:00+00:00,151480.0,281465.0
2017-07-05 00:00:00+00:00,142843.0,271606.0
2017-07-06 00:00:00+00:00,133953.0,258791.0
2017-07-07 00:00:00+00:00,154707.0,295389.0
2017-07-08 00:00:00+00:00,132014.0,248142.0
2017-07-09 00:00:00+00:00,120184.0,225189.0
2017-07-10 00:00:00+00:00,144224.0,302633.0
2017-07-11 00:00:00+00:00,147519.0,291677.0
2017-07-12 00:00:00+00:00,143779.0,283828.0
2017-07-13 00:00:00+00:00,141249.0,260745.0
2017-07-14 00:00:00+00:00,127907.0,249381.0
2017-07-15 00:00:00+00:00,116743.0,231961.0
2017-07-16 00:00:00+00:00,124854.0,249138.0
2017-07-17 00:00:00+00:00,132893.0,248473.0
2017-07-18 00:00:00+00:00,147492.0,271055.0
2017-07-19 00:00:00+00:00,138440.0,270122.0
2017-07-20 00:00:00+00:00,138729.0,250065.0
2017-07-21 00:00:00+00:00,130431.0,232560.0
2017-07-22 00:00:00+00:00,108987.0,205574.0
2017-07-23 00:00:00+00:00,145759.0,260490.0
2017-07-24 00:00:00+00:00,130068.0,263095.0
2017-07-25 00:00:00+00:00,130009.0,242956.0
2017-07-26 00:00:00+00:00,119762.0,223010.0
2017-07-27 00:00:00+00:00,120388.0,225435.0
2017-07-28 00:00:00+00:00,122826.0,246494.0
2017-07-29 00:00:00+00:00,104002.0,198773.0
2017-07-30 00:00:00+00:00,120731.0,206624.0
2017-07-31 00:00:00+00:00,147248.0,250090.0
2017-08-01 00:00:00+00:00,124859.0,218582.0
2017-08-02 00:00:00+00:00,126128.0,231068.0
2017-08-03 00:00:00+00:00,132391.0,236335.0
2017-08-04 00:00:00+00:00,135064.0,257160.0
2017-08-05 00:00:00+00:00,134502.0,261400.0
2017-08-06 00:00:00+00:00,135792.0,265127.0
2017-08-07 00:00:00+00:00,152806.0,281172.0
2017-08-08 00:00:00+00:00,169229.0,318866.0
2017-08-09 00:00:00+00:00,160410.0,280308.0
2017-08-10 00:00:00+00:00,169210.0,338241.0
2017-08-11 00:00:00+00:00,170497.0,356682.0
2017-08-12 00:00:00+00:00,167082.0,338654.0
2017-08-13 00:00:00+00:00,166131.0,333011.0
2017-08-14 00:00:00+00:00,209225.0,410061.0
2017-08-15 00:00:00+00:00,213108.0,413246.0
2017-08-16 00:00:00+00:00,188623.0,413624.0
2017-08-17 00:00:00+00:00,196255.0,428007.0
2017-08-18 00:00:00+00:00,206639.0,443356.0
2017-08-19 00:00:00+00:00,192634.0,377418.0
2017-08-20 00:00:00+00:00,171234.0,309926.0
2017-08-21 00:00:00+00:00,192142.0,392880.0
2017-08-22 00:00:00+00:00,180890.0,364727.0
2017-08-23 00:00:00+00:00,200456.0,374711.0
2017-08-24 00:00:00+00:00,168031.0,352465.0
2017-08-25 00:00:00+00:00,175112.0,352621.0
2017-08-26 00:00:00+00:00,144211.0,306268.0
2017-08-27 00:00:00+00:00,151002.0,324173.0
2017-08-28 00:00:00+00:00,176815.0,363799.0
2017-08-29 00:00:00+00:00,188218.0,394649.0
2017-08-30 00:00:00+00:00,199429.0,400220.0
2017-08-31 00:00:00+00:00,201738.0,384421.0
2017-09-01 00:00:00+00:00,194535.0,390997.0
2017-09-02 00:00:00+00:00,170203.0,331797.0
2017-09-03 00:00:00+00:00,155252.0,302525.0
2017-09-04 00:00:00+00:00,217222.0,442592.0
2017-09-05 00:00:00+00:00,209290.0,444572.0
2017-09-06 00:00:00+00:00,219517.0,496376.0
2017-09-07 00:00:00+00:00,203211.0,448347.0
2017-09-08 00:00:00+00:00,212715.0,463670.0
2017-09-09 00:00:00+00:00,187363.0,383654.0
2017-09-10 00:00:00+00:00,168148.0,325128.0
2017-09-11 00:00:00+00:00,192744.0,365384.0
2017-09-12 00:00:00+00:00,206092.0,404898.0
2017-09-13 00:00:00+00:00,184759.0,365679.0
2017-09-14 00:00:00+00:00,201842.0,380251.0
2017-09-15 00:00:00+00:00,211723.0,441767.0
2017-09-16 00:00:00+00:00,172971.0,373764.0
2017-09-17 00:00:00+00:00,151929.0,289517.0
2017-09-18 00:00:00+00:00,191107.0,362764.0
2017-09-19 00:00:00+00:00,174538.0,337752.0
2017-09-20 00:00:00+00:00,182509.0,324984.0
2017-09-21 00:00:00+00:00,174750.0,317074.0
2017-09-22 00:00:00+00:00,131621.0,271470.0
2017-09-23 00:00:00+00:00,131179.0,260107.0
2017-09-24 00:00:00+00:00,132444.0,280929.0
2017-09-25 00:00:00+00:00,147862.0,306614.0
2017-09-26 00:00:00+00:00,159185.0,306075.0
2017-09-27 00:00:00+00:00,161803.0,309047.0
2017-09-28 00:00:00+00:00,166745.0,329208.0
2017-09-29 00:00:00+00:00,166723.0,326502.0
2017-09-30 00:00:00+00:00,150248.0,295798.0
2017-10-01 00:00:00+00:00,133565.0,283871.0
2017-10-02 00:00:00+00:00,153749.0,306095.0
2017-10-03 00:00:00+00:00,156587.0,327906.0
2017-10-04 00:00:00+00:00,144259.0,307399.0
2017-10-05 00:00:00+00:00,139560.0,314808.0
2017-10-06 00:00:00+00:00,141273.0,319882.0
2017-10-07 00:00:00+00:00,134989.0,291091.0
2017-10-08 00:00:00+00:00,141322.0,296829.0
2017-10-09 00:00:00+00:00,153436.0,328172.0
2017-10-10 00:00:00+00:00,159757.0,349605.0
2017-10-11 00:00:00+00:00,164924.0,344305.0
2017-10-12 00:00:00+00:00,163736.0,363411.0
2017-10-13 00:00:00+00:00,176192.0,379136.0
2017-10-14 00:00:00+00:00,153996.0,332169.0
2017-10-15 00:00:00+00:00,154242.0,328921.0
2017-10-16 00:00:00+00:00,166773.0,408297.0
2017-10-17 00:00:00+00:00,207471.0,505611.0
2017-10-18 00:00:00+00:00,179137.0,470449.0
2017-10-19 00:00:00+00:00,183418.0,494184.0
2017-10-20 00:00:00+00:00,198225.0,546837.0
2017-10-21 00:00:00+00:00,173297.0,462902.0
2017-10-22 00:00:00+00:00,207996.0,435493.0
2017-10-23 00:00:00+00:00,197761.0,468168.0
2017-10-24 00:00:00+00:00,214936.0,492288.0
2017-10-25 00:00:00+00:00,192161.0,460419.0
2017-10-26 00:00:00+00:00,197162.0,466406.0
2017-10-27 00:00:00+00:00,178047.0,486147.0
2017-10-28 00:00:00+00:00,154861.0,484554.0
2017-10-29 00:00:00+00:00,161233.0,494176.0
2017-10-30 00:00:00+00:00,178292.0,532626.0
2017-10-31 00:00:00+00:00,214027.0,519906.0
2017-11-01 00:00:00+00:00,232914.0,527783.0
2017-11-02 00:00:00+00:00,250046.0,529277.0
2017-11-03 00:00:00+00:00,211882.0,485790.0
2017-11-04 00:00:00+00:00,174924.0,398758.0
2017-11-05 00:00:00+00:00,168183.0,417102.0
2017-11-06 00:00:00+00:00,195513.0,511663.0
2017-11-07 00:00:00+00:00,187168.0,470418.0
2017-11-08 00:00:00+00:00,215842.0,480413.0
2017-11-09 00:00:00+00:00,243554.0,467172.0
2017-11-10 00:00:00+00:00,233966.0,457427.0
2017-11-11 00:00:00+00:00,194696.0,394378.0
2017-11-12 00:00:00+00:00,213315.0,434380.0
2017-11-13 00:00:00+00:00,214384.0,443176.0
2017-11-14 00:00:00+00:00,226170.0,475984.0
2017-11-15 00:00:00+00:00,258219.0,540593.0
2017-11-16 00:00:00+00:00,242563.0,491482.0
2017-11-17 00:00:00+00:00,255402.0,508590.0
2017-11-18 00:00:00+00:00,206670.0,459679.0
2017-11-19 00:00:00+00:00,207546.0,464563.0
2017-11-20 00:00:00+00:00,234513.0,530141.0
2017-11-21 00:00:00+00:00,237062.0,524044.0
2017-11-22 00:00:00+00:00,242021.0,546489.0
2017-11-23 00:00:00+00:00,250344.0,537068.0
2017-11-24 00:00:00+00:00,242143.0,525529.0
2017-11-25 00:00:00+00:00,236910.0,561166.0
2017-11-26 00:00:00+00:00,252960.0,542484.0
2017-11-27 00:00:00+00:00,277958.0,608695.0
2017-11-28 00:00:00+00:00,309063.0,638989.0
2017-11-29 00:00:00+00:00,315598.0,663579.0
2017-11-30 00:00:00+00:00,299340.0,655457.0
2017-12-01 00:00:00+00:00,290214.0,622720.0
2017-12-02 00:00:00+00:00,284287.0,627785.0
2017-12-03 00:00:00+00:00,304550.0,693808.0
2017-12-04 00:00:00+00:00,289747.0,701834.0
2017-12-05 00:00:00+00:00,303039.0,693090.0
2017-12-06 00:00:00+00:00,394106.0,791746.0
2017-12-07 00:00:00+00:00,330894.0,659068.0
2017-12-08 00:00:00+00:00,361582.0,766411.0
2017-12-09 00:00:00+00:00,330732.0,707223.0
2017-12-10 00:00:00+00:00,335622.0,716575.0
2017-12-11 00:00:00+00:00,394749.0,828899.0
2017-12-12 00:00:00+00:00,422384.0,872340.0
2017-12-13 00:00:00+00:00,458001.0,909631.0
2017-12-14 00:00:00+00:00,489334.0,942559.0
2017-12-15 00:00:00+00:00,452357.0,904346.0
2017-12-16 00:00:00+00:00,426989.0,899857.0
2017-12-17 00:00:00+00:00,446682.0,876574.0
2017-12-18 00:00:00+00:00,518226.0,984021.0
2017-12-19 00:00:00+00:00,524427.0,1092234.0
2017-12-20 00:00:00+00:00,518097.0,986104.0
2017-12-21 00:00:00+00:00,558243.0,1072665.0
2017-12-22 00:00:00+00:00,597846.0,1103523.0
2017-12-23 00:00:00+00:00,490621.0,918881.0
2017-12-24 00:00:00+00:00,415698.0,758234.0
2017-12-25 00:00:00+00:00,423259.0,752361.0
2017-12-26 00:00:00+00:00,465903.0,813510.0
2017-12-27 00:00:00+00:00,473086.0,912752.0
2017-12-28 00:00:00+00:00,493568.0,949503.0
2017-12-29 00:00:00+00:00,580463.0,1090191.0
2017-12-30 00:00:00+00:00,611071.0,1136659.0
2017-12-31 00:00:00+00:00,492424.0,946981.0
2018-01-01 00:00:00+00:00,520683.0,908945.0
2018-01-02 00:00:00+00:00,619409.0,1153936.0
2018-01-03 00:00:00+00:00,648959.0,1238030.0
2018-01-04 00:00:00+00:00,716438.0,1349890.0
2018-01-05 00:00:00+00:00,703108.0,1271577.0
2018-01-06 00:00:00+00:00,669883.0,1226417.0
2018-01-07 00:00:00+00:00,614040.0,1152722.0
2018-01-08 00:00:00+00:00,661636.0,1215473.0
2018-01-09 00:00:00+00:00,715228.0,1256240.0
2018-01-10 00:00:00+00:00,671853.0,1177685.0
2018-01-11 00:00:00+00:00,668789.0,1173965.0
2018-01-12 00:00:00+00:00,617412.0,1118757.0
2018-01-13 00:00:00+00:00,654142.0,1179321.0
2018-01-14 00:00:00+00:00,614264.0,1081593.0
2018-01-15 00:00:00+00:00,714821.0,1206420.0
2018-01-16 00:00:00+00:00,735111.0,1277936.0
2018-01-17 00:00:00+00:00,718205.0,1277083.0
2018-01-18 00:00:00+00:00,681654.0,1205184.0
2018-01-19 00:00:00+00:00,543995.0,1043257.0
2018-01-20 00:00:00+00:00,470143.0,984489.0
2018-01-21 00:00:00+00:00,612388.0,1006530.0
2018-01-22 00:00:00+00:00,547707.0,972911.0
2018-01-23 00:00:00+00:00,527571.0,928494.0
2018-01-24 00:00:00+00:00,510896.0,913668.0
2018-01-25 00:00:00+00:00,410985.0,788515.0
2018-01-26 00:00:00+00:00,480908.0,953429.0
2018-01-27 00:00:00+00:00,424637.0,831992.0
2018-01-28 00:00:00+00:00,448123.0,889104.0
2018-01-29 00:00:00+00:00,479352.0,936845.0
2018-01-30 00:00:00+00:00,466227.0,906578.0
2018-01-31 00:00:00+00:00,461713.0,877284.0
2018-02-01 00:00:00+00:00,501671.0,1008759.0
2018-02-02 00:00:00+00:00,499746.0,981133.0
2018-02-03 00:00:00+00:00,433090.0,814486.0
2018-02-04 00:00:00+00:00,425727.0,800876.0
2018-02-05 00:00:00+00:00,457677.0,875761.0
2018-02-06 00:00:00+00:00,452196.0,888219.0
2018-02-07 00:00:00+00:00,418269.0,818625.0
2018-02-08 00:00:00+00:00,353159.0,681344.0
2018-02-09 00:00:00+00:00,399711.0,789807.0
2018-02-10 00:00:00+00:00,420048.0,848390.0
2018-02-11 00:00:00+00:00,382341.0,773496.0
2018-02-12 00:00:00+00:00,421764.0,829020.0
2018-02-13 00:00:00+00:00,365156.0,745822.0
2018-02-14 00:00:00+00:00,387178.0,746384.0
2018-02-15 00:00:00+00:00,400782.0,777318.0
2018-02-16 00:00:00+00:00,346010.0,704758.0
2018-02-17 00:00:00+00:00,349625.0,772079.0
2018-02-18 00:00:00+00:00,343310.0,756092.0
2018-02-19 00:00:00+00:00,392016.0,811384.0
2018-02-20 00:00:00+00:00,392070.0,886897.0
2018-02-21 00:00:00+00:00,363398.0,850504.0
2018-02-22 00:00:00+00:00,343322.0,761893.0
2018-02-23 00:00:00+00:00,329223.0,733084.0
2018-02-24 00:00:00+00:00,293520.0,732861.0
2018-02-25 00:00:00+00:00,294581.0,690582.0
2018-02-26 00:00:00+00:00,368611.0,737453.0
2018-02-27 00:00:00+00:00,355055.0,694583.0
2018-02-28 00:00:00+00:00,373014.0,720368.0
2018-03-01 00:00:00+00:00,342494.0,684404.0
2018-03-02 00:00:00+00:00,355811.0,744666.0
2018-03-03 00:00:00+00:00,309915.0,673465.0
2018-03-04 00:00:00+00:00,287392.0,643241.0
2018-03-05 00:00:00+00:00,358287.0,752756.0
2018-03-06 00:00:00+00:00,364952.0,712591.0
2018-03-07 00:00:00+00:00,467576.0,783757.0
2018-03-08 00:00:00+00:00,347207.0,690139.0
2018-03-09 00:00:00+00:00,335308.0,650058.0
2018-03-10 00:00:00+00:00,318074.0,591377.0
2018-03-11 00:00:00+00:00,288838.0,608899.0
2018-03-12 00:00:00+00:00,322689.0,677908.0
2018-03-13 00:00:00+00:00,333398.0,699093.0
2018-03-14 00:00:00+00:00,359709.0,671198.0
2018-03-15 00:00:00+00:00,339262.0,654531.0
2018-03-16 00:00:00+00:00,313390.0,654584.0
2018-03-17 00:00:00+00:00,279550.0,593203.0
2018-03-18 00:00:00+00:00,318550.0,684094.0
2018-03-19 00:00:00+00:00,356019.0,703891.0
2018-03-20 00:00:00+00:00,329322.0,661791.0
2018-03-21 00:00:00+00:00,352609.0,697872.0
2018-03-22 00:00:00+00:00,345780.0,619453.0
2018-03-23 00:00:00+00:00,401205.0,677103.0
2018-03-24 00:00:00+00:00,354616.0,613203.0
2018-03-25 00:00:00+00:00,266883.0,526372.0
2018-03-26 00:00:00+00:00,318207.0,626615.0
2018-03-27 00:00:00+00:00,292427.0,584055.0
2018-03-28 00:00:00+00:00,272121.0,579858.0
2018-03-29 00:00:00+00:00,293419.0,583673.0
2018-03-30 00:00:00+00:00,316912.0,633616.0
2018-03-31 00:00:00+00:00,273912.0,584396.0
2018-04-01 00:00:00+00:00,273312.0,545141.0
2018-04-02 00:00:00+00:00,306197.0,598505.0
2018-04-03 00:00:00+00:00,327729.0,645977.0
2018-04-04 00:00:00+00:00,330922.0,628441.0
2018-04-05 00:00:00+00:00,372734.0,695871.0
2018-04-06 00:00:00+00:00,350661.0,647981.0
2018-04-07 00:00:00+00:00,293326.0,535865.0
2018-04-08 00:00:00+00:00,309376.0,595733.0
2018-04-09 00:00:00+00:00,319374.0,609799.0
2018-04-10 00:00:00+00:00,339055.0,571388.0
2018-04-11 00:00:00+00:00,371762.0,609102.0
2018-04-12 00:00:00+00:00,353014.0,692606.0
2018-04-13 00:00:00+00:00,374208.0,730344.0
2018-04-14 00:00:00+00:00,301862.0,611188.0
2018-04-15 00:00:00+00:00,302284.0,619985.0
2018-04-16 00:00:00+00:00,334786.0,664402.0
2018-04-17 00:00:00+00:00,339274.0,742823.0
2018-04-18 00:00:00+00:00,339669.0,703293.0
2018-04-19 00:00:00+00:00,360686.0,814318.0
2018-04-20 00:00:00+00:00,369410.0,832220.0
2018-04-21 00:00:00+00:00,411088.0,746104.0
2018-04-22 00:00:00+00:00,414637.0,748858.0
2018-04-23 00:00:00+00:00,428031.0,802870.0
2018-04-24 00:00:00+00:00,417221.0,816357.0
2018-04-25 00:00:00+00:00,365985.0,799014.0
2018-04-26 00:00:00+00:00,358539.0,793873.0
2018-04-27 00:00:00+00:00,346176.0,764479.0
2018-04-28 00:00:00+00:00,341856.0,775321.0
2018-04-29 00:00:00+00:00,318879.0,756651.0
2018-04-30 00:00:00+00:00,361168.0,778133.0
2018-05-01 00:00:00+00:00,328660.0,713839.0
2018-05-02 00:00:00+00:00,363346.0,787722.0
2018-05-03 00:00:00+00:00,394992.0,839586.0
2018-05-04 00:00:00+00:00,644295.0,1000526.0
2018-05-05 00:00:00+00:00,396427.0,789261.0
2018-05-06 00:00:00+00:00,389642.0,691273.0
2018-05-07 00:00:00+00:00,419460.0,789863.0
2018-05-08 00:00:00+00:00,410500.0,820098.0
2018-05-09 00:00:00+00:00,390605.0,831127.0
2018-05-10 00:00:00+00:00,390235.0,854827.0
2018-05-11 00:00:00+00:00,392464.0,826099.0
2018-05-12 00:00:00+00:00,383918.0,788487.0
2018-05-13 00:00:00+00:00,359287.0,762439.0
2018-05-14 00:00:00+00:00,398274.0,801788.0
2018-05-15 00:00:00+00:00,400914.0,779210.0
2018-05-16 00:00:00+00:00,414046.0,807257.0
2018-05-17 00:00:00+00:00,412529.0,835761.0
2018-05-18 00:00:00+00:00,419826.0,831831.0
2018-05-19 00:00:00+00:00,424160.0,846288.0
2018-05-20 00:00:00+00:00,389190.0,777283.0
2018-05-21 00:00:00+00:00,397743.0,802211.0
2018-05-22 00:00:00+00:00,422824.0,822409.0
2018-05-23 00:00:00+00:00,410012.0,833377.0
2018-05-24 00:00:00+00:00,418876.0,811167.0
2018-05-25 00:00:00+00:00,394287.0,800838.0
2018-05-26 00:00:00+00:00,375954.0,761932.0
2018-05-27 00:00:00+00:00,403522.0,776024.0
2018-05-28 00:00:00+00:00,445032.0,861002.0
2018-05-29 00:00:00+00:00,409323.0,812183.0
2018-05-30 00:00:00+00:00,413796.0,817167.0
2018-05-31 00:00:00+00:00,416236.0,832842.0
2018-06-01 00:00:00+00:00,371923.0,758242.0
2018-06-02 00:00:00+00:00,404528.0,768017.0
2018-06-03 00:00:00+00:00,415409.0,809997.0
2018-06-04 00:00:00+00:00,397194.0,807165.0
2018-06-05 00:00:00+00:00,380350.0,780654.0
2018-06-06 00:00:00+00:00,374278.0,754070.0
2018-06-07 00:00:00+00:00,403581.0,775828.0
2018-06-08 00:00:00+00:00,364344.0,720017.0
2018-06-09 00:00:00+00:00,388714.0,769427.0
2018-06-10 00:00:00+00:00,406267.0,771280.0
2018-06-11 00:00:00+00:00,403546.0,768985.0
2018-06-12 00:00:00+00:00,355775.0,770199.0
2018-06-13 00:00:00+00:00,385073.0,797637.0
2018-06-14 00:00:00+00:00,372165.0,765916.0
2018-06-15 00:00:00+00:00,385201.0,763803.0
2018-06-16 00:00:00+00:00,310364.0,639775.0
2018-06-17 00:00:00+00:00,321511.0,648548.0
2018-06-18 00:00:00+00:00,344436.0,695753.0
2018-06-19 00:00:00+00:00,375907.0,778765.0
2018-06-20 00:00:00+00:00,388423.0,803076.0
2018-06-21 00:00:00+00:00,384776.0,752035.0
2018-06-22 00:00:00+00:00,383910.0,770457.0
2018-06-23 00:00:00+00:00,340250.0,675918.0
2018-06-24 00:00:00+00:00,359869.0,671994.0
2018-06-25 00:00:00+00:00,492435.0,837265.0
2018-06-26 00:00:00+00:00,372838.0,732170.0
2018-06-27 00:00:00+00:00,382764.0,771938.0
2018-06-28 00:00:00+00:00,393195.0,744784.0
2018-06-29 00:00:00+00:00,379509.0,735092.0
2018-06-30 00:00:00+00:00,261580.0,632981.0
2018-07-01 00:00:00+00:00,197829.0,622633.0
2018-07-02 00:00:00+00:00,235721.0,489559.0
2018-07-03 00:00:00+00:00,232199.0,573532.0
2018-07-04 00:00:00+00:00,230552.0,447112.0
2018-07-05 00:00:00+00:00,253141.0,527586.0
2018-07-06 00:00:00+00:00,219912.0,459075.0
2018-07-07 00:00:00+00:00,217148.0,484105.0
2018-07-08 00:00:00+00:00,272797.0,631505.0
2018-07-09 00:00:00+00:00,290889.0,651926.0
2018-07-10 00:00:00+00:00,294141.0,691771.0
2018-07-11 00:00:00+00:00,271336.0,643920.0
2018-07-12 00:00:00+00:00,257081.0,566058.0
2018-07-13 00:00:00+00:00,239602.0,563317.0
2018-07-14 00:00:00+00:00,229822.0,508951.0
2018-07-15 00:00:00+00:00,231420.0,453706.0
2018-07-16 00:00:00+00:00,341295.0,703999.0
2018-07-17 00:00:00+00:00,357364.0,701292.0
2018-07-18 00:00:00+00:00,409849.0,746145.0
2018-07-19 00:00:00+00:00,379165.0,734702.0
2018-07-20 00:00:00+00:00,356950.0,671608.0
2018-07-21 00:00:00+00:00,319591.0,620634.0
2018-07-22 00:00:00+00:00,338502.0,675356.0
2018-07-23 00:00:00+00:00,398296.0,758657.0
2018-07-24 00:00:00+00:00,423877.0,784910.0
2018-07-25 00:00:00+00:00,431947.0,787527.0
2018-07-26 00:00:00+00:00,388974.0,725630.0
2018-07-27 00:00:00+00:00,416595.0,788715.0
2018-07-28 00:00:00+00:00,382761.0,703973.0
2018-07-29 00:00:00+00:00,359339.0,716354.0
2018-07-30 00:00:00+00:00,376103.0,757712.0
2018-07-31 00:00:00+00:00,374451.0,745063.0
2018-08-01 00:00:00+00:00,374393.0,757758.0
2018-08-02 00:00:00+00:00,369948.0,779928.0
2018-08-03 00:00:00+00:00,394710.0,753190.0
2018-08-04 00:00:00+00:00,340854.0,720548.0
2018-08-05 00:00:00+00:00,320195.0,704249.0
2018-08-06 00:00:00+00:00,348727.0,699536.0
2018-08-07 00:00:00+00:00,323836.0,636342.0
2018-08-08 00:00:00+00:00,291558.0,565663.0
2018-08-09 00:00:00+00:00,284548.0,538530.0
2018-08-10 00:00:00+00:00,325203.0,613892.0
2018-08-11 00:00:00+00:00,336510.0,657312.0
2018-08-12 00:00:00+00:00,332668.0,641927.0
2018-08-13 00:00:00+00:00,352269.0,694941.0
2018-08-14 00:00:00+00:00,334805.0,690348.0
2018-08-15 00:00:00+00:00,328753.0,648565.0
2018-08-16 00:00:00+00:00,354449.0,716732.0
2018-08-17 00:00:00+00:00,312809.0,607270.0
2018-08-18 00:00:00+00:00,305324.0,627522.0
2018-08-19 00:00:00+00:00,304996.0,599660.0
2018-08-20 00:00:00+00:00,336770.0,663769.0
2018-08-21 00:00:00+00:00,300645.0,605639.0
2018-08-22 00:00:00+00:00,306983.0,594918.0
2018-08-23 00:00:00+00:00,300126.0,599557.0
2018-08-24 00:00:00+00:00,316189.0,596227.0
2018-08-25 00:00:00+00:00,304696.0,577239.0
2018-08-26 00:00:00+00:00,320400.0,574072.0
2018-08-27 00:00:00+00:00,329885.0,645935.0
2018-08-28 00:00:00+00:00,320916.0,613844.0
2018-08-29 00:00:00+00:00,267879.0,546841.0
2018-08-30 00:00:00+00:00,287916.0,592847.0
2018-08-31 00:00:00+00:00,290044.0,577258.0
2018-09-01 00:00:00+00:00,322434.0,656254.0
2018-09-02 00:00:00+00:00,333290.0,620267.0
2018-09-03 00:00:00+00:00,340844.0,631429.0
2018-09-04 00:00:00+00:00,316527.0,589521.0
2018-09-05 00:00:00+00:00,321744.0,626957.0
2018-09-06 00:00:00+00:00,303884.0,588959.0
2018-09-07 00:00:00+00:00,305417.0,582184.0
2018-09-08 00:00:00+00:00,281740.0,543337.0
2018-09-09 00:00:00+00:00,284904.0,565631.0
2018-09-10 00:00:00+00:00,282579.0,561611.0
2018-09-11 00:00:00+00:00,261353.0,557317.0
2018-09-12 00:00:00+00:00,261275.0,570673.0
2018-09-13 00:00:00+00:00,276678.0,555753.0
2018-09-14 00:00:00+00:00,258740.0,514394.0
2018-09-15 00:00:00+00:00,244687.0,479695.0
2018-09-16 00:00:00+00:00,228206.0,458432.0
2018-09-17 00:00:00+00:00,291307.0,553720.0
2018-09-18 00:00:00+00:00,258463.0,500513.0
2018-09-19 00:00:00+00:00,235612.0,507255.0
2018-09-20 00:00:00+00:00,261726.0,498146.0
2018-09-21 00:00:00+00:00,254561.0,544686.0
2018-09-22 00:00:00+00:00,231040.0,470309.0
2018-09-23 00:00:00+00:00,228519.0,468627.0
2018-09-24 00:00:00+00:00,226513.0,480337.0
2018-09-25 00:00:00+00:00,238299.0,519108.0
2018-09-26 00:00:00+00:00,221050.0,493507.0
2018-09-27 00:00:00+00:00,242499.0,504047.0
2018-09-28 00:00:00+00:00,249548.0,500407.0
2018-09-29 00:00:00+00:00,222349.0,434315.0
2018-09-30 00:00:00+00:00,242254.0,479351.0
2018-10-01 00:00:00+00:00,235188.0,476308.0
2018-10-02 00:00:00+00:00,237819.0,490262.0
2018-10-03 00:00:00+00:00,288662.0,559006.0
2018-10-04 00:00:00+00:00,294709.0,559181.0
2018-10-05 00:00:00+00:00,315425.0,595361.0
2018-10-06 00:00:00+00:00,326444.0,596865.0
2018-10-07 00:00:00+00:00,266999.0,497767.0
2018-10-08 00:00:00+00:00,281024.0,542842.0
2018-10-09 00:00:00+00:00,278759.0,537028.0
2018-10-10 00:00:00+00:00,259112.0,516772.0
2018-10-11 00:00:00+00:00,276591.0,570525.0
2018-10-12 00:00:00+00:00,277706.0,562140.0
2018-10-13 00:00:00+00:00,281709.0,541797.0
2018-10-14 00:00:00+00:00,286828.0,511719.0
2018-10-15 00:00:00+00:00,298338.0,562011.0
2018-10-16 00:00:00+00:00,304839.0,575450.0
2018-10-17 00:00:00+00:00,308025.0,580354.0
2018-10-18 00:00:00+00:00,316673.0,565791.0
2018-10-19 00:00:00+00:00,287643.0,601119.0
2018-10-20 00:00:00+00:00,344066.0,534080.0
2018-10-21 00:00:00+00:00,308778.0,508014.0
2018-10-22 00:00:00+00:00,333040.0,577314.0
2018-10-23 00:00:00+00:00,313343.0,556231.0
2018-10-24 00:00:00+00:00,323381.0,532709.0
2018-10-25 00:00:00+00:00,314814.0,537236.0
2018-10-26 00:00:00+00:00,318269.0,551218.0
2018-10-27 00:00:00+00:00,308409.0,499165.0
2018-10-28 00:00:00+00:00,333518.0,509862.0
2018-10-29 00:00:00+00:00,333546.0,614695.0
2018-10-30 00:00:00+00:00,359738.0,608397.0
2018-10-31 00:00:00+00:00,352140.0,585707.0
2018-11-01 00:00:00+00:00,317485.0,589096.0
2018-11-02 00:00:00+00:00,267634.0,548534.0
2018-11-03 00:00:00+00:00,278264.0,505015.0
2018-11-04 00:00:00+00:00,299497.0,510848.0
2018-11-05 00:00:00+00:00,291779.0,582354.0
2018-11-06 00:00:00+00:00,278348.0,597166.0
2018-11-07 00:00:00+00:00,270280.0,564602.0
2018-11-08 00:00:00+00:00,288705.0,555392.0
2018-11-09 00:00:00+00:00,316813.0,547848.0
2018-11-10 00:00:00+00:00,329225.0,489120.0
2018-11-11 00:00:00+00:00,355871.0,527799.0
2018-11-12 00:00:00+00:00,327353.0,571162.0
2018-11-13 00:00:00+00:00,336439.0,553590.0
2018-11-14 00:00:00+00:00,336750.0,582181.0
2018-11-15 00:00:00+00:00,367079.0,563051.0
2018-11-16 00:00:00+00:00,330177.0,552107.0
2018-11-17 00:00:00+00:00,336902.0,505581.0
2018-11-18 00:00:00+00:00,311575.0,484801.0
2018-11-19 00:00:00+00:00,362855.0,622942.0
2018-11-20 00:00:00+00:00,325428.0,625752.0
2018-11-21 00:00:00+00:00,305267.0,579531.0
2018-11-22 00:00:00+00:00,304552.0,568895.0
2018-11-23 00:00:00+00:00,296227.0,559992.0
2018-11-24 00:00:00+00:00,285249.0,497091.0
2018-11-25 00:00:00+00:00,306399.0,529038.0
2018-11-26 00:00:00+00:00,324681.0,557388.0
2018-11-27 00:00:00+00:00,325795.0,565825.0
2018-11-28 00:00:00+00:00,321224.0,622580.0
2018-11-29 00:00:00+00:00,263790.0,555591.0
2018-11-30 00:00:00+00:00,278002.0,599039.0
2018-12-01 00:00:00+00:00,310612.0,525757.0
2018-12-02 00:00:00+00:00,276777.0,492410.0
2018-12-03 00:00:00+00:00,269535.0,548100.0
2018-12-04 00:00:00+00:00,258028.0,565202.0
2018-12-05 00:00:00+00:00,279019.0,595937.0
2018-12-06 00:00:00+00:00,283624.0,590923.0
2018-12-07 00:00:00+00:00,313613.0,572417.0
2018-12-08 00:00:00+00:00,333138.0,552651.0
2018-12-09 00:00:00+00:00,289050.0,507555.0
2018-12-10 00:00:00+00:00,290286.0,555379.0
2018-12-11 00:00:00+00:00,282399.0,536006.0
2018-12-12 00:00:00+00:00,314610.0,533920.0
2018-12-13 00:00:00+00:00,303851.0,565689.0
2018-12-14 00:00:00+00:00,297473.0,567306.0
2018-12-15 00:00:00+00:00,378120.0,551916.0
2018-12-16 00:00:00+00:00,372962.0,516697.0
2018-12-17 00:00:00+00:00,303060.0,570051.0
2018-12-18 00:00:00+00:00,277282.0,556320.0
2018-12-19 00:00:00+00:00,322980.0,597824.0
2018-12-20 00:00:00+00:00,340424.0,602429.0
2018-12-21 00:00:00+00:00,320212.0,606526.0
2018-12-22 00:00:00+00:00,325282.0,495551.0
2018-12-23 00:00:00+00:00,357263.0,543655.0
2018-12-24 00:00:00+00:00,346049.0,615551.0
2018-12-25 00:00:00+00:00,252176.0,535001.0
2018-12-26 00:00:00+00:00,288376.0,560047.0
2018-12-27 00:00:00+00:00,297630.0,548411.0
2018-12-28 00:00:00+00:00,314344.0,572189.0
2018-12-29 00:00:00+00:00,314501.0,543746.0
2018-12-30 00:00:00+00:00,247598.0,460395.0
2018-12-31 00:00:00+00:00,286665.0,522040.0
2019-01-01 00:00:00+00:00,227755.0,448168.0
2019-01-02 00:00:00+00:00,266633.0,589959.0
2019-01-03 00:00:00+00:00,298379.0,596620.0
2019-01-04 00:00:00+00:00,264923.0,549398.0
2019-01-05 00:00:00+00:00,257064.0,511189.0
2019-01-06 00:00:00+00:00,266956.0,487372.0
2019-01-07 00:00:00+00:00,288553.0,550964.0
2019-01-08 00:00:00+00:00,277503.0,553367.0
2019-01-09 00:00:00+00:00,279728.0,558847.0
2019-01-10 00:00:00+00:00,276872.0,582839.0
2019-01-11 00:00:00+00:00,309317.0,541838.0
2019-01-12 00:00:00+00:00,267659.0,452707.0
2019-01-13 00:00:00+00:00,260303.0,481347.0
2019-01-14 00:00:00+00:00,296695.0,577239.0
2019-01-15 00:00:00+00:00,277216.0,539896.0
2019-01-16 00:00:00+00:00,259885.0,507687.0
2019-01-17 00:00:00+00:00,249911.0,517082.0
2019-01-18 00:00:00+00:00,250566.0,538899.0
2019-01-19 00:00:00+00:00,235309.0,539125.0
2019-01-20 00:00:00+00:00,234174.0,537705.0
2019-01-21 00:00:00+00:00,242165.0,582751.0
2019-01-22 00:00:00+00:00,221052.0,605558.0
2019-01-23 00:00:00+00:00,241743.0,533819.0
2019-01-24 00:00:00+00:00,232516.0,520130.0
2019-01-25 00:00:00+00:00,242692.0,504903.0
2019-01-26 00:00:00+00:00,281294.0,464380.0
2019-01-27 00:00:00+00:00,253559.0,488814.0
2019-01-28 00:00:00+00:00,275560.0,568564.0
2019-01-29 00:00:00+00:00,247558.0,566026.0
2019-01-30 00:00:00+00:00,244601.0,555347.0
2019-01-31 00:00:00+00:00,226825.0,517057.0
2019-02-01 00:00:00+00:00,233701.0,498856.0
2019-02-02 00:00:00+00:00,230615.0,450314.0
2019-02-03 00:00:00+00:00,217389.0,424378.0
2019-02-04 00:00:00+00:00,208209.0,416394.0
2019-02-05 00:00:00+00:00,214341.0,414815.0
2019-02-06 00:00:00+00:00,210354.0,429065.0
2019-02-07 00:00:00+00:00,196941.0,428676.0
2019-02-08 00:00:00+00:00,210686.0,471952.0
2019-02-09 00:00:00+00:00,193871.0,417129.0
2019-02-10 00:00:00+00:00,171484.0,381151.0
2019-02-11 00:00:00+00:00,195256.0,429007.0
2019-02-12 00:00:00+00:00,207073.0,438111.0
2019-02-13 00:00:00+00:00,206023.0,491354.0
2019-02-14 00:00:00+00:00,207805.0,474782.0
2019-02-15 00:00:00+00:00,208673.0,468599.0
2019-02-16 00:00:00+00:00,215553.0,454309.0
2019-02-17 00:00:00+00:00,203761.0,447945.0
2019-02-18 00:00:00+00:00,248067.0,512455.0
2019-02-19 00:00:00+00:00,235079.0,533602.0
2019-02-20 00:00:00+00:00,218723.0,530268.0
2019-02-21 00:00:00+00:00,210293.0,544817.0
2019-02-22 00:00:00+00:00,217612.0,530839.0
2019-02-23 00:00:00+00:00,211612.0,476225.0
2019-02-24 00:00:00+00:00,217755.0,540201.0
2019-02-25 00:00:00+00:00,231575.0,573756.0
2019-02-26 00:00:00+00:00,239116.0,553925.0
2019-02-27 00:00:00+00:00,235484.0,539516.0
2019-02-28 00:00:00+00:00,233394.0,541458.0
2019-03-01 00:00:00+00:00,268402.0,547622.0
2019-03-02 00:00:00+00:00,279249.0,526912.0
2019-03-03 00:00:00+00:00,291044.0,492382.0
2019-03-04 00:00:00+00:00,272293.0,620211.0
2019-03-05 00:00:00+00:00,270746.0,598085.0
2019-03-06 00:00:00+00:00,266235.0,578932.0
2019-03-07 00:00:00+00:00,279134.0,572685.0
2019-03-08 00:00:00+00:00,272589.0,562361.0
2019-03-09 00:00:00+00:00,284250.0,555854.0
2019-03-10 00:00:00+00:00,248152.0,484038.0
2019-03-11 00:00:00+00:00,262743.0,536412.0
2019-03-12 00:00:00+00:00,298223.0,564306.0
2019-03-13 00:00:00+00:00,272122.0,573281.0
2019-03-14 00:00:00+00:00,280348.0,573828.0
2019-03-15 00:00:00+00:00,258613.0,553012.0
2019-03-16 00:00:00+00:00,268643.0,504183.0
2019-03-17 00:00:00+00:00,282235.0,494872.0
2019-03-18 00:00:00+00:00,263811.0,573940.0
2019-03-19 00:00:00+00:00,265142.0,635940.0
2019-03-20 00:00:00+00:00,261950.0,630313.0
2019-03-21 00:00:00+00:00,237078.0,618318.0
2019-03-22 00:00:00+00:00,247350.0,628700.0
2019-03-23 00:00:00+00:00,241066.0,561778.0
2019-03-24 00:00:00+00:00,260748.0,549073.0
2019-03-25 00:00:00+00:00,294083.0,648670.0
2019-03-26 00:00:00+00:00,275745.0,629010.0
2019-03-27 00:00:00+00:00,262880.0,625948.0
2019-03-28 00:00:00+00:00,277318.0,634367.0
2019-03-29 00:00:00+00:00,257930.0,640352.0
2019-03-30 00:00:00+00:00,249624.0,667967.0
2019-03-31 00:00:00+00:00,241677.0,646230.0
2019-04-01 00:00:00+00:00,296278.0,687574.0
2019-04-02 00:00:00+00:00,336880.0,758900.0
2019-04-03 00:00:00+00:00,320514.0,746605.0
2019-04-04 00:00:00+00:00,283098.0,673520.0
2019-04-05 00:00:00+00:00,290567.0,621924.0
2019-04-06 00:00:00+00:00,281955.0,559039.0
2019-04-07 00:00:00+00:00,287126.0,572886.0
2019-04-08 00:00:00+00:00,299606.0,668000.0
2019-04-09 00:00:00+00:00,296515.0,656914.0
2019-04-10 00:00:00+00:00,300565.0,674070.0
2019-04-11 00:00:00+00:00,314322.0,729032.0
2019-04-12 00:00:00+00:00,320739.0,694793.0
2019-04-13 00:00:00+00:00,290028.0,614291.0
2019-04-14 00:00:00+00:00,245862.0,551055.0
2019-04-15 00:00:00+00:00,294905.0,622058.0
2019-04-16 00:00:00+00:00,283757.0,656461.0
2019-04-17 00:00:00+00:00,308498.0,681896.0
2019-04-18 00:00:00+00:00,325334.0,697650.0
2019-04-19 00:00:00+00:00,336310.0,693183.0
2019-04-20 00:00:00+00:00,369030.0,686824.0
2019-04-21 00:00:00+00:00,307683.0,631190.0
2019-04-22 00:00:00+00:00,335022.0,719306.0
2019-04-23 00:00:00+00:00,356264.0,729268.0
2019-04-24 00:00:00+00:00,344470.0,668917.0
2019-04-25 00:00:00+00:00,299191.0,680812.0
2019-04-26 00:00:00+00:00,307928.0,661061.0
2019-04-27 00:00:00+00:00,258512.0,562687.0
2019-04-28 00:00:00+00:00,256712.0,593482.0
2019-04-29 00:00:00+00:00,274907.0,628989.0
2019-04-30 00:00:00+00:00,292816.0,707771.0
2019-05-01 00:00:00+00:00,291650.0,703790.0
2019-05-02 00:00:00+00:00,266188.0,626308.0
2019-05-03 00:00:00+00:00,275199.0,670882.0
2019-05-04 00:00:00+00:00,256938.0,623395.0
2019-05-05 00:00:00+00:00,261416.0,637464.0
2019-05-06 00:00:00+00:00,282859.0,706135.0
2019-05-07 00:00:00+00:00,277792.0,658146.0
2019-05-08 00:00:00+00:00,277410.0,686996.0
2019-05-09 00:00:00+00:00,281070.0,718440.0
2019-05-10 00:00:00+00:00,310015.0,736762.0
2019-05-11 00:00:00+00:00,320467.0,742337.0
2019-05-12 00:00:00+00:00,286729.0,715827.0
2019-05-13 00:00:00+00:00,320643.0,758695.0
2019-05-14 00:00:00+00:00,355627.0,830785.0
2019-05-15 00:00:00+00:00,369579.0,847606.0
2019-05-16 00:00:00+00:00,399571.0,908208.0
2019-05-17 00:00:00+00:00,357861.0,810320.0
2019-05-18 00:00:00+00:00,318252.0,735420.0
2019-05-19 00:00:00+00:00,330704.0,752431.0
2019-05-20 00:00:00+00:00,331537.0,860161.0
2019-05-21 00:00:00+00:00,370207.0,812799.0
2019-05-22 00:00:00+00:00,331007.0,873384.0
2019-05-23 00:00:00+00:00,339775.0,846724.0
2019-05-24 00:00:00+00:00,350611.0,904057.0
2019-05-25 00:00:00+00:00,323361.0,839949.0
2019-05-26 00:00:00+00:00,319134.0,763094.0
2019-05-27 00:00:00+00:00,361711.0,941733.0
2019-05-28 00:00:00+00:00,350001.0,910535.0
2019-05-29 00:00:00+00:00,346909.0,947509.0
2019-05-30 00:00:00+00:00,352640.0,891907.0
2019-05-31 00:00:00+00:00,399069.0,870676.0
2019-06-01 00:00:00+00:00,508448.0,956751.0
2019-06-02 00:00:00+00:00,435046.0,890894.0
2019-06-03 00:00:00+00:00,393251.0,889067.0
2019-06-04 00:00:00+00:00,361274.0,891955.0
2019-06-05 00:00:00+00:00,324986.0,799392.0
2019-06-06 00:00:00+00:00,413745.0,824817.0
2019-06-07 00:00:00+00:00,311139.0,758454.0
2019-06-08 00:00:00+00:00,276543.0,992653.0
2019-06-09 00:00:00+00:00,355087.0,715741.0
2019-06-10 00:00:00+00:00,325166.0,963694.0
2019-06-11 00:00:00+00:00,381772.0,930038.0
2019-06-12 00:00:00+00:00,480717.0,860682.0
2019-06-13 00:00:00+00:00,360497.0,749758.0
2019-06-14 00:00:00+00:00,351579.0,825364.0
2019-06-15 00:00:00+00:00,330124.0,938952.0
2019-06-16 00:00:00+00:00,443504.0,888979.0
2019-06-17 00:00:00+00:00,338539.0,944094.0
2019-06-18 00:00:00+00:00,378719.0,850016.0
2019-06-19 00:00:00+00:00,331466.0,886054.0
2019-06-20 00:00:00+00:00,313165.0,985024.0
2019-06-21 00:00:00+00:00,390272.0,777627.0
2019-06-22 00:00:00+00:00,379012.0,758133.0
2019-06-23 00:00:00+00:00,339193.0,773499.0
2019-06-24 00:00:00+00:00,363545.0,809637.0
2019-06-25 00:00:00+00:00,350197.0,932194.0
2019-06-26 00:00:00+00:00,388619.0,848601.0
2019-06-27 00:00:00+00:00,357014.0,814118.0
2019-06-28 00:00:00+00:00,325663.0,1004170.0
2019-06-29 00:00:00+00:00,310251.0,733337.0
2019-06-30 00:00:00+00:00,275123.0,685958.0
2019-07-01 00:00:00+00:00,309889.0,951985.0
2019-07-02 00:00:00+00:00,382288.0,895054.0
2019-07-03 00:00:00+00:00,370570.0,753227.0
2019-07-04 00:00:00+00:00,360399.0,747514.0
2019-07-05 00:00:00+00:00,319406.0,849080.0
2019-07-06 00:00:00+00:00,318241.0,754040.0
2019-07-07 00:00:00+00:00,309297.0,582067.0
2019-07-08 00:00:00+00:00,335258.0,809796.0
2019-07-09 00:00:00+00:00,351558.0,771955.0
2019-07-10 00:00:00+00:00,347412.0,736096.0
2019-07-11 00:00:00+00:00,313587.0,975288.0
2019-07-12 00:00:00+00:00,343689.0,726392.0
2019-07-13 00:00:00+00:00,287614.0,587283.0
2019-07-14 00:00:00+00:00,297781.0,613490.0
2019-07-15 00:00:00+00:00,360602.0,743294.0
2019-07-16 00:00:00+00:00,268611.0,1003278.0
2019-07-17 00:00:00+00:00,312639.0,830029.0
2019-07-18 00:00:00+00:00,308987.0,667874.0
2019-07-19 00:00:00+00:00,296342.0,815548.0
2019-07-20 00:00:00+00:00,293720.0,584085.0
2019-07-21 00:00:00+00:00,284257.0,522416.0
2019-07-22 00:00:00+00:00,332359.0,640666.0
2019-07-23 00:00:00+00:00,295644.0,606795.0
2019-07-24 00:00:00+00:00,268921.0,907213.0
2019-07-25 00:00:00+00:00,271079.0,949864.0
2019-07-26 00:00:00+00:00,314692.0,640260.0
2019-07-27 00:00:00+00:00,279933.0,577697.0
2019-07-28 00:00:00+00:00,292897.0,572697.0
2019-07-29 00:00:00+00:00,304681.0,676990.0
2019-07-30 00:00:00+00:00,331809.0,715782.0
2019-07-31 00:00:00+00:00,294035.0,684284.0
2019-08-01 00:00:00+00:00,269308.0,877643.0
2019-08-02 00:00:00+00:00,299037.0,768312.0
2019-08-03 00:00:00+00:00,259678.0,783492.0
2019-08-04 00:00:00+00:00,301295.0,569134.0
2019-08-05 00:00:00+00:00,335179.0,718438.0
2019-08-06 00:00:00+00:00,346542.0,732052.0
2019-08-07 00:00:00+00:00,310904.0,742477.0
2019-08-08 00:00:00+00:00,306119.0,692736.0
2019-08-09 00:00:00+00:00,326034.0,721762.0
2019-08-10 00:00:00+00:00,315155.0,630929.0
2019-08-11 00:00:00+00:00,293410.0,582507.0
2019-08-12 00:00:00+00:00,349597.0,712949.0
2019-08-13 00:00:00+00:00,322202.0,698671.0
2019-08-14 00:00:00+00:00,321012.0,736647.0
2019-08-15 00:00:00+00:00,304059.0,689076.0
2019-08-16 00:00:00+00:00,325186.0,718875.0
2019-08-17 00:00:00+00:00,290153.0,641106.0
2019-08-18 00:00:00+00:00,283406.0,627260.0
2019-08-19 00:00:00+00:00,295257.0,724461.0
2019-08-20 00:00:00+00:00,304960.0,733520.0
2019-08-21 00:00:00+00:00,316421.0,731500.0
2019-08-22 00:00:00+00:00,305383.0,737144.0
2019-08-23 00:00:00+00:00,312715.0,733282.0
2019-08-24 00:00:00+00:00,297544.0,684235.0
2019-08-25 00:00:00+00:00,295058.0,677260.0
2019-08-26 00:00:00+00:00,309070.0,750845.0
2019-08-27 00:00:00+00:00,308164.0,748158.0
2019-08-28 00:00:00+00:00,303065.0,722262.0
2019-08-29 00:00:00+00:00,308537.0,724189.0
2019-08-30 00:00:00+00:00,288572.0,713194.0
2019-08-31 00:00:00+00:00,282011.0,679773.0
2019-09-01 00:00:00+00:00,275912.0,690235.0
2019-09-02 00:00:00+00:00,319698.0,757539.0
2019-09-03 00:00:00+00:00,303296.0,751224.0
2019-09-04 00:00:00+00:00,296005.0,714432.0
2019-09-05 00:00:00+00:00,326386.0,769872.0
2019-09-06 00:00:00+00:00,320381.0,768500.0
2019-09-07 00:00:00+00:00,284448.0,677445.0
2019-09-08 00:00:00+00:00,279927.0,675137.0
2019-09-09 00:00:00+00:00,316921.0,756508.0
2019-09-10 00:00:00+00:00,296904.0,691617.0
2019-09-11 00:00:00+00:00,295327.0,705292.0
2019-09-12 00:00:00+00:00,301354.0,723726.0
2019-09-13 00:00:00+00:00,270785.0,623470.0
2019-09-14 00:00:00+00:00,271533.0,628467.0
2019-09-15 00:00:00+00:00,277976.0,633961.0
2019-09-16 00:00:00+00:00,307380.0,733010.0
2019-09-17 00:00:00+00:00,297547.0,681814.0
2019-09-18 00:00:00+00:00,305563.0,708743.0
2019-09-19 00:00:00+00:00,295149.0,692484.0
2019-09-20 00:00:00+00:00,309840.0,717128.0
2019-09-21 00:00:00+00:00,242789.0,596973.0
2019-09-22 00:00:00+00:00,239625.0,576563.0
2019-09-23 00:00:00+00:00,251471.0,639394.0
2019-09-24 00:00:00+00:00,296761.0,709522.0
2019-09-25 00:00:00+00:00,278971.0,677675.0
2019-09-26 00:00:00+00:00,265068.0,657676.0
2019-09-27 00:00:00+00:00,268165.0,623632.0
2019-09-28 00:00:00+00:00,248610.0,607857.0
2019-09-29 00:00:00+00:00,231663.0,591986.0
2019-09-30 00:00:00+00:00,285523.0,683924.0
2019-10-01 00:00:00+00:00,339783.0,645073.0
2019-10-02 00:00:00+00:00,327680.0,627137.0
2019-10-03 00:00:00+00:00,288751.0,615189.0
2019-10-04 00:00:00+00:00,268748.0,590197.0
2019-10-05 00:00:00+00:00,272795.0,595118.0
2019-10-06 00:00:00+00:00,343035.0,571769.0
2019-10-07 00:00:00+00:00,284288.0,629382.0
2019-10-08 00:00:00+00:00,306302.0,710373.0
2019-10-09 00:00:00+00:00,318125.0,751354.0
2019-10-10 00:00:00+00:00,326182.0,706127.0
2019-10-11 00:00:00+00:00,315705.0,702673.0
2019-10-12 00:00:00+00:00,279716.0,634450.0
2019-10-13 00:00:00+00:00,250851.0,566845.0
2019-10-14 00:00:00+00:00,300285.0,650601.0
2019-10-15 00:00:00+00:00,302212.0,690703.0
2019-10-16 00:00:00+00:00,291507.0,694589.0
2019-10-17 00:00:00+00:00,285894.0,703704.0
2019-10-18 00:00:00+00:00,310446.0,733646.0
2019-10-19 00:00:00+00:00,276993.0,665170.0
2019-10-20 00:00:00+00:00,248121.0,612341.0
2019-10-21 00:00:00+00:00,271474.0,678528.0
2019-10-22 00:00:00+00:00,274766.0,726230.0
2019-10-23 00:00:00+00:00,275838.0,736388.0
2019-10-24 00:00:00+00:00,272369.0,724917.0
2019-10-25 00:00:00+00:00,290755.0,741655.0
2019-10-26 00:00:00+00:00,303660.0,716822.0
2019-10-27 00:00:00+00:00,256776.0,642955.0
2019-10-28 00:00:00+00:00,290065.0,721335.0
2019-10-29 00:00:00+00:00,283366.0,707622.0
2019-10-30 00:00:00+00:00,278695.0,717618.0
2019-10-31 00:00:00+00:00,288701.0,744118.0
2019-11-01 00:00:00+00:00,287405.0,705019.0
2019-11-02 00:00:00+00:00,243269.0,590976.0
2019-11-03 00:00:00+00:00,230486.0,571113.0
2019-11-04 00:00:00+00:00,262207.0,670783.0
2019-11-05 00:00:00+00:00,302907.0,739254.0
2019-11-06 00:00:00+00:00,289661.0,707733.0
2019-11-07 00:00:00+00:00,375764.0,857371.0
2019-11-08 00:00:00+00:00,275241.0,699138.0
2019-11-09 00:00:00+00:00,230831.0,604007.0
2019-11-10 00:00:00+00:00,257611.0,609364.0
2019-11-11 00:00:00+00:00,284231.0,710155.0
2019-11-12 00:00:00+00:00,285556.0,708660.0
2019-11-13 00:00:00+00:00,278616.0,713551.0
2019-11-14 00:00:00+00:00,271266.0,679505.0
2019-11-15 00:00:00+00:00,257911.0,683049.0
2019-11-16 00:00:00+00:00,233167.0,596661.0
2019-11-17 00:00:00+00:00,242722.0,600168.0
2019-11-18 00:00:00+00:00,269423.0,734472.0
2019-11-19 00:00:00+00:00,283555.0,735532.0
2019-11-20 00:00:00+00:00,269725.0,689771.0
2019-11-21 00:00:00+00:00,306522.0,762896.0
2019-11-22 00:00:00+00:00,341671.0,794748.0
2019-11-23 00:00:00+00:00,281447.0,631670.0
2019-11-24 00:00:00+00:00,247215.0,596880.0
2019-11-25 00:00:00+00:00,326634.0,762888.0
2019-11-26 00:00:00+00:00,264714.0,679733.0
2019-11-27 00:00:00+00:00,252198.0,674957.0
2019-11-28 00:00:00+00:00,260028.0,623080.0
2019-11-29 00:00:00+00:00,280233.0,670568.0
2019-11-30 00:00:00+00:00,255240.0,584871.0
2019-12-01 00:00:00+00:00,244768.0,615069.0
2019-12-02 00:00:00+00:00,283061.0,681210.0
2019-12-03 00:00:00+00:00,250073.0,610528.0
2019-12-04 00:00:00+00:00,253029.0,661004.0
2019-12-05 00:00:00+00:00,288568.0,617647.0
2019-12-06 00:00:00+00:00,239911.0,573666.0
2019-12-07 00:00:00+00:00,207488.0,488124.0
2019-12-08 00:00:00+00:00,200052.0,440672.0
2019-12-09 00:00:00+00:00,269250.0,635462.0
2019-12-10 00:00:00+00:00,249591.0,631603.0
2019-12-11 00:00:00+00:00,250575.0,625349.0
2019-12-12 00:00:00+00:00,325420.0,635638.0
2019-12-13 00:00:00+00:00,346490.0,621511.0
2019-12-14 00:00:00+00:00,320605.0,551143.0
2019-12-15 00:00:00+00:00,327301.0,526996.0
2019-12-16 00:00:00+00:00,308325.0,634682.0
2019-12-17 00:00:00+00:00,285240.0,646999.0
2019-12-18 00:00:00+00:00,294956.0,663295.0
2019-12-19 00:00:00+00:00,277875.0,620140.0
2019-12-20 00:00:00+00:00,302200.0,614338.0
2019-12-21 00:00:00+00:00,358805.0,545378.0
2019-12-22 00:00:00+00:00,298388.0,529935.0
2019-12-23 00:00:00+00:00,295909.0,631635.0
2019-12-24 00:00:00+00:00,307989.0,602814.0
2019-12-25 00:00:00+00:00,314833.0,565093.0
2019-12-26 00:00:00+00:00,298790.0,586645.0
2019-12-27 00:00:00+00:00,259478.0,580029.0
2019-12-28 00:00:00+00:00,243589.0,516438.0
2019-12-29 00:00:00+00:00,270245.0,480131.0
2019-12-30 00:00:00+00:00,261226.0,584426.0
2019-12-31 00:00:00+00:00,232196.0,554215.0
2020-01-01 00:00:00+00:00,231794.0,466526.0
2020-01-02 00:00:00+00:00,220624.0,505639.0
2020-01-03 00:00:00+00:00,255934.0,581641.0
2020-01-04 00:00:00+00:00,240546.0,559074.0
2020-01-05 00:00:00+00:00,229160.0,524664.0
2020-01-06 00:00:00+00:00,274755.0,626525.0
2020-01-07 00:00:00+00:00,276248.0,646478.0
2020-01-08 00:00:00+00:00,283219.0,653831.0
2020-01-09 00:00:00+00:00,282797.0,621399.0
2020-01-10 00:00:00+00:00,329508.0,605095.0
2020-01-11 00:00:00+00:00,281332.0,549612.0
2020-01-12 00:00:00+00:00,231191.0,523951.0
2020-01-13 00:00:00+00:00,260729.0,565389.0
2020-01-14 00:00:00+00:00,311555.0,671748.0
2020-01-15 00:00:00+00:00,321562.0,698399.0
2020-01-16 00:00:00+00:00,305974.0,693649.0
2020-01-17 00:00:00+00:00,295218.0,676556.0
2020-01-18 00:00:00+00:00,290720.0,628211.0
2020-01-19 00:00:00+00:00,269233.0,615368.0
2020-01-20 00:00:00+00:00,258251.0,599266.0
2020-01-21 00:00:00+00:00,287729.0,558962.0
2020-01-22 00:00:00+00:00,272179.0,513767.0
2020-01-23 00:00:00+00:00,257578.0,552533.0
2020-01-24 00:00:00+00:00,209705.0,497135.0
2020-01-25 00:00:00+00:00,208598.0,435515.0
2020-01-26 00:00:00+00:00,195000.0,428839.0
2020-01-27 00:00:00+00:00,238758.0,476541.0
2020-01-28 00:00:00+00:00,231471.0,526284.0
2020-01-29 00:00:00+00:00,231564.0,551529.0
2020-01-30 00:00:00+00:00,244211.0,566052.0
2020-01-31 00:00:00+00:00,239398.0,583358.0
2020-02-01 00:00:00+00:00,236095.0,545761.0
2020-02-02 00:00:00+00:00,235359.0,530094.0
2020-02-03 00:00:00+00:00,277543.0,621191.0
2020-02-04 00:00:00+00:00,234304.0,524476.0
2020-02-05 00:00:00+00:00,274536.0,610780.0
2020-02-06 00:00:00+00:00,287091.0,606505.0
2020-02-07 00:00:00+00:00,285999.0,626252.0
2020-02-08 00:00:00+00:00,348397.0,661649.0
2020-02-09 00:00:00+00:00,305845.0,628631.0
2020-02-10 00:00:00+00:00,318635.0,668760.0
2020-02-11 00:00:00+00:00,319771.0,709280.0
2020-02-12 00:00:00+00:00,394534.0,798162.0
2020-02-13 00:00:00+00:00,374630.0,764763.0
2020-02-14 00:00:00+00:00,323942.0,771827.0
2020-02-15 00:00:00+00:00,343999.0,699151.0
2020-02-16 00:00:00+00:00,337792.0,661490.0
2020-02-17 00:00:00+00:00,333123.0,695366.0
2020-02-18 00:00:00+00:00,344572.0,733983.0
2020-02-19 00:00:00+00:00,333141.0,695837.0
2020-02-20 00:00:00+00:00,317504.0,689600.0
2020-02-21 00:00:00+00:00,323587.0,670542.0
2020-02-22 00:00:00+00:00,314925.0,605859.0
2020-02-23 00:00:00+00:00,311622.0,606290.0
2020-02-24 00:00:00+00:00,320273.0,687702.0
2020-02-25 00:00:00+00:00,308551.0,670257.0
2020-02-26 00:00:00+00:00,368983.0,704929.0
2020-02-27 00:00:00+00:00,367385.0,714482.0
2020-02-28 00:00:00+00:00,387502.0,688694.0
2020-02-29 00:00:00+00:00,294354.0,620465.0
2020-03-01 00:00:00+00:00,321679.0,628500.0
2020-03-02 00:00:00+00:00,332395.0,681477.0
2020-03-03 00:00:00+00:00,335468.0,661419.0
2020-03-04 00:00:00+00:00,313708.0,663966.0
2020-03-05 00:00:00+00:00,321218.0,720114.0
2020-03-06 00:00:00+00:00,332267.0,676799.0
2020-03-07 00:00:00+00:00,290494.0,630992.0
2020-03-08 00:00:00+00:00,327289.0,662565.0
2020-03-09 00:00:00+00:00,383558.0,784085.0
2020-03-10 00:00:00+00:00,326753.0,760588.0
2020-03-11 00:00:00+00:00,348656.0,713065.0
2020-03-12 00:00:00+00:00,408928.0,760781.0
2020-03-13 00:00:00+00:00,400311.0,847947.0
2020-03-14 00:00:00+00:00,460743.0,681830.0
2020-03-15 00:00:00+00:00,438224.0,657653.0
2020-03-16 00:00:00+00:00,473741.0,784094.0
2020-03-17 00:00:00+00:00,445445.0,763100.0
2020-03-18 00:00:00+00:00,434714.0,768437.0
2020-03-19 00:00:00+00:00,465615.0,864017.0
2020-03-20 00:00:00+00:00,497777.0,822158.0
2020-03-21 00:00:00+00:00,537404.0,857503.0
2020-03-22 00:00:00+00:00,379207.0,746195.0
2020-03-23 00:00:00+00:00,426308.0,801238.0
2020-03-24 00:00:00+00:00,387996.0,791900.0
2020-03-25 00:00:00+00:00,380672.0,765389.0
2020-03-26 00:00:00+00:00,411661.0,772649.0
2020-03-27 00:00:00+00:00,394055.0,748776.0
2020-03-28 00:00:00+00:00,376618.0,667726.0
2020-03-29 00:00:00+00:00,318335.0,607984.0
2020-03-30 00:00:00+00:00,344397.0,724004.0
2020-03-31 00:00:00+00:00,353932.0,731749.0
2020-04-01 00:00:00+00:00,333042.0,683007.0
2020-04-02 00:00:00+00:00,340841.0,720554.0
2020-04-03 00:00:00+00:00,327371.0,722688.0
2020-04-04 00:00:00+00:00,325061.0,625952.0
2020-04-05 00:00:00+00:00,309777.0,614001.0
2020-04-06 00:00:00+00:00,388788.0,771300.0
2020-04-07 00:00:00+00:00,365713.0,783472.0
2020-04-08 00:00:00+00:00,419382.0,830223.0
2020-04-09 00:00:00+00:00,383729.0,727502.0
2020-04-10 00:00:00+00:00,376454.0,745643.0
2020-04-11 00:00:00+00:00,387711.0,680523.0
2020-04-12 00:00:00+00:00,365811.0,678530.0
2020-04-13 00:00:00+00:00,380405.0,744306.0
2020-04-14 00:00:00+00:00,384946.0,813972.0
2020-04-15 00:00:00+00:00,366353.0,792152.0
2020-04-16 00:00:00+00:00,368015.0,790334.0
2020-04-17 00:00:00+00:00,384794.0,785639.0
2020-04-18 00:00:00+00:00,408020.0,783111.0
2020-04-19 00:00:00+00:00,377254.0,741675.0
2020-04-20 00:00:00+00:00,386452.0,828885.0
2020-04-21 00:00:00+00:00,371823.0,812963.0
2020-04-22 00:00:00+00:00,369457.0,790519.0
2020-04-23 00:00:00+00:00,412555.0,826397.0
2020-04-24 00:00:00+00:00,391035.0,846807.0
2020-04-25 00:00:00+00:00,385847.0,792299.0
2020-04-26 00:00:00+00:00,397842.0,801949.0
2020-04-27 00:00:00+00:00,390999.0,841193.0
2020-04-28 00:00:00+00:00,404598.0,838453.0
2020-04-29 00:00:00+00:00,427482.0,897881.0
2020-04-30 00:00:00+00:00,417656.0,899459.0
2020-05-01 00:00:00+00:00,404034.0,827138.0
2020-05-02 00:00:00+00:00,398595.0,765990.0
2020-05-03 00:00:00+00:00,401201.0,789689.0
2020-05-04 00:00:00+00:00,362848.0,774035.0
2020-05-05 00:00:00+00:00,366254.0,785518.0
2020-05-06 00:00:00+00:00,384165.0,833506.0
2020-05-07 00:00:00+00:00,401731.0,877129.0
2020-05-08 00:00:00+00:00,407113.0,887756.0
2020-05-09 00:00:00+00:00,412090.0,894382.0
2020-05-10 00:00:00+00:00,415159.0,879153.0
2020-05-11 00:00:00+00:00,414250.0,887554.0
2020-05-12 00:00:00+00:00,378729.0,880678.0
2020-05-13 00:00:00+00:00,365732.0,856962.0
2020-05-14 00:00:00+00:00,364002.0,820300.0
2020-05-15 00:00:00+00:00,377934.0,888691.0
2020-05-16 00:00:00+00:00,375179.0,875030.0
2020-05-17 00:00:00+00:00,375674.0,808464.0
2020-05-18 00:00:00+00:00,381426.0,857645.0
2020-05-19 00:00:00+00:00,402897.0,848038.0
2020-05-20 00:00:00+00:00,385900.0,855377.0
2020-05-21 00:00:00+00:00,399759.0,867704.0
2020-05-22 00:00:00+00:00,413266.0,916282.0
2020-05-23 00:00:00+00:00,403516.0,868425.0
2020-05-24 00:00:00+00:00,366826.0,825755.0
2020-05-25 00:00:00+00:00,384146.0,875607.0
2020-05-26 00:00:00+00:00,399709.0,916975.0
2020-05-27 00:00:00+00:00,375085.0,896217.0
2020-05-28 00:00:00+00:00,405928.0,907265.0
2020-05-29 00:00:00+00:00,448382.0,949269.0
2020-05-30 00:00:00+00:00,420854.0,881950.0
2020-05-31 00:00:00+00:00,411586.0,850103.0
2020-06-01 00:00:00+00:00,418707.0,929874.0
2020-06-02 00:00:00+00:00,459219.0,980902.0
2020-06-03 00:00:00+00:00,418567.0,898364.0
2020-06-04 00:00:00+00:00,464243.0,930407.0
2020-06-05 00:00:00+00:00,562284.0,901995.0
2020-06-06 00:00:00+00:00,453437.0,946196.0
2020-06-07 00:00:00+00:00,395673.0,943786.0
2020-06-08 00:00:00+00:00,440239.0,966206.0
2020-06-09 00:00:00+00:00,436143.0,923075.0
2020-06-10 00:00:00+00:00,402483.0,939890.0
2020-06-11 00:00:00+00:00,409839.0,925331.0
2020-06-12 00:00:00+00:00,448201.0,889318.0
2020-06-13 00:00:00+00:00,443429.0,833267.0
2020-06-14 00:00:00+00:00,411985.0,785017.0
2020-06-15 00:00:00+00:00,442189.0,912281.0
2020-06-16 00:00:00+00:00,429484.0,904928.0
2020-06-17 00:00:00+00:00,396283.0,879736.0
2020-06-18 00:00:00+00:00,469733.0,913845.0
2020-06-19 00:00:00+00:00,457647.0,945942.0
2020-06-20 00:00:00+00:00,496236.0,941415.0
2020-06-21 00:00:00+00:00,470005.0,987058.0
2020-06-22 00:00:00+00:00,447809.0,1092083.0
2020-06-23 00:00:00+00:00,489995.0,1119442.0
2020-06-24 00:00:00+00:00,485760.0,1070862.0
2020-06-25 00:00:00+00:00,498356.0,1041742.0
2020-06-26 00:00:00+00:00,503748.0,1017505.0
2020-06-27 00:00:00+00:00,489823.0,1017138.0
2020-06-28 00:00:00+00:00,513042.0,997731.0
2020-06-29 00:00:00+00:00,545051.0,1056189.0
2020-06-30 00:00:00+00:00,512942.0,1111318.0
2020-07-01 00:00:00+00:00,504674.0,1044438.0
2020-07-02 00:00:00+00:00,542715.0,1039119.0
2020-07-03 00:00:00+00:00,506616.0,1022098.0
2020-07-04 00:00:00+00:00,530885.0,946287.0
2020-07-05 00:00:00+00:00,564010.0,880075.0
2020-07-06 00:00:00+00:00,521875.0,1020012.0
2020-07-07 00:00:00+00:00,548179.0,1064506.0
2020-07-08 00:00:00+00:00,515130.0,1092210.0
2020-07-09 00:00:00+00:00,511545.0,1070343.0
2020-07-10 00:00:00+00:00,506070.0,1034806.0
2020-07-11 00:00:00+00:00,569659.0,982930.0
2020-07-12 00:00:00+00:00,567829.0,997960.0
2020-07-13 00:00:00+00:00,529772.0,1151834.0
2020-07-14 00:00:00+00:00,520157.0,1098661.0
2020-07-15 00:00:00+00:00,520924.0,1111360.0
2020-07-16 00:00:00+00:00,447490.0,1068620.0
2020-07-17 00:00:00+00:00,475009.0,1078101.0
2020-07-18 00:00:00+00:00,447224.0,1071509.0
2020-07-19 00:00:00+00:00,462835.0,1082448.0
2020-07-20 00:00:00+00:00,478223.0,1143700.0
2020-07-21 00:00:00+00:00,440067.0,1120095.0
2020-07-22 00:00:00+00:00,470998.0,1138040.0
2020-07-23 00:00:00+00:00,491363.0,1147143.0
2020-07-24 00:00:00+00:00,487996.0,1146282.0
2020-07-25 00:00:00+00:00,510336.0,1175506.0
2020-07-26 00:00:00+00:00,519206.0,1137893.0
2020-07-27 00:00:00+00:00,551497.0,1261456.0
2020-07-28 00:00:00+00:00,596151.0,1222353.0
2020-07-29 00:00:00+00:00,523675.0,1163851.0
2020-07-30 00:00:00+00:00,521352.0,1164479.0
2020-07-31 00:00:00+00:00,550668.0,1218838.0
2020-08-01 00:00:00+00:00,562801.0,1171566.0
2020-08-02 00:00:00+00:00,626146.0,1125886.0
2020-08-03 00:00:00+00:00,575598.0,1176793.0
2020-08-04 00:00:00+00:00,594577.0,1164208.0
2020-08-05 00:00:00+00:00,611242.0,1182699.0
2020-08-06 00:00:00+00:00,582260.0,1215885.0
2020-08-07 00:00:00+00:00,529429.0,1249695.0
2020-08-08 00:00:00+00:00,532607.0,1182406.0
2020-08-09 00:00:00+00:00,493476.0,1229151.0
2020-08-10 00:00:00+00:00,500790.0,1289980.0
2020-08-11 00:00:00+00:00,473147.0,1254244.0
2020-08-12 00:00:00+00:00,440096.0,1229214.0
2020-08-13 00:00:00+00:00,486979.0,1209139.0
2020-08-14 00:00:00+00:00,520788.0,1201546.0
2020-08-15 00:00:00+00:00,600612.0,1107833.0
2020-08-16 00:00:00+00:00,549697.0,1152369.0
2020-08-17 00:00:00+00:00,526760.0,1181976.0
2020-08-18 00:00:00+00:00,467068.0,1229256.0
2020-08-19 00:00:00+00:00,474989.0,1216891.0
2020-08-20 00:00:00+00:00,467326.0,1182994.0
2020-08-21 00:00:00+00:00,492967.0,1256752.0
2020-08-22 00:00:00+00:00,555166.0,1102479.0
2020-08-23 00:00:00+00:00,582203.0,1122524.0
2020-08-24 00:00:00+00:00,489798.0,1162182.0
2020-08-25 00:00:00+00:00,509157.0,1138199.0
2020-08-26 00:00:00+00:00,516867.0,1166218.0
2020-08-27 00:00:00+00:00,538449.0,1136576.0
2020-08-28 00:00:00+00:00,510764.0,1131912.0
2020-08-29 00:00:00+00:00,453869.0,1130992.0
2020-08-30 00:00:00+00:00,390040.0,1142415.0
2020-08-31 00:00:00+00:00,412302.0,1235856.0
2020-09-01 00:00:00+00:00,434255.0,1245701.0
2020-09-02 00:00:00+00:00,405978.0,1181212.0
2020-09-03 00:00:00+00:00,410463.0,1149636.0
2020-09-04 00:00:00+00:00,476106.0,1141207.0
2020-09-05 00:00:00+00:00,403351.0,1040906.0
2020-09-06 00:00:00+00:00,544008.0,1026667.0
2020-09-07 00:00:00+00:00,470998.0,1051480.0
2020-09-08 00:00:00+00:00,520483.0,1026700.0
2020-09-09 00:00:00+00:00,406766.0,1052603.0
2020-09-10 00:00:00+00:00,365959.0,1120964.0
2020-09-11 00:00:00+00:00,356479.0,1074413.0
2020-09-12 00:00:00+00:00,405023.0,1034584.0
2020-09-13 00:00:00+00:00,418818.0,1042047.0
2020-09-14 00:00:00+00:00,384998.0,1079688.0
2020-09-15 00:00:00+00:00,408754.0,1089837.0
2020-09-16 00:00:00+00:00,391793.0,1035013.0
2020-09-17 00:00:00+00:00,499706.0,1406016.0
2020-09-18 00:00:00+00:00,480140.0,1244808.0
2020-09-19 00:00:00+00:00,481384.0,1090001.0
2020-09-20 00:00:00+00:00,465984.0,1095309.0
2020-09-21 00:00:00+00:00,486381.0,1133662.0
2020-09-22 00:00:00+00:00,431660.0,1081497.0
2020-09-23 00:00:00+00:00,454852.0,1084100.0
2020-09-24 00:00:00+00:00,487588.0,1087537.0
2020-09-25 00:00:00+00:00,455205.0,1034790.0
2020-09-26 00:00:00+00:00,491205.0,984559.0
2020-09-27 00:00:00+00:00,488227.0,966479.0
2020-09-28 00:00:00+00:00,434364.0,1080187.0
2020-09-29 00:00:00+00:00,429114.0,1088234.0
2020-09-30 00:00:00+00:00,412900.0,1079040.0
2020-10-01 00:00:00+00:00,447266.0,1018741.0
2020-10-02 00:00:00+00:00,458931.0,1002138.0
2020-10-03 00:00:00+00:00,470605.0,956528.0
2020-10-04 00:00:00+00:00,472428.0,985452.0
2020-10-05 00:00:00+00:00,406952.0,1027690.0
2020-10-06 00:00:00+00:00,423241.0,1083502.0
2020-10-07 00:00:00+00:00,428105.0,1035384.0
2020-10-08 00:00:00+00:00,430143.0,1019446.0
2020-10-09 00:00:00+00:00,463202.0,1049571.0
2020-10-10 00:00:00+00:00,472917.0,1036351.0
2020-10-11 00:00:00+00:00,567079.0,1004701.0
2020-10-12 00:00:00+00:00,496784.0,1092162.0
2020-10-13 00:00:00+00:00,507728.0,1127396.0
2020-10-14 00:00:00+00:00,499023.0,1093927.0
2020-10-15 00:00:00+00:00,622855.0,1249576.0
2020-10-16 00:00:00+00:00,649222.0,1161135.0
2020-10-17 00:00:00+00:00,654595.0,1051772.0
2020-10-18 00:00:00+00:00,622632.0,995711.0
2020-10-19 00:00:00+00:00,490775.0,1128930.0
2020-10-20 00:00:00+00:00,484476.0,1105678.0
2020-10-21 00:00:00+00:00,499062.0,1159354.0
2020-10-22 00:00:00+00:00,519373.0,1189043.0
2020-10-23 00:00:00+00:00,518375.0,1132837.0
2020-10-24 00:00:00+00:00,603627.0,1012156.0
2020-10-25 00:00:00+00:00,586099.0,965206.0
2020-10-26 00:00:00+00:00,491011.0,1086139.0
2020-10-27 00:00:00+00:00,516481.0,1078466.0
2020-10-28 00:00:00+00:00,485592.0,1139608.0
2020-10-29 00:00:00+00:00,437339.0,1107849.0
2020-10-30 00:00:00+00:00,487850.0,1111013.0
2020-10-31 00:00:00+00:00,523774.0,1089587.0
2020-11-01 00:00:00+00:00,524955.0,1050753.0
2020-11-02 00:00:00+00:00,489991.0,1156870.0
2020-11-03 00:00:00+00:00,506038.0,1119359.0
2020-11-04 00:00:00+00:00,624329.0,1137324.0
2020-11-05 00:00:00+00:00,501093.0,1128431.0
2020-11-06 00:00:00+00:00,572051.0,1171971.0
2020-11-07 00:00:00+00:00,543960.0,1131722.0
2020-11-08 00:00:00+00:00,606393.0,1016465.0
2020-11-09 00:00:00+00:00,544076.0,1147695.0
2020-11-10 00:00:00+00:00,490165.0,1157455.0
2020-11-11 00:00:00+00:00,644637.0,1096582.0
2020-11-12 00:00:00+00:00,587185.0,1099253.0
2020-11-13 00:00:00+00:00,521391.0,1156377.0
2020-11-14 00:00:00+00:00,570886.0,1067063.0
2020-11-15 00:00:00+00:00,502932.0,1037428.0
2020-11-16 00:00:00+00:00,496245.0,1105512.0
2020-11-17 00:00:00+00:00,516398.0,1173012.0
2020-11-18 00:00:00+00:00,498948.0,1120798.0
2020-11-19 00:00:00+00:00,497407.0,1122748.0
2020-11-20 00:00:00+00:00,528074.0,1162871.0
2020-11-21 00:00:00+00:00,576465.0,1172183.0
2020-11-22 00:00:00+00:00,555648.0,1148006.0
2020-11-23 00:00:00+00:00,555902.0,1213632.0
2020-11-24 00:00:00+00:00,543358.0,1240072.0
2020-11-25 00:00:00+00:00,544007.0,1205924.0
2020-11-26 00:00:00+00:00,550014.0,1173330.0
2020-11-27 00:00:00+00:00,557981.0,1102889.0
2020-11-28 00:00:00+00:00,688338.0,992335.0
2020-11-29 00:00:00+00:00,738442.0,993930.0
2020-11-30 00:00:00+00:00,526154.0,1183915.0
2020-12-01 00:00:00+00:00,557803.0,1172361.0
2020-12-02 00:00:00+00:00,463101.0,1071389.0
2020-12-03 00:00:00+00:00,497765.0,1114178.0
2020-12-04 00:00:00+00:00,490687.0,1134337.0
2020-12-05 00:00:00+00:00,561872.0,1055722.0
2020-12-06 00:00:00+00:00,503911.0,1034515.0
2020-12-07 00:00:00+00:00,502914.0,1102501.0
2020-12-08 00:00:00+00:00,496763.0,1149816.0
2020-12-09 00:00:00+00:00,495313.0,1150822.0
2020-12-10 00:00:00+00:00,461397.0,1092429.0
2020-12-11 00:00:00+00:00,482120.0,1122160.0
2020-12-12 00:00:00+00:00,508541.0,1092064.0
2020-12-13 00:00:00+00:00,567528.0,1142703.0
2020-12-14 00:00:00+00:00,540146.0,1241593.0
2020-12-15 00:00:00+00:00,525003.0,1215285.0
2020-12-16 00:00:00+00:00,568397.0,1261767.0
2020-12-17 00:00:00+00:00,630989.0,1342281.0
2020-12-18 00:00:00+00:00,553059.0,1193950.0
2020-12-19 00:00:00+00:00,545504.0,1162872.0
2020-12-20 00:00:00+00:00,486928.0,1074305.0
2020-12-21 00:00:00+00:00,485929.0,1146949.0
2020-12-22 00:00:00+00:00,478230.0,1147101.0
2020-12-23 00:00:00+00:00,535032.0,1254308.0
2020-12-24 00:00:00+00:00,524268.0,1142743.0
2020-12-25 00:00:00+00:00,474891.0,1140417.0
2020-12-26 00:00:00+00:00,464883.0,1139562.0
2020-12-27 00:00:00+00:00,507617.0,1177372.0
2020-12-28 00:00:00+00:00,544393.0,1256783.0
2020-12-29 00:00:00+00:00,519247.0,1206703.0
2020-12-30 00:00:00+00:00,521592.0,1227653.0
2020-12-31 00:00:00+00:00,488771.0,1163876.0
2021-01-01 00:00:00+00:00,510101.0,1136712.0
2021-01-02 00:00:00+00:00,514897.0,1170839.0
2021-01-03 00:00:00+00:00,583016.0,1234419.0
2021-01-04 00:00:00+00:00,622703.0,1275169.0
2021-01-05 00:00:00+00:00,590567.0,1258441.0
2021-01-06 00:00:00+00:00,615397.0,1280434.0
2021-01-07 00:00:00+00:00,657940.0,1298568.0
2021-01-08 00:00:00+00:00,625529.0,1288953.0
2021-01-09 00:00:00+00:00,611577.0,1231759.0
2021-01-10 00:00:00+00:00,616425.0,1210603.0
2021-01-11 00:00:00+00:00,639488.0,1280285.0
2021-01-12 00:00:00+00:00,560453.0,1165508.0
2021-01-13 00:00:00+00:00,544429.0,1126532.0
2021-01-14 00:00:00+00:00,569395.0,1184604.0
2021-01-15 00:00:00+00:00,585278.0,1227187.0
2021-01-16 00:00:00+00:00,574479.0,1193339.0
2021-01-17 00:00:00+00:00,548825.0,1133096.0
2021-01-18 00:00:00+00:00,556477.0,1217953.0
2021-01-19 00:00:00+00:00,601608.0,1252236.0
2021-01-20 00:00:00+00:00,565812.0,1213930.0
2021-01-21 00:00:00+00:00,540817.0,1178190.0
2021-01-22 00:00:00+00:00,532996.0,1182794.0
2021-01-23 00:00:00+00:00,513611.0,1140666.0
2021-01-24 00:00:00+00:00,514920.0,1117744.0
2021-01-25 00:00:00+00:00,545218.0,1207263.0
2021-01-26 00:00:00+00:00,561114.0,1194595.0
2021-01-27 00:00:00+00:00,502562.0,1140980.0
2021-01-28 00:00:00+00:00,554632.0,1190834.0
2021-01-29 00:00:00+00:00,629038.0,1293963.0
2021-01-30 00:00:00+00:00,602899.0,1218241.0
2021-01-31 00:00:00+00:00,571050.0,1244924.0
2021-02-01 00:00:00+00:00,577465.0,1300451.0
2021-02-02 00:00:00+00:00,606118.0,1302891.0
2021-02-03 00:00:00+00:00,631087.0,1314906.0
2021-02-04 00:00:00+00:00,636305.0,1309863.0
2021-02-05 00:00:00+00:00,608627.0,1316904.0
2021-02-06 00:00:00+00:00,631036.0,1227828.0
2021-02-07 00:00:00+00:00,617266.0,1230638.0
2021-02-08 00:00:00+00:00,628030.0,1275739.0
2021-02-09 00:00:00+00:00,602870.0,1327544.0
2021-02-10 00:00:00+00:00,615258.0,1320357.0
2021-02-11 00:00:00+00:00,612147.0,1270521.0
2021-02-12 00:00:00+00:00,594586.0,1290300.0
2021-02-13 00:00:00+00:00,563728.0,1252364.0
2021-02-14 00:00:00+00:00,555362.0,1206665.0
2021-02-15 00:00:00+00:00,570428.0,1210500.0
2021-02-16 00:00:00+00:00,569471.0,1217916.0
2021-02-17 00:00:00+00:00,583485.0,1258503.0
2021-02-18 00:00:00+00:00,601008.0,1298425.0
2021-02-19 00:00:00+00:00,628239.0,1323618.0
2021-02-20 00:00:00+00:00,643508.0,1337507.0
2021-02-21 00:00:00+00:00,604275.0,1233518.0
2021-02-22 00:00:00+00:00,621854.0,1312178.0
2021-02-23 00:00:00+00:00,627532.0,1302882.0
2021-02-24 00:00:00+00:00,623761.0,1285208.0
2021-02-25 00:00:00+00:00,617442.0,1232758.0
2021-02-26 00:00:00+00:00,605207.0,1236241.0
2021-02-27 00:00:00+00:00,566703.0,1202432.0
2021-02-28 00:00:00+00:00,581312.0,1179859.0
2021-03-01 00:00:00+00:00,579328.0,1185925.0
2021-03-02 00:00:00+00:00,595815.0,1240182.0
2021-03-03 00:00:00+00:00,559290.0,1235048.0
2021-03-04 00:00:00+00:00,598759.0,1234903.0
2021-03-05 00:00:00+00:00,523336.0,1208640.0
2021-03-06 00:00:00+00:00,540482.0,1160519.0
2021-03-07 00:00:00+00:00,499681.0,1180104.0
2021-03-08 00:00:00+00:00,533766.0,1216417.0
2021-03-09 00:00:00+00:00,574924.0,1275347.0
2021-03-10 00:00:00+00:00,582839.0,1256065.0
2021-03-11 00:00:00+00:00,623451.0,1284767.0
2021-03-12 00:00:00+00:00,592344.0,1325679.0
2021-03-13 00:00:00+00:00,591289.0,1293352.0
2021-03-14 00:00:00+00:00,586582.0,1277890.0
2021-03-15 00:00:00+00:00,592456.0,1321388.0
2021-03-16 00:00:00+00:00,587909.0,1308992.0
2021-03-17 00:00:00+00:00,568872.0,1272298.0
2021-03-18 00:00:00+00:00,593537.0,1299760.0
2021-03-19 00:00:00+00:00,594703.0,1291231.0
2021-03-20 00:00:00+00:00,578797.0,1262309.0
2021-03-21 00:00:00+00:00,586231.0,1206064.0
2021-03-22 00:00:00+00:00,569907.0,1307460.0
2021-03-23 00:00:00+00:00,600962.0,1298959.0
2021-03-24 00:00:00+00:00,598323.0,1309468.0
2021-03-25 00:00:00+00:00,631921.0,1349663.0
2021-03-26 00:00:00+00:00,583327.0,1265836.0
2021-03-27 00:00:00+00:00,585373.0,1230764.0
2021-03-28 00:00:00+00:00,572638.0,1211918.0
2021-03-29 00:00:00+00:00,576264.0,1269901.0
2021-03-30 00:00:00+00:00,575013.0,1300973.0
2021-03-31 00:00:00+00:00,604978.0,1354603.0
2021-04-01 00:00:00+00:00,650309.0,1368006.0
2021-04-02 00:00:00+00:00,658067.0,1358619.0
2021-04-03 00:00:00+00:00,599988.0,1293333.0
2021-04-04 00:00:00+00:00,598827.0,1197875.0
2021-04-05 00:00:00+00:00,615638.0,1296946.0
2021-04-06 00:00:00+00:00,618991.0,1335799.0
2021-04-07 00:00:00+00:00,613188.0,1312638.0
2021-04-08 00:00:00+00:00,623895.0,1284449.0
2021-04-09 00:00:00+00:00,604995.0,1300882.0
2021-04-10 00:00:00+00:00,686485.0,1315016.0
2021-04-11 00:00:00+00:00,648054.0,1256904.0
2021-04-12 00:00:00+00:00,647932.0,1347983.0
2021-04-13 00:00:00+00:00,639676.0,1350467.0
2021-04-14 00:00:00+00:00,660252.0,1386341.0
2021-04-15 00:00:00+00:00,603416.0,1197340.0
2021-04-16 00:00:00+00:00,679754.0,1426977.0
2021-04-17 00:00:00+00:00,690473.0,1453000.0
2021-04-18 00:00:00+00:00,671585.0,1396766.0
2021-04-19 00:00:00+00:00,714303.0,1476842.0
2021-04-20 00:00:00+00:00,765455.0,1555560.0
2021-04-21 00:00:00+00:00,769061.0,1565355.0
2021-04-22 00:00:00+00:00,765287.0,1577266.0
2021-04-23 00:00:00+00:00,752702.0,1537100.0
2021-04-24 00:00:00+00:00,896808.0,1389103.0
2021-04-25 00:00:00+00:00,901911.0,1389350.0
2021-04-26 00:00:00+00:00,746503.0,1448466.0
2021-04-27 00:00:00+00:00,763975.0,1448293.0
2021-04-28 00:00:00+00:00,733611.0,1517604.0
2021-04-29 00:00:00+00:00,732180.0,1530717.0
2021-04-30 00:00:00+00:00,718364.0,1441230.0
2021-05-01 00:00:00+00:00,805198.0,1427568.0
2021-05-02 00:00:00+00:00,769732.0,1417458.0
2021-05-03 00:00:00+00:00,770330.0,1488804.0
2021-05-04 00:00:00+00:00,783365.0,1536119.0
2021-05-05 00:00:00+00:00,787175.0,1518877.0
2021-05-06 00:00:00+00:00,771566.0,1532197.0
2021-05-07 00:00:00+00:00,753949.0,1527890.0
2021-05-08 00:00:00+00:00,843892.0,1710882.0
2021-05-09 00:00:00+00:00,890713.0,1716600.0
2021-05-10 00:00:00+00:00,853624.0,1716489.0
2021-05-11 00:00:00+00:00,864611.0,1716051.0
2021-05-12 00:00:00+00:00,838260.0,1624077.0
2021-05-13 00:00:00+00:00,878849.0,1588560.0
2021-05-14 00:00:00+00:00,805755.0,1531689.0
2021-05-15 00:00:00+00:00,768273.0,1472680.0
2021-05-16 00:00:00+00:00,745201.0,1425115.0
2021-05-17 00:00:00+00:00,726562.0,1446627.0
2021-05-18 00:00:00+00:00,687604.0,1425053.0
2021-05-19 00:00:00+00:00,793161.0,1461174.0
2021-05-20 00:00:00+00:00,764071.0,1459146.0
2021-05-21 00:00:00+00:00,697499.0,1367394.0
2021-05-22 00:00:00+00:00,686947.0,1283663.0
2021-05-23 00:00:00+00:00,751221.0,1264253.0
2021-05-24 00:00:00+00:00,693847.0,1312739.0
2021-05-25 00:00:00+00:00,652514.0,1289446.0
2021-05-26 00:00:00+00:00,685336.0,1326432.0
2021-05-27 00:00:00+00:00,720290.0,1291385.0
2021-05-28 00:00:00+00:00,644047.0,1305078.0
2021-05-29 00:00:00+00:00,794192.0,1293425.0
2021-05-30 00:00:00+00:00,734624.0,1280282.0
2021-05-31 00:00:00+00:00,733140.0,1297889.0
2021-06-01 00:00:00+00:00,677920.0,1274354.0
2021-06-02 00:00:00+00:00,648077.0,1314178.0
2021-06-03 00:00:00+00:00,683741.0,1337711.0
2021-06-04 00:00:00+00:00,711636.0,1301803.0
2021-06-05 00:00:00+00:00,826004.0,1176676.0
2021-06-06 00:00:00+00:00,801579.0,1134526.0
2021-06-07 00:00:00+00:00,655320.0,1225549.0
2021-06-08 00:00:00+00:00,614894.0,1221063.0
2021-06-09 00:00:00+00:00,626011.0,1194275.0
2021-06-10 00:00:00+00:00,653958.0,1188556.0
2021-06-11 00:00:00+00:00,612641.0,1183286.0
2021-06-12 00:00:00+00:00,689502.0,1131777.0
2021-06-13 00:00:00+00:00,668513.0,1124736.0
2021-06-14 00:00:00+00:00,632306.0,1188556.0
2021-06-15 00:00:00+00:00,624917.0,1224101.0
2021-06-16 00:00:00+00:00,587775.0,1201109.0
2021-06-17 00:00:00+00:00,584095.0,1218956.0
2021-06-18 00:00:00+00:00,575623.0,1170182.0
2021-06-19 00:00:00+00:00,577194.0,1050189.0
2021-06-20 00:00:00+00:00,640273.0,1057288.0
2021-06-21 00:00:00+00:00,642471.0,1209567.0
2021-06-22 00:00:00+00:00,664525.0,1297644.0
2021-06-23 00:00:00+00:00,627659.0,1201974.0
2021-06-24 00:00:00+00:00,655167.0,1207012.0
2021-06-25 00:00:00+00:00,630078.0,1227331.0
2021-06-26 00:00:00+00:00,681695.0,1150460.0
2021-06-27 00:00:00+00:00,707381.0,1104703.0
2021-06-28 00:00:00+00:00,819820.0,1404100.0
2021-06-29 00:00:00+00:00,675964.0,1264320.0
2021-06-30 00:00:00+00:00,624034.0,1212214.0
2021-07-01 00:00:00+00:00,614828.0,1211710.0
2021-07-02 00:00:00+00:00,629288.0,1181574.0
2021-07-03 00:00:00+00:00,654247.0,1122543.0
2021-07-04 00:00:00+00:00,653685.0,1105343.0
2021-07-05 00:00:00+00:00,618615.0,1147895.0
2021-07-06 00:00:00+00:00,582960.0,1355421.0
2021-07-07 00:00:00+00:00,588423.0,1290979.0
2021-07-08 00:00:00+00:00,588538.0,1262627.0
2021-07-09 00:00:00+00:00,593720.0,1223691.0
2021-07-10 00:00:00+00:00,544549.0,1139265.0
2021-07-11 00:00:00+00:00,578124.0,1101766.0
2021-07-12 00:00:00+00:00,551183.0,1191465.0
2021-07-13 00:00:00+00:00,564378.0,1183412.0
2021-07-14 00:00:00+00:00,588607.0,1223130.0
2021-07-15 00:00:00+00:00,602431.0,1259972.0
2021-07-16 00:00:00+00:00,568019.0,1199018.0
2021-07-17 00:00:00+00:00,546153.0,1164624.0
2021-07-18 00:00:00+00:00,533205.0,1168843.0
2021-07-19 00:00:00+00:00,581805.0,1195218.0
2021-07-20 00:00:00+00:00,586375.0,1192750.0
2021-07-21 00:00:00+00:00,600059.0,1195171.0
2021-07-22 00:00:00+00:00,590183.0,1202844.0
2021-07-23 00:00:00+00:00,612742.0,1203397.0
2021-07-24 00:00:00+00:00,627527.0,1225509.0
2021-07-25 00:00:00+00:00,566614.0,1128848.0
2021-07-26 00:00:00+00:00,651897.0,1260619.0
2021-07-27 00:00:00+00:00,731645.0,1318124.0
2021-07-28 00:00:00+00:00,691120.0,1300283.0
2021-07-29 00:00:00+00:00,628698.0,1259128.0
2021-07-30 00:00:00+00:00,625795.0,1242337.0
2021-07-31 00:00:00+00:00,615234.0,1212322.0
2021-08-01 00:00:00+00:00,609619.0,1190618.0
2021-08-02 00:00:00+00:00,647157.0,1269470.0
2021-08-03 00:00:00+00:00,597708.0,1219663.0
2021-08-04 00:00:00+00:00,605814.0,1223841.0
2021-08-05 00:00:00+00:00,527820.0,1159663.0
2021-08-06 00:00:00+00:00,528548.0,1212021.0
2021-08-07 00:00:00+00:00,515004.0,1198433.0
2021-08-08 00:00:00+00:00,528091.0,1184278.0
2021-08-09 00:00:00+00:00,515125.0,1218594.0
2021-08-10 00:00:00+00:00,521466.0,1212289.0
2021-08-11 00:00:00+00:00,524067.0,1234409.0
2021-08-12 00:00:00+00:00,527452.0,1195283.0
2021-08-13 00:00:00+00:00,522902.0,1197050.0
2021-08-14 00:00:00+00:00,500097.0,1159942.0
2021-08-15 00:00:00+00:00,490025.0,1125295.0
2021-08-16 00:00:00+00:00,542706.0,1253968.0
2021-08-17 00:00:00+00:00,530631.0,1252163.0
2021-08-18 00:00:00+00:00,513849.0,1201544.0
2021-08-19 00:00:00+00:00,563048.0,1255453.0
2021-08-20 00:00:00+00:00,562206.0,1260054.0
2021-08-21 00:00:00+00:00,529226.0,1186758.0
2021-08-22 00:00:00+00:00,512238.0,1183893.0
2021-08-23 00:00:00+00:00,538781.0,1245624.0
2021-08-24 00:00:00+00:00,521033.0,1247051.0
2021-08-25 00:00:00+00:00,499356.0,1184780.0
2021-08-26 00:00:00+00:00,498865.0,1175063.0
2021-08-27 00:00:00+00:00,484937.0,1119072.0
2021-08-28 00:00:00+00:00,507968.0,1131721.0
2021-08-29 00:00:00+00:00,492972.0,1147150.0
2021-08-30 00:00:00+00:00,518590.0,1198993.0
2021-08-31 00:00:00+00:00,552051.0,1206314.0
2021-09-01 00:00:00+00:00,557664.0,1225104.0
2021-09-02 00:00:00+00:00,567054.0,1261258.0
2021-09-03 00:00:00+00:00,512273.0,1198777.0
2021-09-04 00:00:00+00:00,520028.0,1189085.0
2021-09-05 00:00:00+00:00,497385.0,1136467.0
2021-09-06 00:00:00+00:00,526971.0,1206493.0
2021-09-07 00:00:00+00:00,558574.0,1308071.0
2021-09-08 00:00:00+00:00,525184.0,1178449.0
2021-09-09 00:00:00+00:00,531348.0,1219850.0
2021-09-10 00:00:00+00:00,570843.0,1244706.0
2021-09-11 00:00:00+00:00,627702.0,1249438.0
2021-09-12 00:00:00+00:00,571552.0,1211328.0
2021-09-13 00:00:00+00:00,631800.0,1267491.0
2021-09-14 00:00:00+00:00,582576.0,1231240.0
2021-09-15 00:00:00+00:00,573831.0,1207590.0
2021-09-16 00:00:00+00:00,548933.0,1224358.0
2021-09-17 00:00:00+00:00,524419.0,1187578.0
2021-09-18 00:00:00+00:00,536378.0,1143196.0
2021-09-19 00:00:00+00:00,516797.0,1128226.0
2021-09-20 00:00:00+00:00,495259.0,1174559.0
2021-09-21 00:00:00+00:00,524490.0,1193295.0
2021-09-22 00:00:00+00:00,534705.0,1174030.0
2021-09-23 00:00:00+00:00,534321.0,1193053.0
2021-09-24 00:00:00+00:00,506369.0,1152685.0
2021-09-25 00:00:00+00:00,520155.0,1121078.0
2021-09-26 00:00:00+00:00,473719.0,1088537.0
2021-09-27 00:00:00+00:00,502882.0,1133903.0
2021-09-28 00:00:00+00:00,495482.0,1108122.0
2021-09-29 00:00:00+00:00,507212.0,1135869.0
2021-09-30 00:00:00+00:00,499026.0,1116157.0
2021-10-01 00:00:00+00:00,571554.0,1207263.0
2021-10-02 00:00:00+00:00,520147.0,1117899.0
2021-10-03 00:00:00+00:00,522882.0,1130224.0
2021-10-04 00:00:00+00:00,495268.0,1121513.0
2021-10-05 00:00:00+00:00,562663.0,1235674.0
2021-10-06 00:00:00+00:00,663597.0,1337833.0
2021-10-07 00:00:00+00:00,629637.0,1344295.0
2021-10-08 00:00:00+00:00,600443.0,1287034.0
2021-10-09 00:00:00+00:00,585763.0,1191856.0
2021-10-10 00:00:00+00:00,537497.0,1137901.0
2021-10-11 00:00:00+00:00,538818.0,1183486.0
2021-10-12 00:00:00+00:00,546484.0,1203566.0
2021-10-13 00:00:00+00:00,531985.0,1189854.0
2021-10-14 00:00:00+00:00,554283.0,1227097.0
2021-10-15 00:00:00+00:00,556421.0,1302993.0
2021-10-16 00:00:00+00:00,583223.0,1181031.0
2021-10-17 00:00:00+00:00,551918.0,1144184.0
2021-10-18 00:00:00+00:00,571994.0,1197673.0
2021-10-19 00:00:00+00:00,590941.0,1243503.0
2021-10-20 00:00:00+00:00,617867.0,1259885.0
2021-10-21 00:00:00+00:00,614826.0,1277275.0
2021-10-22 00:00:00+00:00,599968.0,1256044.0
2021-10-23 00:00:00+00:00,613428.0,1235169.0
2021-10-24 00:00:00+00:00,597172.0,1261312.0
2021-10-25 00:00:00+00:00,601353.0,1299495.0
2021-10-26 00:00:00+00:00,611277.0,1344772.0
2021-10-27 00:00:00+00:00,619064.0,1370504.0
2021-10-28 00:00:00+00:00,692894.0,1510502.0
2021-10-29 00:00:00+00:00,711169.0,1456333.0
2021-10-30 00:00:00+00:00,659889.0,1379095.0
2021-10-31 00:00:00+00:00,627757.0,1304184.0
2021-11-01 00:00:00+00:00,659285.0,1341733.0
2021-11-02 00:00:00+00:00,676772.0,1395656.0
2021-11-03 00:00:00+00:00,698045.0,1417221.0
2021-11-04 00:00:00+00:00,667719.0,1352186.0
2021-11-05 00:00:00+00:00,653772.0,1339661.0
2021-11-06 00:00:00+00:00,626349.0,1255921.0
2021-11-07 00:00:00+00:00,635934.0,1276998.0
2021-11-08 00:00:00+00:00,652985.0,1329018.0
2021-11-09 00:00:00+00:00,615663.0,1334145.0
2021-11-10 00:00:00+00:00,667073.0,1390746.0
2021-11-11 00:00:00+00:00,648381.0,1347643.0
2021-11-12 00:00:00+00:00,643077.0,1345131.0
2021-11-13 00:00:00+00:00,645914.0,1300464.0
2021-11-14 00:00:00+00:00,643453.0,1275744.0
2021-11-15 00:00:00+00:00,606035.0,1289636.0
2021-11-16 00:00:00+00:00,609878.0,1310153.0
2021-11-17 00:00:00+00:00,695411.0,1353219.0
2021-11-18 00:00:00+00:00,591158.0,1284250.0
2021-11-19 00:00:00+00:00,609854.0,1255788.0
2021-11-20 00:00:00+00:00,557039.0,1160128.0
2021-11-21 00:00:00+00:00,607663.0,1260939.0
2021-11-22 00:00:00+00:00,546020.0,1221508.0
2021-11-23 00:00:00+00:00,580960.0,1264994.0
2021-11-24 00:00:00+00:00,603666.0,1342491.0
2021-11-25 00:00:00+00:00,593203.0,1301578.0
2021-11-26 00:00:00+00:00,600396.0,1297524.0
2021-11-27 00:00:00+00:00,550277.0,1213284.0
2021-11-28 00:00:00+00:00,527846.0,1135653.0
2021-11-29 00:00:00+00:00,600952.0,1247688.0
2021-11-30 00:00:00+00:00,626326.0,1280926.0
2021-12-01 00:00:00+00:00,580963.0,1221643.0
2021-12-02 00:00:00+00:00,608129.0,1265286.0
2021-12-03 00:00:00+00:00,565386.0,1211488.0
2021-12-04 00:00:00+00:00,552442.0,1235697.0
2021-12-05 00:00:00+00:00,827716.0,1386491.0
2021-12-06 00:00:00+00:00,590752.0,1244773.0
2021-12-07 00:00:00+00:00,596211.0,1224771.0
2021-12-08 00:00:00+00:00,646033.0,1296307.0
2021-12-09 00:00:00+00:00,607679.0,1251338.0
2021-12-10 00:00:00+00:00,615402.0,1237735.0
2021-12-11 00:00:00+00:00,580529.0,1199384.0
2021-12-12 00:00:00+00:00,597666.0,1181898.0
2021-12-13 00:00:00+00:00,610119.0,1242978.0
2021-12-14 00:00:00+00:00,617851.0,1214900.0
2021-12-15 00:00:00+00:00,607023.0,1258462.0
2021-12-16 00:00:00+00:00,601543.0,1155456.0
2021-12-17 00:00:00+00:00,615023.0,1270355.0
2021-12-18 00:00:00+00:00,567903.0,1159873.0
2021-12-19 00:00:00+00:00,565355.0,1137581.0
2021-12-20 00:00:00+00:00,591470.0,1201239.0
2021-12-21 00:00:00+00:00,597365.0,1203638.0
2021-12-22 00:00:00+00:00,628066.0,1233315.0
2021-12-23 00:00:00+00:00,593940.0,1245242.0
2021-12-24 00:00:00+00:00,629177.0,1298329.0
2021-12-25 00:00:00+00:00,609518.0,1299519.0
2021-12-26 00:00:00+00:00,592616.0,1206942.0
2021-12-27 00:00:00+00:00,621784.0,1252037.0
2021-12-28 00:00:00+00:00,595032.0,1241032.0
2021-12-29 00:00:00+00:00,564074.0,1252468.0
2021-12-30 00:00:00+00:00,602454.0,1255688.0
2021-12-31 00:00:00+00:00,578540.0,1214585.0
2022-01-01 00:00:00+00:00,581310.0,1180989.0
2022-01-02 00:00:00+00:00,551998.0,1158900.0
2022-01-03 00:00:00+00:00,591354.0,1209173.0
2022-01-04 00:00:00+00:00,601544.0,1221316.0
2022-01-05 00:00:00+00:00,632107.0,1249628.0
2022-01-06 00:00:00+00:00,607697.0,1212495.0
2022-01-07 00:00:00+00:00,589283.0,1188490.0
2022-01-08 00:00:00+00:00,596125.0,1183873.0
2022-01-09 00:00:00+00:00,534489.0,1108322.0
2022-01-10 00:00:00+00:00,524870.0,1233195.0
2022-01-11 00:00:00+00:00,591386.0,1277649.0
2022-01-12 00:00:00+00:00,634922.0,1283346.0
2022-01-13 00:00:00+00:00,658808.0,1282921.0
2022-01-14 00:00:00+00:00,593126.0,1218460.0
2022-01-15 00:00:00+00:00,616538.0,1174849.0
2022-01-16 00:00:00+00:00,591290.0,1162954.0
2022-01-17 00:00:00+00:00,592963.0,1198719.0
2022-01-18 00:00:00+00:00,584159.0,1169526.0
2022-01-19 00:00:00+00:00,606823.0,1223143.0
2022-01-20 00:00:00+00:00,591925.0,1190018.0
2022-01-21 00:00:00+00:00,567601.0,1189898.0
2022-01-22 00:00:00+00:00,566830.0,1204920.0
2022-01-23 00:00:00+00:00,541674.0,1077884.0
2022-01-24 00:00:00+00:00,550404.0,1147109.0
2022-01-25 00:00:00+00:00,571545.0,1177640.0
2022-01-26 00:00:00+00:00,559574.0,1146116.0
2022-01-27 00:00:00+00:00,537711.0,1133684.0
2022-01-28 00:00:00+00:00,563345.0,1137559.0
2022-01-29 00:00:00+00:00,564639.0,1147157.0
2022-01-30 00:00:00+00:00,581901.0,1183850.0
2022-01-31 00:00:00+00:00,603862.0,1177345.0
2022-02-01 00:00:00+00:00,596580.0,1173199.0
2022-02-02 00:00:00+00:00,582512.0,1152665.0
2022-02-03 00:00:00+00:00,564022.0,1111215.0
2022-02-04 00:00:00+00:00,600857.0,1168994.0
2022-02-05 00:00:00+00:00,664334.0,1235023.0
2022-02-06 00:00:00+00:00,631736.0,1173884.0
2022-02-07 00:00:00+00:00,607608.0,1163338.0
2022-02-08 00:00:00+00:00,610323.0,1180780.0
2022-02-09 00:00:00+00:00,618614.0,1205889.0
2022-02-10 00:00:00+00:00,623464.0,1205676.0
2022-02-11 00:00:00+00:00,628135.0,1183966.0
2022-02-12 00:00:00+00:00,593930.0,1114648.0
2022-02-13 00:00:00+00:00,609734.0,1115296.0
2022-02-14 00:00:00+00:00,616653.0,1147522.0
2022-02-15 00:00:00+00:00,603711.0,1192633.0
2022-02-16 00:00:00+00:00,574473.0,1194693.0
2022-02-17 00:00:00+00:00,571833.0,1141997.0
2022-02-18 00:00:00+00:00,532857.0,1252754.0
2022-02-19 00:00:00+00:00,560677.0,1150162.0
2022-02-20 00:00:00+00:00,573519.0,1343869.0
2022-02-21 00:00:00+00:00,539817.0,1134349.0
2022-02-22 00:00:00+00:00,550464.0,1129213.0
2022-02-23 00:00:00+00:00,579757.0,1147632.0
2022-02-24 00:00:00+00:00,581027.0,1181182.0
2022-02-25 00:00:00+00:00,596415.0,1137898.0
2022-02-26 00:00:00+00:00,623437.0,1167802.0
2022-02-27 00:00:00+00:00,582203.0,1125065.0
2022-02-28 00:00:00+00:00,559824.0,1108112.0
2022-03-01 00:00:00+00:00,591290.0,1161564.0
2022-03-02 00:00:00+00:00,615639.0,1191369.0
2022-03-03 00:00:00+00:00,603657.0,1167187.0
2022-03-04 00:00:00+00:00,606641.0,1167450.0
2022-03-05 00:00:00+00:00,570463.0,1077981.0
2022-03-06 00:00:00+00:00,588892.0,1123245.0
2022-03-07 00:00:00+00:00,604545.0,1174568.0
2022-03-08 00:00:00+00:00,662168.0,1195626.0
2022-03-09 00:00:00+00:00,636798.0,1178322.0
2022-03-10 00:00:00+00:00,705372.0,1229591.0
2022-03-11 00:00:00+00:00,587448.0,1119334.0
2022-03-12 00:00:00+00:00,603452.0,1120627.0
2022-03-13 00:00:00+00:00,554862.0,1041827.0
2022-03-14 00:00:00+00:00,565713.0,1097913.0
2022-03-15 00:00:00+00:00,637927.0,1190207.0
2022-03-16 00:00:00+00:00,688363.0,1236011.0
2022-03-17 00:00:00+00:00,576394.0,1174532.0
2022-03-18 00:00:00+00:00,708137.0,1265944.0
2022-03-19 00:00:00+00:00,602552.0,1127607.0
2022-03-20 00:00:00+00:00,589913.0,1119066.0
2022-03-21 00:00:00+00:00,622971.0,1162829.0
2022-03-22 00:00:00+00:00,662271.0,1220571.0
2022-03-23 00:00:00+00:00,615398.0,1164437.0
2022-03-24 00:00:00+00:00,591502.0,1151969.0
2022-03-25 00:00:00+00:00,587955.0,1146814.0
2022-03-26 00:00:00+00:00,598766.0,1123878.0
2022-03-27 00:00:00+00:00,589698.0,1122675.0
2022-03-28 00:00:00+00:00,600048.0,1218023.0
2022-03-29 00:00:00+00:00,606799.0,1199899.0
2022-03-30 00:00:00+00:00,578060.0,1152200.0
2022-03-31 00:00:00+00:00,588465.0,1167121.0
2022-04-01 00:00:00+00:00,565447.0,1159493.0
2022-04-02 00:00:00+00:00,540619.0,1094668.0
2022-04-03 00:00:00+00:00,533294.0,1060779.0
2022-04-04 00:00:00+00:00,522069.0,1105170.0
2022-04-05 00:00:00+00:00,542184.0,1087129.0
2022-04-06 00:00:00+00:00,553413.0,1127174.0
2022-04-07 00:00:00+00:00,545393.0,1127793.0
2022-04-08 00:00:00+00:00,539721.0,1104419.0
2022-04-09 00:00:00+00:00,568479.0,1085399.0
2022-04-10 00:00:00+00:00,564604.0,1104239.0
2022-04-11 00:00:00+00:00,547339.0,1113264.0
2022-04-12 00:00:00+00:00,531996.0,1112524.0
2022-04-13 00:00:00+00:00,511890.0,1067983.0
2022-04-14 00:00:00+00:00,553038.0,1117285.0
2022-04-15 00:00:00+00:00,550349.0,1110994.0
2022-04-16 00:00:00+00:00,548320.0,1059286.0
2022-04-17 00:00:00+00:00,528863.0,1043251.0
2022-04-18 00:00:00+00:00,555385.0,1103439.0
2022-04-19 00:00:00+00:00,651247.0,1214496.0
2022-04-20 00:00:00+00:00,655981.0,1241534.0
2022-04-21 00:00:00+00:00,544777.0,1119925.0
2022-04-22 00:00:00+00:00,572976.0,1144822.0
2022-04-23 00:00:00+00:00,540859.0,1051478.0
2022-04-24 00:00:00+00:00,559200.0,1071778.0
2022-04-25 00:00:00+00:00,559293.0,1149227.0
2022-04-26 00:00:00+00:00,564643.0,1125250.0
2022-04-27 00:00:00+00:00,572913.0,1161504.0
2022-04-28 00:00:00+00:00,567858.0,1155514.0
2022-04-29 00:00:00+00:00,556135.0,1168081.0
2022-04-30 00:00:00+00:00,555823.0,1211671.0
2022-05-01 00:00:00+00:00,516314.0,1154787.0
2022-05-02 00:00:00+00:00,508839.0,1112065.0
2022-05-03 00:00:00+00:00,508627.0,1077506.0
2022-05-04 00:00:00+00:00,557482.0,1102254.0
2022-05-05 00:00:00+00:00,593851.0,1187804.0
2022-05-06 00:00:00+00:00,557019.0,1116562.0
2022-05-07 00:00:00+00:00,536753.0,1051489.0
2022-05-08 00:00:00+00:00,560544.0,1087198.0
2022-05-09 00:00:00+00:00,558479.0,1158340.0
2022-05-10 00:00:00+00:00,576970.0,1202934.0
2022-05-11 00:00:00+00:00,520754.0,1210708.0
2022-05-12 00:00:00+00:00,658062.0,1327755.0
2022-05-13 00:00:00+00:00,695591.0,1342405.0
2022-05-14 00:00:00+00:00,567897.0,1139785.0
2022-05-15 00:00:00+00:00,549377.0,1089441.0
2022-05-16 00:00:00+00:00,573392.0,1124352.0
2022-05-17 00:00:00+00:00,546736.0,1135718.0
2022-05-18 00:00:00+00:00,605317.0,1177913.0
2022-05-19 00:00:00+00:00,538886.0,1093367.0
2022-05-20 00:00:00+00:00,525097.0,1112811.0
2022-05-21 00:00:00+00:00,539737.0,1094539.0
2022-05-22 00:00:00+00:00,512640.0,1055644.0
2022-05-23 00:00:00+00:00,516478.0,1085863.0
2022-05-24 00:00:00+00:00,529361.0,1100715.0
2022-05-25 00:00:00+00:00,508394.0,1094639.0
2022-05-26 00:00:00+00:00,474789.0,1071180.0
2022-05-27 00:00:00+00:00,494939.0,1093469.0
2022-05-28 00:00:00+00:00,540979.0,1069802.0
2022-05-29 00:00:00+00:00,525079.0,1065407.0
2022-05-30 00:00:00+00:00,467010.0,1070320.0
2022-05-31 00:00:00+00:00,535077.0,1149142.0
2022-06-01 00:00:00+00:00,497974.0,1091283.0
2022-06-02 00:00:00+00:00,469844.0,1092776.0
2022-06-03 00:00:00+00:00,471612.0,1067485.0
2022-06-04 00:00:00+00:00,452819.0,1029121.0
2022-06-05 00:00:00+00:00,449159.0,1007109.0
2022-06-06 00:00:00+00:00,480143.0,1044319.0
2022-06-07 00:00:00+00:00,471285.0,1050984.0
2022-06-08 00:00:00+00:00,445135.0,1042749.0
2022-06-09 00:00:00+00:00,468652.0,1022462.0
2022-06-10 00:00:00+00:00,502689.0,1079448.0
2022-06-11 00:00:00+00:00,504859.0,1031618.0
2022-06-12 00:00:00+00:00,479435.0,1021635.0
2022-06-13 00:00:00+00:00,495554.0,1109435.0
2022-06-14 00:00:00+00:00,502774.0,1086757.0
2022-06-15 00:00:00+00:00,485344.0,1097000.0
2022-06-16 00:00:00+00:00,512976.0,1100312.0
2022-06-17 00:00:00+00:00,520393.0,1110579.0
2022-06-18 00:00:00+00:00,486081.0,1058336.0
2022-06-19 00:00:00+00:00,471524.0,1018674.0
2022-06-20 00:00:00+00:00,481392.0,1042748.0
2022-06-21 00:00:00+00:00,456202.0,1012862.0
2022-06-22 00:00:00+00:00,458693.0,988683.0
2022-06-23 00:00:00+00:00,439159.0,967965.0
2022-06-24 00:00:00+00:00,469974.0,1019472.0
2022-06-25 00:00:00+00:00,411050.0,939290.0
2022-06-26 00:00:00+00:00,392526.0,919721.0
2022-06-27 00:00:00+00:00,452419.0,994102.0
2022-06-28 00:00:00+00:00,433686.0,976577.0
2022-06-29 00:00:00+00:00,434797.0,1005566.0
2022-06-30 00:00:00+00:00,444774.0,1054433.0
2022-07-01 00:00:00+00:00,528527.0,1178620.0
2022-07-02 00:00:00+00:00,557002.0,1189382.0
2022-07-03 00:00:00+00:00,501278.0,1157052.0
2022-07-04 00:00:00+00:00,498451.0,1151999.0
2022-07-05 00:00:00+00:00,495235.0,1182504.0
2022-07-06 00:00:00+00:00,506042.0,1161432.0
2022-07-07 00:00:00+00:00,523021.0,1194330.0
2022-07-08 00:00:00+00:00,512454.0,1192819.0
2022-07-09 00:00:00+00:00,525366.0,1170747.0
2022-07-10 00:00:00+00:00,530270.0,1148902.0
2022-07-11 00:00:00+00:00,475953.0,1146369.0
2022-07-12 00:00:00+00:00,490073.0,1135896.0
2022-07-13 00:00:00+00:00,518760.0,1174882.0
2022-07-14 00:00:00+00:00,546310.0,1189567.0
2022-07-15 00:00:00+00:00,577324.0,1217596.0
2022-07-16 00:00:00+00:00,619314.0,1241502.0
2022-07-17 00:00:00+00:00,581176.0,1245545.0
2022-07-18 00:00:00+00:00,537891.0,1213565.0
2022-07-19 00:00:00+00:00,519793.0,1175526.0
2022-07-20 00:00:00+00:00,528020.0,1191452.0
2022-07-21 00:00:00+00:00,545645.0,1204397.0
2022-07-22 00:00:00+00:00,576567.0,1201699.0
2022-07-23 00:00:00+00:00,530546.0,1144468.0
2022-07-24 00:00:00+00:00,524671.0,1122303.0
2022-07-25 00:00:00+00:00,640296.0,1275861.0
2022-07-26 00:00:00+00:00,1093869.0,1679068.0
2022-07-27 00:00:00+00:00,567464.0,1197448.0
2022-07-28 00:00:00+00:00,535301.0,1158611.0
2022-07-29 00:00:00+00:00,562772.0,1192330.0
2022-07-30 00:00:00+00:00,573180.0,1179749.0
2022-07-31 00:00:00+00:00,559164.0,1158621.0
2022-08-01 00:00:00+00:00,698752.0,1342202.0
2022-08-02 00:00:00+00:00,571530.0,1206185.0
2022-08-03 00:00:00+00:00,613693.0,1250888.0
2022-08-04 00:00:00+00:00,877419.0,1459603.0
2022-08-05 00:00:00+00:00,587625.0,1207188.0
2022-08-06 00:00:00+00:00,589391.0,1148225.0
2022-08-07 00:00:00+00:00,582020.0,1166932.0
2022-08-08 00:00:00+00:00,541581.0,1167115.0
2022-08-09 00:00:00+00:00,522334.0,1125139.0
2022-08-10 00:00:00+00:00,533069.0,1160380.0
2022-08-11 00:00:00+00:00,503734.0,1098707.0
2022-08-12 00:00:00+00:00,534168.0,1130848.0
2022-08-13 00:00:00+00:00,532368.0,1106236.0
2022-08-14 00:00:00+00:00,512568.0,1102367.0
2022-08-15 00:00:00+00:00,494818.0,1104408.0
2022-08-16 00:00:00+00:00,525862.0,1086312.0
2022-08-17 00:00:00+00:00,537548.0,1099261.0
2022-08-18 00:00:00+00:00,538528.0,1117868.0
2022-08-19 00:00:00+00:00,502429.0,1093309.0
2022-08-20 00:00:00+00:00,497772.0,1096088.0
2022-08-21 00:00:00+00:00,528550.0,1077250.0
2022-08-22 00:00:00+00:00,484055.0,1059940.0
2022-08-23 00:00:00+00:00,485443.0,1075718.0
2022-08-24 00:00:00+00:00,496825.0,1043820.0
2022-08-25 00:00:00+00:00,514001.0,1074563.0
2022-08-26 00:00:00+00:00,488293.0,1057768.0
2022-08-27 00:00:00+00:00,500365.0,1047949.0
2022-08-28 00:00:00+00:00,482671.0,1025044.0
2022-08-29 00:00:00+00:00,476802.0,1083202.0
2022-08-30 00:00:00+00:00,466380.0,1051964.0
2022-08-31 00:00:00+00:00,467317.0,1035135.0
2022-09-01 00:00:00+00:00,491474.0,1085160.0
2022-09-02 00:00:00+00:00,516909.0,1083220.0
2022-09-03 00:00:00+00:00,528322.0,1035586.0
2022-09-04 00:00:00+00:00,592327.0,1113119.0
2022-09-05 00:00:00+00:00,529155.0,1091350.0
2022-09-06 00:00:00+00:00,506982.0,1076929.0
2022-09-07 00:00:00+00:00,481829.0,1068296.0
2022-09-08 00:00:00+00:00,508057.0,1078689.0
2022-09-09 00:00:00+00:00,519562.0,1093966.0
2022-09-10 00:00:00+00:00,496883.0,998158.0
2022-09-11 00:00:00+00:00,491233.0,1024482.0
2022-09-12 00:00:00+00:00,485852.0,1068969.0
2022-09-13 00:00:00+00:00,523705.0,1093205.0
2022-09-14 00:00:00+00:00,573357.0,1109172.0
2022-09-15 00:00:00+00:00,646709.0,1265640.0
2022-09-16 00:00:00+00:00,666896.0,1311849.0
2022-09-17 00:00:00+00:00,698249.0,1322077.0
2022-09-18 00:00:00+00:00,512039.0,1156893.0
2022-09-19 00:00:00+00:00,489805.0,1138210.0
2022-09-20 00:00:00+00:00,491038.0,1149031.0
2022-09-21 00:00:00+00:00,484980.0,1100130.0
2022-09-22 00:00:00+00:00,483507.0,1118297.0
2022-09-23 00:00:00+00:00,499931.0,1119895.0
2022-09-24 00:00:00+00:00,522080.0,1109206.0
2022-09-25 00:00:00+00:00,479298.0,1107217.0
2022-09-26 00:00:00+00:00,493645.0,1141218.0
2022-09-27 00:00:00+00:00,555088.0,1214294.0
2022-09-28 00:00:00+00:00,472581.0,1109706.0
2022-09-29 00:00:00+00:00,490188.0,1129558.0
2022-09-30 00:00:00+00:00,484535.0,1225886.0
2022-10-01 00:00:00+00:00,485677.0,1158038.0
2022-10-02 00:00:00+00:00,490309.0,1163876.0
2022-10-03 00:00:00+00:00,454753.0,1307142.0
2022-10-04 00:00:00+00:00,478071.0,1185269.0
2022-10-05 00:00:00+00:00,494940.0,1169356.0
2022-10-06 00:00:00+00:00,554370.0,1202667.0
2022-10-07 00:00:00+00:00,543473.0,1180358.0
2022-10-08 00:00:00+00:00,580345.0,1180084.0
2022-10-09 00:00:00+00:00,585311.0,1068531.0
2022-10-10 00:00:00+00:00,596926.0,1123390.0
2022-10-11 00:00:00+00:00,575645.0,1130309.0
2022-10-12 00:00:00+00:00,557899.0,1074204.0
2022-10-13 00:00:00+00:00,533764.0,1124129.0
2022-10-14 00:00:00+00:00,547755.0,1071895.0
2022-10-15 00:00:00+00:00,590641.0,1037870.0
2022-10-16 00:00:00+00:00,495690.0,980678.0
2022-10-17 00:00:00+00:00,478307.0,1073063.0
2022-10-18 00:00:00+00:00,442717.0,1062562.0
2022-10-19 00:00:00+00:00,462799.0,1088602.0
2022-10-20 00:00:00+00:00,503252.0,1155589.0
2022-10-21 00:00:00+00:00,489561.0,1116822.0
2022-10-22 00:00:00+00:00,503130.0,959417.0
2022-10-23 00:00:00+00:00,481224.0,1009771.0
2022-10-24 00:00:00+00:00,503643.0,1039240.0
2022-10-25 00:00:00+00:00,477854.0,1048003.0
2022-10-26 00:00:00+00:00,501034.0,1104723.0
2022-10-27 00:00:00+00:00,518491.0,1111785.0
2022-10-28 00:00:00+00:00,461379.0,1059633.0
2022-10-29 00:00:00+00:00,469781.0,1038800.0
2022-10-30 00:00:00+00:00,483185.0,1033475.0
2022-10-31 00:00:00+00:00,476136.0,1063248.0
2022-11-01 00:00:00+00:00,497231.0,1071986.0
2022-11-02 00:00:00+00:00,498423.0,1015945.0
2022-11-03 00:00:00+00:00,511457.0,1093977.0
2022-11-04 00:00:00+00:00,490402.0,1014135.0
2022-11-05 00:00:00+00:00,527978.0,952067.0
2022-11-06 00:00:00+00:00,482454.0,962845.0
2022-11-07 00:00:00+00:00,500251.0,1106711.0
2022-11-08 00:00:00+00:00,478828.0,1132048.0
2022-11-09 00:00:00+00:00,510134.0,1219648.0
2022-11-10 00:00:00+00:00,494968.0,1184632.0
2022-11-11 00:00:00+00:00,508830.0,1118967.0
2022-11-12 00:00:00+00:00,544637.0,1033438.0
2022-11-13 00:00:00+00:00,535954.0,1133442.0
2022-11-14 00:00:00+00:00,549655.0,1192824.0
2022-11-15 00:00:00+00:00,565783.0,1136911.0
2022-11-16 00:00:00+00:00,560372.0,1083796.0
2022-11-17 00:00:00+00:00,566821.0,1103401.0
2022-11-18 00:00:00+00:00,562812.0,1008485.0
2022-11-19 00:00:00+00:00,535697.0,911890.0
2022-11-20 00:00:00+00:00,511794.0,927233.0
2022-11-21 00:00:00+00:00,501171.0,963954.0
2022-11-22 00:00:00+00:00,491439.0,962924.0
2022-11-23 00:00:00+00:00,527114.0,972566.0
2022-11-24 00:00:00+00:00,617123.0,990202.0
2022-11-25 00:00:00+00:00,622610.0,999123.0
2022-11-26 00:00:00+00:00,597731.0,934988.0
2022-11-27 00:00:00+00:00,582750.0,881336.0
2022-11-28 00:00:00+00:00,613370.0,1087721.0
2022-11-29 00:00:00+00:00,573661.0,1047387.0
2022-11-30 00:00:00+00:00,525544.0,1026508.0
2022-12-01 00:00:00+00:00,512900.0,984139.0
2022-12-02 00:00:00+00:00,574442.0,1032952.0
2022-12-03 00:00:00+00:00,595930.0,963761.0
2022-12-04 00:00:00+00:00,631536.0,962172.0
2022-12-05 00:00:00+00:00,541940.0,1008205.0
2022-12-06 00:00:00+00:00,543715.0,1049066.0
2022-12-07 00:00:00+00:00,517420.0,972121.0
2022-12-08 00:00:00+00:00,528926.0,923887.0
2022-12-09 00:00:00+00:00,1505651.0,1932711.0
2022-12-10 00:00:00+00:00,733794.0,1103199.0
2022-12-11 00:00:00+00:00,723882.0,1068092.0
2022-12-12 00:00:00+00:00,671702.0,1182001.0
2022-12-13 00:00:00+00:00,554771.0,1151038.0
2022-12-14 00:00:00+00:00,562476.0,1095120.0
2022-12-15 00:00:00+00:00,538073.0,1080176.0
2022-12-16 00:00:00+00:00,559966.0,1153272.0
2022-12-17 00:00:00+00:00,537857.0,1040618.0
2022-12-18 00:00:00+00:00,517630.0,916817.0
2022-12-19 00:00:00+00:00,515433.0,994746.0
2022-12-20 00:00:00+00:00,464890.0,992470.0
2022-12-21 00:00:00+00:00,543410.0,1029079.0
2022-12-22 00:00:00+00:00,522781.0,989565.0
2022-12-23 00:00:00+00:00,522082.0,1044772.0
2022-12-24 00:00:00+00:00,598443.0,911507.0
2022-12-25 00:00:00+00:00,570853.0,836424.0
2022-12-26 00:00:00+00:00,530742.0,937653.0
2022-12-27 00:00:00+00:00,505048.0,1025274.0
2022-12-28 00:00:00+00:00,507677.0,977389.0
2022-12-29 00:00:00+00:00,505412.0,945627.0
2022-12-30 00:00:00+00:00,528156.0,944771.0
2022-12-31 00:00:00+00:00,519100.0,865806.0
2023-01-01 00:00:00+00:00,522460.0,742785.0
2023-01-02 00:00:00+00:00,473406.0,920276.0
2023-01-03 00:00:00+00:00,472981.0,948116.0
2023-01-04 00:00:00+00:00,507141.0,1046389.0
2023-01-05 00:00:00+00:00,626236.0,1142818.0
2023-01-06 00:00:00+00:00,501852.0,1028132.0
2023-01-07 00:00:00+00:00,577380.0,957607.0
2023-01-08 00:00:00+00:00,784959.0,1184114.0
2023-01-09 00:00:00+00:00,553880.0,1093675.0
2023-01-10 00:00:00+00:00,520294.0,1061055.0
2023-01-11 00:00:00+00:00,508868.0,1083178.0
2023-01-12 00:00:00+00:00,515485.0,1085563.0
2023-01-13 00:00:00+00:00,508590.0,1076328.0
2023-01-14 00:00:00+00:00,541020.0,1107804.0
2023-01-15 00:00:00+00:00,534997.0,1000777.0
2023-01-16 00:00:00+00:00,518753.0,1057284.0
2023-01-17 00:00:00+00:00,489795.0,1018353.0
2023-01-18 00:00:00+00:00,548397.0,1118225.0
2023-01-19 00:00:00+00:00,502409.0,1007125.0
2023-01-20 00:00:00+00:00,522810.0,1024504.0
2023-01-21 00:00:00+00:00,544098.0,994076.0
2023-01-22 00:00:00+00:00,538685.0,889814.0
2023-01-23 00:00:00+00:00,504730.0,947725.0
2023-01-24 00:00:00+00:00,487133.0,1032293.0
2023-01-25 00:00:00+00:00,495479.0,1020705.0
2023-01-26 00:00:00+00:00,498585.0,1048864.0
2023-01-27 00:00:00+00:00,545774.0,1100192.0
2023-01-28 00:00:00+00:00,516329.0,964429.0
2023-01-29 00:00:00+00:00,511731.0,998228.0
2023-01-30 00:00:00+00:00,516109.0,1074566.0
2023-01-31 00:00:00+00:00,519408.0,1086364.0
2023-02-01 00:00:00+00:00,516810.0,1064236.0
2023-02-02 00:00:00+00:00,501303.0,1104114.0
2023-02-03 00:00:00+00:00,457501.0,1072608.0
2023-02-04 00:00:00+00:00,500595.0,1064597.0
2023-02-05 00:00:00+00:00,537665.0,1069625.0
2023-02-06 00:00:00+00:00,503555.0,1077149.0
2023-02-07 00:00:00+00:00,477571.0,1142836.0
2023-02-08 00:00:00+00:00,483612.0,1121215.0
2023-02-09 00:00:00+00:00,475694.0,1082467.0
2023-02-10 00:00:00+00:00,497617.0,1071635.0
2023-02-11 00:00:00+00:00,509167.0,961493.0
2023-02-12 00:00:00+00:00,494505.0,953020.0
2023-02-13 00:00:00+00:00,492362.0,1054742.0
2023-02-14 00:00:00+00:00,537767.0,1141796.0
2023-02-15 00:00:00+00:00,478642.0,1160879.0
2023-02-16 00:00:00+00:00,477690.0,1138195.0
2023-02-17 00:00:00+00:00,471665.0,1066755.0
2023-02-18 00:00:00+00:00,456014.0,972865.0
2023-02-19 00:00:00+00:00,451883.0,1002399.0
2023-02-20 00:00:00+00:00,466024.0,1059640.0
2023-02-21 00:00:00+00:00,482474.0,1084290.0
2023-02-22 00:00:00+00:00,478581.0,1080839.0
2023-02-23 00:00:00+00:00,513684.0,1093537.0
2023-02-24 00:00:00+00:00,551238.0,1095771.0
2023-02-25 00:00:00+00:00,569007.0,995229.0
2023-02-26 00:00:00+00:00,566024.0,982721.0
2023-02-27 00:00:00+00:00,524438.0,1034112.0
2023-02-28 00:00:00+00:00,480872.0,1044634.0
2023-03-01 00:00:00+00:00,478680.0,1081357.0
2023-03-02 00:00:00+00:00,514379.0,1088950.0
2023-03-03 00:00:00+00:00,487088.0,1092189.0
2023-03-04 00:00:00+00:00,462695.0,971157.0
2023-03-05 00:00:00+00:00,432041.0,940858.0
2023-03-06 00:00:00+00:00,460020.0,1037182.0
2023-03-07 00:00:00+00:00,444134.0,1035152.0
2023-03-08 00:00:00+00:00,449531.0,1011772.0
2023-03-09 00:00:00+00:00,460423.0,1037747.0
2023-03-10 00:00:00+00:00,464631.0,1065950.0
2023-03-11 00:00:00+00:00,412067.0,1031282.0
2023-03-12 00:00:00+00:00,481016.0,974883.0
2023-03-13 00:00:00+00:00,584948.0,1173725.0
2023-03-14 00:00:00+00:00,510874.0,1105574.0
2023-03-15 00:00:00+00:00,494979.0,1076742.0
2023-03-16 00:00:00+00:00,467209.0,1042763.0
2023-03-17 00:00:00+00:00,504502.0,1068367.0
2023-03-18 00:00:00+00:00,504683.0,1023641.0
2023-03-19 00:00:00+00:00,491964.0,992358.0
2023-03-20 00:00:00+00:00,524591.0,1123422.0
2023-03-21 00:00:00+00:00,512051.0,1081542.0
2023-03-22 00:00:00+00:00,515905.0,1073049.0
2023-03-23 00:00:00+00:00,518217.0,1077305.0
2023-03-24 00:00:00+00:00,491152.0,1084231.0
2023-03-25 00:00:00+00:00,500188.0,1052415.0
2023-03-26 00:00:00+00:00,484571.0,1011463.0
2023-03-27 00:00:00+00:00,497906.0,1100122.0
2023-03-28 00:00:00+00:00,543283.0,1149677.0
2023-03-29 00:00:00+00:00,583946.0,1165012.0
2023-03-30 00:00:00+00:00,558559.0,1187924.0
2023-03-31 00:00:00+00:00,547486.0,1150727.0
2023-04-01 00:00:00+00:00,500064.0,1020143.0
2023-04-02 00:00:00+00:00,508193.0,981226.0
2023-04-03 00:00:00+00:00,499715.0,1052294.0
2023-04-04 00:00:00+00:00,511592.0,1068725.0
2023-04-05 00:00:00+00:00,517726.0,1123693.0
2023-04-06 00:00:00+00:00,488852.0,1036898.0
2023-04-07 00:00:00+00:00,537161.0,1043552.0
2023-04-08 00:00:00+00:00,510447.0,924776.0
2023-04-09 00:00:00+00:00,518856.0,956899.0
2023-04-10 00:00:00+00:00,548020.0,1016480.0
2023-04-11 00:00:00+00:00,545041.0,1084502.0
2023-04-12 00:00:00+00:00,526191.0,1021632.0
2023-04-13 00:00:00+00:00,576453.0,1094764.0
2023-04-14 00:00:00+00:00,597355.0,1166392.0
2023-04-15 00:00:00+00:00,653705.0,1056292.0
2023-04-16 00:00:00+00:00,559661.0,854249.0
2023-04-17 00:00:00+00:00,457397.0,1011979.0
2023-04-18 00:00:00+00:00,442615.0,1070108.0
2023-04-19 00:00:00+00:00,414942.0,1085066.0
2023-04-20 00:00:00+00:00,428139.0,1073576.0
2023-04-21 00:00:00+00:00,488479.0,1009840.0
2023-04-22 00:00:00+00:00,485507.0,862010.0
2023-04-23 00:00:00+00:00,461961.0,867666.0
2023-04-24 00:00:00+00:00,461974.0,940804.0
2023-04-25 00:00:00+00:00,496299.0,976311.0
2023-04-26 00:00:00+00:00,496218.0,978121.0
2023-04-27 00:00:00+00:00,511244.0,939262.0
2023-04-28 00:00:00+00:00,490402.0,987649.0
2023-04-29 00:00:00+00:00,514443.0,887098.0
2023-04-30 00:00:00+00:00,447064.0,974972.0
2023-05-01 00:00:00+00:00,402269.0,1102060.0
2023-05-02 00:00:00+00:00,433988.0,1127805.0
2023-05-03 00:00:00+00:00,452868.0,1117146.0
2023-05-04 00:00:00+00:00,450578.0,1110210.0
2023-05-05 00:00:00+00:00,484923.0,1208548.0
2023-05-06 00:00:00+00:00,409974.0,1145565.0
2023-05-07 00:00:00+00:00,418073.0,1101487.0
2023-05-08 00:00:00+00:00,443089.0,1145960.0
2023-05-09 00:00:00+00:00,454485.0,1126707.0
2023-05-10 00:00:00+00:00,427186.0,1086375.0
2023-05-11 00:00:00+00:00,410160.0,1099638.0
2023-05-12 00:00:00+00:00,462843.0,1070884.0
2023-05-13 00:00:00+00:00,502560.0,994500.0
2023-05-14 00:00:00+00:00,517668.0,992354.0
2023-05-15 00:00:00+00:00,479793.0,1091921.0
2023-05-16 00:00:00+00:00,438043.0,1072600.0
2023-05-17 00:00:00+00:00,444193.0,1043585.0
2023-05-18 00:00:00+00:00,462762.0,1054402.0
2023-05-19 00:00:00+00:00,452814.0,1073998.0
2023-05-20 00:00:00+00:00,567922.0,1049772.0
2023-05-21 00:00:00+00:00,505370.0,1014742.0
2023-05-22 00:00:00+00:00,440862.0,1075234.0
2023-05-23 00:00:00+00:00,443649.0,1113165.0
2023-05-24 00:00:00+00:00,457564.0,1054823.0
2023-05-25 00:00:00+00:00,457571.0,1062757.0
2023-05-26 00:00:00+00:00,455922.0,1059510.0
2023-05-27 00:00:00+00:00,484034.0,982620.0
2023-05-28 00:00:00+00:00,425747.0,968996.0
2023-05-29 00:00:00+00:00,452819.0,1082245.0
2023-05-30 00:00:00+00:00,495825.0,1190789.0
2023-05-31 00:00:00+00:00,485068.0,1098149.0
2023-06-01 00:00:00+00:00,441316.0,1071180.0
2023-06-02 00:00:00+00:00,519377.0,1102996.0
2023-06-03 00:00:00+00:00,520912.0,1003794.0
2023-06-04 00:00:00+00:00,499026.0,962454.0
2023-06-05 00:00:00+00:00,553237.0,1151611.0
2023-06-06 00:00:00+00:00,521356.0,1095144.0
2023-06-07 00:00:00+00:00,534812.0,1071257.0
2023-06-08 00:00:00+00:00,506910.0,1008582.0
2023-06-09 00:00:00+00:00,568104.0,1046976.0
2023-06-10 00:00:00+00:00,645859.0,1204433.0
2023-06-11 00:00:00+00:00,722848.0,1106073.0
2023-06-12 00:00:00+00:00,527637.0,975959.0
2023-06-13 00:00:00+00:00,532081.0,952433.0
2023-06-14 00:00:00+00:00,526308.0,1023424.0
2023-06-15 00:00:00+00:00,556918.0,1110065.0
2023-06-16 00:00:00+00:00,570083.0,1146585.0
2023-06-17 00:00:00+00:00,559942.0,984217.0
2023-06-18 00:00:00+00:00,597861.0,1001818.0
2023-06-19 00:00:00+00:00,572877.0,1046350.0
2023-06-20 00:00:00+00:00,501731.0,1072045.0
2023-06-21 00:00:00+00:00,521987.0,1091714.0
2023-06-22 00:00:00+00:00,499018.0,1052333.0
2023-06-23 00:00:00+00:00,538476.0,1054976.0
2023-06-24 00:00:00+00:00,560995.0,1004563.0
2023-06-25 00:00:00+00:00,558073.0,934895.0
2023-06-26 00:00:00+00:00,542329.0,996984.0
2023-06-27 00:00:00+00:00,498328.0,1067370.0
2023-06-28 00:00:00+00:00,502634.0,1094481.0
2023-06-29 00:00:00+00:00,446169.0,1064346.0
2023-06-30 00:00:00+00:00,492936.0,1129184.0
2023-07-01 00:00:00+00:00,496384.0,1015838.0
2023-07-02 00:00:00+00:00,495119.0,925771.0
2023-07-03 00:00:00+00:00,493543.0,1061564.0
2023-07-04 00:00:00+00:00,468826.0,931944.0
2023-07-05 00:00:00+00:00,330408.0,760586.0
2023-07-06 00:00:00+00:00,357008.0,914280.0
2023-07-07 00:00:00+00:00,410247.0,1038341.0
2023-07-08 00:00:00+00:00,441020.0,1014086.0
2023-07-09 00:00:00+00:00,444382.0,954379.0
2023-07-10 00:00:00+00:00,505778.0,1057858.0
2023-07-11 00:00:00+00:00,493934.0,1091428.0
2023-07-12 00:00:00+00:00,444909.0,1041317.0
2023-07-13 00:00:00+00:00,461538.0,1121269.0
2023-07-14 00:00:00+00:00,512709.0,1110332.0
2023-07-15 00:00:00+00:00,495888.0,950700.0
2023-07-16 00:00:00+00:00,460558.0,946750.0
2023-07-17 00:00:00+00:00,432935.0,1036419.0
2023-07-18 00:00:00+00:00,495815.0,1175963.0
2023-07-19 00:00:00+00:00,466872.0,1093783.0
2023-07-20 00:00:00+00:00,431813.0,1049510.0
2023-07-21 00:00:00+00:00,462143.0,1110882.0
2023-07-22 00:00:00+00:00,432180.0,1004374.0
2023-07-23 00:00:00+00:00,424115.0,977305.0
2023-07-24 00:00:00+00:00,420593.0,1036300.0
2023-07-25 00:00:00+00:00,389259.0,990249.0
2023-07-26 00:00:00+00:00,428906.0,1029348.0
2023-07-27 00:00:00+00:00,414078.0,998420.0
2023-07-28 00:00:00+00:00,423058.0,1014601.0
2023-07-29 00:00:00+00:00,443989.0,991161.0
2023-07-30 00:00:00+00:00,449643.0,981157.0
2023-07-31 00:00:00+00:00,532895.0,1048101.0
2023-08-01 00:00:00+00:00,430764.0,1068108.0
2023-08-02 00:00:00+00:00,439016.0,1042149.0
2023-08-03 00:00:00+00:00,463901.0,1049539.0
2023-08-04 00:00:00+00:00,483717.0,1075359.0
2023-08-05 00:00:00+00:00,456526.0,1124372.0
2023-08-06 00:00:00+00:00,470221.0,987506.0
2023-08-07 00:00:00+00:00,434031.0,1047336.0
2023-08-08 00:00:00+00:00,426439.0,1098689.0
2023-08-09 00:00:00+00:00,479009.0,1076595.0
2023-08-10 00:00:00+00:00,435345.0,1037733.0
2023-08-11 00:00:00+00:00,462207.0,1050203.0
2023-08-12 00:00:00+00:00,456717.0,972839.0
2023-08-13 00:00:00+00:00,472123.0,920802.0
2023-08-14 00:00:00+00:00,452925.0,1009971.0
2023-08-15 00:00:00+00:00,450149.0,1056395.0
2023-08-16 00:00:00+00:00,419867.0,1076026.0
2023-08-17 00:00:00+00:00,442604.0,1065879.0
2023-08-18 00:00:00+00:00,466951.0,1081417.0
2023-08-19 00:00:00+00:00,523589.0,1041484.0
2023-08-20 00:00:00+00:00,468619.0,943440.0
2023-08-21 00:00:00+00:00,426008.0,1010718.0
2023-08-22 00:00:00+00:00,412243.0,1040834.0
2023-08-23 00:00:00+00:00,425302.0,1045220.0
2023-08-24 00:00:00+00:00,431316.0,1055235.0
2023-08-25 00:00:00+00:00,420800.0,1025742.0
2023-08-26 00:00:00+00:00,495985.0,990794.0
2023-08-27 00:00:00+00:00,500556.0,907110.0
2023-08-28 00:00:00+00:00,392699.0,995843.0
2023-08-29 00:00:00+00:00,412991.0,1019692.0
2023-08-30 00:00:00+00:00,465457.0,1027316.0
2023-08-31 00:00:00+00:00,454064.0,1010128.0
2023-09-01 00:00:00+00:00,496632.0,1006635.0
2023-09-02 00:00:00+00:00,580665.0,1024172.0
2023-09-03 00:00:00+00:00,590095.0,1038128.0
2023-09-04 00:00:00+00:00,415077.0,952440.0
2023-09-05 00:00:00+00:00,453263.0,994049.0
2023-09-06 00:00:00+00:00,472724.0,1058940.0
2023-09-07 00:00:00+00:00,454333.0,1017089.0
2023-09-08 00:00:00+00:00,455177.0,1014297.0
2023-09-09 00:00:00+00:00,472142.0,929400.0
2023-09-10 00:00:00+00:00,480768.0,866548.0
2023-09-11 00:00:00+00:00,506669.0,1021616.0
2023-09-12 00:00:00+00:00,580314.0,1092958.0
2023-09-13 00:00:00+00:00,1146469.0,1627860.0
2023-09-14 00:00:00+00:00,496984.0,1071590.0
2023-09-15 00:00:00+00:00,451903.0,1002709.0
2023-09-16 00:00:00+00:00,472439.0,922374.0
2023-09-17 00:00:00+00:00,479039.0,879624.0
2023-09-18 00:00:00+00:00,452238.0,979571.0
2023-09-19 00:00:00+00:00,453301.0,1002911.0
2023-09-20 00:00:00+00:00,462906.0,1012663.0
2023-09-21 00:00:00+00:00,607789.0,1131119.0
2023-09-22 00:00:00+00:00,485197.0,974991.0
2023-09-23 00:00:00+00:00,529009.0,863503.0
2023-09-24 00:00:00+00:00,509942.0,883746.0
2023-09-25 00:00:00+00:00,463901.0,990751.0
2023-09-26 00:00:00+00:00,461614.0,1041222.0
2023-09-27 00:00:00+00:00,480193.0,1056862.0
2023-09-28 00:00:00+00:00,482888.0,1030538.0
2023-09-29 00:00:00+00:00,488093.0,1024678.0
2023-09-30 00:00:00+00:00,472166.0,977771.0
2023-10-01 00:00:00+00:00,474950.0,922694.0
2023-10-02 00:00:00+00:00,440326.0,1016845.0
2023-10-03 00:00:00+00:00,452017.0,1002455.0
2023-10-04 00:00:00+00:00,470040.0,983598.0
2023-10-05 00:00:00+00:00,482454.0,955796.0
2023-10-06 00:00:00+00:00,496999.0,993544.0
2023-10-07 00:00:00+00:00,516225.0,996807.0
2023-10-08 00:00:00+00:00,478609.0,924403.0
2023-10-09 00:00:00+00:00,459613.0,993579.0
2023-10-10 00:00:00+00:00,454990.0,1005950.0
2023-10-11 00:00:00+00:00,486645.0,1005828.0
2023-10-12 00:00:00+00:00,478310.0,1004069.0
2023-10-13 00:00:00+00:00,477264.0,1007291.0
2023-10-14 00:00:00+00:00,499942.0,898577.0
2023-10-15 00:00:00+00:00,509670.0,921231.0
2023-10-16 00:00:00+00:00,445496.0,1027904.0
2023-10-17 00:00:00+00:00,469524.0,1002389.0
2023-10-18 00:00:00+00:00,443137.0,1010682.0
2023-10-19 00:00:00+00:00,438038.0,997931.0
2023-10-20 00:00:00+00:00,469116.0,1087921.0
2023-10-21 00:00:00+00:00,467937.0,987400.0
2023-10-22 00:00:00+00:00,466832.0,980622.0
2023-10-23 00:00:00+00:00,443611.0,1063574.0
2023-10-24 00:00:00+00:00,462901.0,1098323.0
2023-10-25 00:00:00+00:00,452980.0,1081158.0
2023-10-26 00:00:00+00:00,446883.0,1091779.0
2023-10-27 00:00:00+00:00,431981.0,1034649.0
2023-10-28 00:00:00+00:00,430136.0,991315.0
2023-10-29 00:00:00+00:00,442265.0,1071556.0
2023-10-30 00:00:00+00:00,451831.0,1094713.0
2023-10-31 00:00:00+00:00,443637.0,1089606.0
2023-11-01 00:00:00+00:00,448247.0,1101380.0
2023-11-02 00:00:00+00:00,430684.0,1045341.0
2023-11-03 00:00:00+00:00,449646.0,1104674.0
2023-11-04 00:00:00+00:00,424516.0,1013882.0
2023-11-05 00:00:00+00:00,412472.0,1034459.0
2023-11-06 00:00:00+00:00,425120.0,1101645.0
2023-11-07 00:00:00+00:00,452904.0,1055975.0
2023-11-08 00:00:00+00:00,435097.0,1066274.0
2023-11-09 00:00:00+00:00,465799.0,1125199.0
2023-11-10 00:00:00+00:00,503810.0,1146191.0
2023-11-11 00:00:00+00:00,477097.0,1107685.0
2023-11-12 00:00:00+00:00,445257.0,1061494.0
2023-11-13 00:00:00+00:00,404394.0,1088278.0
2023-11-14 00:00:00+00:00,411867.0,1050000.0
2023-11-15 00:00:00+00:00,432358.0,1075386.0
2023-11-16 00:00:00+00:00,447363.0,1093005.0
2023-11-17 00:00:00+00:00,442407.0,1084679.0
2023-11-18 00:00:00+00:00,435562.0,1134614.0
2023-11-19 00:00:00+00:00,445712.0,983460.0
2023-11-20 00:00:00+00:00,478802.0,1151945.0
2023-11-21 00:00:00+00:00,454803.0,1129495.0
2023-11-22 00:00:00+00:00,468822.0,1142003.0
2023-11-23 00:00:00+00:00,472550.0,1123339.0
2023-11-24 00:00:00+00:00,459777.0,1068410.0
2023-11-25 00:00:00+00:00,447357.0,985612.0
2023-11-26 00:00:00+00:00,445942.0,989613.0
2023-11-27 00:00:00+00:00,427313.0,1077314.0
2023-11-28 00:00:00+00:00,435397.0,1155016.0
2023-11-29 00:00:00+00:00,435185.0,1151825.0
2023-11-30 00:00:00+00:00,444493.0,1119717.0
2023-12-01 00:00:00+00:00,455498.0,1119260.0
2023-12-02 00:00:00+00:00,448231.0,1210135.0
2023-12-03 00:00:00+00:00,484971.0,1030989.0
2023-12-04 00:00:00+00:00,501479.0,1158630.0
2023-12-05 00:00:00+00:00,478540.0,1197166.0
2023-12-06 00:00:00+00:00,470269.0,1126986.0
2023-12-07 00:00:00+00:00,514384.0,1159526.0
2023-12-08 00:00:00+00:00,512163.0,1182465.0
2023-12-09 00:00:00+00:00,514381.0,1120555.0
2023-12-10 00:00:00+00:00,530417.0,1129096.0
2023-12-11 00:00:00+00:00,477448.0,1087662.0
2023-12-12 00:00:00+00:00,460872.0,1076667.0
2023-12-13 00:00:00+00:00,436280.0,1081514.0
2023-12-14 00:00:00+00:00,472896.0,1157276.0
2023-12-15 00:00:00+00:00,460372.0,1162222.0
2023-12-16 00:00:00+00:00,422688.0,1056961.0
2023-12-17 00:00:00+00:00,473059.0,1081782.0
2023-12-18 00:00:00+00:00,469668.0,1137970.0
2023-12-19 00:00:00+00:00,494272.0,1153138.0
2023-12-20 00:00:00+00:00,548565.0,1246531.0
2023-12-21 00:00:00+00:00,567353.0,1242003.0
2023-12-22 00:00:00+00:00,559864.0,1205712.0
2023-12-23 00:00:00+00:00,520957.0,1121929.0
2023-12-24 00:00:00+00:00,527103.0,1140411.0
2023-12-25 00:00:00+00:00,522614.0,1102694.0
2023-12-26 00:00:00+00:00,513646.0,1116447.0
2023-12-27 00:00:00+00:00,505094.0,1137685.0
2023-12-28 00:00:00+00:00,543618.0,1185508.0
2023-12-29 00:00:00+00:00,480676.0,1110469.0
2023-12-30 00:00:00+00:00,514594.0,1090893.0
2023-12-31 00:00:00+00:00,503085.0,1061956.0
2024-01-01 00:00:00+00:00,562773.0,1101465.0
2024-01-02 00:00:00+00:00,512753.0,1128657.0
2024-01-03 00:00:00+00:00,477192.0,1092220.0
2024-01-04 00:00:00+00:00,475972.0,1116573.0
2024-01-05 00:00:00+00:00,489211.0,1069252.0
2024-01-06 00:00:00+00:00,483964.0,994947.0
2024-01-07 00:00:00+00:00,523419.0,1049831.0
2024-01-08 00:00:00+00:00,508589.0,1073535.0
2024-01-09 00:00:00+00:00,512092.0,1078832.0
2024-01-10 00:00:00+00:00,624690.0,1247106.0
2024-01-11 00:00:00+00:00,596971.0,1209246.0
2024-01-12 00:00:00+00:00,579744.0,1209875.0
2024-01-13 00:00:00+00:00,495542.0,1212202.0
2024-01-14 00:00:00+00:00,403225.0,1961144.0
2024-01-15 00:00:00+00:00,522570.0,1154132.0
2024-01-16 00:00:00+00:00,460330.0,1269778.0
2024-01-17 00:00:00+00:00,452249.0,1181029.0
2024-01-18 00:00:00+00:00,499927.0,1204406.0
2024-01-19 00:00:00+00:00,526104.0,1173934.0
2024-01-20 00:00:00+00:00,538236.0,1062400.0
2024-01-21 00:00:00+00:00,546924.0,1119258.0
2024-01-22 00:00:00+00:00,516458.0,1076456.0
2024-01-23 00:00:00+00:00,525689.0,1083406.0
2024-01-24 00:00:00+00:00,498167.0,1080129.0
2024-01-25 00:00:00+00:00,544086.0,1173661.0
2024-01-26 00:00:00+00:00,548880.0,1172353.0
2024-01-27 00:00:00+00:00,604147.0,1147736.0
2024-01-28 00:00:00+00:00,569471.0,1128110.0
2024-01-29 00:00:00+00:00,555438.0,1115710.0
2024-01-30 00:00:00+00:00,542307.0,1190513.0
2024-01-31 00:00:00+00:00,515245.0,1137621.0
2024-02-01 00:00:00+00:00,496021.0,1127338.0
2024-02-02 00:00:00+00:00,508866.0,1108172.0
2024-02-03 00:00:00+00:00,495027.0,1054604.0
2024-02-04 00:00:00+00:00,543243.0,1049649.0
2024-02-05 00:00:00+00:00,549186.0,1120237.0
2024-02-06 00:00:00+00:00,495537.0,1080846.0
2024-02-07 00:00:00+00:00,489939.0,1143018.0
2024-02-08 00:00:00+00:00,456068.0,1052168.0
2024-02-09 00:00:00+00:00,470607.0,1075272.0
2024-02-10 00:00:00+00:00,472368.0,1010940.0
2024-02-11 00:00:00+00:00,507304.0,1027275.0
2024-02-12 00:00:00+00:00,505729.0,984284.0
2024-02-13 00:00:00+00:00,522147.0,1102512.0
2024-02-14 00:00:00+00:00,550218.0,1130386.0
2024-02-15 00:00:00+00:00,534338.0,1153897.0
2024-02-16 00:00:00+00:00,545912.0,1179007.0
2024-02-17 00:00:00+00:00,535786.0,1078511.0
2024-02-18 00:00:00+00:00,504340.0,1093072.0
2024-02-19 00:00:00+00:00,537690.0,1146697.0
2024-02-20 00:00:00+00:00,535843.0,1149756.0
2024-02-21 00:00:00+00:00,494220.0,1100360.0
2024-02-22 00:00:00+00:00,480307.0,1082822.0
2024-02-23 00:00:00+00:00,525471.0,1159988.0
2024-02-24 00:00:00+00:00,542711.0,1101339.0
2024-02-25 00:00:00+00:00,563938.0,1102202.0
2024-02-26 00:00:00+00:00,566336.0,1187460.0
2024-02-27 00:00:00+00:00,571866.0,1219667.0
2024-02-28 00:00:00+00:00,583458.0,1227000.0
2024-02-29 00:00:00+00:00,568518.0,1236458.0
2024-03-01 00:00:00+00:00,567634.0,1205380.0
2024-03-02 00:00:00+00:00,569559.0,1210225.0
2024-03-03 00:00:00+00:00,591186.0,1182830.0
2024-03-04 00:00:00+00:00,588463.0,1267200.0
2024-03-05 00:00:00+00:00,582912.0,1303724.0
2024-03-06 00:00:00+00:00,548248.0,1218992.0
2024-03-07 00:00:00+00:00,574568.0,1228816.0
2024-03-08 00:00:00+00:00,561713.0,1212254.0
2024-03-09 00:00:00+00:00,553560.0,1160185.0
2024-03-10 00:00:00+00:00,539361.0,1157440.0
2024-03-11 00:00:00+00:00,595781.0,1245874.0
2024-03-12 00:00:00+00:00,578377.0,1232719.0
2024-03-13 00:00:00+00:00,603003.0,1277221.0
2024-03-14 00:00:00+00:00,612536.0,1300877.0
2024-03-15 00:00:00+00:00,675933.0,1312102.0
2024-03-16 00:00:00+00:00,670469.0,1275332.0
2024-03-17 00:00:00+00:00,664906.0,1204019.0
2024-03-18 00:00:00+00:00,659801.0,1281387.0
2024-03-19 00:00:00+00:00,650497.0,1377677.0
2024-03-20 00:00:00+00:00,692050.0,1370939.0
2024-03-21 00:00:00+00:00,690508.0,1331198.0
2024-03-22 00:00:00+00:00,696307.0,1323924.0
2024-03-23 00:00:00+00:00,700773.0,1297609.0
2024-03-24 00:00:00+00:00,679695.0,1230758.0
2024-03-25 00:00:00+00:00,660352.0,1279190.0
2024-03-26 00:00:00+00:00,608189.0,1315082.0
2024-03-27 00:00:00+00:00,573286.0,1272273.0
2024-03-28 00:00:00+00:00,596032.0,1287078.0
2024-03-29 00:00:00+00:00,642512.0,1304561.0
2024-03-30 00:00:00+00:00,650692.0,1239605.0
2024-03-31 00:00:00+00:00,653977.0,1245309.0
2024-04-01 00:00:00+00:00,611993.0,1245715.0
2024-04-02 00:00:00+00:00,546109.0,1239577.0
2024-04-03 00:00:00+00:00,537711.0,1211600.0
2024-04-04 00:00:00+00:00,569904.0,1234719.0
2024-04-05 00:00:00+00:00,599968.0,1242174.0
2024-04-06 00:00:00+00:00,628725.0,1201522.0
2024-04-07 00:00:00+00:00,622065.0,1177838.0
2024-04-08 00:00:00+00:00,598540.0,1221235.0
2024-04-09 00:00:00+00:00,565994.0,1226401.0
2024-04-10 00:00:00+00:00,590235.0,1207941.0
2024-04-11 00:00:00+00:00,582348.0,1213672.0
2024-04-12 00:00:00+00:00,633107.0,1322052.0
2024-04-13 00:00:00+00:00,576579.0,1162426.0
2024-04-14 00:00:00+00:00,578258.0,1133064.0
2024-04-15 00:00:00+00:00,600397.0,1187906.0
2024-04-16 00:00:00+00:00,623665.0,1178451.0
2024-04-17 00:00:00+00:00,620637.0,1245968.0
2024-04-18 00:00:00+00:00,609816.0,1235484.0
2024-04-19 00:00:00+00:00,580759.0,1182165.0
2024-04-20 00:00:00+00:00,635686.0,1152540.0
2024-04-21 00:00:00+00:00,606734.0,1133785.0
2024-04-22 00:00:00+00:00,565977.0,1178253.0
2024-04-23 00:00:00+00:00,558590.0,1199365.0
2024-04-24 00:00:00+00:00,539490.0,1171434.0
2024-04-25 00:00:00+00:00,565454.0,1186539.0
2024-04-26 00:00:00+00:00,615496.0,1177416.0
2024-04-27 00:00:00+00:00,622222.0,1103918.0
2024-04-28 00:00:00+00:00,631340.0,1140939.0
2024-04-29 00:00:00+00:00,634789.0,1224677.0
2024-04-30 00:00:00+00:00,615440.0,1262466.0
2024-05-01 00:00:00+00:00,589497.0,1206626.0
2024-05-02 00:00:00+00:00,631566.0,1223696.0
2024-05-03 00:00:00+00:00,626688.0,1194608.0
2024-05-04 00:00:00+00:00,647201.0,1163073.0
2024-05-05 00:00:00+00:00,634400.0,1145911.0
2024-05-06 00:00:00+00:00,605873.0,1190232.0
2024-05-07 00:00:00+00:00,605694.0,1231931.0
2024-05-08 00:00:00+00:00,588088.0,1159221.0
2024-05-09 00:00:00+00:00,579657.0,1126649.0
2024-05-10 00:00:00+00:00,611791.0,1154535.0
2024-05-11 00:00:00+00:00,595395.0,1113685.0
2024-05-12 00:00:00+00:00,617082.0,1055429.0
2024-05-13 00:00:00+00:00,575636.0,1163122.0
2024-05-14 00:00:00+00:00,583373.0,1182521.0
2024-05-15 00:00:00+00:00,613829.0,1197067.0
2024-05-16 00:00:00+00:00,604917.0,1218766.0
2024-05-17 00:00:00+00:00,569230.0,1112590.0
2024-05-18 00:00:00+00:00,641401.0,1082308.0
2024-05-19 00:00:00+00:00,579016.0,1022057.0
2024-05-20 00:00:00+00:00,546790.0,1124081.0
2024-05-21 00:00:00+00:00,560062.0,1198696.0
2024-05-22 00:00:00+00:00,552922.0,1188672.0
2024-05-23 00:00:00+00:00,519468.0,1156304.0
2024-05-24 00:00:00+00:00,553536.0,1164101.0
2024-05-25 00:00:00+00:00,598267.0,1157033.0
2024-05-26 00:00:00+00:00,533284.0,1139013.0
2024-05-27 00:00:00+00:00,498242.0,1159616.0
2024-05-28 00:00:00+00:00,461484.0,1105315.0
2024-05-29 00:00:00+00:00,520099.0,1172771.0
2024-05-30 00:00:00+00:00,495167.0,1149944.0
2024-05-31 00:00:00+00:00,505517.0,1175396.0
2024-06-01 00:00:00+00:00,490287.0,1119675.0
2024-06-02 00:00:00+00:00,476034.0,1076974.0
2024-06-03 00:00:00+00:00,474371.0,1152786.0
2024-06-04 00:00:00+00:00,516994.0,1164380.0
2024-06-05 00:00:00+00:00,483558.0,1178477.0
2024-06-06 00:00:00+00:00,475215.0,1154720.0
2024-06-07 00:00:00+00:00,510663.0,1184232.0
2024-06-08 00:00:00+00:00,540011.0,1156305.0
2024-06-09 00:00:00+00:00,540061.0,1142399.0
2024-06-10 00:00:00+00:00,511530.0,1180168.0
2024-06-11 00:00:00+00:00,504409.0,1177067.0
2024-06-12 00:00:00+00:00,532832.0,1224208.0
2024-06-13 00:00:00+00:00,535451.0,1230853.0
2024-06-14 00:00:00+00:00,532661.0,1184071.0
2024-06-15 00:00:00+00:00,574241.0,1137118.0
2024-06-16 00:00:00+00:00,588379.0,1123092.0
2024-06-17 00:00:00+00:00,520331.0,1143178.0
2024-06-18 00:00:00+00:00,490549.0,1147395.0
2024-06-19 00:00:00+00:00,511058.0,1127592.0
2024-06-20 00:00:00+00:00,504589.0,1150083.0
2024-06-21 00:00:00+00:00,663885.0,1263722.0
2024-06-22 00:00:00+00:00,808983.0,1316624.0
2024-06-23 00:00:00+00:00,588860.0,1095704.0
2024-06-24 00:00:00+00:00,562076.0,1158931.0
2024-06-25 00:00:00+00:00,597376.0,1193832.0
2024-06-26 00:00:00+00:00,633829.0,1248199.0
2024-06-27 00:00:00+00:00,538256.0,1173697.0
2024-06-28 00:00:00+00:00,561733.0,1175815.0
2024-06-29 00:00:00+00:00,656977.0,1142572.0
2024-06-30 00:00:00+00:00,580898.0,1122964.0
2024-07-01 00:00:00+00:00,547334.0,1155552.0
2024-07-02 00:00:00+00:00,539489.0,1135937.0
2024-07-03 00:00:00+00:00,498539.0,1151881.0
2024-07-04 00:00:00+00:00,572314.0,1241195.0
2024-07-05 00:00:00+00:00,569838.0,1237133.0
2024-07-06 00:00:00+00:00,613236.0,1137910.0
2024-07-07 00:00:00+00:00,567737.0,1028463.0
2024-07-08 00:00:00+00:00,542605.0,1137702.0
2024-07-09 00:00:00+00:00,540111.0,1151773.0
2024-07-10 00:00:00+00:00,527292.0,1175636.0
2024-07-11 00:00:00+00:00,548429.0,1191567.0
2024-07-12 00:00:00+00:00,609220.0,1187556.0
2024-07-13 00:00:00+00:00,610493.0,1144551.0
2024-07-14 00:00:00+00:00,497263.0,1083062.0
2024-07-15 00:00:00+00:00,505297.0,1156258.0
2024-07-16 00:00:00+00:00,517949.0,1199035.0
2024-07-17 00:00:00+00:00,463312.0,1187616.0
2024-07-18 00:00:00+00:00,476042.0,1182695.0
2024-07-19 00:00:00+00:00,510183.0,1143619.0
2024-07-20 00:00:00+00:00,571318.0,1106348.0
2024-07-21 00:00:00+00:00,533075.0,1110007.0
2024-07-22 00:00:00+00:00,497445.0,1151384.0
2024-07-23 00:00:00+00:00,520567.0,1153608.0
2024-07-24 00:00:00+00:00,531361.0,1134655.0
2024-07-25 00:00:00+00:00,504084.0,1125280.0
2024-07-26 00:00:00+00:00,540778.0,1138693.0
2024-07-27 00:00:00+00:00,494615.0,1073935.0
2024-07-28 00:00:00+00:00,536213.0,1041777.0
2024-07-29 00:00:00+00:00,512372.0,1093737.0
2024-07-30 00:00:00+00:00,503262.0,1167025.0
2024-07-31 00:00:00+00:00,488443.0,1166240.0
2024-08-01 00:00:00+00:00,435221.0,1125933.0
2024-08-02 00:00:00+00:00,454772.0,1087561.0
2024-08-03 00:00:00+00:00,546458.0,1087774.0
2024-08-04 00:00:00+00:00,566158.0,1043193.0
2024-08-05 00:00:00+00:00,449721.0,1133164.0
2024-08-06 00:00:00+00:00,502856.0,1130468.0
2024-08-07 00:00:00+00:00,484440.0,1123175.0
2024-08-08 00:00:00+00:00,451579.0,1097066.0
2024-08-09 00:00:00+00:00,482592.0,1100553.0
2024-08-10 00:00:00+00:00,576076.0,1051563.0
2024-08-11 00:00:00+00:00,500704.0,985147.0
2024-08-12 00:00:00+00:00,422856.0,1060624.0
2024-08-13 00:00:00+00:00,474971.0,1088875.0
2024-08-14 00:00:00+00:00,646570.0,1278666.0
2024-08-15 00:00:00+00:00,603353.0,1252405.0
2024-08-16 00:00:00+00:00,541263.0,1111995.0
2024-08-17 00:00:00+00:00,565404.0,1003438.0
2024-08-18 00:00:00+00:00,519567.0,1029131.0
2024-08-19 00:00:00+00:00,461113.0,1042805.0
2024-08-20 00:00:00+00:00,463357.0,1070613.0
2024-08-21 00:00:00+00:00,488674.0,1084041.0
2024-08-22 00:00:00+00:00,506943.0,1093186.0
2024-08-23 00:00:00+00:00,510832.0,1125193.0
2024-08-24 00:00:00+00:00,556174.0,1088203.0
2024-08-25 00:00:00+00:00,495871.0,973412.0
2024-08-26 00:00:00+00:00,538097.0,1114163.0
2024-08-27 00:00:00+00:00,531187.0,1132797.0
2024-08-28 00:00:00+00:00,496801.0,1149274.0
2024-08-29 00:00:00+00:00,534339.0,1153728.0
2024-08-30 00:00:00+00:00,525769.0,1133892.0
2024-08-31 00:00:00+00:00,539031.0,1012648.0
2024-09-01 00:00:00+00:00,548611.0,1011212.0
2024-09-02 00:00:00+00:00,488354.0,1086384.0
2024-09-03 00:00:00+00:00,488483.0,1129081.0
2024-09-04 00:00:00+00:00,458154.0,1108873.0
2024-09-05 00:00:00+00:00,463343.0,1121084.0
2024-09-06 00:00:00+00:00,489148.0,1124382.0
2024-09-07 00:00:00+00:00,505206.0,1115728.0
2024-09-08 00:00:00+00:00,559292.0,1085480.0
2024-09-09 00:00:00+00:00,486100.0,1158357.0
2024-09-10 00:00:00+00:00,497278.0,1166560.0
2024-09-11 00:00:00+00:00,549027.0,1170510.0
2024-09-12 00:00:00+00:00,487221.0,1168620.0
2024-09-13 00:00:00+00:00,499824.0,1158069.0
2024-09-14 00:00:00+00:00,525764.0,1095765.0
2024-09-15 00:00:00+00:00,541610.0,1086732.0
2024-09-16 00:00:00+00:00,435137.0,1101816.0
2024-09-17 00:00:00+00:00,464540.0,1144470.0
2024-09-18 00:00:00+00:00,420578.0,1132760.0
2024-09-19 00:00:00+00:00,416530.0,1178603.0
2024-09-20 00:00:00+00:00,422622.0,1156825.0
2024-09-21 00:00:00+00:00,416815.0,1082726.0
2024-09-22 00:00:00+00:00,436396.0,1063818.0
2024-09-23 00:00:00+00:00,418609.0,1135378.0
2024-09-24 00:00:00+00:00,446356.0,1144263.0
2024-09-25 00:00:00+00:00,440864.0,1151716.0
2024-09-26 00:00:00+00:00,448101.0,1151158.0
2024-09-27 00:00:00+00:00,508839.0,1202550.0
2024-09-28 00:00:00+00:00,534530.0,1113743.0
2024-09-29 00:00:00+00:00,497779.0,1116620.0
2024-09-30 00:00:00+00:00,509251.0,1195210.0
2024-10-01 00:00:00+00:00,552048.0,1266656.0
2024-10-02 00:00:00+00:00,496823.0,1156600.0
2024-10-03 00:00:00+00:00,521417.0,1161490.0
2024-10-04 00:00:00+00:00,471079.0,1139613.0
2024-10-05 00:00:00+00:00,438550.0,1099244.0
2024-10-06 00:00:00+00:00,423173.0,1069768.0
2024-10-07 00:00:00+00:00,441087.0,1154423.0
2024-10-08 00:00:00+00:00,434713.0,1156248.0
2024-10-09 00:00:00+00:00,482632.0,1182083.0
2024-10-10 00:00:00+00:00,454242.0,1154738.0
2024-10-11 00:00:00+00:00,485939.0,1227069.0
2024-10-12 00:00:00+00:00,497572.0,1159085.0
2024-10-13 00:00:00+00:00,457774.0,1060369.0
2024-10-14 00:00:00+00:00,498392.0,1173591.0
2024-10-15 00:00:00+00:00,516385.0,1212877.0
2024-10-16 00:00:00+00:00,491597.0,1156834.0
2024-10-17 00:00:00+00:00,543592.0,1247886.0
2024-10-18 00:00:00+00:00,573519.0,1330449.0
2024-10-19 00:00:00+00:00,599089.0,1250641.0
2024-10-20 00:00:00+00:00,533726.0,1177600.0
2024-10-21 00:00:00+00:00,538679.0,1185104.0
2024-10-22 00:00:00+00:00,536229.0,1181372.0
2024-10-23 00:00:00+00:00,509138.0,1137763.0
2024-10-24 00:00:00+00:00,502403.0,1132267.0
2024-10-25 00:00:00+00:00,502861.0,1143624.0
2024-10-26 00:00:00+00:00,505976.0,1098532.0
2024-10-27 00:00:00+00:00,431241.0,965098.0
2024-10-28 00:00:00+00:00,458684.0,1053714.0
2024-10-29 00:00:00+00:00,523376.0,1173025.0
2024-10-30 00:00:00+00:00,443016.0,1106479.0
2024-10-31 00:00:00+00:00,485178.0,1085336.0
2024-11-01 00:00:00+00:00,481430.0,1101047.0
2024-11-02 00:00:00+00:00,490886.0,1073738.0
2024-11-03 00:00:00+00:00,502616.0,1114734.0
2024-11-04 00:00:00+00:00,464007.0,1121115.0
2024-11-05 00:00:00+00:00,475308.0,1105923.0
2024-11-06 00:00:00+00:00,479645.0,1195439.0
2024-11-07 00:00:00+00:00,513491.0,1223300.0
2024-11-08 00:00:00+00:00,525242.0,1228931.0
2024-11-09 00:00:00+00:00,500755.0,1154408.0
2024-11-10 00:00:00+00:00,524956.0,1211713.0
2024-11-11 00:00:00+00:00,561074.0,1276334.0
2024-11-12 00:00:00+00:00,545638.0,1288787.0
2024-11-13 00:00:00+00:00,527943.0,1270183.0
2024-11-14 00:00:00+00:00,548302.0,1284085.0
2024-11-15 00:00:00+00:00,569301.0,1244665.0
2024-11-16 00:00:00+00:00,578354.0,1241006.0
2024-11-17 00:00:00+00:00,569177.0,1204729.0
2024-11-18 00:00:00+00:00,532913.0,1229167.0
2024-11-19 00:00:00+00:00,545199.0,1222473.0
2024-11-20 00:00:00+00:00,562785.0,1243428.0
2024-11-21 00:00:00+00:00,573282.0,1266953.0
2024-11-22 00:00:00+00:00,608783.0,1301173.0
2024-11-23 00:00:00+00:00,595219.0,1277757.0
2024-11-24 00:00:00+00:00,564490.0,1207132.0
2024-11-25 00:00:00+00:00,584087.0,1292463.0
2024-11-26 00:00:00+00:00,561936.0,1265769.0
2024-11-27 00:00:00+00:00,598038.0,1275842.0
2024-11-28 00:00:00+00:00,616324.0,1256719.0
2024-11-29 00:00:00+00:00,589287.0,1279446.0
2024-11-30 00:00:00+00:00,551474.0,1232587.0
2024-12-01 00:00:00+00:00,579646.0,1228535.0
2024-12-02 00:00:00+00:00,592286.0,1341788.0
2024-12-03 00:00:00+00:00,583738.0,1349338.0
2024-12-04 00:00:00+00:00,598566.0,1339995.0
2024-12-05 00:00:00+00:00,609650.0,1344520.0
2024-12-06 00:00:00+00:00,603641.0,1330997.0
2024-12-07 00:00:00+00:00,614603.0,1243988.0
2024-12-08 00:00:00+00:00,593007.0,1224361.0
2024-12-09 00:00:00+00:00,569276.0,1329408.0
2024-12-10 00:00:00+00:00,610919.0,1379827.0
2024-12-11 00:00:00+00:00,595689.0,1297795.0
2024-12-12 00:00:00+00:00,632555.0,1350929.0
2024-12-13 00:00:00+00:00,625658.0,1280204.0
2024-12-14 00:00:00+00:00,595321.0,1238981.0
2024-12-15 00:00:00+00:00,572588.0,1199954.0
2024-12-16 00:00:00+00:00,584730.0,1288678.0
2024-12-17 00:00:00+00:00,633135.0,1319728.0
2024-12-18 00:00:00+00:00,586437.0,1288421.0
2024-12-19 00:00:00+00:00,593388.0,1281658.0
2024-12-20 00:00:00+00:00,617940.0,1327871.0
2024-12-21 00:00:00+00:00,636495.0,1257560.0
2024-12-22 00:00:00+00:00,661932.0,1254501.0
2024-12-23 00:00:00+00:00,644736.0,1306194.0
2024-12-24 00:00:00+00:00,681144.0,1263508.0
2024-12-25 00:00:00+00:00,647401.0,1206212.0
2024-12-26 00:00:00+00:00,575672.0,1208665.0
2024-12-27 00:00:00+00:00,597038.0,1240371.0
2024-12-28 00:00:00+00:00,559493.0,1193108.0
2024-12-29 00:00:00+00:00,563774.0,1199862.0
2024-12-30 00:00:00+00:00,568891.0,1240007.0
2024-12-31 00:00:00+00:00,550052.0,1248109.0
2025-01-01 00:00:00+00:00,453472.0,1040808.0
2025-01-02 00:00:00+00:00,486772.0,1086430.0
2025-01-03 00:00:00+00:00,555276.0,1236060.0
2025-01-04 00:00:00+00:00,540771.0,1161690.0
2025-01-05 00:00:00+00:00,538968.0,1142808.0
2025-01-06 00:00:00+00:00,518795.0,1214663.0
2025-01-07 00:00:00+00:00,549766.0,1212018.0
2025-01-08 00:00:00+00:00,528335.0,1200637.0
2025-01-09 00:00:00+00:00,538508.0,1201934.0
2025-01-10 00:00:00+00:00,549307.0,1191720.0
2025-01-11 00:00:00+00:00,578859.0,1120421.0
2025-01-12 00:00:00+00:00,539823.0,1097434.0
2025-01-13 00:00:00+00:00,554991.0,1216397.0
2025-01-14 00:00:00+00:00,599208.0,1228551.0
2025-01-15 00:00:00+00:00,570274.0,1235101.0
2025-01-16 00:00:00+00:00,556504.0,1243708.0
2025-01-17 00:00:00+00:00,545962.0,1244622.0
2025-01-18 00:00:00+00:00,519864.0,1242402.0
2025-01-19 00:00:00+00:00,591559.0,1342035.0
2025-01-20 00:00:00+00:00,629557.0,1389309.0
2025-01-21 00:00:00+00:00,607071.0,1266425.0
2025-01-22 00:00:00+00:00,597537.0,1272295.0
2025-01-23 00:00:00+00:00,608180.0,1272961.0
2025-01-24 00:00:00+00:00,630744.0,1372877.0
2025-01-25 00:00:00+00:00,789004.0,1401619.0
2025-01-26 00:00:00+00:00,608826.0,1224985.0
2025-01-27 00:00:00+00:00,554206.0,1262797.0
2025-01-28 00:00:00+00:00,549777.0,1189629.0
2025-01-29 00:00:00+00:00,544023.0,1173714.0
2025-01-30 00:00:00+00:00,543074.0,1192475.0
2025-01-31 00:00:00+00:00,539938.0,1187266.0
2025-02-01 00:00:00+00:00,533961.0,1128799.0
2025-02-02 00:00:00+00:00,489399.0,1127284.0
2025-02-03 00:00:00+00:00,500641.0,1244916.0
2025-02-04 00:00:00+00:00,567675.0,1330098.0
2025-02-05 00:00:00+00:00,605351.0,1209086.0
2025-02-06 00:00:00+00:00,659801.0,1333804.0
2025-02-07 00:00:00+00:00,662264.0,1330807.0
2025-02-08 00:00:00+00:00,700649.0,1203788.0
2025-02-09 00:00:00+00:00,646027.0,1187055.0
2025-02-10 00:00:00+00:00,711876.0,1356631.0
2025-02-11 00:00:00+00:00,612087.0,1325846.0
2025-02-12 00:00:00+00:00,613684.0,1275635.0
2025-02-13 00:00:00+00:00,627574.0,1321148.0
2025-02-14 00:00:00+00:00,666254.0,1349547.0
2025-02-15 00:00:00+00:00,668614.0,1171706.0
2025-02-16 00:00:00+00:00,685798.0,1129295.0
2025-02-17 00:00:00+00:00,675569.0,1358017.0
2025-02-18 00:00:00+00:00,606517.0,1312465.0
2025-02-19 00:00:00+00:00,639839.0,1257368.0
2025-02-20 00:00:00+00:00,685150.0,1323505.0
2025-02-21 00:00:00+00:00,656153.0,1357193.0
2025-02-22 00:00:00+00:00,652109.0,1185038.0
2025-02-23 00:00:00+00:00,673471.0,1119166.0
2025-02-24 00:00:00+00:00,653722.0,1304929.0
2025-02-25 00:00:00+00:00,599245.0,1397681.0
2025-02-26 00:00:00+00:00,634182.0,1289180.0
2025-02-27 00:00:00+00:00,628254.0,1302283.0
2025-02-28 00:00:00+00:00,572524.0,1342176.0
2025-03-01 00:00:00+00:00,581077.0,1121214.0
2025-03-02 00:00:00+00:00,634334.0,1142048.0
2025-03-03 00:00:00+00:00,600837.0,1328012.0
2025-03-04 00:00:00+00:00,581765.0,1347191.0
2025-03-05 00:00:00+00:00,648492.0,1273243.0
2025-03-06 00:00:00+00:00,650999.0,1339568.0
2025-03-07 00:00:00+00:00,584152.0,1277137.0
2025-03-08 00:00:00+00:00,614600.0,1097056.0
2025-03-09 00:00:00+00:00,616335.0,1123093.0
2025-03-10 00:00:00+00:00,573333.0,1283100.0
2025-03-11 00:00:00+00:00,560914.0,1311724.0
2025-03-12 00:00:00+00:00,586370.0,1221476.0
2025-03-13 00:00:00+00:00,607478.0,1183406.0
2025-03-14 00:00:00+00:00,624019.0,1165047.0
2025-03-15 00:00:00+00:00,699041.0,1002601.0
2025-03-16 00:00:00+00:00,616135.0,971166.0
2025-03-17 00:00:00+00:00,616869.0,1139344.0
2025-03-18 00:00:00+00:00,621708.0,1165679.0
2025-03-19 00:00:00+00:00,615315.0,1211649.0
2025-03-20 00:00:00+00:00,629660.0,1210998.0
2025-03-21 00:00:00+00:00,653476.0,1117996.0
2025-03-22 00:00:00+00:00,688574.0,1047954.0
2025-03-23 00:00:00+00:00,644387.0,979935.0
2025-03-24 00:00:00+00:00,567021.0,1227168.0
2025-03-25 00:00:00+00:00,599874.0,1243357.0
2025-03-26 00:00:00+00:00,625606.0,1306796.0
2025-03-27 00:00:00+00:00,604866.0,1280595.0
2025-03-28 00:00:00+00:00,565035.0,1296364.0
2025-03-29 00:00:00+00:00,538941.0,1128659.0
2025-03-30 00:00:00+00:00,573805.0,1062800.0
2025-03-31 00:00:00+00:00,534039.0,1317669.0
2025-04-01 00:00:00+00:00,545849.0,1300318.0
2025-04-02 00:00:00+00:00,535608.0,1302159.0
2025-04-03 00:00:00+00:00,567408.0,1292692.0
2025-04-04 00:00:00+00:00,578300.0,1256395.0
2025-04-05 00:00:00+00:00,650544.0,1068681.0
2025-04-06 00:00:00+00:00,567708.0,1113030.0
2025-04-07 00:00:00+00:00,634899.0,1433231.0
2025-04-08 00:00:00+00:00,651117.0,1428053.0
2025-04-09 00:00:00+00:00,638161.0,1426415.0
2025-04-10 00:00:00+00:00,547468.0,1329892.0
2025-04-11 00:00:00+00:00,520203.0,1302595.0
2025-04-12 00:00:00+00:00,549318.0,1169101.0
2025-04-13 00:00:00+00:00,569981.0,1105874.0
2025-04-14 00:00:00+00:00,561545.0,1251733.0
2025-04-15 00:00:00+00:00,583041.0,1238535.0
2025-04-16 00:00:00+00:00,607438.0,1213894.0
2025-04-17 00:00:00+00:00,602395.0,1164340.0
2025-04-18 00:00:00+00:00,602813.0,1117701.0
2025-04-19 00:00:00+00:00,698864.0,1042005.0
2025-04-20 00:00:00+00:00,680519.0,1010667.0
2025-04-21 00:00:00+00:00,577103.0,1184491.0
2025-04-22 00:00:00+00:00,578892.0,1292920.0
2025-04-23 00:00:00+00:00,560731.0,1328925.0
2025-04-24 00:00:00+00:00,513039.0,1245757.0
2025-04-25 00:00:00+00:00,576170.0,1341665.0
2025-04-26 00:00:00+00:00,599602.0,1206780.0
2025-04-27 00:00:00+00:00,582298.0,1118393.0
2025-04-28 00:00:00+00:00,563618.0,1277668.0
2025-04-29 00:00:00+00:00,570943.0,1288148.0
2025-04-30 00:00:00+00:00,602015.0,1296565.0
2025-05-01 00:00:00+00:00,584302.0,1250968.0
2025-05-02 00:00:00+00:00,614894.0,1264375.0
2025-05-03 00:00:00+00:00,669340.0,1085909.0
2025-05-04 00:00:00+00:00,604025.0,1263280.0
2025-05-05 00:00:00+00:00,590450.0,1337825.0
2025-05-06 00:00:00+00:00,586800.0,1278812.0
2025-05-07 00:00:00+00:00,569398.0,1308305.0
2025-05-08 00:00:00+00:00,576847.0,1452571.0
2025-05-09 00:00:00+00:00,600913.0,1437369.0
2025-05-10 00:00:00+00:00,500413.0,1334495.0
2025-05-11 00:00:00+00:00,493699.0,1289814.0
2025-05-12 00:00:00+00:00,544829.0,1383506.0
2025-05-13 00:00:00+00:00,565467.0,1397764.0
2025-05-14 00:00:00+00:00,598472.0,1395009.0
2025-05-15 00:00:00+00:00,605477.0,1422792.0
2025-05-16 00:00:00+00:00,584362.0,1405697.0
2025-05-17 00:00:00+00:00,679394.0,1368235.0
2025-05-18 00:00:00+00:00,619263.0,1238571.0
2025-05-19 00:00:00+00:00,576938.0,1374666.0
2025-05-20 00:00:00+00:00,618164.0,1451264.0
2025-05-21 00:00:00+00:00,596745.0,1385790.0
2025-05-22 00:00:00+00:00,548411.0,1392142.0
2025-05-23 00:00:00+00:00,565438.0,1423961.0
2025-05-24 00:00:00+00:00,569633.0,1240515.0
2025-05-25 00:00:00+00:00,540764.0,1223203.0
2025-05-26 00:00:00+00:00,545198.0,1359517.0
2025-05-27 00:00:00+00:00,537019.0,1404749.0
2025-05-28 00:00:00+00:00,550788.0,1387336.0
2025-05-29 00:00:00+00:00,553779.0,1400670.0
2025-05-30 00:00:00+00:00,584081.0,1500885.0
2025-05-31 00:00:00+00:00,639715.0,1522834.0
2025-06-01 00:00:00+00:00,597460.0,1313002.0
2025-06-02 00:00:00+00:00,594300.0,1417405.0
2025-06-03 00:00:00+00:00,587140.0,1433678.0
2025-06-04 00:00:00+00:00,557098.0,1399775.0
2025-06-05 00:00:00+00:00,550895.0,1419398.0
2025-06-06 00:00:00+00:00,568753.0,1387542.0
2025-06-07 00:00:00+00:00,645229.0,1385771.0
2025-06-08 00:00:00+00:00,635387.0,1361016.0
2025-06-09 00:00:00+00:00,683387.0,1391388.0
2025-06-10 00:00:00+00:00,618005.0,1485125.0
2025-06-11 00:00:00+00:00,613546.0,1450971.0
2025-06-12 00:00:00+00:00,620082.0,1453409.0
2025-06-13 00:00:00+00:00,567310.0,1419247.0
2025-06-14 00:00:00+00:00,648830.0,1325700.0
2025-06-15 00:00:00+00:00,597463.0,1265510.0
2025-06-16 00:00:00+00:00,568812.0,1380852.0
2025-06-17 00:00:00+00:00,611053.0,1432126.0
2025-06-18 00:00:00+00:00,591960.0,1415169.0
2025-06-19 00:00:00+00:00,547969.0,1362756.0
2025-06-20 00:00:00+00:00,558520.0,1360603.0
2025-06-21 00:00:00+00:00,593152.0,1307499.0
2025-06-22 00:00:00+00:00,501348.0,1234821.0
2025-06-23 00:00:00+00:00,529187.0,1361464.0
2025-06-24 00:00:00+00:00,631045.0,1572073.0
2025-06-25 00:00:00+00:00,728650.0,1750940.0
2025-06-26 00:00:00+00:00,633814.0,1507750.0
2025-06-27 00:00:00+00:00,595755.0,1391865.0
2025-06-28 00:00:00+00:00,646608.0,1299686.0
2025-06-29 00:00:00+00:00,630826.0,1236650.0
2025-06-30 00:00:00+00:00,571982.0,1427472.0
2025-07-01 00:00:00+00:00,562902.0,1410929.0
2025-07-02 00:00:00+00:00,591077.0,1428483.0
2025-07-03 00:00:00+00:00,603372.0,1453269.0
2025-07-04 00:00:00+00:00,641639.0,1451984.0
2025-07-05 00:00:00+00:00,624984.0,1277897.0
2025-07-06 00:00:00+00:00,605772.0,1230437.0
2025-07-07 00:00:00+00:00,605963.0,1449589.0
2025-07-08 00:00:00+00:00,610652.0,1475362.0
2025-07-09 00:00:00+00:00,588717.0,1463328.0
2025-07-10 00:00:00+00:00,599545.0,1506901.0
2025-07-11 00:00:00+00:00,605839.0,1512506.0
2025-07-12 00:00:00+00:00,659420.0,1404234.0
2025-07-13 00:00:00+00:00,635664.0,1312482.0
2025-07-14 00:00:00+00:00,562169.0,1478503.0
2025-07-15 00:00:00+00:00,571938.0,1465254.0
2025-07-16 00:00:00+00:00,597741.0,1488281.0
2025-07-17 00:00:00+00:00,624057.0,1493699.0
2025-07-18 00:00:00+00:00,648715.0,1517614.0
2025-07-19 00:00:00+00:00,630980.0,1408928.0
2025-07-20 00:00:00+00:00,595222.0,1412561.0
2025-07-21 00:00:00+00:00,657686.0,1605423.0
2025-07-22 00:00:00+00:00,676888.0,1649941.0
2025-07-23 00:00:00+00:00,646492.0,1616678.0
2025-07-24 00:00:00+00:00,666804.0,1645615.0
2025-07-25 00:00:00+00:00,699650.0,1645045.0
2025-07-26 00:00:00+00:00,747490.0,1432233.0
2025-07-27 00:00:00+00:00,723786.0,1478332.0
2025-07-28 00:00:00+00:00,661817.0,1611473.0
2025-07-29 00:00:00+00:00,742843.0,1713649.0
2025-07-30 00:00:00+00:00,937809.0,1820997.0
2025-07-31 00:00:00+00:00,927593.0,1808183.0
2025-08-01 00:00:00+00:00,773917.0,1758669.0
2025-08-02 00:00:00+00:00,741189.0,1642346.0
2025-08-03 00:00:00+00:00,768049.0,1515955.0
2025-08-04 00:00:00+00:00,757996.0,1728290.0
2025-08-05 00:00:00+00:00,767010.0,1878031.0
2025-08-06 00:00:00+00:00,743146.0,1833756.0
2025-08-07 00:00:00+00:00,750439.0,1766308.0
2025-08-08 00:00:00+00:00,729403.0,1711850.0
2025-08-09 00:00:00+00:00,706918.0,1645152.0
2025-08-10 00:00:00+00:00,735445.0,1670117.0
2025-08-11 00:00:00+00:00,713282.0,1723347.0
2025-08-12 00:00:00+00:00,745456.0,1740117.0
2025-08-13 00:00:00+00:00,754817.0,1798606.0
2025-08-14 00:00:00+00:00,744255.0,1760523.0
2025-08-15 00:00:00+00:00,768519.0,1719513.0
2025-08-16 00:00:00+00:00,810398.0,1533046.0
2025-08-17 00:00:00+00:00,768329.0,1532247.0
2025-08-18 00:00:00+00:00,731006.0,1706017.0
2025-08-19 00:00:00+00:00,720416.0,1713301.0
2025-08-20 00:00:00+00:00,727938.0,1696970.0
2025-08-21 00:00:00+00:00,708788.0,1678588.0
2025-08-22 00:00:00+00:00,732944.0,1673545.0
2025-08-23 00:00:00+00:00,760979.0,1615078.0
2025-08-24 00:00:00+00:00,746244.0,1565111.0
2025-08-25 00:00:00+00:00,697653.0,1632504.0
2025-08-26 00:00:00+00:00,660167.0,1599674.0
2025-08-27 00:00:00+00:00,620154.0,1525228.0
2025-08-28 00:00:00+00:00,688849.0,1629739.0
2025-08-29 00:00:00+00:00,725037.0,1715662.0
2025-08-30 00:00:00+00:00,739460.0,1483406.0
2025-08-31 00:00:00+00:00,745961.0,1577838.0
2025-09-01 00:00:00+00:00,700659.0,1692093.0
2025-09-02 00:00:00+00:00,754357.0,1721464.0
2025-09-03 00:00:00+00:00,688264.0,1646923.0
2025-09-04 00:00:00+00:00,685311.0,1651304.0
2025-09-05 00:00:00+00:00,700882.0,1644011.0
2025-09-06 00:00:00+00:00,640023.0,1418127.0
2025-09-07 00:00:00+00:00,658528.0,1339101.0
2025-09-08 00:00:00+00:00,719927.0,1633704.0
2025-09-09 00:00:00+00:00,716547.0,1678636.0
2025-09-10 00:00:00+00:00,726546.0,1687034.0
2025-09-11 00:00:00+00:00,735425.0,1709635.0
2025-09-12 00:00:00+00:00,739390.0,1753023.0
2025-09-13 00:00:00+00:00,723144.0,1637457.0
2025-09-14 00:00:00+00:00,719519.0,1518453.0
2025-09-15 00:00:00+00:00,745718.0,1675545.0
2025-09-16 00:00:00+00:00,756644.0,1801312.0
2025-09-17 00:00:00+00:00,715362.0,1687103.0
2025-09-18 00:00:00+00:00,801787.0,1843631.0
2025-09-19 00:00:00+00:00,736420.0,1721377.0
2025-09-20 00:00:00+00:00,718542.0,1589396.0
2025-09-21 00:00:00+00:00,763923.0,1418164.0
2025-09-22 00:00:00+00:00,669098.0,1588927.0
2025-09-23 00:00:00+00:00,709674.0,1688051.0
2025-09-24 00:00:00+00:00,658722.0,1597810.0
2025-09-25 00:00:00+00:00,589890.0,1624004.0
2025-09-26 00:00:00+00:00,647829.0,1638605.0
2025-09-27 00:00:00+00:00,624741.0,1427746.0
2025-09-28 00:00:00+00:00,677304.0,1404703.0
2025-09-29 00:00:00+00:00,671334.0,1703608.0
2025-09-30 00:00:00+00:00,700023.0,1755868.0
2025-10-01 00:00:00+00:00,742484.0,1704159.0
2025-10-02 00:00:00+00:00,690586.0,1788467.0
2025-10-03 00:00:00+00:00,708326.0,1634980.0
2025-10-04 00:00:00+00:00,790083.0,1390296.0
2025-10-05 00:00:00+00:00,702869.0,1387207.0
2025-10-06 00:00:00+00:00,739794.0,1576776.0
2025-10-07 00:00:00+00:00,690739.0,1595109.0
2025-10-08 00:00:00+00:00,695551.0,1616085.0
2025-10-09 00:00:00+00:00,675186.0,1594069.0
2025-10-10 00:00:00+00:00,666821.0,1626874.0
2025-10-11 00:00:00+00:00,639474.0,1647316.0
2025-10-12 00:00:00+00:00,691495.0,1480041.0
2025-10-13 00:00:00+00:00,672710.0,1580074.0
2025-10-14 00:00:00+00:00,652820.0,1571829.0
2025-10-15 00:00:00+00:00,755770.0,1634250.0
2025-10-16 00:00:00+00:00,696528.0,1569376.0
2025-10-17 00:00:00+00:00,718971.0,1649015.0
2025-10-18 00:00:00+00:00,1082455.0,1357463.0
2025-10-19 00:00:00+00:00,1038730.0,1276777.0
2025-10-20 00:00:00+00:00,712270.0,1454607.0
2025-10-21 00:00:00+00:00,745734.0,1561160.0
2025-10-22 00:00:00+00:00,721508.0,1545336.0
2025-10-23 00:00:00+00:00,744666.0,1571959.0
2025-10-24 00:00:00+00:00,713773.0,1567092.0
2025-10-25 00:00:00+00:00,760625.0,1310607.0
2025-10-26 00:00:00+00:00,818357.0,1268621.0
2025-10-27 00:00:00+00:00,749297.0,1592425.0
2025-10-28 00:00:00+00:00,716806.0,1644088.0
2025-10-29 00:00:00+00:00,667632.0,1562100.0
2025-10-30 00:00:00+00:00,640378.0,1613405.0
2025-10-31 00:00:00+00:00,734635.0,1639231.0
2025-11-01 00:00:00+00:00,795039.0,1360364.0
2025-11-02 00:00:00+00:00,733519.0,1440048.0
2025-11-03 00:00:00+00:00,646200.0,1582519.0
2025-11-04 00:00:00+00:00,636651.0,1613463.0
2025-11-05 00:00:00+00:00,643948.0,1575784.0
2025-11-06 00:00:00+00:00,643147.0,1649380.0
2025-11-07 00:00:00+00:00,654646.0,1586398.0
2025-11-08 00:00:00+00:00,769665.0,1491639.0
2025-11-09 00:00:00+00:00,748910.0,1458302.0
2025-11-10 00:00:00+00:00,655838.0,1575024.0
2025-11-11 00:00:00+00:00,620692.0,1526371.0
2025-11-12 00:00:00+00:00,620057.0,1455050.0
2025-11-13 00:00:00+00:00,619058.0,1519021.0
2025-11-14 00:00:00+00:00,652720.0,1604455.0
2025-11-15 00:00:00+00:00,811416.0,1484873.0
2025-11-16 00:00:00+00:00,666921.0,1373141.0
2025-11-17 00:00:00+00:00,618174.0,1516435.0
2025-11-18 00:00:00+00:00,612635.0,1518529.0
2025-11-19 00:00:00+00:00,616861.0,1569897.0
2025-11-20 00:00:00+00:00,621631.0,1594628.0
2025-11-21 00:00:00+00:00,588871.0,1533133.0
2025-11-22 00:00:00+00:00,705201.0,1353840.0
2025-11-23 00:00:00+00:00,609077.0,1268889.0
2025-11-24 00:00:00+00:00,598417.0,1434689.0
2025-11-25 00:00:00+00:00,674841.0,1598545.0
2025-11-26 00:00:00+00:00,896568.0,1660505.0
2025-11-27 00:00:00+00:00,1191046.0,1892795.0
2025-11-28 00:00:00+00:00,931800.0,1689025.0
2025-11-29 00:00:00+00:00,1020235.0,1364687.0
2025-11-30 00:00:00+00:00,1012934.0,1380993.0
2025-12-01 00:00:00+00:00,829868.0,1846657.0
2025-12-02 00:00:00+00:00,935509.0,1804162.0
2025-12-03 00:00:00+00:00,951940.0,1852396.0
2025-12-04 00:00:00+00:00,901637.0,1713350.0
2025-12-05 00:00:00+00:00,955747.0,1708608.0
2025-12-06 00:00:00+00:00,922787.0,1444550.0
2025-12-07 00:00:00+00:00,448771.0,1124281.0
2025-12-08 00:00:00+00:00,547371.0,1306645.0
2025-12-09 00:00:00+00:00,608695.0,1463824.0
2025-12-10 00:00:00+00:00,636485.0,1602340.0
